CaseMasterID,ActID,SectionID,ActOrderID,SectionOrderID
1,BNS,309,1,1
1,BNS,305,1,2
2,BNS,318,1,1
2,BNS,331,1,2
2,BNS,316,1,3
3,MV,184,1,1
4,MV,185,1,1
5,BNS,85,1,1
6,EXCISE,32,1,1
6,ARMS,27,1,2
7,BNS,109,1,1
8,BNS,64,1,1
8,BNS,78,1,2
9,BNS,103,1,1
9,BNS,109,1,2
9,BNS,115,1,3
10,BNS,338,1,1
10,IT,66D,1,2
11,BNS,103,1,1
11,BNS,109,1,2
11,BNS,115,1,3
12,BNS,309,1,1
12,BNS,310,1,2
12,BNS,318,1,3
13,BNS,338,1,1
13,BNS,318,1,2
14,BNS,305,1,1
14,BNS,331,1,2
15,BNS,310,1,1
16,BNS,115,1,1
16,BNS,109,1,2
17,EXCISE,32,1,1
17,NDPS,21,1,2
17,NDPS,8,1,3
18,BNS,118,1,1
18,BNS,103,1,2
19,BNS,80,1,1
20,BNS,318,1,1
20,BNS,331,1,2
20,BNS,310,1,3
21,BNS,318,1,1
21,BNS,338,1,2
22,BNS,338,1,1
22,IT,66D,1,2
22,BNS,318,1,3
23,IT,66D,1,1
23,IT,66C,1,2
23,IT,66,1,3
24,BNS,318,1,1
24,BNS,309,1,2
24,BNS,303,1,3
25,BNS,305,1,1
25,BNS,309,1,2
25,BNS,316,1,3
26,BNS,309,1,1
26,BNS,305,1,2
26,BNS,331,1,3
27,BNS,316,1,1
28,BNS,316,1,1
28,BNS,305,1,2
29,BNS,318,1,1
30,BNS,103,1,1
31,BNS,310,1,1
32,MV,184,1,1
33,BNS,316,1,1
33,BNS,305,1,2
33,BNS,318,1,3
34,BNS,118,1,1
34,BNS,105,1,2
34,BNS,109,1,3
35,BNS,331,1,1
36,MV,185,1,1
36,MV,184,1,2
37,BNS,318,1,1
39,BNS,78,1,1
39,BNS,74,1,2
39,BNS,85,1,3
40,BNS,338,1,1
40,BNS,318,1,2
41,BNS,80,1,1
41,BNS,74,1,2
42,IT,66D,1,1
42,BNS,338,1,2
43,IT,66,1,1
43,IT,66C,1,2
43,IT,66D,1,3
44,BNS,316,1,1
44,BNS,309,1,2
45,MV,184,1,1
45,MV,185,1,2
46,IT,66,1,1
46,IT,66C,1,2
46,IT,66D,1,3
47,BNS,309,1,1
47,BNS,303,1,2
47,BNS,305,1,3
48,BNS,109,1,1
48,BNS,115,1,2
48,BNS,103,1,3
49,BNS,140,1,1
50,EXCISE,32,1,1
50,ARMS,25,1,2
52,BNS,115,1,1
52,BNS,109,1,2
53,BNS,105,1,1
54,BNS,303,1,1
54,BNS,318,1,2
54,BNS,316,1,3
55,BNS,310,1,1
55,BNS,309,1,2
55,BNS,303,1,3
56,BNS,303,1,1
57,MV,185,1,1
57,MV,184,1,2
58,BNS,305,1,1
58,BNS,331,1,2
58,BNS,303,1,3
59,BNS,318,1,1
59,IT,66D,1,2
60,MV,184,1,1
60,MV,185,1,2
61,BNS,103,1,1
62,BNS,118,1,1
62,BNS,115,1,2
62,BNS,105,1,3
64,ARMS,25,1,1
65,ARMS,25,1,1
65,NDPS,20,1,2
65,ARMS,27,1,3
66,BNS,318,1,1
67,MV,184,1,1
67,MV,185,1,2
68,BNS,316,1,1
68,BNS,309,1,2
69,BNS,64,1,1
69,BNS,85,1,2
69,BNS,78,1,3
70,BNS,105,1,1
70,BNS,103,1,2
71,MV,184,1,1
71,MV,185,1,2
72,BNS,85,1,1
72,BNS,64,1,2
72,BNS,74,1,3
73,BNS,74,1,1
74,BNS,316,1,1
75,BNS,305,1,1
75,BNS,309,1,2
75,BNS,303,1,3
76,IT,66D,1,1
76,IT,66,1,2
77,BNS,318,1,1
78,MV,184,1,1
79,BNS,305,1,1
79,BNS,331,1,2
79,BNS,316,1,3
80,IT,66D,1,1
80,IT,66,1,2
81,BNS,331,1,1
81,BNS,309,1,2
82,BNS,118,1,1
82,BNS,103,1,2
83,MV,185,1,1
83,MV,184,1,2
84,BNS,338,1,1
84,IT,66D,1,2
84,BNS,318,1,3
85,BNS,316,1,1
86,BNS,189,1,1
86,BNS,112,1,2
89,BNS,105,1,1
90,BNS,78,1,1
90,BNS,64,1,2
91,BNS,80,1,1
91,BNS,140,1,2
91,BNS,74,1,3
92,MV,184,1,1
92,MV,185,1,2
93,BNS,118,1,1
94,BNS,331,1,1
94,BNS,316,1,2
95,MV,185,1,1
95,MV,184,1,2
96,BNS,303,1,1
96,BNS,316,1,2
96,BNS,318,1,3
97,BNS,115,1,1
98,BNS,318,1,1
98,BNS,338,1,2
99,BNS,351,1,1
99,BNS,196,1,2
99,BNS,112,1,3
100,BNS,189,1,1
100,BNS,111,1,2
100,BNS,196,1,3
101,BNS,191,1,1
101,BNS,111,1,2
102,BNS,318,1,1
103,MV,185,1,1
103,MV,184,1,2
104,BNS,318,1,1
104,BNS,310,1,2
104,BNS,303,1,3
105,BNS,310,1,1
105,BNS,318,1,2
106,BNS,103,1,1
107,BNS,310,1,1
108,BNS,118,1,1
108,BNS,103,1,2
110,MV,184,1,1
110,MV,185,1,2
111,BNS,310,1,1
111,BNS,303,1,2
112,BNS,316,1,1
112,BNS,318,1,2
113,BNS,303,1,1
113,BNS,305,1,2
114,BNS,318,1,1
115,BNS,318,1,1
116,EXCISE,32,1,1
116,NDPS,8,1,2
117,BNS,338,1,1
117,BNS,318,1,2
118,BNS,74,1,1
119,BNS,305,1,1
120,MV,185,1,1
120,MV,184,1,2
121,MV,185,1,1
122,BNS,338,1,1
122,BNS,318,1,2
122,IT,66D,1,3
123,BNS,85,1,1
123,BNS,80,1,2
123,BNS,64,1,3
124,BNS,310,1,1
124,BNS,316,1,2
124,BNS,303,1,3
125,BNS,318,1,1
125,BNS,303,1,2
126,BNS,103,1,1
127,BNS,103,1,1
127,BNS,115,1,2
127,BNS,118,1,3
128,MV,184,1,1
128,MV,185,1,2
129,BNS,310,1,1
129,BNS,316,1,2
130,BNS,338,1,1
130,IT,66D,1,2
131,BNS,309,1,1
131,BNS,318,1,2
131,BNS,305,1,3
132,BNS,191,1,1
133,IT,66D,1,1
133,BNS,318,1,2
133,BNS,338,1,3
134,BNS,305,1,1
134,BNS,331,1,2
135,BNS,310,1,1
136,BNS,310,1,1
136,BNS,309,1,2
136,BNS,331,1,3
137,MV,185,1,1
138,BNS,118,1,1
139,BNS,318,1,1
140,BNS,316,1,1
141,BNS,305,1,1
141,BNS,303,1,2
142,BNS,103,1,1
142,BNS,109,1,2
142,BNS,118,1,3
143,BNS,189,1,1
143,BNS,191,1,2
144,BNS,305,1,1
145,BNS,78,1,1
145,BNS,74,1,2
146,MV,184,1,1
147,BNS,112,1,1
148,BNS,196,1,1
148,BNS,111,1,2
149,BNS,309,1,1
150,BNS,111,1,1
150,BNS,196,1,2
150,BNS,351,1,3
151,IT,66D,1,1
151,BNS,318,1,2
152,BNS,309,1,1
152,BNS,318,1,2
153,BNS,189,1,1
154,MV,185,1,1
154,MV,184,1,2
155,BNS,331,1,1
155,BNS,318,1,2
155,BNS,305,1,3
156,BNS,305,1,1
158,BNS,305,1,1
159,BNS,316,1,1
159,BNS,309,1,2
159,BNS,305,1,3
160,BNS,303,1,1
160,BNS,305,1,2
160,BNS,316,1,3
161,BNS,318,1,1
161,BNS,303,1,2
161,BNS,316,1,3
162,BNS,318,1,1
163,BNS,331,1,1
164,BNS,331,1,1
164,BNS,303,1,2
164,BNS,305,1,3
165,BNS,318,1,1
166,IT,66,1,1
167,BNS,74,1,1
167,BNS,80,1,2
168,BNS,140,1,1
168,BNS,74,1,2
168,BNS,78,1,3
169,IT,66,1,1
170,POCSO,4,1,1
171,BNS,309,1,1
171,BNS,316,1,2
172,BNS,305,1,1
173,BNS,318,1,1
174,BNS,318,1,1
174,BNS,338,1,2
174,IT,66D,1,3
175,BNS,303,1,1
176,BNS,78,1,1
176,BNS,140,1,2
176,BNS,74,1,3
177,BNS,310,1,1
177,BNS,318,1,2
177,BNS,309,1,3
178,BNS,115,1,1
178,BNS,105,1,2
178,BNS,103,1,3
179,BNS,74,1,1
179,BNS,140,1,2
179,BNS,64,1,3
180,IT,66D,1,1
180,BNS,318,1,2
181,BNS,318,1,1
182,BNS,331,1,1
182,BNS,305,1,2
182,BNS,310,1,3
183,NDPS,21,1,1
183,EXCISE,32,1,2
183,ARMS,27,1,3
184,BNS,303,1,1
184,BNS,318,1,2
185,BNS,318,1,1
187,BNS,309,1,1
189,BNS,305,1,1
190,BNS,112,1,1
190,BNS,111,1,2
192,BNS,305,1,1
192,BNS,310,1,2
193,IT,66D,1,1
193,IT,66,1,2
193,IT,66C,1,3
194,BNS,305,1,1
195,IT,66,1,1
195,IT,66D,1,2
195,IT,66C,1,3
196,BNS,103,1,1
197,BNS,303,1,1
197,BNS,331,1,2
197,BNS,318,1,3
198,BNS,78,1,1
198,BNS,74,1,2
199,BNS,351,1,1
199,BNS,189,1,2
199,BNS,191,1,3
200,MV,185,1,1
200,MV,184,1,2
201,NDPS,8,1,1
202,BNS,310,1,1
203,BNS,316,1,1
203,BNS,318,1,2
204,MV,184,1,1
204,MV,185,1,2
205,BNS,309,1,1
206,BNS,140,1,1
206,BNS,80,1,2
206,BNS,74,1,3
207,BNS,318,1,1
207,BNS,338,1,2
207,IT,66D,1,3
208,MV,185,1,1
209,MV,185,1,1
209,MV,184,1,2
210,ARMS,27,1,1
210,NDPS,21,1,2
210,EXCISE,32,1,3
211,BNS,309,1,1
211,BNS,331,1,2
213,BNS,109,1,1
214,BNS,316,1,1
215,NDPS,20,1,1
216,BNS,338,1,1
216,IT,66D,1,2
216,BNS,318,1,3
217,BNS,105,1,1
217,BNS,115,1,2
218,BNS,318,1,1
218,BNS,309,1,2
219,ARMS,25,1,1
219,NDPS,21,1,2
220,BNS,310,1,1
220,BNS,331,1,2
222,BNS,111,1,1
223,MV,184,1,1
224,BNS,318,1,1
225,MV,184,1,1
226,BNS,318,1,1
226,BNS,310,1,2
226,BNS,305,1,3
227,BNS,305,1,1
227,BNS,310,1,2
228,BNS,310,1,1
228,BNS,316,1,2
229,BNS,303,1,1
229,BNS,316,1,2
230,ARMS,27,1,1
231,BNS,118,1,1
231,BNS,105,1,2
231,BNS,115,1,3
232,BNS,103,1,1
232,BNS,115,1,2
233,BNS,316,1,1
233,BNS,309,1,2
233,BNS,310,1,3
234,NDPS,8,1,1
235,BNS,318,1,1
235,BNS,338,1,2
236,BNS,303,1,1
236,BNS,305,1,2
237,BNS,316,1,1
237,BNS,309,1,2
237,BNS,310,1,3
238,BNS,318,1,1
238,BNS,338,1,2
241,IT,66D,1,1
242,BNS,309,1,1
242,BNS,318,1,2
243,BNS,318,1,1
243,BNS,310,1,2
243,BNS,303,1,3
244,BNS,318,1,1
245,BNS,112,1,1
246,BNS,318,1,1
246,IT,66D,1,2
247,BNS,74,1,1
248,BNS,318,1,1
248,BNS,338,1,2
249,BNS,318,1,1
250,BNS,78,1,1
250,BNS,140,1,2
250,BNS,74,1,3
251,BNS,64,1,1
251,BNS,74,1,2
251,BNS,80,1,3
252,BNS,318,1,1
252,BNS,309,1,2
252,BNS,305,1,3
253,BNS,109,1,1
254,NDPS,21,1,1
254,NDPS,20,1,2
255,EXCISE,32,1,1
256,MV,185,1,1
257,BNS,303,1,1
257,BNS,309,1,2
257,BNS,331,1,3
258,BNS,318,1,1
259,MV,185,1,1
259,MV,184,1,2
260,PC,7,1,1
261,BNS,331,1,1
262,BNS,331,1,1
263,BNS,351,1,1
264,ARMS,27,1,1
264,NDPS,20,1,2
265,BNS,309,1,1
266,BNS,118,1,1
267,BNS,305,1,1
267,BNS,318,1,2
268,BNS,338,1,1
270,BNS,318,1,1
271,IT,66,1,1
271,IT,66C,1,2
271,IT,66D,1,3
272,BNS,309,1,1
272,BNS,318,1,2
273,NDPS,20,1,1
273,ARMS,25,1,2
274,BNS,303,1,1
274,BNS,331,1,2
274,BNS,310,1,3
275,BNS,318,1,1
276,BNS,310,1,1
276,BNS,331,1,2
276,BNS,318,1,3
277,BNS,305,1,1
277,BNS,316,1,2
278,BNS,80,1,1
278,BNS,64,1,2
278,BNS,74,1,3
279,BNS,318,1,1
279,BNS,331,1,2
280,ARMS,27,1,1
280,NDPS,20,1,2
280,EXCISE,32,1,3
281,BNS,338,1,1
281,IT,66D,1,2
281,BNS,318,1,3
282,BNS,103,1,1
282,BNS,109,1,2
283,NDPS,8,1,1
283,ARMS,27,1,2
283,NDPS,21,1,3
284,BNS,331,1,1
285,BNS,316,1,1
285,BNS,309,1,2
286,BNS,78,1,1
286,BNS,85,1,2
286,BNS,64,1,3
287,BNS,309,1,1
287,BNS,318,1,2
287,BNS,316,1,3
288,BNS,316,1,1
288,BNS,331,1,2
288,BNS,318,1,3
289,BNS,305,1,1
290,IT,66D,1,1
291,POCSO,8,1,1
291,BNS,140,1,2
292,BNS,303,1,1
292,BNS,305,1,2
293,BNS,318,1,1
294,BNS,310,1,1
295,MV,185,1,1
296,MV,185,1,1
296,MV,184,1,2
297,BNS,351,1,1
298,BNS,303,1,1
298,BNS,310,1,2
299,POCSO,8,1,1
299,BNS,140,1,2
299,POCSO,4,1,3
301,IT,66D,1,1
301,BNS,318,1,2
302,NDPS,21,1,1
302,ARMS,27,1,2
303,BNS,305,1,1
303,BNS,318,1,2
304,BNS,310,1,1
305,MV,184,1,1
306,ARMS,25,1,1
307,BNS,309,1,1
307,BNS,318,1,2
308,ARMS,25,1,1
308,NDPS,8,1,2
308,NDPS,20,1,3
309,BNS,310,1,1
310,BNS,80,1,1
310,BNS,64,1,2
311,BNS,318,1,1
311,BNS,303,1,2
311,BNS,316,1,3
312,IT,66D,1,1
313,IT,66D,1,1
314,BNS,115,1,1
314,BNS,118,1,2
314,BNS,105,1,3
315,BNS,310,1,1
317,IT,66D,1,1
317,BNS,318,1,2
317,BNS,338,1,3
318,BNS,140,1,1
318,BNS,80,1,2
319,BNS,310,1,1
320,BNS,303,1,1
320,BNS,318,1,2
321,BNS,115,1,1
321,BNS,118,1,2
322,BNS,74,1,1
322,BNS,78,1,2
323,BNS,351,1,1
323,BNS,112,1,2
324,BNS,309,1,1
324,BNS,316,1,2
325,BNS,74,1,1
326,ARMS,25,1,1
326,NDPS,21,1,2
327,BNS,331,1,1
328,BNS,105,1,1
328,BNS,115,1,2
329,BNS,310,1,1
329,BNS,316,1,2
330,BNS,74,1,1
330,BNS,140,1,2
330,BNS,64,1,3
331,BNS,305,1,1
331,BNS,310,1,2
332,BNS,85,1,1
333,BNS,316,1,1
333,BNS,331,1,2
333,BNS,310,1,3
334,ARMS,27,1,1
334,ARMS,25,1,2
335,BNS,309,1,1
335,BNS,310,1,2
335,BNS,316,1,3
336,IT,66D,1,1
337,ARMS,25,1,1
338,BNS,103,1,1
338,BNS,105,1,2
339,BNS,305,1,1
339,BNS,303,1,2
339,BNS,331,1,3
340,MV,184,1,1
340,MV,185,1,2
341,NDPS,20,1,1
341,ARMS,27,1,2
341,NDPS,21,1,3
343,BNS,191,1,1
344,POCSO,8,1,1
344,POCSO,4,1,2
345,IT,66,1,1
345,IT,66C,1,2
346,ARMS,27,1,1
347,BNS,140,1,1
347,BNS,74,1,2
347,BNS,85,1,3
348,BNS,316,1,1
349,IT,66D,1,1
349,BNS,338,1,2
350,BNS,105,1,1
350,BNS,115,1,2
350,BNS,118,1,3
351,BNS,331,1,1
351,BNS,316,1,2
351,BNS,303,1,3
352,BNS,118,1,1
353,BNS,305,1,1
353,BNS,309,1,2
353,BNS,303,1,3
354,BNS,303,1,1
355,BNS,305,1,1
355,BNS,331,1,2
356,BNS,310,1,1
356,BNS,309,1,2
358,BNS,309,1,1
358,BNS,303,1,2
358,BNS,331,1,3
359,BNS,191,1,1
359,BNS,111,1,2
360,BNS,310,1,1
361,BNS,310,1,1
361,BNS,318,1,2
361,BNS,331,1,3
362,BNS,115,1,1
362,BNS,105,1,2
363,BNS,318,1,1
364,BNS,109,1,1
364,BNS,103,1,2
364,BNS,118,1,3
365,MV,184,1,1
365,MV,185,1,2
366,BNS,331,1,1
366,BNS,309,1,2
366,BNS,303,1,3
367,MV,184,1,1
367,MV,185,1,2
368,BNS,118,1,1
368,BNS,109,1,2
368,BNS,115,1,3
369,BNS,64,1,1
369,BNS,74,1,2
369,BNS,78,1,3
370,BNS,316,1,1
370,BNS,331,1,2
370,BNS,309,1,3
371,BNS,64,1,1
371,BNS,74,1,2
372,BNS,74,1,1
372,BNS,78,1,2
373,BNS,316,1,1
373,BNS,331,1,2
374,BNS,351,1,1
374,BNS,112,1,2
374,BNS,191,1,3
375,BNS,309,1,1
376,BNS,305,1,1
377,POCSO,4,1,1
377,BNS,140,1,2
377,POCSO,8,1,3
378,BNS,109,1,1
378,BNS,118,1,2
379,BNS,105,1,1
379,BNS,115,1,2
380,BNS,309,1,1
381,BNS,191,1,1
382,BNS,316,1,1
383,BNS,318,1,1
384,BNS,316,1,1
384,BNS,305,1,2
384,BNS,318,1,3
385,BNS,316,1,1
385,BNS,309,1,2
386,NDPS,20,1,1
386,ARMS,25,1,2
386,NDPS,8,1,3
387,BNS,118,1,1
387,BNS,109,1,2
388,BNS,105,1,1
389,BNS,318,1,1
389,BNS,303,1,2
390,BNS,318,1,1
390,BNS,303,1,2
391,BNS,338,1,1
391,IT,66D,1,2
392,MV,185,1,1
393,BNS,103,1,1
393,BNS,118,1,2
393,BNS,109,1,3
394,MV,185,1,1
394,MV,184,1,2
395,BNS,111,1,1
396,BNS,305,1,1
397,MV,185,1,1
397,MV,184,1,2
398,BNS,74,1,1
398,BNS,64,1,2
399,IT,66D,1,1
399,IT,66,1,2
399,IT,66C,1,3
400,BNS,303,1,1
400,BNS,309,1,2
400,BNS,331,1,3
401,MV,184,1,1
402,BNS,196,1,1
402,BNS,112,1,2
403,BNS,85,1,1
403,BNS,140,1,2
403,BNS,78,1,3
404,PC,7,1,1
405,BNS,338,1,1
405,IT,66D,1,2
406,BNS,109,1,1
407,BNS,310,1,1
407,BNS,303,1,2
407,BNS,316,1,3
408,BNS,189,1,1
408,BNS,112,1,2
408,BNS,196,1,3
409,MV,185,1,1
410,IT,66D,1,1
411,BNS,305,1,1
411,BNS,303,1,2
411,BNS,309,1,3
412,BNS,78,1,1
412,BNS,85,1,2
412,BNS,64,1,3
413,BNS,303,1,1
413,BNS,309,1,2
414,BNS,103,1,1
415,BNS,74,1,1
415,BNS,78,1,2
416,BNS,303,1,1
417,BNS,338,1,1
418,IT,66,1,1
419,BNS,318,1,1
420,POCSO,8,1,1
420,POCSO,4,1,2
420,BNS,140,1,3
421,BNS,316,1,1
421,BNS,309,1,2
422,IT,66D,1,1
422,BNS,318,1,2
422,BNS,338,1,3
423,BNS,331,1,1
423,BNS,303,1,2
424,POCSO,4,1,1
424,BNS,140,1,2
424,POCSO,8,1,3
425,BNS,191,1,1
425,BNS,111,1,2
426,BNS,112,1,1
426,BNS,351,1,2
427,IT,66,1,1
427,IT,66D,1,2
427,IT,66C,1,3
428,BNS,351,1,1
428,BNS,111,1,2
429,BNS,305,1,1
429,BNS,303,1,2
429,BNS,316,1,3
430,MV,184,1,1
431,BNS,303,1,1
431,BNS,331,1,2
432,BNS,309,1,1
433,BNS,118,1,1
433,BNS,109,1,2
434,MV,184,1,1
434,MV,185,1,2
435,BNS,78,1,1
436,BNS,331,1,1
436,BNS,303,1,2
437,ARMS,27,1,1
438,BNS,338,1,1
438,BNS,318,1,2
438,IT,66D,1,3
439,BNS,316,1,1
439,BNS,310,1,2
440,BNS,118,1,1
440,BNS,109,1,2
440,BNS,105,1,3
441,BNS,318,1,1
442,BNS,338,1,1
442,BNS,318,1,2
442,IT,66D,1,3
443,ARMS,25,1,1
443,NDPS,20,1,2
444,BNS,316,1,1
445,BNS,305,1,1
446,MV,184,1,1
447,BNS,74,1,1
448,BNS,338,1,1
448,BNS,318,1,2
448,IT,66D,1,3
449,BNS,310,1,1
449,BNS,305,1,2
450,BNS,318,1,1
450,BNS,338,1,2
451,BNS,351,1,1
452,BNS,196,1,1
452,BNS,111,1,2
454,BNS,318,1,1
455,BNS,318,1,1
455,BNS,338,1,2
456,BNS,303,1,1
456,BNS,309,1,2
457,BNS,309,1,1
458,BNS,64,1,1
458,BNS,85,1,2
459,IT,66D,1,1
459,BNS,338,1,2
459,BNS,318,1,3
460,MV,185,1,1
460,MV,184,1,2
461,BNS,85,1,1
461,BNS,80,1,2
461,BNS,78,1,3
462,BNS,109,1,1
463,MV,184,1,1
464,MV,185,1,1
465,MV,185,1,1
466,NDPS,8,1,1
467,PC,7,1,1
468,IT,66,1,1
468,IT,66D,1,2
468,IT,66C,1,3
469,BNS,196,1,1
470,BNS,105,1,1
470,BNS,115,1,2
471,BNS,196,1,1
471,BNS,189,1,2
471,BNS,111,1,3
472,BNS,85,1,1
472,BNS,74,1,2
472,BNS,140,1,3
473,BNS,331,1,1
474,BNS,331,1,1
474,BNS,303,1,2
474,BNS,316,1,3
475,BNS,305,1,1
477,BNS,310,1,1
477,BNS,305,1,2
478,BNS,115,1,1
478,BNS,103,1,2
478,BNS,109,1,3
479,BNS,316,1,1
479,BNS,331,1,2
479,BNS,310,1,3
481,NDPS,20,1,1
481,NDPS,21,1,2
481,EXCISE,32,1,3
482,MV,185,1,1
483,BNS,331,1,1
483,BNS,316,1,2
483,BNS,305,1,3
484,BNS,109,1,1
484,BNS,118,1,2
484,BNS,115,1,3
485,MV,184,1,1
485,MV,185,1,2
486,MV,185,1,1
486,MV,184,1,2
487,NDPS,20,1,1
488,BNS,318,1,1
488,BNS,331,1,2
488,BNS,305,1,3
489,MV,185,1,1
489,MV,184,1,2
490,BNS,303,1,1
490,BNS,316,1,2
490,BNS,305,1,3
491,BNS,309,1,1
492,BNS,85,1,1
493,MV,185,1,1
494,BNS,74,1,1
494,BNS,64,1,2
495,IT,66D,1,1
495,BNS,338,1,2
495,BNS,318,1,3
496,BNS,318,1,1
496,BNS,309,1,2
497,BNS,318,1,1
497,IT,66D,1,2
497,BNS,338,1,3
498,BNS,103,1,1
499,BNS,316,1,1
500,BNS,316,1,1
501,BNS,318,1,1
502,IT,66D,1,1
502,BNS,338,1,2
503,BNS,309,1,1
503,BNS,331,1,2
503,BNS,316,1,3
504,BNS,305,1,1
504,BNS,310,1,2
504,BNS,309,1,3
505,BNS,191,1,1
505,BNS,189,1,2
505,BNS,111,1,3
506,BNS,338,1,1
506,IT,66D,1,2
506,BNS,318,1,3
507,BNS,64,1,1
507,BNS,85,1,2
508,ARMS,25,1,1
508,EXCISE,32,1,2
508,NDPS,20,1,3
509,BNS,64,1,1
510,MV,185,1,1
511,BNS,303,1,1
512,NDPS,20,1,1
513,BNS,305,1,1
513,BNS,303,1,2
513,BNS,316,1,3
514,BNS,303,1,1
514,BNS,331,1,2
514,BNS,310,1,3
515,BNS,140,1,1
515,POCSO,8,1,2
516,IT,66D,1,1
516,IT,66,1,2
517,BNS,316,1,1
518,BNS,318,1,1
519,IT,66C,1,1
519,IT,66D,1,2
520,BNS,305,1,1
521,MV,185,1,1
521,MV,184,1,2
522,NDPS,8,1,1
523,BNS,303,1,1
523,BNS,309,1,2
523,BNS,310,1,3
524,BNS,316,1,1
525,BNS,318,1,1
526,EXCISE,32,1,1
526,ARMS,27,1,2
527,BNS,103,1,1
527,BNS,115,1,2
528,BNS,338,1,1
528,IT,66D,1,2
529,BNS,105,1,1
529,BNS,103,1,2
530,BNS,303,1,1
531,BNS,64,1,1
531,BNS,140,1,2
532,MV,185,1,1
532,MV,184,1,2
533,BNS,105,1,1
534,BNS,309,1,1
534,BNS,310,1,2
535,BNS,310,1,1
536,BNS,303,1,1
537,MV,185,1,1
537,MV,184,1,2
538,BNS,351,1,1
538,BNS,111,1,2
539,BNS,115,1,1
539,BNS,105,1,2
540,MV,185,1,1
540,MV,184,1,2
541,BNS,316,1,1
541,BNS,303,1,2
542,MV,184,1,1
542,MV,185,1,2
543,MV,184,1,1
544,BNS,115,1,1
545,BNS,191,1,1
546,BNS,118,1,1
547,ARMS,27,1,1
548,ARMS,27,1,1
548,NDPS,8,1,2
548,NDPS,21,1,3
549,BNS,196,1,1
549,BNS,112,1,2
549,BNS,189,1,3
550,BNS,331,1,1
550,BNS,303,1,2
551,BNS,318,1,1
551,BNS,310,1,2
551,BNS,331,1,3
552,BNS,318,1,1
552,BNS,338,1,2
553,BNS,338,1,1
553,IT,66D,1,2
554,BNS,318,1,1
555,IT,66,1,1
555,IT,66D,1,2
556,BNS,318,1,1
556,BNS,310,1,2
557,MV,184,1,1
557,MV,185,1,2
558,BNS,351,1,1
558,BNS,196,1,2
558,BNS,112,1,3
559,BNS,305,1,1
559,BNS,331,1,2
560,BNS,78,1,1
561,BNS,310,1,1
561,BNS,305,1,2
562,BNS,189,1,1
562,BNS,111,1,2
562,BNS,351,1,3
563,NDPS,8,1,1
563,EXCISE,32,1,2
564,NDPS,20,1,1
564,NDPS,21,1,2
565,MV,185,1,1
565,MV,184,1,2
566,MV,185,1,1
567,BNS,78,1,1
567,BNS,64,1,2
568,BNS,80,1,1
569,BNS,118,1,1
569,BNS,103,1,2
569,BNS,109,1,3
570,NDPS,21,1,1
570,NDPS,8,1,2
571,IT,66D,1,1
571,BNS,318,1,2
572,BNS,310,1,1
573,BNS,316,1,1
574,BNS,318,1,1
574,BNS,303,1,2
575,BNS,318,1,1
576,BNS,318,1,1
576,BNS,338,1,2
577,BNS,331,1,1
577,BNS,310,1,2
577,BNS,316,1,3
578,BNS,303,1,1
578,BNS,310,1,2
579,BNS,191,1,1
579,BNS,112,1,2
579,BNS,196,1,3
580,NDPS,21,1,1
581,MV,185,1,1
581,MV,184,1,2
582,BNS,316,1,1
582,BNS,318,1,2
583,BNS,331,1,1
583,BNS,309,1,2
583,BNS,303,1,3
584,POCSO,8,1,1
585,NDPS,8,1,1
586,BNS,109,1,1
586,BNS,118,1,2
587,BNS,310,1,1
587,BNS,305,1,2
587,BNS,309,1,3
588,BNS,331,1,1
588,BNS,310,1,2
588,BNS,303,1,3
589,BNS,189,1,1
590,BNS,305,1,1
590,BNS,316,1,2
590,BNS,303,1,3
591,BNS,115,1,1
591,BNS,109,1,2
592,BNS,118,1,1
593,BNS,331,1,1
593,BNS,303,1,2
593,BNS,305,1,3
594,BNS,310,1,1
594,BNS,303,1,2
595,BNS,338,1,1
596,BNS,105,1,1
596,BNS,103,1,2
596,BNS,109,1,3
597,BNS,109,1,1
598,MV,184,1,1
598,MV,185,1,2
599,MV,185,1,1
600,BNS,303,1,1
600,BNS,316,1,2
601,BNS,331,1,1
601,BNS,303,1,2
602,BNS,109,1,1
603,BNS,331,1,1
604,BNS,118,1,1
606,BNS,331,1,1
606,BNS,305,1,2
606,BNS,310,1,3
607,BNS,115,1,1
607,BNS,109,1,2
607,BNS,105,1,3
608,NDPS,21,1,1
609,BNS,331,1,1
610,BNS,310,1,1
610,BNS,318,1,2
611,IT,66,1,1
612,BNS,85,1,1
613,BNS,305,1,1
613,BNS,303,1,2
614,BNS,109,1,1
614,BNS,118,1,2
616,BNS,316,1,1
616,BNS,303,1,2
616,BNS,310,1,3
617,BNS,140,1,1
617,BNS,80,1,2
617,BNS,85,1,3
618,BNS,331,1,1
619,NDPS,8,1,1
619,NDPS,20,1,2
620,BNS,309,1,1
620,BNS,310,1,2
621,BNS,309,1,1
622,IT,66,1,1
622,IT,66C,1,2
622,IT,66D,1,3
623,IT,66C,1,1
623,IT,66,1,2
624,BNS,309,1,1
624,BNS,303,1,2
624,BNS,316,1,3
625,EXCISE,32,1,1
625,ARMS,27,1,2
626,BNS,305,1,1
627,IT,66D,1,1
627,BNS,338,1,2
627,BNS,318,1,3
630,BNS,189,1,1
631,BNS,74,1,1
631,BNS,78,1,2
632,MV,184,1,1
632,MV,185,1,2
633,BNS,109,1,1
633,BNS,103,1,2
633,BNS,105,1,3
634,MV,185,1,1
634,MV,184,1,2
635,IT,66,1,1
635,IT,66D,1,2
635,IT,66C,1,3
636,BNS,316,1,1
637,BNS,103,1,1
638,MV,184,1,1
638,MV,185,1,2
639,BNS,118,1,1
639,BNS,103,1,2
640,IT,66D,1,1
641,BNS,303,1,1
642,BNS,331,1,1
642,BNS,309,1,2
643,MV,185,1,1
644,POCSO,8,1,1
644,POCSO,4,1,2
645,BNS,310,1,1
646,BNS,74,1,1
647,BNS,64,1,1
648,MV,185,1,1
649,BNS,331,1,1
649,BNS,310,1,2
650,BNS,303,1,1
651,MV,184,1,1
653,BNS,351,1,1
655,MV,184,1,1
656,IT,66D,1,1
656,BNS,338,1,2
657,BNS,309,1,1
659,BNS,105,1,1
659,BNS,118,1,2
660,BNS,331,1,1
660,BNS,305,1,2
660,BNS,310,1,3
661,BNS,64,1,1
661,BNS,74,1,2
661,BNS,80,1,3
662,BNS,331,1,1
663,BNS,85,1,1
663,BNS,80,1,2
664,MV,185,1,1
664,MV,184,1,2
665,BNS,309,1,1
665,BNS,331,1,2
665,BNS,316,1,3
666,BNS,118,1,1
666,BNS,105,1,2
667,BNS,64,1,1
668,BNS,331,1,1
668,BNS,318,1,2
669,NDPS,21,1,1
670,BNS,331,1,1
670,BNS,310,1,2
670,BNS,303,1,3
671,BNS,318,1,1
671,IT,66D,1,2
672,BNS,318,1,1
672,BNS,310,1,2
672,BNS,305,1,3
674,BNS,74,1,1
675,ARMS,27,1,1
675,ARMS,25,1,2
676,POCSO,4,1,1
677,BNS,338,1,1
677,IT,66D,1,2
678,BNS,196,1,1
678,BNS,112,1,2
678,BNS,351,1,3
679,BNS,196,1,1
679,BNS,191,1,2
680,BNS,118,1,1
681,BNS,309,1,1
681,BNS,316,1,2
681,BNS,303,1,3
682,BNS,118,1,1
683,BNS,309,1,1
683,BNS,305,1,2
684,POCSO,8,1,1
686,BNS,303,1,1
687,BNS,331,1,1
687,BNS,318,1,2
688,BNS,303,1,1
688,BNS,309,1,2
689,BNS,118,1,1
689,BNS,105,1,2
690,BNS,109,1,1
691,EXCISE,32,1,1
691,NDPS,8,1,2
691,NDPS,21,1,3
692,BNS,305,1,1
692,BNS,310,1,2
693,BNS,140,1,1
694,BNS,196,1,1
694,BNS,112,1,2
695,MV,184,1,1
695,MV,185,1,2
696,BNS,305,1,1
697,BNS,85,1,1
697,BNS,74,1,2
697,BNS,78,1,3
698,BNS,309,1,1
698,BNS,318,1,2
699,BNS,331,1,1
699,BNS,316,1,2
700,BNS,318,1,1
700,BNS,338,1,2
701,BNS,109,1,1
702,BNS,118,1,1
702,BNS,103,1,2
703,BNS,331,1,1
703,BNS,309,1,2
705,BNS,316,1,1
706,BNS,303,1,1
706,BNS,331,1,2
707,BNS,316,1,1
707,BNS,303,1,2
708,BNS,331,1,1
708,BNS,318,1,2
708,BNS,309,1,3
709,BNS,78,1,1
709,BNS,140,1,2
710,BNS,331,1,1
710,BNS,316,1,2
710,BNS,305,1,3
711,MV,184,1,1
711,MV,185,1,2
712,BNS,309,1,1
712,BNS,305,1,2
712,BNS,310,1,3
713,BNS,338,1,1
713,BNS,318,1,2
714,PC,7,1,1
715,BNS,309,1,1
715,BNS,310,1,2
715,BNS,318,1,3
716,BNS,318,1,1
716,BNS,310,1,2
717,BNS,331,1,1
717,BNS,309,1,2
718,BNS,305,1,1
718,BNS,318,1,2
718,BNS,309,1,3
719,BNS,109,1,1
720,BNS,318,1,1
720,BNS,338,1,2
720,IT,66D,1,3
721,MV,184,1,1
721,MV,185,1,2
722,BNS,305,1,1
722,BNS,318,1,2
722,BNS,310,1,3
723,BNS,331,1,1
723,BNS,310,1,2
724,MV,184,1,1
724,MV,185,1,2
725,BNS,80,1,1
725,BNS,64,1,2
726,BNS,331,1,1
726,BNS,316,1,2
726,BNS,309,1,3
727,BNS,303,1,1
727,BNS,305,1,2
727,BNS,318,1,3
728,BNS,331,1,1
728,BNS,318,1,2
729,BNS,74,1,1
729,BNS,78,1,2
729,BNS,64,1,3
730,BNS,103,1,1
731,BNS,316,1,1
731,BNS,309,1,2
732,NDPS,21,1,1
733,BNS,105,1,1
733,BNS,103,1,2
734,BNS,85,1,1
734,BNS,80,1,2
734,BNS,78,1,3
735,BNS,196,1,1
735,BNS,111,1,2
735,BNS,351,1,3
736,EXCISE,32,1,1
736,ARMS,25,1,2
737,BNS,309,1,1
738,BNS,309,1,1
739,BNS,338,1,1
740,BNS,109,1,1
741,BNS,303,1,1
741,BNS,331,1,2
742,BNS,316,1,1
743,MV,184,1,1
743,MV,185,1,2
744,BNS,338,1,1
744,BNS,318,1,2
744,IT,66D,1,3
745,BNS,305,1,1
746,BNS,118,1,1
746,BNS,105,1,2
747,BNS,85,1,1
748,BNS,85,1,1
748,BNS,78,1,2
749,BNS,303,1,1
749,BNS,310,1,2
749,BNS,305,1,3
750,PC,7,1,1
751,BNS,351,1,1
751,BNS,112,1,2
751,BNS,196,1,3
752,PC,7,1,1
753,BNS,351,1,1
754,BNS,103,1,1
754,BNS,118,1,2
754,BNS,105,1,3
756,BNS,64,1,1
756,BNS,74,1,2
757,BNS,105,1,1
758,BNS,118,1,1
759,BNS,309,1,1
759,BNS,303,1,2
760,IT,66D,1,1
760,IT,66C,1,2
760,IT,66,1,3
761,BNS,316,1,1
761,BNS,310,1,2
762,NDPS,21,1,1
762,NDPS,20,1,2
763,BNS,115,1,1
764,BNS,196,1,1
764,BNS,191,1,2
764,BNS,112,1,3
765,BNS,310,1,1
765,BNS,316,1,2
766,BNS,318,1,1
766,BNS,338,1,2
766,IT,66D,1,3
767,MV,184,1,1
768,BNS,310,1,1
768,BNS,316,1,2
769,BNS,118,1,1
769,BNS,103,1,2
769,BNS,105,1,3
770,BNS,316,1,1
771,BNS,316,1,1
772,BNS,78,1,1
772,BNS,64,1,2
772,BNS,140,1,3
773,BNS,196,1,1
774,IT,66D,1,1
774,BNS,338,1,2
775,BNS,305,1,1
776,BNS,316,1,1
777,BNS,309,1,1
778,IT,66,1,1
778,IT,66C,1,2
778,IT,66D,1,3
780,BNS,305,1,1
781,BNS,140,1,1
781,BNS,64,1,2
782,BNS,318,1,1
783,IT,66D,1,1
784,BNS,78,1,1
784,BNS,140,1,2
785,ARMS,27,1,1
786,BNS,331,1,1
787,MV,185,1,1
788,BNS,309,1,1
788,BNS,303,1,2
789,BNS,309,1,1
789,BNS,316,1,2
789,BNS,318,1,3
790,BNS,331,1,1
790,BNS,310,1,2
790,BNS,303,1,3
791,BNS,316,1,1
791,BNS,318,1,2
791,BNS,331,1,3
792,BNS,103,1,1
792,BNS,105,1,2
792,BNS,109,1,3
793,MV,185,1,1
793,MV,184,1,2
794,BNS,115,1,1
794,BNS,109,1,2
795,BNS,196,1,1
796,BNS,309,1,1
796,BNS,318,1,2
797,BNS,103,1,1
797,BNS,109,1,2
797,BNS,115,1,3
798,BNS,74,1,1
799,BNS,64,1,1
799,BNS,85,1,2
800,BNS,351,1,1
800,BNS,191,1,2
801,BNS,309,1,1
801,BNS,318,1,2
801,BNS,310,1,3
802,BNS,111,1,1
802,BNS,196,1,2
803,MV,184,1,1
804,BNS,318,1,1
805,BNS,118,1,1
805,BNS,115,1,2
806,BNS,318,1,1
806,BNS,303,1,2
806,BNS,331,1,3
807,BNS,338,1,1
807,IT,66D,1,2
808,ARMS,25,1,1
808,EXCISE,32,1,2
808,NDPS,20,1,3
809,BNS,338,1,1
809,IT,66D,1,2
809,BNS,318,1,3
810,BNS,310,1,1
810,BNS,331,1,2
811,POCSO,8,1,1
811,BNS,140,1,2
811,POCSO,4,1,3
812,BNS,309,1,1
812,BNS,316,1,2
813,IT,66D,1,1
814,IT,66D,1,1
814,IT,66,1,2
814,IT,66C,1,3
815,BNS,115,1,1
815,BNS,109,1,2
816,BNS,85,1,1
817,BNS,64,1,1
818,EXCISE,32,1,1
818,ARMS,25,1,2
819,BNS,338,1,1
819,IT,66D,1,2
819,BNS,318,1,3
820,BNS,318,1,1
821,BNS,318,1,1
821,BNS,305,1,2
821,BNS,310,1,3
822,IT,66,1,1
823,BNS,309,1,1
824,BNS,191,1,1
824,BNS,189,1,2
825,BNS,80,1,1
825,BNS,64,1,2
826,IT,66,1,1
827,BNS,191,1,1
829,BNS,80,1,1
829,BNS,74,1,2
830,BNS,316,1,1
830,BNS,309,1,2
830,BNS,318,1,3
831,BNS,189,1,1
831,BNS,111,1,2
832,NDPS,20,1,1
833,NDPS,21,1,1
833,NDPS,8,1,2
833,NDPS,20,1,3
834,BNS,318,1,1
834,BNS,338,1,2
835,IT,66D,1,1
835,IT,66C,1,2
836,BNS,112,1,1
838,MV,184,1,1
839,MV,184,1,1
840,BNS,115,1,1
840,BNS,118,1,2
841,BNS,189,1,1
841,BNS,112,1,2
842,BNS,309,1,1
842,BNS,305,1,2
843,BNS,64,1,1
843,BNS,80,1,2
846,BNS,331,1,1
847,MV,185,1,1
848,BNS,338,1,1
849,BNS,115,1,1
849,BNS,103,1,2
851,IT,66,1,1
852,BNS,85,1,1
853,BNS,318,1,1
854,BNS,318,1,1
854,BNS,338,1,2
855,BNS,331,1,1
856,BNS,191,1,1
857,BNS,310,1,1
858,BNS,112,1,1
858,BNS,351,1,2
859,BNS,305,1,1
860,MV,184,1,1
861,BNS,140,1,1
862,BNS,318,1,1
862,BNS,338,1,2
862,IT,66D,1,3
863,BNS,303,1,1
864,POCSO,4,1,1
865,BNS,318,1,1
866,BNS,309,1,1
866,BNS,310,1,2
866,BNS,318,1,3
867,BNS,115,1,1
868,BNS,303,1,1
869,BNS,78,1,1
869,BNS,64,1,2
870,BNS,316,1,1
871,BNS,309,1,1
872,BNS,316,1,1
873,BNS,316,1,1
873,BNS,318,1,2
874,EXCISE,32,1,1
874,NDPS,21,1,2
875,BNS,303,1,1
875,BNS,305,1,2
875,BNS,309,1,3
877,BNS,331,1,1
879,BNS,310,1,1
880,BNS,318,1,1
880,IT,66D,1,2
881,POCSO,4,1,1
882,IT,66D,1,1
882,BNS,338,1,2
883,BNS,338,1,1
883,IT,66D,1,2
883,BNS,318,1,3
884,BNS,74,1,1
884,BNS,85,1,2
884,BNS,140,1,3
885,BNS,318,1,1
885,BNS,309,1,2
885,BNS,303,1,3
887,BNS,316,1,1
887,BNS,310,1,2
888,BNS,140,1,1
889,BNS,338,1,1
889,BNS,318,1,2
889,IT,66D,1,3
890,BNS,318,1,1
890,BNS,303,1,2
890,BNS,316,1,3
892,BNS,316,1,1
892,BNS,331,1,2
892,BNS,305,1,3
893,BNS,105,1,1
893,BNS,109,1,2
893,BNS,115,1,3
894,BNS,309,1,1
894,BNS,331,1,2
894,BNS,303,1,3
895,POCSO,8,1,1
896,MV,184,1,1
896,MV,185,1,2
897,IT,66D,1,1
897,BNS,338,1,2
897,BNS,318,1,3
898,BNS,111,1,1
898,BNS,351,1,2
899,IT,66D,1,1
899,IT,66C,1,2
899,IT,66,1,3
900,ARMS,25,1,1
900,NDPS,21,1,2
901,MV,185,1,1
902,BNS,189,1,1
902,BNS,112,1,2
903,BNS,331,1,1
904,MV,184,1,1
905,BNS,331,1,1
905,BNS,303,1,2
905,BNS,316,1,3
906,BNS,331,1,1
906,BNS,309,1,2
907,BNS,316,1,1
907,BNS,310,1,2
908,BNS,109,1,1
909,BNS,112,1,1
909,BNS,189,1,2
910,BNS,85,1,1
910,BNS,80,1,2
911,BNS,310,1,1
911,BNS,303,1,2
911,BNS,316,1,3
912,BNS,309,1,1
912,BNS,310,1,2
912,BNS,316,1,3
913,BNS,310,1,1
914,BNS,318,1,1
914,BNS,310,1,2
915,BNS,318,1,1
915,BNS,338,1,2
915,IT,66D,1,3
916,MV,184,1,1
916,MV,185,1,2
917,BNS,310,1,1
917,BNS,303,1,2
917,BNS,309,1,3
918,BNS,85,1,1
919,BNS,318,1,1
919,BNS,310,1,2
919,BNS,309,1,3
920,BNS,310,1,1
920,BNS,318,1,2
920,BNS,309,1,3
921,BNS,303,1,1
921,BNS,316,1,2
922,MV,184,1,1
922,MV,185,1,2
923,BNS,105,1,1
923,BNS,115,1,2
924,BNS,305,1,1
924,BNS,318,1,2
924,BNS,309,1,3
925,BNS,316,1,1
925,BNS,309,1,2
926,BNS,305,1,1
926,BNS,318,1,2
927,BNS,318,1,1
927,BNS,309,1,2
927,BNS,331,1,3
928,BNS,196,1,1
928,BNS,351,1,2
928,BNS,111,1,3
929,BNS,189,1,1
929,BNS,191,1,2
930,BNS,310,1,1
931,NDPS,8,1,1
931,ARMS,25,1,2
933,BNS,112,1,1
934,MV,184,1,1
934,MV,185,1,2
935,BNS,316,1,1
936,MV,185,1,1
937,BNS,318,1,1
937,IT,66D,1,2
938,MV,185,1,1
939,BNS,331,1,1
939,BNS,305,1,2
939,BNS,318,1,3
940,BNS,316,1,1
940,BNS,305,1,2
940,BNS,303,1,3
941,BNS,103,1,1
942,BNS,111,1,1
942,BNS,112,1,2
942,BNS,191,1,3
943,BNS,318,1,1
943,BNS,316,1,2
944,BNS,310,1,1
944,BNS,331,1,2
944,BNS,309,1,3
945,BNS,318,1,1
945,BNS,305,1,2
946,BNS,318,1,1
947,BNS,109,1,1
948,BNS,103,1,1
949,BNS,309,1,1
949,BNS,331,1,2
950,BNS,305,1,1
951,POCSO,8,1,1
951,POCSO,4,1,2
952,MV,184,1,1
952,MV,185,1,2
953,BNS,318,1,1
954,BNS,303,1,1
954,BNS,316,1,2
955,BNS,316,1,1
956,BNS,105,1,1
957,BNS,351,1,1
958,BNS,118,1,1
958,BNS,105,1,2
959,BNS,316,1,1
959,BNS,318,1,2
959,BNS,303,1,3
960,BNS,338,1,1
960,IT,66D,1,2
961,BNS,305,1,1
961,BNS,318,1,2
961,BNS,303,1,3
962,BNS,318,1,1
962,BNS,305,1,2
962,BNS,316,1,3
963,BNS,118,1,1
963,BNS,115,1,2
964,BNS,310,1,1
965,BNS,103,1,1
965,BNS,109,1,2
967,BNS,109,1,1
968,BNS,303,1,1
968,BNS,318,1,2
968,BNS,305,1,3
969,BNS,351,1,1
969,BNS,189,1,2
969,BNS,191,1,3
970,IT,66D,1,1
970,BNS,318,1,2
970,BNS,338,1,3
971,BNS,338,1,1
971,BNS,318,1,2
971,IT,66D,1,3
972,MV,184,1,1
972,MV,185,1,2
973,MV,185,1,1
973,MV,184,1,2
974,BNS,309,1,1
975,BNS,305,1,1
976,BNS,305,1,1
977,BNS,318,1,1
978,BNS,331,1,1
978,BNS,316,1,2
979,BNS,338,1,1
980,BNS,316,1,1
980,BNS,331,1,2
980,BNS,310,1,3
981,BNS,105,1,1
981,BNS,115,1,2
982,BNS,191,1,1
983,BNS,309,1,1
984,IT,66D,1,1
984,BNS,318,1,2
985,MV,185,1,1
986,BNS,316,1,1
987,BNS,318,1,1
988,BNS,109,1,1
989,BNS,191,1,1
989,BNS,111,1,2
990,BNS,316,1,1
990,BNS,318,1,2
990,BNS,305,1,3
991,IT,66D,1,1
991,BNS,338,1,2
991,BNS,318,1,3
992,NDPS,21,1,1
992,EXCISE,32,1,2
992,ARMS,25,1,3
993,BNS,316,1,1
993,BNS,303,1,2
994,BNS,309,1,1
994,BNS,318,1,2
994,BNS,305,1,3
995,BNS,318,1,1
996,BNS,338,1,1
996,IT,66D,1,2
997,BNS,316,1,1
997,BNS,303,1,2
998,BNS,318,1,1
998,BNS,305,1,2
999,IT,66D,1,1
1000,BNS,109,1,1
1000,BNS,103,1,2
1001,BNS,338,1,1
1004,BNS,305,1,1
1004,BNS,316,1,2
1004,BNS,310,1,3
1005,BNS,105,1,1
1005,BNS,115,1,2
1005,BNS,109,1,3
1006,NDPS,21,1,1
1007,BNS,318,1,1
1008,BNS,309,1,1
1009,BNS,305,1,1
1010,BNS,316,1,1
1010,BNS,310,1,2
1010,BNS,303,1,3
1011,BNS,331,1,1
1011,BNS,316,1,2
1012,BNS,309,1,1
1013,BNS,305,1,1
1013,BNS,309,1,2
1013,BNS,303,1,3
1014,BNS,112,1,1
1014,BNS,189,1,2
1015,BNS,78,1,1
1015,BNS,85,1,2
1015,BNS,80,1,3
1016,BNS,115,1,1
1017,PC,7,1,1
1018,MV,184,1,1
1019,BNS,305,1,1
1020,BNS,115,1,1
1020,BNS,109,1,2
1021,BNS,316,1,1
1022,BNS,318,1,1
1022,BNS,305,1,2
1022,BNS,309,1,3
1023,NDPS,21,1,1
1023,ARMS,27,1,2
1024,BNS,310,1,1
1024,BNS,331,1,2
1025,BNS,310,1,1
1025,BNS,309,1,2
1025,BNS,303,1,3
1026,BNS,331,1,1
1026,BNS,310,1,2
1026,BNS,318,1,3
1027,BNS,189,1,1
1028,BNS,318,1,1
1028,BNS,303,1,2
1028,BNS,316,1,3
1029,BNS,196,1,1
1029,BNS,189,1,2
1030,IT,66,1,1
1032,BNS,338,1,1
1033,BNS,310,1,1
1034,MV,185,1,1
1035,BNS,318,1,1
1035,IT,66D,1,2
1036,BNS,303,1,1
1036,BNS,310,1,2
1037,BNS,103,1,1
1037,BNS,118,1,2
1037,BNS,115,1,3
1038,BNS,303,1,1
1038,BNS,318,1,2
1038,BNS,309,1,3
1039,BNS,318,1,1
1039,BNS,338,1,2
1040,BNS,115,1,1
1041,BNS,318,1,1
1041,BNS,303,1,2
1042,BNS,309,1,1
1042,BNS,305,1,2
1043,BNS,140,1,1
1044,BNS,338,1,1
1044,IT,66D,1,2
1044,BNS,318,1,3
1046,BNS,80,1,1
1047,BNS,103,1,1
1047,BNS,115,1,2
1047,BNS,105,1,3
1048,BNS,331,1,1
1048,BNS,305,1,2
1049,NDPS,21,1,1
1050,IT,66C,1,1
1051,BNS,303,1,1
1051,BNS,309,1,2
1053,IT,66C,1,1
1054,IT,66D,1,1
1054,BNS,338,1,2
1054,BNS,318,1,3
1055,MV,184,1,1
1055,MV,185,1,2
1056,BNS,64,1,1
1056,BNS,80,1,2
1057,BNS,318,1,1
1057,BNS,338,1,2
1058,MV,185,1,1
1058,MV,184,1,2
1059,BNS,318,1,1
1059,BNS,309,1,2
1061,MV,184,1,1
1061,MV,185,1,2
1062,ARMS,27,1,1
1063,BNS,85,1,1
1063,BNS,78,1,2
1063,BNS,140,1,3
1064,BNS,109,1,1
1064,BNS,118,1,2
1065,BNS,309,1,1
1066,BNS,309,1,1
1066,BNS,310,1,2
1066,BNS,303,1,3
1067,BNS,303,1,1
1067,BNS,305,1,2
1068,BNS,305,1,1
1068,BNS,303,1,2
1069,EXCISE,32,1,1
1069,ARMS,25,1,2
1069,NDPS,8,1,3
1070,BNS,318,1,1
1070,BNS,316,1,2
1070,BNS,303,1,3
1071,MV,184,1,1
1071,MV,185,1,2
1073,BNS,331,1,1
1073,BNS,316,1,2
1074,ARMS,27,1,1
1074,NDPS,21,1,2
1075,BNS,309,1,1
1076,BNS,112,1,1
1077,BNS,331,1,1
1078,BNS,338,1,1
1078,BNS,318,1,2
1078,IT,66D,1,3
1079,BNS,303,1,1
1079,BNS,309,1,2
1080,BNS,105,1,1
1080,BNS,103,1,2
1081,IT,66D,1,1
1081,BNS,318,1,2
1082,BNS,74,1,1
1082,BNS,64,1,2
1082,BNS,85,1,3
1083,BNS,331,1,1
1084,BNS,78,1,1
1084,BNS,80,1,2
1084,BNS,85,1,3
1085,BNS,103,1,1
1085,BNS,118,1,2
1086,MV,184,1,1
1086,MV,185,1,2
1087,BNS,74,1,1
1087,BNS,78,1,2
1088,BNS,309,1,1
1088,BNS,305,1,2
1089,BNS,115,1,1
1089,BNS,109,1,2
1089,BNS,118,1,3
1090,BNS,112,1,1
1091,BNS,305,1,1
1091,BNS,303,1,2
1092,BNS,105,1,1
1092,BNS,115,1,2
1093,BNS,316,1,1
1094,EXCISE,32,1,1
1094,NDPS,20,1,2
1094,NDPS,8,1,3
1095,EXCISE,32,1,1
1095,ARMS,27,1,2
1096,BNS,140,1,1
1097,BNS,318,1,1
1097,BNS,331,1,2
1098,BNS,118,1,1
1099,MV,184,1,1
1101,BNS,309,1,1
1101,BNS,310,1,2
1101,BNS,316,1,3
1102,MV,184,1,1
1103,EXCISE,32,1,1
1103,ARMS,25,1,2
1103,NDPS,20,1,3
1104,BNS,111,1,1
1104,BNS,112,1,2
1105,BNS,305,1,1
1105,BNS,310,1,2
1105,BNS,318,1,3
1106,BNS,318,1,1
1106,BNS,305,1,2
1107,BNS,331,1,1
1108,IT,66,1,1
1109,IT,66,1,1
1110,POCSO,4,1,1
1110,BNS,140,1,2
1111,MV,184,1,1
1112,ARMS,25,1,1
1112,ARMS,27,1,2
1113,BNS,318,1,1
1113,BNS,309,1,2
1113,BNS,331,1,3
1114,NDPS,8,1,1
1115,BNS,310,1,1
1115,BNS,316,1,2
1116,BNS,318,1,1
1116,BNS,316,1,2
1117,BNS,318,1,1
1117,BNS,338,1,2
1117,IT,66D,1,3
1118,MV,185,1,1
1118,MV,184,1,2
1119,BNS,331,1,1
1119,BNS,316,1,2
1119,BNS,309,1,3
1120,POCSO,8,1,1
1120,POCSO,4,1,2
1120,BNS,140,1,3
1121,BNS,331,1,1
1121,BNS,305,1,2
1121,BNS,310,1,3
1122,BNS,338,1,1
1123,BNS,318,1,1
1123,IT,66D,1,2
1124,BNS,309,1,1
1124,BNS,303,1,2
1124,BNS,318,1,3
1125,BNS,318,1,1
1125,IT,66D,1,2
1125,BNS,338,1,3
1126,MV,184,1,1
1127,BNS,115,1,1
1127,BNS,109,1,2
1127,BNS,118,1,3
1128,BNS,78,1,1
1129,BNS,318,1,1
1129,IT,66D,1,2
1129,BNS,338,1,3
1130,BNS,309,1,1
1130,BNS,303,1,2
1130,BNS,305,1,3
1131,IT,66C,1,1
1131,IT,66D,1,2
1131,IT,66,1,3
1132,BNS,78,1,1
1132,BNS,74,1,2
1132,BNS,85,1,3
1133,MV,185,1,1
1134,BNS,318,1,1
1134,BNS,331,1,2
1135,BNS,80,1,1
1135,BNS,74,1,2
1135,BNS,78,1,3
1136,BNS,318,1,1
1136,BNS,309,1,2
1136,BNS,305,1,3
1137,BNS,303,1,1
1138,IT,66,1,1
1140,BNS,318,1,1
1140,BNS,309,1,2
1141,BNS,115,1,1
1141,BNS,105,1,2
1141,BNS,103,1,3
1142,MV,185,1,1
1142,MV,184,1,2
1143,PC,7,1,1
1144,BNS,118,1,1
1144,BNS,105,1,2
1144,BNS,115,1,3
1145,BNS,118,1,1
1145,BNS,105,1,2
1145,BNS,103,1,3
1146,BNS,64,1,1
1146,BNS,80,1,2
1146,BNS,78,1,3
1147,BNS,118,1,1
1148,MV,185,1,1
1148,MV,184,1,2
1149,BNS,303,1,1
1150,BNS,305,1,1
1150,BNS,331,1,2
1151,BNS,303,1,1
1152,MV,185,1,1
1152,MV,184,1,2
1153,MV,184,1,1
1153,MV,185,1,2
1154,MV,184,1,1
1155,BNS,109,1,1
1156,BNS,105,1,1
1156,BNS,115,1,2
1156,BNS,103,1,3
1157,BNS,318,1,1
1159,BNS,318,1,1
1160,BNS,64,1,1
1160,BNS,140,1,2
1161,BNS,118,1,1
1161,BNS,103,1,2
1162,MV,185,1,1
1162,MV,184,1,2
1163,BNS,109,1,1
1164,BNS,309,1,1
1164,BNS,305,1,2
1164,BNS,310,1,3
1165,BNS,338,1,1
1166,IT,66,1,1
1167,NDPS,21,1,1
1167,ARMS,25,1,2
1167,NDPS,8,1,3
1168,BNS,309,1,1
1169,BNS,118,1,1
1170,BNS,338,1,1
1170,BNS,318,1,2
1171,BNS,80,1,1
1171,BNS,85,1,2
1171,BNS,74,1,3
1172,BNS,305,1,1
1173,BNS,316,1,1
1173,BNS,305,1,2
1173,BNS,318,1,3
1174,BNS,310,1,1
1174,BNS,316,1,2
1174,BNS,303,1,3
1175,BNS,318,1,1
1176,BNS,309,1,1
1176,BNS,316,1,2
1176,BNS,318,1,3
1177,BNS,64,1,1
1177,BNS,85,1,2
1178,EXCISE,32,1,1
1178,NDPS,21,1,2
1178,NDPS,20,1,3
1179,BNS,105,1,1
1179,BNS,109,1,2
1179,BNS,115,1,3
1180,BNS,64,1,1
1180,BNS,78,1,2
1180,BNS,140,1,3
1181,BNS,189,1,1
1182,MV,185,1,1
1182,MV,184,1,2
1183,BNS,109,1,1
1184,IT,66,1,1
1185,BNS,318,1,1
1185,BNS,309,1,2
1186,BNS,105,1,1
1187,BNS,118,1,1
1188,MV,184,1,1
1188,MV,185,1,2
1189,BNS,303,1,1
1190,MV,184,1,1
1191,BNS,318,1,1
1192,MV,185,1,1
1193,MV,184,1,1
1193,MV,185,1,2
1194,NDPS,8,1,1
1194,EXCISE,32,1,2
1194,ARMS,27,1,3
1196,NDPS,20,1,1
1197,BNS,303,1,1
1197,BNS,310,1,2
1197,BNS,331,1,3
1198,BNS,309,1,1
1198,BNS,310,1,2
1198,BNS,316,1,3
1199,MV,184,1,1
1199,MV,185,1,2
1200,BNS,303,1,1
1201,MV,185,1,1
1201,MV,184,1,2
1202,IT,66,1,1
1202,IT,66C,1,2
1204,BNS,303,1,1
1204,BNS,310,1,2
1204,BNS,331,1,3
1205,BNS,85,1,1
1206,BNS,303,1,1
1206,BNS,316,1,2
1206,BNS,309,1,3
1207,IT,66D,1,1
1207,IT,66C,1,2
1208,BNS,105,1,1
1208,BNS,109,1,2
1208,BNS,115,1,3
1209,MV,185,1,1
1210,IT,66D,1,1
1211,NDPS,8,1,1
1211,ARMS,25,1,2
1211,NDPS,20,1,3
1212,BNS,78,1,1
1212,BNS,85,1,2
1212,BNS,140,1,3
1213,BNS,64,1,1
1213,BNS,74,1,2
1214,BNS,303,1,1
1214,BNS,316,1,2
1215,BNS,305,1,1
1215,BNS,331,1,2
1215,BNS,303,1,3
1216,BNS,316,1,1
1216,BNS,305,1,2
1216,BNS,318,1,3
1217,BNS,118,1,1
1217,BNS,115,1,2
1217,BNS,103,1,3
1218,BNS,331,1,1
1218,BNS,316,1,2
1219,BNS,115,1,1
1219,BNS,109,1,2
1219,BNS,105,1,3
1220,BNS,64,1,1
1221,MV,185,1,1
1221,MV,184,1,2
1222,BNS,305,1,1
1223,BNS,318,1,1
1224,BNS,310,1,1
1225,IT,66D,1,1
1225,BNS,318,1,2
1226,BNS,309,1,1
1226,BNS,318,1,2
1227,BNS,310,1,1
1228,BNS,118,1,1
1229,BNS,105,1,1
1230,MV,184,1,1
1231,IT,66D,1,1
1231,BNS,338,1,2
1232,BNS,105,1,1
1232,BNS,109,1,2
1233,BNS,103,1,1
1233,BNS,105,1,2
1233,BNS,118,1,3
1234,BNS,318,1,1
1234,IT,66D,1,2
1235,BNS,85,1,1
1235,BNS,140,1,2
1235,BNS,74,1,3
1237,BNS,64,1,1
1238,BNS,64,1,1
1239,IT,66C,1,1
1241,BNS,80,1,1
1241,BNS,64,1,2
1242,IT,66C,1,1
1242,IT,66,1,2
1243,BNS,303,1,1
1243,BNS,305,1,2
1243,BNS,318,1,3
1244,BNS,318,1,1
1244,BNS,309,1,2
1244,BNS,316,1,3
1245,BNS,316,1,1
1245,BNS,331,1,2
1245,BNS,305,1,3
1246,IT,66C,1,1
1246,IT,66D,1,2
1246,IT,66,1,3
1247,BNS,105,1,1
1248,BNS,316,1,1
1249,IT,66D,1,1
1249,IT,66,1,2
1249,IT,66C,1,3
1250,BNS,191,1,1
1251,BNS,303,1,1
1252,MV,185,1,1
1252,MV,184,1,2
1253,BNS,109,1,1
1254,BNS,103,1,1
1255,BNS,331,1,1
1256,IT,66D,1,1
1256,BNS,318,1,2
1257,ARMS,25,1,1
1258,MV,184,1,1
1259,BNS,351,1,1
1259,BNS,191,1,2
1260,BNS,309,1,1
1260,BNS,331,1,2
1261,BNS,118,1,1
1261,BNS,105,1,2
1263,BNS,303,1,1
1263,BNS,310,1,2
1264,BNS,189,1,1
1264,BNS,196,1,2
1265,BNS,318,1,1
1266,BNS,316,1,1
1266,BNS,318,1,2
1267,MV,184,1,1
1267,MV,185,1,2
1268,IT,66C,1,1
1268,IT,66,1,2
1269,BNS,74,1,1
1269,BNS,80,1,2
1270,BNS,310,1,1
1270,BNS,318,1,2
1271,BNS,109,1,1
1271,BNS,115,1,2
1271,BNS,118,1,3
1272,BNS,105,1,1
1272,BNS,109,1,2
1272,BNS,115,1,3
1273,MV,185,1,1
1274,MV,185,1,1
1274,MV,184,1,2
1275,BNS,196,1,1
1275,BNS,191,1,2
1275,BNS,111,1,3
1276,BNS,331,1,1
1277,ARMS,25,1,1
1277,NDPS,21,1,2
1279,BNS,196,1,1
1279,BNS,351,1,2
1279,BNS,191,1,3
1280,NDPS,21,1,1
1280,NDPS,20,1,2
1281,BNS,64,1,1
1281,BNS,140,1,2
1282,MV,184,1,1
1282,MV,185,1,2
1283,MV,185,1,1
1283,MV,184,1,2
1284,BNS,338,1,1
1285,BNS,318,1,1
1285,BNS,309,1,2
1285,BNS,316,1,3
1286,MV,184,1,1
1286,MV,185,1,2
1287,ARMS,27,1,1
1288,IT,66C,1,1
1288,IT,66D,1,2
1289,BNS,303,1,1
1289,BNS,318,1,2
1290,BNS,316,1,1
1290,BNS,309,1,2
1290,BNS,318,1,3
1291,BNS,305,1,1
1291,BNS,331,1,2
1291,BNS,318,1,3
1292,BNS,318,1,1
1293,BNS,80,1,1
1294,BNS,140,1,1
1294,BNS,80,1,2
1296,NDPS,20,1,1
1296,ARMS,25,1,2
1297,MV,185,1,1
1298,BNS,105,1,1
1298,BNS,103,1,2
1298,BNS,115,1,3
1299,MV,184,1,1
1300,BNS,309,1,1
1300,BNS,310,1,2
1301,BNS,118,1,1
1301,BNS,103,1,2
1302,MV,184,1,1
1303,BNS,310,1,1
1304,BNS,118,1,1
1304,BNS,109,1,2
1304,BNS,105,1,3
1305,BNS,316,1,1
1305,BNS,331,1,2
1305,BNS,310,1,3
1306,BNS,303,1,1
1306,BNS,316,1,2
1306,BNS,310,1,3
1307,BNS,318,1,1
1307,IT,66D,1,2
1307,BNS,338,1,3
1308,BNS,305,1,1
1308,BNS,309,1,2
1308,BNS,316,1,3
1309,BNS,64,1,1
1309,BNS,78,1,2
1309,BNS,140,1,3
1310,BNS,305,1,1
1311,BNS,103,1,1
1312,NDPS,8,1,1
1312,EXCISE,32,1,2
1312,ARMS,27,1,3
1313,BNS,310,1,1
1313,BNS,318,1,2
1313,BNS,305,1,3
1314,MV,184,1,1
1314,MV,185,1,2
1315,EXCISE,32,1,1
1315,NDPS,20,1,2
1315,NDPS,21,1,3
1316,BNS,112,1,1
1317,BNS,115,1,1
1317,BNS,118,1,2
1317,BNS,103,1,3
1318,BNS,109,1,1
1319,MV,185,1,1
1319,MV,184,1,2
1320,BNS,310,1,1
1320,BNS,331,1,2
1320,BNS,318,1,3
1321,BNS,109,1,1
1322,BNS,331,1,1
1324,BNS,318,1,1
1324,BNS,338,1,2
1325,IT,66,1,1
1325,IT,66C,1,2
1326,BNS,191,1,1
1327,BNS,191,1,1
1327,BNS,189,1,2
1328,MV,184,1,1
1329,POCSO,4,1,1
1329,POCSO,8,1,2
1329,BNS,140,1,3
1330,BNS,331,1,1
1330,BNS,318,1,2
1330,BNS,310,1,3
1331,BNS,331,1,1
1332,BNS,303,1,1
1332,BNS,331,1,2
1332,BNS,309,1,3
1333,BNS,85,1,1
1333,BNS,64,1,2
1334,BNS,105,1,1
1335,BNS,351,1,1
1335,BNS,111,1,2
1336,BNS,115,1,1
1337,BNS,305,1,1
1338,BNS,305,1,1
1338,BNS,310,1,2
1338,BNS,316,1,3
1339,BNS,318,1,1
1339,BNS,338,1,2
1340,BNS,115,1,1
1340,BNS,105,1,2
1341,BNS,316,1,1
1342,BNS,318,1,1
1342,IT,66D,1,2
1343,BNS,140,1,1
1343,POCSO,4,1,2
1344,BNS,318,1,1
1344,BNS,305,1,2
1345,BNS,80,1,1
1346,BNS,309,1,1
1346,BNS,331,1,2
1346,BNS,305,1,3
1347,BNS,303,1,1
1347,BNS,331,1,2
1348,MV,185,1,1
1349,IT,66D,1,1
1349,BNS,318,1,2
1349,BNS,338,1,3
1350,BNS,85,1,1
1350,BNS,78,1,2
1350,BNS,74,1,3
1351,ARMS,27,1,1
1351,NDPS,21,1,2
1352,IT,66D,1,1
1353,NDPS,21,1,1
1353,ARMS,27,1,2
1353,NDPS,20,1,3
1354,MV,185,1,1
1355,BNS,109,1,1
1355,BNS,105,1,2
1355,BNS,115,1,3
1356,BNS,310,1,1
1356,BNS,305,1,2
1356,BNS,331,1,3
1357,BNS,318,1,1
1357,BNS,316,1,2
1357,BNS,309,1,3
1358,BNS,318,1,1
1358,BNS,338,1,2
1358,IT,66D,1,3
1359,BNS,305,1,1
1360,BNS,191,1,1
1360,BNS,196,1,2
1361,MV,185,1,1
1361,MV,184,1,2
1362,BNS,118,1,1
1363,MV,185,1,1
1364,BNS,303,1,1
1364,BNS,316,1,2
1364,BNS,318,1,3
1365,BNS,115,1,1
1365,BNS,118,1,2
1365,BNS,105,1,3
1366,MV,185,1,1
1366,MV,184,1,2
1367,BNS,303,1,1
1367,BNS,310,1,2
1367,BNS,316,1,3
1368,IT,66C,1,1
1368,IT,66D,1,2
1368,IT,66,1,3
1369,MV,184,1,1
1369,MV,185,1,2
1370,BNS,305,1,1
1370,BNS,309,1,2
1370,BNS,318,1,3
1371,IT,66D,1,1
1371,BNS,318,1,2
1371,BNS,338,1,3
1372,BNS,310,1,1
1372,BNS,309,1,2
1372,BNS,305,1,3
1373,NDPS,8,1,1
1374,BNS,338,1,1
1374,IT,66D,1,2
1375,IT,66D,1,1
1375,BNS,318,1,2
1376,BNS,118,1,1
1376,BNS,115,1,2
1376,BNS,109,1,3
1377,BNS,318,1,1
1377,BNS,305,1,2
1377,BNS,303,1,3
1378,BNS,316,1,1
1379,EXCISE,32,1,1
1380,BNS,318,1,1
1380,BNS,338,1,2
1380,IT,66D,1,3
1381,BNS,196,1,1
1381,BNS,112,1,2
1382,BNS,115,1,1
1382,BNS,109,1,2
1382,BNS,105,1,3
1383,BNS,303,1,1
1384,BNS,109,1,1
1384,BNS,118,1,2
1384,BNS,105,1,3
1385,BNS,303,1,1
1386,IT,66D,1,1
1387,BNS,331,1,1
1387,BNS,318,1,2
1387,BNS,305,1,3
1388,BNS,189,1,1
1388,BNS,196,1,2
1388,BNS,191,1,3
1389,BNS,316,1,1
1389,BNS,331,1,2
1389,BNS,318,1,3
1390,BNS,309,1,1
1391,BNS,105,1,1
1391,BNS,115,1,2
1392,BNS,318,1,1
1393,BNS,316,1,1
1393,BNS,303,1,2
1394,BNS,318,1,1
1395,BNS,351,1,1
1395,BNS,196,1,2
1395,BNS,111,1,3
1396,BNS,318,1,1
1396,BNS,303,1,2
1396,BNS,305,1,3
1397,BNS,109,1,1
1397,BNS,103,1,2
1397,BNS,105,1,3
1398,BNS,338,1,1
1399,IT,66D,1,1
1399,IT,66C,1,2
1400,BNS,305,1,1
1400,BNS,318,1,2
1400,BNS,331,1,3
1401,BNS,303,1,1
1401,BNS,309,1,2
1401,BNS,331,1,3
1402,BNS,318,1,1
1402,IT,66D,1,2
1403,BNS,115,1,1
1404,BNS,105,1,1
1404,BNS,115,1,2
1404,BNS,103,1,3
1406,BNS,331,1,1
1406,BNS,316,1,2
1407,IT,66D,1,1
1408,BNS,111,1,1
1409,BNS,310,1,1
1410,MV,184,1,1
1411,BNS,303,1,1
1411,BNS,309,1,2
1413,BNS,318,1,1
1413,BNS,331,1,2
1413,BNS,310,1,3
1415,BNS,316,1,1
1416,BNS,189,1,1
1417,BNS,318,1,1
1417,BNS,338,1,2
1418,BNS,309,1,1
1418,BNS,318,1,2
1419,BNS,318,1,1
1419,BNS,338,1,2
1420,BNS,140,1,1
1420,POCSO,4,1,2
1422,BNS,118,1,1
1422,BNS,103,1,2
1422,BNS,109,1,3
1423,IT,66D,1,1
1424,BNS,305,1,1
1425,MV,185,1,1
1426,BNS,74,1,1
1426,BNS,80,1,2
1427,ARMS,25,1,1
1427,NDPS,20,1,2
1427,NDPS,21,1,3
1428,BNS,109,1,1
1429,NDPS,8,1,1
1429,NDPS,20,1,2
1430,BNS,85,1,1
1430,BNS,74,1,2
1430,BNS,78,1,3
1431,ARMS,25,1,1
1431,NDPS,21,1,2
1433,MV,185,1,1
1433,MV,184,1,2
1434,EXCISE,32,1,1
1434,NDPS,8,1,2
1435,BNS,338,1,1
1435,IT,66D,1,2
1435,BNS,318,1,3
1436,BNS,103,1,1
1436,BNS,118,1,2
1436,BNS,109,1,3
1437,BNS,318,1,1
1437,IT,66D,1,2
1437,BNS,338,1,3
1439,BNS,316,1,1
1439,BNS,310,1,2
1439,BNS,331,1,3
1440,BNS,331,1,1
1441,BNS,305,1,1
1442,BNS,191,1,1
1442,BNS,196,1,2
1443,BNS,316,1,1
1444,EXCISE,32,1,1
1444,ARMS,27,1,2
1444,NDPS,21,1,3
1445,BNS,318,1,1
1445,BNS,338,1,2
1446,BNS,316,1,1
1447,MV,184,1,1
1447,MV,185,1,2
1448,PC,7,1,1
1449,BNS,316,1,1
1449,BNS,310,1,2
1449,BNS,305,1,3
1450,NDPS,21,1,1
1451,IT,66D,1,1
1451,BNS,338,1,2
1451,BNS,318,1,3
1452,BNS,109,1,1
1453,BNS,303,1,1
1453,BNS,316,1,2
1454,BNS,318,1,1
1454,BNS,331,1,2
1454,BNS,305,1,3
1455,BNS,316,1,1
1455,BNS,309,1,2
1455,BNS,305,1,3
1456,IT,66C,1,1
1457,BNS,109,1,1
1457,BNS,105,1,2
1458,BNS,303,1,1
1458,BNS,331,1,2
1459,IT,66D,1,1
1459,BNS,338,1,2
1459,BNS,318,1,3
1460,MV,185,1,1
1461,BNS,303,1,1
1461,BNS,318,1,2
1462,BNS,74,1,1
1463,BNS,310,1,1
1463,BNS,316,1,2
1464,BNS,316,1,1
1464,BNS,305,1,2
1464,BNS,310,1,3
1465,BNS,112,1,1
1466,BNS,305,1,1
1466,BNS,331,1,2
1467,BNS,303,1,1
1467,BNS,316,1,2
1467,BNS,309,1,3
1468,BNS,316,1,1
1468,BNS,310,1,2
1469,BNS,331,1,1
1469,BNS,309,1,2
1469,BNS,316,1,3
1470,BNS,303,1,1
1470,BNS,331,1,2
1471,BNS,309,1,1
1471,BNS,331,1,2
1471,BNS,310,1,3
1472,BNS,196,1,1
1472,BNS,189,1,2
1473,BNS,305,1,1
1473,BNS,316,1,2
1474,BNS,103,1,1
1475,BNS,338,1,1
1475,BNS,318,1,2
1476,BNS,103,1,1
1476,BNS,105,1,2
1476,BNS,115,1,3
1477,MV,184,1,1
1477,MV,185,1,2
1478,BNS,316,1,1
1478,BNS,318,1,2
1479,BNS,309,1,1
1479,BNS,310,1,2
1479,BNS,316,1,3
1480,BNS,80,1,1
1480,BNS,85,1,2
1481,MV,184,1,1
1482,BNS,305,1,1
1482,BNS,318,1,2
1482,BNS,310,1,3
1483,BNS,331,1,1
1483,BNS,309,1,2
1484,BNS,305,1,1
1485,BNS,309,1,1
1485,BNS,331,1,2
1486,BNS,64,1,1
1487,BNS,64,1,1
1488,BNS,305,1,1
1488,BNS,309,1,2
1489,MV,185,1,1
1489,MV,184,1,2
1490,BNS,115,1,1
1490,BNS,103,1,2
1490,BNS,118,1,3
1491,BNS,196,1,1
1491,BNS,189,1,2
1492,BNS,196,1,1
1492,BNS,112,1,2
1492,BNS,189,1,3
1493,BNS,85,1,1
1493,BNS,64,1,2
1494,BNS,303,1,1
1495,BNS,338,1,1
1496,IT,66C,1,1
1496,IT,66,1,2
1496,IT,66D,1,3
1497,BNS,310,1,1
1497,BNS,303,1,2
1497,BNS,316,1,3
1498,BNS,338,1,1
1498,BNS,318,1,2
1499,BNS,316,1,1
1500,IT,66D,1,1
1501,BNS,331,1,1
1501,BNS,305,1,2
1501,BNS,310,1,3
1502,BNS,310,1,1
1502,BNS,316,1,2
1502,BNS,331,1,3
1503,BNS,103,1,1
1503,BNS,109,1,2
1503,BNS,105,1,3
1504,BNS,305,1,1
1505,MV,185,1,1
1506,NDPS,8,1,1
1506,NDPS,21,1,2
1507,ARMS,25,1,1
1508,IT,66C,1,1
1508,IT,66,1,2
1508,IT,66D,1,3
1509,BNS,111,1,1
1510,MV,185,1,1
1511,MV,185,1,1
1511,MV,184,1,2
1512,BNS,305,1,1
1513,ARMS,27,1,1
1514,BNS,338,1,1
1514,BNS,318,1,2
1515,IT,66D,1,1
1515,IT,66,1,2
1515,IT,66C,1,3
1516,BNS,118,1,1
1518,BNS,331,1,1
1520,BNS,303,1,1
1520,BNS,316,1,2
1521,BNS,309,1,1
1521,BNS,303,1,2
1522,BNS,118,1,1
1523,BNS,303,1,1
1523,BNS,331,1,2
1523,BNS,310,1,3
1524,BNS,115,1,1
1524,BNS,103,1,2
1524,BNS,109,1,3
1525,BNS,74,1,1
1526,BNS,303,1,1
1526,BNS,318,1,2
1527,BNS,115,1,1
1527,BNS,109,1,2
1528,BNS,310,1,1
1528,BNS,331,1,2
1529,BNS,309,1,1
1529,BNS,316,1,2
1530,BNS,112,1,1
1531,BNS,309,1,1
1531,BNS,303,1,2
1532,BNS,316,1,1
1533,BNS,316,1,1
1534,BNS,103,1,1
1535,IT,66C,1,1
1535,IT,66D,1,2
1536,POCSO,8,1,1
1537,BNS,331,1,1
1537,BNS,303,1,2
1537,BNS,316,1,3
1538,IT,66,1,1
1538,IT,66D,1,2
1538,IT,66C,1,3
1539,BNS,303,1,1
1539,BNS,305,1,2
1539,BNS,318,1,3
1540,BNS,310,1,1
1540,BNS,318,1,2
1541,ARMS,27,1,1
1541,NDPS,20,1,2
1542,BNS,318,1,1
1542,IT,66D,1,2
1543,BNS,318,1,1
1543,BNS,316,1,2
1544,BNS,74,1,1
1544,BNS,78,1,2
1544,BNS,80,1,3
1545,BNS,338,1,1
1545,IT,66D,1,2
1546,IT,66D,1,1
1546,BNS,318,1,2
1546,BNS,338,1,3
1547,BNS,105,1,1
1547,BNS,109,1,2
1547,BNS,103,1,3
1549,BNS,309,1,1
1549,BNS,303,1,2
1550,BNS,80,1,1
1550,BNS,140,1,2
1550,BNS,78,1,3
1551,BNS,115,1,1
1551,BNS,118,1,2
1551,BNS,109,1,3
1552,BNS,189,1,1
1552,BNS,112,1,2
1553,BNS,331,1,1
1553,BNS,310,1,2
1553,BNS,305,1,3
1554,BNS,331,1,1
1554,BNS,309,1,2
1555,NDPS,20,1,1
1556,ARMS,27,1,1
1557,BNS,111,1,1
1558,IT,66D,1,1
1559,IT,66D,1,1
1559,BNS,318,1,2
1559,BNS,338,1,3
1560,BNS,338,1,1
1560,IT,66D,1,2
1561,BNS,309,1,1
1562,MV,184,1,1
1563,BNS,118,1,1
1564,MV,185,1,1
1565,BNS,115,1,1
1567,BNS,309,1,1
1567,BNS,310,1,2
1567,BNS,331,1,3
1568,BNS,331,1,1
1568,BNS,305,1,2
1569,NDPS,21,1,1
1569,NDPS,20,1,2
1569,EXCISE,32,1,3
1570,BNS,310,1,1
1570,BNS,318,1,2
1570,BNS,305,1,3
1571,BNS,305,1,1
1571,BNS,318,1,2
1572,BNS,105,1,1
1573,BNS,140,1,1
1573,BNS,64,1,2
1573,BNS,74,1,3
1574,NDPS,20,1,1
1575,BNS,78,1,1
1575,BNS,80,1,2
1576,BNS,115,1,1
1577,BNS,303,1,1
1577,BNS,316,1,2
1577,BNS,305,1,3
1578,BNS,74,1,1
1578,BNS,85,1,2
1578,BNS,140,1,3
1579,MV,184,1,1
1580,BNS,305,1,1
1580,BNS,316,1,2
1581,PC,7,1,1
1582,BNS,105,1,1
1582,BNS,115,1,2
1582,BNS,109,1,3
1583,BNS,305,1,1
1583,BNS,331,1,2
1583,BNS,310,1,3
1584,BNS,303,1,1
1585,BNS,309,1,1
1585,BNS,303,1,2
1586,BNS,318,1,1
1587,IT,66D,1,1
1589,BNS,316,1,1
1589,BNS,309,1,2
1590,BNS,303,1,1
1590,BNS,331,1,2
1590,BNS,316,1,3
1591,IT,66C,1,1
1592,BNS,140,1,1
1592,BNS,85,1,2
1593,BNS,318,1,1
1594,BNS,305,1,1
1594,BNS,303,1,2
1594,BNS,310,1,3
1596,BNS,111,1,1
1596,BNS,191,1,2
1597,IT,66C,1,1
1598,IT,66D,1,1
1598,BNS,318,1,2
1599,IT,66D,1,1
1599,BNS,338,1,2
1600,BNS,318,1,1
1600,IT,66D,1,2
1600,BNS,338,1,3
1601,BNS,305,1,1
1602,NDPS,20,1,1
1603,BNS,309,1,1
1603,BNS,303,1,2
1603,BNS,310,1,3
1605,BNS,318,1,1
1605,BNS,309,1,2
1605,BNS,303,1,3
1606,BNS,310,1,1
1606,BNS,318,1,2
1606,BNS,303,1,3
1607,BNS,316,1,1
1607,BNS,309,1,2
1608,BNS,316,1,1
1608,BNS,305,1,2
1608,BNS,318,1,3
1609,IT,66D,1,1
1609,IT,66C,1,2
1609,IT,66,1,3
1610,BNS,318,1,1
1610,BNS,316,1,2
1611,MV,185,1,1
1611,MV,184,1,2
1613,BNS,338,1,1
1615,BNS,310,1,1
1615,BNS,318,1,2
1615,BNS,316,1,3
1616,BNS,74,1,1
1616,BNS,78,1,2
1616,BNS,85,1,3
1617,BNS,331,1,1
1617,BNS,305,1,2
1617,BNS,316,1,3
1618,BNS,316,1,1
1618,BNS,331,1,2
1618,BNS,309,1,3
1619,BNS,303,1,1
1620,BNS,115,1,1
1620,BNS,118,1,2
1620,BNS,103,1,3
1621,NDPS,20,1,1
1621,ARMS,27,1,2
1621,NDPS,8,1,3
1622,MV,184,1,1
1623,BNS,316,1,1
1624,BNS,318,1,1
1624,BNS,316,1,2
1624,BNS,310,1,3
1625,BNS,80,1,1
1625,BNS,78,1,2
1626,BNS,318,1,1
1626,BNS,338,1,2
1626,IT,66D,1,3
1627,BNS,115,1,1
1627,BNS,109,1,2
1627,BNS,105,1,3
1628,BNS,316,1,1
1628,BNS,303,1,2
1628,BNS,310,1,3
1629,IT,66D,1,1
1629,BNS,338,1,2
1629,BNS,318,1,3
1630,BNS,196,1,1
1631,ARMS,25,1,1
1631,NDPS,8,1,2
1632,BNS,305,1,1
1633,BNS,109,1,1
1634,BNS,189,1,1
1634,BNS,111,1,2
1634,BNS,196,1,3
1635,BNS,64,1,1
1635,BNS,74,1,2
1635,BNS,85,1,3
1636,POCSO,8,1,1
1636,BNS,140,1,2
1636,POCSO,4,1,3
1637,BNS,74,1,1
1638,IT,66D,1,1
1639,BNS,318,1,1
1639,BNS,338,1,2
1640,BNS,338,1,1
1640,IT,66D,1,2
1640,BNS,318,1,3
1641,BNS,189,1,1
1642,BNS,338,1,1
1642,IT,66D,1,2
1643,BNS,305,1,1
1643,BNS,303,1,2
1643,BNS,316,1,3
1644,BNS,115,1,1
1644,BNS,118,1,2
1644,BNS,105,1,3
1645,POCSO,8,1,1
1646,MV,185,1,1
1646,MV,184,1,2
1647,POCSO,4,1,1
1647,POCSO,8,1,2
1648,BNS,109,1,1
1648,BNS,103,1,2
1649,IT,66D,1,1
1649,BNS,338,1,2
1649,BNS,318,1,3
1650,BNS,115,1,1
1650,BNS,103,1,2
1651,BNS,316,1,1
1652,BNS,316,1,1
1652,BNS,305,1,2
1655,BNS,318,1,1
1655,IT,66D,1,2
1655,BNS,338,1,3
1656,BNS,310,1,1
1657,NDPS,8,1,1
1658,BNS,303,1,1
1659,BNS,310,1,1
1660,BNS,115,1,1
1661,BNS,305,1,1
1661,BNS,316,1,2
1662,IT,66,1,1
1664,BNS,338,1,1
1664,IT,66D,1,2
1665,BNS,105,1,1
1665,BNS,103,1,2
1665,BNS,109,1,3
1666,BNS,109,1,1
1666,BNS,105,1,2
1669,BNS,196,1,1
1669,BNS,191,1,2
1670,BNS,318,1,1
1671,BNS,115,1,1
1671,BNS,105,1,2
1672,BNS,305,1,1
1672,BNS,318,1,2
1673,BNS,338,1,1
1673,BNS,318,1,2
1674,MV,185,1,1
1675,BNS,309,1,1
1675,BNS,316,1,2
1675,BNS,318,1,3
1677,BNS,331,1,1
1677,BNS,303,1,2
1678,MV,184,1,1
1678,MV,185,1,2
1679,BNS,338,1,1
1680,BNS,318,1,1
1681,BNS,316,1,1
1682,BNS,309,1,1
1682,BNS,318,1,2
1682,BNS,303,1,3
1683,BNS,140,1,1
1683,POCSO,8,1,2
1683,POCSO,4,1,3
1684,BNS,103,1,1
1684,BNS,105,1,2
1685,IT,66D,1,1
1685,BNS,318,1,2
1685,BNS,338,1,3
1686,POCSO,8,1,1
1687,MV,185,1,1
1688,BNS,105,1,1
1688,BNS,109,1,2
1689,BNS,318,1,1
1689,BNS,338,1,2
1689,IT,66D,1,3
1690,EXCISE,32,1,1
1690,NDPS,20,1,2
1690,ARMS,25,1,3
1691,BNS,338,1,1
1691,BNS,318,1,2
1691,IT,66D,1,3
1692,BNS,309,1,1
1693,MV,185,1,1
1693,MV,184,1,2
1694,BNS,115,1,1
1694,BNS,118,1,2
1694,BNS,105,1,3
1695,MV,185,1,1
1696,MV,184,1,1
1696,MV,185,1,2
1697,BNS,115,1,1
1697,BNS,118,1,2
1697,BNS,109,1,3
1698,BNS,118,1,1
1699,BNS,318,1,1
1700,PC,7,1,1
1701,BNS,109,1,1
1701,BNS,105,1,2
1702,BNS,305,1,1
1703,BNS,316,1,1
1703,BNS,310,1,2
1704,BNS,85,1,1
1705,IT,66D,1,1
1706,MV,185,1,1
1706,MV,184,1,2
1707,MV,185,1,1
1707,MV,184,1,2
1708,PC,7,1,1
1709,BNS,115,1,1
1709,BNS,103,1,2
1710,BNS,316,1,1
1710,BNS,318,1,2
1710,BNS,310,1,3
1711,BNS,305,1,1
1711,BNS,316,1,2
1712,BNS,310,1,1
1713,BNS,309,1,1
1713,BNS,316,1,2
1714,BNS,331,1,1
1715,BNS,111,1,1
1716,BNS,331,1,1
1717,BNS,318,1,1
1717,BNS,310,1,2
1718,BNS,318,1,1
1719,NDPS,21,1,1
1719,EXCISE,32,1,2
1719,NDPS,8,1,3
1720,BNS,338,1,1
1720,IT,66D,1,2
1721,BNS,303,1,1
1721,BNS,331,1,2
1721,BNS,318,1,3
1722,BNS,305,1,1
1722,BNS,318,1,2
1722,BNS,309,1,3
1723,BNS,331,1,1
1723,BNS,316,1,2
1724,BNS,305,1,1
1724,BNS,310,1,2
1724,BNS,331,1,3
1725,BNS,318,1,1
1725,BNS,331,1,2
1725,BNS,310,1,3
1726,BNS,318,1,1
1726,BNS,338,1,2
1727,BNS,109,1,1
1729,MV,184,1,1
1729,MV,185,1,2
1730,BNS,303,1,1
1731,MV,184,1,1
1732,NDPS,20,1,1
1732,ARMS,25,1,2
1732,ARMS,27,1,3
1733,POCSO,8,1,1
1733,POCSO,4,1,2
1734,BNS,318,1,1
1734,BNS,310,1,2
1734,BNS,305,1,3
1735,BNS,318,1,1
1735,BNS,338,1,2
1736,BNS,318,1,1
1736,BNS,338,1,2
1736,IT,66D,1,3
1737,MV,184,1,1
1737,MV,185,1,2
1738,BNS,103,1,1
1738,BNS,118,1,2
1739,BNS,338,1,1
1739,BNS,318,1,2
1739,IT,66D,1,3
1740,NDPS,20,1,1
1740,EXCISE,32,1,2
1741,BNS,318,1,1
1741,IT,66D,1,2
1742,MV,184,1,1
1742,MV,185,1,2
1743,BNS,309,1,1
1744,BNS,78,1,1
1744,BNS,74,1,2
1744,BNS,140,1,3
1745,IT,66D,1,1
1745,IT,66C,1,2
1746,BNS,318,1,1
1746,BNS,338,1,2
1746,IT,66D,1,3
1747,BNS,74,1,1
1748,BNS,109,1,1
1748,BNS,118,1,2
1748,BNS,103,1,3
1749,BNS,305,1,1
1749,BNS,310,1,2
1749,BNS,331,1,3
1750,BNS,305,1,1
1751,BNS,309,1,1
1751,BNS,310,1,2
1751,BNS,305,1,3
1752,BNS,80,1,1
1752,BNS,140,1,2
1752,BNS,64,1,3
1753,BNS,351,1,1
1753,BNS,112,1,2
1753,BNS,196,1,3
1754,BNS,318,1,1
1755,IT,66D,1,1
1756,MV,184,1,1
1756,MV,185,1,2
1757,BNS,74,1,1
1757,BNS,64,1,2
1758,BNS,80,1,1
1758,BNS,64,1,2
1758,BNS,78,1,3
1759,BNS,338,1,1
1759,IT,66D,1,2
1760,BNS,316,1,1
1761,NDPS,21,1,1
1761,ARMS,25,1,2
1762,BNS,309,1,1
1762,BNS,303,1,2
1763,BNS,316,1,1
1764,BNS,305,1,1
1765,BNS,338,1,1
1765,BNS,318,1,2
1765,IT,66D,1,3
1766,BNS,191,1,1
1767,BNS,316,1,1
1767,BNS,318,1,2
1767,BNS,331,1,3
1768,BNS,140,1,1
1768,BNS,74,1,2
1769,MV,185,1,1
1770,NDPS,21,1,1
1770,NDPS,8,1,2
1770,ARMS,25,1,3
1772,BNS,74,1,1
1772,BNS,78,1,2
1772,BNS,80,1,3
1773,IT,66D,1,1
1773,BNS,318,1,2
1773,BNS,338,1,3
1774,BNS,115,1,1
1774,BNS,109,1,2
1774,BNS,103,1,3
1775,BNS,338,1,1
1776,BNS,309,1,1
1777,MV,185,1,1
1777,MV,184,1,2
1778,BNS,316,1,1
1778,BNS,318,1,2
1779,BNS,331,1,1
1779,BNS,310,1,2
1780,BNS,196,1,1
1781,BNS,309,1,1
1781,BNS,303,1,2
1781,BNS,316,1,3
1782,BNS,318,1,1
1782,BNS,305,1,2
1782,BNS,310,1,3
1783,BNS,351,1,1
1783,BNS,196,1,2
1784,BNS,303,1,1
1784,BNS,316,1,2
1785,BNS,331,1,1
1785,BNS,305,1,2
1785,BNS,310,1,3
1787,MV,185,1,1
1788,BNS,310,1,1
1788,BNS,309,1,2
1788,BNS,318,1,3
1789,NDPS,8,1,1
1789,NDPS,20,1,2
1790,MV,184,1,1
1790,MV,185,1,2
1791,BNS,338,1,1
1791,IT,66D,1,2
1791,BNS,318,1,3
1792,BNS,105,1,1
1792,BNS,103,1,2
1792,BNS,115,1,3
1793,BNS,303,1,1
1794,IT,66D,1,1
1795,BNS,109,1,1
1795,BNS,105,1,2
1796,BNS,316,1,1
1796,BNS,310,1,2
1796,BNS,318,1,3
1797,MV,184,1,1
1797,MV,185,1,2
1798,BNS,189,1,1
1799,BNS,338,1,1
1799,BNS,318,1,2
1799,IT,66D,1,3
1800,BNS,316,1,1
1801,BNS,189,1,1
1802,BNS,316,1,1
1803,NDPS,8,1,1
1804,IT,66D,1,1
1805,BNS,118,1,1
1805,BNS,105,1,2
1805,BNS,109,1,3
1806,MV,185,1,1
1807,NDPS,20,1,1
1808,POCSO,8,1,1
1809,BNS,196,1,1
1809,BNS,112,1,2
1809,BNS,191,1,3
1810,BNS,316,1,1
1810,BNS,318,1,2
1811,BNS,109,1,1
1811,BNS,118,1,2
1811,BNS,115,1,3
1812,BNS,85,1,1
1812,BNS,64,1,2
1812,BNS,78,1,3
1813,IT,66D,1,1
1813,BNS,318,1,2
1813,BNS,338,1,3
1814,BNS,310,1,1
1814,BNS,331,1,2
1814,BNS,309,1,3
1815,IT,66C,1,1
1815,IT,66D,1,2
1816,BNS,303,1,1
1816,BNS,318,1,2
1817,BNS,85,1,1
1818,BNS,318,1,1
1819,BNS,80,1,1
1819,BNS,78,1,2
1819,BNS,85,1,3
1820,PC,7,1,1
1821,BNS,303,1,1
1821,BNS,309,1,2
1821,BNS,305,1,3
1822,BNS,318,1,1
1822,IT,66D,1,2
1823,MV,184,1,1
1824,BNS,331,1,1
1824,BNS,305,1,2
1825,BNS,105,1,1
1825,BNS,109,1,2
1825,BNS,118,1,3
1826,BNS,191,1,1
1827,BNS,64,1,1
1827,BNS,140,1,2
1828,BNS,305,1,1
1828,BNS,309,1,2
1828,BNS,316,1,3
1829,BNS,78,1,1
1829,BNS,85,1,2
1830,BNS,303,1,1
1831,BNS,318,1,1
1832,BNS,310,1,1
1832,BNS,309,1,2
1833,MV,185,1,1
1833,MV,184,1,2
1834,BNS,303,1,1
1834,BNS,331,1,2
1834,BNS,309,1,3
1835,IT,66D,1,1
1835,BNS,338,1,2
1836,BNS,310,1,1
1836,BNS,331,1,2
1836,BNS,309,1,3
1837,MV,185,1,1
1838,BNS,318,1,1
1838,BNS,338,1,2
1839,MV,185,1,1
1839,MV,184,1,2
1840,MV,185,1,1
1840,MV,184,1,2
1842,BNS,103,1,1
1843,BNS,111,1,1
1843,BNS,112,1,2
1843,BNS,189,1,3
1844,BNS,338,1,1
1845,BNS,115,1,1
1845,BNS,105,1,2
1846,BNS,331,1,1
1847,MV,185,1,1
1848,BNS,316,1,1
1848,BNS,331,1,2
1849,MV,184,1,1
1849,MV,185,1,2
1850,BNS,309,1,1
1851,BNS,303,1,1
1851,BNS,310,1,2
1851,BNS,305,1,3
1852,BNS,318,1,1
1852,BNS,309,1,2
1853,MV,185,1,1
1854,BNS,115,1,1
1854,BNS,105,1,2
1855,MV,185,1,1
1856,BNS,338,1,1
1857,BNS,305,1,1
1857,BNS,303,1,2
1858,BNS,74,1,1
1859,BNS,305,1,1
1859,BNS,316,1,2
1859,BNS,318,1,3
1860,BNS,80,1,1
1861,NDPS,20,1,1
1861,EXCISE,32,1,2
1862,BNS,103,1,1
1863,BNS,140,1,1
1863,BNS,64,1,2
1863,BNS,74,1,3
1864,MV,184,1,1
1865,BNS,103,1,1
1866,MV,184,1,1
1866,MV,185,1,2
1867,BNS,140,1,1
1868,NDPS,20,1,1
1869,BNS,318,1,1
1869,BNS,303,1,2
1871,BNS,196,1,1
1871,BNS,112,1,2
1871,BNS,351,1,3
1872,BNS,309,1,1
1872,BNS,305,1,2
1872,BNS,331,1,3
1873,BNS,309,1,1
1873,BNS,305,1,2
1873,BNS,310,1,3
1874,BNS,309,1,1
1875,BNS,318,1,1
1875,IT,66D,1,2
1876,BNS,105,1,1
1877,IT,66D,1,1
1877,BNS,338,1,2
1878,BNS,109,1,1
1878,BNS,103,1,2
1879,BNS,103,1,1
1879,BNS,105,1,2
1879,BNS,115,1,3
1880,BNS,118,1,1
1880,BNS,105,1,2
1881,BNS,80,1,1
1884,BNS,331,1,1
1884,BNS,310,1,2
1885,MV,184,1,1
1887,BNS,85,1,1
1888,BNS,74,1,1
1888,BNS,64,1,2
1888,BNS,78,1,3
1889,BNS,338,1,1
1889,IT,66D,1,2
1889,BNS,318,1,3
1890,BNS,309,1,1
1890,BNS,305,1,2
1891,BNS,318,1,1
1891,BNS,331,1,2
1892,BNS,331,1,1
1892,BNS,310,1,2
1893,BNS,140,1,1
1893,BNS,80,1,2
1894,BNS,85,1,1
1894,BNS,80,1,2
1894,BNS,140,1,3
1895,BNS,140,1,1
1895,BNS,85,1,2
1896,BNS,105,1,1
1896,BNS,103,1,2
1897,BNS,74,1,1
1898,BNS,109,1,1
1898,BNS,105,1,2
1898,BNS,115,1,3
1899,BNS,103,1,1
1900,BNS,331,1,1
1900,BNS,318,1,2
1901,BNS,109,1,1
1902,MV,184,1,1
1902,MV,185,1,2
1903,BNS,305,1,1
1903,BNS,310,1,2
1903,BNS,309,1,3
1904,BNS,309,1,1
1904,BNS,310,1,2
1905,IT,66D,1,1
1905,IT,66C,1,2
1906,BNS,303,1,1
1906,BNS,310,1,2
1906,BNS,318,1,3
1907,BNS,318,1,1
1907,BNS,338,1,2
1908,EXCISE,32,1,1
1908,ARMS,27,1,2
1910,BNS,310,1,1
1911,BNS,78,1,1
1911,BNS,80,1,2
1911,BNS,74,1,3
1912,BNS,109,1,1
1913,BNS,316,1,1
1914,BNS,316,1,1
1915,BNS,305,1,1
1915,BNS,310,1,2
1915,BNS,303,1,3
1916,BNS,140,1,1
1916,POCSO,4,1,2
1917,BNS,303,1,1
1918,BNS,309,1,1
1918,BNS,331,1,2
1919,NDPS,8,1,1
1920,BNS,316,1,1
1920,BNS,331,1,2
1921,NDPS,20,1,1
1922,BNS,309,1,1
1922,BNS,303,1,2
1922,BNS,331,1,3
1923,BNS,103,1,1
1923,BNS,109,1,2
1924,BNS,140,1,1
1924,BNS,80,1,2
1924,BNS,74,1,3
1925,BNS,303,1,1
1925,BNS,318,1,2
1925,BNS,316,1,3
1926,MV,184,1,1
1926,MV,185,1,2
1927,MV,184,1,1
1927,MV,185,1,2
1928,BNS,191,1,1
1928,BNS,196,1,2
1929,MV,185,1,1
1929,MV,184,1,2
1930,POCSO,4,1,1
1930,POCSO,8,1,2
1931,BNS,78,1,1
1931,BNS,64,1,2
1931,BNS,80,1,3
1932,MV,184,1,1
1932,MV,185,1,2
1933,IT,66D,1,1
1933,BNS,338,1,2
1933,BNS,318,1,3
1934,MV,184,1,1
1935,BNS,331,1,1
1935,BNS,305,1,2
1935,BNS,303,1,3
1936,BNS,318,1,1
1936,BNS,305,1,2
1937,BNS,118,1,1
1938,BNS,80,1,1
1938,BNS,64,1,2
1938,BNS,85,1,3
1939,BNS,309,1,1
1939,BNS,305,1,2
1939,BNS,316,1,3
1940,BNS,338,1,1
1940,BNS,318,1,2
1940,IT,66D,1,3
1941,BNS,331,1,1
1941,BNS,309,1,2
1942,BNS,318,1,1
1942,IT,66D,1,2
1942,BNS,338,1,3
1943,BNS,303,1,1
1943,BNS,316,1,2
1944,BNS,115,1,1
1944,BNS,118,1,2
1944,BNS,103,1,3
1945,BNS,310,1,1
1945,BNS,309,1,2
1945,BNS,316,1,3
1947,MV,185,1,1
1948,MV,184,1,1
1948,MV,185,1,2
1949,BNS,105,1,1
1949,BNS,115,1,2
1949,BNS,118,1,3
1950,IT,66C,1,1
1950,IT,66D,1,2
1951,BNS,351,1,1
1951,BNS,111,1,2
1952,BNS,111,1,1
1954,BNS,316,1,1
1954,BNS,309,1,2
1955,BNS,196,1,1
1955,BNS,111,1,2
1955,BNS,112,1,3
1956,BNS,318,1,1
1956,BNS,305,1,2
1957,IT,66D,1,1
1957,BNS,338,1,2
1958,BNS,303,1,1
1958,BNS,310,1,2
1959,BNS,331,1,1
1959,BNS,305,1,2
1959,BNS,309,1,3
1960,BNS,103,1,1
1960,BNS,109,1,2
1961,BNS,318,1,1
1962,IT,66C,1,1
1962,IT,66D,1,2
1962,IT,66,1,3
1963,BNS,74,1,1
1963,BNS,64,1,2
1964,BNS,196,1,1
1964,BNS,351,1,2
1965,NDPS,8,1,1
1965,EXCISE,32,1,2
1966,BNS,310,1,1
1967,BNS,351,1,1
1967,BNS,189,1,2
1967,BNS,111,1,3
1968,BNS,309,1,1
1968,BNS,318,1,2
1969,BNS,309,1,1
1969,BNS,303,1,2
1970,BNS,310,1,1
1970,BNS,318,1,2
1971,BNS,316,1,1
1972,BNS,310,1,1
1972,BNS,316,1,2
1972,BNS,303,1,3
1973,BNS,316,1,1
1973,BNS,310,1,2
1973,BNS,303,1,3
1974,MV,184,1,1
1975,BNS,305,1,1
1975,BNS,318,1,2
1976,MV,184,1,1
1976,MV,185,1,2
1977,MV,185,1,1
1977,MV,184,1,2
1978,BNS,316,1,1
1979,NDPS,8,1,1
1979,NDPS,20,1,2
1979,NDPS,21,1,3
1980,IT,66D,1,1
1980,BNS,318,1,2
1981,BNS,305,1,1
1982,BNS,105,1,1
1983,BNS,318,1,1
1983,BNS,316,1,2
1983,BNS,303,1,3
1984,IT,66C,1,1
1984,IT,66D,1,2
1985,BNS,115,1,1
1985,BNS,109,1,2
1985,BNS,118,1,3
1986,BNS,85,1,1
1987,IT,66,1,1
1987,IT,66C,1,2
1988,BNS,338,1,1
1988,BNS,318,1,2
1989,BNS,318,1,1
1990,BNS,103,1,1
1990,BNS,109,1,2
1991,BNS,305,1,1
1991,BNS,303,1,2
1991,BNS,316,1,3
1992,BNS,318,1,1
1992,BNS,305,1,2
1993,BNS,309,1,1
1993,BNS,303,1,2
1993,BNS,310,1,3
1994,BNS,351,1,1
1994,BNS,191,1,2
1994,BNS,111,1,3
1995,BNS,310,1,1
1996,IT,66D,1,1
1996,IT,66C,1,2
1998,IT,66D,1,1
1998,BNS,338,1,2
1999,BNS,109,1,1
2000,BNS,310,1,1
2000,BNS,305,1,2
2001,IT,66,1,1
2002,BNS,85,1,1
2002,BNS,80,1,2
2003,BNS,64,1,1
2003,BNS,74,1,2
2004,BNS,310,1,1
2004,BNS,331,1,2
2005,BNS,318,1,1
2005,BNS,303,1,2
2006,BNS,309,1,1
2006,BNS,318,1,2
2007,BNS,103,1,1
2007,BNS,118,1,2
2007,BNS,109,1,3
2008,NDPS,20,1,1
2008,ARMS,27,1,2
2008,NDPS,8,1,3
2009,BNS,305,1,1
2010,BNS,109,1,1
2010,BNS,105,1,2
2011,BNS,318,1,1
2011,IT,66D,1,2
2012,MV,185,1,1
2013,IT,66D,1,1
2013,IT,66C,1,2
2014,BNS,78,1,1
2014,BNS,140,1,2
2014,BNS,80,1,3
2015,MV,184,1,1
2016,BNS,85,1,1
2016,BNS,140,1,2
2016,BNS,64,1,3
2017,BNS,103,1,1
2017,BNS,109,1,2
2017,BNS,105,1,3
2018,BNS,331,1,1
2018,BNS,303,1,2
2018,BNS,310,1,3
2019,BNS,338,1,1
2019,BNS,318,1,2
2019,IT,66D,1,3
2020,MV,185,1,1
2021,BNS,78,1,1
2022,BNS,118,1,1
2023,BNS,74,1,1
2024,BNS,338,1,1
2024,IT,66D,1,2
2024,BNS,318,1,3
2025,BNS,118,1,1
2025,BNS,105,1,2
2026,BNS,318,1,1
2026,IT,66D,1,2
2027,BNS,115,1,1
2027,BNS,109,1,2
2028,NDPS,21,1,1
2028,EXCISE,32,1,2
2028,ARMS,25,1,3
2029,BNS,351,1,1
2030,BNS,105,1,1
2031,BNS,115,1,1
2032,BNS,318,1,1
2032,IT,66D,1,2
2033,MV,185,1,1
2033,MV,184,1,2
2034,BNS,331,1,1
2035,BNS,316,1,1
2036,POCSO,8,1,1
2038,BNS,303,1,1
2038,BNS,310,1,2
2038,BNS,309,1,3
2040,BNS,189,1,1
2040,BNS,111,1,2
2041,IT,66D,1,1
2042,BNS,305,1,1
2043,BNS,303,1,1
2043,BNS,305,1,2
2043,BNS,331,1,3
2044,BNS,303,1,1
2045,BNS,318,1,1
2045,IT,66D,1,2
2046,BNS,338,1,1
2047,BNS,140,1,1
2047,BNS,74,1,2
2047,BNS,85,1,3
2048,PC,7,1,1
2049,BNS,112,1,1
2049,BNS,351,1,2
2050,MV,185,1,1
2053,IT,66D,1,1
2053,BNS,338,1,2
2054,IT,66,1,1
2055,BNS,103,1,1
2057,MV,184,1,1
2057,MV,185,1,2
2058,MV,184,1,1
2059,BNS,111,1,1
2059,BNS,112,1,2
2059,BNS,191,1,3
2060,POCSO,4,1,1
2060,POCSO,8,1,2
2060,BNS,140,1,3
2061,IT,66C,1,1
2062,BNS,305,1,1
2062,BNS,316,1,2
2062,BNS,310,1,3
2063,MV,185,1,1
2064,BNS,310,1,1
2064,BNS,303,1,2
2064,BNS,305,1,3
2065,BNS,309,1,1
2065,BNS,318,1,2
2065,BNS,331,1,3
2066,BNS,331,1,1
2066,BNS,305,1,2
2068,BNS,115,1,1
2068,BNS,105,1,2
2069,BNS,103,1,1
2069,BNS,109,1,2
2069,BNS,118,1,3
2070,BNS,331,1,1
2070,BNS,316,1,2
2070,BNS,318,1,3
2071,BNS,303,1,1
2071,BNS,309,1,2
2072,BNS,118,1,1
2073,BNS,80,1,1
2073,BNS,64,1,2
2073,BNS,74,1,3
2074,BNS,318,1,1
2074,BNS,316,1,2
2075,EXCISE,32,1,1
2075,ARMS,27,1,2
2076,BNS,189,1,1
2076,BNS,191,1,2
2076,BNS,196,1,3
2077,BNS,309,1,1
2077,BNS,331,1,2
2077,BNS,310,1,3
2078,BNS,305,1,1
2078,BNS,309,1,2
2079,BNS,318,1,1
2079,BNS,331,1,2
2080,IT,66D,1,1
2080,BNS,318,1,2
2080,BNS,338,1,3
2081,BNS,85,1,1
2082,NDPS,20,1,1
2082,ARMS,25,1,2
2082,ARMS,27,1,3
2083,BNS,105,1,1
2083,BNS,109,1,2
2083,BNS,115,1,3
2084,MV,184,1,1
2085,BNS,189,1,1
2086,MV,184,1,1
2087,BNS,64,1,1
2088,BNS,303,1,1
2088,BNS,310,1,2
2088,BNS,331,1,3
2089,MV,184,1,1
2089,MV,185,1,2
2090,MV,184,1,1
2090,MV,185,1,2
2091,BNS,189,1,1
2092,MV,185,1,1
2092,MV,184,1,2
2093,BNS,196,1,1
2093,BNS,111,1,2
2095,POCSO,8,1,1
2095,POCSO,4,1,2
2095,BNS,140,1,3
2096,MV,184,1,1
2097,EXCISE,32,1,1
2097,ARMS,25,1,2
2098,BNS,196,1,1
2098,BNS,191,1,2
2098,BNS,351,1,3
2099,BNS,196,1,1
2100,BNS,331,1,1
2100,BNS,309,1,2
2100,BNS,318,1,3
2101,IT,66D,1,1
2102,BNS,85,1,1
2103,BNS,316,1,1
2103,BNS,331,1,2
2103,BNS,303,1,3
2104,MV,185,1,1
2104,MV,184,1,2
2105,BNS,309,1,1
2106,BNS,85,1,1
2106,BNS,64,1,2
2106,BNS,74,1,3
2108,IT,66D,1,1
2109,NDPS,8,1,1
2110,IT,66D,1,1
2111,BNS,318,1,1
2111,BNS,331,1,2
2112,BNS,338,1,1
2112,IT,66D,1,2
2112,BNS,318,1,3
2113,BNS,351,1,1
2115,BNS,105,1,1
2115,BNS,115,1,2
2115,BNS,118,1,3
2116,MV,185,1,1
2117,BNS,305,1,1
2118,BNS,305,1,1
2119,BNS,115,1,1
2120,BNS,74,1,1
2120,BNS,64,1,2
2120,BNS,78,1,3
2121,BNS,310,1,1
2121,BNS,309,1,2
2122,BNS,316,1,1
2122,BNS,331,1,2
2122,BNS,318,1,3
2123,PC,7,1,1
2124,IT,66D,1,1
2124,IT,66,1,2
2125,BNS,78,1,1
2125,BNS,85,1,2
2125,BNS,80,1,3
2126,IT,66D,1,1
2127,MV,185,1,1
2128,BNS,118,1,1
2128,BNS,103,1,2
2128,BNS,115,1,3
2129,BNS,303,1,1
2130,BNS,109,1,1
2130,BNS,105,1,2
2131,BNS,318,1,1
2131,BNS,316,1,2
2131,BNS,331,1,3
2132,NDPS,21,1,1
2133,BNS,331,1,1
2134,BNS,85,1,1
2134,BNS,74,1,2
2135,BNS,105,1,1
2135,BNS,118,1,2
2135,BNS,109,1,3
2136,BNS,305,1,1
2136,BNS,309,1,2
2137,BNS,111,1,1
2137,BNS,112,1,2
2138,MV,185,1,1
2138,MV,184,1,2
2139,BNS,111,1,1
2139,BNS,351,1,2
2140,BNS,338,1,1
2140,BNS,318,1,2
2141,BNS,140,1,1
2141,BNS,78,1,2
2142,IT,66,1,1
2142,IT,66D,1,2
2142,IT,66C,1,3
2143,BNS,310,1,1
2143,BNS,318,1,2
2143,BNS,305,1,3
2144,BNS,351,1,1
2144,BNS,189,1,2
2145,BNS,309,1,1
2145,BNS,310,1,2
2145,BNS,331,1,3
2146,BNS,310,1,1
2146,BNS,318,1,2
2147,BNS,303,1,1
2147,BNS,305,1,2
2147,BNS,318,1,3
2148,BNS,338,1,1
2148,IT,66D,1,2
2149,NDPS,8,1,1
2149,EXCISE,32,1,2
2150,BNS,316,1,1
2151,BNS,318,1,1
2151,BNS,309,1,2
2152,BNS,80,1,1
2152,BNS,85,1,2
2153,BNS,189,1,1
2153,BNS,111,1,2
2154,BNS,115,1,1
2154,BNS,105,1,2
2155,ARMS,25,1,1
2156,IT,66C,1,1
2156,IT,66,1,2
2157,BNS,303,1,1
2158,POCSO,8,1,1
2159,BNS,74,1,1
2159,BNS,140,1,2
2160,MV,185,1,1
2160,MV,184,1,2
2161,BNS,309,1,1
2162,NDPS,20,1,1
2162,ARMS,27,1,2
2162,EXCISE,32,1,3
2163,BNS,305,1,1
2164,BNS,309,1,1
2164,BNS,331,1,2
2164,BNS,303,1,3
2165,BNS,80,1,1
2165,BNS,74,1,2
2165,BNS,140,1,3
2166,BNS,318,1,1
2167,BNS,309,1,1
2167,BNS,310,1,2
2167,BNS,303,1,3
2168,BNS,85,1,1
2170,BNS,78,1,1
2170,BNS,85,1,2
2171,BNS,305,1,1
2171,BNS,331,1,2
2171,BNS,309,1,3
2172,BNS,310,1,1
2172,BNS,305,1,2
2173,MV,185,1,1
2173,MV,184,1,2
2174,ARMS,25,1,1
2175,BNS,310,1,1
2175,BNS,303,1,2
2175,BNS,305,1,3
2176,BNS,305,1,1
2176,BNS,316,1,2
2176,BNS,318,1,3
2177,BNS,309,1,1
2178,BNS,309,1,1
2178,BNS,316,1,2
2178,BNS,305,1,3
2179,IT,66C,1,1
2179,IT,66,1,2
2179,IT,66D,1,3
2180,IT,66D,1,1
2180,BNS,338,1,2
2181,BNS,115,1,1
2181,BNS,109,1,2
2181,BNS,103,1,3
2182,POCSO,8,1,1
2182,BNS,140,1,2
2182,POCSO,4,1,3
2183,BNS,140,1,1
2183,POCSO,4,1,2
2183,POCSO,8,1,3
2184,BNS,310,1,1
2184,BNS,305,1,2
2184,BNS,318,1,3
2185,BNS,318,1,1
2185,BNS,316,1,2
2185,BNS,303,1,3
2187,BNS,80,1,1
2188,BNS,316,1,1
2188,BNS,310,1,2
2189,MV,185,1,1
2190,PC,7,1,1
2191,BNS,318,1,1
2191,BNS,338,1,2
2191,IT,66D,1,3
2192,BNS,109,1,1
2192,BNS,103,1,2
2194,BNS,305,1,1
2194,BNS,316,1,2
2195,BNS,318,1,1
2195,BNS,338,1,2
2195,IT,66D,1,3
2196,BNS,338,1,1
2197,BNS,318,1,1
2197,BNS,303,1,2
2198,BNS,118,1,1
2198,BNS,109,1,2
2198,BNS,105,1,3
2199,BNS,309,1,1
2199,BNS,310,1,2
2199,BNS,316,1,3
2200,BNS,78,1,1
2200,BNS,80,1,2
2200,BNS,64,1,3
2201,BNS,115,1,1
2201,BNS,109,1,2
2201,BNS,103,1,3
2202,MV,184,1,1
2203,BNS,303,1,1
2203,BNS,318,1,2
2204,BNS,118,1,1
2205,BNS,309,1,1
2205,BNS,316,1,2
2206,BNS,338,1,1
2206,IT,66D,1,2
2206,BNS,318,1,3
2207,BNS,303,1,1
2207,BNS,309,1,2
2208,BNS,309,1,1
2209,BNS,303,1,1
2209,BNS,318,1,2
2209,BNS,310,1,3
2210,BNS,305,1,1
2210,BNS,331,1,2
2211,MV,184,1,1
2211,MV,185,1,2
2212,BNS,118,1,1
2212,BNS,103,1,2
2213,BNS,85,1,1
2213,BNS,78,1,2
2213,BNS,80,1,3
2214,BNS,310,1,1
2214,BNS,316,1,2
2214,BNS,318,1,3
2215,IT,66D,1,1
2215,BNS,338,1,2
2215,BNS,318,1,3
2216,BNS,310,1,1
2217,BNS,80,1,1
2218,BNS,331,1,1
2219,IT,66D,1,1
2219,IT,66C,1,2
2220,NDPS,8,1,1
2220,ARMS,27,1,2
2220,EXCISE,32,1,3
2221,BNS,316,1,1
2222,BNS,118,1,1
2222,BNS,103,1,2
2222,BNS,109,1,3
2223,BNS,80,1,1
2224,BNS,305,1,1
2224,BNS,303,1,2
2226,BNS,115,1,1
2226,BNS,109,1,2
2227,BNS,118,1,1
2227,BNS,115,1,2
2228,ARMS,25,1,1
2228,ARMS,27,1,2
2229,BNS,309,1,1
2229,BNS,318,1,2
2230,MV,185,1,1
2230,MV,184,1,2
2231,BNS,310,1,1
2231,BNS,316,1,2
2231,BNS,331,1,3
2232,MV,184,1,1
2233,BNS,310,1,1
2234,BNS,338,1,1
2234,IT,66D,1,2
2234,BNS,318,1,3
2235,BNS,310,1,1
2235,BNS,331,1,2
2235,BNS,309,1,3
2236,BNS,318,1,1
2236,BNS,338,1,2
2236,IT,66D,1,3
2237,BNS,316,1,1
2237,BNS,305,1,2
2237,BNS,318,1,3
2238,BNS,318,1,1
2238,BNS,338,1,2
2238,IT,66D,1,3
2240,BNS,318,1,1
2240,BNS,309,1,2
2240,BNS,303,1,3
2241,BNS,80,1,1
2242,POCSO,4,1,1
2243,BNS,309,1,1
2243,BNS,318,1,2
2244,ARMS,25,1,1
2244,NDPS,8,1,2
2244,NDPS,21,1,3
2245,BNS,105,1,1
2245,BNS,103,1,2
2246,BNS,316,1,1
2246,BNS,305,1,2
2246,BNS,309,1,3
2247,IT,66,1,1
2247,IT,66C,1,2
2247,IT,66D,1,3
2248,BNS,112,1,1
2248,BNS,351,1,2
2248,BNS,111,1,3
2249,BNS,316,1,1
2249,BNS,318,1,2
2249,BNS,310,1,3
2250,MV,185,1,1
2250,MV,184,1,2
2251,BNS,318,1,1
2251,BNS,331,1,2
2251,BNS,316,1,3
2252,MV,184,1,1
2253,MV,184,1,1
2253,MV,185,1,2
2254,BNS,316,1,1
2255,MV,185,1,1
2256,BNS,196,1,1
2256,BNS,112,1,2
2257,BNS,316,1,1
2257,BNS,303,1,2
2258,BNS,140,1,1
2258,BNS,78,1,2
2259,MV,185,1,1
2259,MV,184,1,2
2260,MV,185,1,1
2260,MV,184,1,2
2261,BNS,310,1,1
2262,BNS,310,1,1
2262,BNS,318,1,2
2263,BNS,109,1,1
2263,BNS,103,1,2
2264,BNS,112,1,1
2264,BNS,351,1,2
2265,BNS,331,1,1
2265,BNS,303,1,2
2265,BNS,309,1,3
2266,BNS,305,1,1
2267,BNS,331,1,1
2267,BNS,310,1,2
2267,BNS,316,1,3
2268,BNS,303,1,1
2268,BNS,305,1,2
2269,BNS,338,1,1
2269,IT,66D,1,2
2270,IT,66D,1,1
2271,POCSO,4,1,1
2272,BNS,310,1,1
2273,BNS,305,1,1
2273,BNS,310,1,2
2274,BNS,331,1,1
2274,BNS,305,1,2
2275,PC,7,1,1
2276,BNS,318,1,1
2277,IT,66D,1,1
2278,BNS,310,1,1
2278,BNS,303,1,2
2278,BNS,318,1,3
2279,BNS,338,1,1
2279,BNS,318,1,2
2279,IT,66D,1,3
2280,BNS,318,1,1
2280,IT,66D,1,2
2280,BNS,338,1,3
2281,BNS,115,1,1
2282,MV,184,1,1
2283,BNS,111,1,1
2283,BNS,191,1,2
2284,BNS,318,1,1
2285,BNS,318,1,1
2285,BNS,338,1,2
2285,IT,66D,1,3
2286,IT,66D,1,1
2286,BNS,318,1,2
2286,BNS,338,1,3
2287,BNS,109,1,1
2288,BNS,64,1,1
2288,BNS,74,1,2
2289,MV,185,1,1
2290,BNS,115,1,1
2290,BNS,105,1,2
2291,BNS,331,1,1
2291,BNS,305,1,2
2292,BNS,318,1,1
2293,BNS,305,1,1
2294,BNS,331,1,1
2294,BNS,305,1,2
2295,POCSO,8,1,1
2295,POCSO,4,1,2
2296,BNS,191,1,1
2297,MV,185,1,1
2298,BNS,331,1,1
2298,BNS,316,1,2
2298,BNS,303,1,3
2299,BNS,103,1,1
2299,BNS,105,1,2
2300,BNS,303,1,1
2300,BNS,331,1,2
2301,BNS,105,1,1
2302,IT,66D,1,1
2303,BNS,189,1,1
2303,BNS,112,1,2
2303,BNS,351,1,3
2304,BNS,303,1,1
2305,NDPS,20,1,1
2305,ARMS,25,1,2
2305,NDPS,21,1,3
2306,BNS,140,1,1
2306,POCSO,4,1,2
2307,IT,66D,1,1
2307,BNS,318,1,2
2308,BNS,331,1,1
2308,BNS,309,1,2
2308,BNS,303,1,3
2309,BNS,338,1,1
2310,BNS,331,1,1
2311,EXCISE,32,1,1
2311,ARMS,27,1,2
2311,ARMS,25,1,3
2312,BNS,189,1,1
2312,BNS,112,1,2
2313,BNS,140,1,1
2313,POCSO,8,1,2
2314,BNS,310,1,1
2315,BNS,112,1,1
2316,BNS,305,1,1
2316,BNS,318,1,2
2317,BNS,118,1,1
2317,BNS,105,1,2
2317,BNS,103,1,3
2318,IT,66D,1,1
2318,BNS,318,1,2
2319,MV,185,1,1
2319,MV,184,1,2
2320,ARMS,25,1,1
2320,NDPS,8,1,2
2321,MV,184,1,1
2323,BNS,103,1,1
2323,BNS,118,1,2
2324,BNS,331,1,1
2324,BNS,318,1,2
2325,BNS,305,1,1
2325,BNS,331,1,2
2326,BNS,351,1,1
2327,BNS,331,1,1
2327,BNS,309,1,2
2328,BNS,80,1,1
2328,BNS,85,1,2
2329,IT,66D,1,1
2329,BNS,318,1,2
2329,BNS,338,1,3
2330,BNS,318,1,1
2330,IT,66D,1,2
2330,BNS,338,1,3
2331,IT,66D,1,1
2331,BNS,338,1,2
2331,BNS,318,1,3
2332,BNS,316,1,1
2332,BNS,303,1,2
2333,NDPS,20,1,1
2334,BNS,351,1,1
2334,BNS,196,1,2
2335,MV,185,1,1
2336,BNS,331,1,1
2337,BNS,303,1,1
2337,BNS,309,1,2
2337,BNS,310,1,3
2338,BNS,316,1,1
2340,BNS,303,1,1
2341,BNS,331,1,1
2341,BNS,303,1,2
2341,BNS,310,1,3
2342,BNS,80,1,1
2342,BNS,78,1,2
2343,BNS,105,1,1
2343,BNS,118,1,2
2343,BNS,109,1,3
2344,BNS,191,1,1
2344,BNS,112,1,2
2345,BNS,112,1,1
2345,BNS,189,1,2
2346,BNS,318,1,1
2346,BNS,309,1,2
2346,BNS,310,1,3
2347,IT,66D,1,1
2347,BNS,338,1,2
2347,BNS,318,1,3
2348,POCSO,8,1,1
2348,POCSO,4,1,2
2349,BNS,105,1,1
2349,BNS,115,1,2
2349,BNS,109,1,3
2350,BNS,140,1,1
2350,BNS,78,1,2
2351,BNS,316,1,1
2351,BNS,318,1,2
2351,BNS,303,1,3
2352,BNS,338,1,1
2353,ARMS,27,1,1
2354,BNS,115,1,1
2354,BNS,118,1,2
2355,NDPS,8,1,1
2355,ARMS,27,1,2
2355,EXCISE,32,1,3
2356,BNS,303,1,1
2356,BNS,310,1,2
2356,BNS,331,1,3
2357,BNS,316,1,1
2357,BNS,309,1,2
2358,BNS,303,1,1
2358,BNS,309,1,2
2358,BNS,305,1,3
2359,BNS,309,1,1
2360,BNS,85,1,1
2361,BNS,318,1,1
2361,BNS,305,1,2
2362,BNS,118,1,1
2363,BNS,316,1,1
2363,BNS,309,1,2
2363,BNS,305,1,3
2364,MV,184,1,1
2364,MV,185,1,2
2365,BNS,305,1,1
2365,BNS,303,1,2
2366,BNS,118,1,1
2366,BNS,109,1,2
2366,BNS,105,1,3
2367,BNS,85,1,1
2367,BNS,140,1,2
2368,BNS,318,1,1
2369,MV,185,1,1
2369,MV,184,1,2
2370,ARMS,25,1,1
2370,NDPS,20,1,2
2371,BNS,351,1,1
2371,BNS,112,1,2
2371,BNS,189,1,3
2372,BNS,305,1,1
2372,BNS,303,1,2
2373,BNS,303,1,1
2374,BNS,78,1,1
2374,BNS,140,1,2
2375,BNS,310,1,1
2375,BNS,305,1,2
2376,EXCISE,32,1,1
2377,BNS,305,1,1
2377,BNS,316,1,2
2377,BNS,318,1,3
2378,MV,184,1,1
2379,BNS,303,1,1
2380,EXCISE,32,1,1
2381,BNS,318,1,1
2381,BNS,305,1,2
2381,BNS,309,1,3
2382,IT,66C,1,1
2382,IT,66D,1,2
2383,BNS,78,1,1
2383,BNS,74,1,2
2384,BNS,103,1,1
2385,BNS,196,1,1
2386,BNS,111,1,1
2386,BNS,351,1,2
2387,BNS,316,1,1
2387,BNS,303,1,2
2387,BNS,310,1,3
2389,BNS,309,1,1
2390,BNS,331,1,1
2391,BNS,318,1,1
2391,BNS,338,1,2
2391,IT,66D,1,3
2392,BNS,310,1,1
2393,MV,185,1,1
2394,IT,66C,1,1
2394,IT,66D,1,2
2394,IT,66,1,3
2395,BNS,318,1,1
2396,BNS,85,1,1
2396,BNS,78,1,2
2396,BNS,74,1,3
2397,BNS,316,1,1
2397,BNS,331,1,2
2397,BNS,318,1,3
2398,IT,66D,1,1
2398,IT,66C,1,2
2398,IT,66,1,3
2399,ARMS,25,1,1
2399,NDPS,8,1,2
2400,BNS,303,1,1
2400,BNS,310,1,2
2400,BNS,318,1,3
2401,BNS,85,1,1
2401,BNS,64,1,2
2401,BNS,74,1,3
2402,BNS,331,1,1
2402,BNS,318,1,2
2402,BNS,309,1,3
2403,BNS,303,1,1
2404,BNS,310,1,1
2404,BNS,331,1,2
2405,BNS,309,1,1
2405,BNS,316,1,2
2405,BNS,305,1,3
2406,BNS,303,1,1
2407,BNS,309,1,1
2407,BNS,310,1,2
2408,BNS,309,1,1
2409,BNS,316,1,1
2409,BNS,331,1,2
2409,BNS,305,1,3
2410,MV,185,1,1
2411,BNS,103,1,1
2411,BNS,105,1,2
2412,BNS,78,1,1
2413,BNS,191,1,1
2413,BNS,196,1,2
2413,BNS,189,1,3
2414,MV,184,1,1
2415,BNS,303,1,1
2416,BNS,74,1,1
2416,BNS,64,1,2
2416,BNS,85,1,3
2417,BNS,103,1,1
2417,BNS,118,1,2
2418,BNS,318,1,1
2418,BNS,331,1,2
2419,MV,185,1,1
2419,MV,184,1,2
2420,BNS,318,1,1
2420,BNS,310,1,2
2420,BNS,303,1,3
2421,BNS,118,1,1
2421,BNS,109,1,2
2422,BNS,331,1,1
2423,BNS,303,1,1
2424,MV,184,1,1
2425,BNS,109,1,1
2425,BNS,105,1,2
2425,BNS,115,1,3
2426,BNS,316,1,1
2426,BNS,305,1,2
2427,BNS,310,1,1
2428,MV,185,1,1
2428,MV,184,1,2
2429,BNS,118,1,1
2429,BNS,115,1,2
2430,BNS,103,1,1
2430,BNS,109,1,2
2430,BNS,115,1,3
2431,BNS,115,1,1
2431,BNS,109,1,2
2431,BNS,103,1,3
2432,BNS,109,1,1
2433,IT,66,1,1
2433,IT,66D,1,2
2434,BNS,316,1,1
2434,BNS,318,1,2
2435,BNS,111,1,1
2436,BNS,318,1,1
2437,BNS,305,1,1
2437,BNS,331,1,2
2437,BNS,318,1,3
2439,MV,185,1,1
2439,MV,184,1,2
2440,BNS,318,1,1
2440,IT,66D,1,2
2441,BNS,115,1,1
2441,BNS,109,1,2
2441,BNS,103,1,3
2442,BNS,303,1,1
2442,BNS,318,1,2
2442,BNS,310,1,3
2443,BNS,115,1,1
2443,BNS,105,1,2
2444,BNS,196,1,1
2444,BNS,112,1,2
2445,IT,66D,1,1
2445,BNS,318,1,2
2446,BNS,109,1,1
2446,BNS,103,1,2
2447,BNS,309,1,1
2447,BNS,310,1,2
2447,BNS,305,1,3
2448,BNS,103,1,1
2448,BNS,115,1,2
2449,BNS,310,1,1
2449,BNS,309,1,2
2450,BNS,338,1,1
2450,IT,66D,1,2
2451,MV,184,1,1
2452,MV,184,1,1
2452,MV,185,1,2
2453,BNS,303,1,1
2454,BNS,305,1,1
2454,BNS,316,1,2
2454,BNS,318,1,3
2455,BNS,310,1,1
2455,BNS,331,1,2
2455,BNS,309,1,3
2456,MV,184,1,1
2457,BNS,305,1,1
2457,BNS,318,1,2
2457,BNS,316,1,3
2458,BNS,305,1,1
2458,BNS,318,1,2
2459,BNS,85,1,1
2459,BNS,74,1,2
2459,BNS,140,1,3
2460,BNS,115,1,1
2461,BNS,331,1,1
2461,BNS,316,1,2
2462,BNS,305,1,1
2462,BNS,316,1,2
2463,MV,184,1,1
2464,BNS,310,1,1
2465,BNS,309,1,1
2465,BNS,316,1,2
2466,BNS,303,1,1
2467,BNS,310,1,1
2468,BNS,74,1,1
2468,BNS,78,1,2
2468,BNS,64,1,3
2469,BNS,191,1,1
2469,BNS,189,1,2
2470,BNS,316,1,1
2471,BNS,318,1,1
2471,BNS,331,1,2
2471,BNS,309,1,3
2472,PC,7,1,1
2473,BNS,338,1,1
2474,BNS,338,1,1
2474,IT,66D,1,2
2474,BNS,318,1,3
2475,BNS,338,1,1
2475,IT,66D,1,2
2475,BNS,318,1,3
2476,BNS,318,1,1
2477,MV,185,1,1
2478,BNS,140,1,1
2478,BNS,64,1,2
2480,NDPS,8,1,1
2480,ARMS,27,1,2
2481,BNS,331,1,1
2482,BNS,85,1,1
2483,ARMS,25,1,1
2483,NDPS,8,1,2
2484,BNS,303,1,1
2484,BNS,331,1,2
2485,MV,185,1,1
2486,BNS,191,1,1
2486,BNS,189,1,2
2487,BNS,309,1,1
2488,BNS,85,1,1
2488,BNS,80,1,2
2488,BNS,140,1,3
2490,BNS,118,1,1
2490,BNS,105,1,2
2490,BNS,109,1,3
2491,BNS,318,1,1
2492,BNS,118,1,1
2493,BNS,318,1,1
2493,BNS,309,1,2
2494,BNS,111,1,1
2494,BNS,112,1,2
2494,BNS,351,1,3
2495,BNS,310,1,1
2496,BNS,309,1,1
2497,EXCISE,32,1,1
2497,ARMS,25,1,2
2497,NDPS,8,1,3
2498,BNS,310,1,1
2498,BNS,331,1,2
2499,BNS,309,1,1
2500,MV,184,1,1
2500,MV,185,1,2
2501,BNS,305,1,1
2501,BNS,303,1,2
2501,BNS,316,1,3
2502,BNS,318,1,1
2503,BNS,303,1,1
2504,MV,185,1,1
2504,MV,184,1,2
2505,BNS,316,1,1
2505,BNS,303,1,2
2506,BNS,318,1,1
2506,BNS,338,1,2
2507,EXCISE,32,1,1
2507,NDPS,20,1,2
2507,ARMS,25,1,3
2508,MV,185,1,1
2508,MV,184,1,2
2509,BNS,331,1,1
2509,BNS,309,1,2
2510,BNS,140,1,1
2510,BNS,74,1,2
2510,BNS,80,1,3
2511,NDPS,8,1,1
2511,ARMS,25,1,2
2511,NDPS,21,1,3
2512,MV,185,1,1
2513,BNS,310,1,1
2513,BNS,316,1,2
2514,BNS,64,1,1
2515,BNS,305,1,1
2516,BNS,196,1,1
2516,BNS,111,1,2
2517,BNS,331,1,1
2517,BNS,305,1,2
2518,BNS,103,1,1
2518,BNS,115,1,2
2519,MV,184,1,1
2519,MV,185,1,2
2520,BNS,310,1,1
2520,BNS,309,1,2
2520,BNS,316,1,3
2521,MV,185,1,1
2522,BNS,105,1,1
2522,BNS,103,1,2
2523,BNS,303,1,1
2523,BNS,316,1,2
2523,BNS,310,1,3
2524,MV,184,1,1
2524,MV,185,1,2
2525,BNS,338,1,1
2525,BNS,318,1,2
2526,BNS,74,1,1
2526,BNS,140,1,2
2527,PC,7,1,1
2528,BNS,318,1,1
2528,BNS,338,1,2
2530,BNS,305,1,1
2530,BNS,310,1,2
2530,BNS,316,1,3
2531,BNS,318,1,1
2531,IT,66D,1,2
2532,NDPS,8,1,1
2533,IT,66D,1,1
2534,MV,185,1,1
2536,BNS,316,1,1
2537,NDPS,8,1,1
2537,EXCISE,32,1,2
2537,ARMS,27,1,3
2538,EXCISE,32,1,1
2539,IT,66,1,1
2539,IT,66D,1,2
2540,BNS,338,1,1
2540,BNS,318,1,2
2541,BNS,310,1,1
2541,BNS,316,1,2
2541,BNS,305,1,3
2542,BNS,316,1,1
2542,BNS,310,1,2
2542,BNS,309,1,3
2543,BNS,309,1,1
2544,MV,185,1,1
2545,BNS,310,1,1
2546,BNS,196,1,1
2546,BNS,191,1,2
2546,BNS,111,1,3
2547,BNS,309,1,1
2548,PC,7,1,1
2549,BNS,310,1,1
2549,BNS,303,1,2
2549,BNS,331,1,3
2550,BNS,109,1,1
2551,BNS,305,1,1
2551,BNS,316,1,2
2551,BNS,318,1,3
2552,BNS,305,1,1
2552,BNS,316,1,2
2553,BNS,80,1,1
2554,ARMS,25,1,1
2555,BNS,316,1,1
2555,BNS,305,1,2
2555,BNS,331,1,3
2557,BNS,118,1,1
2558,BNS,115,1,1
2559,BNS,118,1,1
2559,BNS,109,1,2
2559,BNS,105,1,3
2561,BNS,189,1,1
2561,BNS,196,1,2
2562,BNS,318,1,1
2562,IT,66D,1,2
2562,BNS,338,1,3
2563,BNS,310,1,1
2563,BNS,303,1,2
2563,BNS,318,1,3
2564,BNS,305,1,1
2564,BNS,318,1,2
2565,BNS,118,1,1
2565,BNS,115,1,2
2566,BNS,64,1,1
2566,BNS,140,1,2
2566,BNS,80,1,3
2567,BNS,115,1,1
2568,ARMS,25,1,1
2568,ARMS,27,1,2
2569,BNS,309,1,1
2570,BNS,310,1,1
2570,BNS,331,1,2
2571,ARMS,25,1,1
2571,NDPS,8,1,2
2571,NDPS,20,1,3
2572,BNS,309,1,1
2572,BNS,316,1,2
2572,BNS,310,1,3
2573,BNS,189,1,1
2574,BNS,109,1,1
2575,BNS,318,1,1
2576,BNS,305,1,1
2576,BNS,318,1,2
2577,BNS,109,1,1
2578,BNS,78,1,1
2579,BNS,305,1,1
2579,BNS,331,1,2
2579,BNS,303,1,3
2580,BNS,338,1,1
2580,IT,66D,1,2
2580,BNS,318,1,3
2581,ARMS,25,1,1
2583,BNS,189,1,1
2583,BNS,351,1,2
2584,BNS,80,1,1
2584,BNS,140,1,2
2585,BNS,331,1,1
2585,BNS,316,1,2
2585,BNS,318,1,3
2586,MV,185,1,1
2587,BNS,118,1,1
2588,MV,185,1,1
2588,MV,184,1,2
2589,BNS,140,1,1
2589,BNS,74,1,2
2589,BNS,64,1,3
2590,NDPS,20,1,1
2591,BNS,115,1,1
2591,BNS,105,1,2
2592,BNS,85,1,1
2592,BNS,80,1,2
2592,BNS,140,1,3
2593,BNS,140,1,1
2595,BNS,310,1,1
2595,BNS,305,1,2
2595,BNS,316,1,3
2596,BNS,189,1,1
2597,BNS,331,1,1
2597,BNS,310,1,2
2599,ARMS,27,1,1
2599,NDPS,8,1,2
2601,ARMS,25,1,1
2601,NDPS,20,1,2
2601,EXCISE,32,1,3
2602,BNS,305,1,1
2603,MV,185,1,1
2604,MV,184,1,1
2605,BNS,303,1,1
2606,BNS,191,1,1
2606,BNS,189,1,2
2607,BNS,305,1,1
2607,BNS,309,1,2
2607,BNS,310,1,3
2608,NDPS,21,1,1
2608,ARMS,27,1,2
2608,NDPS,20,1,3
2609,BNS,103,1,1
2610,BNS,303,1,1
2611,BNS,191,1,1
2611,BNS,196,1,2
2611,BNS,351,1,3
2612,BNS,318,1,1
2612,BNS,331,1,2
2612,BNS,316,1,3
2613,IT,66D,1,1
2614,BNS,338,1,1
2614,BNS,318,1,2
2614,IT,66D,1,3
2615,IT,66D,1,1
2615,BNS,318,1,2
2616,MV,185,1,1
2616,MV,184,1,2
2617,BNS,112,1,1
2618,IT,66C,1,1
2618,IT,66,1,2
2618,IT,66D,1,3
2619,BNS,105,1,1
2619,BNS,109,1,2
2619,BNS,103,1,3
2620,IT,66D,1,1
2621,MV,184,1,1
2621,MV,185,1,2
2622,MV,184,1,1
2623,BNS,305,1,1
2624,BNS,309,1,1
2624,BNS,318,1,2
2625,BNS,305,1,1
2626,BNS,303,1,1
2627,BNS,316,1,1
2627,BNS,318,1,2
2628,BNS,309,1,1
2628,BNS,305,1,2
2629,BNS,305,1,1
2629,BNS,309,1,2
2629,BNS,310,1,3
2630,BNS,118,1,1
2630,BNS,109,1,2
2630,BNS,103,1,3
2631,BNS,303,1,1
2632,BNS,310,1,1
2632,BNS,309,1,2
2633,BNS,115,1,1
2634,BNS,303,1,1
2635,BNS,338,1,1
2635,BNS,318,1,2
2636,IT,66C,1,1
2637,BNS,112,1,1
2638,BNS,316,1,1
2638,BNS,305,1,2
2638,BNS,331,1,3
2639,BNS,118,1,1
2639,BNS,109,1,2
2639,BNS,105,1,3
2640,BNS,105,1,1
2641,BNS,140,1,1
2642,BNS,331,1,1
2642,BNS,316,1,2
2642,BNS,310,1,3
2643,BNS,331,1,1
2644,BNS,78,1,1
2644,BNS,74,1,2
2644,BNS,64,1,3
2645,BNS,85,1,1
2646,BNS,316,1,1
2646,BNS,305,1,2
2647,MV,184,1,1
2647,MV,185,1,2
2648,BNS,112,1,1
2649,MV,184,1,1
2649,MV,185,1,2
2650,BNS,115,1,1
2651,BNS,118,1,1
2651,BNS,103,1,2
2651,BNS,105,1,3
2652,ARMS,27,1,1
2652,NDPS,8,1,2
2652,NDPS,20,1,3
2653,BNS,318,1,1
2654,POCSO,4,1,1
2654,POCSO,8,1,2
2654,BNS,140,1,3
2655,BNS,318,1,1
2655,BNS,303,1,2
2655,BNS,305,1,3
2656,BNS,115,1,1
2656,BNS,105,1,2
2656,BNS,118,1,3
2657,BNS,196,1,1
2658,BNS,318,1,1
2658,BNS,338,1,2
2658,IT,66D,1,3
2659,POCSO,8,1,1
2660,IT,66D,1,1
2661,BNS,316,1,1
2661,BNS,305,1,2
2661,BNS,309,1,3
2663,BNS,316,1,1
2664,BNS,318,1,1
2665,MV,185,1,1
2666,NDPS,8,1,1
2666,ARMS,27,1,2
2666,NDPS,20,1,3
2667,BNS,64,1,1
2668,BNS,318,1,1
2668,BNS,338,1,2
2668,IT,66D,1,3
2669,BNS,318,1,1
2670,BNS,318,1,1
2670,BNS,303,1,2
2670,BNS,310,1,3
2671,BNS,310,1,1
2671,BNS,331,1,2
2671,BNS,309,1,3
2672,BNS,303,1,1
2673,NDPS,21,1,1
2675,BNS,78,1,1
2675,BNS,80,1,2
2675,BNS,64,1,3
2676,MV,184,1,1
2676,MV,185,1,2
2678,BNS,80,1,1
2678,BNS,74,1,2
2679,BNS,105,1,1
2679,BNS,115,1,2
2680,NDPS,21,1,1
2680,ARMS,27,1,2
2680,NDPS,20,1,3
2681,BNS,316,1,1
2681,BNS,303,1,2
2681,BNS,318,1,3
2682,BNS,305,1,1
2682,BNS,331,1,2
2682,BNS,309,1,3
2683,BNS,338,1,1
2683,IT,66D,1,2
2683,BNS,318,1,3
2684,BNS,189,1,1
2684,BNS,111,1,2
2684,BNS,112,1,3
2685,BNS,115,1,1
2685,BNS,103,1,2
2685,BNS,118,1,3
2686,BNS,318,1,1
2687,BNS,310,1,1
2687,BNS,331,1,2
2688,BNS,112,1,1
2688,BNS,189,1,2
2688,BNS,191,1,3
2689,PC,7,1,1
2690,BNS,338,1,1
2691,MV,185,1,1
2692,BNS,309,1,1
2692,BNS,303,1,2
2692,BNS,318,1,3
2693,MV,185,1,1
2693,MV,184,1,2
2694,BNS,338,1,1
2694,BNS,318,1,2
2694,IT,66D,1,3
2695,BNS,310,1,1
2695,BNS,303,1,2
2695,BNS,309,1,3
2696,BNS,309,1,1
2697,BNS,316,1,1
2697,BNS,310,1,2
2698,BNS,331,1,1
2698,BNS,316,1,2
2698,BNS,303,1,3
2699,BNS,105,1,1
2699,BNS,115,1,2
2699,BNS,118,1,3
2700,BNS,316,1,1
2700,BNS,318,1,2
2701,IT,66D,1,1
2702,BNS,118,1,1
2702,BNS,115,1,2
2702,BNS,105,1,3
2703,BNS,109,1,1
2703,BNS,115,1,2
2703,BNS,103,1,3
2704,BNS,318,1,1
2705,ARMS,27,1,1
2705,NDPS,8,1,2
2705,ARMS,25,1,3
2706,BNS,109,1,1
2706,BNS,105,1,2
2707,EXCISE,32,1,1
2709,BNS,105,1,1
2709,BNS,115,1,2
2710,BNS,140,1,1
2711,BNS,303,1,1
2711,BNS,316,1,2
2711,BNS,331,1,3
2712,BNS,318,1,1
2712,BNS,316,1,2
2713,BNS,331,1,1
2713,BNS,305,1,2
2714,IT,66D,1,1
2714,BNS,338,1,2
2714,BNS,318,1,3
2715,IT,66D,1,1
2715,BNS,318,1,2
2715,BNS,338,1,3
2716,BNS,338,1,1
2717,BNS,111,1,1
2717,BNS,196,1,2
2718,BNS,303,1,1
2718,BNS,318,1,2
2718,BNS,331,1,3
2719,BNS,310,1,1
2719,BNS,309,1,2
2720,BNS,303,1,1
2720,BNS,316,1,2
2720,BNS,310,1,3
2721,BNS,105,1,1
2721,BNS,109,1,2
2721,BNS,103,1,3
2722,BNS,331,1,1
2723,BNS,331,1,1
2724,IT,66D,1,1
2725,BNS,78,1,1
2725,BNS,64,1,2
2725,BNS,85,1,3
2726,BNS,331,1,1
2726,BNS,305,1,2
2727,MV,184,1,1
2728,BNS,316,1,1
2728,BNS,309,1,2
2728,BNS,305,1,3
2729,BNS,309,1,1
2729,BNS,310,1,2
2730,BNS,118,1,1
2731,BNS,78,1,1
2732,MV,184,1,1
2733,BNS,140,1,1
2734,BNS,303,1,1
2734,BNS,305,1,2
2735,BNS,105,1,1
2736,NDPS,20,1,1
2736,NDPS,21,1,2
2736,NDPS,8,1,3
2737,NDPS,8,1,1
2737,ARMS,27,1,2
2737,ARMS,25,1,3
2738,BNS,303,1,1
2738,BNS,309,1,2
2739,BNS,303,1,1
2739,BNS,318,1,2
2740,MV,185,1,1
2740,MV,184,1,2
2741,BNS,303,1,1
2741,BNS,309,1,2
2742,BNS,109,1,1
2742,BNS,105,1,2
2742,BNS,103,1,3
2743,IT,66C,1,1
2743,IT,66,1,2
2743,IT,66D,1,3
2744,BNS,305,1,1
2744,BNS,316,1,2
2745,MV,185,1,1
2746,MV,184,1,1
2746,MV,185,1,2
2747,BNS,78,1,1
2749,BNS,351,1,1
2749,BNS,111,1,2
2750,BNS,309,1,1
2751,BNS,118,1,1
2752,EXCISE,32,1,1
2753,BNS,318,1,1
2754,BNS,305,1,1
2755,IT,66,1,1
2755,IT,66D,1,2
2756,BNS,303,1,1
2756,BNS,309,1,2
2756,BNS,305,1,3
2757,BNS,196,1,1
2757,BNS,112,1,2
2757,BNS,191,1,3
2758,IT,66D,1,1
2758,BNS,338,1,2
2759,IT,66,1,1
2759,IT,66C,1,2
2759,IT,66D,1,3
2760,ARMS,25,1,1
2760,NDPS,20,1,2
2760,EXCISE,32,1,3
2761,BNS,338,1,1
2761,IT,66D,1,2
2761,BNS,318,1,3
2762,BNS,318,1,1
2762,IT,66D,1,2
2763,BNS,310,1,1
2763,BNS,309,1,2
2763,BNS,305,1,3
2764,BNS,103,1,1
2765,BNS,338,1,1
2765,BNS,318,1,2
2766,BNS,316,1,1
2766,BNS,318,1,2
2766,BNS,303,1,3
2767,BNS,78,1,1
2767,BNS,85,1,2
2767,BNS,80,1,3
2768,BNS,112,1,1
2768,BNS,111,1,2
2769,BNS,338,1,1
2769,IT,66D,1,2
2770,BNS,316,1,1
2770,BNS,318,1,2
2770,BNS,303,1,3
2771,BNS,112,1,1
2772,PC,7,1,1
2773,NDPS,8,1,1
2773,NDPS,21,1,2
2774,IT,66D,1,1
2774,IT,66,1,2
2774,IT,66C,1,3
2775,MV,184,1,1
2776,BNS,310,1,1
2776,BNS,303,1,2
2777,MV,185,1,1
2777,MV,184,1,2
2779,BNS,78,1,1
2780,IT,66,1,1
2780,IT,66C,1,2
2781,BNS,318,1,1
2781,IT,66D,1,2
2782,BNS,105,1,1
2782,BNS,109,1,2
2782,BNS,118,1,3
2783,BNS,316,1,1
2783,BNS,331,1,2
2784,ARMS,25,1,1
2784,ARMS,27,1,2
2785,MV,185,1,1
2786,MV,185,1,1
2787,BNS,318,1,1
2788,BNS,303,1,1
2788,BNS,310,1,2
2790,BNS,331,1,1
2791,BNS,80,1,1
2792,BNS,338,1,1
2793,BNS,103,1,1
2794,BNS,338,1,1
2794,IT,66D,1,2
2794,BNS,318,1,3
2795,MV,184,1,1
2795,MV,185,1,2
2796,BNS,115,1,1
2797,BNS,105,1,1
2798,BNS,338,1,1
2798,BNS,318,1,2
2798,IT,66D,1,3
2799,BNS,64,1,1
2799,BNS,78,1,2
2799,BNS,80,1,3
2800,BNS,111,1,1
2801,BNS,118,1,1
2802,MV,185,1,1
2802,MV,184,1,2
2803,BNS,140,1,1
2803,BNS,80,1,2
2803,BNS,85,1,3
2804,BNS,115,1,1
2805,MV,185,1,1
2805,MV,184,1,2
2806,BNS,109,1,1
2806,BNS,103,1,2
2806,BNS,118,1,3
2807,MV,185,1,1
2808,BNS,191,1,1
2808,BNS,112,1,2
2808,BNS,111,1,3
2809,BNS,318,1,1
2810,MV,184,1,1
2811,BNS,318,1,1
2811,BNS,331,1,2
2811,BNS,309,1,3
2812,BNS,316,1,1
2812,BNS,318,1,2
2813,BNS,64,1,1
2813,BNS,85,1,2
2813,BNS,78,1,3
2814,BNS,318,1,1
2814,IT,66D,1,2
2815,BNS,309,1,1
2815,BNS,331,1,2
2816,MV,184,1,1
2816,MV,185,1,2
2817,BNS,74,1,1
2817,BNS,85,1,2
2818,BNS,103,1,1
2818,BNS,115,1,2
2819,BNS,118,1,1
2819,BNS,115,1,2
2820,BNS,309,1,1
2820,BNS,310,1,2
2821,BNS,109,1,1
2822,MV,185,1,1
2823,BNS,111,1,1
2824,BNS,140,1,1
2825,MV,184,1,1
2825,MV,185,1,2
2826,BNS,80,1,1
2826,BNS,74,1,2
2826,BNS,85,1,3
2828,BNS,74,1,1
2829,BNS,305,1,1
2829,BNS,316,1,2
2830,BNS,318,1,1
2831,EXCISE,32,1,1
2831,ARMS,27,1,2
2831,NDPS,8,1,3
2832,BNS,85,1,1
2832,BNS,74,1,2
2832,BNS,140,1,3
2833,BNS,309,1,1
2833,BNS,310,1,2
2834,ARMS,25,1,1
2834,NDPS,8,1,2
2834,NDPS,20,1,3
2835,IT,66D,1,1
2835,IT,66C,1,2
2835,IT,66,1,3
2836,BNS,64,1,1
2836,BNS,80,1,2
2836,BNS,85,1,3
2837,BNS,310,1,1
2837,BNS,305,1,2
2838,BNS,115,1,1
2839,BNS,318,1,1
2839,BNS,305,1,2
2839,BNS,309,1,3
2840,BNS,338,1,1
2841,BNS,303,1,1
2841,BNS,316,1,2
2842,BNS,305,1,1
2842,BNS,331,1,2
2843,BNS,105,1,1
2843,BNS,115,1,2
2843,BNS,103,1,3
2844,BNS,309,1,1
2844,BNS,318,1,2
2845,BNS,331,1,1
2845,BNS,309,1,2
2845,BNS,303,1,3
2846,BNS,112,1,1
2846,BNS,191,1,2
2847,BNS,309,1,1
2848,IT,66D,1,1
2849,BNS,331,1,1
2849,BNS,309,1,2
2849,BNS,305,1,3
2850,BNS,309,1,1
2850,BNS,310,1,2
2850,BNS,318,1,3
2851,BNS,338,1,1
2852,BNS,303,1,1
2852,BNS,318,1,2
2852,BNS,310,1,3
2853,BNS,305,1,1
2853,BNS,318,1,2
2853,BNS,316,1,3
2854,BNS,105,1,1
2854,BNS,103,1,2
2854,BNS,115,1,3
2855,BNS,303,1,1
2856,BNS,310,1,1
2856,BNS,316,1,2
2857,BNS,338,1,1
2857,BNS,318,1,2
2857,IT,66D,1,3
2858,BNS,316,1,1
2858,BNS,331,1,2
2859,BNS,338,1,1
2859,BNS,318,1,2
2860,BNS,318,1,1
2861,BNS,351,1,1
2861,BNS,196,1,2
2861,BNS,191,1,3
2862,MV,185,1,1
2863,BNS,305,1,1
2864,BNS,64,1,1
2864,BNS,85,1,2
2865,BNS,64,1,1
2866,NDPS,8,1,1
2866,NDPS,21,1,2
2866,ARMS,27,1,3
2867,BNS,305,1,1
2868,BNS,140,1,1
2869,BNS,305,1,1
2870,BNS,318,1,1
2870,BNS,309,1,2
2870,BNS,316,1,3
2871,BNS,318,1,1
2871,IT,66D,1,2
2872,BNS,309,1,1
2873,BNS,303,1,1
2873,BNS,331,1,2
2873,BNS,310,1,3
2874,BNS,109,1,1
2875,BNS,140,1,1
2876,BNS,115,1,1
2876,BNS,118,1,2
2877,BNS,85,1,1
2877,BNS,78,1,2
2878,BNS,318,1,1
2878,BNS,309,1,2
2879,BNS,140,1,1
2879,BNS,64,1,2
2880,BNS,318,1,1
2880,BNS,331,1,2
2880,BNS,310,1,3
2881,IT,66D,1,1
2881,BNS,338,1,2
2881,BNS,318,1,3
2882,BNS,318,1,1
2882,BNS,338,1,2
2883,BNS,103,1,1
2883,BNS,115,1,2
2884,BNS,331,1,1
2884,BNS,316,1,2
2884,BNS,303,1,3
2885,MV,184,1,1
2886,BNS,305,1,1
2886,BNS,316,1,2
2888,BNS,305,1,1
2889,BNS,303,1,1
2890,BNS,310,1,1
2891,BNS,351,1,1
2891,BNS,191,1,2
2891,BNS,111,1,3
2892,BNS,303,1,1
2892,BNS,305,1,2
2892,BNS,318,1,3
2893,BNS,103,1,1
2893,BNS,115,1,2
2894,PC,7,1,1
2895,BNS,351,1,1
2896,BNS,118,1,1
2897,BNS,103,1,1
2897,BNS,115,1,2
2898,BNS,105,1,1
2899,BNS,331,1,1
2900,BNS,74,1,1
2900,BNS,64,1,2
2901,MV,185,1,1
2901,MV,184,1,2
2902,MV,185,1,1
2903,BNS,80,1,1
2903,BNS,85,1,2
2904,POCSO,4,1,1
2904,POCSO,8,1,2
2905,MV,184,1,1
2906,BNS,351,1,1
2906,BNS,189,1,2
2906,BNS,191,1,3
2908,PC,7,1,1
2909,BNS,318,1,1
2909,IT,66D,1,2
2910,BNS,111,1,1
2911,BNS,316,1,1
2911,BNS,309,1,2
2911,BNS,303,1,3
2912,BNS,338,1,1
2912,BNS,318,1,2
2912,IT,66D,1,3
2913,MV,184,1,1
2913,MV,185,1,2
2914,BNS,316,1,1
2914,BNS,303,1,2
2914,BNS,309,1,3
2916,BNS,351,1,1
2917,IT,66D,1,1
2917,BNS,338,1,2
2918,MV,184,1,1
2918,MV,185,1,2
2919,BNS,318,1,1
2920,BNS,318,1,1
2920,BNS,310,1,2
2920,BNS,303,1,3
2921,BNS,331,1,1
2921,BNS,305,1,2
2922,NDPS,20,1,1
2923,BNS,318,1,1
2923,IT,66D,1,2
2923,BNS,338,1,3
2924,BNS,196,1,1
2924,BNS,189,1,2
2925,BNS,310,1,1
2925,BNS,309,1,2
2925,BNS,331,1,3
2926,BNS,310,1,1
2926,BNS,318,1,2
2926,BNS,305,1,3
2927,BNS,318,1,1
2927,IT,66D,1,2
2928,BNS,310,1,1
2928,BNS,318,1,2
2928,BNS,303,1,3
2929,BNS,331,1,1
2929,BNS,316,1,2
2929,BNS,309,1,3
2930,BNS,64,1,1
2931,BNS,103,1,1
2931,BNS,115,1,2
2932,MV,184,1,1
2933,NDPS,21,1,1
2933,ARMS,25,1,2
2933,NDPS,8,1,3
2934,MV,184,1,1
2934,MV,185,1,2
2935,MV,184,1,1
2936,BNS,109,1,1
2937,NDPS,21,1,1
2937,EXCISE,32,1,2
2938,BNS,338,1,1
2938,IT,66D,1,2
2940,BNS,331,1,1
2940,BNS,316,1,2
2940,BNS,318,1,3
2941,BNS,305,1,1
2941,BNS,318,1,2
2942,BNS,316,1,1
2942,BNS,303,1,2
2942,BNS,310,1,3
2943,BNS,80,1,1
2945,BNS,318,1,1
2946,BNS,316,1,1
2946,BNS,318,1,2
2946,BNS,305,1,3
2947,BNS,309,1,1
2947,BNS,331,1,2
2948,BNS,111,1,1
2948,BNS,196,1,2
2948,BNS,351,1,3
2949,BNS,105,1,1
2950,BNS,318,1,1
2950,BNS,338,1,2
2950,IT,66D,1,3
2951,BNS,310,1,1
2951,BNS,331,1,2
2952,BNS,112,1,1
2953,BNS,316,1,1
2954,BNS,112,1,1
2954,BNS,196,1,2
2954,BNS,189,1,3
2955,BNS,309,1,1
2955,BNS,310,1,2
2956,BNS,118,1,1
2957,EXCISE,32,1,1
2958,BNS,115,1,1
2959,BNS,303,1,1
2959,BNS,318,1,2
2959,BNS,305,1,3
2960,BNS,331,1,1
2960,BNS,305,1,2
2961,BNS,64,1,1
2962,BNS,103,1,1
2962,BNS,118,1,2
2963,MV,185,1,1
2964,MV,185,1,1
2965,IT,66D,1,1
2966,BNS,103,1,1
2966,BNS,109,1,2
2966,BNS,118,1,3
2967,BNS,331,1,1
2967,BNS,303,1,2
2968,BNS,109,1,1
2968,BNS,105,1,2
2969,PC,7,1,1
2970,MV,185,1,1
2970,MV,184,1,2
2971,BNS,310,1,1
2971,BNS,303,1,2
2972,BNS,309,1,1
2972,BNS,316,1,2
2974,NDPS,8,1,1
2974,ARMS,27,1,2
2974,NDPS,20,1,3
2975,BNS,316,1,1
2976,BNS,305,1,1
2977,BNS,85,1,1
2977,BNS,140,1,2
2977,BNS,64,1,3
2978,BNS,318,1,1
2979,PC,7,1,1
2980,BNS,191,1,1
2980,BNS,111,1,2
2981,NDPS,8,1,1
2981,NDPS,21,1,2
2981,NDPS,20,1,3
2982,BNS,331,1,1
2983,BNS,64,1,1
2984,MV,185,1,1
2984,MV,184,1,2
2985,BNS,318,1,1
2986,IT,66D,1,1
2986,BNS,318,1,2
2987,BNS,310,1,1
2987,BNS,316,1,2
2987,BNS,305,1,3
2988,BNS,85,1,1
2988,BNS,64,1,2
2988,BNS,140,1,3
2989,BNS,318,1,1
2989,BNS,309,1,2
2990,BNS,64,1,1
2990,BNS,80,1,2
2991,BNS,338,1,1
2991,IT,66D,1,2
2991,BNS,318,1,3
2992,NDPS,20,1,1
2993,BNS,338,1,1
2993,BNS,318,1,2
2993,IT,66D,1,3
2994,BNS,305,1,1
2994,BNS,310,1,2
2994,BNS,318,1,3
2995,BNS,318,1,1
2995,BNS,331,1,2
2996,MV,185,1,1
2997,BNS,74,1,1
2997,BNS,78,1,2
2997,BNS,64,1,3
2998,ARMS,27,1,1
2998,NDPS,8,1,2
2998,NDPS,20,1,3
2999,BNS,316,1,1
2999,BNS,331,1,2
2999,BNS,310,1,3
3000,BNS,316,1,1
3000,BNS,309,1,2
3000,BNS,303,1,3
3001,BNS,316,1,1
3001,BNS,331,1,2
3001,BNS,310,1,3
3002,BNS,103,1,1
3002,BNS,109,1,2
3002,BNS,118,1,3
3003,MV,184,1,1
3004,BNS,105,1,1
3005,BNS,309,1,1
3005,BNS,303,1,2
3005,BNS,318,1,3
3006,BNS,309,1,1
3006,BNS,331,1,2
3007,BNS,316,1,1
3007,BNS,331,1,2
3008,IT,66,1,1
3009,BNS,316,1,1
3009,BNS,310,1,2
3009,BNS,305,1,3
3010,BNS,318,1,1
3011,BNS,118,1,1
3011,BNS,103,1,2
3011,BNS,115,1,3
3012,BNS,309,1,1
3012,BNS,303,1,2
3012,BNS,316,1,3
3013,MV,185,1,1
3013,MV,184,1,2
3014,POCSO,8,1,1
3014,BNS,140,1,2
3016,BNS,310,1,1
3016,BNS,303,1,2
3017,BNS,331,1,1
3017,BNS,318,1,2
3018,BNS,351,1,1
3019,BNS,303,1,1
3020,BNS,112,1,1
3020,BNS,189,1,2
3021,MV,184,1,1
3021,MV,185,1,2
3022,BNS,318,1,1
3024,BNS,331,1,1
3024,BNS,303,1,2
3025,MV,185,1,1
3025,MV,184,1,2
3026,BNS,105,1,1
3026,BNS,103,1,2
3026,BNS,115,1,3
3027,BNS,103,1,1
3027,BNS,115,1,2
3027,BNS,118,1,3
3028,BNS,112,1,1
3030,BNS,318,1,1
3031,EXCISE,32,1,1
3031,NDPS,21,1,2
3032,POCSO,4,1,1
3032,POCSO,8,1,2
3033,BNS,112,1,1
3035,BNS,85,1,1
3035,BNS,80,1,2
3035,BNS,78,1,3
3036,BNS,331,1,1
3037,MV,184,1,1
3037,MV,185,1,2
3038,NDPS,8,1,1
3038,NDPS,21,1,2
3039,BNS,103,1,1
3039,BNS,109,1,2
3039,BNS,115,1,3
3041,MV,185,1,1
3042,BNS,103,1,1
3043,ARMS,27,1,1
3043,ARMS,25,1,2
3043,NDPS,21,1,3
3044,BNS,310,1,1
3045,BNS,316,1,1
3045,BNS,305,1,2
3046,BNS,189,1,1
3047,BNS,351,1,1
3047,BNS,191,1,2
3048,BNS,189,1,1
3048,BNS,111,1,2
3049,BNS,338,1,1
3049,BNS,318,1,2
3050,BNS,331,1,1
3050,BNS,316,1,2
3050,BNS,318,1,3
3051,MV,184,1,1
3052,BNS,309,1,1
3053,BNS,105,1,1
3053,BNS,115,1,2
3054,BNS,318,1,1
3055,BNS,105,1,1
3055,BNS,118,1,2
3056,MV,184,1,1
3057,BNS,189,1,1
3058,BNS,318,1,1
3058,IT,66D,1,2
3058,BNS,338,1,3
3059,BNS,78,1,1
3059,BNS,74,1,2
3059,BNS,80,1,3
3060,BNS,74,1,1
3060,BNS,78,1,2
3061,BNS,85,1,1
3061,BNS,140,1,2
3061,BNS,64,1,3
3062,MV,184,1,1
3063,BNS,318,1,1
3064,BNS,109,1,1
3064,BNS,103,1,2
3064,BNS,105,1,3
3065,BNS,115,1,1
3065,BNS,118,1,2
3065,BNS,103,1,3
3066,BNS,305,1,1
3066,BNS,316,1,2
3066,BNS,309,1,3
3067,NDPS,20,1,1
3067,ARMS,27,1,2
3068,BNS,331,1,1
3068,BNS,309,1,2
3069,BNS,140,1,1
3069,POCSO,4,1,2
3069,POCSO,8,1,3
3070,MV,184,1,1
3071,BNS,309,1,1
3071,BNS,316,1,2
3072,BNS,305,1,1
3072,BNS,316,1,2
3073,BNS,309,1,1
3073,BNS,331,1,2
3073,BNS,310,1,3
3074,BNS,80,1,1
3074,BNS,74,1,2
3074,BNS,64,1,3
3075,BNS,318,1,1
3075,BNS,305,1,2
3075,BNS,303,1,3
3076,BNS,309,1,1
3076,BNS,318,1,2
3076,BNS,303,1,3
3077,BNS,109,1,1
3077,BNS,115,1,2
3077,BNS,103,1,3
3078,ARMS,27,1,1
3078,NDPS,20,1,2
3080,BNS,64,1,1
3081,PC,7,1,1
3082,MV,184,1,1
3082,MV,185,1,2
3083,BNS,318,1,1
3083,BNS,309,1,2
3084,BNS,109,1,1
3085,BNS,305,1,1
3085,BNS,309,1,2
3085,BNS,316,1,3
3086,BNS,331,1,1
3086,BNS,316,1,2
3087,BNS,305,1,1
3087,BNS,303,1,2
3087,BNS,331,1,3
3088,BNS,331,1,1
3089,BNS,85,1,1
3090,BNS,118,1,1
3090,BNS,105,1,2
3091,IT,66,1,1
3091,IT,66C,1,2
3092,BNS,85,1,1
3092,BNS,78,1,2
3093,BNS,318,1,1
3093,BNS,310,1,2
3094,BNS,74,1,1
3095,MV,184,1,1
3096,MV,184,1,1
3096,MV,185,1,2
3097,BNS,318,1,1
3098,BNS,305,1,1
3099,BNS,103,1,1
3099,BNS,109,1,2
3100,MV,184,1,1
3101,BNS,105,1,1
3101,BNS,103,1,2
3102,BNS,331,1,1
3102,BNS,305,1,2
3102,BNS,309,1,3
3103,IT,66D,1,1
3104,MV,184,1,1
3105,IT,66D,1,1
3105,BNS,338,1,2
3106,BNS,303,1,1
3107,MV,184,1,1
3107,MV,185,1,2
3108,BNS,310,1,1
3108,BNS,309,1,2
3108,BNS,303,1,3
3109,BNS,316,1,1
3109,BNS,318,1,2
3109,BNS,305,1,3
3110,BNS,310,1,1
3110,BNS,303,1,2
3110,BNS,316,1,3
3111,IT,66D,1,1
3112,MV,184,1,1
3113,IT,66D,1,1
3114,BNS,310,1,1
3114,BNS,316,1,2
3115,MV,184,1,1
3115,MV,185,1,2
3116,BNS,318,1,1
3116,BNS,309,1,2
3117,BNS,309,1,1
3117,BNS,310,1,2
3117,BNS,305,1,3
3118,BNS,64,1,1
3118,BNS,80,1,2
3119,BNS,112,1,1
3119,BNS,111,1,2
3119,BNS,196,1,3
3120,BNS,109,1,1
3121,BNS,316,1,1
3121,BNS,310,1,2
3121,BNS,303,1,3
3122,BNS,310,1,1
3122,BNS,331,1,2
3123,BNS,318,1,1
3124,MV,184,1,1
3125,BNS,105,1,1
3126,BNS,78,1,1
3127,ARMS,25,1,1
3128,BNS,103,1,1
3128,BNS,109,1,2
3128,BNS,115,1,3
3129,BNS,309,1,1
3129,BNS,305,1,2
3129,BNS,303,1,3
3131,BNS,189,1,1
3131,BNS,111,1,2
3132,BNS,318,1,1
3132,BNS,303,1,2
3133,BNS,303,1,1
3133,BNS,316,1,2
3133,BNS,310,1,3
3134,BNS,331,1,1
3134,BNS,316,1,2
3134,BNS,303,1,3
3135,BNS,318,1,1
3136,BNS,338,1,1
3136,BNS,318,1,2
3136,IT,66D,1,3
3137,BNS,109,1,1
3137,BNS,118,1,2
3137,BNS,103,1,3
3138,BNS,318,1,1
3138,BNS,316,1,2
3139,BNS,64,1,1
3139,BNS,74,1,2
3140,MV,185,1,1
3140,MV,184,1,2
3141,BNS,112,1,1
3141,BNS,191,1,2
3142,BNS,305,1,1
3143,NDPS,20,1,1
3143,NDPS,8,1,2
3143,EXCISE,32,1,3
3145,BNS,318,1,1
3145,IT,66D,1,2
3146,BNS,316,1,1
3146,BNS,310,1,2
3147,BNS,105,1,1
3147,BNS,109,1,2
3148,BNS,318,1,1
3148,BNS,305,1,2
3148,BNS,310,1,3
3149,BNS,303,1,1
3150,MV,184,1,1
3150,MV,185,1,2
3151,BNS,78,1,1
3152,MV,184,1,1
3152,MV,185,1,2
3153,MV,185,1,1
3153,MV,184,1,2
3154,BNS,310,1,1
3155,BNS,316,1,1
3155,BNS,305,1,2
3155,BNS,318,1,3
3156,IT,66D,1,1
3156,BNS,318,1,2
3156,BNS,338,1,3
3157,BNS,310,1,1
3157,BNS,318,1,2
3158,BNS,309,1,1
3158,BNS,303,1,2
3159,BNS,309,1,1
3160,BNS,303,1,1
3160,BNS,305,1,2
3160,BNS,309,1,3
3161,MV,185,1,1
3162,BNS,318,1,1
3162,BNS,309,1,2
3163,BNS,115,1,1
3164,BNS,105,1,1
3164,BNS,115,1,2
3164,BNS,109,1,3
3165,BNS,318,1,1
3165,BNS,303,1,2
3165,BNS,309,1,3
3166,BNS,189,1,1
3166,BNS,196,1,2
3167,NDPS,21,1,1
3168,BNS,316,1,1
3168,BNS,331,1,2
3168,BNS,310,1,3
3169,IT,66D,1,1
3169,BNS,318,1,2
3170,BNS,338,1,1
3170,BNS,318,1,2
3172,BNS,303,1,1
3173,BNS,318,1,1
3174,BNS,331,1,1
3174,BNS,310,1,2
3174,BNS,309,1,3
3175,MV,184,1,1
3175,MV,185,1,2
3176,IT,66D,1,1
3176,BNS,338,1,2
3176,BNS,318,1,3
3177,MV,185,1,1
3178,BNS,64,1,1
3179,BNS,303,1,1
3180,IT,66D,1,1
3180,BNS,338,1,2
3181,NDPS,21,1,1
3181,ARMS,27,1,2
3183,BNS,109,1,1
3183,BNS,115,1,2
3183,BNS,103,1,3
3184,BNS,318,1,1
3185,BNS,331,1,1
3185,BNS,303,1,2
3186,BNS,103,1,1
3186,BNS,109,1,2
3186,BNS,115,1,3
3187,PC,7,1,1
3188,MV,184,1,1
3189,BNS,318,1,1
3189,BNS,310,1,2
3189,BNS,305,1,3
3190,NDPS,20,1,1
3191,NDPS,21,1,1
3191,ARMS,25,1,2
3191,ARMS,27,1,3
3192,EXCISE,32,1,1
3192,NDPS,21,1,2
3192,ARMS,25,1,3
3193,MV,185,1,1
3193,MV,184,1,2
3194,BNS,316,1,1
3195,PC,7,1,1
3196,BNS,305,1,1
3197,BNS,74,1,1
3198,BNS,64,1,1
3199,IT,66D,1,1
3199,BNS,338,1,2
3200,BNS,111,1,1
3201,BNS,310,1,1
3201,BNS,303,1,2
3202,BNS,305,1,1
3203,BNS,316,1,1
3203,BNS,318,1,2
3204,BNS,111,1,1
3204,BNS,189,1,2
3205,BNS,318,1,1
3205,IT,66D,1,2
3206,BNS,351,1,1
3206,BNS,189,1,2
3206,BNS,112,1,3
3207,BNS,103,1,1
3208,MV,184,1,1
3208,MV,185,1,2
3209,BNS,78,1,1
3209,BNS,85,1,2
3210,MV,184,1,1
3211,MV,184,1,1
3211,MV,185,1,2
3212,NDPS,21,1,1
3212,EXCISE,32,1,2
3212,NDPS,20,1,3
3213,BNS,351,1,1
3213,BNS,191,1,2
3214,BNS,310,1,1
3214,BNS,309,1,2
3215,BNS,103,1,1
3217,BNS,111,1,1
3218,BNS,103,1,1
3219,BNS,305,1,1
3219,BNS,318,1,2
3220,BNS,305,1,1
3220,BNS,316,1,2
3220,BNS,310,1,3
3221,BNS,318,1,1
3222,BNS,318,1,1
3222,BNS,316,1,2
3222,BNS,331,1,3
3223,BNS,309,1,1
3224,BNS,318,1,1
3225,BNS,118,1,1
3230,BNS,318,1,1
3230,BNS,338,1,2
3231,BNS,338,1,1
3232,BNS,80,1,1
3232,BNS,74,1,2
3233,NDPS,21,1,1
3234,BNS,305,1,1
3235,BNS,305,1,1
3235,BNS,309,1,2
3236,BNS,115,1,1
3236,BNS,118,1,2
3236,BNS,103,1,3
3237,BNS,111,1,1
3238,BNS,118,1,1
3239,MV,184,1,1
3240,BNS,303,1,1
3240,BNS,316,1,2
3240,BNS,309,1,3
3241,BNS,85,1,1
3241,BNS,80,1,2
3241,BNS,74,1,3
3243,BNS,316,1,1
3244,BNS,105,1,1
3244,BNS,115,1,2
3245,BNS,303,1,1
3245,BNS,310,1,2
3245,BNS,331,1,3
3246,POCSO,8,1,1
3246,POCSO,4,1,2
3247,NDPS,21,1,1
3247,ARMS,25,1,2
3248,BNS,115,1,1
3249,MV,185,1,1
3249,MV,184,1,2
3250,BNS,318,1,1
3250,BNS,338,1,2
3250,IT,66D,1,3
3251,BNS,338,1,1
3252,BNS,309,1,1
3253,BNS,318,1,1
3254,IT,66C,1,1
3255,BNS,303,1,1
3256,MV,185,1,1
3256,MV,184,1,2
3257,BNS,140,1,1
3257,BNS,74,1,2
3257,BNS,78,1,3
3258,BNS,338,1,1
3258,IT,66D,1,2
3259,BNS,309,1,1
3260,BNS,338,1,1
3260,BNS,318,1,2
3260,IT,66D,1,3
3261,BNS,115,1,1
3261,BNS,105,1,2
3261,BNS,109,1,3
3262,ARMS,27,1,1
3262,NDPS,20,1,2
3262,NDPS,8,1,3
3263,ARMS,27,1,1
3264,BNS,103,1,1
3264,BNS,118,1,2
3264,BNS,115,1,3
3265,BNS,196,1,1
3266,BNS,331,1,1
3266,BNS,305,1,2
3267,BNS,64,1,1
3268,BNS,331,1,1
3268,BNS,316,1,2
3270,BNS,105,1,1
3270,BNS,118,1,2
3270,BNS,103,1,3
3271,BNS,189,1,1
3271,BNS,112,1,2
3272,BNS,309,1,1
3272,BNS,318,1,2
3273,BNS,78,1,1
3273,BNS,64,1,2
3274,BNS,318,1,1
3274,IT,66D,1,2
3275,BNS,351,1,1
3275,BNS,191,1,2
3275,BNS,111,1,3
3276,BNS,318,1,1
3276,BNS,338,1,2
3277,BNS,305,1,1
3278,NDPS,21,1,1
3278,NDPS,20,1,2
3278,EXCISE,32,1,3
3279,BNS,316,1,1
3279,BNS,331,1,2
3280,BNS,309,1,1
3281,BNS,310,1,1
3281,BNS,331,1,2
3282,IT,66D,1,1
3282,IT,66,1,2
3283,POCSO,4,1,1
3284,BNS,103,1,1
3285,BNS,309,1,1
3285,BNS,316,1,2
3285,BNS,310,1,3
3286,BNS,64,1,1
3286,BNS,85,1,2
3286,BNS,74,1,3
3287,MV,185,1,1
3287,MV,184,1,2
3288,MV,185,1,1
3289,BNS,303,1,1
3289,BNS,316,1,2
3289,BNS,310,1,3
3290,BNS,74,1,1
3290,BNS,140,1,2
3291,BNS,351,1,1
3291,BNS,196,1,2
3291,BNS,191,1,3
3292,BNS,338,1,1
3292,IT,66D,1,2
3292,BNS,318,1,3
3293,BNS,318,1,1
3293,IT,66D,1,2
3294,BNS,109,1,1
3294,BNS,115,1,2
3295,BNS,305,1,1
3295,BNS,310,1,2
3296,BNS,331,1,1
3297,BNS,316,1,1
3298,BNS,305,1,1
3298,BNS,316,1,2
3299,BNS,331,1,1
3299,BNS,305,1,2
3299,BNS,309,1,3
3300,BNS,318,1,1
3301,BNS,351,1,1
3301,BNS,111,1,2
3301,BNS,112,1,3
3303,MV,184,1,1
3304,EXCISE,32,1,1
3304,ARMS,27,1,2
3304,NDPS,21,1,3
3305,BNS,112,1,1
3305,BNS,351,1,2
3305,BNS,191,1,3
3306,IT,66D,1,1
3307,NDPS,21,1,1
3307,ARMS,25,1,2
3308,BNS,105,1,1
3309,BNS,318,1,1
3309,BNS,338,1,2
3310,BNS,74,1,1
3310,BNS,64,1,2
3310,BNS,80,1,3
3311,BNS,351,1,1
3311,BNS,111,1,2
3311,BNS,196,1,3
3312,MV,184,1,1
3312,MV,185,1,2
3313,BNS,74,1,1
3314,BNS,109,1,1
3314,BNS,118,1,2
3315,BNS,118,1,1
3315,BNS,105,1,2
3315,BNS,109,1,3
3316,BNS,310,1,1
3316,BNS,305,1,2
3317,MV,184,1,1
3318,BNS,105,1,1
3318,BNS,115,1,2
3318,BNS,109,1,3
3319,BNS,111,1,1
3319,BNS,196,1,2
3320,BNS,310,1,1
3321,BNS,64,1,1
3321,BNS,74,1,2
3321,BNS,80,1,3
3323,BNS,103,1,1
3323,BNS,109,1,2
3323,BNS,115,1,3
3324,BNS,105,1,1
3324,BNS,115,1,2
3325,BNS,80,1,1
3325,BNS,140,1,2
3325,BNS,64,1,3
3326,BNS,310,1,1
3326,BNS,318,1,2
3327,NDPS,8,1,1
3327,EXCISE,32,1,2
3327,ARMS,27,1,3
3328,BNS,310,1,1
3328,BNS,318,1,2
3329,BNS,318,1,1
3329,BNS,316,1,2
3329,BNS,309,1,3
3330,BNS,305,1,1
3331,BNS,78,1,1
3331,BNS,85,1,2
3332,BNS,303,1,1
3333,IT,66D,1,1
3334,BNS,309,1,1
3334,BNS,316,1,2
3335,MV,185,1,1
3335,MV,184,1,2
3336,BNS,109,1,1
3336,BNS,105,1,2
3336,BNS,103,1,3
3337,BNS,64,1,1
3337,BNS,74,1,2
3337,BNS,78,1,3
3338,BNS,309,1,1
3339,BNS,305,1,1
3339,BNS,318,1,2
3340,BNS,310,1,1
3340,BNS,318,1,2
3341,BNS,351,1,1
3341,BNS,189,1,2
3341,BNS,112,1,3
3342,BNS,331,1,1
3343,BNS,303,1,1
3345,NDPS,20,1,1
3345,EXCISE,32,1,2
3345,NDPS,21,1,3
3346,BNS,316,1,1
3346,BNS,331,1,2
3347,BNS,338,1,1
3348,ARMS,25,1,1
3348,EXCISE,32,1,2
3349,IT,66D,1,1
3349,IT,66C,1,2
3350,BNS,318,1,1
3350,BNS,309,1,2
3351,BNS,338,1,1
3352,MV,185,1,1
3353,BNS,305,1,1
3353,BNS,318,1,2
3353,BNS,331,1,3
3354,MV,184,1,1
3355,BNS,316,1,1
3356,NDPS,20,1,1
3357,NDPS,20,1,1
3358,BNS,309,1,1
3359,POCSO,4,1,1
3359,BNS,140,1,2
3360,BNS,316,1,1
3360,BNS,309,1,2
3361,BNS,318,1,1
3362,BNS,303,1,1
3363,BNS,309,1,1
3363,BNS,331,1,2
3363,BNS,305,1,3
3364,BNS,191,1,1
3364,BNS,112,1,2
3364,BNS,351,1,3
3365,BNS,303,1,1
3365,BNS,331,1,2
3366,BNS,318,1,1
3366,BNS,338,1,2
3366,IT,66D,1,3
3367,BNS,140,1,1
3367,BNS,78,1,2
3368,BNS,303,1,1
3368,BNS,316,1,2
3370,MV,185,1,1
3370,MV,184,1,2
3371,BNS,78,1,1
3371,BNS,140,1,2
3372,BNS,338,1,1
3372,IT,66D,1,2
3372,BNS,318,1,3
3373,BNS,112,1,1
3373,BNS,351,1,2
3373,BNS,191,1,3
3374,BNS,109,1,1
3374,BNS,105,1,2
3375,BNS,309,1,1
3375,BNS,310,1,2
3376,BNS,318,1,1
3378,BNS,111,1,1
3378,BNS,189,1,2
3378,BNS,112,1,3
3379,BNS,303,1,1
3380,NDPS,8,1,1
3380,NDPS,21,1,2
3381,IT,66D,1,1
3381,BNS,318,1,2
3382,BNS,115,1,1
3382,BNS,109,1,2
3383,MV,184,1,1
3384,IT,66C,1,1
3384,IT,66D,1,2
3385,BNS,331,1,1
3386,BNS,112,1,1
3387,BNS,140,1,1
3387,BNS,64,1,2
3387,BNS,80,1,3
3388,BNS,331,1,1
3389,BNS,316,1,1
3389,BNS,310,1,2
3389,BNS,303,1,3
3390,BNS,191,1,1
3390,BNS,196,1,2
3390,BNS,111,1,3
3391,IT,66,1,1
3391,IT,66D,1,2
3392,BNS,303,1,1
3393,BNS,191,1,1
3393,BNS,189,1,2
3393,BNS,112,1,3
3394,BNS,310,1,1
3395,BNS,303,1,1
3395,BNS,316,1,2
3395,BNS,331,1,3
3396,BNS,305,1,1
3397,BNS,118,1,1
3399,MV,184,1,1
3400,BNS,189,1,1
3400,BNS,112,1,2
3401,MV,184,1,1
3402,BNS,338,1,1
3403,BNS,74,1,1
3404,MV,185,1,1
3406,BNS,64,1,1
3407,BNS,318,1,1
3407,BNS,338,1,2
3407,IT,66D,1,3
3408,IT,66D,1,1
3408,BNS,318,1,2
3408,BNS,338,1,3
3409,NDPS,21,1,1
3409,ARMS,25,1,2
3409,NDPS,8,1,3
3410,BNS,112,1,1
3410,BNS,351,1,2
3410,BNS,196,1,3
3411,BNS,78,1,1
3411,BNS,74,1,2
3411,BNS,140,1,3
3412,BNS,309,1,1
3412,BNS,331,1,2
3412,BNS,316,1,3
3414,IT,66,1,1
3414,IT,66D,1,2
3415,BNS,338,1,1
3415,BNS,318,1,2
3416,BNS,318,1,1
3416,BNS,309,1,2
3417,BNS,78,1,1
3417,BNS,64,1,2
3417,BNS,80,1,3
3418,BNS,191,1,1
3418,BNS,111,1,2
3418,BNS,196,1,3
3419,BNS,303,1,1
3420,MV,185,1,1
3421,BNS,318,1,1
3421,BNS,305,1,2
3422,BNS,318,1,1
3422,BNS,303,1,2
3422,BNS,305,1,3
3423,BNS,303,1,1
3423,BNS,316,1,2
3424,MV,185,1,1
3424,MV,184,1,2
3425,BNS,310,1,1
3425,BNS,303,1,2
3426,BNS,331,1,1
3426,BNS,305,1,2
3426,BNS,316,1,3
3427,BNS,305,1,1
3427,BNS,309,1,2
3427,BNS,310,1,3
3428,MV,185,1,1
3429,BNS,303,1,1
3429,BNS,310,1,2
3429,BNS,318,1,3
3430,BNS,105,1,1
3430,BNS,109,1,2
3430,BNS,103,1,3
3431,NDPS,20,1,1
3431,EXCISE,32,1,2
3431,NDPS,8,1,3
3432,MV,184,1,1
3432,MV,185,1,2
3433,BNS,85,1,1
3433,BNS,74,1,2
3434,BNS,310,1,1
3435,BNS,78,1,1
3435,BNS,140,1,2
3435,BNS,85,1,3
3436,MV,185,1,1
3437,BNS,140,1,1
3437,POCSO,4,1,2
3437,POCSO,8,1,3
3438,IT,66D,1,1
3439,BNS,310,1,1
3440,BNS,305,1,1
3440,BNS,309,1,2
3441,BNS,111,1,1
3441,BNS,189,1,2
3441,BNS,191,1,3
3442,MV,185,1,1
3443,MV,185,1,1
3444,BNS,78,1,1
3444,BNS,74,1,2
3445,BNS,310,1,1
3445,BNS,305,1,2
3445,BNS,316,1,3
3446,BNS,309,1,1
3446,BNS,303,1,2
3447,BNS,318,1,1
3447,BNS,305,1,2
3447,BNS,303,1,3
3448,ARMS,27,1,1
3448,EXCISE,32,1,2
3448,NDPS,20,1,3
3449,MV,185,1,1
3449,MV,184,1,2
3450,BNS,305,1,1
3450,BNS,318,1,2
3450,BNS,331,1,3
3451,PC,7,1,1
3452,BNS,305,1,1
3452,BNS,316,1,2
3453,BNS,309,1,1
3453,BNS,310,1,2
3453,BNS,316,1,3
3454,BNS,303,1,1
3454,BNS,305,1,2
3455,BNS,318,1,1
3455,BNS,305,1,2
3456,BNS,310,1,1
3456,BNS,318,1,2
3456,BNS,305,1,3
3457,BNS,105,1,1
3457,BNS,118,1,2
3458,BNS,310,1,1
3458,BNS,305,1,2
3458,BNS,303,1,3
3459,MV,184,1,1
3460,BNS,80,1,1
3461,BNS,309,1,1
3462,BNS,338,1,1
3462,IT,66D,1,2
3463,MV,184,1,1
3464,BNS,112,1,1
3465,BNS,305,1,1
3465,BNS,303,1,2
3465,BNS,316,1,3
3466,BNS,112,1,1
3467,MV,184,1,1
3467,MV,185,1,2
3468,MV,185,1,1
3469,MV,185,1,1
3469,MV,184,1,2
3470,ARMS,25,1,1
3471,BNS,196,1,1
3471,BNS,189,1,2
3471,BNS,191,1,3
3472,BNS,309,1,1
3473,BNS,189,1,1
3474,MV,184,1,1
3474,MV,185,1,2
3475,IT,66C,1,1
3475,IT,66D,1,2
3475,IT,66,1,3
3476,BNS,85,1,1
3477,BNS,305,1,1
3477,BNS,309,1,2
3477,BNS,331,1,3
3478,BNS,316,1,1
3479,POCSO,8,1,1
3479,POCSO,4,1,2
3480,BNS,105,1,1
3481,BNS,316,1,1
3482,MV,184,1,1
3483,MV,184,1,1
3483,MV,185,1,2
3484,BNS,309,1,1
3484,BNS,310,1,2
3485,IT,66D,1,1
3485,BNS,318,1,2
3485,BNS,338,1,3
3486,BNS,118,1,1
3486,BNS,109,1,2
3487,BNS,64,1,1
3487,BNS,78,1,2
3488,BNS,351,1,1
3488,BNS,112,1,2
3489,BNS,74,1,1
3489,BNS,80,1,2
3490,BNS,310,1,1
3491,MV,184,1,1
3491,MV,185,1,2
3493,BNS,318,1,1
3494,BNS,310,1,1
3494,BNS,331,1,2
3494,BNS,303,1,3
3495,MV,184,1,1
3495,MV,185,1,2
3496,BNS,74,1,1
3497,BNS,105,1,1
3497,BNS,109,1,2
3498,BNS,103,1,1
3499,BNS,310,1,1
3500,BNS,111,1,1
3500,BNS,351,1,2
3500,BNS,112,1,3
3501,BNS,316,1,1
3502,BNS,305,1,1
3502,BNS,309,1,2
3502,BNS,310,1,3
3503,BNS,74,1,1
3503,BNS,64,1,2
3504,BNS,310,1,1
3504,BNS,303,1,2
3504,BNS,318,1,3
3505,BNS,309,1,1
3505,BNS,316,1,2
3505,BNS,318,1,3
3507,MV,185,1,1
3507,MV,184,1,2
3508,BNS,64,1,1
3508,BNS,140,1,2
3508,BNS,74,1,3
3509,BNS,118,1,1
3509,BNS,103,1,2
3509,BNS,105,1,3
3510,BNS,140,1,1
3511,BNS,305,1,1
3511,BNS,316,1,2
3512,BNS,338,1,1
3512,IT,66D,1,2
3512,BNS,318,1,3
3513,BNS,64,1,1
3513,BNS,74,1,2
3514,BNS,310,1,1
3514,BNS,309,1,2
3515,BNS,85,1,1
3515,BNS,78,1,2
3516,ARMS,25,1,1
3517,BNS,316,1,1
3518,BNS,331,1,1
3519,BNS,112,1,1
3519,BNS,351,1,2
3519,BNS,189,1,3
3520,EXCISE,32,1,1
3520,NDPS,8,1,2
3520,NDPS,21,1,3
3521,BNS,309,1,1
3521,BNS,303,1,2
3521,BNS,305,1,3
3522,BNS,118,1,1
3523,BNS,103,1,1
3523,BNS,109,1,2
3524,MV,184,1,1
3524,MV,185,1,2
3525,BNS,309,1,1
3525,BNS,310,1,2
3526,BNS,338,1,1
3526,BNS,318,1,2
3526,IT,66D,1,3
3527,NDPS,21,1,1
3527,EXCISE,32,1,2
3527,NDPS,20,1,3
3528,BNS,309,1,1
3528,BNS,318,1,2
3529,BNS,316,1,1
3529,BNS,305,1,2
3529,BNS,309,1,3
3531,BNS,105,1,1
3531,BNS,118,1,2
3532,BNS,316,1,1
3533,BNS,310,1,1
3533,BNS,305,1,2
3534,MV,184,1,1
3535,ARMS,25,1,1
3537,MV,185,1,1
3538,BNS,118,1,1
3538,BNS,115,1,2
3538,BNS,109,1,3
3539,BNS,303,1,1
3540,BNS,310,1,1
3541,BNS,305,1,1
3541,BNS,310,1,2
3542,BNS,318,1,1
3543,BNS,331,1,1
3543,BNS,305,1,2
3543,BNS,310,1,3
3544,BNS,74,1,1
3545,NDPS,21,1,1
3546,BNS,305,1,1
3546,BNS,318,1,2
3546,BNS,310,1,3
3547,IT,66D,1,1
3547,BNS,318,1,2
3547,BNS,338,1,3
3548,MV,185,1,1
3548,MV,184,1,2
3549,BNS,109,1,1
3549,BNS,118,1,2
3550,BNS,118,1,1
3551,BNS,309,1,1
3552,BNS,310,1,1
3553,MV,184,1,1
3554,BNS,140,1,1
3554,BNS,64,1,2
3554,BNS,78,1,3
3555,MV,185,1,1
3555,MV,184,1,2
3556,BNS,309,1,1
3556,BNS,310,1,2
3557,BNS,331,1,1
3557,BNS,310,1,2
3558,BNS,331,1,1
3558,BNS,309,1,2
3559,BNS,74,1,1
3559,BNS,85,1,2
3559,BNS,64,1,3
3560,BNS,115,1,1
3560,BNS,105,1,2
3560,BNS,103,1,3
3561,BNS,103,1,1
3561,BNS,118,1,2
3561,BNS,115,1,3
3562,BNS,309,1,1
3563,BNS,305,1,1
3563,BNS,316,1,2
3563,BNS,318,1,3
3564,BNS,305,1,1
3564,BNS,310,1,2
3564,BNS,331,1,3
3565,BNS,331,1,1
3566,BNS,305,1,1
3566,BNS,303,1,2
3566,BNS,318,1,3
3567,BNS,118,1,1
3567,BNS,103,1,2
3567,BNS,115,1,3
3568,BNS,310,1,1
3569,BNS,78,1,1
3569,BNS,85,1,2
3569,BNS,74,1,3
3570,BNS,351,1,1
3570,BNS,112,1,2
3570,BNS,111,1,3
3571,NDPS,20,1,1
3572,BNS,109,1,1
3572,BNS,115,1,2
3573,IT,66,1,1
3573,IT,66C,1,2
3574,BNS,191,1,1
3574,BNS,351,1,2
3574,BNS,189,1,3
3575,MV,185,1,1
3576,BNS,303,1,1
3576,BNS,310,1,2
3578,IT,66C,1,1
3579,BNS,140,1,1
3580,BNS,310,1,1
3580,BNS,316,1,2
3580,BNS,331,1,3
3582,BNS,303,1,1
3582,BNS,310,1,2
3583,BNS,338,1,1
3583,BNS,318,1,2
3583,IT,66D,1,3
3584,IT,66D,1,1
3585,MV,185,1,1
3585,MV,184,1,2
3586,IT,66D,1,1
3586,BNS,318,1,2
3586,BNS,338,1,3
3587,BNS,103,1,1
3587,BNS,118,1,2
3587,BNS,105,1,3
3588,BNS,338,1,1
3588,BNS,318,1,2
3589,BNS,303,1,1
3590,BNS,118,1,1
3590,BNS,105,1,2
3590,BNS,103,1,3
3591,BNS,310,1,1
3592,NDPS,8,1,1
3592,NDPS,20,1,2
3593,BNS,309,1,1
3593,BNS,310,1,2
3593,BNS,316,1,3
3594,BNS,318,1,1
3594,IT,66D,1,2
3594,BNS,338,1,3
3595,BNS,310,1,1
3595,BNS,331,1,2
3596,BNS,316,1,1
3596,BNS,310,1,2
3596,BNS,309,1,3
3597,BNS,331,1,1
3597,BNS,305,1,2
3599,BNS,305,1,1
3600,BNS,118,1,1
3601,BNS,338,1,1
3601,IT,66D,1,2
3602,NDPS,8,1,1
3602,ARMS,27,1,2
3602,NDPS,20,1,3
3603,NDPS,21,1,1
3604,POCSO,4,1,1
3604,BNS,140,1,2
3604,POCSO,8,1,3
3605,BNS,305,1,1
3605,BNS,303,1,2
3605,BNS,318,1,3
3606,BNS,105,1,1
3606,BNS,118,1,2
3606,BNS,115,1,3
3607,BNS,112,1,1
3607,BNS,189,1,2
3607,BNS,196,1,3
3608,BNS,105,1,1
3608,BNS,115,1,2
3608,BNS,103,1,3
3609,BNS,303,1,1
3609,BNS,318,1,2
3610,BNS,338,1,1
3610,IT,66D,1,2
3611,MV,185,1,1
3612,BNS,318,1,1
3612,BNS,303,1,2
3612,BNS,305,1,3
3613,BNS,64,1,1
3613,BNS,85,1,2
3614,BNS,318,1,1
3614,BNS,305,1,2
3615,BNS,85,1,1
3615,BNS,140,1,2
3615,BNS,74,1,3
3616,BNS,331,1,1
3617,MV,184,1,1
3618,BNS,351,1,1
3618,BNS,191,1,2
3620,BNS,64,1,1
3622,BNS,109,1,1
3622,BNS,105,1,2
3622,BNS,118,1,3
3623,BNS,103,1,1
3623,BNS,115,1,2
3623,BNS,105,1,3
3624,BNS,310,1,1
3625,BNS,303,1,1
3626,BNS,316,1,1
3626,BNS,309,1,2
3627,BNS,109,1,1
3627,BNS,115,1,2
3627,BNS,118,1,3
3628,BNS,303,1,1
3628,BNS,318,1,2
3629,BNS,316,1,1
3629,BNS,303,1,2
3629,BNS,305,1,3
3630,IT,66D,1,1
3630,IT,66C,1,2
3631,POCSO,4,1,1
3632,BNS,64,1,1
3633,BNS,112,1,1
3633,BNS,191,1,2
3634,BNS,331,1,1
3635,MV,184,1,1
3635,MV,185,1,2
3636,MV,184,1,1
3636,MV,185,1,2
3637,BNS,64,1,1
3638,IT,66D,1,1
3639,BNS,318,1,1
3639,BNS,309,1,2
3640,MV,184,1,1
3641,IT,66D,1,1
3641,BNS,318,1,2
3642,IT,66C,1,1
3643,BNS,338,1,1
3643,IT,66D,1,2
3644,EXCISE,32,1,1
3645,BNS,310,1,1
3645,BNS,305,1,2
3647,MV,184,1,1
3647,MV,185,1,2
3648,BNS,305,1,1
3648,BNS,309,1,2
3648,BNS,310,1,3
3650,IT,66,1,1
3651,BNS,64,1,1
3651,BNS,80,1,2
3651,BNS,85,1,3
3652,MV,185,1,1
3652,MV,184,1,2
3653,BNS,318,1,1
3654,BNS,305,1,1
3654,BNS,303,1,2
3654,BNS,318,1,3
3655,POCSO,8,1,1
3655,BNS,140,1,2
3655,POCSO,4,1,3
3656,BNS,331,1,1
3657,BNS,64,1,1
3658,BNS,331,1,1
3660,BNS,118,1,1
3661,MV,184,1,1
3661,MV,185,1,2
3662,BNS,338,1,1
3662,IT,66D,1,2
3663,BNS,310,1,1
3664,BNS,338,1,1
3664,IT,66D,1,2
3664,BNS,318,1,3
3665,BNS,316,1,1
3665,BNS,305,1,2
3665,BNS,309,1,3
3666,MV,185,1,1
3666,MV,184,1,2
3667,BNS,109,1,1
3667,BNS,115,1,2
3668,BNS,316,1,1
3669,BNS,338,1,1
3669,BNS,318,1,2
3669,IT,66D,1,3
3670,BNS,331,1,1
3670,BNS,316,1,2
3671,BNS,309,1,1
3671,BNS,310,1,2
3673,BNS,338,1,1
3673,IT,66D,1,2
3673,BNS,318,1,3
3674,BNS,331,1,1
3674,BNS,310,1,2
3675,BNS,310,1,1
3676,BNS,318,1,1
3677,BNS,331,1,1
3677,BNS,318,1,2
3678,BNS,318,1,1
3678,BNS,338,1,2
3679,BNS,303,1,1
3679,BNS,331,1,2
3679,BNS,305,1,3
3680,BNS,338,1,1
3680,IT,66D,1,2
3681,IT,66C,1,1
3681,IT,66D,1,2
3681,IT,66,1,3
3682,BNS,303,1,1
3682,BNS,316,1,2
3684,BNS,318,1,1
3685,BNS,118,1,1
3686,MV,184,1,1
3686,MV,185,1,2
3687,BNS,305,1,1
3687,BNS,316,1,2
3687,BNS,309,1,3
3688,IT,66C,1,1
3688,IT,66D,1,2
3689,BNS,316,1,1
3690,BNS,196,1,1
3690,BNS,191,1,2
3691,BNS,303,1,1
3691,BNS,305,1,2
3692,BNS,309,1,1
3693,IT,66D,1,1
3693,BNS,338,1,2
3693,BNS,318,1,3
3694,ARMS,27,1,1
3695,BNS,351,1,1
3695,BNS,111,1,2
3696,BNS,318,1,1
3697,BNS,310,1,1
3697,BNS,318,1,2
3698,EXCISE,32,1,1
3698,ARMS,25,1,2
3698,NDPS,20,1,3
3699,BNS,303,1,1
3700,BNS,309,1,1
3701,BNS,309,1,1
3702,BNS,103,1,1
3702,BNS,115,1,2
3702,BNS,118,1,3
3703,BNS,103,1,1
3703,BNS,118,1,2
3703,BNS,105,1,3
3704,BNS,316,1,1
3705,BNS,105,1,1
3706,BNS,105,1,1
3706,BNS,118,1,2
3706,BNS,109,1,3
3707,BNS,305,1,1
3708,BNS,318,1,1
3709,BNS,310,1,1
3709,BNS,309,1,2
3709,BNS,305,1,3
3710,ARMS,25,1,1
3710,NDPS,21,1,2
3710,NDPS,8,1,3
3711,BNS,115,1,1
3711,BNS,109,1,2
3711,BNS,118,1,3
3712,BNS,303,1,1
3713,BNS,318,1,1
3713,IT,66D,1,2
3714,BNS,115,1,1
3714,BNS,105,1,2
3715,IT,66C,1,1
3715,IT,66D,1,2
3716,BNS,310,1,1
3717,MV,184,1,1
3717,MV,185,1,2
3718,MV,185,1,1
3719,BNS,331,1,1
3720,BNS,103,1,1
3721,BNS,303,1,1
3722,MV,184,1,1
3722,MV,185,1,2
3723,BNS,303,1,1
3723,BNS,318,1,2
3723,BNS,310,1,3
3724,NDPS,8,1,1
3724,ARMS,25,1,2
3725,BNS,318,1,1
3725,BNS,316,1,2
3725,BNS,309,1,3
3726,MV,185,1,1
3727,IT,66,1,1
3727,IT,66C,1,2
3729,BNS,331,1,1
3729,BNS,316,1,2
3730,BNS,338,1,1
3731,IT,66D,1,1
3731,BNS,318,1,2
3732,BNS,80,1,1
3732,BNS,140,1,2
3732,BNS,85,1,3
3733,BNS,318,1,1
3734,PC,7,1,1
3735,IT,66D,1,1
3736,BNS,305,1,1
3736,BNS,318,1,2
3737,BNS,115,1,1
3738,BNS,196,1,1
3738,BNS,191,1,2
3738,BNS,112,1,3
3740,MV,184,1,1
3740,MV,185,1,2
3741,IT,66C,1,1
3741,IT,66D,1,2
3742,BNS,115,1,1
3743,BNS,318,1,1
3744,BNS,118,1,1
3744,BNS,115,1,2
3744,BNS,105,1,3
3746,BNS,78,1,1
3747,BNS,338,1,1
3748,BNS,303,1,1
3748,BNS,305,1,2
3749,BNS,303,1,1
3750,BNS,309,1,1
3751,BNS,305,1,1
3751,BNS,309,1,2
3752,BNS,316,1,1
3752,BNS,318,1,2
3752,BNS,303,1,3
3753,BNS,331,1,1
3754,BNS,318,1,1
3754,IT,66D,1,2
3755,BNS,310,1,1
3756,BNS,338,1,1
3756,IT,66D,1,2
3756,BNS,318,1,3
3757,BNS,318,1,1
3757,BNS,305,1,2
3758,IT,66D,1,1
3758,BNS,338,1,2
3758,BNS,318,1,3
3759,MV,185,1,1
3760,IT,66D,1,1
3761,BNS,310,1,1
3761,BNS,303,1,2
3762,BNS,115,1,1
3762,BNS,103,1,2
3762,BNS,105,1,3
3763,BNS,351,1,1
3763,BNS,196,1,2
3763,BNS,191,1,3
3764,BNS,305,1,1
3764,BNS,318,1,2
3764,BNS,309,1,3
3765,PC,7,1,1
3766,BNS,64,1,1
3767,BNS,305,1,1
3767,BNS,309,1,2
3768,BNS,305,1,1
3769,BNS,140,1,1
3769,BNS,78,1,2
3769,BNS,74,1,3
3770,BNS,309,1,1
3770,BNS,310,1,2
3772,BNS,305,1,1
3772,BNS,303,1,2
3772,BNS,318,1,3
3773,IT,66C,1,1
3773,IT,66D,1,2
3774,BNS,111,1,1
3774,BNS,196,1,2
3774,BNS,351,1,3
3775,BNS,318,1,1
3776,BNS,303,1,1
3777,BNS,318,1,1
3778,MV,184,1,1
3778,MV,185,1,2
3779,ARMS,25,1,1
3779,NDPS,20,1,2
3780,MV,184,1,1
3780,MV,185,1,2
3781,BNS,318,1,1
3781,BNS,338,1,2
3782,MV,185,1,1
3783,MV,185,1,1
3783,MV,184,1,2
3784,BNS,303,1,1
3785,BNS,331,1,1
3786,BNS,111,1,1
3786,BNS,191,1,2
3787,BNS,140,1,1
3787,BNS,78,1,2
3788,MV,184,1,1
3789,BNS,309,1,1
3789,BNS,310,1,2
3789,BNS,316,1,3
3790,BNS,310,1,1
3791,BNS,318,1,1
3791,IT,66D,1,2
3792,BNS,305,1,1
3792,BNS,310,1,2
3794,BNS,112,1,1
3795,BNS,316,1,1
3795,BNS,309,1,2
3796,BNS,309,1,1
3797,BNS,305,1,1
3797,BNS,331,1,2
3798,BNS,309,1,1
3799,IT,66D,1,1
3800,BNS,310,1,1
3802,BNS,103,1,1
3802,BNS,109,1,2
3803,BNS,303,1,1
3804,BNS,316,1,1
3804,BNS,310,1,2
3804,BNS,309,1,3
3805,PC,7,1,1
3806,BNS,338,1,1
3806,BNS,318,1,2
3807,BNS,140,1,1
3807,BNS,78,1,2
3808,BNS,310,1,1
3808,BNS,305,1,2
3808,BNS,303,1,3
3810,IT,66D,1,1
3810,BNS,338,1,2
3811,BNS,338,1,1
3811,BNS,318,1,2
3811,IT,66D,1,3
3812,BNS,303,1,1
3813,ARMS,27,1,1
3813,EXCISE,32,1,2
3813,NDPS,8,1,3
3814,IT,66C,1,1
3814,IT,66,1,2
3815,BNS,305,1,1
3816,MV,185,1,1
3816,MV,184,1,2
3817,BNS,318,1,1
3817,BNS,310,1,2
3818,IT,66D,1,1
3819,BNS,118,1,1
3820,BNS,303,1,1
3821,BNS,351,1,1
3821,BNS,111,1,2
3822,IT,66D,1,1
3822,BNS,338,1,2
3823,IT,66,1,1
3824,BNS,140,1,1
3825,BNS,318,1,1
3825,IT,66D,1,2
3826,BNS,78,1,1
3826,BNS,64,1,2
3827,BNS,316,1,1
3827,BNS,331,1,2
3828,BNS,115,1,1
3828,BNS,103,1,2
3828,BNS,105,1,3
3829,BNS,115,1,1
3829,BNS,118,1,2
3830,BNS,115,1,1
3830,BNS,105,1,2
3830,BNS,103,1,3
3831,BNS,118,1,1
3831,BNS,115,1,2
3832,BNS,305,1,1
3832,BNS,331,1,2
3832,BNS,309,1,3
3833,BNS,191,1,1
3834,BNS,305,1,1
3834,BNS,309,1,2
3835,BNS,316,1,1
3835,BNS,305,1,2
3836,BNS,310,1,1
3836,BNS,309,1,2
3836,BNS,318,1,3
3837,BNS,310,1,1
3838,BNS,309,1,1
3838,BNS,316,1,2
3839,IT,66D,1,1
3840,MV,184,1,1
3841,BNS,64,1,1
3841,BNS,140,1,2
3842,BNS,105,1,1
3842,BNS,109,1,2
3843,BNS,189,1,1
3843,BNS,112,1,2
3844,PC,7,1,1
3845,BNS,310,1,1
3845,BNS,316,1,2
3846,BNS,310,1,1
3846,BNS,318,1,2
3847,BNS,338,1,1
3849,BNS,305,1,1
3849,BNS,318,1,2
3849,BNS,310,1,3
3850,BNS,191,1,1
3850,BNS,196,1,2
3851,BNS,316,1,1
3853,BNS,115,1,1
3853,BNS,118,1,2
3853,BNS,105,1,3
3854,BNS,310,1,1
3854,BNS,316,1,2
3855,BNS,191,1,1
3856,BNS,85,1,1
3857,BNS,331,1,1
3857,BNS,310,1,2
3857,BNS,309,1,3
3858,BNS,109,1,1
3859,BNS,112,1,1
3859,BNS,191,1,2
3860,IT,66D,1,1
3860,BNS,318,1,2
3861,BNS,331,1,1
3861,BNS,309,1,2
3862,BNS,331,1,1
3863,BNS,78,1,1
3863,BNS,64,1,2
3864,BNS,305,1,1
3865,BNS,118,1,1
3865,BNS,105,1,2
3866,NDPS,21,1,1
3866,NDPS,8,1,2
3867,BNS,111,1,1
3868,BNS,109,1,1
3868,BNS,103,1,2
3869,BNS,112,1,1
3870,BNS,331,1,1
3870,BNS,303,1,2
3870,BNS,310,1,3
3871,BNS,310,1,1
3871,BNS,318,1,2
3871,BNS,309,1,3
3872,BNS,303,1,1
3872,BNS,331,1,2
3873,BNS,118,1,1
3874,BNS,331,1,1
3874,BNS,303,1,2
3874,BNS,316,1,3
3875,MV,185,1,1
3876,BNS,338,1,1
3877,BNS,111,1,1
3877,BNS,196,1,2
3877,BNS,112,1,3
3878,BNS,74,1,1
3878,BNS,80,1,2
3879,BNS,303,1,1
3879,BNS,316,1,2
3879,BNS,305,1,3
3880,BNS,118,1,1
3880,BNS,103,1,2
3880,BNS,115,1,3
3881,BNS,316,1,1
3882,IT,66D,1,1
3882,IT,66,1,2
3882,IT,66C,1,3
3883,BNS,74,1,1
3883,BNS,80,1,2
3883,BNS,140,1,3
3884,BNS,316,1,1
3884,BNS,331,1,2
3885,BNS,303,1,1
3885,BNS,331,1,2
3886,BNS,318,1,1
3887,BNS,303,1,1
3887,BNS,331,1,2
3888,BNS,316,1,1
3889,BNS,316,1,1
3889,BNS,309,1,2
3890,BNS,318,1,1
3891,BNS,318,1,1
3892,MV,185,1,1
3892,MV,184,1,2
3893,BNS,310,1,1
3893,BNS,331,1,2
3893,BNS,309,1,3
3895,BNS,310,1,1
3895,BNS,305,1,2
3895,BNS,316,1,3
3896,IT,66D,1,1
3896,IT,66C,1,2
3897,BNS,109,1,1
3898,IT,66,1,1
3899,MV,185,1,1
3899,MV,184,1,2
3900,BNS,80,1,1
3900,BNS,78,1,2
3900,BNS,74,1,3
3901,BNS,318,1,1
3902,BNS,309,1,1
3902,BNS,331,1,2
3903,BNS,316,1,1
3903,BNS,318,1,2
3904,BNS,140,1,1
3905,BNS,85,1,1
3905,BNS,80,1,2
3905,BNS,64,1,3
3906,MV,184,1,1
3907,BNS,111,1,1
3907,BNS,351,1,2
3908,BNS,109,1,1
3909,BNS,318,1,1
3909,BNS,316,1,2
3910,NDPS,8,1,1
3910,ARMS,27,1,2
3910,ARMS,25,1,3
3911,BNS,303,1,1
3911,BNS,316,1,2
3911,BNS,310,1,3
3912,BNS,64,1,1
3913,BNS,318,1,1
3914,MV,184,1,1
3914,MV,185,1,2
3915,MV,185,1,1
3915,MV,184,1,2
3916,BNS,331,1,1
3916,BNS,316,1,2
3917,BNS,303,1,1
3917,BNS,331,1,2
3918,BNS,112,1,1
3919,BNS,310,1,1
3920,BNS,338,1,1
3920,BNS,318,1,2
3921,BNS,112,1,1
3921,BNS,111,1,2
3922,BNS,105,1,1
3922,BNS,109,1,2
3922,BNS,118,1,3
3923,BNS,318,1,1
3923,BNS,310,1,2
3924,BNS,318,1,1
3924,BNS,331,1,2
3924,BNS,305,1,3
3925,BNS,318,1,1
3925,BNS,338,1,2
3926,IT,66D,1,1
3927,BNS,318,1,1
3927,BNS,338,1,2
3928,BNS,103,1,1
3929,BNS,305,1,1
3930,BNS,80,1,1
3930,BNS,140,1,2
3931,BNS,318,1,1
3931,IT,66D,1,2
3931,BNS,338,1,3
3932,BNS,109,1,1
3932,BNS,103,1,2
3933,MV,184,1,1
3933,MV,185,1,2
3934,BNS,109,1,1
3935,BNS,331,1,1
3936,IT,66D,1,1
3936,IT,66,1,2
3936,IT,66C,1,3
3937,IT,66D,1,1
3937,IT,66C,1,2
3937,IT,66,1,3
3938,BNS,140,1,1
3940,NDPS,21,1,1
3940,NDPS,8,1,2
3941,BNS,331,1,1
3942,MV,184,1,1
3943,BNS,318,1,1
3943,BNS,310,1,2
3943,BNS,305,1,3
3944,BNS,338,1,1
3944,BNS,318,1,2
3944,IT,66D,1,3
3945,MV,184,1,1
3946,BNS,74,1,1
3947,BNS,105,1,1
3947,BNS,109,1,2
3948,BNS,189,1,1
3949,IT,66D,1,1
3950,MV,185,1,1
3950,MV,184,1,2
3951,BNS,303,1,1
3952,MV,184,1,1
3953,BNS,196,1,1
3953,BNS,111,1,2
3954,BNS,305,1,1
3955,BNS,331,1,1
3955,BNS,305,1,2
3956,BNS,309,1,1
3956,BNS,316,1,2
3956,BNS,310,1,3
3957,MV,184,1,1
3958,BNS,191,1,1
3959,BNS,115,1,1
3959,BNS,118,1,2
3960,BNS,64,1,1
3962,BNS,303,1,1
3963,IT,66C,1,1
3963,IT,66,1,2
3963,IT,66D,1,3
3964,BNS,303,1,1
3964,BNS,331,1,2
3967,BNS,310,1,1
3967,BNS,309,1,2
3968,BNS,115,1,1
3968,BNS,105,1,2
3969,MV,184,1,1
3969,MV,185,1,2
3970,BNS,118,1,1
3971,BNS,310,1,1
3971,BNS,318,1,2
3972,BNS,309,1,1
3972,BNS,318,1,2
3973,MV,184,1,1
3973,MV,185,1,2
3974,MV,185,1,1
3975,NDPS,21,1,1
3975,NDPS,8,1,2
3975,ARMS,25,1,3
3976,BNS,331,1,1
3976,BNS,305,1,2
3976,BNS,316,1,3
3977,BNS,310,1,1
3977,BNS,309,1,2
3978,BNS,196,1,1
3978,BNS,112,1,2
3978,BNS,189,1,3
3979,BNS,331,1,1
3980,MV,184,1,1
3981,BNS,338,1,1
3981,IT,66D,1,2
3981,BNS,318,1,3
3982,BNS,303,1,1
3982,BNS,309,1,2
3982,BNS,305,1,3
3983,BNS,310,1,1
3983,BNS,331,1,2
3984,BNS,331,1,1
3984,BNS,310,1,2
3985,BNS,109,1,1
3985,BNS,103,1,2
3985,BNS,115,1,3
3986,MV,184,1,1
3986,MV,185,1,2
3987,ARMS,25,1,1
3988,BNS,305,1,1
3989,BNS,305,1,1
3989,BNS,318,1,2
3989,BNS,316,1,3
3990,BNS,140,1,1
3990,POCSO,4,1,2
3990,POCSO,8,1,3
3991,BNS,189,1,1
3991,BNS,191,1,2
3992,ARMS,27,1,1
3993,BNS,111,1,1
3993,BNS,351,1,2
3993,BNS,112,1,3
3994,BNS,112,1,1
3994,BNS,191,1,2
3994,BNS,189,1,3
3995,BNS,305,1,1
3995,BNS,310,1,2
3996,BNS,305,1,1
3997,MV,184,1,1
3997,MV,185,1,2
3998,MV,185,1,1
3999,BNS,64,1,1
3999,BNS,74,1,2
4000,NDPS,8,1,1
4000,ARMS,25,1,2
4001,BNS,318,1,1
4001,IT,66D,1,2
4002,BNS,109,1,1
4003,BNS,112,1,1
4004,BNS,318,1,1
4004,BNS,338,1,2
4004,IT,66D,1,3
4005,BNS,318,1,1
4005,BNS,303,1,2
4005,BNS,310,1,3
4006,BNS,331,1,1
4007,BNS,118,1,1
4007,BNS,105,1,2
4008,BNS,318,1,1
4008,IT,66D,1,2
4008,BNS,338,1,3
4009,BNS,196,1,1
4010,BNS,118,1,1
4010,BNS,105,1,2
4010,BNS,103,1,3
4011,BNS,303,1,1
4012,BNS,318,1,1
4012,BNS,316,1,2
4014,MV,185,1,1
4014,MV,184,1,2
4015,IT,66D,1,1
4015,IT,66,1,2
4016,BNS,191,1,1
4016,BNS,112,1,2
4016,BNS,111,1,3
4017,BNS,331,1,1
4017,BNS,305,1,2
4018,ARMS,25,1,1
4019,NDPS,20,1,1
4019,NDPS,21,1,2
4019,EXCISE,32,1,3
4020,BNS,64,1,1
4020,BNS,74,1,2
4021,BNS,316,1,1
4021,BNS,318,1,2
4022,BNS,338,1,1
4022,BNS,318,1,2
4022,IT,66D,1,3
4023,BNS,331,1,1
4023,BNS,318,1,2
4023,BNS,310,1,3
4024,BNS,115,1,1
4024,BNS,109,1,2
4025,BNS,331,1,1
4026,BNS,331,1,1
4026,BNS,318,1,2
4027,BNS,310,1,1
4028,BNS,191,1,1
4028,BNS,112,1,2
4028,BNS,351,1,3
4029,MV,185,1,1
4029,MV,184,1,2
4030,BNS,105,1,1
4030,BNS,109,1,2
4030,BNS,118,1,3
4031,BNS,64,1,1
4031,BNS,80,1,2
4033,ARMS,27,1,1
4033,ARMS,25,1,2
4034,NDPS,21,1,1
4034,ARMS,27,1,2
4034,NDPS,20,1,3
4035,MV,184,1,1
4035,MV,185,1,2
4036,BNS,105,1,1
4037,MV,185,1,1
4037,MV,184,1,2
4038,MV,185,1,1
4039,POCSO,8,1,1
4039,BNS,140,1,2
4040,BNS,189,1,1
4040,BNS,191,1,2
4041,BNS,318,1,1
4041,BNS,316,1,2
4041,BNS,303,1,3
4043,BNS,318,1,1
4043,BNS,338,1,2
4043,IT,66D,1,3
4044,MV,185,1,1
4045,MV,185,1,1
4045,MV,184,1,2
4046,BNS,310,1,1
4046,BNS,331,1,2
4047,BNS,309,1,1
4048,BNS,105,1,1
4049,IT,66,1,1
4049,IT,66D,1,2
4050,BNS,305,1,1
4050,BNS,309,1,2
4051,BNS,103,1,1
4051,BNS,105,1,2
4051,BNS,109,1,3
4052,BNS,80,1,1
4052,BNS,74,1,2
4052,BNS,140,1,3
4053,POCSO,8,1,1
4053,POCSO,4,1,2
4054,BNS,196,1,1
4054,BNS,112,1,2
4054,BNS,111,1,3
4055,IT,66C,1,1
4055,IT,66,1,2
4056,BNS,309,1,1
4056,BNS,305,1,2
4056,BNS,316,1,3
4057,BNS,316,1,1
4058,BNS,303,1,1
4058,BNS,316,1,2
4059,BNS,331,1,1
4060,MV,185,1,1
4060,MV,184,1,2
4062,IT,66D,1,1
4062,IT,66C,1,2
4063,BNS,109,1,1
4064,BNS,316,1,1
4064,BNS,309,1,2
4064,BNS,310,1,3
4065,BNS,316,1,1
4065,BNS,303,1,2
4066,POCSO,4,1,1
4066,POCSO,8,1,2
4066,BNS,140,1,3
4067,BNS,115,1,1
4067,BNS,103,1,2
4067,BNS,118,1,3
4068,BNS,318,1,1
4068,BNS,338,1,2
4069,BNS,105,1,1
4070,BNS,115,1,1
4070,BNS,103,1,2
4070,BNS,105,1,3
4072,BNS,80,1,1
4073,BNS,331,1,1
4073,BNS,316,1,2
4073,BNS,310,1,3
4074,ARMS,25,1,1
4074,NDPS,20,1,2
4074,NDPS,8,1,3
4075,BNS,318,1,1
4075,BNS,316,1,2
4076,BNS,103,1,1
4076,BNS,115,1,2
4077,BNS,338,1,1
4078,MV,184,1,1
4078,MV,185,1,2
4079,BNS,310,1,1
4079,BNS,305,1,2
4079,BNS,318,1,3
4080,BNS,318,1,1
4080,BNS,331,1,2
4080,BNS,303,1,3
4081,BNS,338,1,1
4081,IT,66D,1,2
4081,BNS,318,1,3
4082,MV,184,1,1
4082,MV,185,1,2
4083,BNS,351,1,1
4084,BNS,191,1,1
4084,BNS,351,1,2
4085,MV,184,1,1
4086,BNS,318,1,1
4088,BNS,118,1,1
4089,BNS,305,1,1
4089,BNS,303,1,2
4089,BNS,316,1,3
4090,BNS,64,1,1
4090,BNS,85,1,2
4091,BNS,303,1,1
4091,BNS,305,1,2
4091,BNS,309,1,3
4092,BNS,112,1,1
4092,BNS,351,1,2
4092,BNS,189,1,3
4093,ARMS,25,1,1
4094,MV,185,1,1
4094,MV,184,1,2
4095,BNS,109,1,1
4095,BNS,105,1,2
4096,BNS,310,1,1
4096,BNS,305,1,2
4097,BNS,318,1,1
4097,BNS,338,1,2
4097,IT,66D,1,3
4098,BNS,305,1,1
4098,BNS,331,1,2
4099,MV,184,1,1
4100,BNS,310,1,1
4100,BNS,316,1,2
4100,BNS,309,1,3
4101,BNS,303,1,1
4101,BNS,331,1,2
4101,BNS,316,1,3
4103,BNS,64,1,1
4103,BNS,85,1,2
4103,BNS,80,1,3
4104,BNS,309,1,1
4104,BNS,318,1,2
4104,BNS,305,1,3
4105,BNS,64,1,1
4105,BNS,74,1,2
4106,BNS,309,1,1
4106,BNS,318,1,2
4107,BNS,305,1,1
4107,BNS,309,1,2
4107,BNS,310,1,3
4108,BNS,303,1,1
4108,BNS,309,1,2
4109,MV,184,1,1
4109,MV,185,1,2
4110,BNS,78,1,1
4110,BNS,64,1,2
4110,BNS,85,1,3
4111,BNS,316,1,1
4112,MV,185,1,1
4113,BNS,64,1,1
4114,NDPS,8,1,1
4114,NDPS,21,1,2
4114,NDPS,20,1,3
4115,BNS,316,1,1
4115,BNS,310,1,2
4115,BNS,305,1,3
4116,EXCISE,32,1,1
4117,MV,184,1,1
4117,MV,185,1,2
4118,MV,184,1,1
4119,BNS,316,1,1
4119,BNS,303,1,2
4120,BNS,103,1,1
4120,BNS,109,1,2
4120,BNS,115,1,3
4121,BNS,338,1,1
4121,BNS,318,1,2
4123,MV,184,1,1
4123,MV,185,1,2
4124,BNS,105,1,1
4124,BNS,115,1,2
4125,BNS,78,1,1
4125,BNS,85,1,2
4125,BNS,140,1,3
4126,BNS,80,1,1
4126,BNS,78,1,2
4126,BNS,140,1,3
4127,BNS,309,1,1
4127,BNS,331,1,2
4127,BNS,305,1,3
4128,MV,185,1,1
4129,BNS,303,1,1
4130,BNS,309,1,1
4130,BNS,331,1,2
4131,BNS,78,1,1
4131,BNS,80,1,2
4131,BNS,74,1,3
4132,MV,184,1,1
4133,BNS,309,1,1
4134,BNS,305,1,1
4134,BNS,318,1,2
4134,BNS,309,1,3
4135,BNS,318,1,1
4135,BNS,338,1,2
4136,BNS,196,1,1
4136,BNS,191,1,2
4137,BNS,118,1,1
4137,BNS,105,1,2
4138,MV,184,1,1
4138,MV,185,1,2
4139,BNS,111,1,1
4139,BNS,191,1,2
4140,BNS,303,1,1
4140,BNS,305,1,2
4140,BNS,310,1,3
4141,MV,184,1,1
4142,MV,184,1,1
4142,MV,185,1,2
4143,BNS,331,1,1
4143,BNS,303,1,2
4144,BNS,78,1,1
4144,BNS,80,1,2
4145,BNS,318,1,1
4146,BNS,309,1,1
4146,BNS,310,1,2
4146,BNS,331,1,3
4147,BNS,309,1,1
4148,BNS,318,1,1
4148,BNS,338,1,2
4148,IT,66D,1,3
4149,BNS,115,1,1
4149,BNS,103,1,2
4149,BNS,109,1,3
4150,BNS,318,1,1
4150,BNS,338,1,2
4151,BNS,318,1,1
4151,BNS,309,1,2
4152,BNS,189,1,1
4152,BNS,112,1,2
4153,BNS,115,1,1
4153,BNS,103,1,2
4154,MV,184,1,1
4155,MV,185,1,1
4155,MV,184,1,2
4156,BNS,303,1,1
4157,BNS,111,1,1
4157,BNS,196,1,2
4158,BNS,140,1,1
4159,BNS,318,1,1
4160,BNS,338,1,1
4161,BNS,115,1,1
4161,BNS,103,1,2
4162,BNS,303,1,1
4163,BNS,331,1,1
4163,BNS,316,1,2
4163,BNS,310,1,3
4164,BNS,309,1,1
4164,BNS,316,1,2
4164,BNS,303,1,3
4165,BNS,305,1,1
4165,BNS,303,1,2
4165,BNS,309,1,3
4166,IT,66D,1,1
4166,BNS,318,1,2
4166,BNS,338,1,3
4167,IT,66D,1,1
4167,IT,66,1,2
4168,BNS,305,1,1
4168,BNS,318,1,2
4170,MV,185,1,1
4170,MV,184,1,2
4171,BNS,318,1,1
4172,BNS,338,1,1
4173,BNS,303,1,1
4173,BNS,305,1,2
4174,BNS,318,1,1
4174,BNS,310,1,2
4175,BNS,118,1,1
4175,BNS,115,1,2
4175,BNS,105,1,3
4176,POCSO,4,1,1
4177,BNS,331,1,1
4177,BNS,310,1,2
4178,BNS,318,1,1
4178,IT,66D,1,2
4179,IT,66D,1,1
4179,IT,66,1,2
4179,IT,66C,1,3
4180,IT,66D,1,1
4181,BNS,191,1,1
4181,BNS,189,1,2
4181,BNS,351,1,3
4182,BNS,115,1,1
4182,BNS,105,1,2
4182,BNS,103,1,3
4183,IT,66D,1,1
4183,BNS,338,1,2
4184,BNS,103,1,1
4185,BNS,103,1,1
4185,BNS,105,1,2
4185,BNS,109,1,3
4186,BNS,310,1,1
4186,BNS,305,1,2
4187,BNS,303,1,1
4187,BNS,305,1,2
4187,BNS,331,1,3
4189,BNS,309,1,1
4189,BNS,305,1,2
4189,BNS,318,1,3
4190,BNS,331,1,1
4191,BNS,105,1,1
4191,BNS,118,1,2
4191,BNS,103,1,3
4192,BNS,331,1,1
4193,IT,66D,1,1
4193,IT,66C,1,2
4193,IT,66,1,3
4194,MV,185,1,1
4195,BNS,140,1,1
4196,IT,66D,1,1
4196,BNS,338,1,2
4196,BNS,318,1,3
4197,IT,66D,1,1
4197,IT,66,1,2
4198,BNS,115,1,1
4199,BNS,112,1,1
4200,BNS,118,1,1
4201,MV,185,1,1
4201,MV,184,1,2
4202,BNS,196,1,1
4203,BNS,310,1,1
4204,BNS,118,1,1
4204,BNS,109,1,2
4205,BNS,85,1,1
4205,BNS,64,1,2
4206,BNS,189,1,1
4206,BNS,196,1,2
4207,BNS,305,1,1
4207,BNS,318,1,2
4208,BNS,310,1,1
4208,BNS,309,1,2
4209,IT,66D,1,1
4209,BNS,338,1,2
4209,BNS,318,1,3
4210,BNS,338,1,1
4213,BNS,78,1,1
4213,BNS,74,1,2
4213,BNS,80,1,3
4214,BNS,316,1,1
4214,BNS,318,1,2
4215,BNS,303,1,1
4216,BNS,331,1,1
4217,NDPS,8,1,1
4217,NDPS,20,1,2
4218,ARMS,27,1,1
4219,BNS,109,1,1
4219,BNS,103,1,2
4219,BNS,118,1,3
4220,MV,184,1,1
4220,MV,185,1,2
4221,BNS,303,1,1
4221,BNS,318,1,2
4221,BNS,309,1,3
4222,MV,185,1,1
4222,MV,184,1,2
4223,MV,185,1,1
4224,BNS,303,1,1
4224,BNS,331,1,2
4224,BNS,310,1,3
4225,BNS,64,1,1
4227,BNS,109,1,1
4227,BNS,105,1,2
4228,BNS,310,1,1
4228,BNS,316,1,2
4228,BNS,303,1,3
4229,IT,66D,1,1
4229,BNS,318,1,2
4229,BNS,338,1,3
4230,BNS,318,1,1
4231,BNS,305,1,1
4232,BNS,318,1,1
4232,BNS,338,1,2
4232,IT,66D,1,3
4233,BNS,316,1,1
4233,BNS,310,1,2
4234,BNS,316,1,1
4234,BNS,309,1,2
4234,BNS,310,1,3
4235,IT,66,1,1
4236,BNS,189,1,1
4236,BNS,351,1,2
4236,BNS,112,1,3
4237,BNS,109,1,1
4238,BNS,118,1,1
4238,BNS,109,1,2
4238,BNS,105,1,3
4239,BNS,64,1,1
4239,BNS,78,1,2
4239,BNS,85,1,3
4240,BNS,140,1,1
4241,BNS,310,1,1
4242,PC,7,1,1
4243,EXCISE,32,1,1
4243,NDPS,20,1,2
4243,ARMS,25,1,3
4244,MV,184,1,1
4244,MV,185,1,2
4245,BNS,80,1,1
4245,BNS,85,1,2
4246,BNS,318,1,1
4246,BNS,338,1,2
4246,IT,66D,1,3
4248,BNS,338,1,1
4248,IT,66D,1,2
4249,BNS,310,1,1
4249,BNS,309,1,2
4250,BNS,118,1,1
4251,BNS,74,1,1
4251,BNS,80,1,2
4252,BNS,309,1,1
4252,BNS,316,1,2
4253,MV,184,1,1
4253,MV,185,1,2
4254,BNS,310,1,1
4254,BNS,318,1,2
4255,BNS,74,1,1
4255,BNS,140,1,2
4255,BNS,80,1,3
4256,BNS,310,1,1
4256,BNS,303,1,2
4257,BNS,303,1,1
4257,BNS,310,1,2
4258,BNS,115,1,1
4258,BNS,109,1,2
4259,EXCISE,32,1,1
4260,IT,66D,1,1
4261,MV,184,1,1
4262,IT,66D,1,1
4262,BNS,318,1,2
4262,BNS,338,1,3
4263,BNS,316,1,1
4263,BNS,309,1,2
4264,MV,185,1,1
4265,BNS,338,1,1
4266,BNS,338,1,1
4266,IT,66D,1,2
4267,BNS,303,1,1
4268,BNS,351,1,1
4269,BNS,140,1,1
4269,BNS,85,1,2
4269,BNS,64,1,3
4270,BNS,111,1,1
4270,BNS,189,1,2
4271,MV,184,1,1
4271,MV,185,1,2
4272,ARMS,25,1,1
4272,NDPS,8,1,2
4273,IT,66D,1,1
4273,BNS,338,1,2
4273,BNS,318,1,3
4274,BNS,318,1,1
4275,BNS,316,1,1
4276,BNS,115,1,1
4276,BNS,109,1,2
4277,BNS,316,1,1
4277,BNS,331,1,2
4277,BNS,318,1,3
4278,BNS,303,1,1
4279,BNS,103,1,1
4279,BNS,109,1,2
4279,BNS,105,1,3
4280,MV,184,1,1
4280,MV,185,1,2
4281,BNS,309,1,1
4281,BNS,310,1,2
4281,BNS,316,1,3
4282,BNS,318,1,1
4282,IT,66D,1,2
4283,BNS,305,1,1
4284,POCSO,8,1,1
4284,POCSO,4,1,2
4286,BNS,305,1,1
4286,BNS,310,1,2
4286,BNS,318,1,3
4287,POCSO,8,1,1
4287,POCSO,4,1,2
4288,EXCISE,32,1,1
4288,NDPS,20,1,2
4288,NDPS,21,1,3
4289,MV,184,1,1
4290,BNS,118,1,1
4290,BNS,105,1,2
4290,BNS,103,1,3
4291,BNS,310,1,1
4291,BNS,303,1,2
4291,BNS,331,1,3
4292,MV,184,1,1
4292,MV,185,1,2
4293,BNS,331,1,1
4293,BNS,309,1,2
4294,BNS,310,1,1
4294,BNS,309,1,2
4294,BNS,316,1,3
4295,IT,66,1,1
4295,IT,66C,1,2
4296,BNS,191,1,1
4297,EXCISE,32,1,1
4297,NDPS,21,1,2
4297,NDPS,20,1,3
4299,NDPS,8,1,1
4299,ARMS,25,1,2
4300,BNS,305,1,1
4300,BNS,316,1,2
4300,BNS,303,1,3
4301,BNS,103,1,1
4301,BNS,115,1,2
4301,BNS,109,1,3
4302,BNS,115,1,1
4303,IT,66D,1,1
4303,BNS,318,1,2
4304,BNS,78,1,1
4304,BNS,74,1,2
4305,BNS,318,1,1
4306,IT,66D,1,1
4306,BNS,318,1,2
4306,BNS,338,1,3
4307,BNS,303,1,1
4307,BNS,318,1,2
4307,BNS,305,1,3
4309,BNS,112,1,1
4309,BNS,351,1,2
4310,BNS,310,1,1
4310,BNS,331,1,2
4311,IT,66D,1,1
4312,BNS,74,1,1
4313,BNS,109,1,1
4314,BNS,318,1,1
4314,BNS,338,1,2
4314,IT,66D,1,3
4315,BNS,109,1,1
4315,BNS,103,1,2
4316,BNS,305,1,1
4317,BNS,103,1,1
4317,BNS,115,1,2
4317,BNS,105,1,3
4318,BNS,118,1,1
4319,BNS,105,1,1
4319,BNS,115,1,2
4319,BNS,109,1,3
4320,BNS,305,1,1
4321,BNS,316,1,1
4322,BNS,318,1,1
4322,BNS,303,1,2
4323,BNS,109,1,1
4323,BNS,115,1,2
4324,BNS,310,1,1
4324,BNS,331,1,2
4324,BNS,316,1,3
4326,BNS,331,1,1
4326,BNS,309,1,2
4328,BNS,309,1,1
4329,BNS,303,1,1
4329,BNS,310,1,2
4329,BNS,316,1,3
4330,BNS,318,1,1
4330,IT,66D,1,2
4330,BNS,338,1,3
4332,BNS,310,1,1
4332,BNS,318,1,2
4332,BNS,303,1,3
4333,BNS,112,1,1
4333,BNS,189,1,2
4333,BNS,191,1,3
4334,NDPS,20,1,1
4335,BNS,103,1,1
4335,BNS,109,1,2
4336,BNS,318,1,1
4336,BNS,305,1,2
4336,BNS,310,1,3
4337,BNS,309,1,1
4337,BNS,303,1,2
4337,BNS,318,1,3
4338,BNS,115,1,1
4338,BNS,103,1,2
4338,BNS,118,1,3
4339,BNS,316,1,1
4339,BNS,310,1,2
4339,BNS,309,1,3
4340,BNS,318,1,1
4340,IT,66D,1,2
4340,BNS,338,1,3
4341,BNS,305,1,1
4341,BNS,316,1,2
4342,BNS,112,1,1
4342,BNS,196,1,2
4343,IT,66,1,1
4343,IT,66D,1,2
4344,BNS,85,1,1
4345,BNS,85,1,1
4345,BNS,78,1,2
4345,BNS,64,1,3
4347,MV,185,1,1
4348,POCSO,4,1,1
4348,POCSO,8,1,2
4349,MV,184,1,1
4350,IT,66D,1,1
4350,BNS,338,1,2
4351,BNS,118,1,1
4352,MV,184,1,1
4353,BNS,318,1,1
4353,BNS,303,1,2
4354,IT,66D,1,1
4355,MV,185,1,1
4355,MV,184,1,2
4356,BNS,105,1,1
4356,BNS,103,1,2
4358,BNS,74,1,1
4358,BNS,64,1,2
4359,MV,185,1,1
4360,BNS,85,1,1
4361,BNS,85,1,1
4362,BNS,85,1,1
4362,BNS,78,1,2
4363,BNS,189,1,1
4363,BNS,111,1,2
4363,BNS,112,1,3
4365,BNS,64,1,1
4365,BNS,78,1,2
4366,BNS,331,1,1
4366,BNS,310,1,2
4367,BNS,80,1,1
4367,BNS,64,1,2
4367,BNS,78,1,3
4368,BNS,316,1,1
4368,BNS,309,1,2
4368,BNS,305,1,3
4369,BNS,78,1,1
4370,IT,66D,1,1
4371,BNS,316,1,1
4371,BNS,310,1,2
4372,BNS,112,1,1
4373,BNS,74,1,1
4374,MV,184,1,1
4375,MV,185,1,1
4376,BNS,80,1,1
4376,BNS,64,1,2
4377,BNS,318,1,1
4377,BNS,338,1,2
4378,BNS,310,1,1
4378,BNS,309,1,2
4379,MV,185,1,1
4380,BNS,310,1,1
4380,BNS,309,1,2
4381,EXCISE,32,1,1
4382,BNS,318,1,1
4383,BNS,305,1,1
4383,BNS,303,1,2
4384,IT,66D,1,1
4384,BNS,338,1,2
4385,BNS,140,1,1
4386,BNS,331,1,1
4386,BNS,316,1,2
4386,BNS,309,1,3
4387,BNS,189,1,1
4388,IT,66D,1,1
4389,MV,185,1,1
4389,MV,184,1,2
4390,BNS,74,1,1
4390,BNS,80,1,2
4390,BNS,140,1,3
4392,IT,66C,1,1
4392,IT,66D,1,2
4392,IT,66,1,3
4393,NDPS,21,1,1
4393,EXCISE,32,1,2
4393,NDPS,8,1,3
4394,MV,184,1,1
4394,MV,185,1,2
4395,BNS,303,1,1
4396,IT,66D,1,1
4396,BNS,318,1,2
4397,BNS,78,1,1
4398,BNS,105,1,1
4398,BNS,115,1,2
4399,NDPS,21,1,1
4399,NDPS,8,1,2
4400,BNS,318,1,1
4402,BNS,318,1,1
4402,BNS,316,1,2
4402,BNS,331,1,3
4403,MV,185,1,1
4404,BNS,305,1,1
4404,BNS,310,1,2
4404,BNS,309,1,3
4405,BNS,318,1,1
4405,BNS,338,1,2
4406,BNS,305,1,1
4407,BNS,105,1,1
4407,BNS,118,1,2
4407,BNS,109,1,3
4408,BNS,351,1,1
4408,BNS,196,1,2
4409,BNS,105,1,1
4409,BNS,118,1,2
4409,BNS,103,1,3
4410,IT,66D,1,1
4411,IT,66C,1,1
4411,IT,66D,1,2
4411,IT,66,1,3
4412,BNS,118,1,1
4412,BNS,103,1,2
4412,BNS,115,1,3
4413,BNS,103,1,1
4413,BNS,105,1,2
4413,BNS,118,1,3
4414,BNS,112,1,1
4414,BNS,111,1,2
4414,BNS,351,1,3
4415,BNS,318,1,1
4415,BNS,303,1,2
4417,BNS,318,1,1
4418,BNS,105,1,1
4418,BNS,109,1,2
4418,BNS,115,1,3
4419,BNS,318,1,1
4419,BNS,303,1,2
4420,BNS,118,1,1
4420,BNS,103,1,2
4420,BNS,105,1,3
4421,BNS,318,1,1
4422,BNS,115,1,1
4423,BNS,115,1,1
4423,BNS,109,1,2
4424,IT,66D,1,1
4424,IT,66,1,2
4425,BNS,310,1,1
4425,BNS,318,1,2
4426,BNS,109,1,1
4427,BNS,118,1,1
4427,BNS,115,1,2
4427,BNS,105,1,3
4428,BNS,309,1,1
4428,BNS,316,1,2
4429,BNS,305,1,1
4429,BNS,310,1,2
4430,MV,185,1,1
4431,BNS,303,1,1
4432,MV,185,1,1
4433,NDPS,8,1,1
4433,NDPS,21,1,2
4433,EXCISE,32,1,3
4434,MV,185,1,1
4435,BNS,310,1,1
4435,BNS,316,1,2
4436,MV,184,1,1
4436,MV,185,1,2
4437,MV,184,1,1
4437,MV,185,1,2
4438,IT,66D,1,1
4440,BNS,305,1,1
4441,BNS,309,1,1
4442,BNS,331,1,1
4442,BNS,316,1,2
4443,BNS,103,1,1
4443,BNS,105,1,2
4444,IT,66,1,1
4444,IT,66C,1,2
4445,BNS,316,1,1
4446,BNS,316,1,1
4446,BNS,305,1,2
4447,BNS,303,1,1
4448,BNS,316,1,1
4448,BNS,305,1,2
4448,BNS,303,1,3
4449,IT,66D,1,1
4449,BNS,318,1,2
4449,BNS,338,1,3
4450,IT,66D,1,1
4450,IT,66,1,2
4453,IT,66D,1,1
4454,BNS,316,1,1
4454,BNS,310,1,2
4454,BNS,318,1,3
4455,BNS,109,1,1
4455,BNS,105,1,2
4457,BNS,74,1,1
4457,BNS,140,1,2
4458,BNS,111,1,1
4459,BNS,303,1,1
4459,BNS,309,1,2
4459,BNS,316,1,3
4460,NDPS,20,1,1
4460,NDPS,8,1,2
4461,MV,185,1,1
4462,BNS,115,1,1
4462,BNS,103,1,2
4463,BNS,310,1,1
4463,BNS,305,1,2
4465,BNS,310,1,1
4466,BNS,318,1,1
4467,NDPS,21,1,1
4467,ARMS,25,1,2
4467,NDPS,8,1,3
4468,BNS,189,1,1
4469,BNS,318,1,1
4469,IT,66D,1,2
4470,ARMS,25,1,1
4470,ARMS,27,1,2
4471,NDPS,8,1,1
4471,NDPS,21,1,2
4472,BNS,316,1,1
4473,IT,66D,1,1
4474,BNS,103,1,1
4474,BNS,115,1,2
4474,BNS,109,1,3
4475,MV,184,1,1
4477,MV,185,1,1
4477,MV,184,1,2
4478,BNS,318,1,1
4478,BNS,310,1,2
4478,BNS,305,1,3
4479,BNS,310,1,1
4479,BNS,331,1,2
4479,BNS,318,1,3
4480,BNS,310,1,1
4480,BNS,316,1,2
4481,BNS,189,1,1
4481,BNS,111,1,2
4482,BNS,305,1,1
4483,NDPS,20,1,1
4484,NDPS,20,1,1
4484,EXCISE,32,1,2
4484,ARMS,25,1,3
4485,BNS,318,1,1
4485,BNS,305,1,2
4486,BNS,189,1,1
4486,BNS,196,1,2
4486,BNS,112,1,3
4487,MV,185,1,1
4487,MV,184,1,2
4488,MV,185,1,1
4488,MV,184,1,2
4489,BNS,303,1,1
4489,BNS,305,1,2
4489,BNS,318,1,3
4490,BNS,118,1,1
4490,BNS,105,1,2
4491,BNS,338,1,1
4491,BNS,318,1,2
4492,BNS,331,1,1
4492,BNS,305,1,2
4493,BNS,115,1,1
4493,BNS,118,1,2
4493,BNS,103,1,3
4494,BNS,109,1,1
4494,BNS,103,1,2
4495,BNS,109,1,1
4496,BNS,338,1,1
4497,BNS,318,1,1
4497,BNS,331,1,2
4497,BNS,316,1,3
4498,ARMS,25,1,1
4499,BNS,318,1,1
4499,IT,66D,1,2
4499,BNS,338,1,3
4500,BNS,74,1,1
4500,BNS,85,1,2
4501,BNS,64,1,1
4502,BNS,80,1,1
4503,BNS,305,1,1
4503,BNS,309,1,2
4503,BNS,310,1,3
4505,BNS,115,1,1
4505,BNS,109,1,2
4506,BNS,318,1,1
4506,IT,66D,1,2
4506,BNS,338,1,3
4507,BNS,338,1,1
4508,NDPS,21,1,1
4508,ARMS,27,1,2
4509,BNS,318,1,1
4509,IT,66D,1,2
4509,BNS,338,1,3
4510,MV,185,1,1
4512,BNS,316,1,1
4512,BNS,310,1,2
4513,BNS,318,1,1
4514,BNS,112,1,1
4515,BNS,318,1,1
4515,BNS,316,1,2
4515,BNS,331,1,3
4516,BNS,310,1,1
4516,BNS,316,1,2
4516,BNS,318,1,3
4517,BNS,189,1,1
4518,BNS,305,1,1
4519,BNS,303,1,1
4519,BNS,309,1,2
4519,BNS,318,1,3
4520,MV,185,1,1
4520,MV,184,1,2
4521,BNS,310,1,1
4521,BNS,316,1,2
4522,BNS,305,1,1
4522,BNS,316,1,2
4522,BNS,303,1,3
4523,BNS,331,1,1
4523,BNS,310,1,2
4524,BNS,115,1,1
4524,BNS,118,1,2
4524,BNS,105,1,3
4525,BNS,189,1,1
4526,BNS,118,1,1
4527,BNS,316,1,1
4528,BNS,103,1,1
4528,BNS,109,1,2
4528,BNS,115,1,3
4529,BNS,80,1,1
4529,BNS,74,1,2
4530,BNS,305,1,1
4530,BNS,331,1,2
4530,BNS,310,1,3
4531,PC,7,1,1
4532,IT,66D,1,1
4532,BNS,318,1,2
4533,BNS,78,1,1
4534,BNS,140,1,1
4534,BNS,64,1,2
4534,BNS,85,1,3
4535,BNS,191,1,1
4535,BNS,112,1,2
4536,BNS,103,1,1
4536,BNS,109,1,2
4537,BNS,338,1,1
4537,BNS,318,1,2
4537,IT,66D,1,3
4538,ARMS,25,1,1
4538,NDPS,20,1,2
4538,NDPS,21,1,3
4539,BNS,318,1,1
4539,BNS,316,1,2
4539,BNS,331,1,3
4541,MV,184,1,1
4541,MV,185,1,2
4542,MV,185,1,1
4543,BNS,303,1,1
4544,BNS,309,1,1
4544,BNS,303,1,2
4545,BNS,115,1,1
4546,EXCISE,32,1,1
4546,NDPS,21,1,2
4546,NDPS,20,1,3
4547,BNS,310,1,1
4547,BNS,316,1,2
4548,BNS,303,1,1
4548,BNS,305,1,2
4549,EXCISE,32,1,1
4549,NDPS,20,1,2
4550,NDPS,21,1,1
4551,BNS,338,1,1
4551,IT,66D,1,2
4551,BNS,318,1,3
4552,POCSO,8,1,1
4554,MV,185,1,1
4554,MV,184,1,2
4555,BNS,316,1,1
4555,BNS,309,1,2
4555,BNS,318,1,3
4556,BNS,331,1,1
4557,BNS,115,1,1
4557,BNS,109,1,2
4557,BNS,105,1,3
4558,BNS,189,1,1
4558,BNS,191,1,2
4558,BNS,111,1,3
4559,BNS,309,1,1
4560,MV,184,1,1
4561,BNS,85,1,1
4561,BNS,80,1,2
4562,MV,185,1,1
4562,MV,184,1,2
4564,BNS,331,1,1
4565,BNS,338,1,1
4566,BNS,118,1,1
4566,BNS,109,1,2
4566,BNS,105,1,3
4567,BNS,109,1,1
4567,BNS,103,1,2
4568,BNS,196,1,1
4568,BNS,112,1,2
4568,BNS,111,1,3
4569,BNS,109,1,1
4569,BNS,105,1,2
4569,BNS,103,1,3
4570,BNS,318,1,1
4570,BNS,310,1,2
4572,BNS,316,1,1
4572,BNS,318,1,2
4573,BNS,305,1,1
4574,BNS,105,1,1
4574,BNS,109,1,2
4575,BNS,303,1,1
4575,BNS,331,1,2
4576,BNS,309,1,1
4576,BNS,303,1,2
4577,BNS,109,1,1
4577,BNS,115,1,2
4578,BNS,112,1,1
4578,BNS,196,1,2
4579,BNS,318,1,1
4579,BNS,338,1,2
4579,IT,66D,1,3
4580,BNS,316,1,1
4580,BNS,331,1,2
4580,BNS,305,1,3
4581,MV,185,1,1
4581,MV,184,1,2
4582,BNS,64,1,1
4582,BNS,74,1,2
4584,BNS,338,1,1
4584,BNS,318,1,2
4584,IT,66D,1,3
4585,MV,185,1,1
4586,IT,66D,1,1
4586,BNS,318,1,2
4586,BNS,338,1,3
4587,BNS,118,1,1
4587,BNS,103,1,2
4588,BNS,109,1,1
4588,BNS,105,1,2
4589,BNS,318,1,1
4589,BNS,331,1,2
4589,BNS,303,1,3
4590,MV,185,1,1
4591,BNS,318,1,1
4592,IT,66D,1,1
4594,BNS,115,1,1
4595,BNS,303,1,1
4595,BNS,316,1,2
4595,BNS,331,1,3
4596,BNS,105,1,1
4596,BNS,115,1,2
4596,BNS,109,1,3
4597,BNS,338,1,1
4597,BNS,318,1,2
4597,IT,66D,1,3
4598,BNS,305,1,1
4598,BNS,309,1,2
4599,BNS,105,1,1
4599,BNS,118,1,2
4600,BNS,103,1,1
4600,BNS,118,1,2
4600,BNS,115,1,3
4601,NDPS,8,1,1
4602,PC,7,1,1
4603,IT,66C,1,1
4604,BNS,338,1,1
4605,BNS,105,1,1
4605,BNS,103,1,2
4606,BNS,118,1,1
4606,BNS,105,1,2
4606,BNS,109,1,3
4607,MV,185,1,1
4607,MV,184,1,2
4608,IT,66,1,1
4608,IT,66C,1,2
4608,IT,66D,1,3
4610,BNS,318,1,1
4610,BNS,338,1,2
4611,BNS,318,1,1
4611,BNS,310,1,2
4611,BNS,331,1,3
4612,BNS,80,1,1
4612,BNS,74,1,2
4612,BNS,140,1,3
4613,BNS,112,1,1
4613,BNS,189,1,2
4614,BNS,318,1,1
4614,BNS,338,1,2
4614,IT,66D,1,3
4615,BNS,305,1,1
4615,BNS,309,1,2
4616,NDPS,20,1,1
4616,EXCISE,32,1,2
4617,BNS,80,1,1
4617,BNS,74,1,2
4618,BNS,103,1,1
4618,BNS,109,1,2
4619,BNS,318,1,1
4620,BNS,309,1,1
4620,BNS,331,1,2
4622,BNS,105,1,1
4623,BNS,316,1,1
4624,MV,184,1,1
4624,MV,185,1,2
4625,MV,184,1,1
4625,MV,185,1,2
4626,BNS,310,1,1
4626,BNS,316,1,2
4627,BNS,310,1,1
4627,BNS,316,1,2
4628,IT,66D,1,1
4629,BNS,316,1,1
4629,BNS,303,1,2
4629,BNS,318,1,3
4630,BNS,305,1,1
4631,BNS,331,1,1
4631,BNS,303,1,2
4632,BNS,351,1,1
4633,BNS,140,1,1
4633,BNS,85,1,2
4633,BNS,80,1,3
4634,BNS,111,1,1
4635,NDPS,21,1,1
4636,BNS,140,1,1
4636,BNS,64,1,2
4637,BNS,191,1,1
4637,BNS,112,1,2
4637,BNS,196,1,3
4638,BNS,85,1,1
4638,BNS,74,1,2
4639,BNS,316,1,1
4639,BNS,331,1,2
4640,BNS,318,1,1
4640,BNS,338,1,2
4641,BNS,331,1,1
4641,BNS,305,1,2
4642,BNS,115,1,1
4643,BNS,109,1,1
4644,BNS,331,1,1
4646,BNS,189,1,1
4646,BNS,111,1,2
4647,MV,185,1,1
4648,BNS,305,1,1
4648,BNS,331,1,2
4649,EXCISE,32,1,1
4650,MV,185,1,1
4650,MV,184,1,2
4651,BNS,316,1,1
4652,MV,184,1,1
4653,IT,66D,1,1
4653,BNS,338,1,2
4653,BNS,318,1,3
4654,BNS,105,1,1
4655,BNS,103,1,1
4655,BNS,118,1,2
4656,BNS,316,1,1
4656,BNS,305,1,2
4656,BNS,309,1,3
4657,MV,185,1,1
4657,MV,184,1,2
4658,BNS,318,1,1
4658,BNS,338,1,2
4659,BNS,310,1,1
4659,BNS,309,1,2
4659,BNS,305,1,3
4660,BNS,310,1,1
4660,BNS,303,1,2
4661,MV,184,1,1
4661,MV,185,1,2
4662,BNS,103,1,1
4662,BNS,118,1,2
4663,BNS,303,1,1
4663,BNS,305,1,2
4663,BNS,318,1,3
4664,BNS,318,1,1
4664,BNS,316,1,2
4664,BNS,309,1,3
4665,BNS,338,1,1
4665,IT,66D,1,2
4665,BNS,318,1,3
4666,BNS,78,1,1
4667,BNS,305,1,1
4667,BNS,309,1,2
4667,BNS,316,1,3
4668,ARMS,25,1,1
4669,MV,184,1,1
4670,MV,185,1,1
4671,BNS,80,1,1
4672,BNS,74,1,1
4672,BNS,140,1,2
4672,BNS,78,1,3
4673,BNS,331,1,1
4674,BNS,140,1,1
4675,MV,184,1,1
4675,MV,185,1,2
4676,BNS,80,1,1
4676,BNS,78,1,2
4676,BNS,85,1,3
4677,MV,185,1,1
4678,ARMS,27,1,1
4678,ARMS,25,1,2
4678,EXCISE,32,1,3
4679,BNS,351,1,1
4679,BNS,189,1,2
4680,BNS,305,1,1
4680,BNS,318,1,2
4681,BNS,310,1,1
4681,BNS,318,1,2
4682,BNS,196,1,1
4682,BNS,112,1,2
4682,BNS,189,1,3
4683,POCSO,8,1,1
4683,BNS,140,1,2
4683,POCSO,4,1,3
4684,POCSO,4,1,1
4684,BNS,140,1,2
4685,BNS,318,1,1
4686,BNS,316,1,1
4686,BNS,305,1,2
4686,BNS,318,1,3
4687,IT,66,1,1
4687,IT,66C,1,2
4687,IT,66D,1,3
4688,BNS,331,1,1
4688,BNS,316,1,2
4689,MV,185,1,1
4690,BNS,109,1,1
4690,BNS,103,1,2
4691,BNS,303,1,1
4692,BNS,318,1,1
4692,BNS,316,1,2
4693,MV,184,1,1
4693,MV,185,1,2
4694,BNS,85,1,1
4694,BNS,64,1,2
4694,BNS,80,1,3
4695,MV,184,1,1
4695,MV,185,1,2
4696,MV,185,1,1
4696,MV,184,1,2
4697,BNS,318,1,1
4697,BNS,338,1,2
4698,BNS,118,1,1
4699,BNS,80,1,1
4699,BNS,140,1,2
4700,BNS,309,1,1
4700,BNS,331,1,2
4701,BNS,118,1,1
4702,BNS,105,1,1
4702,BNS,103,1,2
4703,MV,184,1,1
4704,IT,66,1,1
4704,IT,66D,1,2
4705,BNS,331,1,1
4706,BNS,309,1,1
4706,BNS,318,1,2
4706,BNS,331,1,3
4707,BNS,305,1,1
4707,BNS,318,1,2
4707,BNS,331,1,3
4708,MV,184,1,1
4708,MV,185,1,2
4709,MV,184,1,1
4709,MV,185,1,2
4710,EXCISE,32,1,1
4710,NDPS,8,1,2
4710,NDPS,20,1,3
4711,MV,185,1,1
4711,MV,184,1,2
4712,ARMS,27,1,1
4712,EXCISE,32,1,2
4712,NDPS,21,1,3
4713,BNS,109,1,1
4713,BNS,115,1,2
4713,BNS,105,1,3
4714,BNS,109,1,1
4715,ARMS,25,1,1
4715,NDPS,8,1,2
4715,EXCISE,32,1,3
4716,MV,185,1,1
4717,BNS,310,1,1
4717,BNS,318,1,2
4717,BNS,309,1,3
4718,BNS,309,1,1
4718,BNS,303,1,2
4718,BNS,318,1,3
4719,BNS,80,1,1
4720,BNS,115,1,1
4721,MV,184,1,1
4722,BNS,85,1,1
4722,BNS,74,1,2
4722,BNS,64,1,3
4723,MV,184,1,1
4724,BNS,303,1,1
4724,BNS,316,1,2
4724,BNS,309,1,3
4725,BNS,74,1,1
4726,BNS,318,1,1
4727,BNS,316,1,1
4728,BNS,318,1,1
4728,BNS,316,1,2
4728,BNS,305,1,3
4729,MV,185,1,1
4730,BNS,331,1,1
4730,BNS,305,1,2
4731,MV,185,1,1
4731,MV,184,1,2
4732,BNS,115,1,1
4733,EXCISE,32,1,1
4733,NDPS,20,1,2
4733,ARMS,25,1,3
4734,BNS,109,1,1
4734,BNS,103,1,2
4734,BNS,118,1,3
4735,BNS,318,1,1
4735,IT,66D,1,2
4736,BNS,109,1,1
4736,BNS,115,1,2
4736,BNS,118,1,3
4738,BNS,318,1,1
4739,NDPS,8,1,1
4739,ARMS,27,1,2
4740,BNS,305,1,1
4740,BNS,331,1,2
4740,BNS,318,1,3
4741,BNS,318,1,1
4741,IT,66D,1,2
4741,BNS,338,1,3
4742,BNS,309,1,1
4742,BNS,318,1,2
4742,BNS,310,1,3
4743,BNS,64,1,1
4743,BNS,78,1,2
4744,BNS,318,1,1
4745,BNS,105,1,1
4745,BNS,109,1,2
4746,MV,185,1,1
4749,ARMS,27,1,1
4750,MV,185,1,1
4751,BNS,105,1,1
4752,IT,66C,1,1
4752,IT,66,1,2
4753,BNS,196,1,1
4754,BNS,303,1,1
4754,BNS,331,1,2
4754,BNS,309,1,3
4755,MV,185,1,1
4756,MV,185,1,1
4757,BNS,109,1,1
4757,BNS,103,1,2
4758,MV,184,1,1
4758,MV,185,1,2
4759,BNS,331,1,1
4759,BNS,305,1,2
4759,BNS,318,1,3
4760,BNS,318,1,1
4761,BNS,196,1,1
4762,BNS,318,1,1
4763,MV,185,1,1
4763,MV,184,1,2
4764,BNS,316,1,1
4765,MV,184,1,1
4765,MV,185,1,2
4766,BNS,103,1,1
4766,BNS,105,1,2
4767,BNS,331,1,1
4767,BNS,305,1,2
4767,BNS,310,1,3
4768,BNS,316,1,1
4768,BNS,318,1,2
4769,IT,66C,1,1
4770,BNS,109,1,1
4770,BNS,105,1,2
4771,BNS,316,1,1
4771,BNS,303,1,2
4772,IT,66,1,1
4772,IT,66D,1,2
4772,IT,66C,1,3
4773,MV,185,1,1
4773,MV,184,1,2
4774,BNS,338,1,1
4774,IT,66D,1,2
4775,BNS,318,1,1
4775,BNS,305,1,2
4776,BNS,338,1,1
4777,MV,185,1,1
4777,MV,184,1,2
4778,IT,66D,1,1
4778,BNS,318,1,2
4779,BNS,111,1,1
4779,BNS,112,1,2
4780,BNS,303,1,1
4780,BNS,309,1,2
4781,BNS,191,1,1
4782,BNS,189,1,1
4782,BNS,196,1,2
4782,BNS,112,1,3
4783,BNS,331,1,1
4783,BNS,316,1,2
4783,BNS,309,1,3
4784,BNS,115,1,1
4784,BNS,118,1,2
4784,BNS,105,1,3
4785,BNS,310,1,1
4786,BNS,338,1,1
4787,BNS,303,1,1
4788,BNS,310,1,1
4788,BNS,318,1,2
4789,BNS,112,1,1
4790,BNS,105,1,1
4792,MV,184,1,1
4793,BNS,316,1,1
4793,BNS,309,1,2
4793,BNS,318,1,3
4794,BNS,310,1,1
4795,BNS,351,1,1
4795,BNS,189,1,2
4795,BNS,196,1,3
4796,BNS,310,1,1
4797,MV,184,1,1
4797,MV,185,1,2
4798,BNS,310,1,1
4799,BNS,338,1,1
4799,IT,66D,1,2
4799,BNS,318,1,3
4800,BNS,305,1,1
4800,BNS,316,1,2
4800,BNS,303,1,3
4801,BNS,303,1,1
4801,BNS,331,1,2
4802,BNS,118,1,1
4802,BNS,105,1,2
4802,BNS,109,1,3
4803,MV,184,1,1
4804,BNS,318,1,1
4804,BNS,303,1,2
4805,BNS,105,1,1
4805,BNS,118,1,2
4805,BNS,115,1,3
4806,BNS,351,1,1
4806,BNS,189,1,2
4808,BNS,351,1,1
4808,BNS,111,1,2
4808,BNS,112,1,3
4810,BNS,309,1,1
4810,BNS,303,1,2
4810,BNS,318,1,3
4811,BNS,303,1,1
4812,ARMS,25,1,1
4812,EXCISE,32,1,2
4812,ARMS,27,1,3
4814,BNS,103,1,1
4815,BNS,196,1,1
4815,BNS,191,1,2
4816,BNS,318,1,1
4816,BNS,303,1,2
4816,BNS,305,1,3
4817,BNS,74,1,1
4817,BNS,64,1,2
4817,BNS,85,1,3
4818,MV,185,1,1
4819,BNS,115,1,1
4820,BNS,318,1,1
4820,IT,66D,1,2
4821,BNS,331,1,1
4822,BNS,318,1,1
4822,BNS,310,1,2
4823,BNS,305,1,1
4824,BNS,103,1,1
4824,BNS,109,1,2
4824,BNS,115,1,3
4825,BNS,109,1,1
4825,BNS,115,1,2
4826,BNS,105,1,1
4826,BNS,103,1,2
4826,BNS,109,1,3
4827,BNS,310,1,1
4828,BNS,318,1,1
4829,BNS,305,1,1
4829,BNS,310,1,2
4830,BNS,191,1,1
4830,BNS,351,1,2
4831,BNS,331,1,1
4832,BNS,305,1,1
4832,BNS,309,1,2
4833,BNS,309,1,1
4834,BNS,118,1,1
4834,BNS,115,1,2
4834,BNS,105,1,3
4835,BNS,338,1,1
4835,BNS,318,1,2
4835,IT,66D,1,3
4836,BNS,331,1,1
4837,IT,66C,1,1
4838,MV,184,1,1
4838,MV,185,1,2
4839,MV,184,1,1
4840,MV,184,1,1
4840,MV,185,1,2
4841,BNS,105,1,1
4842,BNS,338,1,1
4842,BNS,318,1,2
4843,BNS,103,1,1
4844,BNS,112,1,1
4845,BNS,303,1,1
4845,BNS,305,1,2
4846,BNS,105,1,1
4846,BNS,115,1,2
4846,BNS,103,1,3
4847,NDPS,20,1,1
4847,EXCISE,32,1,2
4847,NDPS,8,1,3
4848,MV,185,1,1
4850,NDPS,21,1,1
4850,NDPS,8,1,2
4851,ARMS,27,1,1
4851,NDPS,21,1,2
4851,EXCISE,32,1,3
4852,BNS,189,1,1
4852,BNS,112,1,2
4852,BNS,351,1,3
4853,BNS,305,1,1
4853,BNS,331,1,2
4854,BNS,309,1,1
4854,BNS,303,1,2
4854,BNS,331,1,3
4855,BNS,196,1,1
4855,BNS,189,1,2
4856,BNS,118,1,1
4856,BNS,115,1,2
4856,BNS,103,1,3
4857,BNS,64,1,1
4857,BNS,74,1,2
4858,BNS,310,1,1
4859,BNS,64,1,1
4860,BNS,140,1,1
4860,BNS,74,1,2
4860,BNS,78,1,3
4861,BNS,109,1,1
4861,BNS,105,1,2
4862,BNS,318,1,1
4862,IT,66D,1,2
4863,BNS,318,1,1
4864,NDPS,21,1,1
4864,NDPS,20,1,2
4866,BNS,331,1,1
4867,BNS,316,1,1
4867,BNS,309,1,2
4867,BNS,310,1,3
4868,MV,184,1,1
4868,MV,185,1,2
4869,BNS,105,1,1
4869,BNS,103,1,2
4869,BNS,109,1,3
4870,IT,66,1,1
4871,BNS,74,1,1
4872,MV,185,1,1
4872,MV,184,1,2
4873,BNS,310,1,1
4874,BNS,310,1,1
4874,BNS,331,1,2
4874,BNS,305,1,3
4875,BNS,85,1,1
4875,BNS,78,1,2
4875,BNS,64,1,3
4876,BNS,331,1,1
4878,BNS,191,1,1
4878,BNS,112,1,2
4878,BNS,351,1,3
4879,BNS,310,1,1
4880,BNS,115,1,1
4880,BNS,103,1,2
4881,BNS,310,1,1
4881,BNS,303,1,2
4882,BNS,331,1,1
4882,BNS,303,1,2
4882,BNS,316,1,3
4883,BNS,109,1,1
4883,BNS,118,1,2
4884,BNS,103,1,1
4884,BNS,115,1,2
4885,BNS,305,1,1
4885,BNS,309,1,2
4886,BNS,316,1,1
4887,BNS,310,1,1
4887,BNS,316,1,2
4888,MV,185,1,1
4888,MV,184,1,2
4889,BNS,85,1,1
4890,BNS,196,1,1
4890,BNS,191,1,2
4890,BNS,112,1,3
4891,BNS,118,1,1
4891,BNS,109,1,2
4892,BNS,316,1,1
4892,BNS,318,1,2
4892,BNS,305,1,3
4893,MV,185,1,1
4893,MV,184,1,2
4895,BNS,310,1,1
4896,BNS,64,1,1
4897,BNS,331,1,1
4897,BNS,309,1,2
4898,BNS,115,1,1
4899,BNS,115,1,1
4900,BNS,316,1,1
4900,BNS,309,1,2
4900,BNS,318,1,3
4902,IT,66D,1,1
4903,MV,185,1,1
4903,MV,184,1,2
4904,ARMS,25,1,1
4904,NDPS,21,1,2
4905,ARMS,25,1,1
4906,MV,185,1,1
4907,MV,185,1,1
4908,BNS,338,1,1
4908,BNS,318,1,2
4908,IT,66D,1,3
4909,NDPS,21,1,1
4909,ARMS,27,1,2
4911,BNS,316,1,1
4911,BNS,309,1,2
4913,BNS,316,1,1
4914,BNS,105,1,1
4914,BNS,103,1,2
4915,BNS,338,1,1
4915,IT,66D,1,2
4915,BNS,318,1,3
4916,BNS,85,1,1
4916,BNS,64,1,2
4917,BNS,118,1,1
4918,BNS,105,1,1
4918,BNS,103,1,2
4918,BNS,115,1,3
4919,BNS,309,1,1
4919,BNS,331,1,2
4919,BNS,318,1,3
4920,BNS,115,1,1
4920,BNS,105,1,2
4920,BNS,103,1,3
4921,MV,185,1,1
4922,NDPS,20,1,1
4923,BNS,351,1,1
4923,BNS,196,1,2
4923,BNS,189,1,3
4924,BNS,115,1,1
4924,BNS,109,1,2
4924,BNS,118,1,3
4925,BNS,305,1,1
4925,BNS,310,1,2
4927,BNS,305,1,1
4927,BNS,331,1,2
4928,BNS,310,1,1
4928,BNS,309,1,2
4929,BNS,331,1,1
4929,BNS,309,1,2
4930,BNS,318,1,1
4930,IT,66D,1,2
4930,BNS,338,1,3
4931,BNS,74,1,1
4931,BNS,64,1,2
4931,BNS,78,1,3
4932,BNS,310,1,1
4932,BNS,305,1,2
4932,BNS,318,1,3
4933,MV,185,1,1
4935,BNS,303,1,1
4935,BNS,305,1,2
4936,BNS,318,1,1
4936,BNS,316,1,2
4936,BNS,309,1,3
4937,MV,184,1,1
4937,MV,185,1,2
4938,BNS,189,1,1
4938,BNS,351,1,2
4938,BNS,111,1,3
4939,IT,66D,1,1
4940,MV,185,1,1
4941,BNS,105,1,1
4942,MV,184,1,1
4943,IT,66C,1,1
4943,IT,66,1,2
4943,IT,66D,1,3
4944,IT,66D,1,1
4945,IT,66D,1,1
4946,BNS,111,1,1
4947,BNS,338,1,1
4948,BNS,64,1,1
4948,BNS,78,1,2
4948,BNS,74,1,3
4949,BNS,78,1,1
4950,MV,184,1,1
4950,MV,185,1,2
4951,BNS,310,1,1
4951,BNS,318,1,2
4952,BNS,316,1,1
4952,BNS,310,1,2
4953,ARMS,27,1,1
4953,NDPS,21,1,2
4953,ARMS,25,1,3
4954,BNS,316,1,1
4954,BNS,305,1,2
4954,BNS,310,1,3
4955,BNS,316,1,1
4956,BNS,103,1,1
4956,BNS,109,1,2
4956,BNS,118,1,3
4957,BNS,331,1,1
4958,BNS,303,1,1
4958,BNS,331,1,2
4958,BNS,316,1,3
4959,MV,184,1,1
4959,MV,185,1,2
4960,BNS,115,1,1
4960,BNS,118,1,2
4961,BNS,85,1,1
4962,BNS,191,1,1
4962,BNS,112,1,2
4963,IT,66D,1,1
4964,BNS,318,1,1
4964,BNS,310,1,2
4964,BNS,303,1,3
4965,ARMS,27,1,1
4965,NDPS,20,1,2
4965,NDPS,8,1,3
4966,BNS,309,1,1
4966,BNS,303,1,2
4966,BNS,310,1,3
4967,BNS,196,1,1
4967,BNS,189,1,2
4967,BNS,351,1,3
4968,BNS,80,1,1
4969,MV,185,1,1
4969,MV,184,1,2
4971,BNS,316,1,1
4971,BNS,310,1,2
4972,BNS,318,1,1
4972,BNS,310,1,2
4973,BNS,318,1,1
4973,BNS,338,1,2
4975,MV,185,1,1
4976,BNS,189,1,1
4977,BNS,318,1,1
4978,BNS,303,1,1
4979,BNS,115,1,1
4979,BNS,109,1,2
4980,BNS,316,1,1
4980,BNS,331,1,2
4981,MV,185,1,1
4982,BNS,103,1,1
4983,BNS,305,1,1
4983,BNS,331,1,2
4984,MV,185,1,1
4985,BNS,303,1,1
4985,BNS,318,1,2
4985,BNS,309,1,3
4986,BNS,74,1,1
4987,MV,184,1,1
4988,BNS,310,1,1
4989,IT,66D,1,1
4989,IT,66C,1,2
4989,IT,66,1,3
4990,IT,66,1,1
4990,IT,66C,1,2
4990,IT,66D,1,3
4991,BNS,112,1,1
4992,BNS,305,1,1
4993,ARMS,25,1,1
4993,ARMS,27,1,2
4994,POCSO,8,1,1
4995,BNS,309,1,1
4995,BNS,303,1,2
4995,BNS,318,1,3
4996,BNS,305,1,1
4996,BNS,318,1,2
4997,IT,66D,1,1
4998,BNS,85,1,1
4998,BNS,140,1,2
4999,NDPS,20,1,1
4999,ARMS,25,1,2
4999,NDPS,8,1,3
5000,BNS,140,1,1
5000,POCSO,8,1,2
5002,BNS,310,1,1
5002,BNS,316,1,2
5003,BNS,305,1,1
5003,BNS,303,1,2
5003,BNS,316,1,3
5004,BNS,318,1,1
5004,IT,66D,1,2
5004,BNS,338,1,3
5005,IT,66,1,1
5006,BNS,303,1,1
5006,BNS,309,1,2
5006,BNS,331,1,3
5007,BNS,140,1,1
5007,BNS,85,1,2
5007,BNS,74,1,3
5008,IT,66C,1,1
5009,BNS,331,1,1
5009,BNS,309,1,2
5009,BNS,305,1,3
5011,BNS,310,1,1
5012,PC,7,1,1
5013,BNS,331,1,1
5014,BNS,338,1,1
5015,MV,185,1,1
5016,BNS,351,1,1
5017,BNS,140,1,1
5017,BNS,80,1,2
5017,BNS,78,1,3
5018,BNS,318,1,1
5019,BNS,316,1,1
5019,BNS,305,1,2
5020,BNS,103,1,1
5020,BNS,115,1,2
5021,IT,66D,1,1
5022,MV,184,1,1
5022,MV,185,1,2
5023,BNS,310,1,1
5023,BNS,316,1,2
5023,BNS,331,1,3
5024,IT,66,1,1
5025,BNS,303,1,1
5025,BNS,316,1,2
5025,BNS,309,1,3
5026,BNS,80,1,1
5027,BNS,74,1,1
5027,BNS,140,1,2
5027,BNS,80,1,3
5028,MV,185,1,1
5029,BNS,331,1,1
5031,BNS,109,1,1
5032,BNS,318,1,1
5032,BNS,316,1,2
5033,BNS,112,1,1
5033,BNS,351,1,2
5034,BNS,318,1,1
5034,BNS,338,1,2
5035,BNS,118,1,1
5036,BNS,338,1,1
5036,IT,66D,1,2
5037,BNS,305,1,1
5037,BNS,310,1,2
5037,BNS,303,1,3
5038,BNS,351,1,1
5038,BNS,112,1,2
5039,MV,184,1,1
5040,MV,185,1,1
5041,MV,185,1,1
5042,EXCISE,32,1,1
5042,NDPS,21,1,2
5043,BNS,331,1,1
5043,BNS,310,1,2
5044,ARMS,25,1,1
5044,ARMS,27,1,2
5044,NDPS,21,1,3
5046,NDPS,20,1,1
5047,BNS,85,1,1
5047,BNS,78,1,2
5048,IT,66D,1,1
5049,BNS,318,1,1
5050,BNS,78,1,1
5050,BNS,140,1,2
5051,BNS,303,1,1
5051,BNS,309,1,2
5052,BNS,316,1,1
5052,BNS,310,1,2
5052,BNS,318,1,3
5053,BNS,64,1,1
5054,ARMS,25,1,1
5054,EXCISE,32,1,2
5055,BNS,338,1,1
5057,BNS,316,1,1
5058,BNS,331,1,1
5058,BNS,309,1,2
5058,BNS,303,1,3
5059,BNS,303,1,1
5059,BNS,305,1,2
5060,BNS,196,1,1
5060,BNS,112,1,2
5060,BNS,191,1,3
5061,EXCISE,32,1,1
5062,BNS,310,1,1
5062,BNS,309,1,2
5062,BNS,331,1,3
5063,BNS,316,1,1
5064,MV,185,1,1
5064,MV,184,1,2
5065,EXCISE,32,1,1
5065,NDPS,20,1,2
5066,BNS,115,1,1
5066,BNS,118,1,2
5067,BNS,338,1,1
5067,IT,66D,1,2
5068,ARMS,27,1,1
5068,ARMS,25,1,2
5069,ARMS,27,1,1
5069,ARMS,25,1,2
5069,NDPS,20,1,3
5070,MV,184,1,1
5070,MV,185,1,2
5071,BNS,80,1,1
5071,BNS,140,1,2
5072,BNS,331,1,1
5072,BNS,309,1,2
5072,BNS,310,1,3
5073,BNS,316,1,1
5073,BNS,318,1,2
5074,BNS,309,1,1
5074,BNS,305,1,2
5075,IT,66D,1,1
5075,BNS,318,1,2
5076,BNS,338,1,1
5077,MV,185,1,1
5077,MV,184,1,2
5078,BNS,74,1,1
5078,BNS,78,1,2
5079,BNS,191,1,1
5080,MV,184,1,1
5081,MV,184,1,1
5081,MV,185,1,2
5082,EXCISE,32,1,1
5082,NDPS,8,1,2
5083,BNS,115,1,1
5083,BNS,118,1,2
5083,BNS,103,1,3
5084,BNS,316,1,1
5084,BNS,318,1,2
5084,BNS,309,1,3
5085,BNS,310,1,1
5087,MV,184,1,1
5087,MV,185,1,2
5088,BNS,112,1,1
5088,BNS,196,1,2
5089,BNS,109,1,1
5089,BNS,105,1,2
5089,BNS,103,1,3
5090,BNS,115,1,1
5090,BNS,118,1,2
5090,BNS,109,1,3
5091,BNS,318,1,1
5092,IT,66D,1,1
5093,BNS,303,1,1
5094,BNS,310,1,1
5094,BNS,305,1,2
5094,BNS,318,1,3
5095,BNS,189,1,1
5096,BNS,318,1,1
5096,BNS,338,1,2
5097,BNS,140,1,1
5097,BNS,85,1,2
5097,BNS,74,1,3
5098,BNS,115,1,1
5098,BNS,118,1,2
5098,BNS,103,1,3
5099,MV,185,1,1
5100,BNS,305,1,1
5101,BNS,105,1,1
5102,BNS,191,1,1
5103,BNS,64,1,1
5103,BNS,85,1,2
5104,BNS,303,1,1
5104,BNS,331,1,2
5104,BNS,310,1,3
5105,BNS,316,1,1
5107,BNS,303,1,1
5107,BNS,309,1,2
5107,BNS,310,1,3
5109,NDPS,20,1,1
5109,ARMS,25,1,2
5109,NDPS,8,1,3
5111,BNS,105,1,1
5111,BNS,103,1,2
5111,BNS,109,1,3
5112,BNS,109,1,1
5112,BNS,118,1,2
5112,BNS,103,1,3
5113,BNS,331,1,1
5114,POCSO,8,1,1
5115,BNS,78,1,1
5115,BNS,74,1,2
5116,BNS,303,1,1
5117,IT,66D,1,1
5117,BNS,318,1,2
5118,BNS,331,1,1
5119,BNS,318,1,1
5119,BNS,303,1,2
5119,BNS,316,1,3
5120,IT,66D,1,1
5121,BNS,318,1,1
5122,IT,66D,1,1
5122,BNS,318,1,2
5122,BNS,338,1,3
5123,NDPS,20,1,1
5123,NDPS,21,1,2
5124,BNS,191,1,1
5125,IT,66C,1,1
5126,NDPS,21,1,1
5126,NDPS,8,1,2
5127,IT,66D,1,1
5128,BNS,305,1,1
5128,BNS,310,1,2
5129,BNS,118,1,1
5130,BNS,310,1,1
5130,BNS,316,1,2
5131,BNS,74,1,1
5131,BNS,64,1,2
5132,NDPS,21,1,1
5133,BNS,331,1,1
5133,BNS,318,1,2
5134,BNS,316,1,1
5135,MV,184,1,1
5135,MV,185,1,2
5136,BNS,310,1,1
5136,BNS,318,1,2
5136,BNS,305,1,3
5137,IT,66D,1,1
5138,NDPS,21,1,1
5138,NDPS,20,1,2
5138,EXCISE,32,1,3
5139,BNS,109,1,1
5140,BNS,310,1,1
5140,BNS,316,1,2
5142,BNS,105,1,1
5143,IT,66D,1,1
5143,IT,66C,1,2
5143,IT,66,1,3
5144,NDPS,20,1,1
5144,ARMS,27,1,2
5144,EXCISE,32,1,3
5145,BNS,303,1,1
5146,IT,66D,1,1
5147,MV,184,1,1
5147,MV,185,1,2
5148,BNS,64,1,1
5149,BNS,318,1,1
5149,IT,66D,1,2
5149,BNS,338,1,3
5150,NDPS,21,1,1
5151,IT,66D,1,1
5151,BNS,338,1,2
5152,BNS,64,1,1
5153,BNS,310,1,1
5153,BNS,309,1,2
5153,BNS,316,1,3
5154,BNS,85,1,1
5155,NDPS,8,1,1
5156,BNS,103,1,1
5157,BNS,303,1,1
5157,BNS,331,1,2
5157,BNS,305,1,3
5159,IT,66D,1,1
5159,BNS,338,1,2
5159,BNS,318,1,3
5160,BNS,331,1,1
5160,BNS,303,1,2
5161,BNS,118,1,1
5162,BNS,338,1,1
5162,BNS,318,1,2
5162,IT,66D,1,3
5163,BNS,318,1,1
5164,BNS,351,1,1
5164,BNS,111,1,2
5164,BNS,196,1,3
5165,BNS,318,1,1
5166,BNS,318,1,1
5166,IT,66D,1,2
5166,BNS,338,1,3
5167,ARMS,25,1,1
5168,BNS,118,1,1
5168,BNS,109,1,2
5169,BNS,338,1,1
5169,IT,66D,1,2
5170,BNS,305,1,1
5170,BNS,316,1,2
5170,BNS,318,1,3
5171,BNS,309,1,1
5171,BNS,305,1,2
5172,BNS,318,1,1
5172,BNS,338,1,2
5172,IT,66D,1,3
5173,BNS,112,1,1
5174,IT,66D,1,1
5175,BNS,78,1,1
5175,BNS,74,1,2
5175,BNS,85,1,3
5176,BNS,318,1,1
5176,BNS,305,1,2
5176,BNS,310,1,3
5177,IT,66C,1,1
5177,IT,66D,1,2
5177,IT,66,1,3
5178,MV,184,1,1
5179,BNS,118,1,1
5179,BNS,109,1,2
5180,BNS,309,1,1
5180,BNS,316,1,2
5180,BNS,305,1,3
5181,POCSO,4,1,1
5182,BNS,103,1,1
5182,BNS,105,1,2
5182,BNS,109,1,3
5183,MV,185,1,1
5183,MV,184,1,2
5184,BNS,310,1,1
5184,BNS,318,1,2
5184,BNS,303,1,3
5185,BNS,338,1,1
5185,IT,66D,1,2
5186,BNS,310,1,1
5186,BNS,316,1,2
5187,BNS,64,1,1
5187,BNS,80,1,2
5187,BNS,85,1,3
5188,BNS,305,1,1
5189,BNS,111,1,1
5189,BNS,196,1,2
5190,BNS,318,1,1
5190,BNS,338,1,2
5192,BNS,338,1,1
5192,BNS,318,1,2
5192,IT,66D,1,3
5193,BNS,338,1,1
5193,BNS,318,1,2
5193,IT,66D,1,3
5194,BNS,309,1,1
5195,BNS,318,1,1
5195,IT,66D,1,2
5196,BNS,318,1,1
5196,BNS,303,1,2
5197,BNS,318,1,1
5197,BNS,338,1,2
5197,IT,66D,1,3
5198,BNS,309,1,1
5198,BNS,305,1,2
5199,BNS,309,1,1
5199,BNS,316,1,2
5199,BNS,303,1,3
5200,BNS,64,1,1
5200,BNS,140,1,2
5200,BNS,80,1,3
5201,BNS,78,1,1
5202,BNS,196,1,1
5202,BNS,111,1,2
5202,BNS,191,1,3
5203,BNS,310,1,1
5203,BNS,305,1,2
5204,BNS,109,1,1
5205,IT,66D,1,1
5205,BNS,318,1,2
5206,BNS,109,1,1
5206,BNS,103,1,2
5207,MV,184,1,1
5207,MV,185,1,2
5208,MV,184,1,1
5208,MV,185,1,2
5209,MV,184,1,1
5209,MV,185,1,2
5210,MV,184,1,1
5210,MV,185,1,2
5211,MV,184,1,1
5211,MV,185,1,2
5212,BNS,310,1,1
5212,BNS,331,1,2
5212,BNS,318,1,3
5213,BNS,318,1,1
5213,BNS,338,1,2
5214,MV,185,1,1
5214,MV,184,1,2
5215,BNS,303,1,1
5215,BNS,318,1,2
5216,MV,184,1,1
5216,MV,185,1,2
5217,BNS,338,1,1
5217,BNS,318,1,2
5217,IT,66D,1,3
5218,BNS,310,1,1
5219,BNS,331,1,1
5220,MV,184,1,1
5221,BNS,338,1,1
5221,BNS,318,1,2
5222,BNS,309,1,1
5222,BNS,318,1,2
5223,BNS,112,1,1
5224,BNS,309,1,1
5225,BNS,85,1,1
5225,BNS,140,1,2
5226,BNS,331,1,1
5226,BNS,316,1,2
5227,IT,66D,1,1
5227,IT,66C,1,2
5228,BNS,318,1,1
5229,MV,185,1,1
5230,BNS,118,1,1
5230,BNS,109,1,2
5230,BNS,115,1,3
5231,BNS,351,1,1
5231,BNS,196,1,2
5232,MV,184,1,1
5232,MV,185,1,2
5234,MV,184,1,1
5235,BNS,189,1,1
5235,BNS,191,1,2
5236,BNS,305,1,1
5236,BNS,316,1,2
5236,BNS,310,1,3
5237,BNS,140,1,1
5238,BNS,309,1,1
5239,BNS,318,1,1
5239,IT,66D,1,2
5240,BNS,338,1,1
5241,IT,66D,1,1
5241,BNS,318,1,2
5242,MV,185,1,1
5242,MV,184,1,2
5243,BNS,103,1,1
5244,BNS,338,1,1
5244,BNS,318,1,2
5245,BNS,115,1,1
5247,NDPS,8,1,1
5248,BNS,140,1,1
5248,BNS,85,1,2
5249,BNS,338,1,1
5250,BNS,303,1,1
5250,BNS,310,1,2
5250,BNS,305,1,3
5251,BNS,331,1,1
5252,EXCISE,32,1,1
5253,BNS,316,1,1
5253,BNS,331,1,2
5253,BNS,303,1,3
5254,BNS,316,1,1
5254,BNS,318,1,2
5255,BNS,303,1,1
5256,BNS,112,1,1
5256,BNS,111,1,2
5257,MV,185,1,1
5257,MV,184,1,2
5258,MV,185,1,1
5258,MV,184,1,2
5259,BNS,318,1,1
5259,BNS,338,1,2
5260,BNS,118,1,1
5260,BNS,109,1,2
5261,BNS,331,1,1
5262,BNS,80,1,1
5262,BNS,74,1,2
5262,BNS,78,1,3
5263,BNS,318,1,1
5263,BNS,338,1,2
5264,IT,66D,1,1
5265,BNS,309,1,1
5265,BNS,310,1,2
5266,BNS,140,1,1
5266,POCSO,8,1,2
5267,BNS,318,1,1
5267,BNS,305,1,2
5267,BNS,316,1,3
5268,BNS,105,1,1
5268,BNS,103,1,2
5269,BNS,303,1,1
5271,BNS,316,1,1
5272,BNS,316,1,1
5272,BNS,310,1,2
5273,MV,184,1,1
5273,MV,185,1,2
5274,BNS,115,1,1
5275,BNS,310,1,1
5275,BNS,303,1,2
5276,IT,66D,1,1
5277,BNS,318,1,1
5277,BNS,331,1,2
5277,BNS,305,1,3
5278,BNS,309,1,1
5279,BNS,318,1,1
5279,IT,66D,1,2
5279,BNS,338,1,3
5280,BNS,318,1,1
5280,BNS,331,1,2
5281,BNS,309,1,1
5282,BNS,316,1,1
5283,MV,185,1,1
5283,MV,184,1,2
5284,BNS,103,1,1
5284,BNS,115,1,2
5284,BNS,118,1,3
5285,BNS,303,1,1
5286,MV,184,1,1
5287,MV,184,1,1
5288,BNS,105,1,1
5288,BNS,118,1,2
5289,BNS,191,1,1
5289,BNS,196,1,2
5289,BNS,189,1,3
5290,MV,185,1,1
5291,BNS,305,1,1
5291,BNS,318,1,2
5291,BNS,309,1,3
5292,BNS,105,1,1
5293,NDPS,20,1,1
5293,EXCISE,32,1,2
5294,BNS,310,1,1
5294,BNS,303,1,2
5295,BNS,109,1,1
5296,BNS,103,1,1
5296,BNS,109,1,2
5297,BNS,305,1,1
5297,BNS,309,1,2
5297,BNS,316,1,3
5298,BNS,316,1,1
5298,BNS,305,1,2
5299,IT,66D,1,1
5299,BNS,318,1,2
5300,BNS,115,1,1
5300,BNS,109,1,2
5301,POCSO,4,1,1
5301,BNS,140,1,2
5302,IT,66D,1,1
5303,BNS,331,1,1
5303,BNS,305,1,2
5304,IT,66D,1,1
5304,BNS,318,1,2
5305,BNS,318,1,1
5305,BNS,303,1,2
5306,BNS,103,1,1
5307,IT,66D,1,1
5307,BNS,338,1,2
5308,BNS,118,1,1
5308,BNS,109,1,2
5308,BNS,115,1,3
5309,MV,184,1,1
5309,MV,185,1,2
5310,ARMS,25,1,1
5310,NDPS,8,1,2
5311,BNS,318,1,1
5311,BNS,316,1,2
5312,BNS,331,1,1
5312,BNS,305,1,2
5313,IT,66C,1,1
5313,IT,66D,1,2
5314,BNS,338,1,1
5314,BNS,318,1,2
5314,IT,66D,1,3
5316,MV,185,1,1
5316,MV,184,1,2
5317,NDPS,20,1,1
5317,EXCISE,32,1,2
5317,ARMS,25,1,3
5318,BNS,64,1,1
5318,BNS,85,1,2
5318,BNS,78,1,3
5319,IT,66,1,1
5319,IT,66C,1,2
5320,BNS,191,1,1
5320,BNS,196,1,2
5320,BNS,189,1,3
5321,BNS,303,1,1
5321,BNS,318,1,2
5322,MV,184,1,1
5323,MV,185,1,1
5324,NDPS,21,1,1
5324,EXCISE,32,1,2
5324,NDPS,8,1,3
5325,BNS,305,1,1
5325,BNS,309,1,2
5325,BNS,331,1,3
5326,BNS,80,1,1
5326,BNS,78,1,2
5327,BNS,318,1,1
5328,BNS,331,1,1
5329,BNS,103,1,1
5329,BNS,118,1,2
5329,BNS,109,1,3
5330,BNS,338,1,1
5330,IT,66D,1,2
5330,BNS,318,1,3
5331,BNS,74,1,1
5332,BNS,303,1,1
5332,BNS,316,1,2
5332,BNS,318,1,3
5333,POCSO,4,1,1
5333,BNS,140,1,2
5334,BNS,338,1,1
5334,IT,66D,1,2
5334,BNS,318,1,3
5335,BNS,115,1,1
5335,BNS,118,1,2
5336,BNS,318,1,1
5338,PC,7,1,1
5339,BNS,310,1,1
5340,IT,66D,1,1
5340,BNS,318,1,2
5341,MV,185,1,1
5341,MV,184,1,2
5343,MV,185,1,1
5343,MV,184,1,2
5345,BNS,316,1,1
5345,BNS,309,1,2
5345,BNS,331,1,3
5346,BNS,316,1,1
5346,BNS,310,1,2
5347,BNS,85,1,1
5347,BNS,64,1,2
5348,IT,66C,1,1
5348,IT,66D,1,2
5349,BNS,303,1,1
5349,BNS,305,1,2
5349,BNS,310,1,3
5350,BNS,74,1,1
5350,BNS,85,1,2
5350,BNS,78,1,3
5351,MV,185,1,1
5351,MV,184,1,2
5352,BNS,303,1,1
5352,BNS,318,1,2
5352,BNS,305,1,3
5353,BNS,331,1,1
5354,BNS,109,1,1
5354,BNS,115,1,2
5355,BNS,305,1,1
5355,BNS,310,1,2
5356,BNS,115,1,1
5356,BNS,103,1,2
5357,BNS,318,1,1
5357,BNS,331,1,2
5358,BNS,338,1,1
5359,BNS,338,1,1
5359,IT,66D,1,2
5360,BNS,64,1,1
5360,BNS,74,1,2
5360,BNS,85,1,3
5361,BNS,103,1,1
5361,BNS,118,1,2
5362,MV,185,1,1
5362,MV,184,1,2
5363,BNS,109,1,1
5364,BNS,111,1,1
5364,BNS,189,1,2
5364,BNS,112,1,3
5365,BNS,189,1,1
5366,BNS,118,1,1
5366,BNS,109,1,2
5366,BNS,115,1,3
5367,BNS,303,1,1
5367,BNS,318,1,2
5367,BNS,305,1,3
5368,BNS,318,1,1
5370,BNS,318,1,1
5370,BNS,338,1,2
5371,BNS,316,1,1
5371,BNS,309,1,2
5371,BNS,305,1,3
5372,IT,66D,1,1
5372,BNS,318,1,2
5373,BNS,118,1,1
5374,BNS,78,1,1
5374,BNS,64,1,2
5374,BNS,74,1,3
5375,BNS,310,1,1
5375,BNS,316,1,2
5375,BNS,309,1,3
5376,IT,66C,1,1
5377,BNS,305,1,1
5377,BNS,318,1,2
5378,BNS,103,1,1
5379,BNS,331,1,1
5379,BNS,316,1,2
5379,BNS,318,1,3
5380,BNS,305,1,1
5380,BNS,316,1,2
5381,MV,185,1,1
5381,MV,184,1,2
5382,BNS,309,1,1
5382,BNS,316,1,2
5382,BNS,303,1,3
5383,BNS,316,1,1
5383,BNS,309,1,2
5383,BNS,305,1,3
5384,BNS,318,1,1
5384,BNS,338,1,2
5384,IT,66D,1,3
5385,BNS,78,1,1
5386,BNS,140,1,1
5387,BNS,105,1,1
5387,BNS,109,1,2
5387,BNS,118,1,3
5388,BNS,316,1,1
5389,IT,66D,1,1
5390,BNS,112,1,1
5390,BNS,191,1,2
5391,BNS,189,1,1
5391,BNS,351,1,2
5391,BNS,112,1,3
5392,BNS,305,1,1
5392,BNS,303,1,2
5393,BNS,112,1,1
5394,BNS,85,1,1
5394,BNS,74,1,2
5395,BNS,305,1,1
5395,BNS,331,1,2
5395,BNS,316,1,3
5396,BNS,316,1,1
5396,BNS,309,1,2
5397,IT,66D,1,1
5398,BNS,303,1,1
5399,BNS,191,1,1
5400,BNS,318,1,1
5401,BNS,310,1,1
5402,BNS,196,1,1
5402,BNS,351,1,2
5403,NDPS,8,1,1
5404,BNS,331,1,1
5404,BNS,310,1,2
5405,MV,185,1,1
5406,IT,66C,1,1
5406,IT,66D,1,2
5407,BNS,318,1,1
5407,BNS,316,1,2
5407,BNS,310,1,3
5408,BNS,318,1,1
5408,BNS,338,1,2
5408,IT,66D,1,3
5409,BNS,310,1,1
5409,BNS,316,1,2
5409,BNS,318,1,3
5410,MV,184,1,1
5410,MV,185,1,2
5411,IT,66,1,1
5411,IT,66D,1,2
5411,IT,66C,1,3
5412,BNS,64,1,1
5413,MV,185,1,1
5413,MV,184,1,2
5414,BNS,85,1,1
5414,BNS,64,1,2
5415,BNS,305,1,1
5415,BNS,309,1,2
5416,BNS,351,1,1
5416,BNS,111,1,2
5417,BNS,115,1,1
5417,BNS,105,1,2
5417,BNS,109,1,3
5418,BNS,105,1,1
5418,BNS,115,1,2
5418,BNS,103,1,3
5419,BNS,305,1,1
5420,BNS,331,1,1
5420,BNS,318,1,2
5421,BNS,303,1,1
5422,BNS,140,1,1
5423,MV,184,1,1
5423,MV,185,1,2
5424,MV,184,1,1
5424,MV,185,1,2
5425,MV,184,1,1
5427,BNS,318,1,1
5427,BNS,310,1,2
5427,BNS,303,1,3
5428,BNS,309,1,1
5428,BNS,331,1,2
5428,BNS,303,1,3
5429,MV,185,1,1
5430,BNS,331,1,1
5430,BNS,309,1,2
5430,BNS,303,1,3
5431,POCSO,4,1,1
5432,BNS,318,1,1
5432,BNS,338,1,2
5433,BNS,85,1,1
5434,IT,66D,1,1
5434,BNS,338,1,2
5434,BNS,318,1,3
5436,BNS,318,1,1
5436,BNS,309,1,2
5438,ARMS,27,1,1
5438,EXCISE,32,1,2
5438,ARMS,25,1,3
5439,IT,66D,1,1
5440,MV,185,1,1
5440,MV,184,1,2
5441,BNS,64,1,1
5442,BNS,316,1,1
5442,BNS,303,1,2
5443,EXCISE,32,1,1
5444,BNS,331,1,1
5444,BNS,316,1,2
5444,BNS,309,1,3
5445,BNS,85,1,1
5446,BNS,310,1,1
5446,BNS,303,1,2
5447,BNS,303,1,1
5447,BNS,310,1,2
5447,BNS,331,1,3
5448,POCSO,8,1,1
5449,BNS,305,1,1
5449,BNS,303,1,2
5450,BNS,316,1,1
5450,BNS,318,1,2
5450,BNS,309,1,3
5451,BNS,85,1,1
5451,BNS,140,1,2
5451,BNS,80,1,3
5452,MV,185,1,1
5453,BNS,316,1,1
5453,BNS,303,1,2
5454,MV,185,1,1
5455,BNS,310,1,1
5455,BNS,316,1,2
5456,BNS,316,1,1
5456,BNS,303,1,2
5456,BNS,331,1,3
5457,BNS,103,1,1
5458,BNS,196,1,1
5458,BNS,351,1,2
5459,NDPS,20,1,1
5459,ARMS,25,1,2
5460,BNS,109,1,1
5460,BNS,103,1,2
5460,BNS,105,1,3
5462,BNS,318,1,1
5462,BNS,309,1,2
5462,BNS,331,1,3
5463,BNS,64,1,1
5463,BNS,78,1,2
5464,BNS,331,1,1
5464,BNS,309,1,2
5465,BNS,103,1,1
5466,BNS,118,1,1
5467,POCSO,8,1,1
5468,BNS,80,1,1
5469,BNS,331,1,1
5470,BNS,316,1,1
5471,BNS,318,1,1
5471,BNS,338,1,2
5472,IT,66D,1,1
5472,BNS,318,1,2
5473,BNS,80,1,1
5473,BNS,85,1,2
5473,BNS,140,1,3
5474,BNS,316,1,1
5474,BNS,318,1,2
5475,EXCISE,32,1,1
5475,NDPS,8,1,2
5475,NDPS,21,1,3
5476,BNS,331,1,1
5477,BNS,309,1,1
5477,BNS,331,1,2
5478,IT,66,1,1
5478,IT,66D,1,2
5479,BNS,303,1,1
5480,BNS,303,1,1
5481,BNS,310,1,1
5481,BNS,303,1,2
5482,BNS,318,1,1
5482,BNS,309,1,2
5482,BNS,303,1,3
5483,IT,66D,1,1
5483,BNS,318,1,2
5483,BNS,338,1,3
5484,BNS,103,1,1
5485,POCSO,4,1,1
5485,BNS,140,1,2
5485,POCSO,8,1,3
5486,BNS,140,1,1
5486,BNS,85,1,2
5487,MV,185,1,1
5487,MV,184,1,2
5488,BNS,105,1,1
5488,BNS,109,1,2
5488,BNS,118,1,3
5489,BNS,189,1,1
5489,BNS,351,1,2
5489,BNS,111,1,3
5490,IT,66D,1,1
5490,BNS,338,1,2
5490,BNS,318,1,3
5491,BNS,309,1,1
5492,IT,66,1,1
5493,BNS,309,1,1
5493,BNS,305,1,2
5494,BNS,191,1,1
5494,BNS,351,1,2
5494,BNS,112,1,3
5495,BNS,305,1,1
5496,BNS,316,1,1
5496,BNS,331,1,2
5496,BNS,303,1,3
5497,BNS,305,1,1
5497,BNS,303,1,2
5497,BNS,316,1,3
5498,NDPS,20,1,1
5500,IT,66D,1,1
5500,BNS,318,1,2
5500,BNS,338,1,3
5501,BNS,140,1,1
5501,BNS,85,1,2
5501,BNS,74,1,3
5502,BNS,318,1,1
5503,BNS,331,1,1
5503,BNS,309,1,2
5503,BNS,305,1,3
5504,BNS,111,1,1
5504,BNS,351,1,2
5505,BNS,316,1,1
5507,MV,184,1,1
5508,BNS,191,1,1
5509,BNS,316,1,1
5510,BNS,318,1,1
5510,BNS,316,1,2
5510,BNS,305,1,3
5511,BNS,318,1,1
5512,BNS,109,1,1
5512,BNS,115,1,2
5513,BNS,331,1,1
5513,BNS,318,1,2
5514,BNS,303,1,1
5514,BNS,318,1,2
5515,BNS,140,1,1
5515,BNS,64,1,2
5516,BNS,303,1,1
5517,BNS,318,1,1
5517,BNS,309,1,2
5518,BNS,318,1,1
5519,BNS,331,1,1
5520,BNS,115,1,1
5520,BNS,103,1,2
5520,BNS,118,1,3
5521,BNS,115,1,1
5522,BNS,305,1,1
5522,BNS,303,1,2
5523,BNS,191,1,1
5523,BNS,111,1,2
5524,BNS,351,1,1
5524,BNS,112,1,2
5525,BNS,318,1,1
5526,BNS,318,1,1
5526,BNS,310,1,2
5527,NDPS,8,1,1
5527,NDPS,21,1,2
5527,NDPS,20,1,3
5528,BNS,103,1,1
5528,BNS,118,1,2
5529,BNS,115,1,1
5529,BNS,103,1,2
5529,BNS,118,1,3
5530,BNS,80,1,1
5531,EXCISE,32,1,1
5532,BNS,310,1,1
5532,BNS,316,1,2
5533,BNS,109,1,1
5534,BNS,305,1,1
5534,BNS,316,1,2
5534,BNS,303,1,3
5535,BNS,318,1,1
5536,BNS,331,1,1
5536,BNS,305,1,2
5536,BNS,303,1,3
5538,BNS,331,1,1
5538,BNS,309,1,2
5539,BNS,331,1,1
5540,IT,66D,1,1
5540,IT,66C,1,2
5540,IT,66,1,3
5541,BNS,64,1,1
5541,BNS,85,1,2
5542,NDPS,8,1,1
5543,BNS,310,1,1
5543,BNS,331,1,2
5544,BNS,303,1,1
5544,BNS,310,1,2
5544,BNS,309,1,3
5545,BNS,103,1,1
5545,BNS,118,1,2
5545,BNS,109,1,3
5546,BNS,303,1,1
5546,BNS,316,1,2
5546,BNS,318,1,3
5547,BNS,338,1,1
5547,BNS,318,1,2
5547,IT,66D,1,3
5548,BNS,310,1,1
5549,BNS,318,1,1
5550,EXCISE,32,1,1
5550,NDPS,21,1,2
5550,ARMS,27,1,3
5551,BNS,85,1,1
5551,BNS,64,1,2
5552,BNS,310,1,1
5552,BNS,309,1,2
5553,BNS,118,1,1
5553,BNS,105,1,2
5554,BNS,303,1,1
5554,BNS,331,1,2
5555,BNS,103,1,1
5556,BNS,316,1,1
5556,BNS,331,1,2
5557,BNS,338,1,1
5557,BNS,318,1,2
5557,IT,66D,1,3
5558,BNS,318,1,1
5558,BNS,303,1,2
5558,BNS,309,1,3
5559,BNS,111,1,1
5559,BNS,351,1,2
5560,BNS,309,1,1
5560,BNS,305,1,2
5561,BNS,64,1,1
5561,BNS,78,1,2
5561,BNS,85,1,3
5562,IT,66D,1,1
5563,BNS,140,1,1
5563,BNS,64,1,2
5564,BNS,303,1,1
5564,BNS,310,1,2
5564,BNS,316,1,3
5565,BNS,112,1,1
5565,BNS,189,1,2
5565,BNS,196,1,3
5566,ARMS,25,1,1
5567,MV,185,1,1
5568,IT,66D,1,1
5568,BNS,338,1,2
5569,BNS,103,1,1
5569,BNS,105,1,2
5571,IT,66D,1,1
5572,BNS,338,1,1
5573,IT,66D,1,1
5573,IT,66,1,2
5573,IT,66C,1,3
5574,BNS,316,1,1
5574,BNS,331,1,2
5575,BNS,316,1,1
5576,IT,66,1,1
5577,BNS,118,1,1
5578,NDPS,8,1,1
5579,BNS,338,1,1
5579,IT,66D,1,2
5579,BNS,318,1,3
5580,NDPS,20,1,1
5580,EXCISE,32,1,2
5580,ARMS,25,1,3
5581,BNS,310,1,1
5581,BNS,303,1,2
5582,BNS,309,1,1
5582,BNS,318,1,2
5583,BNS,140,1,1
5583,BNS,74,1,2
5583,BNS,78,1,3
5584,BNS,196,1,1
5584,BNS,351,1,2
5585,BNS,305,1,1
5586,BNS,109,1,1
5586,BNS,115,1,2
5586,BNS,105,1,3
5587,BNS,316,1,1
5587,BNS,305,1,2
5588,BNS,140,1,1
5588,BNS,74,1,2
5588,BNS,80,1,3
5589,BNS,316,1,1
5589,BNS,309,1,2
5591,BNS,310,1,1
5591,BNS,303,1,2
5592,BNS,316,1,1
5592,BNS,305,1,2
5592,BNS,310,1,3
5593,BNS,309,1,1
5593,BNS,316,1,2
5594,BNS,103,1,1
5595,BNS,316,1,1
5595,BNS,305,1,2
5596,BNS,118,1,1
5597,BNS,140,1,1
5597,POCSO,8,1,2
5597,POCSO,4,1,3
5598,NDPS,8,1,1
5598,ARMS,25,1,2
5598,NDPS,20,1,3
5599,MV,185,1,1
5599,MV,184,1,2
5600,BNS,140,1,1
5600,POCSO,4,1,2
5600,POCSO,8,1,3
5601,BNS,305,1,1
5601,BNS,309,1,2
5603,BNS,189,1,1
5603,BNS,112,1,2
5603,BNS,351,1,3
5604,MV,185,1,1
5605,BNS,303,1,1
5605,BNS,318,1,2
5606,IT,66D,1,1
5606,BNS,318,1,2
5606,BNS,338,1,3
5607,BNS,303,1,1
5607,BNS,318,1,2
5607,BNS,305,1,3
5608,BNS,351,1,1
5608,BNS,111,1,2
5609,IT,66,1,1
5610,BNS,103,1,1
5610,BNS,109,1,2
5610,BNS,115,1,3
5611,MV,184,1,1
5612,MV,184,1,1
5613,BNS,305,1,1
5614,BNS,103,1,1
5614,BNS,118,1,2
5614,BNS,105,1,3
5615,ARMS,25,1,1
5615,EXCISE,32,1,2
5616,BNS,103,1,1
5617,BNS,85,1,1
5617,BNS,80,1,2
5617,BNS,64,1,3
5618,BNS,318,1,1
5619,BNS,118,1,1
5619,BNS,105,1,2
5619,BNS,103,1,3
5620,BNS,112,1,1
5620,BNS,351,1,2
5620,BNS,191,1,3
5621,BNS,109,1,1
5621,BNS,105,1,2
5622,BNS,80,1,1
5623,POCSO,8,1,1
5623,BNS,140,1,2
5624,BNS,310,1,1
5625,NDPS,21,1,1
5627,BNS,305,1,1
5627,BNS,303,1,2
5629,BNS,338,1,1
5629,BNS,318,1,2
5629,IT,66D,1,3
5630,BNS,331,1,1
5630,BNS,305,1,2
5630,BNS,316,1,3
5631,BNS,318,1,1
5631,BNS,303,1,2
5631,BNS,309,1,3
5632,BNS,303,1,1
5632,BNS,309,1,2
5633,BNS,309,1,1
5633,BNS,316,1,2
5633,BNS,318,1,3
5634,BNS,140,1,1
5634,BNS,64,1,2
5636,BNS,316,1,1
5637,BNS,309,1,1
5637,BNS,316,1,2
5637,BNS,303,1,3
5638,BNS,109,1,1
5638,BNS,105,1,2
5638,BNS,118,1,3
5639,MV,185,1,1
5639,MV,184,1,2
5640,MV,185,1,1
5640,MV,184,1,2
5641,BNS,85,1,1
5641,BNS,78,1,2
5642,BNS,303,1,1
5642,BNS,305,1,2
5643,BNS,196,1,1
5643,BNS,189,1,2
5645,IT,66D,1,1
5645,BNS,338,1,2
5645,BNS,318,1,3
5646,BNS,309,1,1
5647,BNS,303,1,1
5647,BNS,318,1,2
5648,BNS,303,1,1
5648,BNS,318,1,2
5649,BNS,118,1,1
5649,BNS,115,1,2
5649,BNS,109,1,3
5650,BNS,318,1,1
5650,BNS,303,1,2
5650,BNS,331,1,3
5651,BNS,140,1,1
5652,BNS,305,1,1
5652,BNS,309,1,2
5652,BNS,310,1,3
5653,BNS,338,1,1
5653,IT,66D,1,2
5654,PC,7,1,1
5655,BNS,189,1,1
5655,BNS,351,1,2
5655,BNS,111,1,3
5656,BNS,310,1,1
5656,BNS,318,1,2
5657,IT,66D,1,1
5657,BNS,338,1,2
5658,BNS,74,1,1
5658,BNS,64,1,2
5659,MV,184,1,1
5659,MV,185,1,2
5660,BNS,309,1,1
5661,MV,185,1,1
5661,MV,184,1,2
5662,BNS,78,1,1
5662,BNS,74,1,2
5663,BNS,318,1,1
5663,BNS,338,1,2
5664,MV,185,1,1
5665,BNS,109,1,1
5666,MV,184,1,1
5667,BNS,305,1,1
5668,BNS,191,1,1
5669,BNS,115,1,1
5669,BNS,118,1,2
5669,BNS,109,1,3
5671,IT,66,1,1
5671,IT,66C,1,2
5672,BNS,74,1,1
5672,BNS,78,1,2
5673,BNS,103,1,1
5674,POCSO,8,1,1
5674,POCSO,4,1,2
5674,BNS,140,1,3
5675,BNS,309,1,1
5675,BNS,303,1,2
5675,BNS,310,1,3
5676,MV,185,1,1
5677,IT,66D,1,1
5678,MV,185,1,1
5678,MV,184,1,2
5679,BNS,338,1,1
5679,BNS,318,1,2
5679,IT,66D,1,3
5680,MV,185,1,1
5681,BNS,338,1,1
5681,BNS,318,1,2
5682,NDPS,8,1,1
5683,ARMS,27,1,1
5684,BNS,105,1,1
5684,BNS,109,1,2
5684,BNS,103,1,3
5685,BNS,309,1,1
5685,BNS,316,1,2
5685,BNS,318,1,3
5686,BNS,338,1,1
5687,BNS,316,1,1
5687,BNS,310,1,2
5688,BNS,310,1,1
5688,BNS,331,1,2
5688,BNS,305,1,3
5689,BNS,318,1,1
5689,BNS,338,1,2
5690,BNS,140,1,1
5690,BNS,74,1,2
5690,BNS,64,1,3
5691,IT,66D,1,1
5691,IT,66C,1,2
5691,IT,66,1,3
5692,BNS,303,1,1
5693,BNS,310,1,1
5693,BNS,303,1,2
5695,BNS,316,1,1
5695,BNS,309,1,2
5695,BNS,310,1,3
5696,BNS,64,1,1
5696,BNS,85,1,2
5696,BNS,140,1,3
5697,MV,185,1,1
5698,BNS,74,1,1
5700,BNS,310,1,1
5700,BNS,316,1,2
5700,BNS,318,1,3
5701,BNS,115,1,1
5702,BNS,196,1,1
5702,BNS,112,1,2
5703,BNS,196,1,1
5703,BNS,189,1,2
5703,BNS,191,1,3
5704,BNS,80,1,1
5704,BNS,140,1,2
5705,IT,66D,1,1
5705,BNS,338,1,2
5705,BNS,318,1,3
5706,BNS,74,1,1
5706,BNS,140,1,2
5706,BNS,80,1,3
5707,BNS,109,1,1
5708,ARMS,27,1,1
5708,NDPS,20,1,2
5708,ARMS,25,1,3
5709,POCSO,4,1,1
5710,EXCISE,32,1,1
5710,NDPS,20,1,2
5710,ARMS,27,1,3
5711,BNS,318,1,1
5712,NDPS,20,1,1
5712,EXCISE,32,1,2
5712,NDPS,8,1,3
5713,BNS,109,1,1
5714,BNS,118,1,1
5715,MV,185,1,1
5716,BNS,303,1,1
5716,BNS,316,1,2
5717,BNS,303,1,1
5718,MV,185,1,1
5719,MV,184,1,1
5719,MV,185,1,2
5720,PC,7,1,1
5721,BNS,305,1,1
5722,MV,184,1,1
5723,BNS,316,1,1
5723,BNS,303,1,2
5725,BNS,109,1,1
5725,BNS,103,1,2
5726,BNS,331,1,1
5726,BNS,310,1,2
5727,BNS,309,1,1
5727,BNS,305,1,2
5728,BNS,303,1,1
5728,BNS,316,1,2
5729,MV,184,1,1
5729,MV,185,1,2
5730,BNS,318,1,1
5730,BNS,331,1,2
5730,BNS,310,1,3
5731,BNS,78,1,1
5732,BNS,305,1,1
5733,BNS,118,1,1
5733,BNS,115,1,2
5733,BNS,103,1,3
5734,MV,185,1,1
5735,BNS,318,1,1
5736,BNS,309,1,1
5737,BNS,310,1,1
5738,BNS,331,1,1
5738,BNS,305,1,2
5738,BNS,309,1,3
5739,BNS,64,1,1
5739,BNS,85,1,2
5741,BNS,309,1,1
5742,ARMS,27,1,1
5742,ARMS,25,1,2
5743,BNS,318,1,1
5744,BNS,318,1,1
5745,BNS,310,1,1
5745,BNS,318,1,2
5745,BNS,309,1,3
5746,BNS,74,1,1
5747,BNS,112,1,1
5747,BNS,196,1,2
5748,MV,184,1,1
5748,MV,185,1,2
5749,BNS,318,1,1
5749,IT,66D,1,2
5749,BNS,338,1,3
5750,BNS,331,1,1
5750,BNS,318,1,2
5750,BNS,316,1,3
5751,BNS,140,1,1
5752,BNS,318,1,1
5753,BNS,309,1,1
5753,BNS,303,1,2
5754,BNS,318,1,1
5754,BNS,310,1,2
5755,BNS,103,1,1
5755,BNS,109,1,2
5756,BNS,318,1,1
5756,BNS,305,1,2
5756,BNS,331,1,3
5758,IT,66D,1,1
5759,BNS,331,1,1
5759,BNS,316,1,2
5759,BNS,310,1,3
5760,BNS,303,1,1
5761,NDPS,20,1,1
5761,EXCISE,32,1,2
5762,BNS,338,1,1
5762,BNS,318,1,2
5763,BNS,118,1,1
5764,NDPS,21,1,1
5765,MV,185,1,1
5766,BNS,112,1,1
5766,BNS,111,1,2
5766,BNS,189,1,3
5767,BNS,310,1,1
5767,BNS,331,1,2
5767,BNS,316,1,3
5768,IT,66D,1,1
5768,BNS,338,1,2
5769,BNS,318,1,1
5769,BNS,309,1,2
5770,BNS,310,1,1
5771,MV,184,1,1
5771,MV,185,1,2
5773,BNS,115,1,1
5773,BNS,105,1,2
5775,IT,66D,1,1
5775,BNS,338,1,2
5776,BNS,78,1,1
5776,BNS,85,1,2
5776,BNS,64,1,3
5777,MV,185,1,1
5778,BNS,338,1,1
5778,BNS,318,1,2
5778,IT,66D,1,3
5779,IT,66C,1,1
5781,BNS,118,1,1
5781,BNS,105,1,2
5781,BNS,115,1,3
5782,BNS,331,1,1
5782,BNS,316,1,2
5782,BNS,310,1,3
5783,BNS,112,1,1
5783,BNS,351,1,2
5784,BNS,318,1,1
5787,BNS,310,1,1
5788,IT,66D,1,1
5788,IT,66,1,2
5790,IT,66C,1,1
5790,IT,66,1,2
5791,MV,185,1,1
5792,BNS,109,1,1
5792,BNS,118,1,2
5792,BNS,103,1,3
5793,BNS,316,1,1
5793,BNS,309,1,2
5794,BNS,331,1,1
5794,BNS,310,1,2
5795,PC,7,1,1
5796,BNS,303,1,1
5796,BNS,310,1,2
5796,BNS,305,1,3
5797,BNS,310,1,1
5799,BNS,310,1,1
5800,NDPS,8,1,1
5801,BNS,318,1,1
5801,BNS,338,1,2
5802,BNS,309,1,1
5803,BNS,310,1,1
5803,BNS,309,1,2
5804,BNS,305,1,1
5804,BNS,310,1,2
5804,BNS,309,1,3
5805,BNS,331,1,1
5806,BNS,318,1,1
5808,BNS,303,1,1
5808,BNS,331,1,2
5808,BNS,305,1,3
5809,EXCISE,32,1,1
5809,NDPS,20,1,2
5811,BNS,78,1,1
5811,BNS,80,1,2
5811,BNS,85,1,3
5812,BNS,115,1,1
5812,BNS,109,1,2
5813,BNS,316,1,1
5814,BNS,305,1,1
5814,BNS,316,1,2
5815,BNS,303,1,1
5816,BNS,85,1,1
5817,BNS,305,1,1
5817,BNS,310,1,2
5817,BNS,303,1,3
5818,BNS,111,1,1
5818,BNS,196,1,2
5819,BNS,338,1,1
5819,BNS,318,1,2
5819,IT,66D,1,3
5820,BNS,105,1,1
5820,BNS,103,1,2
5820,BNS,118,1,3
5821,BNS,318,1,1
5821,BNS,331,1,2
5822,BNS,310,1,1
5822,BNS,318,1,2
5822,BNS,303,1,3
5823,BNS,191,1,1
5823,BNS,196,1,2
5824,BNS,305,1,1
5824,BNS,309,1,2
5825,BNS,316,1,1
5826,MV,184,1,1
5827,BNS,191,1,1
5827,BNS,111,1,2
5828,BNS,310,1,1
5828,BNS,305,1,2
5828,BNS,318,1,3
5829,BNS,318,1,1
5830,IT,66D,1,1
5830,BNS,338,1,2
5830,BNS,318,1,3
5831,BNS,140,1,1
5831,POCSO,8,1,2
5831,POCSO,4,1,3
5832,BNS,318,1,1
5832,BNS,303,1,2
5832,BNS,316,1,3
5833,BNS,80,1,1
5833,BNS,74,1,2
5834,BNS,118,1,1
5835,BNS,331,1,1
5836,BNS,318,1,1
5836,BNS,331,1,2
5837,PC,7,1,1
5838,BNS,105,1,1
5838,BNS,118,1,2
5838,BNS,103,1,3
5839,BNS,310,1,1
5840,IT,66D,1,1
5841,BNS,305,1,1
5841,BNS,331,1,2
5842,IT,66D,1,1
5842,BNS,318,1,2
5842,BNS,338,1,3
5843,BNS,303,1,1
5843,BNS,331,1,2
5843,BNS,316,1,3
5844,BNS,318,1,1
5844,BNS,310,1,2
5844,BNS,331,1,3
5845,MV,185,1,1
5845,MV,184,1,2
5846,BNS,111,1,1
5847,BNS,331,1,1
5847,BNS,318,1,2
5848,BNS,331,1,1
5849,BNS,103,1,1
5849,BNS,105,1,2
5849,BNS,118,1,3
5850,MV,185,1,1
5850,MV,184,1,2
5851,BNS,78,1,1
5852,BNS,305,1,1
5852,BNS,309,1,2
5852,BNS,303,1,3
5853,BNS,305,1,1
5853,BNS,310,1,2
5854,BNS,305,1,1
5855,BNS,303,1,1
5855,BNS,310,1,2
5856,IT,66D,1,1
5856,BNS,318,1,2
5856,BNS,338,1,3
5857,POCSO,8,1,1
5857,BNS,140,1,2
5857,POCSO,4,1,3
5858,BNS,140,1,1
5858,BNS,85,1,2
5859,BNS,103,1,1
5859,BNS,118,1,2
5860,BNS,318,1,1
5860,BNS,309,1,2
5860,BNS,305,1,3
5861,BNS,305,1,1
5861,BNS,309,1,2
5861,BNS,316,1,3
5862,BNS,118,1,1
5862,BNS,105,1,2
5862,BNS,103,1,3
5863,BNS,318,1,1
5863,BNS,309,1,2
5863,BNS,303,1,3
5864,BNS,305,1,1
5864,BNS,303,1,2
5864,BNS,309,1,3
5865,MV,184,1,1
5866,IT,66C,1,1
5866,IT,66,1,2
5867,BNS,74,1,1
5867,BNS,140,1,2
5867,BNS,80,1,3
5870,BNS,64,1,1
5870,BNS,85,1,2
5871,BNS,105,1,1
5871,BNS,115,1,2
5871,BNS,118,1,3
5872,BNS,303,1,1
5872,BNS,305,1,2
5873,BNS,305,1,1
5874,BNS,140,1,1
5874,BNS,85,1,2
5875,BNS,310,1,1
5876,BNS,305,1,1
5877,BNS,64,1,1
5878,BNS,74,1,1
5879,BNS,309,1,1
5879,BNS,310,1,2
5881,PC,7,1,1
5882,BNS,310,1,1
5882,BNS,309,1,2
5882,BNS,305,1,3
5883,BNS,338,1,1
5884,BNS,309,1,1
5884,BNS,310,1,2
5884,BNS,318,1,3
5886,MV,185,1,1
5887,MV,184,1,1
5887,MV,185,1,2
5889,BNS,118,1,1
5890,MV,185,1,1
5892,BNS,305,1,1
5892,BNS,309,1,2
5893,BNS,115,1,1
5894,MV,185,1,1
5895,NDPS,8,1,1
5895,ARMS,25,1,2
5896,BNS,309,1,1
5896,BNS,303,1,2
5897,BNS,310,1,1
5897,BNS,303,1,2
5897,BNS,331,1,3
5898,IT,66C,1,1
5898,IT,66D,1,2
5898,IT,66,1,3
5899,IT,66D,1,1
5899,BNS,338,1,2
5900,BNS,351,1,1
5900,BNS,111,1,2
5901,BNS,74,1,1
5901,BNS,80,1,2
5902,BNS,189,1,1
5903,BNS,309,1,1
5904,MV,185,1,1
5904,MV,184,1,2
5905,BNS,305,1,1
5906,MV,185,1,1
5907,MV,185,1,1
5908,BNS,109,1,1
5908,BNS,118,1,2
5908,BNS,115,1,3
5909,BNS,318,1,1
5910,BNS,318,1,1
5910,BNS,303,1,2
5910,BNS,316,1,3
5911,BNS,118,1,1
5911,BNS,105,1,2
5912,BNS,74,1,1
5912,BNS,140,1,2
5912,BNS,78,1,3
5913,BNS,316,1,1
5913,BNS,318,1,2
5914,BNS,318,1,1
5914,BNS,303,1,2
5914,BNS,310,1,3
5915,BNS,103,1,1
5916,EXCISE,32,1,1
5916,NDPS,20,1,2
5916,NDPS,21,1,3
5917,BNS,74,1,1
5917,BNS,64,1,2
5917,BNS,80,1,3
5919,BNS,309,1,1
5919,BNS,316,1,2
5919,BNS,303,1,3
5920,BNS,303,1,1
5920,BNS,310,1,2
5920,BNS,318,1,3
5921,BNS,118,1,1
5921,BNS,105,1,2
5922,BNS,309,1,1
5922,BNS,305,1,2
5923,NDPS,21,1,1
5923,ARMS,25,1,2
5923,EXCISE,32,1,3
5924,IT,66D,1,1
5924,BNS,338,1,2
5925,BNS,309,1,1
5926,BNS,310,1,1
5927,IT,66C,1,1
5927,IT,66D,1,2
5927,IT,66,1,3
5928,BNS,140,1,1
5928,BNS,85,1,2
5928,BNS,74,1,3
5929,PC,7,1,1
5930,MV,185,1,1
5931,BNS,140,1,1
5931,BNS,64,1,2
5931,BNS,78,1,3
5932,BNS,316,1,1
5933,BNS,191,1,1
5933,BNS,196,1,2
5934,BNS,318,1,1
5934,BNS,331,1,2
5935,BNS,309,1,1
5936,MV,185,1,1
5936,MV,184,1,2
5937,BNS,303,1,1
5938,BNS,316,1,1
5938,BNS,331,1,2
5939,BNS,331,1,1
5940,BNS,109,1,1
5940,BNS,115,1,2
5940,BNS,103,1,3
5941,BNS,338,1,1
5941,IT,66D,1,2
5941,BNS,318,1,3
5942,BNS,331,1,1
5942,BNS,316,1,2
5943,BNS,109,1,1
5943,BNS,105,1,2
5943,BNS,118,1,3
5944,BNS,109,1,1
5944,BNS,105,1,2
5944,BNS,118,1,3
5945,MV,184,1,1
5945,MV,185,1,2
5946,BNS,303,1,1
5946,BNS,316,1,2
5946,BNS,331,1,3
5947,MV,185,1,1
5948,BNS,303,1,1
5949,BNS,64,1,1
5950,BNS,305,1,1
5950,BNS,310,1,2
5951,MV,185,1,1
5951,MV,184,1,2
5952,BNS,318,1,1
5952,BNS,305,1,2
5954,BNS,310,1,1
5955,BNS,331,1,1
5955,BNS,318,1,2
5956,MV,184,1,1
5957,BNS,305,1,1
5957,BNS,309,1,2
5957,BNS,318,1,3
5958,IT,66D,1,1
5959,BNS,318,1,1
5960,MV,185,1,1
5963,BNS,351,1,1
5964,MV,185,1,1
5964,MV,184,1,2
5965,BNS,118,1,1
5965,BNS,105,1,2
5966,BNS,331,1,1
5966,BNS,310,1,2
5967,BNS,331,1,1
5968,BNS,305,1,1
5969,BNS,109,1,1
5969,BNS,105,1,2
5969,BNS,103,1,3
5970,BNS,331,1,1
5970,BNS,305,1,2
5971,BNS,309,1,1
5971,BNS,305,1,2
5972,IT,66C,1,1
5972,IT,66,1,2
5973,BNS,310,1,1
5975,BNS,331,1,1
5975,BNS,316,1,2
5976,MV,184,1,1
5977,BNS,118,1,1
5977,BNS,105,1,2
5978,BNS,305,1,1
5979,BNS,310,1,1
5980,BNS,115,1,1
5981,BNS,303,1,1
5982,IT,66D,1,1
5982,BNS,338,1,2
5982,BNS,318,1,3
5983,BNS,305,1,1
5983,BNS,310,1,2
5984,BNS,115,1,1
5984,BNS,105,1,2
5984,BNS,118,1,3
5985,BNS,189,1,1
5985,BNS,191,1,2
5986,MV,184,1,1
5986,MV,185,1,2
5987,BNS,112,1,1
5987,BNS,196,1,2
5988,BNS,318,1,1
5988,BNS,309,1,2
5988,BNS,316,1,3
5989,BNS,140,1,1
5990,BNS,310,1,1
5990,BNS,305,1,2
5991,BNS,109,1,1
5992,BNS,80,1,1
5994,MV,185,1,1
5994,MV,184,1,2
5995,BNS,318,1,1
5996,BNS,109,1,1
5996,BNS,105,1,2
5997,BNS,105,1,1
5997,BNS,118,1,2
5998,BNS,351,1,1
6000,IT,66D,1,1
6000,IT,66,1,2
6001,NDPS,21,1,1
6001,NDPS,20,1,2
6002,BNS,115,1,1
6002,BNS,118,1,2
6003,BNS,105,1,1
6004,BNS,78,1,1
6004,BNS,85,1,2
6005,BNS,196,1,1
6006,BNS,310,1,1
6007,BNS,103,1,1
6007,BNS,118,1,2
6008,BNS,103,1,1
6008,BNS,118,1,2
6008,BNS,109,1,3
6009,BNS,318,1,1
6010,MV,184,1,1
6010,MV,185,1,2
6011,BNS,316,1,1
6011,BNS,310,1,2
6011,BNS,303,1,3
6012,BNS,85,1,1
6012,BNS,74,1,2
6012,BNS,80,1,3
6013,BNS,316,1,1
6013,BNS,303,1,2
6014,BNS,74,1,1
6014,BNS,78,1,2
6014,BNS,80,1,3
6015,ARMS,25,1,1
6015,ARMS,27,1,2
6015,NDPS,8,1,3
6016,BNS,331,1,1
6016,BNS,316,1,2
6017,MV,184,1,1
6018,BNS,118,1,1
6018,BNS,103,1,2
6018,BNS,105,1,3
6019,BNS,331,1,1
6019,BNS,316,1,2
6020,BNS,316,1,1
6020,BNS,305,1,2
6021,BNS,338,1,1
6021,IT,66D,1,2
6022,BNS,318,1,1
6022,BNS,331,1,2
6022,BNS,309,1,3
6023,BNS,191,1,1
6023,BNS,196,1,2
6024,BNS,316,1,1
6024,BNS,309,1,2
6026,BNS,303,1,1
6026,BNS,316,1,2
6026,BNS,318,1,3
6027,MV,185,1,1
6027,MV,184,1,2
6028,EXCISE,32,1,1
6028,NDPS,20,1,2
6028,ARMS,27,1,3
6029,MV,185,1,1
6030,BNS,111,1,1
6031,BNS,305,1,1
6031,BNS,310,1,2
6032,BNS,303,1,1
6033,BNS,331,1,1
6034,BNS,338,1,1
6034,BNS,318,1,2
6034,IT,66D,1,3
6035,MV,185,1,1
6035,MV,184,1,2
6036,IT,66C,1,1
6036,IT,66,1,2
6036,IT,66D,1,3
6037,IT,66D,1,1
6037,IT,66,1,2
6037,IT,66C,1,3
6038,BNS,316,1,1
6040,BNS,305,1,1
6041,BNS,338,1,1
6041,BNS,318,1,2
6042,BNS,118,1,1
6042,BNS,103,1,2
6043,IT,66D,1,1
6043,BNS,338,1,2
6043,BNS,318,1,3
6044,BNS,64,1,1
6044,BNS,85,1,2
6044,BNS,80,1,3
6045,BNS,189,1,1
6045,BNS,196,1,2
6046,NDPS,21,1,1
6046,EXCISE,32,1,2
6046,NDPS,8,1,3
6047,BNS,305,1,1
6047,BNS,309,1,2
6048,BNS,316,1,1
6048,BNS,318,1,2
6048,BNS,303,1,3
6049,BNS,303,1,1
6049,BNS,331,1,2
6049,BNS,305,1,3
6050,BNS,85,1,1
6050,BNS,78,1,2
6051,BNS,74,1,1
6051,BNS,85,1,2
6051,BNS,64,1,3
6052,BNS,309,1,1
6053,BNS,318,1,1
6053,BNS,305,1,2
6053,BNS,309,1,3
6054,NDPS,20,1,1
6054,ARMS,27,1,2
6054,EXCISE,32,1,3
6055,BNS,303,1,1
6056,BNS,310,1,1
6056,BNS,318,1,2
6057,BNS,331,1,1
6057,BNS,318,1,2
6058,BNS,189,1,1
6058,BNS,196,1,2
6059,BNS,331,1,1
6060,BNS,310,1,1
6060,BNS,305,1,2
6061,BNS,309,1,1
6061,BNS,310,1,2
6062,BNS,338,1,1
6062,IT,66D,1,2
6063,BNS,105,1,1
6063,BNS,103,1,2
6064,BNS,331,1,1
6064,BNS,303,1,2
6065,MV,185,1,1
6066,BNS,309,1,1
6067,POCSO,8,1,1
6068,BNS,331,1,1
6068,BNS,305,1,2
6068,BNS,316,1,3
6069,MV,185,1,1
6071,BNS,318,1,1
6072,BNS,140,1,1
6072,BNS,64,1,2
6073,BNS,316,1,1
6073,BNS,309,1,2
6074,NDPS,8,1,1
6074,ARMS,25,1,2
6075,BNS,115,1,1
6075,BNS,103,1,2
6075,BNS,109,1,3
6076,IT,66,1,1
6076,IT,66D,1,2
6077,BNS,305,1,1
6077,BNS,318,1,2
6078,BNS,78,1,1
6078,BNS,140,1,2
6079,BNS,318,1,1
6080,MV,184,1,1
6080,MV,185,1,2
6081,BNS,310,1,1
6081,BNS,309,1,2
6081,BNS,331,1,3
6082,BNS,111,1,1
6082,BNS,191,1,2
6082,BNS,351,1,3
6083,BNS,318,1,1
6083,BNS,338,1,2
6084,BNS,305,1,1
6085,BNS,85,1,1
6085,BNS,74,1,2
6087,BNS,338,1,1
6088,BNS,74,1,1
6089,BNS,309,1,1
6089,BNS,310,1,2
6089,BNS,318,1,3
6090,MV,185,1,1
6090,MV,184,1,2
6091,BNS,309,1,1
6091,BNS,305,1,2
6092,IT,66C,1,1
6092,IT,66D,1,2
6092,IT,66,1,3
6093,BNS,303,1,1
6094,BNS,303,1,1
6094,BNS,318,1,2
6094,BNS,309,1,3
6095,BNS,318,1,1
6098,BNS,103,1,1
6098,BNS,118,1,2
6099,BNS,118,1,1
6100,BNS,303,1,1
6100,BNS,305,1,2
6101,ARMS,27,1,1
6101,ARMS,25,1,2
6101,NDPS,8,1,3
6102,BNS,310,1,1
6103,BNS,305,1,1
6103,BNS,303,1,2
6103,BNS,318,1,3
6104,MV,185,1,1
6105,MV,185,1,1
6105,MV,184,1,2
6106,ARMS,27,1,1
6106,NDPS,20,1,2
6106,ARMS,25,1,3
6107,BNS,105,1,1
6107,BNS,115,1,2
6108,BNS,103,1,1
6108,BNS,115,1,2
6109,BNS,74,1,1
6110,NDPS,21,1,1
6110,NDPS,8,1,2
6110,ARMS,25,1,3
6111,PC,7,1,1
6112,BNS,331,1,1
6112,BNS,305,1,2
6112,BNS,318,1,3
6113,BNS,309,1,1
6113,BNS,331,1,2
6113,BNS,310,1,3
6114,MV,185,1,1
6116,BNS,316,1,1
6116,BNS,303,1,2
6116,BNS,309,1,3
6117,BNS,140,1,1
6117,BNS,78,1,2
6117,BNS,85,1,3
6118,BNS,310,1,1
6119,MV,185,1,1
6119,MV,184,1,2
6120,BNS,80,1,1
6120,BNS,78,1,2
6120,BNS,85,1,3
6121,BNS,318,1,1
6122,BNS,303,1,1
6122,BNS,309,1,2
6122,BNS,305,1,3
6123,BNS,309,1,1
6123,BNS,305,1,2
6124,BNS,115,1,1
6125,MV,184,1,1
6126,BNS,316,1,1
6126,BNS,318,1,2
6127,BNS,331,1,1
6127,BNS,310,1,2
6128,BNS,64,1,1
6128,BNS,85,1,2
6129,BNS,338,1,1
6130,BNS,338,1,1
6130,IT,66D,1,2
6130,BNS,318,1,3
6131,BNS,310,1,1
6131,BNS,305,1,2
6132,IT,66D,1,1
6132,BNS,338,1,2
6132,BNS,318,1,3
6133,BNS,305,1,1
6133,BNS,331,1,2
6133,BNS,318,1,3
6134,BNS,105,1,1
6134,BNS,115,1,2
6134,BNS,103,1,3
6135,BNS,318,1,1
6135,BNS,338,1,2
6136,BNS,303,1,1
6136,BNS,309,1,2
6136,BNS,310,1,3
6137,BNS,316,1,1
6137,BNS,331,1,2
6137,BNS,309,1,3
6138,BNS,331,1,1
6138,BNS,305,1,2
6139,BNS,191,1,1
6139,BNS,111,1,2
6139,BNS,351,1,3
6140,NDPS,21,1,1
6140,ARMS,27,1,2
6141,BNS,309,1,1
6141,BNS,318,1,2
6142,BNS,305,1,1
6142,BNS,318,1,2
6142,BNS,316,1,3
6143,BNS,309,1,1
6143,BNS,318,1,2
6143,BNS,331,1,3
6144,BNS,338,1,1
6144,IT,66D,1,2
6145,BNS,316,1,1
6146,ARMS,25,1,1
6146,EXCISE,32,1,2
6146,NDPS,20,1,3
6147,BNS,85,1,1
6147,BNS,80,1,2
6148,BNS,111,1,1
6149,MV,185,1,1
6149,MV,184,1,2
6150,MV,185,1,1
6150,MV,184,1,2
6151,BNS,115,1,1
6152,BNS,305,1,1
6153,BNS,64,1,1
6154,BNS,331,1,1
6154,BNS,318,1,2
6154,BNS,310,1,3
6155,BNS,140,1,1
6155,POCSO,4,1,2
6156,BNS,309,1,1
6156,BNS,305,1,2
6157,MV,184,1,1
6158,MV,184,1,1
6159,BNS,310,1,1
6159,BNS,331,1,2
6159,BNS,316,1,3
6160,BNS,103,1,1
6160,BNS,105,1,2
6160,BNS,109,1,3
6161,BNS,80,1,1
6161,BNS,85,1,2
6162,NDPS,20,1,1
6162,NDPS,21,1,2
6162,ARMS,25,1,3
6163,POCSO,4,1,1
6164,BNS,303,1,1
6164,BNS,305,1,2
6165,IT,66D,1,1
6165,BNS,338,1,2
6165,BNS,318,1,3
6166,MV,184,1,1
6166,MV,185,1,2
6167,BNS,189,1,1
6168,MV,185,1,1
6168,MV,184,1,2
6169,BNS,118,1,1
6170,BNS,189,1,1
6170,BNS,351,1,2
6170,BNS,191,1,3
6171,BNS,105,1,1
6172,BNS,303,1,1
6172,BNS,316,1,2
6173,POCSO,4,1,1
6173,POCSO,8,1,2
6173,BNS,140,1,3
6174,IT,66D,1,1
6174,IT,66C,1,2
6174,IT,66,1,3
6176,BNS,140,1,1
6176,BNS,64,1,2
6177,BNS,309,1,1
6177,BNS,305,1,2
6177,BNS,331,1,3
6178,BNS,64,1,1
6179,NDPS,20,1,1
6179,ARMS,25,1,2
6179,ARMS,27,1,3
6180,BNS,331,1,1
6180,BNS,318,1,2
6180,BNS,316,1,3
6181,MV,185,1,1
6181,MV,184,1,2
6182,ARMS,25,1,1
6182,ARMS,27,1,2
6183,MV,185,1,1
6183,MV,184,1,2
6184,BNS,105,1,1
6184,BNS,103,1,2
6184,BNS,109,1,3
6185,BNS,303,1,1
6185,BNS,309,1,2
6186,BNS,310,1,1
6186,BNS,331,1,2
6186,BNS,305,1,3
6187,MV,184,1,1
6187,MV,185,1,2
6188,PC,7,1,1
6189,BNS,310,1,1
6190,IT,66D,1,1
6191,BNS,140,1,1
6191,BNS,80,1,2
6192,BNS,105,1,1
6192,BNS,118,1,2
6192,BNS,115,1,3
6193,BNS,109,1,1
6193,BNS,115,1,2
6194,NDPS,21,1,1
6194,NDPS,20,1,2
6194,ARMS,27,1,3
6195,MV,185,1,1
6195,MV,184,1,2
6196,BNS,74,1,1
6196,BNS,78,1,2
6197,BNS,310,1,1
6198,BNS,309,1,1
6198,BNS,331,1,2
6198,BNS,318,1,3
6199,BNS,310,1,1
6200,IT,66D,1,1
6200,BNS,338,1,2
6201,BNS,305,1,1
6202,IT,66D,1,1
6202,BNS,338,1,2
6203,BNS,140,1,1
6204,IT,66D,1,1
6204,BNS,318,1,2
6205,MV,184,1,1
6205,MV,185,1,2
6206,BNS,305,1,1
6206,BNS,331,1,2
6207,MV,185,1,1
6207,MV,184,1,2
6208,BNS,338,1,1
6209,PC,7,1,1
6210,BNS,85,1,1
6211,BNS,115,1,1
6212,BNS,305,1,1
6212,BNS,303,1,2
6212,BNS,318,1,3
6213,BNS,80,1,1
6214,IT,66D,1,1
6214,IT,66,1,2
6214,IT,66C,1,3
6215,NDPS,21,1,1
6215,NDPS,8,1,2
6215,ARMS,25,1,3
6216,BNS,318,1,1
6216,BNS,316,1,2
6216,BNS,303,1,3
6217,MV,185,1,1
6217,MV,184,1,2
6218,BNS,103,1,1
6218,BNS,115,1,2
6219,BNS,80,1,1
6219,BNS,140,1,2
6219,BNS,85,1,3
6220,BNS,310,1,1
6220,BNS,316,1,2
6220,BNS,318,1,3
6221,BNS,111,1,1
6221,BNS,191,1,2
6221,BNS,196,1,3
6222,MV,184,1,1
6222,MV,185,1,2
6223,BNS,74,1,1
6223,BNS,78,1,2
6223,BNS,64,1,3
6224,BNS,191,1,1
6224,BNS,196,1,2
6224,BNS,351,1,3
6225,BNS,316,1,1
6225,BNS,309,1,2
6225,BNS,303,1,3
6226,BNS,140,1,1
6227,MV,185,1,1
6227,MV,184,1,2
6228,BNS,115,1,1
6228,BNS,105,1,2
6229,BNS,305,1,1
6229,BNS,331,1,2
6229,BNS,303,1,3
6230,BNS,78,1,1
6230,BNS,140,1,2
6231,IT,66D,1,1
6231,BNS,338,1,2
6232,BNS,316,1,1
6232,BNS,318,1,2
6233,EXCISE,32,1,1
6233,NDPS,20,1,2
6234,BNS,85,1,1
6234,BNS,64,1,2
6234,BNS,140,1,3
6235,BNS,118,1,1
6236,MV,185,1,1
6237,BNS,318,1,1
6238,IT,66D,1,1
6238,BNS,318,1,2
6238,BNS,338,1,3
6239,BNS,140,1,1
6240,IT,66D,1,1
6241,BNS,118,1,1
6242,MV,185,1,1
6242,MV,184,1,2
6243,IT,66D,1,1
6244,BNS,118,1,1
6244,BNS,115,1,2
6246,BNS,191,1,1
6247,BNS,305,1,1
6247,BNS,331,1,2
6247,BNS,310,1,3
6248,MV,184,1,1
6248,MV,185,1,2
6249,BNS,318,1,1
6250,MV,185,1,1
6251,BNS,103,1,1
6252,BNS,318,1,1
6252,IT,66D,1,2
6252,BNS,338,1,3
6253,BNS,118,1,1
6253,BNS,105,1,2
6254,BNS,115,1,1
6254,BNS,118,1,2
6255,BNS,316,1,1
6256,MV,185,1,1
6257,BNS,309,1,1
6257,BNS,310,1,2
6258,BNS,305,1,1
6258,BNS,310,1,2
6258,BNS,309,1,3
6259,BNS,105,1,1
6259,BNS,118,1,2
6259,BNS,109,1,3
6260,BNS,85,1,1
6260,BNS,140,1,2
6260,BNS,78,1,3
6261,BNS,310,1,1
6261,BNS,303,1,2
6262,MV,185,1,1
6262,MV,184,1,2
6263,BNS,331,1,1
6264,BNS,331,1,1
6264,BNS,310,1,2
6264,BNS,309,1,3
6265,BNS,338,1,1
6265,BNS,318,1,2
6265,IT,66D,1,3
6266,BNS,103,1,1
6267,IT,66D,1,1
6267,IT,66,1,2
6268,IT,66D,1,1
6268,BNS,318,1,2
6269,BNS,140,1,1
6269,POCSO,4,1,2
6270,BNS,316,1,1
6270,BNS,331,1,2
6271,MV,184,1,1
6271,MV,185,1,2
6272,BNS,316,1,1
6272,BNS,305,1,2
6272,BNS,310,1,3
6273,MV,185,1,1
6274,BNS,316,1,1
6274,BNS,309,1,2
6275,BNS,105,1,1
6276,IT,66,1,1
6276,IT,66D,1,2
6277,BNS,115,1,1
6277,BNS,118,1,2
6278,IT,66D,1,1
6278,BNS,318,1,2
6279,BNS,80,1,1
6279,BNS,85,1,2
6279,BNS,78,1,3
6280,BNS,85,1,1
6280,BNS,78,1,2
6280,BNS,74,1,3
6281,BNS,305,1,1
6282,MV,184,1,1
6282,MV,185,1,2
6283,BNS,310,1,1
6285,IT,66C,1,1
6285,IT,66D,1,2
6285,IT,66,1,3
6286,NDPS,21,1,1
6287,BNS,196,1,1
6287,BNS,351,1,2
6287,BNS,112,1,3
6288,BNS,318,1,1
6288,BNS,338,1,2
6288,IT,66D,1,3
6289,BNS,80,1,1
6290,BNS,316,1,1
6290,BNS,318,1,2
6291,BNS,316,1,1
6291,BNS,331,1,2
6291,BNS,303,1,3
6292,MV,184,1,1
6292,MV,185,1,2
6293,BNS,196,1,1
6293,BNS,112,1,2
6294,BNS,331,1,1
6295,BNS,191,1,1
6296,MV,184,1,1
6297,BNS,338,1,1
6298,BNS,303,1,1
6299,IT,66D,1,1
6299,BNS,318,1,2
6299,BNS,338,1,3
6300,BNS,309,1,1
6300,BNS,331,1,2
6301,BNS,191,1,1
6301,BNS,112,1,2
6301,BNS,111,1,3
6303,MV,185,1,1
6303,MV,184,1,2
6304,BNS,318,1,1
6304,BNS,331,1,2
6304,BNS,309,1,3
6305,IT,66D,1,1
6305,BNS,318,1,2
6306,BNS,105,1,1
6306,BNS,115,1,2
6306,BNS,109,1,3
6307,BNS,351,1,1
6307,BNS,111,1,2
6308,BNS,338,1,1
6308,IT,66D,1,2
6308,BNS,318,1,3
6309,BNS,305,1,1
6310,BNS,196,1,1
6310,BNS,191,1,2
6310,BNS,112,1,3
6311,ARMS,25,1,1
6311,NDPS,20,1,2
6312,NDPS,21,1,1
6312,EXCISE,32,1,2
6313,BNS,316,1,1
6313,BNS,303,1,2
6313,BNS,305,1,3
6314,BNS,303,1,1
6314,BNS,305,1,2
6314,BNS,309,1,3
6315,BNS,318,1,1
6316,ARMS,25,1,1
6317,BNS,305,1,1
6318,MV,184,1,1
6318,MV,185,1,2
6319,BNS,115,1,1
6319,BNS,109,1,2
6320,BNS,338,1,1
6320,IT,66D,1,2
6321,BNS,105,1,1
6321,BNS,109,1,2
6322,MV,185,1,1
6322,MV,184,1,2
6323,NDPS,20,1,1
6323,NDPS,8,1,2
6324,BNS,303,1,1
6324,BNS,310,1,2
6324,BNS,309,1,3
6325,BNS,140,1,1
6325,POCSO,4,1,2
6325,POCSO,8,1,3
6326,BNS,318,1,1
6328,BNS,140,1,1
6329,BNS,115,1,1
6329,BNS,103,1,2
6330,BNS,85,1,1
6330,BNS,64,1,2
6330,BNS,80,1,3
6331,BNS,74,1,1
6333,MV,185,1,1
6334,BNS,338,1,1
6334,IT,66D,1,2
6335,BNS,115,1,1
6335,BNS,103,1,2
6336,BNS,310,1,1
6336,BNS,305,1,2
6337,BNS,105,1,1
6337,BNS,115,1,2
6338,MV,185,1,1
6338,MV,184,1,2
6339,BNS,78,1,1
6339,BNS,80,1,2
6340,BNS,103,1,1
6340,BNS,105,1,2
6341,BNS,316,1,1
6342,BNS,331,1,1
6342,BNS,309,1,2
6342,BNS,310,1,3
6343,MV,184,1,1
6343,MV,185,1,2
6344,BNS,118,1,1
6344,BNS,103,1,2
6345,BNS,305,1,1
6346,BNS,64,1,1
6346,BNS,80,1,2
6346,BNS,85,1,3
6347,BNS,140,1,1
6347,BNS,78,1,2
6348,BNS,111,1,1
6348,BNS,191,1,2
6349,IT,66D,1,1
6350,IT,66D,1,1
6351,BNS,64,1,1
6352,MV,184,1,1
6352,MV,185,1,2
6353,IT,66,1,1
6353,IT,66C,1,2
6354,MV,184,1,1
6354,MV,185,1,2
6355,BNS,316,1,1
6356,BNS,310,1,1
6356,BNS,331,1,2
6356,BNS,318,1,3
6357,IT,66D,1,1
6358,MV,185,1,1
6358,MV,184,1,2
6359,MV,184,1,1
6360,BNS,118,1,1
6361,BNS,338,1,1
6361,IT,66D,1,2
6362,MV,185,1,1
6362,MV,184,1,2
6363,POCSO,8,1,1
6363,POCSO,4,1,2
6364,BNS,115,1,1
6364,BNS,105,1,2
6364,BNS,118,1,3
6365,BNS,310,1,1
6366,BNS,318,1,1
6366,BNS,338,1,2
6367,BNS,318,1,1
6367,BNS,338,1,2
6368,BNS,112,1,1
6368,BNS,111,1,2
6368,BNS,191,1,3
6369,BNS,331,1,1
6369,BNS,310,1,2
6369,BNS,305,1,3
6370,BNS,318,1,1
6371,BNS,112,1,1
6373,BNS,78,1,1
6373,BNS,140,1,2
6373,BNS,64,1,3
6374,POCSO,4,1,1
6375,BNS,111,1,1
6375,BNS,196,1,2
6376,BNS,331,1,1
6377,BNS,64,1,1
6377,BNS,78,1,2
6378,NDPS,21,1,1
6378,EXCISE,32,1,2
6378,NDPS,20,1,3
6379,BNS,303,1,1
6380,MV,185,1,1
6381,BNS,318,1,1
6382,MV,185,1,1
6383,ARMS,27,1,1
6384,BNS,318,1,1
6384,IT,66D,1,2
6385,BNS,103,1,1
6385,BNS,115,1,2
6385,BNS,118,1,3
6386,BNS,318,1,1
6386,BNS,305,1,2
6386,BNS,309,1,3
6387,BNS,305,1,1
6388,BNS,318,1,1
6388,IT,66D,1,2
6389,MV,184,1,1
6389,MV,185,1,2
6390,NDPS,8,1,1
6390,ARMS,25,1,2
6390,NDPS,20,1,3
6391,BNS,316,1,1
6392,BNS,303,1,1
6392,BNS,310,1,2
6392,BNS,309,1,3
6393,BNS,310,1,1
6393,BNS,318,1,2
6393,BNS,305,1,3
6394,BNS,115,1,1
6395,BNS,78,1,1
6395,BNS,80,1,2
6396,BNS,310,1,1
6397,BNS,310,1,1
6397,BNS,316,1,2
6398,BNS,309,1,1
6398,BNS,305,1,2
6399,IT,66C,1,1
6400,BNS,331,1,1
6400,BNS,310,1,2
6401,BNS,338,1,1
6401,IT,66D,1,2
6402,BNS,318,1,1
6402,BNS,309,1,2
6403,BNS,303,1,1
6404,BNS,338,1,1
6404,IT,66D,1,2
6405,BNS,310,1,1
6405,BNS,305,1,2
6406,MV,185,1,1
6406,MV,184,1,2
6407,BNS,351,1,1
6407,BNS,111,1,2
6407,BNS,196,1,3
6408,BNS,318,1,1
6408,IT,66D,1,2
6409,BNS,118,1,1
6410,BNS,309,1,1
6410,BNS,318,1,2
6410,BNS,316,1,3
6411,BNS,309,1,1
6412,MV,184,1,1
6412,MV,185,1,2
6413,BNS,338,1,1
6413,BNS,318,1,2
6414,BNS,316,1,1
6414,BNS,309,1,2
6415,NDPS,20,1,1
6415,NDPS,8,1,2
6416,BNS,303,1,1
6417,NDPS,21,1,1
6417,NDPS,8,1,2
6417,NDPS,20,1,3
6418,MV,185,1,1
6418,MV,184,1,2
6419,BNS,303,1,1
6420,BNS,103,1,1
6420,BNS,115,1,2
6421,BNS,118,1,1
6422,BNS,316,1,1
6423,MV,185,1,1
6423,MV,184,1,2
6424,BNS,303,1,1
6425,MV,185,1,1
6426,BNS,105,1,1
6426,BNS,118,1,2
6426,BNS,103,1,3
6427,BNS,303,1,1
6428,BNS,310,1,1
6428,BNS,303,1,2
6429,EXCISE,32,1,1
6429,ARMS,27,1,2
6429,NDPS,8,1,3
6430,BNS,310,1,1
6430,BNS,303,1,2
6431,ARMS,27,1,1
6431,NDPS,8,1,2
6433,MV,185,1,1
6434,BNS,115,1,1
6434,BNS,105,1,2
6435,IT,66D,1,1
6435,BNS,338,1,2
6435,BNS,318,1,3
6436,MV,184,1,1
6437,MV,185,1,1
6437,MV,184,1,2
6439,BNS,85,1,1
6440,BNS,310,1,1
6440,BNS,305,1,2
6440,BNS,309,1,3
6441,BNS,80,1,1
6441,BNS,64,1,2
6441,BNS,140,1,3
6442,BNS,78,1,1
6443,IT,66D,1,1
6443,BNS,318,1,2
6444,IT,66C,1,1
6444,IT,66,1,2
6445,BNS,191,1,1
6446,BNS,310,1,1
6446,BNS,318,1,2
6447,BNS,331,1,1
6447,BNS,305,1,2
6448,MV,185,1,1
6448,MV,184,1,2
6449,BNS,105,1,1
6449,BNS,103,1,2
6450,BNS,303,1,1
6451,BNS,303,1,1
6452,BNS,309,1,1
6452,BNS,318,1,2
6453,BNS,305,1,1
6454,ARMS,25,1,1
6454,EXCISE,32,1,2
6455,IT,66D,1,1
6456,MV,185,1,1
6456,MV,184,1,2
6457,MV,184,1,1
6457,MV,185,1,2
6458,BNS,305,1,1
6458,BNS,316,1,2
6458,BNS,310,1,3
6459,BNS,316,1,1
6459,BNS,318,1,2
6459,BNS,309,1,3
6460,BNS,338,1,1
6460,IT,66D,1,2
6460,BNS,318,1,3
6461,BNS,309,1,1
6463,BNS,316,1,1
6464,BNS,303,1,1
6465,BNS,331,1,1
6466,EXCISE,32,1,1
6467,IT,66,1,1
6468,IT,66D,1,1
6469,MV,184,1,1
6470,ARMS,27,1,1
6470,EXCISE,32,1,2
6471,BNS,309,1,1
6472,MV,185,1,1
6472,MV,184,1,2
6473,MV,185,1,1
6475,BNS,115,1,1
6475,BNS,109,1,2
6475,BNS,105,1,3
6476,BNS,331,1,1
6476,BNS,316,1,2
6476,BNS,310,1,3
6477,IT,66C,1,1
6477,IT,66,1,2
6477,IT,66D,1,3
6478,BNS,109,1,1
6478,BNS,115,1,2
6478,BNS,118,1,3
6479,NDPS,8,1,1
6480,BNS,112,1,1
6480,BNS,111,1,2
6481,IT,66D,1,1
6481,BNS,338,1,2
6481,BNS,318,1,3
6482,BNS,316,1,1
6482,BNS,309,1,2
6482,BNS,305,1,3
6483,BNS,112,1,1
6483,BNS,351,1,2
6483,BNS,196,1,3
6484,BNS,303,1,1
6484,BNS,310,1,2
6484,BNS,316,1,3
6485,BNS,351,1,1
6485,BNS,111,1,2
6485,BNS,196,1,3
6486,BNS,331,1,1
6489,BNS,310,1,1
6489,BNS,305,1,2
6489,BNS,316,1,3
6490,ARMS,25,1,1
6490,NDPS,20,1,2
6490,ARMS,27,1,3
6491,POCSO,8,1,1
6491,POCSO,4,1,2
6491,BNS,140,1,3
6492,MV,184,1,1
6492,MV,185,1,2
6493,BNS,318,1,1
6493,IT,66D,1,2
6494,BNS,310,1,1
6494,BNS,309,1,2
6495,BNS,318,1,1
6496,EXCISE,32,1,1
6496,ARMS,27,1,2
6496,ARMS,25,1,3
6497,BNS,303,1,1
6497,BNS,316,1,2
6497,BNS,318,1,3
6498,BNS,309,1,1
6499,MV,184,1,1
6500,BNS,64,1,1
6500,BNS,80,1,2
6500,BNS,74,1,3
6501,BNS,331,1,1
6501,BNS,310,1,2
6502,IT,66D,1,1
6502,BNS,338,1,2
6502,BNS,318,1,3
6503,BNS,191,1,1
6504,BNS,316,1,1
6504,BNS,318,1,2
6504,BNS,331,1,3
6505,BNS,80,1,1
6505,BNS,74,1,2
6505,BNS,64,1,3
6506,IT,66D,1,1
6506,BNS,338,1,2
6507,MV,184,1,1
6507,MV,185,1,2
6508,BNS,103,1,1
6508,BNS,109,1,2
6508,BNS,118,1,3
6509,MV,185,1,1
6509,MV,184,1,2
6510,NDPS,8,1,1
6510,NDPS,21,1,2
6511,BNS,115,1,1
6511,BNS,103,1,2
6511,BNS,109,1,3
6512,IT,66D,1,1
6512,BNS,338,1,2
6512,BNS,318,1,3
6513,BNS,140,1,1
6514,BNS,191,1,1
6514,BNS,196,1,2
6514,BNS,351,1,3
6515,BNS,310,1,1
6515,BNS,309,1,2
6515,BNS,316,1,3
6516,BNS,305,1,1
6516,BNS,303,1,2
6516,BNS,331,1,3
6517,BNS,196,1,1
6518,NDPS,20,1,1
6518,NDPS,8,1,2
6519,BNS,80,1,1
6519,BNS,78,1,2
6520,MV,184,1,1
6521,BNS,196,1,1
6522,BNS,118,1,1
6522,BNS,105,1,2
6522,BNS,115,1,3
6523,BNS,111,1,1
6523,BNS,189,1,2
6524,MV,184,1,1
6524,MV,185,1,2
6525,MV,184,1,1
6526,BNS,309,1,1
6527,IT,66,1,1
6527,IT,66C,1,2
6529,BNS,318,1,1
6529,BNS,310,1,2
6529,BNS,303,1,3
6530,BNS,318,1,1
6530,BNS,338,1,2
6530,IT,66D,1,3
6532,BNS,105,1,1
6532,BNS,118,1,2
6533,BNS,309,1,1
6533,BNS,331,1,2
6534,BNS,64,1,1
6534,BNS,74,1,2
6534,BNS,85,1,3
6535,BNS,305,1,1
6536,BNS,78,1,1
6537,BNS,303,1,1
6538,NDPS,20,1,1
6538,ARMS,27,1,2
6539,BNS,105,1,1
6539,BNS,103,1,2
6540,BNS,309,1,1
6541,BNS,318,1,1
6541,BNS,338,1,2
6542,MV,184,1,1
6544,MV,184,1,1
6544,MV,185,1,2
6545,BNS,318,1,1
6545,BNS,338,1,2
6545,IT,66D,1,3
6546,BNS,316,1,1
6547,BNS,331,1,1
6548,BNS,338,1,1
6548,BNS,318,1,2
6549,BNS,310,1,1
6549,BNS,316,1,2
6550,BNS,109,1,1
6551,BNS,115,1,1
6552,BNS,316,1,1
6552,BNS,318,1,2
6552,BNS,309,1,3
6553,BNS,118,1,1
6553,BNS,115,1,2
6553,BNS,105,1,3
6555,BNS,331,1,1
6556,BNS,105,1,1
6556,BNS,118,1,2
6556,BNS,103,1,3
6557,BNS,64,1,1
6558,BNS,103,1,1
6559,BNS,331,1,1
6559,BNS,303,1,2
6559,BNS,309,1,3
6560,IT,66D,1,1
6561,PC,7,1,1
6562,NDPS,20,1,1
6563,MV,185,1,1
6563,MV,184,1,2
6564,BNS,189,1,1
6565,BNS,103,1,1
6566,BNS,305,1,1
6566,BNS,303,1,2
6567,BNS,318,1,1
6567,IT,66D,1,2
6567,BNS,338,1,3
6569,IT,66D,1,1
6570,NDPS,8,1,1
6570,NDPS,21,1,2
6570,ARMS,27,1,3
6571,BNS,196,1,1
6571,BNS,351,1,2
6571,BNS,191,1,3
6572,BNS,316,1,1
6572,BNS,305,1,2
6572,BNS,318,1,3
6573,BNS,316,1,1
6574,BNS,309,1,1
6574,BNS,318,1,2
6575,IT,66D,1,1
6575,BNS,318,1,2
6576,IT,66D,1,1
6576,BNS,338,1,2
6576,BNS,318,1,3
6577,BNS,303,1,1
6578,BNS,111,1,1
6578,BNS,191,1,2
6579,BNS,338,1,1
6579,BNS,318,1,2
6580,BNS,316,1,1
6580,BNS,309,1,2
6581,BNS,316,1,1
6582,BNS,103,1,1
6583,BNS,305,1,1
6583,BNS,310,1,2
6584,BNS,118,1,1
6584,BNS,105,1,2
6584,BNS,103,1,3
6585,BNS,309,1,1
6586,BNS,85,1,1
6586,BNS,80,1,2
6587,BNS,85,1,1
6587,BNS,64,1,2
6587,BNS,78,1,3
6588,BNS,189,1,1
6588,BNS,112,1,2
6589,MV,185,1,1
6590,BNS,331,1,1
6590,BNS,305,1,2
6590,BNS,309,1,3
6591,IT,66D,1,1
6591,BNS,338,1,2
6591,BNS,318,1,3
6592,BNS,338,1,1
6592,BNS,318,1,2
6592,IT,66D,1,3
6594,BNS,305,1,1
6594,BNS,309,1,2
6594,BNS,310,1,3
6595,BNS,338,1,1
6595,IT,66D,1,2
6595,BNS,318,1,3
6596,BNS,109,1,1
6596,BNS,118,1,2
6596,BNS,103,1,3
6597,BNS,305,1,1
6597,BNS,331,1,2
6597,BNS,309,1,3
6598,BNS,103,1,1
6599,BNS,309,1,1
6599,BNS,310,1,2
6600,BNS,74,1,1
6600,BNS,64,1,2
6601,BNS,309,1,1
6601,BNS,310,1,2
6602,BNS,316,1,1
6602,BNS,309,1,2
6603,NDPS,8,1,1
6603,NDPS,20,1,2
6603,NDPS,21,1,3
6604,BNS,316,1,1
6604,BNS,331,1,2
6604,BNS,305,1,3
6605,BNS,318,1,1
6605,BNS,316,1,2
6605,BNS,303,1,3
6606,BNS,80,1,1
6606,BNS,64,1,2
6607,BNS,338,1,1
6608,BNS,309,1,1
6609,BNS,112,1,1
6610,BNS,318,1,1
6611,NDPS,8,1,1
6612,BNS,64,1,1
6612,BNS,80,1,2
6612,BNS,140,1,3
6613,BNS,305,1,1
6614,BNS,331,1,1
6614,BNS,303,1,2
6614,BNS,305,1,3
6615,IT,66D,1,1
6615,BNS,338,1,2
6616,BNS,316,1,1
6616,BNS,331,1,2
6617,ARMS,27,1,1
6618,MV,184,1,1
6619,BNS,109,1,1
6620,BNS,331,1,1
6620,BNS,309,1,2
6620,BNS,318,1,3
6621,BNS,115,1,1
6622,MV,185,1,1
6623,BNS,331,1,1
6623,BNS,316,1,2
6624,BNS,316,1,1
6624,BNS,303,1,2
6624,BNS,331,1,3
6625,BNS,115,1,1
6626,BNS,318,1,1
6626,BNS,331,1,2
6627,BNS,316,1,1
6628,BNS,309,1,1
6629,BNS,74,1,1
6629,BNS,80,1,2
6630,BNS,109,1,1
6630,BNS,118,1,2
6631,PC,7,1,1
6632,BNS,338,1,1
6632,BNS,318,1,2
6632,IT,66D,1,3
6633,BNS,310,1,1
6633,BNS,331,1,2
6634,BNS,103,1,1
6635,BNS,316,1,1
6635,BNS,331,1,2
6635,BNS,309,1,3
6636,BNS,305,1,1
6637,BNS,303,1,1
6638,BNS,303,1,1
6639,BNS,103,1,1
6640,BNS,316,1,1
6640,BNS,305,1,2
6640,BNS,318,1,3
6641,BNS,115,1,1
6641,BNS,105,1,2
6642,BNS,118,1,1
6643,MV,184,1,1
6644,BNS,331,1,1
6644,BNS,309,1,2
6646,BNS,305,1,1
6646,BNS,310,1,2
6646,BNS,316,1,3
6647,BNS,331,1,1
6647,BNS,305,1,2
6648,BNS,309,1,1
6649,BNS,331,1,1
6649,BNS,305,1,2
6649,BNS,316,1,3
6650,MV,184,1,1
6650,MV,185,1,2
6651,NDPS,21,1,1
6651,ARMS,25,1,2
6652,IT,66D,1,1
6652,BNS,318,1,2
6653,BNS,318,1,1
6654,POCSO,4,1,1
6654,POCSO,8,1,2
6654,BNS,140,1,3
6656,BNS,318,1,1
6656,BNS,305,1,2
6658,IT,66D,1,1
6658,BNS,338,1,2
6659,BNS,331,1,1
6659,BNS,316,1,2
6660,ARMS,27,1,1
6660,EXCISE,32,1,2
6661,BNS,74,1,1
6661,BNS,80,1,2
6662,ARMS,25,1,1
6662,EXCISE,32,1,2
6663,BNS,103,1,1
6663,BNS,115,1,2
6664,BNS,318,1,1
6664,BNS,316,1,2
6664,BNS,331,1,3
6665,IT,66C,1,1
6665,IT,66D,1,2
6666,BNS,316,1,1
6666,BNS,309,1,2
6666,BNS,310,1,3
6667,BNS,310,1,1
6668,BNS,118,1,1
6668,BNS,105,1,2
6668,BNS,115,1,3
6669,IT,66D,1,1
6670,BNS,64,1,1
6670,BNS,140,1,2
6671,BNS,316,1,1
6671,BNS,310,1,2
6671,BNS,331,1,3
6672,BNS,305,1,1
6672,BNS,309,1,2
6672,BNS,303,1,3
6673,MV,184,1,1
6674,BNS,305,1,1
6675,BNS,64,1,1
6676,BNS,74,1,1
6676,BNS,80,1,2
6677,BNS,303,1,1
6677,BNS,316,1,2
6677,BNS,310,1,3
6678,BNS,85,1,1
6678,BNS,78,1,2
6679,BNS,196,1,1
6679,BNS,189,1,2
6680,BNS,310,1,1
6680,BNS,303,1,2
6681,BNS,310,1,1
6682,BNS,310,1,1
6682,BNS,303,1,2
6682,BNS,331,1,3
6684,BNS,318,1,1
6684,BNS,303,1,2
6685,BNS,305,1,1
6686,BNS,338,1,1
6687,BNS,303,1,1
6688,IT,66D,1,1
6688,BNS,338,1,2
6688,BNS,318,1,3
6689,BNS,309,1,1
6690,BNS,105,1,1
6691,BNS,310,1,1
6691,BNS,331,1,2
6691,BNS,305,1,3
6692,BNS,310,1,1
6693,BNS,331,1,1
6693,BNS,309,1,2
6694,BNS,316,1,1
6695,IT,66D,1,1
6696,BNS,318,1,1
6697,BNS,109,1,1
6697,BNS,115,1,2
6697,BNS,103,1,3
6698,BNS,305,1,1
6698,BNS,303,1,2
6699,MV,184,1,1
6699,MV,185,1,2
6701,BNS,316,1,1
6701,BNS,310,1,2
6701,BNS,309,1,3
6702,ARMS,25,1,1
6703,BNS,351,1,1
6704,MV,184,1,1
6705,BNS,309,1,1
6705,BNS,331,1,2
6706,IT,66D,1,1
6706,BNS,338,1,2
6706,BNS,318,1,3
6707,IT,66D,1,1
6707,BNS,338,1,2
6708,MV,184,1,1
6709,BNS,338,1,1
6709,BNS,318,1,2
6710,ARMS,25,1,1
6711,BNS,309,1,1
6711,BNS,310,1,2
6711,BNS,316,1,3
6712,BNS,318,1,1
6713,BNS,115,1,1
6713,BNS,109,1,2
6713,BNS,118,1,3
6714,BNS,109,1,1
6714,BNS,118,1,2
6715,BNS,309,1,1
6715,BNS,310,1,2
6716,MV,184,1,1
6717,MV,185,1,1
6718,BNS,316,1,1
6719,BNS,303,1,1
6719,BNS,318,1,2
6720,BNS,305,1,1
6721,IT,66D,1,1
6721,BNS,338,1,2
6722,BNS,105,1,1
6722,BNS,103,1,2
6722,BNS,115,1,3
6723,BNS,331,1,1
6724,BNS,318,1,1
6725,ARMS,27,1,1
6726,BNS,105,1,1
6726,BNS,103,1,2
6727,BNS,318,1,1
6728,BNS,310,1,1
6728,BNS,318,1,2
6730,BNS,318,1,1
6730,BNS,338,1,2
6731,BNS,316,1,1
6731,BNS,303,1,2
6731,BNS,305,1,3
6732,BNS,74,1,1
6733,BNS,338,1,1
6733,BNS,318,1,2
6734,PC,7,1,1
6735,BNS,310,1,1
6736,NDPS,20,1,1
6737,BNS,316,1,1
6737,BNS,331,1,2
6737,BNS,309,1,3
6738,BNS,303,1,1
6739,BNS,318,1,1
6740,BNS,103,1,1
6741,BNS,316,1,1
6741,BNS,305,1,2
6741,BNS,318,1,3
6742,MV,185,1,1
6742,MV,184,1,2
6743,BNS,105,1,1
6743,BNS,118,1,2
6743,BNS,103,1,3
6744,MV,184,1,1
6745,BNS,303,1,1
6746,IT,66C,1,1
6747,BNS,316,1,1
6747,BNS,303,1,2
6748,BNS,189,1,1
6748,BNS,191,1,2
6748,BNS,111,1,3
6749,BNS,316,1,1
6749,BNS,310,1,2
6749,BNS,318,1,3
6750,BNS,318,1,1
6750,BNS,316,1,2
6751,IT,66D,1,1
6752,BNS,105,1,1
6752,BNS,103,1,2
6752,BNS,118,1,3
6753,BNS,309,1,1
6753,BNS,310,1,2
6754,BNS,305,1,1
6754,BNS,331,1,2
6755,POCSO,8,1,1
6755,BNS,140,1,2
6755,POCSO,4,1,3
6756,NDPS,8,1,1
6757,BNS,318,1,1
6758,BNS,309,1,1
6758,BNS,310,1,2
6758,BNS,303,1,3
6759,BNS,318,1,1
6759,BNS,338,1,2
6759,IT,66D,1,3
6760,BNS,111,1,1
6760,BNS,112,1,2
6760,BNS,351,1,3
6761,IT,66D,1,1
6761,BNS,318,1,2
6762,BNS,318,1,1
6762,BNS,338,1,2
6762,IT,66D,1,3
6763,BNS,189,1,1
6763,BNS,191,1,2
6765,BNS,303,1,1
6765,BNS,331,1,2
6766,BNS,118,1,1
6767,BNS,305,1,1
6767,BNS,318,1,2
6768,MV,184,1,1
6768,MV,185,1,2
6769,BNS,351,1,1
6770,MV,185,1,1
6771,NDPS,8,1,1
6771,ARMS,25,1,2
6771,EXCISE,32,1,3
6772,ARMS,27,1,1
6772,NDPS,8,1,2
6772,ARMS,25,1,3
6773,BNS,118,1,1
6773,BNS,105,1,2
6774,IT,66D,1,1
6774,BNS,318,1,2
6776,BNS,105,1,1
6776,BNS,109,1,2
6776,BNS,115,1,3
6777,EXCISE,32,1,1
6778,BNS,318,1,1
6778,BNS,316,1,2
6779,BNS,331,1,1
6780,POCSO,8,1,1
6781,BNS,305,1,1
6781,BNS,303,1,2
6782,POCSO,8,1,1
6783,BNS,112,1,1
6783,BNS,351,1,2
6783,BNS,191,1,3
6784,BNS,105,1,1
6784,BNS,115,1,2
6785,BNS,189,1,1
6786,BNS,316,1,1
6786,BNS,305,1,2
6787,BNS,318,1,1
6788,BNS,310,1,1
6789,BNS,318,1,1
6789,IT,66D,1,2
6789,BNS,338,1,3
6790,BNS,191,1,1
6790,BNS,351,1,2
6791,BNS,318,1,1
6791,BNS,316,1,2
6792,BNS,318,1,1
6792,BNS,331,1,2
6793,BNS,309,1,1
6794,BNS,64,1,1
6794,BNS,80,1,2
6794,BNS,85,1,3
6795,BNS,331,1,1
6796,BNS,109,1,1
6796,BNS,115,1,2
6796,BNS,105,1,3
6797,BNS,318,1,1
6798,MV,185,1,1
6799,BNS,318,1,1
6800,BNS,111,1,1
6800,BNS,196,1,2
6802,BNS,305,1,1
6803,BNS,331,1,1
6803,BNS,316,1,2
6803,BNS,309,1,3
6804,BNS,310,1,1
6804,BNS,309,1,2
6805,BNS,305,1,1
6806,BNS,305,1,1
6807,BNS,118,1,1
6808,MV,184,1,1
6808,MV,185,1,2
6809,BNS,305,1,1
6809,BNS,331,1,2
6810,BNS,309,1,1
6810,BNS,305,1,2
6810,BNS,318,1,3
6811,MV,184,1,1
6811,MV,185,1,2
6812,BNS,316,1,1
6813,BNS,318,1,1
6813,IT,66D,1,2
6813,BNS,338,1,3
6814,BNS,64,1,1
6814,BNS,85,1,2
6815,BNS,64,1,1
6816,BNS,303,1,1
6817,BNS,316,1,1
6817,BNS,305,1,2
6817,BNS,310,1,3
6818,MV,184,1,1
6819,BNS,115,1,1
6820,BNS,318,1,1
6821,BNS,64,1,1
6821,BNS,80,1,2
6822,BNS,78,1,1
6822,BNS,64,1,2
6823,IT,66C,1,1
6823,IT,66D,1,2
6825,BNS,316,1,1
6826,BNS,140,1,1
6826,BNS,78,1,2
6827,BNS,316,1,1
6827,BNS,303,1,2
6827,BNS,310,1,3
6828,BNS,318,1,1
6828,IT,66D,1,2
6829,BNS,80,1,1
6830,BNS,316,1,1
6830,BNS,305,1,2
6830,BNS,318,1,3
6831,ARMS,25,1,1
6831,EXCISE,32,1,2
6832,BNS,318,1,1
6832,IT,66D,1,2
6833,BNS,115,1,1
6834,IT,66D,1,1
6835,NDPS,21,1,1
6835,NDPS,20,1,2
6836,BNS,191,1,1
6836,BNS,189,1,2
6836,BNS,196,1,3
6837,MV,185,1,1
6838,BNS,115,1,1
6839,BNS,118,1,1
6840,BNS,196,1,1
6841,IT,66D,1,1
6841,BNS,338,1,2
6841,BNS,318,1,3
6842,BNS,305,1,1
6842,BNS,331,1,2
6843,NDPS,8,1,1
6843,NDPS,21,1,2
6844,IT,66C,1,1
6845,BNS,309,1,1
6845,BNS,331,1,2
6846,MV,184,1,1
6846,MV,185,1,2
6847,IT,66D,1,1
6848,NDPS,8,1,1
6849,MV,184,1,1
6850,BNS,310,1,1
6850,BNS,309,1,2
6851,NDPS,8,1,1
6851,ARMS,25,1,2
6852,BNS,318,1,1
6853,EXCISE,32,1,1
6853,ARMS,27,1,2
6853,NDPS,8,1,3
6854,BNS,309,1,1
6854,BNS,303,1,2
6855,MV,184,1,1
6855,MV,185,1,2
6856,BNS,338,1,1
6856,IT,66D,1,2
6857,BNS,140,1,1
6857,BNS,74,1,2
6858,BNS,115,1,1
6858,BNS,118,1,2
6858,BNS,109,1,3
6859,IT,66,1,1
6860,POCSO,8,1,1
6860,BNS,140,1,2
6860,POCSO,4,1,3
6861,BNS,189,1,1
6861,BNS,196,1,2
6861,BNS,112,1,3
6863,BNS,74,1,1
6863,BNS,78,1,2
6864,BNS,318,1,1
6864,IT,66D,1,2
6865,BNS,318,1,1
6865,IT,66D,1,2
6866,BNS,316,1,1
6866,BNS,303,1,2
6867,BNS,109,1,1
6867,BNS,105,1,2
6867,BNS,115,1,3
6868,BNS,310,1,1
6868,BNS,303,1,2
6868,BNS,305,1,3
6869,BNS,105,1,1
6869,BNS,109,1,2
6870,MV,184,1,1
6871,BNS,74,1,1
6872,MV,184,1,1
6872,MV,185,1,2
6873,BNS,105,1,1
6873,BNS,118,1,2
6874,BNS,318,1,1
6874,BNS,309,1,2
6874,BNS,305,1,3
6875,BNS,316,1,1
6876,IT,66D,1,1
6876,BNS,318,1,2
6877,BNS,118,1,1
6877,BNS,109,1,2
6878,BNS,305,1,1
6878,BNS,309,1,2
6879,MV,185,1,1
6881,BNS,74,1,1
6881,BNS,64,1,2
6882,BNS,316,1,1
6882,BNS,331,1,2
6885,IT,66D,1,1
6886,BNS,318,1,1
6886,BNS,331,1,2
6886,BNS,310,1,3
6887,BNS,318,1,1
6888,IT,66D,1,1
6888,IT,66,1,2
6888,IT,66C,1,3
6889,BNS,305,1,1
6889,BNS,303,1,2
6889,BNS,316,1,3
6890,MV,185,1,1
6890,MV,184,1,2
6891,BNS,338,1,1
6891,IT,66D,1,2
6891,BNS,318,1,3
6892,BNS,331,1,1
6894,BNS,310,1,1
6895,BNS,338,1,1
6896,BNS,316,1,1
6897,MV,185,1,1
6897,MV,184,1,2
6898,BNS,338,1,1
6898,BNS,318,1,2
6899,MV,185,1,1
6900,MV,185,1,1
6901,BNS,305,1,1
6901,BNS,318,1,2
6902,BNS,309,1,1
6902,BNS,310,1,2
6902,BNS,316,1,3
6903,BNS,115,1,1
6904,MV,185,1,1
6904,MV,184,1,2
6905,BNS,310,1,1
6905,BNS,318,1,2
6906,BNS,338,1,1
6907,BNS,74,1,1
6907,BNS,140,1,2
6908,BNS,105,1,1
6908,BNS,109,1,2
6908,BNS,118,1,3
6909,MV,185,1,1
6909,MV,184,1,2
6910,BNS,64,1,1
6911,BNS,309,1,1
6912,BNS,309,1,1
6912,BNS,318,1,2
6912,BNS,310,1,3
6913,POCSO,8,1,1
6913,POCSO,4,1,2
6913,BNS,140,1,3
6914,BNS,103,1,1
6914,BNS,118,1,2
6914,BNS,105,1,3
6915,BNS,103,1,1
6916,BNS,338,1,1
6916,BNS,318,1,2
6917,BNS,309,1,1
6918,BNS,309,1,1
6918,BNS,331,1,2
6918,BNS,305,1,3
6919,BNS,74,1,1
6919,BNS,85,1,2
6920,BNS,331,1,1
6920,BNS,303,1,2
6921,BNS,80,1,1
6921,BNS,78,1,2
6921,BNS,140,1,3
6922,BNS,318,1,1
6923,MV,185,1,1
6923,MV,184,1,2
6924,BNS,118,1,1
6924,BNS,105,1,2
6924,BNS,103,1,3
6925,BNS,338,1,1
6926,BNS,309,1,1
6926,BNS,310,1,2
6927,BNS,305,1,1
6928,BNS,331,1,1
6928,BNS,318,1,2
6929,BNS,196,1,1
6929,BNS,111,1,2
6929,BNS,189,1,3
6930,BNS,85,1,1
6930,BNS,140,1,2
6932,NDPS,20,1,1
6932,EXCISE,32,1,2
6932,NDPS,21,1,3
6933,NDPS,21,1,1
6933,ARMS,25,1,2
6933,ARMS,27,1,3
6934,BNS,331,1,1
6934,BNS,309,1,2
6934,BNS,318,1,3
6935,BNS,111,1,1
6935,BNS,112,1,2
6935,BNS,196,1,3
6936,POCSO,4,1,1
6936,POCSO,8,1,2
6937,BNS,318,1,1
6937,BNS,305,1,2
6937,BNS,316,1,3
6938,BNS,74,1,1
6939,MV,184,1,1
6939,MV,185,1,2
6940,BNS,303,1,1
6940,BNS,331,1,2
6940,BNS,310,1,3
6941,BNS,318,1,1
6941,BNS,310,1,2
6941,BNS,331,1,3
6942,BNS,189,1,1
6942,BNS,196,1,2
6943,IT,66,1,1
6943,IT,66D,1,2
6944,MV,185,1,1
6945,BNS,105,1,1
6945,BNS,103,1,2
6945,BNS,109,1,3
6946,BNS,103,1,1
6946,BNS,115,1,2
6947,BNS,331,1,1
6947,BNS,318,1,2
6947,BNS,310,1,3
6948,MV,184,1,1
6948,MV,185,1,2
6949,BNS,74,1,1
6949,BNS,140,1,2
6950,BNS,105,1,1
6950,BNS,115,1,2
6951,MV,185,1,1
6952,MV,184,1,1
6953,MV,184,1,1
6955,MV,184,1,1
6955,MV,185,1,2
6956,BNS,103,1,1
6956,BNS,109,1,2
6957,BNS,309,1,1
6957,BNS,318,1,2
6957,BNS,310,1,3
6958,BNS,318,1,1
6958,BNS,331,1,2
6958,BNS,303,1,3
6959,BNS,109,1,1
6959,BNS,105,1,2
6960,BNS,111,1,1
6961,BNS,310,1,1
6961,BNS,303,1,2
6962,BNS,331,1,1
6962,BNS,303,1,2
6963,IT,66D,1,1
6964,BNS,115,1,1
6965,BNS,318,1,1
6966,BNS,309,1,1
6966,BNS,331,1,2
6966,BNS,316,1,3
6967,BNS,310,1,1
6967,BNS,318,1,2
6968,BNS,305,1,1
6968,BNS,331,1,2
6968,BNS,310,1,3
6969,BNS,305,1,1
6969,BNS,303,1,2
6969,BNS,318,1,3
6970,BNS,85,1,1
6971,BNS,331,1,1
6971,BNS,310,1,2
6971,BNS,303,1,3
6972,BNS,310,1,1
6972,BNS,303,1,2
6973,MV,185,1,1
6973,MV,184,1,2
6974,MV,184,1,1
6974,MV,185,1,2
6975,MV,185,1,1
6976,IT,66,1,1
6976,IT,66D,1,2
6976,IT,66C,1,3
6977,BNS,303,1,1
6977,BNS,318,1,2
6978,BNS,316,1,1
6978,BNS,303,1,2
6979,BNS,78,1,1
6979,BNS,140,1,2
6979,BNS,80,1,3
6980,BNS,78,1,1
6980,BNS,64,1,2
6980,BNS,85,1,3
6981,MV,184,1,1
6982,BNS,331,1,1
6982,BNS,303,1,2
6983,MV,184,1,1
6983,MV,185,1,2
6984,MV,185,1,1
6985,BNS,318,1,1
6985,BNS,310,1,2
6986,BNS,310,1,1
6986,BNS,303,1,2
6986,BNS,318,1,3
6987,MV,185,1,1
6987,MV,184,1,2
6988,BNS,318,1,1
6989,BNS,331,1,1
6989,BNS,303,1,2
6990,BNS,316,1,1
6990,BNS,318,1,2
6991,BNS,305,1,1
6991,BNS,310,1,2
6993,BNS,338,1,1
6993,BNS,318,1,2
6994,BNS,112,1,1
6994,BNS,191,1,2
6994,BNS,189,1,3
6995,BNS,303,1,1
6995,BNS,305,1,2
6996,MV,185,1,1
6997,BNS,303,1,1
6997,BNS,331,1,2
6998,BNS,109,1,1
6998,BNS,118,1,2
6999,BNS,310,1,1
6999,BNS,303,1,2
7000,BNS,303,1,1
7000,BNS,316,1,2
7001,BNS,140,1,1
7001,BNS,80,1,2
7002,BNS,318,1,1
7002,BNS,338,1,2
7003,BNS,303,1,1
7004,BNS,351,1,1
7004,BNS,112,1,2
7004,BNS,189,1,3
7005,MV,184,1,1
7005,MV,185,1,2
7006,BNS,338,1,1
7007,BNS,118,1,1
7007,BNS,115,1,2
7008,BNS,316,1,1
7008,BNS,309,1,2
7008,BNS,310,1,3
7009,BNS,309,1,1
7009,BNS,316,1,2
7010,BNS,309,1,1
7010,BNS,305,1,2
7011,BNS,118,1,1
7011,BNS,105,1,2
7012,BNS,318,1,1
7012,BNS,338,1,2
7012,IT,66D,1,3
7013,POCSO,4,1,1
7013,POCSO,8,1,2
7013,BNS,140,1,3
7014,BNS,109,1,1
7014,BNS,103,1,2
7015,BNS,331,1,1
7015,BNS,318,1,2
7016,BNS,80,1,1
7016,BNS,85,1,2
7016,BNS,64,1,3
7017,MV,185,1,1
7017,MV,184,1,2
7018,BNS,316,1,1
7018,BNS,303,1,2
7019,BNS,105,1,1
7019,BNS,115,1,2
7019,BNS,103,1,3
7020,MV,184,1,1
7021,POCSO,8,1,1
7021,POCSO,4,1,2
7021,BNS,140,1,3
7022,BNS,316,1,1
7022,BNS,305,1,2
7022,BNS,303,1,3
7023,BNS,309,1,1
7023,BNS,303,1,2
7024,NDPS,8,1,1
7025,BNS,305,1,1
7026,BNS,318,1,1
7026,BNS,303,1,2
7026,BNS,331,1,3
7027,EXCISE,32,1,1
7028,BNS,196,1,1
7029,IT,66D,1,1
7030,BNS,318,1,1
7031,BNS,103,1,1
7031,BNS,109,1,2
7032,BNS,316,1,1
7032,BNS,303,1,2
7033,MV,185,1,1
7033,MV,184,1,2
7034,BNS,118,1,1
7034,BNS,109,1,2
7034,BNS,105,1,3
7035,MV,184,1,1
7035,MV,185,1,2
7036,BNS,338,1,1
7037,MV,184,1,1
7037,MV,185,1,2
7038,BNS,318,1,1
7038,BNS,303,1,2
7039,BNS,310,1,1
7039,BNS,309,1,2
7039,BNS,316,1,3
7040,NDPS,20,1,1
7040,NDPS,8,1,2
7040,ARMS,25,1,3
7041,BNS,351,1,1
7042,BNS,115,1,1
7042,BNS,103,1,2
7042,BNS,105,1,3
7043,BNS,303,1,1
7043,BNS,309,1,2
7043,BNS,331,1,3
7044,BNS,118,1,1
7044,BNS,109,1,2
7044,BNS,105,1,3
7045,BNS,318,1,1
7045,BNS,305,1,2
7046,BNS,331,1,1
7047,BNS,331,1,1
7047,BNS,316,1,2
7047,BNS,305,1,3
7048,MV,185,1,1
7049,BNS,112,1,1
7050,BNS,305,1,1
7050,BNS,331,1,2
7050,BNS,316,1,3
7051,MV,185,1,1
7052,PC,7,1,1
7053,BNS,318,1,1
7053,BNS,331,1,2
7053,BNS,303,1,3
7054,BNS,80,1,1
7054,BNS,85,1,2
7054,BNS,78,1,3
7055,BNS,103,1,1
7055,BNS,105,1,2
7055,BNS,109,1,3
7056,BNS,318,1,1
7057,IT,66D,1,1
7057,BNS,318,1,2
7057,BNS,338,1,3
7059,BNS,118,1,1
7059,BNS,103,1,2
7060,BNS,310,1,1
7061,BNS,318,1,1
7061,BNS,338,1,2
7062,BNS,64,1,1
7062,BNS,85,1,2
7062,BNS,78,1,3
7063,BNS,309,1,1
7063,BNS,316,1,2
7064,BNS,115,1,1
7064,BNS,105,1,2
7064,BNS,103,1,3
7065,MV,184,1,1
7065,MV,185,1,2
7066,BNS,316,1,1
7066,BNS,331,1,2
7066,BNS,310,1,3
7067,BNS,105,1,1
7067,BNS,103,1,2
7068,PC,7,1,1
7069,BNS,305,1,1
7069,BNS,310,1,2
7070,BNS,109,1,1
7071,BNS,189,1,1
7071,BNS,191,1,2
7072,IT,66D,1,1
7072,BNS,338,1,2
7073,BNS,338,1,1
7073,BNS,318,1,2
7073,IT,66D,1,3
7074,BNS,140,1,1
7075,MV,184,1,1
7075,MV,185,1,2
7077,BNS,309,1,1
7077,BNS,305,1,2
7078,BNS,316,1,1
7078,BNS,318,1,2
7078,BNS,305,1,3
7079,BNS,338,1,1
7079,IT,66D,1,2
7079,BNS,318,1,3
7080,MV,185,1,1
7080,MV,184,1,2
7081,BNS,196,1,1
7081,BNS,191,1,2
7082,BNS,74,1,1
7082,BNS,85,1,2
7082,BNS,64,1,3
7083,ARMS,25,1,1
7083,EXCISE,32,1,2
7085,BNS,338,1,1
7085,IT,66D,1,2
7085,BNS,318,1,3
7086,BNS,109,1,1
7086,BNS,105,1,2
7087,BNS,338,1,1
7087,IT,66D,1,2
7087,BNS,318,1,3
7089,MV,185,1,1
7090,MV,185,1,1
7091,BNS,305,1,1
7092,BNS,318,1,1
7092,IT,66D,1,2
7092,BNS,338,1,3
7093,BNS,316,1,1
7093,BNS,318,1,2
7094,ARMS,25,1,1
7094,ARMS,27,1,2
7096,IT,66D,1,1
7096,IT,66C,1,2
7097,MV,185,1,1
7098,BNS,309,1,1
7098,BNS,331,1,2
7098,BNS,305,1,3
7099,IT,66D,1,1
7100,BNS,318,1,1
7101,BNS,318,1,1
7102,BNS,303,1,1
7102,BNS,331,1,2
7102,BNS,316,1,3
7103,BNS,338,1,1
7105,IT,66D,1,1
7106,BNS,109,1,1
7107,BNS,309,1,1
7107,BNS,316,1,2
7108,IT,66D,1,1
7108,BNS,338,1,2
7109,IT,66D,1,1
7109,BNS,318,1,2
7110,BNS,189,1,1
7110,BNS,351,1,2
7110,BNS,196,1,3
7111,BNS,115,1,1
7111,BNS,105,1,2
7111,BNS,103,1,3
7112,IT,66D,1,1
7112,BNS,338,1,2
7112,BNS,318,1,3
7113,BNS,318,1,1
7113,IT,66D,1,2
7114,IT,66D,1,1
7114,BNS,318,1,2
7114,BNS,338,1,3
7115,BNS,303,1,1
7116,NDPS,20,1,1
7116,NDPS,21,1,2
7117,BNS,316,1,1
7118,IT,66D,1,1
7118,BNS,338,1,2
7119,MV,184,1,1
7120,BNS,118,1,1
7120,BNS,103,1,2
7121,MV,185,1,1
7122,MV,184,1,1
7122,MV,185,1,2
7123,MV,185,1,1
7123,MV,184,1,2
7124,MV,185,1,1
7124,MV,184,1,2
7125,IT,66,1,1
7126,BNS,303,1,1
7127,BNS,316,1,1
7127,BNS,310,1,2
7127,BNS,318,1,3
7128,IT,66D,1,1
7129,MV,184,1,1
7130,BNS,115,1,1
7131,BNS,140,1,1
7132,BNS,316,1,1
7132,BNS,331,1,2
7133,NDPS,21,1,1
7133,ARMS,27,1,2
7133,NDPS,8,1,3
7134,BNS,318,1,1
7135,MV,185,1,1
7137,BNS,318,1,1
7137,IT,66D,1,2
7137,BNS,338,1,3
7138,BNS,318,1,1
7139,MV,184,1,1
7140,BNS,331,1,1
7141,IT,66D,1,1
7141,BNS,318,1,2
7141,BNS,338,1,3
7142,BNS,115,1,1
7143,BNS,309,1,1
7143,BNS,318,1,2
7144,IT,66C,1,1
7144,IT,66,1,2
7145,IT,66C,1,1
7145,IT,66D,1,2
7146,MV,184,1,1
7147,BNS,111,1,1
7148,BNS,318,1,1
7149,BNS,316,1,1
7150,BNS,140,1,1
7151,BNS,303,1,1
7152,BNS,331,1,1
7152,BNS,303,1,2
7153,IT,66C,1,1
7153,IT,66,1,2
7153,IT,66D,1,3
7154,BNS,310,1,1
7155,MV,185,1,1
7155,MV,184,1,2
7156,BNS,305,1,1
7157,BNS,318,1,1
7157,BNS,303,1,2
7158,BNS,331,1,1
7159,BNS,118,1,1
7159,BNS,109,1,2
7159,BNS,105,1,3
7160,MV,184,1,1
7161,BNS,310,1,1
7161,BNS,331,1,2
7162,BNS,318,1,1
7162,BNS,331,1,2
7162,BNS,309,1,3
7163,ARMS,25,1,1
7163,EXCISE,32,1,2
7163,ARMS,27,1,3
7164,BNS,118,1,1
7164,BNS,109,1,2
7164,BNS,105,1,3
7165,BNS,115,1,1
7166,BNS,105,1,1
7167,BNS,105,1,1
7168,BNS,318,1,1
7168,BNS,309,1,2
7168,BNS,305,1,3
7169,BNS,316,1,1
7170,BNS,318,1,1
7171,BNS,191,1,1
7171,BNS,189,1,2
7171,BNS,112,1,3
7172,MV,185,1,1
7172,MV,184,1,2
7173,BNS,338,1,1
7174,MV,185,1,1
7174,MV,184,1,2
7175,BNS,303,1,1
7176,NDPS,20,1,1
7177,BNS,74,1,1
7178,BNS,103,1,1
7179,BNS,303,1,1
7179,BNS,316,1,2
7180,BNS,316,1,1
7180,BNS,303,1,2
7180,BNS,310,1,3
7181,BNS,303,1,1
7182,BNS,189,1,1
7182,BNS,351,1,2
7182,BNS,196,1,3
7183,BNS,318,1,1
7183,IT,66D,1,2
7183,BNS,338,1,3
7185,MV,185,1,1
7185,MV,184,1,2
7186,BNS,109,1,1
7186,BNS,118,1,2
7186,BNS,105,1,3
7187,BNS,140,1,1
7188,NDPS,8,1,1
7188,ARMS,27,1,2
7189,BNS,309,1,1
7189,BNS,331,1,2
7189,BNS,305,1,3
7190,MV,185,1,1
7190,MV,184,1,2
7191,PC,7,1,1
7192,BNS,196,1,1
7193,BNS,310,1,1
7193,BNS,309,1,2
7194,BNS,112,1,1
7194,BNS,189,1,2
7194,BNS,351,1,3
7195,BNS,115,1,1
7196,MV,184,1,1
7196,MV,185,1,2
7197,BNS,78,1,1
7198,BNS,318,1,1
7198,BNS,316,1,2
7198,BNS,309,1,3
7199,BNS,338,1,1
7199,IT,66D,1,2
7200,BNS,318,1,1
7200,IT,66D,1,2
7200,BNS,338,1,3
7201,BNS,118,1,1
7201,BNS,115,1,2
7201,BNS,109,1,3
7202,BNS,303,1,1
7202,BNS,310,1,2
7202,BNS,305,1,3
7203,BNS,331,1,1
7204,BNS,331,1,1
7204,BNS,316,1,2
7205,BNS,310,1,1
7206,BNS,189,1,1
7206,BNS,351,1,2
7206,BNS,111,1,3
7207,BNS,318,1,1
7207,BNS,338,1,2
7208,BNS,316,1,1
7208,BNS,305,1,2
7209,ARMS,25,1,1
7209,NDPS,20,1,2
7210,BNS,316,1,1
7210,BNS,309,1,2
7211,BNS,310,1,1
7211,BNS,303,1,2
7211,BNS,318,1,3
7212,BNS,338,1,1
7212,IT,66D,1,2
7213,BNS,74,1,1
7213,BNS,80,1,2
7213,BNS,140,1,3
7214,BNS,338,1,1
7215,NDPS,8,1,1
7216,BNS,74,1,1
7216,BNS,78,1,2
7216,BNS,64,1,3
7217,BNS,305,1,1
7217,BNS,303,1,2
7217,BNS,309,1,3
7218,BNS,310,1,1
7219,BNS,140,1,1
7219,BNS,64,1,2
7219,BNS,74,1,3
7220,BNS,305,1,1
7221,BNS,78,1,1
7221,BNS,85,1,2
7221,BNS,140,1,3
7222,BNS,310,1,1
7223,BNS,338,1,1
7223,BNS,318,1,2
7224,BNS,316,1,1
7224,BNS,305,1,2
7225,IT,66D,1,1
7225,BNS,318,1,2
7226,BNS,318,1,1
7226,BNS,309,1,2
7226,BNS,310,1,3
7227,BNS,318,1,1
7227,BNS,303,1,2
7227,BNS,316,1,3
7228,EXCISE,32,1,1
7228,NDPS,8,1,2
7229,BNS,318,1,1
7230,BNS,112,1,1
7230,BNS,351,1,2
7230,BNS,111,1,3
7231,BNS,78,1,1
7231,BNS,85,1,2
7232,BNS,309,1,1
7233,BNS,64,1,1
7233,BNS,85,1,2
7234,BNS,80,1,1
7234,BNS,85,1,2
7235,BNS,338,1,1
7236,MV,185,1,1
7237,BNS,316,1,1
7237,BNS,310,1,2
7237,BNS,309,1,3
7238,BNS,109,1,1
7238,BNS,118,1,2
7240,BNS,105,1,1
7241,BNS,305,1,1
7243,BNS,305,1,1
7243,BNS,309,1,2
7243,BNS,310,1,3
7244,BNS,316,1,1
7245,BNS,85,1,1
7245,BNS,80,1,2
7245,BNS,78,1,3
7246,BNS,338,1,1
7246,BNS,318,1,2
7246,IT,66D,1,3
7247,BNS,309,1,1
7247,BNS,305,1,2
7247,BNS,318,1,3
7248,BNS,318,1,1
7248,BNS,309,1,2
7249,BNS,305,1,1
7249,BNS,309,1,2
7250,MV,184,1,1
7251,BNS,338,1,1
7251,BNS,318,1,2
7251,IT,66D,1,3
7252,BNS,318,1,1
7253,BNS,318,1,1
7253,BNS,316,1,2
7254,BNS,85,1,1
7255,BNS,318,1,1
7255,BNS,338,1,2
7255,IT,66D,1,3
7256,BNS,331,1,1
7256,BNS,318,1,2
7257,BNS,310,1,1
7257,BNS,305,1,2
7258,BNS,318,1,1
7259,MV,185,1,1
7260,BNS,74,1,1
7261,IT,66D,1,1
7261,BNS,338,1,2
7261,BNS,318,1,3
7262,MV,184,1,1
7262,MV,185,1,2
7263,IT,66D,1,1
7264,BNS,80,1,1
7265,BNS,303,1,1
7265,BNS,309,1,2
7265,BNS,331,1,3
7266,BNS,140,1,1
7266,BNS,85,1,2
7266,BNS,64,1,3
7267,MV,185,1,1
7268,MV,184,1,1
7269,BNS,351,1,1
7270,BNS,318,1,1
7270,BNS,338,1,2
7271,BNS,140,1,1
7271,BNS,80,1,2
7272,BNS,351,1,1
7272,BNS,111,1,2
7273,BNS,115,1,1
7273,BNS,118,1,2
7274,BNS,64,1,1
7274,BNS,74,1,2
7274,BNS,85,1,3
7275,BNS,338,1,1
7276,IT,66C,1,1
7276,IT,66,1,2
7276,IT,66D,1,3
7277,MV,185,1,1
7278,BNS,318,1,1
7278,BNS,310,1,2
7279,BNS,64,1,1
7279,BNS,74,1,2
7279,BNS,85,1,3
7280,MV,184,1,1
7281,BNS,189,1,1
7284,IT,66C,1,1
7287,BNS,305,1,1
7287,BNS,303,1,2
7289,BNS,118,1,1
7289,BNS,109,1,2
7290,NDPS,8,1,1
7290,ARMS,25,1,2
7291,IT,66D,1,1
7291,BNS,318,1,2
7292,BNS,112,1,1
7293,BNS,115,1,1
7294,BNS,310,1,1
7294,BNS,331,1,2
7294,BNS,305,1,3
7295,MV,184,1,1
7296,NDPS,20,1,1
7296,NDPS,8,1,2
7297,BNS,303,1,1
7297,BNS,305,1,2
7298,IT,66C,1,1
7299,BNS,309,1,1
7299,BNS,331,1,2
7300,BNS,351,1,1
7301,BNS,111,1,1
7301,BNS,351,1,2
7301,BNS,189,1,3
7302,MV,185,1,1
7303,BNS,303,1,1
7304,IT,66D,1,1
7304,BNS,318,1,2
7305,BNS,112,1,1
7306,BNS,351,1,1
7306,BNS,111,1,2
7307,MV,185,1,1
7308,BNS,310,1,1
7308,BNS,305,1,2
7308,BNS,331,1,3
7309,IT,66,1,1
7309,IT,66C,1,2
7309,IT,66D,1,3
7310,BNS,103,1,1
7311,ARMS,25,1,1
7311,NDPS,21,1,2
7311,NDPS,8,1,3
7312,BNS,103,1,1
7312,BNS,118,1,2
7312,BNS,105,1,3
7313,BNS,303,1,1
7313,BNS,316,1,2
7313,BNS,318,1,3
7314,BNS,111,1,1
7314,BNS,351,1,2
7314,BNS,191,1,3
7315,BNS,316,1,1
7315,BNS,310,1,2
7315,BNS,305,1,3
7316,IT,66C,1,1
7317,MV,184,1,1
7319,PC,7,1,1
7320,BNS,338,1,1
7320,IT,66D,1,2
7320,BNS,318,1,3
7321,BNS,74,1,1
7322,IT,66D,1,1
7322,BNS,318,1,2
7322,BNS,338,1,3
7323,IT,66C,1,1
7323,IT,66D,1,2
7324,MV,184,1,1
7325,BNS,309,1,1
7325,BNS,303,1,2
7325,BNS,310,1,3
7327,IT,66D,1,1
7327,BNS,338,1,2
7327,BNS,318,1,3
7328,BNS,103,1,1
7328,BNS,115,1,2
7329,BNS,64,1,1
7329,BNS,80,1,2
7330,BNS,318,1,1
7330,BNS,316,1,2
7331,BNS,331,1,1
7331,BNS,303,1,2
7331,BNS,318,1,3
7332,MV,184,1,1
7333,BNS,140,1,1
7333,BNS,85,1,2
7333,BNS,78,1,3
7334,BNS,318,1,1
7334,BNS,338,1,2
7334,IT,66D,1,3
7335,BNS,310,1,1
7336,MV,185,1,1
7336,MV,184,1,2
7337,BNS,115,1,1
7337,BNS,105,1,2
7337,BNS,109,1,3
7338,BNS,111,1,1
7339,BNS,305,1,1
7340,BNS,189,1,1
7340,BNS,191,1,2
7340,BNS,112,1,3
7341,BNS,318,1,1
7341,BNS,309,1,2
7342,BNS,111,1,1
7342,BNS,196,1,2
7342,BNS,191,1,3
7343,MV,184,1,1
7343,MV,185,1,2
7344,BNS,189,1,1
7345,ARMS,25,1,1
7345,ARMS,27,1,2
7346,BNS,318,1,1
7347,BNS,85,1,1
7347,BNS,140,1,2
7347,BNS,78,1,3
7348,POCSO,4,1,1
7349,BNS,310,1,1
7349,BNS,316,1,2
7349,BNS,331,1,3
7350,BNS,305,1,1
7350,BNS,316,1,2
7350,BNS,310,1,3
7351,MV,184,1,1
7352,BNS,118,1,1
7352,BNS,115,1,2
7353,EXCISE,32,1,1
7354,ARMS,25,1,1
7354,NDPS,20,1,2
7354,NDPS,8,1,3
7355,NDPS,21,1,1
7355,NDPS,20,1,2
7356,BNS,309,1,1
7357,BNS,318,1,1
7358,BNS,338,1,1
7358,BNS,318,1,2
7358,IT,66D,1,3
7359,BNS,331,1,1
7359,BNS,309,1,2
7359,BNS,303,1,3
7360,MV,184,1,1
7361,BNS,105,1,1
7361,BNS,109,1,2
7361,BNS,103,1,3
7362,BNS,318,1,1
7362,BNS,305,1,2
7362,BNS,331,1,3
7363,BNS,338,1,1
7364,MV,185,1,1
7364,MV,184,1,2
7365,BNS,111,1,1
7365,BNS,191,1,2
7366,IT,66,1,1
7366,IT,66C,1,2
7367,IT,66D,1,1
7367,BNS,338,1,2
7368,BNS,80,1,1
7369,BNS,140,1,1
7369,POCSO,8,1,2
7370,BNS,316,1,1
7370,BNS,331,1,2
7371,BNS,80,1,1
7371,BNS,140,1,2
7371,BNS,85,1,3
7372,EXCISE,32,1,1
7372,NDPS,21,1,2
7373,MV,184,1,1
7375,BNS,318,1,1
7375,BNS,338,1,2
7375,IT,66D,1,3
7376,BNS,115,1,1
7377,BNS,196,1,1
7377,BNS,112,1,2
7377,BNS,111,1,3
7378,IT,66D,1,1
7378,BNS,338,1,2
7379,BNS,305,1,1
7379,BNS,318,1,2
7380,BNS,118,1,1
7381,MV,184,1,1
7382,MV,184,1,1
7383,BNS,331,1,1
7383,BNS,318,1,2
7383,BNS,305,1,3
7384,POCSO,8,1,1
7384,POCSO,4,1,2
7384,BNS,140,1,3
7385,BNS,318,1,1
7386,BNS,310,1,1
7386,BNS,316,1,2
7386,BNS,309,1,3
7387,MV,185,1,1
7387,MV,184,1,2
7388,IT,66D,1,1
7388,BNS,318,1,2
7389,BNS,310,1,1
7390,MV,185,1,1
7391,BNS,140,1,1
7391,POCSO,8,1,2
7391,POCSO,4,1,3
7392,BNS,310,1,1
7393,BNS,196,1,1
7393,BNS,111,1,2
7393,BNS,189,1,3
7394,BNS,111,1,1
7394,BNS,196,1,2
7394,BNS,351,1,3
7395,BNS,112,1,1
7395,BNS,191,1,2
7396,IT,66C,1,1
7396,IT,66D,1,2
7397,IT,66D,1,1
7398,BNS,111,1,1
7398,BNS,189,1,2
7398,BNS,191,1,3
7400,IT,66D,1,1
7401,BNS,112,1,1
7401,BNS,111,1,2
7401,BNS,189,1,3
7402,MV,185,1,1
7402,MV,184,1,2
7403,BNS,310,1,1
7403,BNS,305,1,2
7404,MV,185,1,1
7405,BNS,310,1,1
7406,PC,7,1,1
7407,BNS,309,1,1
7408,BNS,305,1,1
7408,BNS,316,1,2
7409,MV,185,1,1
7409,MV,184,1,2
7410,BNS,318,1,1
7410,BNS,310,1,2
7410,BNS,316,1,3
7411,BNS,111,1,1
7411,BNS,191,1,2
7411,BNS,351,1,3
7412,BNS,64,1,1
7412,BNS,140,1,2
7412,BNS,80,1,3
7413,EXCISE,32,1,1
7413,ARMS,25,1,2
7414,BNS,305,1,1
7414,BNS,309,1,2
7414,BNS,331,1,3
7415,BNS,309,1,1
7416,MV,185,1,1
7416,MV,184,1,2
7417,BNS,111,1,1
7417,BNS,191,1,2
7418,EXCISE,32,1,1
7419,BNS,305,1,1
7420,BNS,316,1,1
7420,BNS,318,1,2
7420,BNS,303,1,3
7421,IT,66D,1,1
7422,MV,185,1,1
7422,MV,184,1,2
7423,IT,66D,1,1
7423,BNS,338,1,2
7423,BNS,318,1,3
7424,BNS,191,1,1
7424,BNS,189,1,2
7424,BNS,111,1,3
7425,BNS,64,1,1
7425,BNS,80,1,2
7425,BNS,74,1,3
7426,MV,184,1,1
7426,MV,185,1,2
7427,BNS,80,1,1
7428,NDPS,21,1,1
7429,BNS,318,1,1
7429,IT,66D,1,2
7430,MV,184,1,1
7430,MV,185,1,2
7431,BNS,318,1,1
7431,BNS,316,1,2
7431,BNS,305,1,3
7432,MV,184,1,1
7432,MV,185,1,2
7433,BNS,338,1,1
7434,BNS,109,1,1
7434,BNS,103,1,2
7434,BNS,105,1,3
7435,BNS,331,1,1
7436,NDPS,8,1,1
7436,NDPS,20,1,2
7436,NDPS,21,1,3
7437,BNS,74,1,1
7438,BNS,331,1,1
7439,BNS,115,1,1
7439,BNS,109,1,2
7439,BNS,103,1,3
7440,BNS,310,1,1
7440,BNS,318,1,2
7441,MV,184,1,1
7442,BNS,318,1,1
7443,MV,184,1,1
7443,MV,185,1,2
7444,IT,66,1,1
7444,IT,66C,1,2
7444,IT,66D,1,3
7445,BNS,196,1,1
7445,BNS,111,1,2
7445,BNS,191,1,3
7446,BNS,338,1,1
7446,IT,66D,1,2
7447,EXCISE,32,1,1
7447,NDPS,8,1,2
7448,BNS,316,1,1
7449,IT,66D,1,1
7449,IT,66C,1,2
7449,IT,66,1,3
7450,BNS,309,1,1
7451,IT,66D,1,1
7451,BNS,318,1,2
7452,BNS,318,1,1
7452,BNS,305,1,2
7453,BNS,310,1,1
7454,MV,184,1,1
7455,BNS,331,1,1
7456,BNS,318,1,1
7457,BNS,338,1,1
7458,BNS,191,1,1
7458,BNS,112,1,2
7458,BNS,111,1,3
7459,BNS,305,1,1
7459,BNS,316,1,2
7459,BNS,309,1,3
7460,BNS,64,1,1
7460,BNS,140,1,2
7460,BNS,74,1,3
7461,BNS,316,1,1
7462,BNS,309,1,1
7463,BNS,310,1,1
7463,BNS,318,1,2
7463,BNS,303,1,3
7464,BNS,191,1,1
7464,BNS,112,1,2
7465,BNS,331,1,1
7466,BNS,305,1,1
7467,BNS,309,1,1
7467,BNS,316,1,2
7467,BNS,305,1,3
7469,IT,66D,1,1
7469,IT,66,1,2
7469,IT,66C,1,3
7470,BNS,103,1,1
7471,BNS,318,1,1
7472,BNS,140,1,1
7472,POCSO,4,1,2
7472,POCSO,8,1,3
7473,BNS,338,1,1
7473,BNS,318,1,2
7473,IT,66D,1,3
7474,BNS,318,1,1
7474,IT,66D,1,2
7474,BNS,338,1,3
7475,BNS,338,1,1
7476,POCSO,4,1,1
7476,BNS,140,1,2
7477,MV,185,1,1
7477,MV,184,1,2
7478,BNS,318,1,1
7478,BNS,316,1,2
7478,BNS,310,1,3
7479,BNS,316,1,1
7479,BNS,310,1,2
7479,BNS,309,1,3
7480,BNS,191,1,1
7481,BNS,351,1,1
7482,BNS,118,1,1
7482,BNS,103,1,2
7482,BNS,109,1,3
7483,BNS,118,1,1
7483,BNS,109,1,2
7483,BNS,105,1,3
7484,BNS,115,1,1
7484,BNS,118,1,2
7485,BNS,310,1,1
7485,BNS,331,1,2
7485,BNS,305,1,3
7486,BNS,305,1,1
7486,BNS,309,1,2
7486,BNS,316,1,3
7487,BNS,303,1,1
7487,BNS,305,1,2
7488,MV,184,1,1
7489,BNS,140,1,1
7489,BNS,80,1,2
7490,ARMS,25,1,1
7491,MV,184,1,1
7491,MV,185,1,2
7492,BNS,310,1,1
7493,BNS,111,1,1
7494,BNS,338,1,1
7495,BNS,309,1,1
7495,BNS,331,1,2
7495,BNS,318,1,3
7496,BNS,331,1,1
7497,BNS,316,1,1
7497,BNS,309,1,2
7498,NDPS,20,1,1
7499,BNS,309,1,1
7499,BNS,303,1,2
7501,BNS,331,1,1
7501,BNS,309,1,2
7501,BNS,310,1,3
7502,BNS,310,1,1
7502,BNS,303,1,2
7502,BNS,309,1,3
7503,BNS,111,1,1
7503,BNS,189,1,2
7503,BNS,196,1,3
7504,BNS,118,1,1
7504,BNS,103,1,2
7504,BNS,109,1,3
7505,BNS,191,1,1
7506,IT,66,1,1
7507,BNS,305,1,1
7508,BNS,191,1,1
7509,BNS,303,1,1
7509,BNS,318,1,2
7509,BNS,316,1,3
7510,BNS,331,1,1
7510,BNS,316,1,2
7510,BNS,305,1,3
7511,ARMS,27,1,1
7513,BNS,338,1,1
7514,BNS,309,1,1
7514,BNS,310,1,2
7516,BNS,189,1,1
7516,BNS,351,1,2
7517,BNS,318,1,1
7519,BNS,196,1,1
7520,BNS,305,1,1
7520,BNS,318,1,2
7521,IT,66,1,1
7522,MV,184,1,1
7523,BNS,305,1,1
7524,BNS,318,1,1
7524,BNS,316,1,2
7524,BNS,305,1,3
7525,BNS,305,1,1
7525,BNS,303,1,2
7528,BNS,64,1,1
7528,BNS,80,1,2
7528,BNS,78,1,3
7529,BNS,305,1,1
7529,BNS,318,1,2
7529,BNS,316,1,3
7530,BNS,118,1,1
7531,BNS,318,1,1
7531,IT,66D,1,2
7532,NDPS,20,1,1
7533,BNS,112,1,1
7534,BNS,74,1,1
7534,BNS,64,1,2
7535,IT,66C,1,1
7536,BNS,309,1,1
7536,BNS,318,1,2
7537,BNS,109,1,1
7538,BNS,85,1,1
7540,IT,66D,1,1
7541,MV,184,1,1
7542,BNS,103,1,1
7543,BNS,309,1,1
7544,IT,66D,1,1
7544,BNS,338,1,2
7544,BNS,318,1,3
7545,MV,185,1,1
7545,MV,184,1,2
7546,ARMS,27,1,1
7546,NDPS,8,1,2
7547,BNS,78,1,1
7547,BNS,85,1,2
7548,BNS,338,1,1
7548,BNS,318,1,2
7549,BNS,196,1,1
7549,BNS,189,1,2
7549,BNS,112,1,3
7550,BNS,140,1,1
7550,BNS,64,1,2
7551,BNS,303,1,1
7551,BNS,331,1,2
7552,EXCISE,32,1,1
7553,BNS,111,1,1
7553,BNS,196,1,2
7554,BNS,309,1,1
7555,BNS,310,1,1
7555,BNS,309,1,2
7556,BNS,103,1,1
7556,BNS,118,1,2
7557,NDPS,21,1,1
7557,ARMS,25,1,2
7559,BNS,318,1,1
7560,BNS,318,1,1
7561,MV,184,1,1
7561,MV,185,1,2
7562,BNS,303,1,1
7562,BNS,316,1,2
7563,EXCISE,32,1,1
7564,BNS,303,1,1
7564,BNS,318,1,2
7565,BNS,85,1,1
7566,BNS,118,1,1
7566,BNS,109,1,2
7566,BNS,115,1,3
7567,NDPS,21,1,1
7567,ARMS,27,1,2
7568,BNS,118,1,1
7568,BNS,109,1,2
7569,IT,66C,1,1
7569,IT,66D,1,2
7569,IT,66,1,3
7570,BNS,105,1,1
7570,BNS,109,1,2
7570,BNS,118,1,3
7571,BNS,318,1,1
7571,BNS,303,1,2
7572,BNS,331,1,1
7573,MV,184,1,1
7573,MV,185,1,2
7574,BNS,351,1,1
7574,BNS,112,1,2
7574,BNS,189,1,3
7575,BNS,303,1,1
7575,BNS,318,1,2
7576,IT,66,1,1
7576,IT,66C,1,2
7576,IT,66D,1,3
7577,BNS,103,1,1
7577,BNS,115,1,2
7577,BNS,105,1,3
7578,BNS,338,1,1
7578,IT,66D,1,2
7579,ARMS,25,1,1
7579,NDPS,8,1,2
7580,BNS,318,1,1
7580,IT,66D,1,2
7580,BNS,338,1,3
7581,BNS,318,1,1
7581,BNS,338,1,2
7581,IT,66D,1,3
7582,BNS,318,1,1
7582,BNS,310,1,2
7583,BNS,310,1,1
7584,BNS,303,1,1
7584,BNS,318,1,2
7585,BNS,140,1,1
7586,BNS,140,1,1
7587,BNS,318,1,1
7587,BNS,316,1,2
7588,BNS,303,1,1
7588,BNS,318,1,2
7589,MV,184,1,1
7589,MV,185,1,2
7590,BNS,351,1,1
7591,BNS,105,1,1
7591,BNS,118,1,2
7592,BNS,78,1,1
7592,BNS,140,1,2
7593,PC,7,1,1
7594,BNS,303,1,1
7594,BNS,331,1,2
7594,BNS,310,1,3
7595,MV,185,1,1
7596,BNS,80,1,1
7596,BNS,85,1,2
7596,BNS,140,1,3
7597,MV,185,1,1
7597,MV,184,1,2
7598,PC,7,1,1
7599,BNS,318,1,1
7599,BNS,305,1,2
7600,MV,184,1,1
7601,MV,184,1,1
7602,BNS,309,1,1
7602,BNS,331,1,2
7602,BNS,303,1,3
7603,BNS,318,1,1
7604,BNS,331,1,1
7604,BNS,310,1,2
7604,BNS,305,1,3
7605,BNS,338,1,1
7605,IT,66D,1,2
7606,BNS,318,1,1
7606,BNS,338,1,2
7607,BNS,189,1,1
7607,BNS,196,1,2
7607,BNS,191,1,3
7608,MV,185,1,1
7608,MV,184,1,2
7609,NDPS,20,1,1
7609,ARMS,27,1,2
7609,EXCISE,32,1,3
7610,BNS,338,1,1
7610,IT,66D,1,2
7610,BNS,318,1,3
7611,EXCISE,32,1,1
7611,ARMS,27,1,2
7612,BNS,111,1,1
7612,BNS,196,1,2
7613,BNS,318,1,1
7614,BNS,118,1,1
7614,BNS,115,1,2
7614,BNS,103,1,3
7615,NDPS,8,1,1
7615,NDPS,20,1,2
7615,EXCISE,32,1,3
7616,BNS,316,1,1
7617,ARMS,25,1,1
7617,NDPS,20,1,2
7617,NDPS,21,1,3
7618,BNS,316,1,1
7618,BNS,331,1,2
7618,BNS,310,1,3
7619,MV,185,1,1
7620,BNS,118,1,1
7622,BNS,109,1,1
7622,BNS,118,1,2
7622,BNS,115,1,3
7623,BNS,310,1,1
7623,BNS,316,1,2
7624,BNS,118,1,1
7624,BNS,105,1,2
7625,BNS,338,1,1
7626,BNS,318,1,1
7626,BNS,303,1,2
7626,BNS,331,1,3
7627,MV,185,1,1
7628,NDPS,20,1,1
7628,ARMS,27,1,2
7628,NDPS,8,1,3
7629,BNS,338,1,1
7630,MV,185,1,1
7630,MV,184,1,2
7631,BNS,331,1,1
7631,BNS,303,1,2
7632,BNS,331,1,1
7633,ARMS,25,1,1
7633,NDPS,8,1,2
7634,NDPS,21,1,1
7634,ARMS,27,1,2
7634,ARMS,25,1,3
7635,MV,185,1,1
7635,MV,184,1,2
7636,ARMS,25,1,1
7637,BNS,105,1,1
7637,BNS,103,1,2
7639,BNS,189,1,1
7640,MV,184,1,1
7642,BNS,64,1,1
7643,BNS,80,1,1
7643,BNS,78,1,2
7644,ARMS,27,1,1
7645,BNS,316,1,1
7645,BNS,310,1,2
7646,BNS,80,1,1
7647,BNS,118,1,1
7647,BNS,115,1,2
7647,BNS,109,1,3
7648,BNS,78,1,1
7648,BNS,85,1,2
7648,BNS,74,1,3
7649,BNS,105,1,1
7649,BNS,118,1,2
7649,BNS,103,1,3
7650,BNS,338,1,1
7650,BNS,318,1,2
7651,BNS,305,1,1
7652,BNS,331,1,1
7652,BNS,305,1,2
7652,BNS,309,1,3
7653,BNS,310,1,1
7654,BNS,338,1,1
7654,BNS,318,1,2
7655,BNS,318,1,1
7657,BNS,118,1,1
7657,BNS,105,1,2
7657,BNS,103,1,3
7658,BNS,309,1,1
7659,BNS,318,1,1
7660,BNS,111,1,1
7661,BNS,310,1,1
7661,BNS,316,1,2
7661,BNS,309,1,3
7662,BNS,316,1,1
7662,BNS,309,1,2
7663,MV,184,1,1
7663,MV,185,1,2
7664,BNS,189,1,1
7664,BNS,351,1,2
7665,MV,184,1,1
7666,BNS,310,1,1
7666,BNS,309,1,2
7667,BNS,338,1,1
7667,BNS,318,1,2
7667,IT,66D,1,3
7668,IT,66C,1,1
7668,IT,66D,1,2
7669,BNS,310,1,1
7669,BNS,331,1,2
7669,BNS,316,1,3
7670,BNS,318,1,1
7671,BNS,303,1,1
7672,BNS,338,1,1
7673,MV,185,1,1
7674,NDPS,21,1,1
7674,ARMS,27,1,2
7675,BNS,78,1,1
7675,BNS,85,1,2
7676,BNS,310,1,1
7676,BNS,309,1,2
7676,BNS,331,1,3
7677,BNS,196,1,1
7678,BNS,305,1,1
7678,BNS,331,1,2
7679,BNS,115,1,1
7679,BNS,118,1,2
7679,BNS,103,1,3
7680,BNS,310,1,1
7681,EXCISE,32,1,1
7681,NDPS,20,1,2
7682,BNS,191,1,1
7683,BNS,303,1,1
7684,BNS,303,1,1
7684,BNS,316,1,2
7685,BNS,105,1,1
7685,BNS,109,1,2
7686,BNS,196,1,1
7686,BNS,351,1,2
7687,BNS,80,1,1
7687,BNS,78,1,2
7687,BNS,74,1,3
7688,BNS,309,1,1
7688,BNS,331,1,2
7688,BNS,305,1,3
7689,BNS,318,1,1
7689,IT,66D,1,2
7690,BNS,318,1,1
7691,BNS,191,1,1
7691,BNS,351,1,2
7692,BNS,316,1,1
7692,BNS,305,1,2
7693,BNS,303,1,1
7693,BNS,309,1,2
7693,BNS,316,1,3
7694,BNS,310,1,1
7695,MV,185,1,1
7696,BNS,303,1,1
7696,BNS,316,1,2
7696,BNS,318,1,3
7697,BNS,309,1,1
7697,BNS,316,1,2
7697,BNS,303,1,3
7698,IT,66D,1,1
7699,IT,66D,1,1
7700,IT,66D,1,1
7700,IT,66,1,2
7701,BNS,331,1,1
7701,BNS,316,1,2
7702,BNS,103,1,1
7703,MV,184,1,1
7704,BNS,318,1,1
7704,BNS,338,1,2
7704,IT,66D,1,3
7705,MV,184,1,1
7705,MV,185,1,2
7706,BNS,331,1,1
7706,BNS,310,1,2
7707,MV,185,1,1
7707,MV,184,1,2
7708,BNS,105,1,1
7709,MV,184,1,1
7709,MV,185,1,2
7710,BNS,303,1,1
7710,BNS,309,1,2
7710,BNS,331,1,3
7711,BNS,118,1,1
7711,BNS,103,1,2
7711,BNS,105,1,3
7712,IT,66C,1,1
7713,MV,185,1,1
7713,MV,184,1,2
7714,MV,185,1,1
7715,BNS,338,1,1
7715,IT,66D,1,2
7716,BNS,111,1,1
7716,BNS,189,1,2
7716,BNS,191,1,3
7717,BNS,309,1,1
7719,BNS,309,1,1
7719,BNS,331,1,2
7720,MV,185,1,1
7720,MV,184,1,2
7721,BNS,318,1,1
7721,BNS,338,1,2
7721,IT,66D,1,3
7722,BNS,318,1,1
7723,BNS,115,1,1
7723,BNS,118,1,2
7724,BNS,191,1,1
7724,BNS,112,1,2
7724,BNS,111,1,3
7725,MV,184,1,1
7726,MV,184,1,1
7726,MV,185,1,2
7728,BNS,112,1,1
7728,BNS,191,1,2
7729,BNS,80,1,1
7729,BNS,85,1,2
7730,BNS,196,1,1
7730,BNS,111,1,2
7730,BNS,112,1,3
7731,IT,66D,1,1
7731,BNS,318,1,2
7731,BNS,338,1,3
7732,BNS,310,1,1
7732,BNS,316,1,2
7732,BNS,305,1,3
7733,BNS,318,1,1
7733,BNS,338,1,2
7734,BNS,310,1,1
7734,BNS,316,1,2
7735,IT,66D,1,1
7735,BNS,338,1,2
7737,BNS,115,1,1
7737,BNS,103,1,2
7737,BNS,105,1,3
7738,BNS,303,1,1
7739,MV,184,1,1
7740,IT,66D,1,1
7740,BNS,338,1,2
7741,ARMS,25,1,1
7742,BNS,103,1,1
7742,BNS,109,1,2
7743,BNS,338,1,1
7743,BNS,318,1,2
7743,IT,66D,1,3
7744,MV,185,1,1
7744,MV,184,1,2
7745,MV,184,1,1
7746,IT,66C,1,1
7746,IT,66,1,2
7746,IT,66D,1,3
7747,BNS,118,1,1
7748,BNS,303,1,1
7749,BNS,105,1,1
7750,BNS,80,1,1
7750,BNS,64,1,2
7750,BNS,78,1,3
7751,MV,184,1,1
7752,IT,66C,1,1
7752,IT,66,1,2
7753,BNS,309,1,1
7753,BNS,310,1,2
7753,BNS,331,1,3
7754,IT,66,1,1
7754,IT,66D,1,2
7754,IT,66C,1,3
7755,BNS,310,1,1
7757,BNS,103,1,1
7757,BNS,115,1,2
7758,ARMS,27,1,1
7758,NDPS,8,1,2
7759,BNS,316,1,1
7759,BNS,310,1,2
7760,BNS,309,1,1
7760,BNS,331,1,2
7760,BNS,318,1,3
7761,BNS,318,1,1
7763,BNS,78,1,1
7763,BNS,64,1,2
7763,BNS,140,1,3
7764,BNS,64,1,1
7764,BNS,74,1,2
7764,BNS,85,1,3
7765,BNS,338,1,1
7765,BNS,318,1,2
7765,IT,66D,1,3
7767,BNS,305,1,1
7768,BNS,191,1,1
7769,BNS,351,1,1
7770,BNS,309,1,1
7770,BNS,318,1,2
7770,BNS,331,1,3
7771,BNS,318,1,1
7771,BNS,303,1,2
7772,BNS,351,1,1
7772,BNS,112,1,2
7772,BNS,189,1,3
7773,BNS,316,1,1
7774,MV,184,1,1
7774,MV,185,1,2
7775,MV,184,1,1
7776,IT,66D,1,1
7776,BNS,318,1,2
7776,BNS,338,1,3
7778,BNS,191,1,1
7779,BNS,309,1,1
7780,BNS,331,1,1
7781,MV,185,1,1
7781,MV,184,1,2
7782,MV,184,1,1
7782,MV,185,1,2
7783,MV,185,1,1
7783,MV,184,1,2
7784,BNS,309,1,1
7785,BNS,331,1,1
7785,BNS,309,1,2
7785,BNS,303,1,3
7786,IT,66D,1,1
7787,BNS,105,1,1
7787,BNS,115,1,2
7787,BNS,109,1,3
7788,BNS,103,1,1
7788,BNS,109,1,2
7789,BNS,310,1,1
7789,BNS,305,1,2
7790,BNS,338,1,1
7792,BNS,80,1,1
7792,BNS,78,1,2
7792,BNS,85,1,3
7793,BNS,74,1,1
7793,BNS,140,1,2
7794,BNS,115,1,1
7794,BNS,103,1,2
7795,MV,185,1,1
7795,MV,184,1,2
7796,BNS,318,1,1
7796,BNS,303,1,2
7796,BNS,316,1,3
7797,BNS,309,1,1
7797,BNS,331,1,2
7797,BNS,316,1,3
7798,MV,184,1,1
7799,NDPS,20,1,1
7800,BNS,331,1,1
7800,BNS,318,1,2
7801,ARMS,27,1,1
7801,NDPS,8,1,2
7801,EXCISE,32,1,3
7802,IT,66D,1,1
7803,MV,185,1,1
7803,MV,184,1,2
7804,BNS,309,1,1
7804,BNS,305,1,2
7805,BNS,191,1,1
7805,BNS,111,1,2
7805,BNS,189,1,3
7806,BNS,309,1,1
7806,BNS,318,1,2
7806,BNS,305,1,3
7807,BNS,303,1,1
7807,BNS,331,1,2
7807,BNS,316,1,3
7808,IT,66D,1,1
7808,BNS,338,1,2
7810,BNS,316,1,1
7812,MV,184,1,1
7813,BNS,318,1,1
7813,BNS,309,1,2
7813,BNS,310,1,3
7814,BNS,351,1,1
7814,BNS,112,1,2
7814,BNS,111,1,3
7815,BNS,331,1,1
7816,BNS,112,1,1
7817,IT,66D,1,1
7818,MV,185,1,1
7819,MV,184,1,1
7820,BNS,316,1,1
7820,BNS,318,1,2
7820,BNS,309,1,3
7821,BNS,103,1,1
7822,BNS,140,1,1
7822,BNS,64,1,2
7823,BNS,305,1,1
7823,BNS,331,1,2
7823,BNS,303,1,3
7824,BNS,303,1,1
7825,BNS,338,1,1
7825,BNS,318,1,2
7826,IT,66D,1,1
7826,BNS,338,1,2
7826,BNS,318,1,3
7827,BNS,316,1,1
7827,BNS,303,1,2
7828,BNS,338,1,1
7829,ARMS,25,1,1
7829,NDPS,21,1,2
7829,NDPS,8,1,3
7831,BNS,318,1,1
7831,BNS,338,1,2
7832,BNS,351,1,1
7832,BNS,191,1,2
7832,BNS,189,1,3
7833,BNS,310,1,1
7833,BNS,305,1,2
7833,BNS,303,1,3
7834,BNS,318,1,1
7834,IT,66D,1,2
7835,BNS,309,1,1
7835,BNS,331,1,2
7836,NDPS,8,1,1
7837,BNS,318,1,1
7837,BNS,338,1,2
7837,IT,66D,1,3
7838,BNS,303,1,1
7838,BNS,309,1,2
7839,BNS,115,1,1
7839,BNS,109,1,2
7840,MV,185,1,1
7840,MV,184,1,2
7841,BNS,115,1,1
7841,BNS,105,1,2
7842,BNS,309,1,1
7843,BNS,140,1,1
7843,BNS,78,1,2
7843,BNS,85,1,3
7844,BNS,318,1,1
7844,IT,66D,1,2
7844,BNS,338,1,3
7845,BNS,118,1,1
7845,BNS,103,1,2
7845,BNS,109,1,3
7846,BNS,309,1,1
7846,BNS,305,1,2
7846,BNS,303,1,3
7847,MV,184,1,1
7848,BNS,310,1,1
7849,MV,184,1,1
7850,BNS,338,1,1
7850,BNS,318,1,2
7850,IT,66D,1,3
7851,BNS,318,1,1
7852,BNS,303,1,1
7853,BNS,310,1,1
7853,BNS,309,1,2
7854,BNS,310,1,1
7854,BNS,305,1,2
7854,BNS,303,1,3
7855,BNS,310,1,1
7855,BNS,303,1,2
7855,BNS,305,1,3
7856,BNS,305,1,1
7857,MV,185,1,1
7859,BNS,338,1,1
7859,IT,66D,1,2
7860,MV,184,1,1
7861,BNS,338,1,1
7862,BNS,331,1,1
7862,BNS,316,1,2
7862,BNS,303,1,3
7863,BNS,140,1,1
7864,BNS,109,1,1
7864,BNS,115,1,2
7865,BNS,318,1,1
7866,BNS,112,1,1
7866,BNS,351,1,2
7866,BNS,111,1,3
7867,MV,185,1,1
7868,BNS,331,1,1
7868,BNS,305,1,2
7868,BNS,303,1,3
7869,BNS,331,1,1
7869,BNS,305,1,2
7870,BNS,303,1,1
7871,BNS,78,1,1
7871,BNS,140,1,2
7872,BNS,318,1,1
7872,BNS,338,1,2
7873,BNS,80,1,1
7874,IT,66D,1,1
7875,MV,184,1,1
7875,MV,185,1,2
7876,ARMS,27,1,1
7876,NDPS,20,1,2
7876,NDPS,8,1,3
7877,POCSO,4,1,1
7877,BNS,140,1,2
7877,POCSO,8,1,3
7878,BNS,189,1,1
7879,BNS,305,1,1
7880,MV,185,1,1
7880,MV,184,1,2
7881,BNS,303,1,1
7881,BNS,305,1,2
7882,BNS,115,1,1
7882,BNS,105,1,2
7884,BNS,309,1,1
7884,BNS,316,1,2
7885,BNS,338,1,1
7885,IT,66D,1,2
7885,BNS,318,1,3
7886,MV,184,1,1
7887,BNS,109,1,1
7888,BNS,103,1,1
7888,BNS,109,1,2
7889,MV,185,1,1
7889,MV,184,1,2
7890,BNS,310,1,1
7890,BNS,331,1,2
7890,BNS,303,1,3
7891,BNS,189,1,1
7891,BNS,111,1,2
7893,BNS,331,1,1
7894,IT,66D,1,1
7895,ARMS,27,1,1
7895,ARMS,25,1,2
7896,BNS,316,1,1
7896,BNS,309,1,2
7896,BNS,318,1,3
7897,BNS,318,1,1
7897,IT,66D,1,2
7898,BNS,305,1,1
7898,BNS,316,1,2
7898,BNS,318,1,3
7899,BNS,305,1,1
7899,BNS,331,1,2
7900,BNS,331,1,1
7900,BNS,303,1,2
7901,BNS,196,1,1
7902,BNS,318,1,1
7902,BNS,303,1,2
7903,BNS,318,1,1
7903,BNS,338,1,2
7903,IT,66D,1,3
7904,BNS,309,1,1
7905,BNS,310,1,1
7906,BNS,74,1,1
7907,MV,184,1,1
7907,MV,185,1,2
7908,MV,185,1,1
7908,MV,184,1,2
7909,BNS,85,1,1
7909,BNS,140,1,2
7910,ARMS,27,1,1
7910,NDPS,8,1,2
7910,NDPS,21,1,3
7911,IT,66,1,1
7912,MV,184,1,1
7913,BNS,310,1,1
7913,BNS,305,1,2
7914,BNS,103,1,1
7915,BNS,318,1,1
7916,MV,184,1,1
7917,BNS,331,1,1
7918,MV,185,1,1
7919,BNS,318,1,1
7919,BNS,303,1,2
7919,BNS,331,1,3
7920,BNS,189,1,1
7921,BNS,351,1,1
7921,BNS,112,1,2
7922,IT,66D,1,1
7923,BNS,196,1,1
7923,BNS,111,1,2
7924,BNS,318,1,1
7924,BNS,305,1,2
7924,BNS,309,1,3
7925,BNS,109,1,1
7925,BNS,103,1,2
7926,BNS,310,1,1
7926,BNS,309,1,2
7926,BNS,318,1,3
7927,MV,185,1,1
7927,MV,184,1,2
7928,BNS,331,1,1
7929,BNS,118,1,1
7929,BNS,105,1,2
7930,BNS,112,1,1
7931,NDPS,20,1,1
7931,EXCISE,32,1,2
7932,BNS,351,1,1
7932,BNS,191,1,2
7933,BNS,338,1,1
7933,IT,66D,1,2
7933,BNS,318,1,3
7934,BNS,331,1,1
7934,BNS,310,1,2
7934,BNS,309,1,3
7935,BNS,310,1,1
7935,BNS,303,1,2
7936,BNS,115,1,1
7936,BNS,105,1,2
7937,IT,66D,1,1
7937,BNS,318,1,2
7938,BNS,64,1,1
7938,BNS,140,1,2
7938,BNS,85,1,3
7939,BNS,331,1,1
7939,BNS,303,1,2
7940,BNS,318,1,1
7940,BNS,316,1,2
7940,BNS,310,1,3
7941,IT,66,1,1
7942,BNS,310,1,1
7943,BNS,318,1,1
7943,BNS,305,1,2
7944,EXCISE,32,1,1
7944,ARMS,25,1,2
7945,NDPS,20,1,1
7945,EXCISE,32,1,2
7945,ARMS,27,1,3
7946,BNS,310,1,1
7946,BNS,303,1,2
7947,BNS,309,1,1
7947,BNS,316,1,2
7948,IT,66D,1,1
7948,BNS,338,1,2
7949,BNS,191,1,1
7950,BNS,64,1,1
7950,BNS,78,1,2
7950,BNS,85,1,3
7951,BNS,103,1,1
7951,BNS,105,1,2
7951,BNS,115,1,3
7952,IT,66D,1,1
7953,MV,184,1,1
7953,MV,185,1,2
7954,MV,184,1,1
7955,MV,185,1,1
7956,BNS,310,1,1
7956,BNS,303,1,2
7957,BNS,303,1,1
7958,MV,185,1,1
7959,BNS,318,1,1
7959,BNS,338,1,2
7960,IT,66D,1,1
7960,IT,66,1,2
7961,NDPS,8,1,1
7962,BNS,303,1,1
7963,BNS,115,1,1
7963,BNS,109,1,2
7963,BNS,118,1,3
7965,ARMS,25,1,1
7966,MV,185,1,1
7967,BNS,318,1,1
7968,MV,184,1,1
7968,MV,185,1,2
7969,BNS,78,1,1
7969,BNS,140,1,2
7970,BNS,303,1,1
7970,BNS,310,1,2
7970,BNS,309,1,3
7971,BNS,351,1,1
7971,BNS,112,1,2
7971,BNS,191,1,3
7972,BNS,310,1,1
7972,BNS,309,1,2
7973,PC,7,1,1
7974,IT,66,1,1
7974,IT,66D,1,2
7975,IT,66D,1,1
7975,BNS,338,1,2
7976,IT,66D,1,1
7976,BNS,318,1,2
7976,BNS,338,1,3
7977,BNS,105,1,1
7977,BNS,118,1,2
7978,IT,66D,1,1
7978,BNS,338,1,2
7979,BNS,316,1,1
7979,BNS,309,1,2
7979,BNS,318,1,3
7980,BNS,309,1,1
7980,BNS,310,1,2
7981,BNS,303,1,1
7981,BNS,316,1,2
7981,BNS,305,1,3
7982,IT,66D,1,1
7982,IT,66,1,2
7983,BNS,310,1,1
7983,BNS,331,1,2
7984,BNS,316,1,1
7984,BNS,331,1,2
7984,BNS,303,1,3
7985,MV,184,1,1
7985,MV,185,1,2
7986,MV,185,1,1
7986,MV,184,1,2
7989,BNS,103,1,1
7990,BNS,191,1,1
7991,BNS,191,1,1
7991,BNS,196,1,2
7991,BNS,351,1,3
7992,BNS,74,1,1
7993,BNS,85,1,1
7993,BNS,74,1,2
7994,BNS,318,1,1
7995,BNS,318,1,1
7996,BNS,109,1,1
7997,BNS,351,1,1
7998,IT,66D,1,1
7998,BNS,318,1,2
7999,BNS,310,1,1
8001,BNS,309,1,1
8001,BNS,318,1,2
8001,BNS,310,1,3
8002,IT,66D,1,1
8002,BNS,318,1,2
8002,BNS,338,1,3
8003,BNS,309,1,1
8003,BNS,305,1,2
8003,BNS,303,1,3
8004,BNS,338,1,1
8004,BNS,318,1,2
8005,BNS,109,1,1
8005,BNS,105,1,2
8005,BNS,115,1,3
8006,BNS,109,1,1
8006,BNS,118,1,2
8006,BNS,115,1,3
8007,BNS,305,1,1
8007,BNS,318,1,2
8007,BNS,316,1,3
8008,IT,66D,1,1
8008,BNS,338,1,2
8009,BNS,78,1,1
8010,ARMS,25,1,1
8010,EXCISE,32,1,2
8011,BNS,310,1,1
8011,BNS,309,1,2
8012,BNS,316,1,1
8014,IT,66C,1,1
8014,IT,66,1,2
8014,IT,66D,1,3
8015,EXCISE,32,1,1
8016,BNS,109,1,1
8016,BNS,105,1,2
8016,BNS,115,1,3
8017,BNS,338,1,1
8017,BNS,318,1,2
8017,IT,66D,1,3
8018,BNS,103,1,1
8018,BNS,115,1,2
8018,BNS,109,1,3
8019,BNS,338,1,1
8020,IT,66D,1,1
8020,BNS,318,1,2
8020,BNS,338,1,3
8021,BNS,318,1,1
8023,BNS,331,1,1
8023,BNS,305,1,2
8024,BNS,309,1,1
8024,BNS,331,1,2
8024,BNS,316,1,3
8025,BNS,310,1,1
8026,BNS,115,1,1
8026,BNS,109,1,2
8026,BNS,103,1,3
8027,MV,185,1,1
8028,ARMS,25,1,1
8029,BNS,78,1,1
8029,BNS,85,1,2
8030,BNS,316,1,1
8030,BNS,318,1,2
8031,BNS,351,1,1
8032,NDPS,21,1,1
8033,BNS,303,1,1
8034,MV,184,1,1
8034,MV,185,1,2
8036,BNS,303,1,1
8036,BNS,305,1,2
8037,BNS,112,1,1
8038,BNS,105,1,1
8038,BNS,103,1,2
8038,BNS,109,1,3
8039,BNS,85,1,1
8039,BNS,78,1,2
8039,BNS,74,1,3
8040,BNS,338,1,1
8040,IT,66D,1,2
8040,BNS,318,1,3
8041,BNS,331,1,1
8041,BNS,309,1,2
8041,BNS,310,1,3
8042,BNS,310,1,1
8043,BNS,316,1,1
8043,BNS,331,1,2
8043,BNS,305,1,3
8044,BNS,64,1,1
8044,BNS,80,1,2
8045,BNS,305,1,1
8045,BNS,318,1,2
8046,BNS,338,1,1
8046,BNS,318,1,2
8047,BNS,331,1,1
8047,BNS,316,1,2
8048,BNS,85,1,1
8049,BNS,305,1,1
8050,ARMS,27,1,1
8050,ARMS,25,1,2
8051,BNS,316,1,1
8052,BNS,109,1,1
8052,BNS,118,1,2
8052,BNS,103,1,3
8053,BNS,105,1,1
8053,BNS,109,1,2
8053,BNS,115,1,3
8054,BNS,303,1,1
8054,BNS,310,1,2
8054,BNS,305,1,3
8055,MV,185,1,1
8055,MV,184,1,2
8056,BNS,105,1,1
8057,BNS,109,1,1
8058,BNS,105,1,1
8059,BNS,140,1,1
8059,BNS,85,1,2
8059,BNS,74,1,3
8060,BNS,118,1,1
8060,BNS,105,1,2
8060,BNS,115,1,3
8061,MV,184,1,1
8062,BNS,338,1,1
8062,IT,66D,1,2
8063,BNS,105,1,1
8064,BNS,338,1,1
8064,IT,66D,1,2
8065,BNS,309,1,1
8065,BNS,318,1,2
8065,BNS,316,1,3
8066,MV,185,1,1
8067,BNS,305,1,1
8068,NDPS,8,1,1
8069,BNS,331,1,1
8071,BNS,64,1,1
8071,BNS,80,1,2
8072,BNS,338,1,1
8072,BNS,318,1,2
8072,IT,66D,1,3
8073,BNS,318,1,1
8074,BNS,318,1,1
8074,BNS,310,1,2
8074,BNS,309,1,3
8075,BNS,78,1,1
8075,BNS,80,1,2
8076,BNS,318,1,1
8077,BNS,118,1,1
8077,BNS,115,1,2
8078,ARMS,27,1,1
8079,MV,185,1,1
8079,MV,184,1,2
8080,POCSO,8,1,1
8080,POCSO,4,1,2
8080,BNS,140,1,3
8081,BNS,85,1,1
8081,BNS,140,1,2
8082,BNS,309,1,1
8082,BNS,316,1,2
8082,BNS,303,1,3
8083,BNS,85,1,1
8083,BNS,140,1,2
8084,MV,184,1,1
8085,BNS,331,1,1
8086,BNS,78,1,1
8087,BNS,338,1,1
8087,IT,66D,1,2
8088,BNS,111,1,1
8088,BNS,112,1,2
8089,IT,66D,1,1
8089,BNS,318,1,2
8089,BNS,338,1,3
8090,MV,185,1,1
8091,MV,185,1,1
8091,MV,184,1,2
8092,BNS,74,1,1
8092,BNS,80,1,2
8092,BNS,85,1,3
8093,BNS,309,1,1
8094,BNS,310,1,1
8094,BNS,303,1,2
8095,MV,185,1,1
8095,MV,184,1,2
8096,BNS,189,1,1
8096,BNS,112,1,2
8096,BNS,196,1,3
8097,BNS,115,1,1
8097,BNS,105,1,2
8098,BNS,140,1,1
8099,BNS,318,1,1
8099,BNS,338,1,2
8099,IT,66D,1,3
8100,BNS,305,1,1
8100,BNS,318,1,2
8101,BNS,316,1,1
8102,BNS,118,1,1
8102,BNS,103,1,2
8103,BNS,316,1,1
8103,BNS,309,1,2
8104,MV,185,1,1
8105,BNS,191,1,1
8106,MV,184,1,1
8106,MV,185,1,2
8107,BNS,316,1,1
8108,BNS,64,1,1
8108,BNS,85,1,2
8109,MV,185,1,1
8109,MV,184,1,2
8111,BNS,64,1,1
8112,IT,66D,1,1
8112,BNS,338,1,2
8112,BNS,318,1,3
8113,BNS,115,1,1
8113,BNS,109,1,2
8114,BNS,303,1,1
8114,BNS,316,1,2
8115,BNS,305,1,1
8115,BNS,331,1,2
8115,BNS,316,1,3
8116,BNS,316,1,1
8117,IT,66D,1,1
8117,BNS,318,1,2
8118,BNS,112,1,1
8118,BNS,191,1,2
8119,NDPS,8,1,1
8119,ARMS,25,1,2
8119,ARMS,27,1,3
8120,BNS,310,1,1
8120,BNS,309,1,2
8120,BNS,305,1,3
8121,MV,185,1,1
8121,MV,184,1,2
8122,BNS,310,1,1
8122,BNS,331,1,2
8123,BNS,118,1,1
8123,BNS,109,1,2
8123,BNS,103,1,3
8124,ARMS,25,1,1
8125,BNS,305,1,1
8125,BNS,316,1,2
8126,IT,66D,1,1
8126,BNS,338,1,2
8127,BNS,331,1,1
8127,BNS,310,1,2
8128,BNS,305,1,1
8129,BNS,331,1,1
8129,BNS,316,1,2
8129,BNS,305,1,3
8130,BNS,310,1,1
8131,BNS,303,1,1
8131,BNS,309,1,2
8131,BNS,310,1,3
8132,BNS,105,1,1
8133,BNS,310,1,1
8134,BNS,331,1,1
8134,BNS,316,1,2
8135,BNS,310,1,1
8135,BNS,303,1,2
8135,BNS,305,1,3
8136,BNS,303,1,1
8136,BNS,310,1,2
8137,BNS,351,1,1
8137,BNS,112,1,2
8137,BNS,111,1,3
8138,BNS,309,1,1
8138,BNS,305,1,2
8139,BNS,318,1,1
8140,BNS,331,1,1
8140,BNS,305,1,2
8140,BNS,303,1,3
8141,BNS,318,1,1
8141,BNS,316,1,2
8142,BNS,316,1,1
8143,BNS,303,1,1
8143,BNS,331,1,2
8143,BNS,305,1,3
8144,MV,185,1,1
8146,PC,7,1,1
8147,IT,66,1,1
8147,IT,66D,1,2
8148,BNS,338,1,1
8148,BNS,318,1,2
8148,IT,66D,1,3
8149,BNS,78,1,1
8149,BNS,80,1,2
8150,IT,66D,1,1
8151,BNS,338,1,1
8151,BNS,318,1,2
8151,IT,66D,1,3
8152,BNS,196,1,1
8153,BNS,140,1,1
8154,BNS,64,1,1
8155,BNS,64,1,1
8156,BNS,310,1,1
8156,BNS,331,1,2
8157,BNS,191,1,1
8158,BNS,331,1,1
8159,BNS,103,1,1
8160,BNS,109,1,1
8161,BNS,115,1,1
8161,BNS,118,1,2
8162,BNS,191,1,1
8162,BNS,196,1,2
8163,BNS,112,1,1
8163,BNS,111,1,2
8163,BNS,189,1,3
8164,BNS,74,1,1
8164,BNS,64,1,2
8165,BNS,112,1,1
8165,BNS,191,1,2
8165,BNS,351,1,3
8166,MV,185,1,1
8166,MV,184,1,2
8167,BNS,305,1,1
8167,BNS,318,1,2
8167,BNS,331,1,3
8168,BNS,103,1,1
8168,BNS,115,1,2
8169,BNS,140,1,1
8169,BNS,64,1,2
8169,BNS,80,1,3
8170,BNS,338,1,1
8170,IT,66D,1,2
8171,BNS,331,1,1
8172,BNS,310,1,1
8173,BNS,80,1,1
8173,BNS,64,1,2
8173,BNS,85,1,3
8174,BNS,103,1,1
8175,BNS,305,1,1
8176,BNS,309,1,1
8176,BNS,316,1,2
8176,BNS,305,1,3
8177,BNS,305,1,1
8177,BNS,310,1,2
8178,BNS,309,1,1
8178,BNS,303,1,2
8179,EXCISE,32,1,1
8180,MV,184,1,1
8181,BNS,310,1,1
8182,IT,66C,1,1
8183,BNS,85,1,1
8184,BNS,85,1,1
8184,BNS,140,1,2
8185,BNS,80,1,1
8185,BNS,85,1,2
8185,BNS,78,1,3
8186,BNS,331,1,1
8186,BNS,318,1,2
8186,BNS,310,1,3
8187,BNS,303,1,1
8187,BNS,316,1,2
8187,BNS,310,1,3
8188,IT,66,1,1
8188,IT,66D,1,2
8189,BNS,331,1,1
8189,BNS,305,1,2
8190,BNS,103,1,1
8191,BNS,78,1,1
8192,BNS,309,1,1
8194,IT,66D,1,1
8195,BNS,338,1,1
8195,BNS,318,1,2
8196,POCSO,4,1,1
8196,BNS,140,1,2
8196,POCSO,8,1,3
8197,BNS,115,1,1
8197,BNS,118,1,2
8198,BNS,140,1,1
8199,BNS,316,1,1
8199,BNS,309,1,2
8199,BNS,303,1,3
8200,BNS,303,1,1
8200,BNS,331,1,2
8200,BNS,318,1,3
8201,BNS,316,1,1
8201,BNS,310,1,2
8201,BNS,309,1,3
8202,BNS,303,1,1
8202,BNS,305,1,2
8202,BNS,309,1,3
8203,BNS,118,1,1
8203,BNS,105,1,2
8203,BNS,115,1,3
8204,BNS,80,1,1
8204,BNS,140,1,2
8204,BNS,85,1,3
8205,BNS,85,1,1
8205,BNS,140,1,2
8206,BNS,331,1,1
8206,BNS,316,1,2
8207,ARMS,25,1,1
8207,EXCISE,32,1,2
8208,BNS,316,1,1
8208,BNS,305,1,2
8209,BNS,305,1,1
8210,BNS,303,1,1
8210,BNS,318,1,2
8212,BNS,318,1,1
8213,BNS,105,1,1
8213,BNS,109,1,2
8214,MV,184,1,1
8214,MV,185,1,2
8215,BNS,318,1,1
8215,BNS,316,1,2
8215,BNS,303,1,3
8216,BNS,331,1,1
8216,BNS,305,1,2
8216,BNS,318,1,3
8217,IT,66D,1,1
8217,BNS,318,1,2
8217,BNS,338,1,3
8218,BNS,316,1,1
8219,NDPS,21,1,1
8219,NDPS,20,1,2
8220,BNS,310,1,1
8220,BNS,331,1,2
8220,BNS,303,1,3
8221,IT,66D,1,1
8221,BNS,318,1,2
8222,NDPS,21,1,1
8222,ARMS,25,1,2
8222,EXCISE,32,1,3
8223,BNS,64,1,1
8223,BNS,80,1,2
8223,BNS,78,1,3
8224,BNS,115,1,1
8224,BNS,118,1,2
8225,BNS,305,1,1
8225,BNS,310,1,2
8226,BNS,338,1,1
8227,BNS,331,1,1
8227,BNS,316,1,2
8227,BNS,310,1,3
8228,BNS,331,1,1
8228,BNS,310,1,2
8228,BNS,316,1,3
8229,BNS,318,1,1
8229,IT,66D,1,2
8230,BNS,316,1,1
8230,BNS,303,1,2
8231,BNS,338,1,1
8231,IT,66D,1,2
8231,BNS,318,1,3
8232,MV,185,1,1
8232,MV,184,1,2
8233,BNS,318,1,1
8233,BNS,316,1,2
8234,BNS,309,1,1
8235,BNS,309,1,1
8235,BNS,305,1,2
8236,BNS,305,1,1
8236,BNS,316,1,2
8236,BNS,309,1,3
8237,BNS,316,1,1
8237,BNS,309,1,2
8238,BNS,305,1,1
8238,BNS,316,1,2
8238,BNS,309,1,3
8239,BNS,115,1,1
8239,BNS,105,1,2
8240,BNS,351,1,1
8240,BNS,196,1,2
8241,BNS,118,1,1
8242,BNS,309,1,1
8242,BNS,310,1,2
8243,BNS,189,1,1
8243,BNS,112,1,2
8243,BNS,111,1,3
8244,BNS,309,1,1
8244,BNS,318,1,2
8244,BNS,305,1,3
8245,BNS,351,1,1
8245,BNS,196,1,2
8246,BNS,64,1,1
8247,MV,184,1,1
8248,BNS,303,1,1
8249,BNS,303,1,1
8249,BNS,331,1,2
8250,BNS,80,1,1
8250,BNS,64,1,2
8250,BNS,74,1,3
8251,BNS,103,1,1
8251,BNS,109,1,2
8251,BNS,118,1,3
8252,BNS,74,1,1
8253,BNS,316,1,1
8254,MV,185,1,1
8256,BNS,80,1,1
8257,IT,66D,1,1
8258,BNS,338,1,1
8258,IT,66D,1,2
8258,BNS,318,1,3
8259,BNS,338,1,1
8259,BNS,318,1,2
8260,BNS,118,1,1
8260,BNS,109,1,2
8260,BNS,103,1,3
8261,MV,185,1,1
8261,MV,184,1,2
8262,BNS,305,1,1
8262,BNS,303,1,2
8263,BNS,109,1,1
8263,BNS,105,1,2
8265,MV,185,1,1
8265,MV,184,1,2
8266,BNS,78,1,1
8266,BNS,64,1,2
8267,MV,185,1,1
8268,BNS,318,1,1
8268,BNS,316,1,2
8269,BNS,305,1,1
8270,BNS,191,1,1
8270,BNS,196,1,2
8271,IT,66,1,1
8272,BNS,316,1,1
8273,BNS,309,1,1
8273,BNS,316,1,2
8273,BNS,305,1,3
8274,BNS,331,1,1
8274,BNS,309,1,2
8276,BNS,305,1,1
8276,BNS,331,1,2
8277,NDPS,21,1,1
8277,ARMS,25,1,2
8278,BNS,105,1,1
8278,BNS,109,1,2
8279,MV,184,1,1
8280,MV,185,1,1
8281,BNS,189,1,1
8281,BNS,112,1,2
8282,BNS,78,1,1
8282,BNS,80,1,2
8283,BNS,105,1,1
8284,BNS,331,1,1
8285,BNS,316,1,1
8286,MV,185,1,1
8287,BNS,338,1,1
8287,IT,66D,1,2
8288,BNS,309,1,1
8288,BNS,305,1,2
8288,BNS,303,1,3
8289,NDPS,21,1,1
8289,ARMS,25,1,2
8290,BNS,331,1,1
8290,BNS,318,1,2
8290,BNS,309,1,3
8291,BNS,74,1,1
8291,BNS,78,1,2
8291,BNS,140,1,3
8292,PC,7,1,1
8293,BNS,305,1,1
8293,BNS,310,1,2
8293,BNS,331,1,3
8294,EXCISE,32,1,1
8295,BNS,316,1,1
8295,BNS,309,1,2
8295,BNS,305,1,3
8296,BNS,118,1,1
8296,BNS,115,1,2
8297,BNS,309,1,1
8298,BNS,310,1,1
8299,BNS,189,1,1
8300,BNS,309,1,1
8300,BNS,303,1,2
8300,BNS,316,1,3
8301,IT,66D,1,1
8301,BNS,338,1,2
8301,BNS,318,1,3
8302,BNS,191,1,1
8302,BNS,196,1,2
8303,BNS,331,1,1
8303,BNS,309,1,2
8303,BNS,303,1,3
8304,MV,184,1,1
8304,MV,185,1,2
8305,BNS,189,1,1
8305,BNS,111,1,2
8305,BNS,196,1,3
8306,BNS,109,1,1
8306,BNS,103,1,2
8308,MV,185,1,1
8308,MV,184,1,2
8309,BNS,318,1,1
8309,BNS,310,1,2
8310,BNS,318,1,1
8311,BNS,74,1,1
8312,ARMS,27,1,1
8313,BNS,303,1,1
8314,ARMS,27,1,1
8314,NDPS,20,1,2
8315,BNS,318,1,1
8315,BNS,316,1,2
8316,BNS,64,1,1
8316,BNS,85,1,2
8317,IT,66D,1,1
8317,IT,66,1,2
8317,IT,66C,1,3
8318,BNS,305,1,1
8319,MV,184,1,1
8320,NDPS,8,1,1
8320,EXCISE,32,1,2
8321,BNS,109,1,1
8321,BNS,118,1,2
8321,BNS,105,1,3
8322,IT,66D,1,1
8322,BNS,318,1,2
8322,BNS,338,1,3
8323,BNS,74,1,1
8324,IT,66C,1,1
8324,IT,66D,1,2
8325,ARMS,27,1,1
8325,ARMS,25,1,2
8326,MV,184,1,1
8326,MV,185,1,2
8327,BNS,316,1,1
8327,BNS,318,1,2
8327,BNS,303,1,3
8328,BNS,303,1,1
8328,BNS,309,1,2
8328,BNS,331,1,3
8329,MV,184,1,1
8330,BNS,115,1,1
8331,MV,185,1,1
8332,BNS,309,1,1
8332,BNS,316,1,2
8332,BNS,318,1,3
8333,BNS,310,1,1
8334,BNS,103,1,1
8334,BNS,118,1,2
8334,BNS,105,1,3
8335,BNS,303,1,1
8336,BNS,111,1,1
8336,BNS,112,1,2
8336,BNS,191,1,3
8337,BNS,118,1,1
8338,BNS,118,1,1
8338,BNS,109,1,2
8339,BNS,338,1,1
8339,BNS,318,1,2
8340,BNS,85,1,1
8342,NDPS,21,1,1
8342,NDPS,8,1,2
8343,BNS,80,1,1
8344,IT,66C,1,1
8344,IT,66D,1,2
8344,IT,66,1,3
8345,BNS,303,1,1
8345,BNS,310,1,2
8346,BNS,351,1,1
8346,BNS,191,1,2
8346,BNS,196,1,3
8347,IT,66,1,1
8347,IT,66D,1,2
8347,IT,66C,1,3
8348,BNS,305,1,1
8348,BNS,303,1,2
8348,BNS,310,1,3
8349,PC,7,1,1
8350,MV,185,1,1
8350,MV,184,1,2
8351,BNS,303,1,1
8351,BNS,305,1,2
8351,BNS,318,1,3
8352,BNS,316,1,1
8352,BNS,318,1,2
8352,BNS,305,1,3
8353,EXCISE,32,1,1
8353,NDPS,20,1,2
8354,BNS,318,1,1
8354,BNS,303,1,2
8354,BNS,316,1,3
8355,BNS,309,1,1
8356,BNS,303,1,1
8357,BNS,103,1,1
8357,BNS,109,1,2
8358,BNS,318,1,1
8358,IT,66D,1,2
8358,BNS,338,1,3
8359,NDPS,20,1,1
8359,NDPS,21,1,2
8360,BNS,316,1,1
8360,BNS,318,1,2
8361,ARMS,25,1,1
8361,ARMS,27,1,2
8363,BNS,318,1,1
8363,BNS,303,1,2
8363,BNS,310,1,3
8364,MV,184,1,1
8365,BNS,196,1,1
8365,BNS,111,1,2
8365,BNS,351,1,3
8366,BNS,105,1,1
8366,BNS,115,1,2
8366,BNS,118,1,3
8367,BNS,303,1,1
8367,BNS,309,1,2
8367,BNS,316,1,3
8368,BNS,331,1,1
8369,BNS,331,1,1
8369,BNS,303,1,2
8370,BNS,118,1,1
8371,BNS,316,1,1
8371,BNS,305,1,2
8372,BNS,105,1,1
8372,BNS,115,1,2
8372,BNS,118,1,3
8373,BNS,118,1,1
8373,BNS,109,1,2
8373,BNS,103,1,3
8374,MV,185,1,1
8375,BNS,111,1,1
8376,BNS,74,1,1
8376,BNS,78,1,2
8377,BNS,338,1,1
8377,IT,66D,1,2
8377,BNS,318,1,3
8378,BNS,318,1,1
8378,BNS,310,1,2
8379,BNS,115,1,1
8379,BNS,105,1,2
8379,BNS,118,1,3
8380,MV,184,1,1
8380,MV,185,1,2
8381,BNS,78,1,1
8382,IT,66D,1,1
8383,IT,66,1,1
8383,IT,66D,1,2
8384,BNS,303,1,1
8384,BNS,305,1,2
8385,BNS,316,1,1
8385,BNS,309,1,2
8386,MV,185,1,1
8386,MV,184,1,2
8387,MV,184,1,1
8387,MV,185,1,2
8388,BNS,331,1,1
8389,BNS,310,1,1
8389,BNS,331,1,2
8390,BNS,85,1,1
8390,BNS,80,1,2
8391,BNS,310,1,1
8391,BNS,316,1,2
8392,BNS,74,1,1
8392,BNS,80,1,2
8393,MV,184,1,1
8394,MV,185,1,1
8394,MV,184,1,2
8395,IT,66C,1,1
8395,IT,66D,1,2
8395,IT,66,1,3
8396,EXCISE,32,1,1
8396,ARMS,27,1,2
8397,BNS,112,1,1
8397,BNS,351,1,2
8398,BNS,112,1,1
8398,BNS,111,1,2
8398,BNS,196,1,3
8399,BNS,118,1,1
8400,BNS,316,1,1
8401,BNS,338,1,1
8401,BNS,318,1,2
8401,IT,66D,1,3
8402,BNS,191,1,1
8402,BNS,189,1,2
8403,BNS,305,1,1
8404,BNS,310,1,1
8404,BNS,305,1,2
8404,BNS,309,1,3
8405,MV,184,1,1
8405,MV,185,1,2
8406,BNS,318,1,1
8407,BNS,305,1,1
8407,BNS,318,1,2
8408,BNS,118,1,1
8408,BNS,115,1,2
8408,BNS,105,1,3
8409,NDPS,8,1,1
8409,NDPS,20,1,2
8410,BNS,310,1,1
8410,BNS,309,1,2
8410,BNS,303,1,3
8411,BNS,310,1,1
8411,BNS,303,1,2
8411,BNS,318,1,3
8412,BNS,109,1,1
8412,BNS,105,1,2
8413,BNS,112,1,1
8413,BNS,351,1,2
8414,BNS,189,1,1
8415,BNS,103,1,1
8415,BNS,105,1,2
8416,BNS,78,1,1
8417,BNS,105,1,1
8417,BNS,115,1,2
8417,BNS,103,1,3
8418,POCSO,4,1,1
8419,MV,184,1,1
8420,IT,66D,1,1
8421,MV,184,1,1
8421,MV,185,1,2
8422,BNS,85,1,1
8422,BNS,78,1,2
8422,BNS,140,1,3
8424,MV,184,1,1
8424,MV,185,1,2
8426,MV,184,1,1
8427,IT,66D,1,1
8428,BNS,115,1,1
8428,BNS,105,1,2
8429,POCSO,8,1,1
8429,POCSO,4,1,2
8429,BNS,140,1,3
8431,IT,66D,1,1
8431,BNS,318,1,2
8432,BNS,109,1,1
8433,BNS,331,1,1
8434,BNS,318,1,1
8435,BNS,318,1,1
8435,BNS,310,1,2
8436,MV,184,1,1
8437,BNS,316,1,1
8437,BNS,305,1,2
8438,BNS,118,1,1
8438,BNS,105,1,2
8439,BNS,318,1,1
8439,BNS,338,1,2
8439,IT,66D,1,3
8440,BNS,64,1,1
8441,BNS,118,1,1
8441,BNS,109,1,2
8442,MV,185,1,1
8442,MV,184,1,2
8443,BNS,310,1,1
8444,BNS,331,1,1
8444,BNS,309,1,2
8444,BNS,305,1,3
8445,BNS,318,1,1
8445,BNS,303,1,2
8446,BNS,318,1,1
8446,BNS,305,1,2
8446,BNS,309,1,3
8447,BNS,103,1,1
8447,BNS,115,1,2
8448,BNS,305,1,1
8448,BNS,309,1,2
8450,MV,184,1,1
8450,MV,185,1,2
8451,BNS,109,1,1
8451,BNS,105,1,2
8452,NDPS,20,1,1
8452,ARMS,27,1,2
8452,EXCISE,32,1,3
8453,BNS,316,1,1
8453,BNS,309,1,2
8454,BNS,305,1,1
8454,BNS,316,1,2
8455,MV,185,1,1
8456,BNS,310,1,1
8457,MV,184,1,1
8458,BNS,318,1,1
8458,BNS,303,1,2
8458,BNS,305,1,3
8459,BNS,309,1,1
8460,BNS,303,1,1
8460,BNS,316,1,2
8461,BNS,303,1,1
8462,MV,185,1,1
8463,MV,185,1,1
8463,MV,184,1,2
8464,MV,184,1,1
8464,MV,185,1,2
8466,MV,184,1,1
8467,MV,185,1,1
8468,BNS,196,1,1
8469,BNS,318,1,1
8469,BNS,303,1,2
8469,BNS,309,1,3
8470,BNS,318,1,1
8470,BNS,338,1,2
8470,IT,66D,1,3
8471,IT,66D,1,1
8472,MV,185,1,1
8473,BNS,103,1,1
8473,BNS,118,1,2
8474,IT,66D,1,1
8476,BNS,303,1,1
8477,BNS,74,1,1
8478,BNS,305,1,1
8478,BNS,318,1,2
8478,BNS,309,1,3
8479,BNS,310,1,1
8479,BNS,316,1,2
8479,BNS,309,1,3
8480,BNS,140,1,1
8480,BNS,78,1,2
8481,MV,185,1,1
8481,MV,184,1,2
8482,BNS,309,1,1
8482,BNS,310,1,2
8483,BNS,316,1,1
8483,BNS,309,1,2
8484,BNS,309,1,1
8485,BNS,78,1,1
8485,BNS,80,1,2
8485,BNS,85,1,3
8486,BNS,105,1,1
8486,BNS,109,1,2
8487,BNS,189,1,1
8488,BNS,140,1,1
8489,BNS,318,1,1
8489,BNS,338,1,2
8489,IT,66D,1,3
8490,BNS,103,1,1
8491,BNS,103,1,1
8492,MV,185,1,1
8493,BNS,305,1,1
8494,BNS,196,1,1
8495,BNS,112,1,1
8495,BNS,196,1,2
8496,NDPS,21,1,1
8496,ARMS,27,1,2
8496,NDPS,8,1,3
8497,BNS,309,1,1
8497,BNS,303,1,2
8498,BNS,109,1,1
8498,BNS,118,1,2
8499,BNS,111,1,1
8499,BNS,191,1,2
8499,BNS,112,1,3
8500,MV,185,1,1
8500,MV,184,1,2
8501,BNS,115,1,1
8501,BNS,109,1,2
8502,BNS,111,1,1
8502,BNS,191,1,2
8502,BNS,351,1,3
8503,BNS,140,1,1
8504,BNS,115,1,1
8504,BNS,105,1,2
8504,BNS,109,1,3
8505,BNS,303,1,1
8506,BNS,318,1,1
8506,BNS,338,1,2
8506,IT,66D,1,3
8507,BNS,338,1,1
8508,BNS,309,1,1
8508,BNS,310,1,2
8508,BNS,331,1,3
8510,BNS,310,1,1
8511,BNS,338,1,1
8511,BNS,318,1,2
8511,IT,66D,1,3
8513,MV,185,1,1
8514,BNS,318,1,1
8514,BNS,303,1,2
8514,BNS,305,1,3
8515,NDPS,20,1,1
8515,ARMS,25,1,2
8516,BNS,74,1,1
8516,BNS,78,1,2
8517,BNS,305,1,1
8517,BNS,318,1,2
8517,BNS,331,1,3
8518,BNS,105,1,1
8518,BNS,118,1,2
8519,EXCISE,32,1,1
8519,ARMS,27,1,2
8520,BNS,310,1,1
8520,BNS,318,1,2
8522,IT,66D,1,1
8522,BNS,318,1,2
8523,BNS,309,1,1
8523,BNS,305,1,2
8523,BNS,310,1,3
8524,BNS,318,1,1
8525,BNS,310,1,1
8525,BNS,316,1,2
8525,BNS,331,1,3
8526,BNS,331,1,1
8526,BNS,303,1,2
8526,BNS,309,1,3
8527,BNS,112,1,1
8527,BNS,111,1,2
8528,MV,185,1,1
8529,BNS,303,1,1
8530,BNS,189,1,1
8531,MV,184,1,1
8531,MV,185,1,2
8532,IT,66D,1,1
8532,BNS,318,1,2
8532,BNS,338,1,3
8533,BNS,109,1,1
8534,MV,184,1,1
8535,BNS,78,1,1
8535,BNS,64,1,2
8535,BNS,80,1,3
8536,BNS,331,1,1
8536,BNS,310,1,2
8536,BNS,303,1,3
8537,BNS,310,1,1
8537,BNS,303,1,2
8537,BNS,318,1,3
8538,BNS,318,1,1
8539,BNS,318,1,1
8539,IT,66D,1,2
8539,BNS,338,1,3
8540,BNS,109,1,1
8541,ARMS,27,1,1
8545,MV,184,1,1
8546,BNS,331,1,1
8546,BNS,318,1,2
8546,BNS,310,1,3
8547,MV,185,1,1
8548,MV,185,1,1
8548,MV,184,1,2
8549,BNS,318,1,1
8549,BNS,316,1,2
8549,BNS,310,1,3
8550,BNS,318,1,1
8550,BNS,316,1,2
8550,BNS,303,1,3
8551,BNS,305,1,1
8551,BNS,303,1,2
8552,BNS,351,1,1
8553,BNS,191,1,1
8554,MV,184,1,1
8554,MV,185,1,2
8556,ARMS,27,1,1
8556,ARMS,25,1,2
8557,MV,184,1,1
8559,MV,184,1,1
8559,MV,185,1,2
8560,ARMS,25,1,1
8560,ARMS,27,1,2
8561,IT,66D,1,1
8561,BNS,338,1,2
8562,BNS,191,1,1
8562,BNS,196,1,2
8563,BNS,78,1,1
8563,BNS,80,1,2
8564,BNS,80,1,1
8565,MV,185,1,1
8565,MV,184,1,2
8566,MV,184,1,1
8567,BNS,140,1,1
8567,BNS,85,1,2
8567,BNS,78,1,3
8568,MV,184,1,1
8568,MV,185,1,2
8569,BNS,303,1,1
8569,BNS,310,1,2
8570,MV,184,1,1
8570,MV,185,1,2
8572,MV,184,1,1
8572,MV,185,1,2
8573,BNS,189,1,1
8574,BNS,338,1,1
8574,BNS,318,1,2
8575,IT,66C,1,1
8575,IT,66,1,2
8576,BNS,305,1,1
8576,BNS,331,1,2
8576,BNS,309,1,3
8577,BNS,338,1,1
8577,IT,66D,1,2
8577,BNS,318,1,3
8578,BNS,85,1,1
8578,BNS,80,1,2
8578,BNS,78,1,3
8579,MV,185,1,1
8580,MV,184,1,1
8580,MV,185,1,2
8581,BNS,316,1,1
8581,BNS,318,1,2
8581,BNS,309,1,3
8582,BNS,78,1,1
8582,BNS,85,1,2
8583,BNS,105,1,1
8583,BNS,103,1,2
8583,BNS,115,1,3
8584,MV,185,1,1
8585,BNS,303,1,1
8585,BNS,305,1,2
8585,BNS,318,1,3
8586,MV,184,1,1
8586,MV,185,1,2
8587,BNS,303,1,1
8587,BNS,309,1,2
8588,BNS,310,1,1
8588,BNS,316,1,2
8589,BNS,318,1,1
8590,IT,66D,1,1
8591,IT,66D,1,1
8592,BNS,103,1,1
8592,BNS,118,1,2
8593,ARMS,25,1,1
8594,BNS,109,1,1
8594,BNS,115,1,2
8594,BNS,103,1,3
8595,MV,185,1,1
8597,BNS,140,1,1
8598,BNS,310,1,1
8598,BNS,303,1,2
8599,BNS,64,1,1
8600,BNS,80,1,1
8600,BNS,140,1,2
8600,BNS,78,1,3
8601,BNS,318,1,1
8601,IT,66D,1,2
8602,BNS,338,1,1
8602,IT,66D,1,2
8603,MV,184,1,1
8603,MV,185,1,2
8604,MV,185,1,1
8604,MV,184,1,2
8605,BNS,316,1,1
8605,BNS,309,1,2
8606,BNS,310,1,1
8606,BNS,318,1,2
8607,NDPS,21,1,1
8607,ARMS,25,1,2
8608,BNS,305,1,1
8608,BNS,318,1,2
8609,BNS,305,1,1
8609,BNS,309,1,2
8610,BNS,318,1,1
8610,IT,66D,1,2
8610,BNS,338,1,3
8611,IT,66C,1,1
8612,BNS,351,1,1
8614,BNS,338,1,1
8615,BNS,309,1,1
8616,BNS,78,1,1
8616,BNS,74,1,2
8616,BNS,80,1,3
8618,BNS,305,1,1
8618,BNS,318,1,2
8619,BNS,118,1,1
8619,BNS,115,1,2
8620,BNS,85,1,1
8620,BNS,74,1,2
8620,BNS,80,1,3
8621,BNS,78,1,1
8622,BNS,351,1,1
8622,BNS,112,1,2
8623,BNS,74,1,1
8624,MV,185,1,1
8624,MV,184,1,2
8625,MV,185,1,1
8626,BNS,338,1,1
8627,BNS,338,1,1
8627,IT,66D,1,2
8627,BNS,318,1,3
8628,IT,66C,1,1
8628,IT,66D,1,2
8629,BNS,115,1,1
8629,BNS,118,1,2
8629,BNS,103,1,3
8630,MV,185,1,1
8630,MV,184,1,2
8631,BNS,318,1,1
8632,BNS,318,1,1
8633,MV,185,1,1
8633,MV,184,1,2
8635,MV,185,1,1
8636,BNS,310,1,1
8636,BNS,318,1,2
8637,MV,185,1,1
8638,MV,185,1,1
8639,BNS,111,1,1
8639,BNS,189,1,2
8639,BNS,191,1,3
8640,BNS,318,1,1
8640,IT,66D,1,2
8641,BNS,318,1,1
8642,BNS,140,1,1
8642,BNS,85,1,2
8643,BNS,316,1,1
8644,BNS,303,1,1
8644,BNS,316,1,2
8645,IT,66D,1,1
8645,BNS,318,1,2
8645,BNS,338,1,3
8646,BNS,310,1,1
8647,BNS,64,1,1
8647,BNS,80,1,2
8648,BNS,118,1,1
8650,BNS,316,1,1
8651,BNS,115,1,1
8651,BNS,103,1,2
8652,BNS,309,1,1
8653,BNS,303,1,1
8653,BNS,310,1,2
8653,BNS,318,1,3
8654,BNS,109,1,1
8655,BNS,303,1,1
8656,BNS,112,1,1
8656,BNS,351,1,2
8658,BNS,303,1,1
8658,BNS,305,1,2
8658,BNS,318,1,3
8659,BNS,85,1,1
8659,BNS,140,1,2
8659,BNS,64,1,3
8660,BNS,310,1,1
8660,BNS,303,1,2
8660,BNS,309,1,3
8661,MV,185,1,1
8661,MV,184,1,2
8662,MV,185,1,1
8662,MV,184,1,2
8663,BNS,85,1,1
8663,BNS,64,1,2
8664,BNS,118,1,1
8664,BNS,109,1,2
8665,BNS,331,1,1
8666,BNS,318,1,1
8666,BNS,310,1,2
8666,BNS,316,1,3
8667,BNS,105,1,1
8667,BNS,115,1,2
8667,BNS,103,1,3
8668,BNS,310,1,1
8668,BNS,303,1,2
8669,BNS,303,1,1
8670,BNS,105,1,1
8670,BNS,118,1,2
8671,BNS,316,1,1
8672,BNS,310,1,1
8673,BNS,309,1,1
8673,BNS,331,1,2
8674,BNS,318,1,1
8675,BNS,111,1,1
8675,BNS,112,1,2
8675,BNS,189,1,3
8676,MV,184,1,1
8677,MV,184,1,1
8678,MV,185,1,1
8679,BNS,331,1,1
8679,BNS,310,1,2
8679,BNS,303,1,3
8680,BNS,303,1,1
8680,BNS,316,1,2
8680,BNS,318,1,3
8681,BNS,64,1,1
8683,IT,66D,1,1
8683,BNS,338,1,2
8684,BNS,338,1,1
8685,MV,184,1,1
8686,BNS,316,1,1
8687,BNS,310,1,1
8687,BNS,303,1,2
8687,BNS,309,1,3
8688,BNS,111,1,1
8688,BNS,196,1,2
8689,BNS,331,1,1
8689,BNS,310,1,2
8689,BNS,316,1,3
8690,BNS,309,1,1
8690,BNS,318,1,2
8690,BNS,331,1,3
8691,IT,66D,1,1
8691,IT,66C,1,2
8692,BNS,111,1,1
8692,BNS,112,1,2
8693,BNS,331,1,1
8694,MV,185,1,1
8694,MV,184,1,2
8695,MV,185,1,1
8695,MV,184,1,2
8696,BNS,310,1,1
8698,IT,66D,1,1
8698,BNS,318,1,2
8698,BNS,338,1,3
8699,BNS,338,1,1
8699,BNS,318,1,2
8700,BNS,318,1,1
8701,BNS,305,1,1
8701,BNS,309,1,2
8701,BNS,316,1,3
8703,BNS,140,1,1
8704,ARMS,25,1,1
8705,MV,185,1,1
8706,BNS,338,1,1
8706,BNS,318,1,2
8707,BNS,338,1,1
8708,BNS,109,1,1
8709,MV,184,1,1
8709,MV,185,1,2
8710,BNS,331,1,1
8711,BNS,109,1,1
8711,BNS,105,1,2
8712,BNS,316,1,1
8712,BNS,331,1,2
8712,BNS,318,1,3
8713,IT,66C,1,1
8713,IT,66D,1,2
8714,BNS,109,1,1
8714,BNS,118,1,2
8715,MV,184,1,1
8715,MV,185,1,2
8716,BNS,303,1,1
8716,BNS,305,1,2
8717,BNS,109,1,1
8717,BNS,103,1,2
8718,MV,185,1,1
8718,MV,184,1,2
8719,BNS,303,1,1
8719,BNS,318,1,2
8719,BNS,316,1,3
8720,BNS,303,1,1
8720,BNS,331,1,2
8721,BNS,115,1,1
8721,BNS,109,1,2
8722,MV,184,1,1
8723,ARMS,27,1,1
8723,EXCISE,32,1,2
8724,NDPS,20,1,1
8724,NDPS,8,1,2
8724,ARMS,25,1,3
8725,IT,66C,1,1
8725,IT,66D,1,2
8725,IT,66,1,3
8726,NDPS,20,1,1
8726,NDPS,21,1,2
8726,NDPS,8,1,3
8727,BNS,196,1,1
8728,BNS,303,1,1
8728,BNS,309,1,2
8729,BNS,80,1,1
8730,BNS,310,1,1
8730,BNS,316,1,2
8731,BNS,78,1,1
8731,BNS,64,1,2
8731,BNS,74,1,3
8732,ARMS,27,1,1
8733,BNS,338,1,1
8733,BNS,318,1,2
8733,IT,66D,1,3
8734,PC,7,1,1
8735,BNS,338,1,1
8735,BNS,318,1,2
8735,IT,66D,1,3
8736,BNS,331,1,1
8736,BNS,303,1,2
8737,BNS,103,1,1
8737,BNS,118,1,2
8738,BNS,80,1,1
8738,BNS,74,1,2
8740,BNS,318,1,1
8740,BNS,305,1,2
8740,BNS,331,1,3
8741,BNS,115,1,1
8741,BNS,109,1,2
8741,BNS,105,1,3
8742,BNS,338,1,1
8742,IT,66D,1,2
8742,BNS,318,1,3
8743,IT,66,1,1
8743,IT,66D,1,2
8743,IT,66C,1,3
8744,ARMS,25,1,1
8745,BNS,331,1,1
8746,IT,66D,1,1
8746,BNS,338,1,2
8747,BNS,191,1,1
8748,BNS,115,1,1
8749,BNS,112,1,1
8749,BNS,196,1,2
8749,BNS,351,1,3
8750,BNS,351,1,1
8750,BNS,191,1,2
8750,BNS,111,1,3
8751,BNS,191,1,1
8751,BNS,111,1,2
8752,BNS,318,1,1
8752,BNS,305,1,2
8753,MV,185,1,1
8753,MV,184,1,2
8754,BNS,331,1,1
8755,EXCISE,32,1,1
8756,BNS,309,1,1
8757,BNS,305,1,1
8757,BNS,316,1,2
8758,BNS,303,1,1
8758,BNS,309,1,2
8758,BNS,331,1,3
8759,BNS,309,1,1
8759,BNS,331,1,2
8760,BNS,338,1,1
8760,BNS,318,1,2
8761,MV,185,1,1
8762,BNS,310,1,1
8764,BNS,309,1,1
8764,BNS,305,1,2
8765,BNS,105,1,1
8766,BNS,303,1,1
8766,BNS,318,1,2
8766,BNS,305,1,3
8767,BNS,331,1,1
8768,MV,184,1,1
8768,MV,185,1,2
8769,BNS,305,1,1
8770,IT,66C,1,1
8770,IT,66,1,2
8771,BNS,112,1,1
8772,BNS,74,1,1
8772,BNS,85,1,2
8772,BNS,78,1,3
8773,NDPS,21,1,1
8773,NDPS,20,1,2
8773,ARMS,25,1,3
8774,BNS,303,1,1
8774,BNS,305,1,2
8774,BNS,310,1,3
8775,ARMS,27,1,1
8775,NDPS,20,1,2
8776,BNS,111,1,1
8776,BNS,189,1,2
8777,BNS,331,1,1
8777,BNS,310,1,2
8778,BNS,310,1,1
8778,BNS,316,1,2
8778,BNS,305,1,3
8779,BNS,318,1,1
8779,BNS,316,1,2
8779,BNS,305,1,3
8780,MV,184,1,1
8780,MV,185,1,2
8781,IT,66D,1,1
8781,IT,66,1,2
8782,BNS,105,1,1
8783,BNS,309,1,1
8784,BNS,309,1,1
8784,BNS,310,1,2
8786,BNS,318,1,1
8786,BNS,310,1,2
8787,MV,185,1,1
8787,MV,184,1,2
8788,BNS,85,1,1
8789,BNS,118,1,1
8790,BNS,351,1,1
8791,MV,184,1,1
8792,BNS,78,1,1
8793,BNS,303,1,1
8793,BNS,309,1,2
8794,BNS,310,1,1
8794,BNS,331,1,2
8795,IT,66D,1,1
8796,BNS,303,1,1
8796,BNS,309,1,2
8796,BNS,318,1,3
8797,BNS,118,1,1
8797,BNS,109,1,2
8797,BNS,103,1,3
8798,BNS,318,1,1
8798,BNS,338,1,2
8798,IT,66D,1,3
8799,BNS,309,1,1
8799,BNS,305,1,2
8799,BNS,303,1,3
8800,POCSO,4,1,1
8800,POCSO,8,1,2
8800,BNS,140,1,3
8801,BNS,115,1,1
8801,BNS,105,1,2
8802,MV,185,1,1
8803,EXCISE,32,1,1
8803,ARMS,25,1,2
8804,BNS,118,1,1
8804,BNS,105,1,2
8805,BNS,103,1,1
8805,BNS,109,1,2
8805,BNS,105,1,3
8806,BNS,74,1,1
8806,BNS,80,1,2
8806,BNS,85,1,3
8807,NDPS,21,1,1
8807,ARMS,27,1,2
8809,BNS,80,1,1
8810,BNS,351,1,1
8811,BNS,111,1,1
8811,BNS,351,1,2
8812,BNS,140,1,1
8812,BNS,74,1,2
8813,BNS,303,1,1
8813,BNS,309,1,2
8814,BNS,318,1,1
8815,BNS,331,1,1
8816,BNS,191,1,1
8817,BNS,310,1,1
8817,BNS,316,1,2
8818,MV,184,1,1
8818,MV,185,1,2
8819,BNS,318,1,1
8821,BNS,305,1,1
8821,BNS,316,1,2
8821,BNS,318,1,3
8822,BNS,305,1,1
8822,BNS,316,1,2
8822,BNS,331,1,3
8823,BNS,109,1,1
8823,BNS,105,1,2
8823,BNS,103,1,3
8824,BNS,78,1,1
8825,IT,66D,1,1
8825,BNS,318,1,2
8825,BNS,338,1,3
8826,BNS,109,1,1
8826,BNS,103,1,2
8826,BNS,118,1,3
8827,BNS,196,1,1
8827,BNS,111,1,2
8828,BNS,318,1,1
8829,BNS,80,1,1
8829,BNS,78,1,2
8830,BNS,105,1,1
8831,BNS,310,1,1
8831,BNS,309,1,2
8832,BNS,64,1,1
8833,ARMS,27,1,1
8834,BNS,305,1,1
8834,BNS,303,1,2
8835,MV,185,1,1
8836,MV,184,1,1
8836,MV,185,1,2
8837,BNS,105,1,1
8837,BNS,115,1,2
8838,BNS,338,1,1
8839,BNS,303,1,1
8839,BNS,309,1,2
8839,BNS,305,1,3
8841,BNS,318,1,1
8841,BNS,305,1,2
8841,BNS,309,1,3
8842,BNS,303,1,1
8843,BNS,303,1,1
8843,BNS,316,1,2
8844,BNS,303,1,1
8844,BNS,310,1,2
8844,BNS,331,1,3
8845,BNS,310,1,1
8845,BNS,331,1,2
8845,BNS,316,1,3
8846,BNS,305,1,1
8847,BNS,318,1,1
8847,BNS,303,1,2
8848,BNS,331,1,1
8848,BNS,310,1,2
8850,BNS,103,1,1
8851,BNS,140,1,1
8851,BNS,74,1,2
8852,BNS,318,1,1
8853,IT,66C,1,1
8853,IT,66,1,2
8854,IT,66D,1,1
8854,IT,66C,1,2
8854,IT,66,1,3
8855,BNS,64,1,1
8855,BNS,140,1,2
8856,BNS,305,1,1
8857,BNS,318,1,1
8857,BNS,303,1,2
8858,BNS,318,1,1
8858,BNS,338,1,2
8859,BNS,303,1,1
8859,BNS,309,1,2
8859,BNS,310,1,3
8860,BNS,331,1,1
8860,BNS,309,1,2
8861,BNS,318,1,1
8861,BNS,338,1,2
8861,IT,66D,1,3
8862,BNS,310,1,1
8863,BNS,310,1,1
8863,BNS,318,1,2
8864,IT,66C,1,1
8865,BNS,338,1,1
8866,MV,184,1,1
8866,MV,185,1,2
8867,BNS,105,1,1
8867,BNS,109,1,2
8868,BNS,140,1,1
8869,MV,185,1,1
8870,BNS,316,1,1
8870,BNS,305,1,2
8870,BNS,303,1,3
8871,BNS,318,1,1
8872,BNS,318,1,1
8873,BNS,309,1,1
8873,BNS,331,1,2
8874,BNS,310,1,1
8874,BNS,331,1,2
8875,BNS,105,1,1
8875,BNS,103,1,2
8876,BNS,318,1,1
8877,BNS,331,1,1
8877,BNS,310,1,2
8877,BNS,303,1,3
8878,IT,66D,1,1
8878,BNS,338,1,2
8879,MV,185,1,1
8879,MV,184,1,2
8880,BNS,338,1,1
8880,BNS,318,1,2
8880,IT,66D,1,3
8881,BNS,318,1,1
8882,BNS,118,1,1
8883,MV,185,1,1
8884,BNS,310,1,1
8884,BNS,316,1,2
8885,BNS,115,1,1
8886,IT,66D,1,1
8887,BNS,318,1,1
8887,BNS,309,1,2
8887,BNS,303,1,3
8889,BNS,310,1,1
8889,BNS,309,1,2
8890,BNS,115,1,1
8890,BNS,118,1,2
8890,BNS,103,1,3
8891,BNS,103,1,1
8891,BNS,115,1,2
8892,IT,66D,1,1
8892,BNS,318,1,2
8892,BNS,338,1,3
8893,BNS,316,1,1
8894,BNS,80,1,1
8895,BNS,309,1,1
8895,BNS,316,1,2
8895,BNS,305,1,3
8896,MV,185,1,1
8896,MV,184,1,2
8897,BNS,140,1,1
8897,BNS,74,1,2
8898,BNS,310,1,1
8898,BNS,331,1,2
8899,BNS,64,1,1
8900,BNS,189,1,1
8901,BNS,85,1,1
8902,MV,185,1,1
8902,MV,184,1,2
8903,IT,66D,1,1
8904,BNS,331,1,1
8905,IT,66D,1,1
8905,BNS,318,1,2
8906,ARMS,25,1,1
8907,ARMS,27,1,1
8907,NDPS,8,1,2
8908,BNS,338,1,1
8908,IT,66D,1,2
8909,BNS,309,1,1
8911,BNS,310,1,1
8911,BNS,331,1,2
8911,BNS,316,1,3
8912,BNS,318,1,1
8912,IT,66D,1,2
8913,BNS,338,1,1
8913,IT,66D,1,2
8914,ARMS,25,1,1
8915,BNS,331,1,1
8915,BNS,303,1,2
8915,BNS,310,1,3
8916,BNS,338,1,1
8917,BNS,318,1,1
8917,IT,66D,1,2
8917,BNS,338,1,3
8918,IT,66D,1,1
8918,BNS,338,1,2
8919,MV,185,1,1
8919,MV,184,1,2
8920,BNS,318,1,1
8920,BNS,338,1,2
8922,BNS,305,1,1
8922,BNS,318,1,2
8922,BNS,316,1,3
8923,MV,184,1,1
8923,MV,185,1,2
8924,BNS,305,1,1
8925,BNS,310,1,1
8926,BNS,305,1,1
8926,BNS,331,1,2
8927,BNS,109,1,1
8927,BNS,105,1,2
8928,BNS,318,1,1
8928,BNS,331,1,2
8929,BNS,103,1,1
8929,BNS,115,1,2
8930,BNS,318,1,1
8931,BNS,309,1,1
8931,BNS,305,1,2
8932,BNS,115,1,1
8932,BNS,103,1,2
8933,MV,184,1,1
8934,BNS,85,1,1
8934,BNS,140,1,2
8934,BNS,80,1,3
8935,BNS,338,1,1
8935,IT,66D,1,2
8935,BNS,318,1,3
8936,BNS,103,1,1
8937,BNS,109,1,1
8937,BNS,115,1,2
8937,BNS,118,1,3
8938,MV,185,1,1
8939,BNS,109,1,1
8939,BNS,103,1,2
8940,BNS,303,1,1
8940,BNS,318,1,2
8941,BNS,331,1,1
8941,BNS,305,1,2
8942,BNS,109,1,1
8942,BNS,115,1,2
8943,BNS,318,1,1
8943,IT,66D,1,2
8945,BNS,318,1,1
8945,BNS,316,1,2
8945,BNS,305,1,3
8946,BNS,303,1,1
8946,BNS,310,1,2
8947,MV,185,1,1
8947,MV,184,1,2
8948,BNS,318,1,1
8948,BNS,338,1,2
8948,IT,66D,1,3
8949,BNS,105,1,1
8950,BNS,109,1,1
8951,BNS,196,1,1
8951,BNS,112,1,2
8952,BNS,331,1,1
8953,BNS,78,1,1
8953,BNS,85,1,2
8954,BNS,303,1,1
8955,BNS,318,1,1
8956,MV,185,1,1
8956,MV,184,1,2
8957,BNS,105,1,1
8958,BNS,112,1,1
8958,BNS,351,1,2
8958,BNS,111,1,3
8959,BNS,331,1,1
8960,BNS,338,1,1
8961,BNS,118,1,1
8961,BNS,105,1,2
8961,BNS,109,1,3
8962,BNS,64,1,1
8962,BNS,85,1,2
8962,BNS,74,1,3
8964,BNS,331,1,1
8964,BNS,316,1,2
8964,BNS,318,1,3
8965,MV,185,1,1
8965,MV,184,1,2
8966,BNS,85,1,1
8966,BNS,78,1,2
8967,BNS,105,1,1
8967,BNS,109,1,2
8967,BNS,118,1,3
8968,BNS,103,1,1
8969,MV,184,1,1
8969,MV,185,1,2
8970,BNS,115,1,1
8970,BNS,105,1,2
8970,BNS,103,1,3
8971,MV,184,1,1
8972,IT,66C,1,1
8972,IT,66D,1,2
8973,BNS,316,1,1
8974,BNS,331,1,1
8974,BNS,305,1,2
8974,BNS,310,1,3
8975,BNS,189,1,1
8975,BNS,111,1,2
8976,BNS,305,1,1
8976,BNS,316,1,2
8976,BNS,331,1,3
8977,BNS,331,1,1
8979,IT,66D,1,1
8980,BNS,64,1,1
8980,BNS,140,1,2
8980,BNS,80,1,3
8981,BNS,140,1,1
8982,BNS,78,1,1
8982,BNS,64,1,2
8982,BNS,74,1,3
8983,BNS,78,1,1
8984,IT,66,1,1
8984,IT,66C,1,2
8984,IT,66D,1,3
8985,BNS,318,1,1
8985,BNS,331,1,2
8986,ARMS,27,1,1
8987,PC,7,1,1
8988,IT,66,1,1
8989,BNS,303,1,1
8989,BNS,305,1,2
8990,BNS,303,1,1
8990,BNS,318,1,2
8990,BNS,309,1,3
8991,BNS,318,1,1
8992,BNS,118,1,1
8993,BNS,115,1,1
8993,BNS,118,1,2
8994,BNS,318,1,1
8994,IT,66D,1,2
8995,BNS,305,1,1
8995,BNS,303,1,2
8995,BNS,309,1,3
8996,BNS,310,1,1
8996,BNS,309,1,2
8997,BNS,109,1,1
8998,IT,66D,1,1
8998,BNS,338,1,2
8998,BNS,318,1,3
8999,BNS,78,1,1
8999,BNS,74,1,2
8999,BNS,80,1,3
9000,BNS,109,1,1
9000,BNS,115,1,2
9001,BNS,80,1,1
9001,BNS,140,1,2
9001,BNS,78,1,3
9003,BNS,115,1,1
9003,BNS,109,1,2
9004,BNS,140,1,1
9004,BNS,64,1,2
9004,BNS,78,1,3
9005,BNS,316,1,1
9005,BNS,303,1,2
9005,BNS,318,1,3
9006,BNS,331,1,1
9006,BNS,316,1,2
9006,BNS,318,1,3
9007,BNS,305,1,1
9007,BNS,309,1,2
9008,BNS,316,1,1
9008,BNS,309,1,2
9009,BNS,310,1,1
9009,BNS,331,1,2
9010,BNS,105,1,1
9010,BNS,103,1,2
9011,BNS,316,1,1
9012,ARMS,25,1,1
9012,NDPS,8,1,2
9013,BNS,331,1,1
9013,BNS,310,1,2
9013,BNS,305,1,3
9014,BNS,103,1,1
9014,BNS,115,1,2
9015,BNS,338,1,1
9015,BNS,318,1,2
9015,IT,66D,1,3
9016,BNS,303,1,1
9017,BNS,303,1,1
9019,BNS,318,1,1
9020,BNS,318,1,1
9020,IT,66D,1,2
9020,BNS,338,1,3
9021,BNS,103,1,1
9021,BNS,118,1,2
9022,BNS,303,1,1
9023,IT,66D,1,1
9024,MV,184,1,1
9025,MV,185,1,1
9026,BNS,85,1,1
9027,BNS,331,1,1
9027,BNS,310,1,2
9027,BNS,303,1,3
9029,BNS,318,1,1
9030,BNS,189,1,1
9030,BNS,191,1,2
9032,IT,66D,1,1
9033,BNS,303,1,1
9034,BNS,105,1,1
9034,BNS,115,1,2
9034,BNS,109,1,3
9036,BNS,316,1,1
9037,IT,66D,1,1
9038,BNS,103,1,1
9038,BNS,115,1,2
9039,BNS,196,1,1
9039,BNS,111,1,2
9039,BNS,351,1,3
9040,IT,66D,1,1
9040,IT,66,1,2
9041,MV,184,1,1
9041,MV,185,1,2
9043,BNS,305,1,1
9044,BNS,109,1,1
9044,BNS,105,1,2
9045,BNS,189,1,1
9045,BNS,111,1,2
9046,BNS,118,1,1
9046,BNS,103,1,2
9046,BNS,115,1,3
9047,BNS,189,1,1
9047,BNS,351,1,2
9047,BNS,112,1,3
9048,BNS,115,1,1
9048,BNS,109,1,2
9048,BNS,118,1,3
9049,BNS,103,1,1
9049,BNS,118,1,2
9050,BNS,310,1,1
9051,IT,66,1,1
9051,IT,66C,1,2
9052,BNS,310,1,1
9052,BNS,305,1,2
9053,BNS,316,1,1
9053,BNS,318,1,2
9053,BNS,310,1,3
9054,POCSO,4,1,1
9055,BNS,338,1,1
9056,BNS,305,1,1
9056,BNS,318,1,2
9057,BNS,309,1,1
9057,BNS,303,1,2
9057,BNS,331,1,3
9058,BNS,331,1,1
9058,BNS,305,1,2
9058,BNS,316,1,3
9059,BNS,331,1,1
9060,MV,184,1,1
9060,MV,185,1,2
9061,BNS,111,1,1
9061,BNS,196,1,2
9061,BNS,112,1,3
9062,BNS,318,1,1
9063,BNS,103,1,1
9063,BNS,115,1,2
9063,BNS,109,1,3
9064,BNS,109,1,1
9064,BNS,115,1,2
9064,BNS,103,1,3
9065,BNS,305,1,1
9065,BNS,331,1,2
9065,BNS,316,1,3
9066,MV,185,1,1
9066,MV,184,1,2
9067,BNS,64,1,1
9067,BNS,85,1,2
9068,MV,185,1,1
9068,MV,184,1,2
9069,BNS,140,1,1
9070,BNS,316,1,1
9071,BNS,316,1,1
9072,BNS,331,1,1
9072,BNS,309,1,2
9072,BNS,318,1,3
9073,BNS,316,1,1
9074,BNS,78,1,1
9075,BNS,303,1,1
9075,BNS,331,1,2
9076,BNS,189,1,1
9076,BNS,112,1,2
9076,BNS,196,1,3
9077,NDPS,20,1,1
9077,NDPS,21,1,2
9078,BNS,331,1,1
9078,BNS,305,1,2
9078,BNS,310,1,3
9079,BNS,310,1,1
9079,BNS,305,1,2
9080,BNS,316,1,1
9080,BNS,318,1,2
9081,BNS,305,1,1
9081,BNS,309,1,2
9081,BNS,310,1,3
9082,BNS,318,1,1
9082,IT,66D,1,2
9082,BNS,338,1,3
9083,MV,184,1,1
9083,MV,185,1,2
9084,BNS,80,1,1
9084,BNS,78,1,2
9085,MV,185,1,1
9086,BNS,305,1,1
9087,BNS,189,1,1
9087,BNS,196,1,2
9088,MV,185,1,1
9089,IT,66D,1,1
9089,IT,66C,1,2
9089,IT,66,1,3
9090,BNS,318,1,1
9090,IT,66D,1,2
9091,ARMS,27,1,1
9092,BNS,191,1,1
9092,BNS,189,1,2
9094,BNS,316,1,1
9094,BNS,303,1,2
9095,BNS,318,1,1
9095,BNS,338,1,2
9096,BNS,305,1,1
9097,BNS,85,1,1
9098,MV,185,1,1
9098,MV,184,1,2
9099,BNS,351,1,1
9099,BNS,196,1,2
9099,BNS,112,1,3
9100,POCSO,8,1,1
9100,BNS,140,1,2
9100,POCSO,4,1,3
9101,BNS,318,1,1
9101,IT,66D,1,2
9102,BNS,140,1,1
9102,BNS,64,1,2
9103,BNS,338,1,1
9103,BNS,318,1,2
9104,BNS,318,1,1
9104,BNS,310,1,2
9104,BNS,303,1,3
9105,BNS,338,1,1
9105,IT,66D,1,2
9105,BNS,318,1,3
9106,EXCISE,32,1,1
9106,ARMS,27,1,2
9106,NDPS,20,1,3
9107,BNS,196,1,1
9107,BNS,111,1,2
9107,BNS,189,1,3
9108,BNS,309,1,1
9108,BNS,318,1,2
9109,BNS,303,1,1
9109,BNS,309,1,2
9109,BNS,331,1,3
9110,BNS,318,1,1
9110,IT,66D,1,2
9111,BNS,303,1,1
9112,BNS,109,1,1
9112,BNS,115,1,2
9113,BNS,109,1,1
9114,BNS,318,1,1
9114,IT,66D,1,2
9115,BNS,78,1,1
9115,BNS,85,1,2
9115,BNS,140,1,3
9116,BNS,103,1,1
9116,BNS,109,1,2
9116,BNS,118,1,3
9117,BNS,309,1,1
9117,BNS,310,1,2
9118,NDPS,21,1,1
9118,ARMS,25,1,2
9118,ARMS,27,1,3
9119,MV,184,1,1
9119,MV,185,1,2
9120,BNS,105,1,1
9121,BNS,103,1,1
9121,BNS,109,1,2
9121,BNS,105,1,3
9122,BNS,316,1,1
9123,BNS,109,1,1
9123,BNS,115,1,2
9124,BNS,105,1,1
9124,BNS,109,1,2
9124,BNS,118,1,3
9125,BNS,316,1,1
9125,BNS,331,1,2
9125,BNS,310,1,3
9126,BNS,316,1,1
9126,BNS,331,1,2
9126,BNS,303,1,3
9127,BNS,351,1,1
9127,BNS,112,1,2
9127,BNS,191,1,3
9128,BNS,305,1,1
9128,BNS,331,1,2
9128,BNS,310,1,3
9129,BNS,331,1,1
9130,IT,66,1,1
9130,IT,66D,1,2
9131,BNS,310,1,1
9131,BNS,318,1,2
9132,BNS,318,1,1
9132,BNS,305,1,2
9132,BNS,309,1,3
9133,MV,184,1,1
9133,MV,185,1,2
9134,BNS,309,1,1
9135,NDPS,8,1,1
9135,NDPS,21,1,2
9135,NDPS,20,1,3
9136,MV,185,1,1
9136,MV,184,1,2
9137,BNS,103,1,1
9137,BNS,109,1,2
9138,ARMS,25,1,1
9139,BNS,316,1,1
9140,MV,184,1,1
9140,MV,185,1,2
9141,BNS,310,1,1
9141,BNS,316,1,2
9142,MV,184,1,1
9143,BNS,80,1,1
9143,BNS,85,1,2
9144,BNS,351,1,1
9144,BNS,112,1,2
9145,BNS,331,1,1
9146,MV,185,1,1
9146,MV,184,1,2
9147,BNS,303,1,1
9147,BNS,310,1,2
9148,BNS,105,1,1
9149,BNS,310,1,1
9150,BNS,103,1,1
9151,BNS,112,1,1
9152,BNS,310,1,1
9152,BNS,303,1,2
9153,BNS,118,1,1
9154,BNS,316,1,1
9154,BNS,331,1,2
9155,MV,185,1,1
9155,MV,184,1,2
9156,BNS,140,1,1
9157,BNS,338,1,1
9157,IT,66D,1,2
9157,BNS,318,1,3
9158,BNS,318,1,1
9159,BNS,331,1,1
9160,BNS,331,1,1
9161,IT,66D,1,1
9161,IT,66C,1,2
9161,IT,66,1,3
9162,BNS,305,1,1
9162,BNS,310,1,2
9163,ARMS,27,1,1
9164,BNS,191,1,1
9164,BNS,351,1,2
9164,BNS,112,1,3
9165,BNS,316,1,1
9165,BNS,331,1,2
9166,BNS,316,1,1
9166,BNS,331,1,2
9167,BNS,140,1,1
9168,NDPS,8,1,1
9168,ARMS,27,1,2
9168,ARMS,25,1,3
9170,BNS,318,1,1
9171,BNS,318,1,1
9172,NDPS,21,1,1
9173,BNS,310,1,1
9173,BNS,316,1,2
9174,BNS,318,1,1
9175,BNS,309,1,1
9176,BNS,118,1,1
9176,BNS,103,1,2
9177,BNS,303,1,1
9177,BNS,331,1,2
9178,BNS,305,1,1
9178,BNS,310,1,2
9178,BNS,316,1,3
9179,BNS,338,1,1
9179,BNS,318,1,2
9180,BNS,111,1,1
9181,BNS,303,1,1
9182,BNS,316,1,1
9182,BNS,309,1,2
9182,BNS,318,1,3
9183,BNS,338,1,1
9183,BNS,318,1,2
9184,BNS,305,1,1
9184,BNS,309,1,2
9184,BNS,316,1,3
9185,BNS,310,1,1
9185,BNS,303,1,2
9185,BNS,309,1,3
9186,BNS,309,1,1
9186,BNS,305,1,2
9186,BNS,303,1,3
9188,BNS,115,1,1
9188,BNS,118,1,2
9188,BNS,103,1,3
9189,BNS,338,1,1
9189,BNS,318,1,2
9189,IT,66D,1,3
9190,MV,185,1,1
9190,MV,184,1,2
9191,BNS,305,1,1
9192,BNS,318,1,1
9192,IT,66D,1,2
9193,BNS,64,1,1
9194,IT,66C,1,1
9195,NDPS,20,1,1
9196,BNS,105,1,1
9196,BNS,109,1,2
9196,BNS,103,1,3
9197,BNS,318,1,1
9198,BNS,103,1,1
9198,BNS,105,1,2
9198,BNS,118,1,3
9199,BNS,318,1,1
9199,IT,66D,1,2
9200,MV,184,1,1
9201,BNS,305,1,1
9201,BNS,309,1,2
9201,BNS,318,1,3
9202,BNS,115,1,1
9203,BNS,318,1,1
9204,BNS,109,1,1
9204,BNS,115,1,2
9204,BNS,105,1,3
9205,MV,185,1,1
9205,MV,184,1,2
9206,MV,185,1,1
9206,MV,184,1,2
9207,MV,185,1,1
9207,MV,184,1,2
9208,BNS,331,1,1
9208,BNS,309,1,2
9208,BNS,316,1,3
9209,BNS,115,1,1
9209,BNS,118,1,2
9210,MV,184,1,1
9210,MV,185,1,2
9211,MV,185,1,1
9212,BNS,309,1,1
9212,BNS,318,1,2
9213,BNS,318,1,1
9213,IT,66D,1,2
9213,BNS,338,1,3
9214,BNS,109,1,1
9215,BNS,331,1,1
9215,BNS,303,1,2
9216,BNS,78,1,1
9217,BNS,103,1,1
9217,BNS,109,1,2
9217,BNS,105,1,3
9218,BNS,331,1,1
9218,BNS,305,1,2
9219,MV,185,1,1
9220,BNS,309,1,1
9221,BNS,115,1,1
9221,BNS,105,1,2
9222,BNS,303,1,1
9223,IT,66D,1,1
9224,BNS,338,1,1
9225,BNS,309,1,1
9225,BNS,303,1,2
9225,BNS,316,1,3
9226,BNS,140,1,1
9226,BNS,85,1,2
9227,BNS,74,1,1
9228,BNS,318,1,1
9228,IT,66D,1,2
9229,BNS,318,1,1
9229,BNS,316,1,2
9230,BNS,78,1,1
9230,BNS,64,1,2
9231,EXCISE,32,1,1
9231,ARMS,25,1,2
9231,NDPS,8,1,3
9232,BNS,310,1,1
9232,BNS,318,1,2
9232,BNS,309,1,3
9233,BNS,305,1,1
9233,BNS,310,1,2
9233,BNS,309,1,3
9234,MV,185,1,1
9235,BNS,78,1,1
9235,BNS,85,1,2
9236,BNS,316,1,1
9236,BNS,331,1,2
9236,BNS,303,1,3
9237,BNS,305,1,1
9238,BNS,78,1,1
9238,BNS,74,1,2
9238,BNS,64,1,3
9239,EXCISE,32,1,1
9239,NDPS,8,1,2
9240,IT,66D,1,1
9240,IT,66,1,2
9240,IT,66C,1,3
9241,BNS,318,1,1
9242,MV,184,1,1
9243,BNS,316,1,1
9244,BNS,303,1,1
9244,BNS,316,1,2
9244,BNS,318,1,3
9245,BNS,111,1,1
9245,BNS,351,1,2
9245,BNS,191,1,3
9246,BNS,331,1,1
9247,BNS,318,1,1
9248,POCSO,8,1,1
9248,BNS,140,1,2
9248,POCSO,4,1,3
9249,MV,184,1,1
9250,BNS,105,1,1
9250,BNS,115,1,2
9250,BNS,103,1,3
9251,BNS,309,1,1
9251,BNS,331,1,2
9252,BNS,191,1,1
9252,BNS,189,1,2
9253,IT,66D,1,1
9253,BNS,338,1,2
9253,BNS,318,1,3
9254,NDPS,20,1,1
9255,BNS,318,1,1
9255,BNS,338,1,2
9256,IT,66C,1,1
9257,NDPS,8,1,1
9257,NDPS,20,1,2
9257,ARMS,27,1,3
9258,BNS,318,1,1
9259,MV,185,1,1
9259,MV,184,1,2
9260,BNS,309,1,1
9260,BNS,318,1,2
9260,BNS,303,1,3
9261,BNS,74,1,1
9261,BNS,64,1,2
9262,BNS,115,1,1
9262,BNS,103,1,2
9263,IT,66C,1,1
9263,IT,66D,1,2
9263,IT,66,1,3
9264,BNS,103,1,1
9265,ARMS,27,1,1
9265,ARMS,25,1,2
9265,EXCISE,32,1,3
9266,BNS,316,1,1
9266,BNS,318,1,2
9267,BNS,191,1,1
9268,BNS,64,1,1
9268,BNS,74,1,2
9268,BNS,78,1,3
9270,BNS,305,1,1
9270,BNS,331,1,2
9271,BNS,105,1,1
9272,BNS,316,1,1
9272,BNS,305,1,2
9272,BNS,331,1,3
9273,BNS,78,1,1
9274,BNS,309,1,1
9274,BNS,305,1,2
9274,BNS,303,1,3
9275,BNS,305,1,1
9275,BNS,316,1,2
9276,BNS,338,1,1
9277,BNS,105,1,1
9277,BNS,118,1,2
9278,BNS,331,1,1
9279,MV,185,1,1
9280,BNS,331,1,1
9281,BNS,318,1,1
9281,BNS,331,1,2
9281,BNS,316,1,3
9282,BNS,318,1,1
9283,BNS,303,1,1
9283,BNS,316,1,2
9284,BNS,111,1,1
9284,BNS,351,1,2
9285,BNS,80,1,1
9286,BNS,316,1,1
9286,BNS,318,1,2
9287,PC,7,1,1
9288,BNS,309,1,1
9288,BNS,305,1,2
9289,BNS,309,1,1
9290,BNS,109,1,1
9291,BNS,305,1,1
9291,BNS,331,1,2
9291,BNS,303,1,3
9292,BNS,310,1,1
9292,BNS,318,1,2
9293,MV,184,1,1
9294,BNS,85,1,1
9295,MV,184,1,1
9296,NDPS,21,1,1
9296,EXCISE,32,1,2
9297,BNS,80,1,1
9297,BNS,140,1,2
9298,MV,185,1,1
9299,BNS,140,1,1
9299,BNS,78,1,2
9299,BNS,64,1,3
9301,BNS,318,1,1
9301,BNS,338,1,2
9301,IT,66D,1,3
9303,BNS,316,1,1
9303,BNS,303,1,2
9303,BNS,305,1,3
9304,BNS,331,1,1
9304,BNS,303,1,2
9305,BNS,305,1,1
9305,BNS,309,1,2
9305,BNS,310,1,3
9306,BNS,338,1,1
9307,NDPS,21,1,1
9307,ARMS,27,1,2
9308,BNS,318,1,1
9308,IT,66D,1,2
9309,BNS,305,1,1
9309,BNS,318,1,2
9309,BNS,331,1,3
9310,BNS,118,1,1
9310,BNS,115,1,2
9311,BNS,103,1,1
9311,BNS,115,1,2
9311,BNS,118,1,3
9312,BNS,305,1,1
9312,BNS,303,1,2
9312,BNS,309,1,3
9313,BNS,80,1,1
9313,BNS,85,1,2
9313,BNS,140,1,3
9314,IT,66D,1,1
9314,IT,66C,1,2
9315,BNS,78,1,1
9315,BNS,140,1,2
9315,BNS,85,1,3
9316,BNS,115,1,1
9317,BNS,331,1,1
9317,BNS,310,1,2
9317,BNS,305,1,3
9318,BNS,310,1,1
9318,BNS,305,1,2
9318,BNS,331,1,3
9319,BNS,305,1,1
9319,BNS,316,1,2
9319,BNS,303,1,3
9320,BNS,112,1,1
9320,BNS,191,1,2
9321,MV,184,1,1
9321,MV,185,1,2
9323,IT,66C,1,1
9323,IT,66,1,2
9323,IT,66D,1,3
9324,BNS,303,1,1
9324,BNS,331,1,2
9324,BNS,316,1,3
9325,BNS,351,1,1
9326,MV,184,1,1
9326,MV,185,1,2
9327,BNS,331,1,1
9327,BNS,310,1,2
9328,BNS,316,1,1
9328,BNS,305,1,2
9330,IT,66D,1,1
9330,BNS,338,1,2
9332,BNS,338,1,1
9332,IT,66D,1,2
9333,BNS,309,1,1
9333,BNS,303,1,2
9333,BNS,310,1,3
9334,BNS,316,1,1
9334,BNS,305,1,2
9335,BNS,351,1,1
9336,MV,184,1,1
9337,BNS,318,1,1
9337,IT,66D,1,2
9338,BNS,305,1,1
9339,BNS,74,1,1
9340,IT,66D,1,1
9341,BNS,331,1,1
9341,BNS,310,1,2
9342,BNS,80,1,1
9342,BNS,74,1,2
9343,NDPS,8,1,1
9343,EXCISE,32,1,2
9343,NDPS,21,1,3
9344,BNS,309,1,1
9344,BNS,303,1,2
9345,BNS,310,1,1
9346,POCSO,8,1,1
9346,POCSO,4,1,2
9346,BNS,140,1,3
9347,BNS,338,1,1
9347,BNS,318,1,2
9347,IT,66D,1,3
9348,MV,185,1,1
9349,BNS,109,1,1
9349,BNS,118,1,2
9350,BNS,318,1,1
9351,MV,184,1,1
9352,ARMS,25,1,1
9352,ARMS,27,1,2
9353,BNS,118,1,1
9354,BNS,331,1,1
9354,BNS,310,1,2
9355,NDPS,8,1,1
9355,ARMS,25,1,2
9355,NDPS,21,1,3
9356,BNS,111,1,1
9357,BNS,305,1,1
9357,BNS,331,1,2
9357,BNS,310,1,3
9358,BNS,318,1,1
9358,IT,66D,1,2
9358,BNS,338,1,3
9359,BNS,310,1,1
9359,BNS,316,1,2
9359,BNS,331,1,3
9360,BNS,316,1,1
9361,BNS,303,1,1
9361,BNS,318,1,2
9361,BNS,309,1,3
9363,BNS,318,1,1
9363,BNS,310,1,2
9363,BNS,305,1,3
9364,BNS,318,1,1
9364,BNS,338,1,2
9364,IT,66D,1,3
9365,BNS,78,1,1
9366,BNS,118,1,1
9366,BNS,115,1,2
9366,BNS,105,1,3
9367,MV,184,1,1
9367,MV,185,1,2
9368,BNS,305,1,1
9368,BNS,303,1,2
9369,BNS,85,1,1
9369,BNS,80,1,2
9370,BNS,64,1,1
9370,BNS,85,1,2
9370,BNS,74,1,3
9371,BNS,105,1,1
9371,BNS,103,1,2
9372,BNS,305,1,1
9372,BNS,310,1,2
9373,IT,66D,1,1
9374,BNS,338,1,1
9374,IT,66D,1,2
9375,BNS,309,1,1
9375,BNS,318,1,2
9375,BNS,303,1,3
9376,BNS,338,1,1
9376,BNS,318,1,2
9377,BNS,140,1,1
9377,BNS,80,1,2
9377,BNS,85,1,3
9378,BNS,64,1,1
9378,BNS,74,1,2
9379,EXCISE,32,1,1
9379,NDPS,20,1,2
9379,NDPS,8,1,3
9380,BNS,303,1,1
9381,BNS,310,1,1
9382,IT,66D,1,1
9382,BNS,338,1,2
9383,BNS,316,1,1
9384,BNS,316,1,1
9384,BNS,318,1,2
9384,BNS,331,1,3
9385,BNS,303,1,1
9385,BNS,305,1,2
9385,BNS,309,1,3
9386,MV,185,1,1
9387,MV,184,1,1
9388,BNS,64,1,1
9389,BNS,140,1,1
9390,BNS,318,1,1
9390,IT,66D,1,2
9390,BNS,338,1,3
9391,MV,184,1,1
9391,MV,185,1,2
9392,BNS,318,1,1
9392,BNS,309,1,2
9394,BNS,309,1,1
9396,PC,7,1,1
9397,BNS,309,1,1
9397,BNS,305,1,2
9397,BNS,303,1,3
9398,BNS,109,1,1
9399,BNS,316,1,1
9399,BNS,331,1,2
9400,IT,66D,1,1
9400,BNS,318,1,2
9401,BNS,109,1,1
9401,BNS,115,1,2
9402,MV,184,1,1
9403,BNS,318,1,1
9403,BNS,331,1,2
9403,BNS,309,1,3
9404,IT,66D,1,1
9404,BNS,318,1,2
9404,BNS,338,1,3
9405,IT,66D,1,1
9406,NDPS,21,1,1
9406,EXCISE,32,1,2
9406,ARMS,27,1,3
9407,BNS,111,1,1
9407,BNS,189,1,2
9408,IT,66D,1,1
9408,BNS,338,1,2
9408,BNS,318,1,3
9409,BNS,80,1,1
9409,BNS,64,1,2
9409,BNS,140,1,3
9410,BNS,338,1,1
9410,BNS,318,1,2
9410,IT,66D,1,3
9411,IT,66D,1,1
9411,BNS,338,1,2
9412,BNS,115,1,1
9412,BNS,103,1,2
9413,IT,66D,1,1
9415,BNS,338,1,1
9415,BNS,318,1,2
9417,BNS,85,1,1
9417,BNS,74,1,2
9417,BNS,80,1,3
9418,IT,66D,1,1
9419,BNS,109,1,1
9420,BNS,338,1,1
9421,POCSO,8,1,1
9421,POCSO,4,1,2
9421,BNS,140,1,3
9422,NDPS,20,1,1
9422,NDPS,21,1,2
9422,EXCISE,32,1,3
9424,BNS,303,1,1
9425,BNS,115,1,1
9425,BNS,118,1,2
9425,BNS,109,1,3
9426,BNS,118,1,1
9426,BNS,115,1,2
9427,BNS,109,1,1
9427,BNS,118,1,2
9427,BNS,115,1,3
9428,BNS,318,1,1
9428,BNS,331,1,2
9428,BNS,305,1,3
9429,MV,185,1,1
9430,BNS,318,1,1
9431,MV,184,1,1
9432,BNS,191,1,1
9432,BNS,351,1,2
9433,BNS,310,1,1
9433,BNS,316,1,2
9433,BNS,318,1,3
9434,BNS,103,1,1
9434,BNS,115,1,2
9435,BNS,118,1,1
9435,BNS,103,1,2
9436,BNS,331,1,1
9437,IT,66C,1,1
9437,IT,66,1,2
9438,BNS,111,1,1
9438,BNS,351,1,2
9439,BNS,303,1,1
9439,BNS,305,1,2
9439,BNS,310,1,3
9440,BNS,78,1,1
9441,IT,66,1,1
9441,IT,66D,1,2
9442,PC,7,1,1
9443,MV,184,1,1
9443,MV,185,1,2
9444,MV,184,1,1
9445,NDPS,8,1,1
9447,BNS,189,1,1
9447,BNS,351,1,2
9448,IT,66D,1,1
9451,BNS,318,1,1
9453,MV,185,1,1
9454,MV,185,1,1
9454,MV,184,1,2
9455,BNS,318,1,1
9455,BNS,310,1,2
9455,BNS,305,1,3
9456,BNS,331,1,1
9457,BNS,331,1,1
9458,BNS,309,1,1
9458,BNS,316,1,2
9459,BNS,118,1,1
9459,BNS,115,1,2
9459,BNS,103,1,3
9460,MV,184,1,1
9460,MV,185,1,2
9461,BNS,318,1,1
9461,BNS,338,1,2
9461,IT,66D,1,3
9462,BNS,338,1,1
9462,BNS,318,1,2
9462,IT,66D,1,3
9463,BNS,338,1,1
9463,BNS,318,1,2
9463,IT,66D,1,3
9464,BNS,318,1,1
9464,BNS,338,1,2
9464,IT,66D,1,3
9465,ARMS,25,1,1
9466,BNS,103,1,1
9466,BNS,115,1,2
9467,BNS,318,1,1
9468,BNS,78,1,1
9469,ARMS,27,1,1
9469,NDPS,21,1,2
9469,NDPS,8,1,3
9470,BNS,305,1,1
9471,NDPS,20,1,1
9472,BNS,318,1,1
9473,BNS,316,1,1
9473,BNS,303,1,2
9474,ARMS,27,1,1
9474,NDPS,8,1,2
9475,BNS,303,1,1
9475,BNS,316,1,2
9476,BNS,305,1,1
9477,BNS,111,1,1
9478,BNS,318,1,1
9479,BNS,80,1,1
9479,BNS,74,1,2
9479,BNS,140,1,3
9480,BNS,309,1,1
9480,BNS,316,1,2
9481,NDPS,8,1,1
9482,MV,185,1,1
9483,BNS,64,1,1
9483,BNS,140,1,2
9484,BNS,318,1,1
9485,MV,184,1,1
9485,MV,185,1,2
9486,BNS,191,1,1
9486,BNS,111,1,2
9487,BNS,318,1,1
9488,EXCISE,32,1,1
9488,NDPS,8,1,2
9488,NDPS,21,1,3
9489,PC,7,1,1
9490,NDPS,21,1,1
9490,ARMS,27,1,2
9490,ARMS,25,1,3
9491,NDPS,8,1,1
9492,IT,66D,1,1
9492,BNS,318,1,2
9493,BNS,115,1,1
9494,BNS,310,1,1
9494,BNS,331,1,2
9495,BNS,140,1,1
9496,BNS,338,1,1
9497,BNS,103,1,1
9497,BNS,115,1,2
9497,BNS,105,1,3
9498,BNS,303,1,1
9499,BNS,318,1,1
9499,IT,66D,1,2
9500,BNS,309,1,1
9501,BNS,338,1,1
9501,IT,66D,1,2
9502,BNS,318,1,1
9502,BNS,303,1,2
9502,BNS,309,1,3
9503,BNS,331,1,1
9503,BNS,310,1,2
9504,MV,184,1,1
9504,MV,185,1,2
9505,BNS,338,1,1
9506,BNS,318,1,1
9506,BNS,331,1,2
9506,BNS,309,1,3
9507,MV,185,1,1
9507,MV,184,1,2
9508,IT,66D,1,1
9508,BNS,318,1,2
9508,BNS,338,1,3
9510,BNS,109,1,1
9510,BNS,103,1,2
9510,BNS,118,1,3
9511,POCSO,8,1,1
9511,BNS,140,1,2
9512,BNS,310,1,1
9512,BNS,331,1,2
9513,PC,7,1,1
9514,MV,184,1,1
9514,MV,185,1,2
9515,BNS,309,1,1
9515,BNS,316,1,2
9515,BNS,305,1,3
9516,BNS,309,1,1
9516,BNS,305,1,2
9517,BNS,103,1,1
9517,BNS,105,1,2
9519,BNS,338,1,1
9519,IT,66D,1,2
9520,BNS,118,1,1
9520,BNS,105,1,2
9521,BNS,85,1,1
9521,BNS,78,1,2
9522,BNS,338,1,1
9522,IT,66D,1,2
9523,BNS,351,1,1
9523,BNS,189,1,2
9524,BNS,74,1,1
9524,BNS,85,1,2
9525,BNS,316,1,1
9526,BNS,309,1,1
9527,MV,185,1,1
9528,BNS,310,1,1
9528,BNS,305,1,2
9529,BNS,310,1,1
9530,IT,66,1,1
9530,IT,66C,1,2
9532,MV,185,1,1
9533,MV,185,1,1
9533,MV,184,1,2
9534,BNS,109,1,1
9534,BNS,105,1,2
9534,BNS,115,1,3
9535,BNS,338,1,1
9536,BNS,338,1,1
9538,BNS,109,1,1
9538,BNS,118,1,2
9538,BNS,115,1,3
9539,BNS,74,1,1
9540,BNS,103,1,1
9541,BNS,318,1,1
9542,NDPS,8,1,1
9542,ARMS,25,1,2
9543,NDPS,21,1,1
9544,BNS,338,1,1
9544,IT,66D,1,2
9544,BNS,318,1,3
9545,BNS,338,1,1
9546,MV,185,1,1
9547,ARMS,27,1,1
9547,NDPS,20,1,2
9547,NDPS,8,1,3
9548,BNS,305,1,1
9548,BNS,318,1,2
9548,BNS,309,1,3
9549,BNS,316,1,1
9549,BNS,309,1,2
9549,BNS,303,1,3
9550,BNS,316,1,1
9550,BNS,310,1,2
9551,BNS,310,1,1
9551,BNS,303,1,2
9551,BNS,318,1,3
9552,BNS,112,1,1
9552,BNS,111,1,2
9553,BNS,105,1,1
9554,ARMS,25,1,1
9554,NDPS,21,1,2
9554,NDPS,8,1,3
9555,BNS,189,1,1
9556,BNS,196,1,1
9556,BNS,111,1,2
9556,BNS,351,1,3
9557,BNS,303,1,1
9557,BNS,316,1,2
9557,BNS,309,1,3
9558,BNS,111,1,1
9558,BNS,189,1,2
9558,BNS,196,1,3
9559,BNS,140,1,1
9559,BNS,74,1,2
9560,BNS,310,1,1
9561,BNS,316,1,1
9562,BNS,318,1,1
9562,IT,66D,1,2
9562,BNS,338,1,3
9563,BNS,196,1,1
9563,BNS,189,1,2
9564,BNS,140,1,1
9564,BNS,78,1,2
9564,BNS,85,1,3
9565,BNS,309,1,1
9565,BNS,310,1,2
9566,BNS,331,1,1
9566,BNS,305,1,2
9567,BNS,318,1,1
9567,IT,66D,1,2
9567,BNS,338,1,3
9568,MV,185,1,1
9568,MV,184,1,2
9569,BNS,331,1,1
9569,BNS,309,1,2
9570,BNS,309,1,1
9570,BNS,305,1,2
9571,BNS,309,1,1
9572,BNS,64,1,1
9572,BNS,78,1,2
9573,BNS,303,1,1
9573,BNS,305,1,2
9573,BNS,316,1,3
9574,IT,66D,1,1
9575,MV,185,1,1
9575,MV,184,1,2
9576,BNS,103,1,1
9577,NDPS,8,1,1
9579,MV,184,1,1
9580,BNS,303,1,1
9580,BNS,305,1,2
9580,BNS,318,1,3
9581,BNS,305,1,1
9581,BNS,303,1,2
9581,BNS,331,1,3
9582,BNS,309,1,1
9583,BNS,303,1,1
9583,BNS,331,1,2
9584,BNS,331,1,1
9584,BNS,310,1,2
9584,BNS,316,1,3
9585,BNS,85,1,1
9585,BNS,80,1,2
9585,BNS,64,1,3
9586,BNS,305,1,1
9586,BNS,303,1,2
9586,BNS,318,1,3
9587,IT,66D,1,1
9588,BNS,303,1,1
9588,BNS,310,1,2
9588,BNS,318,1,3
9589,BNS,140,1,1
9589,BNS,85,1,2
9589,BNS,80,1,3
9591,MV,184,1,1
9591,MV,185,1,2
9592,BNS,189,1,1
9592,BNS,191,1,2
9593,BNS,351,1,1
9594,BNS,331,1,1
9594,BNS,305,1,2
9594,BNS,318,1,3
9595,BNS,109,1,1
9595,BNS,115,1,2
9596,BNS,338,1,1
9596,IT,66D,1,2
9596,BNS,318,1,3
9597,BNS,318,1,1
9598,BNS,318,1,1
9599,BNS,305,1,1
9600,IT,66D,1,1
9600,BNS,318,1,2
9601,BNS,109,1,1
9602,BNS,316,1,1
9602,BNS,305,1,2
9602,BNS,303,1,3
9603,BNS,338,1,1
9603,IT,66D,1,2
9604,BNS,318,1,1
9604,BNS,309,1,2
9604,BNS,331,1,3
9605,BNS,316,1,1
9605,BNS,318,1,2
9605,BNS,303,1,3
9606,BNS,111,1,1
9607,BNS,115,1,1
9607,BNS,109,1,2
9607,BNS,103,1,3
9608,MV,184,1,1
9609,BNS,310,1,1
9610,BNS,196,1,1
9610,BNS,191,1,2
9611,BNS,305,1,1
9611,BNS,310,1,2
9611,BNS,316,1,3
9612,MV,184,1,1
9612,MV,185,1,2
9613,BNS,331,1,1
9614,BNS,115,1,1
9614,BNS,118,1,2
9614,BNS,105,1,3
9615,BNS,109,1,1
9616,BNS,318,1,1
9616,BNS,338,1,2
9617,MV,185,1,1
9618,ARMS,25,1,1
9619,BNS,303,1,1
9619,BNS,316,1,2
9620,MV,184,1,1
9620,MV,185,1,2
9621,POCSO,8,1,1
9621,POCSO,4,1,2
9622,BNS,310,1,1
9623,BNS,331,1,1
9623,BNS,303,1,2
9624,BNS,305,1,1
9624,BNS,316,1,2
9625,EXCISE,32,1,1
9626,BNS,310,1,1
9627,BNS,303,1,1
9627,BNS,331,1,2
9627,BNS,318,1,3
9628,BNS,74,1,1
9628,BNS,85,1,2
9629,BNS,112,1,1
9629,BNS,189,1,2
9630,BNS,305,1,1
9631,BNS,309,1,1
9632,BNS,118,1,1
9632,BNS,109,1,2
9633,BNS,351,1,1
9633,BNS,191,1,2
9634,BNS,305,1,1
9634,BNS,316,1,2
9634,BNS,331,1,3
9635,BNS,103,1,1
9636,BNS,111,1,1
9639,BNS,105,1,1
9639,BNS,118,1,2
9640,BNS,115,1,1
9640,BNS,118,1,2
9640,BNS,109,1,3
9641,MV,184,1,1
9641,MV,185,1,2
9642,BNS,318,1,1
9642,BNS,303,1,2
9642,BNS,309,1,3
9643,BNS,103,1,1
9643,BNS,118,1,2
9644,BNS,103,1,1
9644,BNS,115,1,2
9644,BNS,118,1,3
9645,MV,184,1,1
9645,MV,185,1,2
9646,BNS,305,1,1
9647,BNS,303,1,1
9648,BNS,105,1,1
9648,BNS,115,1,2
9649,BNS,310,1,1
9649,BNS,305,1,2
9649,BNS,318,1,3
9650,IT,66D,1,1
9650,BNS,318,1,2
9650,BNS,338,1,3
9651,BNS,338,1,1
9652,MV,185,1,1
9653,BNS,118,1,1
9654,BNS,338,1,1
9654,IT,66D,1,2
9654,BNS,318,1,3
9655,EXCISE,32,1,1
9655,ARMS,25,1,2
9656,IT,66D,1,1
9656,IT,66C,1,2
9657,BNS,64,1,1
9657,BNS,80,1,2
9657,BNS,78,1,3
9658,BNS,305,1,1
9659,BNS,351,1,1
9659,BNS,196,1,2
9660,MV,184,1,1
9661,BNS,318,1,1
9661,BNS,316,1,2
9661,BNS,331,1,3
9663,IT,66C,1,1
9663,IT,66D,1,2
9663,IT,66,1,3
9664,BNS,305,1,1
9664,BNS,318,1,2
9664,BNS,303,1,3
9665,BNS,191,1,1
9666,BNS,316,1,1
9666,BNS,309,1,2
9667,BNS,318,1,1
9667,IT,66D,1,2
9667,BNS,338,1,3
9669,MV,184,1,1
9669,MV,185,1,2
9670,BNS,305,1,1
9671,MV,185,1,1
9672,BNS,105,1,1
9672,BNS,115,1,2
9673,BNS,331,1,1
9673,BNS,303,1,2
9673,BNS,316,1,3
9674,BNS,140,1,1
9674,POCSO,8,1,2
9675,BNS,140,1,1
9675,POCSO,4,1,2
9675,POCSO,8,1,3
9676,BNS,109,1,1
9677,IT,66,1,1
9677,IT,66C,1,2
9678,BNS,111,1,1
9679,BNS,338,1,1
9679,IT,66D,1,2
9679,BNS,318,1,3
9680,ARMS,25,1,1
9680,EXCISE,32,1,2
9680,NDPS,21,1,3
9681,BNS,78,1,1
9682,BNS,309,1,1
9682,BNS,303,1,2
9683,BNS,103,1,1
9683,BNS,115,1,2
9684,BNS,316,1,1
9684,BNS,331,1,2
9685,BNS,85,1,1
9685,BNS,74,1,2
9685,BNS,80,1,3
9687,BNS,109,1,1
9687,BNS,105,1,2
9688,ARMS,25,1,1
9689,BNS,191,1,1
9690,BNS,318,1,1
9691,BNS,80,1,1
9691,BNS,64,1,2
9691,BNS,140,1,3
9692,BNS,309,1,1
9693,BNS,303,1,1
9693,BNS,305,1,2
9693,BNS,316,1,3
9694,BNS,115,1,1
9694,BNS,118,1,2
9694,BNS,109,1,3
9695,BNS,331,1,1
9695,BNS,303,1,2
9696,MV,184,1,1
9697,BNS,305,1,1
9699,IT,66D,1,1
9700,BNS,64,1,1
9701,IT,66D,1,1
9701,BNS,338,1,2
9702,BNS,310,1,1
9702,BNS,331,1,2
9703,MV,184,1,1
9704,BNS,318,1,1
9704,BNS,316,1,2
9705,MV,185,1,1
9706,BNS,85,1,1
9706,BNS,74,1,2
9707,MV,185,1,1
9707,MV,184,1,2
9708,BNS,351,1,1
9708,BNS,191,1,2
9709,IT,66D,1,1
9709,BNS,338,1,2
9710,BNS,318,1,1
9711,BNS,303,1,1
9711,BNS,331,1,2
9712,MV,185,1,1
9713,BNS,85,1,1
9713,BNS,80,1,2
9713,BNS,64,1,3
9714,IT,66D,1,1
9714,BNS,318,1,2
9715,BNS,111,1,1
9715,BNS,189,1,2
9716,MV,185,1,1
9717,MV,184,1,1
9717,MV,185,1,2
9718,IT,66D,1,1
9718,BNS,318,1,2
9719,NDPS,8,1,1
9720,BNS,310,1,1
9720,BNS,316,1,2
9721,IT,66D,1,1
9722,BNS,310,1,1
9722,BNS,318,1,2
9723,BNS,103,1,1
9724,MV,185,1,1
9725,BNS,115,1,1
9726,BNS,318,1,1
9727,BNS,318,1,1
9727,BNS,316,1,2
9728,IT,66D,1,1
9728,IT,66,1,2
9728,IT,66C,1,3
9729,BNS,189,1,1
9730,BNS,318,1,1
9730,IT,66D,1,2
9730,BNS,338,1,3
9732,BNS,318,1,1
9732,IT,66D,1,2
9732,BNS,338,1,3
9733,BNS,309,1,1
9734,MV,185,1,1
9735,BNS,316,1,1
9735,BNS,309,1,2
9736,BNS,115,1,1
9736,BNS,105,1,2
9736,BNS,118,1,3
9737,BNS,338,1,1
9737,IT,66D,1,2
9737,BNS,318,1,3
9738,BNS,303,1,1
9738,BNS,310,1,2
9738,BNS,331,1,3
9739,BNS,318,1,1
9739,BNS,338,1,2
9740,MV,184,1,1
9740,MV,185,1,2
9741,BNS,140,1,1
9742,MV,184,1,1
9742,MV,185,1,2
9743,BNS,303,1,1
9743,BNS,305,1,2
9744,BNS,191,1,1
9744,BNS,112,1,2
9745,BNS,103,1,1
9746,BNS,140,1,1
9746,BNS,78,1,2
9746,BNS,64,1,3
9748,MV,184,1,1
9749,ARMS,25,1,1
9749,ARMS,27,1,2
9749,EXCISE,32,1,3
9750,BNS,111,1,1
9750,BNS,191,1,2
9751,BNS,109,1,1
9751,BNS,103,1,2
9752,BNS,305,1,1
9752,BNS,310,1,2
9752,BNS,318,1,3
9753,MV,185,1,1
9753,MV,184,1,2
9754,BNS,318,1,1
9754,BNS,338,1,2
9755,BNS,140,1,1
9756,IT,66D,1,1
9756,IT,66,1,2
9756,IT,66C,1,3
9757,BNS,305,1,1
9757,BNS,310,1,2
9758,BNS,85,1,1
9758,BNS,74,1,2
9758,BNS,80,1,3
9759,POCSO,4,1,1
9759,BNS,140,1,2
9759,POCSO,8,1,3
9760,BNS,78,1,1
9760,BNS,74,1,2
9761,IT,66D,1,1
9761,BNS,318,1,2
9761,BNS,338,1,3
9763,BNS,331,1,1
9763,BNS,310,1,2
9764,BNS,112,1,1
9765,BNS,338,1,1
9766,BNS,338,1,1
9766,BNS,318,1,2
9767,BNS,338,1,1
9767,BNS,318,1,2
9768,BNS,303,1,1
9768,BNS,318,1,2
9768,BNS,331,1,3
9769,BNS,331,1,1
9769,BNS,303,1,2
9770,BNS,309,1,1
9770,BNS,318,1,2
9770,BNS,331,1,3
9771,BNS,318,1,1
9772,BNS,318,1,1
9772,BNS,338,1,2
9772,IT,66D,1,3
9773,BNS,310,1,1
9773,BNS,305,1,2
9774,BNS,115,1,1
9774,BNS,109,1,2
9776,BNS,303,1,1
9776,BNS,310,1,2
9776,BNS,318,1,3
9777,BNS,115,1,1
9777,BNS,105,1,2
9778,BNS,189,1,1
9778,BNS,191,1,2
9779,BNS,303,1,1
9779,BNS,316,1,2
9780,IT,66D,1,1
9780,BNS,318,1,2
9781,BNS,309,1,1
9781,BNS,310,1,2
9781,BNS,331,1,3
9782,BNS,338,1,1
9782,BNS,318,1,2
9782,IT,66D,1,3
9783,IT,66C,1,1
9783,IT,66,1,2
9783,IT,66D,1,3
9784,BNS,309,1,1
9784,BNS,310,1,2
9784,BNS,331,1,3
9785,BNS,64,1,1
9786,BNS,305,1,1
9786,BNS,318,1,2
9786,BNS,316,1,3
9787,BNS,140,1,1
9787,BNS,85,1,2
9787,BNS,74,1,3
9788,BNS,310,1,1
9789,BNS,64,1,1
9789,BNS,80,1,2
9789,BNS,74,1,3
9790,BNS,196,1,1
9791,PC,7,1,1
9792,BNS,318,1,1
9794,BNS,80,1,1
9794,BNS,78,1,2
9795,IT,66D,1,1
9795,BNS,318,1,2
9795,BNS,338,1,3
9797,BNS,105,1,1
9797,BNS,115,1,2
9797,BNS,103,1,3
9798,BNS,318,1,1
9798,BNS,338,1,2
9799,BNS,303,1,1
9799,BNS,305,1,2
9799,BNS,318,1,3
9800,IT,66D,1,1
9800,BNS,338,1,2
9801,NDPS,20,1,1
9801,EXCISE,32,1,2
9802,BNS,309,1,1
9802,BNS,310,1,2
9803,BNS,64,1,1
9804,BNS,303,1,1
9805,BNS,309,1,1
9805,BNS,316,1,2
9805,BNS,303,1,3
9806,IT,66D,1,1
9806,IT,66C,1,2
9806,IT,66,1,3
9807,BNS,310,1,1
9807,BNS,309,1,2
9807,BNS,331,1,3
9808,BNS,74,1,1
9808,BNS,140,1,2
9808,BNS,85,1,3
9809,BNS,318,1,1
9811,NDPS,21,1,1
9811,EXCISE,32,1,2
9812,BNS,316,1,1
9812,BNS,310,1,2
9812,BNS,331,1,3
9813,ARMS,27,1,1
9813,EXCISE,32,1,2
9813,NDPS,20,1,3
9814,BNS,303,1,1
9814,BNS,331,1,2
9815,BNS,318,1,1
9815,BNS,338,1,2
9816,ARMS,27,1,1
9817,BNS,109,1,1
9817,BNS,118,1,2
9818,MV,185,1,1
9819,MV,185,1,1
9820,BNS,316,1,1
9820,BNS,318,1,2
9821,BNS,305,1,1
9822,BNS,331,1,1
9822,BNS,310,1,2
9823,BNS,318,1,1
9823,BNS,305,1,2
9824,MV,185,1,1
9826,BNS,316,1,1
9827,BNS,103,1,1
9827,BNS,105,1,2
9827,BNS,115,1,3
9828,MV,184,1,1
9829,IT,66D,1,1
9829,BNS,338,1,2
9830,IT,66D,1,1
9831,BNS,318,1,1
9831,BNS,310,1,2
9831,BNS,305,1,3
9832,MV,185,1,1
9832,MV,184,1,2
9833,BNS,310,1,1
9834,BNS,318,1,1
9835,BNS,331,1,1
9835,BNS,309,1,2
9836,MV,185,1,1
9836,MV,184,1,2
9837,MV,185,1,1
9838,MV,184,1,1
9838,MV,185,1,2
9839,IT,66,1,1
9839,IT,66C,1,2
9840,MV,185,1,1
9841,BNS,85,1,1
9841,BNS,140,1,2
9841,BNS,64,1,3
9842,BNS,331,1,1
9844,BNS,189,1,1
9844,BNS,112,1,2
9845,BNS,196,1,1
9847,MV,185,1,1
9847,MV,184,1,2
9848,BNS,140,1,1
9848,POCSO,4,1,2
9848,POCSO,8,1,3
9849,BNS,310,1,1
9849,BNS,303,1,2
9850,IT,66D,1,1
9850,BNS,338,1,2
9850,BNS,318,1,3
9851,BNS,310,1,1
9852,BNS,115,1,1
9852,BNS,109,1,2
9852,BNS,103,1,3
9853,BNS,118,1,1
9854,BNS,309,1,1
9854,BNS,305,1,2
9854,BNS,310,1,3
9855,BNS,140,1,1
9857,BNS,318,1,1
9857,BNS,331,1,2
9858,BNS,331,1,1
9858,BNS,318,1,2
9858,BNS,316,1,3
9860,BNS,80,1,1
9860,BNS,74,1,2
9861,POCSO,8,1,1
9861,POCSO,4,1,2
9861,BNS,140,1,3
9862,BNS,305,1,1
9862,BNS,331,1,2
9862,BNS,318,1,3
9863,BNS,118,1,1
9863,BNS,115,1,2
9863,BNS,109,1,3
9864,MV,184,1,1
9865,BNS,140,1,1
9866,BNS,316,1,1
9866,BNS,318,1,2
9867,MV,184,1,1
9868,BNS,310,1,1
9869,BNS,331,1,1
9869,BNS,318,1,2
9870,BNS,310,1,1
9871,MV,185,1,1
9872,BNS,109,1,1
9872,BNS,103,1,2
9874,BNS,74,1,1
9874,BNS,78,1,2
9874,BNS,140,1,3
9875,BNS,74,1,1
9875,BNS,80,1,2
9875,BNS,64,1,3
9876,BNS,316,1,1
9876,BNS,303,1,2
9877,BNS,303,1,1
9877,BNS,310,1,2
9877,BNS,305,1,3
9878,BNS,316,1,1
9878,BNS,309,1,2
9878,BNS,318,1,3
9879,BNS,85,1,1
9879,BNS,64,1,2
9879,BNS,78,1,3
9880,BNS,85,1,1
9881,BNS,305,1,1
9881,BNS,316,1,2
9881,BNS,331,1,3
9882,BNS,140,1,1
9883,BNS,309,1,1
9883,BNS,331,1,2
9884,BNS,189,1,1
9884,BNS,111,1,2
9885,BNS,103,1,1
9887,MV,184,1,1
9888,BNS,140,1,1
9888,BNS,64,1,2
9889,BNS,309,1,1
9890,BNS,338,1,1
9891,MV,184,1,1
9892,BNS,109,1,1
9893,BNS,338,1,1
9893,IT,66D,1,2
9893,BNS,318,1,3
9894,MV,185,1,1
9894,MV,184,1,2
9895,BNS,105,1,1
9895,BNS,103,1,2
9896,BNS,318,1,1
9897,BNS,310,1,1
9897,BNS,318,1,2
9897,BNS,309,1,3
9898,BNS,310,1,1
9898,BNS,331,1,2
9899,BNS,331,1,1
9899,BNS,309,1,2
9900,BNS,310,1,1
9900,BNS,309,1,2
9901,BNS,316,1,1
9901,BNS,305,1,2
9902,BNS,303,1,1
9902,BNS,305,1,2
9902,BNS,331,1,3
9903,BNS,331,1,1
9903,BNS,305,1,2
9903,BNS,318,1,3
9904,IT,66D,1,1
9905,IT,66D,1,1
9905,BNS,338,1,2
9905,BNS,318,1,3
9906,BNS,338,1,1
9906,IT,66D,1,2
9906,BNS,318,1,3
9907,BNS,310,1,1
9908,ARMS,27,1,1
9909,BNS,118,1,1
9910,BNS,318,1,1
9910,BNS,338,1,2
9911,MV,185,1,1
9912,BNS,331,1,1
9912,BNS,303,1,2
9913,MV,185,1,1
9913,MV,184,1,2
9914,BNS,115,1,1
9914,BNS,105,1,2
9914,BNS,118,1,3
9915,IT,66D,1,1
9916,BNS,64,1,1
9916,BNS,78,1,2
9916,BNS,140,1,3
9918,BNS,74,1,1
9918,BNS,80,1,2
9918,BNS,85,1,3
9919,BNS,331,1,1
9919,BNS,309,1,2
9920,IT,66D,1,1
9920,BNS,318,1,2
9921,IT,66D,1,1
9921,BNS,338,1,2
9922,BNS,78,1,1
9923,BNS,316,1,1
9923,BNS,309,1,2
9923,BNS,303,1,3
9924,IT,66D,1,1
9925,BNS,318,1,1
9925,BNS,338,1,2
9926,MV,184,1,1
9926,MV,185,1,2
9927,BNS,318,1,1
9927,BNS,316,1,2
9927,BNS,310,1,3
9928,IT,66D,1,1
9928,BNS,338,1,2
9930,BNS,331,1,1
9931,BNS,305,1,1
9931,BNS,331,1,2
9931,BNS,318,1,3
9932,BNS,303,1,1
9933,BNS,338,1,1
9934,BNS,303,1,1
9934,BNS,316,1,2
9935,BNS,316,1,1
9935,BNS,305,1,2
9935,BNS,318,1,3
9936,BNS,305,1,1
9937,POCSO,4,1,1
9938,BNS,316,1,1
9938,BNS,303,1,2
9939,BNS,64,1,1
9939,BNS,80,1,2
9939,BNS,74,1,3
9940,BNS,80,1,1
9940,BNS,85,1,2
9940,BNS,64,1,3
9941,BNS,118,1,1
9942,BNS,310,1,1
9942,BNS,331,1,2
9943,ARMS,27,1,1
9943,NDPS,20,1,2
9944,BNS,310,1,1
9944,BNS,305,1,2
9945,BNS,78,1,1
9947,BNS,331,1,1
9947,BNS,305,1,2
9947,BNS,303,1,3
9948,BNS,305,1,1
9948,BNS,309,1,2
9949,MV,185,1,1
9949,MV,184,1,2
9950,MV,184,1,1
9950,MV,185,1,2
9951,BNS,309,1,1
9951,BNS,305,1,2
9952,NDPS,8,1,1
9952,NDPS,20,1,2
9953,BNS,118,1,1
9954,BNS,80,1,1
9954,BNS,85,1,2
9955,BNS,303,1,1
9955,BNS,316,1,2
9956,BNS,303,1,1
9956,BNS,310,1,2
9957,BNS,309,1,1
9958,MV,185,1,1
9958,MV,184,1,2
9959,BNS,118,1,1
9959,BNS,109,1,2
9960,BNS,318,1,1
9961,BNS,310,1,1
9961,BNS,318,1,2
9961,BNS,305,1,3
9962,BNS,115,1,1
9962,BNS,109,1,2
9963,BNS,85,1,1
9963,BNS,80,1,2
9963,BNS,78,1,3
9964,BNS,303,1,1
9965,BNS,310,1,1
9965,BNS,305,1,2
9965,BNS,331,1,3
9966,BNS,305,1,1
9967,BNS,309,1,1
9967,BNS,305,1,2
9967,BNS,310,1,3
9968,BNS,74,1,1
9969,BNS,318,1,1
9969,BNS,316,1,2
9970,BNS,115,1,1
9970,BNS,105,1,2
9971,BNS,305,1,1
9971,BNS,310,1,2
9972,BNS,338,1,1
9973,BNS,112,1,1
9973,BNS,191,1,2
9973,BNS,111,1,3
9974,BNS,310,1,1
9974,BNS,331,1,2
9974,BNS,318,1,3
9975,MV,185,1,1
9976,NDPS,8,1,1
9976,ARMS,27,1,2
9976,NDPS,20,1,3
9977,BNS,331,1,1
9978,NDPS,21,1,1
9978,ARMS,27,1,2
9978,EXCISE,32,1,3
9979,BNS,109,1,1
9980,BNS,80,1,1
9981,MV,185,1,1
9982,NDPS,21,1,1
9983,BNS,189,1,1
9983,BNS,196,1,2
9983,BNS,112,1,3
9984,BNS,109,1,1
9985,EXCISE,32,1,1
9985,NDPS,8,1,2
9985,ARMS,27,1,3
9987,BNS,338,1,1
9988,BNS,310,1,1
9988,BNS,305,1,2
9989,BNS,310,1,1
9990,BNS,80,1,1
9991,BNS,196,1,1
9992,BNS,316,1,1
9992,BNS,310,1,2
9992,BNS,318,1,3
9993,MV,184,1,1
9994,BNS,309,1,1
9994,BNS,310,1,2
9994,BNS,316,1,3
9995,BNS,316,1,1
9995,BNS,310,1,2
9995,BNS,305,1,3
9996,BNS,331,1,1
9997,BNS,80,1,1
9997,BNS,78,1,2
9998,MV,184,1,1
9998,MV,185,1,2
9999,IT,66,1,1
9999,IT,66D,1,2
10000,BNS,331,1,1
10000,BNS,316,1,2
10001,BNS,105,1,1
10002,MV,185,1,1
10002,MV,184,1,2
10003,BNS,309,1,1
10003,BNS,303,1,2
10004,BNS,310,1,1
10004,BNS,305,1,2
10005,BNS,115,1,1
10005,BNS,103,1,2
10006,BNS,318,1,1
10007,BNS,316,1,1
10007,BNS,303,1,2
10007,BNS,331,1,3
10008,BNS,196,1,1
10008,BNS,189,1,2
10008,BNS,112,1,3
10009,NDPS,20,1,1
10010,BNS,191,1,1
10011,BNS,64,1,1
10012,ARMS,27,1,1
10012,EXCISE,32,1,2
10013,BNS,305,1,1
10013,BNS,318,1,2
10014,BNS,140,1,1
10015,BNS,78,1,1
10015,BNS,80,1,2
10016,IT,66D,1,1
10017,BNS,85,1,1
10018,BNS,316,1,1
10019,NDPS,20,1,1
10019,ARMS,27,1,2
10020,ARMS,25,1,1
10020,NDPS,21,1,2
10020,NDPS,20,1,3
10021,BNS,85,1,1
10022,BNS,338,1,1
10022,IT,66D,1,2
10023,BNS,318,1,1
10023,BNS,338,1,2
10023,IT,66D,1,3
10024,MV,184,1,1
10024,MV,185,1,2
10025,POCSO,8,1,1
10026,BNS,331,1,1
10026,BNS,318,1,2
10027,BNS,309,1,1
10028,BNS,351,1,1
10028,BNS,196,1,2
10029,BNS,303,1,1
10030,BNS,318,1,1
10030,BNS,310,1,2
10030,BNS,331,1,3
10031,MV,184,1,1
10031,MV,185,1,2
10032,MV,184,1,1
10032,MV,185,1,2
10033,ARMS,25,1,1
10034,BNS,74,1,1
10034,BNS,64,1,2
10034,BNS,85,1,3
10035,BNS,305,1,1
10036,BNS,310,1,1
10036,BNS,316,1,2
10037,BNS,331,1,1
10037,BNS,318,1,2
10038,BNS,111,1,1
10038,BNS,191,1,2
10039,BNS,109,1,1
10039,BNS,115,1,2
10040,BNS,309,1,1
10040,BNS,310,1,2
10040,BNS,331,1,3
10041,BNS,305,1,1
10042,BNS,112,1,1
10043,BNS,331,1,1
10044,MV,184,1,1
10044,MV,185,1,2
10045,BNS,331,1,1
10046,BNS,118,1,1
10047,BNS,309,1,1
10048,BNS,303,1,1
10050,ARMS,25,1,1
10050,NDPS,21,1,2
10051,ARMS,27,1,1
10052,BNS,103,1,1
10053,IT,66D,1,1
10053,BNS,338,1,2
10054,BNS,318,1,1
10054,BNS,316,1,2
10054,BNS,309,1,3
10055,BNS,331,1,1
10056,EXCISE,32,1,1
10056,NDPS,21,1,2
10057,BNS,80,1,1
10057,BNS,74,1,2
10058,IT,66,1,1
10058,IT,66C,1,2
10058,IT,66D,1,3
10060,NDPS,21,1,1
10060,NDPS,8,1,2
10060,EXCISE,32,1,3
10061,MV,185,1,1
10062,BNS,112,1,1
10062,BNS,191,1,2
10062,BNS,351,1,3
10063,BNS,318,1,1
10064,MV,185,1,1
10064,MV,184,1,2
10065,BNS,103,1,1
10065,BNS,109,1,2
10065,BNS,105,1,3
10066,MV,184,1,1
10067,BNS,305,1,1
10067,BNS,309,1,2
10067,BNS,331,1,3
10068,BNS,303,1,1
10068,BNS,331,1,2
10069,BNS,310,1,1
10070,BNS,338,1,1
10071,BNS,331,1,1
10072,BNS,316,1,1
10073,BNS,303,1,1
10073,BNS,309,1,2
10074,EXCISE,32,1,1
10075,BNS,309,1,1
10076,BNS,196,1,1
10077,NDPS,8,1,1
10079,BNS,105,1,1
10079,BNS,103,1,2
10079,BNS,118,1,3
10080,BNS,303,1,1
10080,BNS,309,1,2
10080,BNS,316,1,3
10081,BNS,303,1,1
10081,BNS,305,1,2
10081,BNS,316,1,3
10082,BNS,196,1,1
10082,BNS,112,1,2
10083,BNS,318,1,1
10083,BNS,303,1,2
10084,MV,184,1,1
10085,BNS,331,1,1
10085,BNS,316,1,2
10086,BNS,318,1,1
10087,IT,66C,1,1
10088,BNS,140,1,1
10088,BNS,64,1,2
10088,BNS,85,1,3
10089,BNS,309,1,1
10090,BNS,310,1,1
10090,BNS,318,1,2
10091,BNS,74,1,1
10091,BNS,80,1,2
10092,BNS,118,1,1
10092,BNS,103,1,2
10092,BNS,105,1,3
10093,BNS,115,1,1
10093,BNS,118,1,2
10094,BNS,305,1,1
10095,BNS,331,1,1
10096,BNS,118,1,1
10096,BNS,109,1,2
10097,BNS,309,1,1
10098,BNS,310,1,1
10099,BNS,78,1,1
10099,BNS,74,1,2
10099,BNS,140,1,3
10100,BNS,318,1,1
10101,IT,66D,1,1
10101,BNS,338,1,2
10102,IT,66D,1,1
10102,BNS,318,1,2
10103,BNS,303,1,1
10103,BNS,331,1,2
10104,BNS,316,1,1
10104,BNS,305,1,2
10104,BNS,309,1,3
10106,BNS,303,1,1
10106,BNS,310,1,2
10107,BNS,310,1,1
10107,BNS,305,1,2
10108,BNS,303,1,1
10108,BNS,318,1,2
10109,BNS,103,1,1
10109,BNS,115,1,2
10110,BNS,331,1,1
10110,BNS,303,1,2
10111,BNS,338,1,1
10112,BNS,316,1,1
10112,BNS,309,1,2
10112,BNS,305,1,3
10113,BNS,305,1,1
10113,BNS,318,1,2
10113,BNS,331,1,3
10114,BNS,303,1,1
10114,BNS,309,1,2
10114,BNS,331,1,3
10115,BNS,310,1,1
10115,BNS,331,1,2
10116,BNS,305,1,1
10116,BNS,309,1,2
10117,BNS,303,1,1
10118,BNS,318,1,1
10119,BNS,109,1,1
10119,BNS,103,1,2
10119,BNS,118,1,3
10120,BNS,310,1,1
10120,BNS,309,1,2
10120,BNS,318,1,3
10121,BNS,316,1,1
10122,IT,66D,1,1
10122,BNS,318,1,2
10123,BNS,331,1,1
10123,BNS,309,1,2
10123,BNS,318,1,3
10124,BNS,191,1,1
10125,BNS,109,1,1
10125,BNS,105,1,2
10125,BNS,103,1,3
10126,BNS,310,1,1
10126,BNS,316,1,2
10126,BNS,303,1,3
10127,BNS,318,1,1
10128,ARMS,25,1,1
10128,NDPS,20,1,2
10129,MV,184,1,1
10130,BNS,303,1,1
10130,BNS,316,1,2
10131,BNS,118,1,1
10131,BNS,105,1,2
10132,BNS,196,1,1
10132,BNS,351,1,2
10132,BNS,111,1,3
10133,BNS,316,1,1
10133,BNS,309,1,2
10134,BNS,310,1,1
10135,BNS,316,1,1
10135,BNS,318,1,2
10136,IT,66D,1,1
10137,NDPS,20,1,1
10137,EXCISE,32,1,2
10137,NDPS,21,1,3
10138,MV,184,1,1
10139,BNS,80,1,1
10139,BNS,85,1,2
10140,BNS,331,1,1
10140,BNS,305,1,2
10140,BNS,316,1,3
10141,BNS,80,1,1
10141,BNS,78,1,2
10142,BNS,64,1,1
10143,BNS,318,1,1
10143,BNS,316,1,2
10144,NDPS,8,1,1
10144,ARMS,25,1,2
10145,BNS,316,1,1
10146,BNS,303,1,1
10146,BNS,305,1,2
10147,BNS,310,1,1
10147,BNS,309,1,2
10147,BNS,305,1,3
10148,BNS,338,1,1
10148,BNS,318,1,2
10148,IT,66D,1,3
10149,BNS,196,1,1
10149,BNS,111,1,2
10149,BNS,351,1,3
10150,BNS,103,1,1
10150,BNS,105,1,2
10150,BNS,115,1,3
10151,EXCISE,32,1,1
10151,ARMS,25,1,2
10152,BNS,318,1,1
10152,IT,66D,1,2
10152,BNS,338,1,3
10153,IT,66C,1,1
10153,IT,66D,1,2
10153,IT,66,1,3
10154,EXCISE,32,1,1
10154,NDPS,8,1,2
10154,NDPS,20,1,3
10155,BNS,140,1,1
10155,POCSO,8,1,2
10156,MV,184,1,1
10156,MV,185,1,2
10157,BNS,140,1,1
10158,BNS,318,1,1
10158,BNS,309,1,2
10158,BNS,331,1,3
10159,MV,185,1,1
10159,MV,184,1,2
10160,POCSO,4,1,1
10161,BNS,78,1,1
10161,BNS,80,1,2
10162,BNS,303,1,1
10163,BNS,112,1,1
10163,BNS,111,1,2
10163,BNS,351,1,3
10164,BNS,318,1,1
10164,IT,66D,1,2
10165,MV,184,1,1
10165,MV,185,1,2
10166,IT,66D,1,1
10166,BNS,318,1,2
10166,BNS,338,1,3
10167,MV,184,1,1
10167,MV,185,1,2
10168,BNS,140,1,1
10168,BNS,85,1,2
10168,BNS,74,1,3
10169,BNS,310,1,1
10170,BNS,303,1,1
10170,BNS,316,1,2
10170,BNS,318,1,3
10171,MV,184,1,1
10172,BNS,74,1,1
10172,BNS,85,1,2
10173,BNS,140,1,1
10173,POCSO,4,1,2
10173,POCSO,8,1,3
10174,BNS,316,1,1
10174,BNS,331,1,2
10175,BNS,305,1,1
10175,BNS,303,1,2
10175,BNS,318,1,3
10176,NDPS,8,1,1
10176,NDPS,20,1,2
10177,BNS,310,1,1
10178,BNS,309,1,1
10178,BNS,316,1,2
10179,BNS,303,1,1
10179,BNS,316,1,2
10179,BNS,331,1,3
10180,BNS,109,1,1
10181,BNS,78,1,1
10181,BNS,85,1,2
10181,BNS,80,1,3
10182,BNS,80,1,1
10182,BNS,78,1,2
10182,BNS,64,1,3
10183,BNS,105,1,1
10184,NDPS,8,1,1
10184,ARMS,27,1,2
10185,BNS,105,1,1
10185,BNS,103,1,2
10186,BNS,305,1,1
10186,BNS,316,1,2
10186,BNS,309,1,3
10187,BNS,115,1,1
10187,BNS,105,1,2
10188,NDPS,20,1,1
10188,EXCISE,32,1,2
10188,NDPS,21,1,3
10189,BNS,331,1,1
10189,BNS,303,1,2
10189,BNS,318,1,3
10190,BNS,196,1,1
10191,BNS,305,1,1
10191,BNS,309,1,2
10192,BNS,305,1,1
10192,BNS,303,1,2
10193,ARMS,27,1,1
10193,NDPS,21,1,2
10193,ARMS,25,1,3
10194,BNS,109,1,1
10194,BNS,105,1,2
10195,BNS,189,1,1
10195,BNS,196,1,2
10195,BNS,351,1,3
10196,BNS,305,1,1
10196,BNS,318,1,2
10196,BNS,310,1,3
10197,MV,184,1,1
10198,MV,184,1,1
10198,MV,185,1,2
10201,BNS,331,1,1
10201,BNS,318,1,2
10202,BNS,331,1,1
10203,BNS,64,1,1
10203,BNS,74,1,2
10204,BNS,318,1,1
10204,BNS,338,1,2
10204,IT,66D,1,3
10205,BNS,309,1,1
10206,BNS,115,1,1
10207,BNS,309,1,1
10207,BNS,331,1,2
10208,BNS,305,1,1
10208,BNS,318,1,2
10208,BNS,309,1,3
10209,MV,184,1,1
10209,MV,185,1,2
10210,NDPS,8,1,1
10212,IT,66D,1,1
10212,BNS,338,1,2
10212,BNS,318,1,3
10213,BNS,80,1,1
10213,BNS,78,1,2
10214,IT,66D,1,1
10215,BNS,305,1,1
10216,BNS,316,1,1
10216,BNS,305,1,2
10217,BNS,105,1,1
10217,BNS,118,1,2
10217,BNS,115,1,3
10218,BNS,318,1,1
10218,BNS,303,1,2
10219,BNS,318,1,1
10219,BNS,310,1,2
10219,BNS,305,1,3
10220,BNS,318,1,1
10220,BNS,338,1,2
10221,BNS,331,1,1
10221,BNS,309,1,2
10222,BNS,318,1,1
10223,BNS,112,1,1
10224,BNS,338,1,1
10224,IT,66D,1,2
10225,BNS,118,1,1
10226,BNS,118,1,1
10227,BNS,309,1,1
10227,BNS,310,1,2
10227,BNS,316,1,3
10228,ARMS,27,1,1
10228,ARMS,25,1,2
10229,BNS,111,1,1
10229,BNS,196,1,2
10230,BNS,316,1,1
10230,BNS,331,1,2
10231,BNS,85,1,1
10232,BNS,112,1,1
10233,MV,184,1,1
10234,BNS,109,1,1
10235,BNS,303,1,1
10235,BNS,331,1,2
10235,BNS,310,1,3
10237,POCSO,8,1,1
10237,BNS,140,1,2
10238,BNS,78,1,1
10238,BNS,140,1,2
10238,BNS,74,1,3
10239,NDPS,21,1,1
10239,ARMS,25,1,2
10239,ARMS,27,1,3
10240,ARMS,27,1,1
10240,EXCISE,32,1,2
10240,ARMS,25,1,3
10241,BNS,111,1,1
10241,BNS,196,1,2
10241,BNS,189,1,3
10242,MV,184,1,1
10243,BNS,318,1,1
10244,BNS,338,1,1
10244,IT,66D,1,2
10245,EXCISE,32,1,1
10245,NDPS,8,1,2
10246,BNS,85,1,1
10247,BNS,85,1,1
10247,BNS,78,1,2
10247,BNS,64,1,3
10248,BNS,338,1,1
10248,BNS,318,1,2
10249,POCSO,8,1,1
10249,BNS,140,1,2
10249,POCSO,4,1,3
10250,BNS,105,1,1
10251,BNS,103,1,1
10251,BNS,118,1,2
10252,BNS,318,1,1
10252,BNS,316,1,2
10252,BNS,310,1,3
10254,BNS,191,1,1
10255,MV,184,1,1
10255,MV,185,1,2
10256,BNS,115,1,1
10256,BNS,109,1,2
10257,BNS,309,1,1
10257,BNS,303,1,2
10258,BNS,305,1,1
10259,BNS,189,1,1
10259,BNS,196,1,2
10260,PC,7,1,1
10261,MV,184,1,1
10262,BNS,318,1,1
10262,BNS,305,1,2
10262,BNS,309,1,3
10263,NDPS,8,1,1
10263,ARMS,27,1,2
10264,BNS,115,1,1
10264,BNS,103,1,2
10264,BNS,105,1,3
10265,BNS,310,1,1
10265,BNS,303,1,2
10265,BNS,331,1,3
10266,IT,66,1,1
10266,IT,66D,1,2
10267,BNS,338,1,1
10267,BNS,318,1,2
10267,IT,66D,1,3
10268,BNS,338,1,1
10269,BNS,309,1,1
10269,BNS,303,1,2
10270,BNS,111,1,1
10270,BNS,189,1,2
10270,BNS,196,1,3
10271,BNS,115,1,1
10272,MV,184,1,1
10273,MV,185,1,1
10274,MV,185,1,1
10275,BNS,331,1,1
10276,MV,185,1,1
10276,MV,184,1,2
10278,BNS,331,1,1
10279,BNS,318,1,1
10279,BNS,305,1,2
10279,BNS,331,1,3
10281,BNS,74,1,1
10282,MV,185,1,1
10282,MV,184,1,2
10283,BNS,309,1,1
10283,BNS,310,1,2
10284,BNS,74,1,1
10284,BNS,80,1,2
10284,BNS,140,1,3
10285,BNS,316,1,1
10285,BNS,318,1,2
10285,BNS,305,1,3
10286,MV,184,1,1
10287,MV,184,1,1
10287,MV,185,1,2
10288,BNS,118,1,1
10289,BNS,196,1,1
10289,BNS,112,1,2
10290,BNS,338,1,1
10291,POCSO,4,1,1
10291,BNS,140,1,2
10291,POCSO,8,1,3
10292,BNS,331,1,1
10293,BNS,303,1,1
10293,BNS,310,1,2
10294,MV,185,1,1
10295,BNS,109,1,1
10295,BNS,118,1,2
10295,BNS,103,1,3
10296,BNS,316,1,1
10297,BNS,316,1,1
10297,BNS,318,1,2
10299,MV,184,1,1
10300,BNS,310,1,1
10301,NDPS,8,1,1
10301,ARMS,27,1,2
10301,EXCISE,32,1,3
10302,BNS,318,1,1
10302,IT,66D,1,2
10302,BNS,338,1,3
10303,BNS,338,1,1
10304,BNS,103,1,1
10304,BNS,105,1,2
10305,BNS,331,1,1
10306,IT,66C,1,1
10306,IT,66D,1,2
10306,IT,66,1,3
10307,BNS,309,1,1
10308,BNS,318,1,1
10308,BNS,331,1,2
10308,BNS,316,1,3
10309,ARMS,25,1,1
10310,BNS,309,1,1
10311,BNS,318,1,1
10311,IT,66D,1,2
10311,BNS,338,1,3
10312,BNS,103,1,1
10312,BNS,109,1,2
10313,BNS,331,1,1
10313,BNS,310,1,2
10314,BNS,103,1,1
10314,BNS,105,1,2
10315,BNS,103,1,1
10316,BNS,331,1,1
10316,BNS,305,1,2
10317,BNS,303,1,1
10317,BNS,331,1,2
10317,BNS,310,1,3
10318,BNS,318,1,1
10319,BNS,331,1,1
10319,BNS,303,1,2
10319,BNS,318,1,3
10320,MV,184,1,1
10321,BNS,78,1,1
10322,BNS,303,1,1
10322,BNS,318,1,2
10323,ARMS,25,1,1
10323,EXCISE,32,1,2
10323,NDPS,21,1,3
10324,BNS,115,1,1
10325,BNS,305,1,1
10326,BNS,140,1,1
10326,BNS,85,1,2
10326,BNS,74,1,3
10327,BNS,78,1,1
10328,BNS,331,1,1
10328,BNS,316,1,2
10328,BNS,303,1,3
10329,BNS,140,1,1
10330,BNS,351,1,1
10330,BNS,191,1,2
10331,BNS,310,1,1
10331,BNS,318,1,2
10331,BNS,316,1,3
10332,IT,66C,1,1
10333,BNS,316,1,1
10333,BNS,331,1,2
10334,BNS,316,1,1
10334,BNS,310,1,2
10334,BNS,331,1,3
10335,EXCISE,32,1,1
10336,BNS,105,1,1
10336,BNS,109,1,2
10337,MV,185,1,1
10338,BNS,105,1,1
10340,BNS,318,1,1
10340,BNS,331,1,2
10340,BNS,316,1,3
10341,BNS,338,1,1
10341,IT,66D,1,2
10342,BNS,331,1,1
10342,BNS,309,1,2
10342,BNS,305,1,3
10343,MV,185,1,1
10343,MV,184,1,2
10344,BNS,331,1,1
10345,IT,66D,1,1
10345,BNS,338,1,2
10346,BNS,140,1,1
10346,BNS,64,1,2
10347,BNS,309,1,1
10348,BNS,316,1,1
10348,BNS,318,1,2
10349,BNS,305,1,1
10349,BNS,316,1,2
10349,BNS,331,1,3
10350,IT,66D,1,1
10351,BNS,118,1,1
10351,BNS,103,1,2
10351,BNS,109,1,3
10353,BNS,309,1,1
10353,BNS,316,1,2
10354,BNS,316,1,1
10354,BNS,309,1,2
10354,BNS,331,1,3
10355,BNS,331,1,1
10356,BNS,112,1,1
10357,BNS,316,1,1
10358,MV,184,1,1
10359,BNS,118,1,1
10359,BNS,105,1,2
10359,BNS,109,1,3
10360,BNS,191,1,1
10360,BNS,112,1,2
10360,BNS,196,1,3
10361,BNS,303,1,1
10361,BNS,305,1,2
10361,BNS,318,1,3
10362,BNS,318,1,1
10362,BNS,310,1,2
10362,BNS,303,1,3
10363,BNS,74,1,1
10363,BNS,140,1,2
10364,BNS,318,1,1
10364,BNS,316,1,2
10365,BNS,318,1,1
10365,BNS,338,1,2
10365,IT,66D,1,3
10366,BNS,331,1,1
10367,BNS,305,1,1
10367,BNS,310,1,2
10367,BNS,318,1,3
10368,IT,66D,1,1
10368,BNS,338,1,2
10369,MV,184,1,1
10370,BNS,318,1,1
10371,BNS,140,1,1
10372,BNS,309,1,1
10372,BNS,318,1,2
10373,BNS,310,1,1
10373,BNS,316,1,2
10374,BNS,115,1,1
10374,BNS,105,1,2
10375,MV,185,1,1
10376,BNS,140,1,1
10376,POCSO,4,1,2
10376,POCSO,8,1,3
10377,BNS,318,1,1
10377,BNS,303,1,2
10377,BNS,309,1,3
10378,BNS,305,1,1
10378,BNS,316,1,2
10378,BNS,318,1,3
10379,BNS,338,1,1
10379,BNS,318,1,2
10380,BNS,303,1,1
10380,BNS,316,1,2
10380,BNS,331,1,3
10381,BNS,109,1,1
10381,BNS,118,1,2
10381,BNS,103,1,3
10382,BNS,309,1,1
10382,BNS,318,1,2
10383,BNS,331,1,1
10383,BNS,316,1,2
10383,BNS,309,1,3
10384,BNS,338,1,1
10384,IT,66D,1,2
10385,MV,185,1,1
10385,MV,184,1,2
10387,EXCISE,32,1,1
10387,NDPS,20,1,2
10388,MV,185,1,1
10388,MV,184,1,2
10389,BNS,316,1,1
10389,BNS,318,1,2
10389,BNS,303,1,3
10390,BNS,78,1,1
10390,BNS,85,1,2
10390,BNS,80,1,3
10391,ARMS,25,1,1
10391,NDPS,8,1,2
10391,NDPS,21,1,3
10392,BNS,318,1,1
10393,MV,184,1,1
10394,BNS,305,1,1
10395,NDPS,21,1,1
10395,ARMS,27,1,2
10397,BNS,309,1,1
10397,BNS,310,1,2
10398,BNS,338,1,1
10400,BNS,105,1,1
10400,BNS,109,1,2
10400,BNS,103,1,3
10401,BNS,318,1,1
10401,BNS,305,1,2
10401,BNS,316,1,3
10402,MV,184,1,1
10402,MV,185,1,2
10403,BNS,305,1,1
10404,BNS,318,1,1
10404,BNS,309,1,2
10405,IT,66D,1,1
10406,BNS,318,1,1
10407,BNS,331,1,1
10407,BNS,305,1,2
10408,BNS,115,1,1
10408,BNS,105,1,2
10408,BNS,109,1,3
10409,BNS,303,1,1
10409,BNS,305,1,2
10410,MV,185,1,1
10411,MV,185,1,1
10412,BNS,310,1,1
10412,BNS,309,1,2
10413,BNS,303,1,1
10413,BNS,310,1,2
10414,BNS,316,1,1
10414,BNS,309,1,2
10414,BNS,305,1,3
10415,MV,184,1,1
10417,BNS,316,1,1
10417,BNS,331,1,2
10418,BNS,351,1,1
10418,BNS,191,1,2
10418,BNS,196,1,3
10419,BNS,318,1,1
10420,BNS,74,1,1
10421,BNS,318,1,1
10421,BNS,309,1,2
10423,BNS,118,1,1
10423,BNS,115,1,2
10424,BNS,305,1,1
10425,BNS,318,1,1
10425,BNS,338,1,2
10426,BNS,305,1,1
10426,BNS,303,1,2
10426,BNS,310,1,3
10427,BNS,303,1,1
10427,BNS,310,1,2
10427,BNS,305,1,3
10428,BNS,191,1,1
10428,BNS,111,1,2
10430,ARMS,27,1,1
10431,BNS,338,1,1
10431,IT,66D,1,2
10432,BNS,109,1,1
10433,BNS,109,1,1
10433,BNS,115,1,2
10433,BNS,105,1,3
10434,BNS,309,1,1
10435,BNS,115,1,1
10435,BNS,105,1,2
10436,BNS,305,1,1
10437,BNS,64,1,1
10438,MV,185,1,1
10438,MV,184,1,2
10439,BNS,118,1,1
10439,BNS,103,1,2
10440,NDPS,20,1,1
10441,BNS,331,1,1
10441,BNS,316,1,2
10442,BNS,78,1,1
10442,BNS,85,1,2
10443,BNS,140,1,1
10445,BNS,305,1,1
10445,BNS,316,1,2
10445,BNS,310,1,3
10446,BNS,80,1,1
10447,BNS,316,1,1
10447,BNS,310,1,2
10448,BNS,115,1,1
10448,BNS,105,1,2
10448,BNS,103,1,3
10449,BNS,118,1,1
10449,BNS,103,1,2
10450,BNS,103,1,1
10450,BNS,109,1,2
10450,BNS,115,1,3
10451,IT,66D,1,1
10452,BNS,318,1,1
10453,MV,185,1,1
10453,MV,184,1,2
10454,BNS,85,1,1
10455,NDPS,21,1,1
10455,EXCISE,32,1,2
10455,ARMS,27,1,3
10456,IT,66D,1,1
10457,BNS,140,1,1
10457,BNS,78,1,2
10459,MV,184,1,1
10459,MV,185,1,2
10460,BNS,118,1,1
10460,BNS,105,1,2
10460,BNS,109,1,3
10461,BNS,338,1,1
10462,BNS,140,1,1
10462,BNS,64,1,2
10463,BNS,189,1,1
10464,BNS,115,1,1
10465,MV,184,1,1
10465,MV,185,1,2
10466,BNS,338,1,1
10466,BNS,318,1,2
10467,IT,66D,1,1
10467,IT,66C,1,2
10467,IT,66,1,3
10468,BNS,115,1,1
10468,BNS,103,1,2
10469,BNS,318,1,1
10469,BNS,338,1,2
10469,IT,66D,1,3
10470,BNS,318,1,1
10471,BNS,338,1,1
10471,BNS,318,1,2
10472,MV,185,1,1
10472,MV,184,1,2
10473,BNS,309,1,1
10473,BNS,305,1,2
10473,BNS,303,1,3
10474,BNS,105,1,1
10474,BNS,115,1,2
10474,BNS,109,1,3
10475,MV,185,1,1
10476,BNS,331,1,1
10477,BNS,191,1,1
10477,BNS,196,1,2
10477,BNS,111,1,3
10478,BNS,309,1,1
10479,BNS,331,1,1
10480,BNS,115,1,1
10480,BNS,109,1,2
10481,MV,185,1,1
10482,BNS,115,1,1
10483,BNS,305,1,1
10483,BNS,310,1,2
10483,BNS,318,1,3
10484,BNS,331,1,1
10486,BNS,318,1,1
10486,BNS,316,1,2
10486,BNS,303,1,3
10487,BNS,305,1,1
10487,BNS,310,1,2
10487,BNS,309,1,3
10488,BNS,105,1,1
10488,BNS,103,1,2
10488,BNS,109,1,3
10489,BNS,338,1,1
10490,BNS,109,1,1
10490,BNS,105,1,2
10491,IT,66D,1,1
10491,BNS,338,1,2
10491,BNS,318,1,3
10492,BNS,303,1,1
10492,BNS,316,1,2
10493,BNS,303,1,1
10493,BNS,310,1,2
10493,BNS,316,1,3
10494,MV,184,1,1
10494,MV,185,1,2
10495,BNS,331,1,1
10495,BNS,303,1,2
10496,BNS,331,1,1
10496,BNS,316,1,2
10496,BNS,309,1,3
10497,BNS,331,1,1
10497,BNS,310,1,2
10497,BNS,303,1,3
10498,BNS,351,1,1
10499,BNS,305,1,1
10499,BNS,309,1,2
10500,MV,184,1,1
10500,MV,185,1,2
10501,MV,184,1,1
10502,BNS,351,1,1
10502,BNS,191,1,2
10502,BNS,111,1,3
10503,MV,184,1,1
10503,MV,185,1,2
10504,BNS,105,1,1
10504,BNS,118,1,2
10505,MV,185,1,1
10505,MV,184,1,2
10506,BNS,109,1,1
10506,BNS,105,1,2
10507,BNS,305,1,1
10507,BNS,310,1,2
10507,BNS,316,1,3
10508,MV,185,1,1
10508,MV,184,1,2
10509,BNS,64,1,1
10510,BNS,331,1,1
10511,BNS,338,1,1
10511,IT,66D,1,2
10511,BNS,318,1,3
10512,MV,185,1,1
10513,BNS,338,1,1
10513,IT,66D,1,2
10513,BNS,318,1,3
10514,BNS,318,1,1
10514,BNS,310,1,2
10514,BNS,309,1,3
10515,BNS,109,1,1
10516,BNS,140,1,1
10516,POCSO,8,1,2
10517,BNS,331,1,1
10517,BNS,305,1,2
10517,BNS,318,1,3
10518,BNS,303,1,1
10518,BNS,318,1,2
10519,BNS,191,1,1
10520,BNS,316,1,1
10520,BNS,310,1,2
10520,BNS,309,1,3
10521,BNS,331,1,1
10521,BNS,303,1,2
10521,BNS,305,1,3
10522,MV,184,1,1
10523,BNS,316,1,1
10523,BNS,309,1,2
10523,BNS,310,1,3
10525,BNS,316,1,1
10525,BNS,331,1,2
10525,BNS,318,1,3
10526,BNS,305,1,1
10526,BNS,303,1,2
10528,BNS,338,1,1
10528,BNS,318,1,2
10530,BNS,140,1,1
10530,POCSO,8,1,2
10531,BNS,318,1,1
10531,IT,66D,1,2
10532,BNS,303,1,1
10532,BNS,305,1,2
10533,BNS,115,1,1
10533,BNS,109,1,2
10534,BNS,191,1,1
10534,BNS,196,1,2
10534,BNS,111,1,3
10535,BNS,303,1,1
10537,BNS,109,1,1
10537,BNS,105,1,2
10537,BNS,118,1,3
10538,BNS,303,1,1
10538,BNS,305,1,2
10538,BNS,318,1,3
10539,BNS,303,1,1
10539,BNS,310,1,2
10540,BNS,303,1,1
10540,BNS,318,1,2
10540,BNS,305,1,3
10541,MV,184,1,1
10541,MV,185,1,2
10542,BNS,109,1,1
10542,BNS,105,1,2
10542,BNS,118,1,3
10543,MV,184,1,1
10544,IT,66D,1,1
10544,BNS,318,1,2
10545,BNS,109,1,1
10545,BNS,103,1,2
10545,BNS,105,1,3
10546,BNS,318,1,1
10546,BNS,338,1,2
10547,BNS,316,1,1
10547,BNS,309,1,2
10548,BNS,305,1,1
10549,BNS,105,1,1
10549,BNS,109,1,2
10549,BNS,115,1,3
10550,BNS,305,1,1
10550,BNS,331,1,2
10550,BNS,309,1,3
10551,BNS,305,1,1
10551,BNS,318,1,2
10552,NDPS,20,1,1
10552,ARMS,25,1,2
10552,ARMS,27,1,3
10553,MV,184,1,1
10554,BNS,305,1,1
10555,BNS,331,1,1
10555,BNS,316,1,2
10555,BNS,310,1,3
10556,BNS,316,1,1
10557,BNS,115,1,1
10557,BNS,109,1,2
10558,MV,185,1,1
10559,BNS,310,1,1
10559,BNS,331,1,2
10559,BNS,316,1,3
10560,BNS,331,1,1
10560,BNS,316,1,2
10560,BNS,318,1,3
10561,BNS,103,1,1
10561,BNS,115,1,2
10561,BNS,109,1,3
10562,BNS,80,1,1
10562,BNS,78,1,2
10562,BNS,64,1,3
10563,BNS,318,1,1
10563,BNS,338,1,2
10564,BNS,310,1,1
10565,BNS,103,1,1
10565,BNS,115,1,2
10566,BNS,80,1,1
10566,BNS,78,1,2
10566,BNS,85,1,3
10567,BNS,112,1,1
10567,BNS,351,1,2
10567,BNS,191,1,3
10568,IT,66,1,1
10569,BNS,140,1,1
10569,BNS,78,1,2
10569,BNS,85,1,3
10570,MV,185,1,1
10570,MV,184,1,2
10572,BNS,112,1,1
10572,BNS,189,1,2
10573,BNS,140,1,1
10574,IT,66D,1,1
10574,IT,66,1,2
10575,BNS,109,1,1
10575,BNS,115,1,2
10576,BNS,318,1,1
10577,BNS,303,1,1
10577,BNS,305,1,2
10578,BNS,103,1,1
10578,BNS,109,1,2
10578,BNS,115,1,3
10579,BNS,351,1,1
10579,BNS,112,1,2
10579,BNS,189,1,3
10580,BNS,310,1,1
10581,BNS,118,1,1
10581,BNS,105,1,2
10581,BNS,103,1,3
10582,BNS,309,1,1
10582,BNS,318,1,2
10583,IT,66D,1,1
10583,BNS,338,1,2
10584,BNS,118,1,1
10584,BNS,109,1,2
10585,ARMS,27,1,1
10585,NDPS,20,1,2
10586,BNS,305,1,1
10587,BNS,74,1,1
10587,BNS,80,1,2
10587,BNS,64,1,3
10588,BNS,109,1,1
10588,BNS,105,1,2
10589,BNS,351,1,1
10589,BNS,191,1,2
10590,BNS,118,1,1
10591,BNS,303,1,1
10591,BNS,316,1,2
10591,BNS,318,1,3
10592,BNS,351,1,1
10593,BNS,64,1,1
10593,BNS,140,1,2
10593,BNS,74,1,3
10594,PC,7,1,1
10595,BNS,103,1,1
10595,BNS,105,1,2
10595,BNS,115,1,3
10597,MV,185,1,1
10597,MV,184,1,2
10598,BNS,318,1,1
10598,BNS,331,1,2
10599,BNS,118,1,1
10599,BNS,103,1,2
10599,BNS,105,1,3
10601,BNS,316,1,1
10601,BNS,303,1,2
10602,BNS,105,1,1
10602,BNS,109,1,2
10603,BNS,303,1,1
10603,BNS,305,1,2
10603,BNS,331,1,3
10604,BNS,305,1,1
10604,BNS,303,1,2
10605,BNS,318,1,1
10605,BNS,331,1,2
10605,BNS,309,1,3
10606,BNS,303,1,1
10606,BNS,310,1,2
10607,MV,185,1,1
10607,MV,184,1,2
10610,MV,185,1,1
10611,ARMS,25,1,1
10611,ARMS,27,1,2
10611,NDPS,21,1,3
10612,BNS,196,1,1
10613,MV,184,1,1
10613,MV,185,1,2
10614,IT,66D,1,1
10615,MV,184,1,1
10615,MV,185,1,2
10616,BNS,118,1,1
10616,BNS,105,1,2
10617,BNS,303,1,1
10617,BNS,318,1,2
10617,BNS,316,1,3
10618,MV,184,1,1
10618,MV,185,1,2
10619,BNS,109,1,1
10619,BNS,105,1,2
10620,BNS,338,1,1
10620,IT,66D,1,2
10621,MV,185,1,1
10621,MV,184,1,2
10623,BNS,331,1,1
10624,BNS,318,1,1
10624,BNS,309,1,2
10625,BNS,316,1,1
10625,BNS,310,1,2
10625,BNS,318,1,3
10626,BNS,140,1,1
10626,BNS,74,1,2
10626,BNS,64,1,3
10627,MV,185,1,1
10628,BNS,331,1,1
10629,BNS,305,1,1
10629,BNS,331,1,2
10629,BNS,318,1,3
10630,BNS,338,1,1
10630,BNS,318,1,2
10630,IT,66D,1,3
10631,MV,184,1,1
10631,MV,185,1,2
10632,BNS,310,1,1
10633,BNS,331,1,1
10634,MV,185,1,1
10635,BNS,331,1,1
10635,BNS,305,1,2
10635,BNS,318,1,3
10636,BNS,140,1,1
10636,BNS,85,1,2
10637,BNS,64,1,1
10637,BNS,140,1,2
10637,BNS,85,1,3
10638,BNS,115,1,1
10638,BNS,109,1,2
10638,BNS,105,1,3
10640,BNS,118,1,1
10640,BNS,115,1,2
10640,BNS,105,1,3
10641,BNS,316,1,1
10641,BNS,318,1,2
10642,BNS,85,1,1
10642,BNS,64,1,2
10642,BNS,78,1,3
10644,MV,184,1,1
10644,MV,185,1,2
10645,BNS,80,1,1
10645,BNS,140,1,2
10645,BNS,64,1,3
10646,BNS,112,1,1
10647,IT,66D,1,1
10647,BNS,338,1,2
10648,BNS,316,1,1
10648,BNS,318,1,2
10649,BNS,140,1,1
10649,BNS,85,1,2
10649,BNS,80,1,3
10650,EXCISE,32,1,1
10650,NDPS,8,1,2
10650,ARMS,25,1,3
10651,BNS,316,1,1
10651,BNS,303,1,2
10651,BNS,331,1,3
10652,BNS,305,1,1
10652,BNS,316,1,2
10652,BNS,303,1,3
10653,IT,66,1,1
10653,IT,66C,1,2
10653,IT,66D,1,3
10654,BNS,318,1,1
10655,IT,66D,1,1
10655,IT,66,1,2
10655,IT,66C,1,3
10656,NDPS,21,1,1
10656,ARMS,27,1,2
10656,EXCISE,32,1,3
10657,MV,185,1,1
10657,MV,184,1,2
10658,BNS,305,1,1
10658,BNS,310,1,2
10658,BNS,331,1,3
10659,BNS,303,1,1
10659,BNS,316,1,2
10659,BNS,318,1,3
10660,BNS,140,1,1
10660,POCSO,8,1,2
10661,MV,184,1,1
10661,MV,185,1,2
10662,BNS,78,1,1
10662,BNS,64,1,2
10662,BNS,85,1,3
10663,BNS,310,1,1
10663,BNS,318,1,2
10664,BNS,303,1,1
10664,BNS,318,1,2
10665,BNS,318,1,1
10666,BNS,309,1,1
10667,BNS,105,1,1
10668,BNS,309,1,1
10668,BNS,318,1,2
10669,BNS,316,1,1
10669,BNS,303,1,2
10670,BNS,331,1,1
10671,BNS,318,1,1
10671,BNS,331,1,2
10672,NDPS,21,1,1
10672,NDPS,20,1,2
10672,ARMS,25,1,3
10673,BNS,318,1,1
10674,BNS,338,1,1
10674,IT,66D,1,2
10675,MV,185,1,1
10676,IT,66D,1,1
10676,BNS,338,1,2
10677,EXCISE,32,1,1
10677,NDPS,8,1,2
10677,ARMS,27,1,3
10679,NDPS,21,1,1
10679,NDPS,8,1,2
10679,ARMS,25,1,3
10680,BNS,111,1,1
10680,BNS,351,1,2
10680,BNS,189,1,3
10681,BNS,318,1,1
10681,IT,66D,1,2
10681,BNS,338,1,3
10682,ARMS,27,1,1
10682,NDPS,21,1,2
10682,NDPS,20,1,3
10683,MV,184,1,1
10683,MV,185,1,2
10684,BNS,318,1,1
10685,BNS,318,1,1
10686,BNS,331,1,1
10686,BNS,309,1,2
10686,BNS,303,1,3
10688,EXCISE,32,1,1
10689,BNS,115,1,1
10689,BNS,118,1,2
10690,BNS,310,1,1
10691,BNS,74,1,1
10691,BNS,64,1,2
10692,BNS,305,1,1
10692,BNS,318,1,2
10692,BNS,316,1,3
10693,BNS,318,1,1
10693,BNS,338,1,2
10694,MV,185,1,1
10695,BNS,305,1,1
10696,BNS,351,1,1
10696,BNS,196,1,2
10697,BNS,78,1,1
10698,BNS,338,1,1
10699,IT,66D,1,1
10700,BNS,318,1,1
10701,BNS,316,1,1
10702,BNS,309,1,1
10702,BNS,303,1,2
10703,BNS,103,1,1
10703,BNS,105,1,2
10703,BNS,109,1,3
10704,MV,184,1,1
10705,BNS,318,1,1
10705,BNS,309,1,2
10705,BNS,303,1,3
10706,MV,184,1,1
10706,MV,185,1,2
10707,BNS,316,1,1
10707,BNS,310,1,2
10707,BNS,305,1,3
10708,BNS,105,1,1
10708,BNS,118,1,2
10709,MV,184,1,1
10710,BNS,189,1,1
10710,BNS,351,1,2
10711,BNS,140,1,1
10712,BNS,318,1,1
10712,BNS,338,1,2
10714,BNS,74,1,1
10714,BNS,140,1,2
10714,BNS,78,1,3
10715,MV,184,1,1
10715,MV,185,1,2
10716,BNS,309,1,1
10717,BNS,310,1,1
10717,BNS,309,1,2
10718,BNS,309,1,1
10719,BNS,303,1,1
10720,BNS,112,1,1
10720,BNS,196,1,2
10720,BNS,189,1,3
10721,BNS,118,1,1
10721,BNS,115,1,2
10722,BNS,103,1,1
10722,BNS,115,1,2
10722,BNS,109,1,3
10723,BNS,318,1,1
10724,BNS,316,1,1
10725,BNS,310,1,1
10725,BNS,331,1,2
10726,BNS,331,1,1
10726,BNS,318,1,2
10726,BNS,305,1,3
10728,BNS,338,1,1
10729,BNS,118,1,1
10730,BNS,112,1,1
10730,BNS,191,1,2
10731,BNS,109,1,1
10731,BNS,118,1,2
10732,BNS,318,1,1
10732,BNS,331,1,2
10733,BNS,309,1,1
10733,BNS,331,1,2
10733,BNS,316,1,3
10734,BNS,331,1,1
10734,BNS,316,1,2
10735,BNS,318,1,1
10735,BNS,338,1,2
10735,IT,66D,1,3
10736,BNS,310,1,1
10737,BNS,305,1,1
10739,BNS,115,1,1
10739,BNS,118,1,2
10739,BNS,103,1,3
10740,BNS,115,1,1
10741,EXCISE,32,1,1
10741,NDPS,8,1,2
10741,ARMS,25,1,3
10742,BNS,103,1,1
10743,BNS,78,1,1
10743,BNS,85,1,2
10743,BNS,80,1,3
10744,BNS,305,1,1
10745,BNS,305,1,1
10745,BNS,316,1,2
10746,BNS,305,1,1
10746,BNS,303,1,2
10746,BNS,310,1,3
10747,MV,185,1,1
10747,MV,184,1,2
10748,BNS,196,1,1
10748,BNS,189,1,2
10748,BNS,111,1,3
10749,BNS,338,1,1
10749,IT,66D,1,2
10749,BNS,318,1,3
10750,BNS,140,1,1
10750,BNS,80,1,2
10750,BNS,85,1,3
10751,BNS,305,1,1
10751,BNS,318,1,2
10751,BNS,309,1,3
10752,BNS,115,1,1
10752,BNS,105,1,2
10752,BNS,118,1,3
10753,BNS,316,1,1
10753,BNS,303,1,2
10753,BNS,310,1,3
10755,MV,185,1,1
10756,BNS,316,1,1
10757,BNS,318,1,1
10757,IT,66D,1,2
10758,BNS,309,1,1
10758,BNS,316,1,2
10758,BNS,331,1,3
10759,BNS,118,1,1
10761,BNS,331,1,1
10761,BNS,309,1,2
10761,BNS,316,1,3
10762,IT,66D,1,1
10762,BNS,318,1,2
10763,BNS,331,1,1
10763,BNS,305,1,2
10763,BNS,309,1,3
10764,BNS,310,1,1
10764,BNS,305,1,2
10765,BNS,318,1,1
10765,BNS,310,1,2
10766,BNS,64,1,1
10768,BNS,103,1,1
10769,BNS,318,1,1
10769,BNS,305,1,2
10769,BNS,331,1,3
10770,BNS,338,1,1
10770,IT,66D,1,2
10770,BNS,318,1,3
10771,BNS,318,1,1
10771,BNS,316,1,2
10771,BNS,309,1,3
10772,BNS,316,1,1
10772,BNS,318,1,2
10772,BNS,305,1,3
10773,POCSO,8,1,1
10774,BNS,318,1,1
10775,BNS,115,1,1
10775,BNS,105,1,2
10775,BNS,103,1,3
10776,BNS,316,1,1
10777,BNS,303,1,1
10777,BNS,310,1,2
10777,BNS,309,1,3
10778,BNS,309,1,1
10778,BNS,318,1,2
10779,BNS,189,1,1
10779,BNS,111,1,2
10779,BNS,351,1,3
10780,MV,185,1,1
10780,MV,184,1,2
10781,BNS,331,1,1
10781,BNS,309,1,2
10781,BNS,310,1,3
10782,IT,66D,1,1
10782,BNS,338,1,2
10782,BNS,318,1,3
10783,BNS,316,1,1
10783,BNS,331,1,2
10783,BNS,303,1,3
10784,NDPS,21,1,1
10784,ARMS,25,1,2
10784,EXCISE,32,1,3
10785,BNS,331,1,1
10786,BNS,303,1,1
10786,BNS,310,1,2
10787,BNS,305,1,1
10787,BNS,310,1,2
10787,BNS,303,1,3
10788,ARMS,27,1,1
10788,NDPS,8,1,2
10789,BNS,338,1,1
10789,BNS,318,1,2
10789,IT,66D,1,3
10790,BNS,85,1,1
10790,BNS,140,1,2
10790,BNS,80,1,3
10792,ARMS,25,1,1
10793,MV,184,1,1
10794,BNS,85,1,1
10794,BNS,80,1,2
10795,BNS,316,1,1
10796,BNS,111,1,1
10796,BNS,351,1,2
10797,BNS,115,1,1
10797,BNS,118,1,2
10798,BNS,303,1,1
10798,BNS,305,1,2
10799,BNS,103,1,1
10799,BNS,109,1,2
10799,BNS,105,1,3
10801,BNS,80,1,1
10801,BNS,74,1,2
10802,BNS,191,1,1
10802,BNS,189,1,2
10803,BNS,318,1,1
10804,MV,184,1,1
10805,ARMS,25,1,1
10805,EXCISE,32,1,2
10805,ARMS,27,1,3
10806,IT,66C,1,1
10807,IT,66D,1,1
10807,BNS,338,1,2
10807,BNS,318,1,3
10808,BNS,74,1,1
10808,BNS,85,1,2
10808,BNS,80,1,3
10809,BNS,309,1,1
10810,IT,66D,1,1
10810,BNS,338,1,2
10810,BNS,318,1,3
10811,MV,184,1,1
10811,MV,185,1,2
10812,BNS,109,1,1
10813,MV,185,1,1
10814,BNS,309,1,1
10814,BNS,331,1,2
10815,BNS,316,1,1
10815,BNS,331,1,2
10815,BNS,305,1,3
10816,BNS,318,1,1
10816,BNS,309,1,2
10816,BNS,305,1,3
10817,BNS,305,1,1
10817,BNS,316,1,2
10818,BNS,351,1,1
10818,BNS,196,1,2
10819,MV,185,1,1
10819,MV,184,1,2
10820,MV,185,1,1
10820,MV,184,1,2
10821,BNS,309,1,1
10822,IT,66D,1,1
10822,BNS,318,1,2
10822,BNS,338,1,3
10823,POCSO,8,1,1
10823,POCSO,4,1,2
10824,ARMS,27,1,1
10825,BNS,64,1,1
10825,BNS,85,1,2
10825,BNS,74,1,3
10826,BNS,318,1,1
10827,BNS,305,1,1
10827,BNS,303,1,2
10827,BNS,331,1,3
10828,BNS,318,1,1
10828,IT,66D,1,2
10828,BNS,338,1,3
10829,MV,184,1,1
10829,MV,185,1,2
10830,BNS,310,1,1
10830,BNS,318,1,2
10830,BNS,331,1,3
10831,BNS,140,1,1
10831,BNS,64,1,2
10831,BNS,80,1,3
10832,NDPS,8,1,1
10833,ARMS,27,1,1
10833,NDPS,21,1,2
10833,NDPS,8,1,3
10834,BNS,80,1,1
10834,BNS,74,1,2
10834,BNS,85,1,3
10835,MV,184,1,1
10835,MV,185,1,2
10836,BNS,316,1,1
10837,BNS,338,1,1
10838,BNS,338,1,1
10838,IT,66D,1,2
10838,BNS,318,1,3
10839,BNS,318,1,1
10839,BNS,316,1,2
10839,BNS,309,1,3
10841,BNS,318,1,1
10842,MV,184,1,1
10842,MV,185,1,2
10843,IT,66D,1,1
10844,BNS,105,1,1
10845,BNS,303,1,1
10846,BNS,305,1,1
10846,BNS,310,1,2
10846,BNS,318,1,3
10847,BNS,318,1,1
10847,BNS,305,1,2
10848,IT,66D,1,1
10848,BNS,318,1,2
10849,BNS,140,1,1
10849,BNS,85,1,2
10849,BNS,80,1,3
10850,PC,7,1,1
10851,MV,184,1,1
10851,MV,185,1,2
10852,MV,184,1,1
10853,BNS,331,1,1
10853,BNS,318,1,2
10853,BNS,310,1,3
10854,BNS,305,1,1
10854,BNS,303,1,2
10855,IT,66D,1,1
10856,BNS,331,1,1
10856,BNS,316,1,2
10856,BNS,309,1,3
10857,BNS,196,1,1
10857,BNS,189,1,2
10858,BNS,103,1,1
10858,BNS,115,1,2
10858,BNS,118,1,3
10859,MV,184,1,1
10859,MV,185,1,2
10860,BNS,318,1,1
10860,BNS,310,1,2
10861,BNS,331,1,1
10861,BNS,318,1,2
10862,MV,184,1,1
10863,BNS,331,1,1
10863,BNS,318,1,2
10864,BNS,80,1,1
10864,BNS,64,1,2
10864,BNS,85,1,3
10865,BNS,303,1,1
10865,BNS,310,1,2
10865,BNS,309,1,3
10866,BNS,318,1,1
10867,BNS,305,1,1
10870,BNS,309,1,1
10870,BNS,318,1,2
10870,BNS,331,1,3
10871,BNS,140,1,1
10871,BNS,74,1,2
10872,BNS,118,1,1
10872,BNS,115,1,2
10873,MV,184,1,1
10874,MV,185,1,1
10874,MV,184,1,2
10875,BNS,74,1,1
10876,BNS,103,1,1
10876,BNS,115,1,2
10877,BNS,105,1,1
10878,BNS,74,1,1
10878,BNS,78,1,2
10878,BNS,80,1,3
10879,BNS,351,1,1
10879,BNS,111,1,2
10880,BNS,310,1,1
10880,BNS,305,1,2
10881,BNS,305,1,1
10881,BNS,331,1,2
10882,BNS,331,1,1
10883,MV,185,1,1
10883,MV,184,1,2
10884,BNS,338,1,1
10885,BNS,318,1,1
10885,BNS,305,1,2
10885,BNS,303,1,3
10886,BNS,331,1,1
10886,BNS,318,1,2
10887,BNS,118,1,1
10887,BNS,115,1,2
10888,IT,66,1,1
10888,IT,66D,1,2
10889,BNS,338,1,1
10890,BNS,338,1,1
10891,BNS,318,1,1
10891,BNS,303,1,2
10891,BNS,310,1,3
10892,BNS,112,1,1
10893,MV,184,1,1
10894,BNS,318,1,1
10894,BNS,309,1,2
10894,BNS,331,1,3
10895,IT,66C,1,1
10895,IT,66,1,2
10896,BNS,331,1,1
10896,BNS,309,1,2
10896,BNS,318,1,3
10897,MV,185,1,1
10898,BNS,331,1,1
10899,BNS,303,1,1
10899,BNS,305,1,2
10899,BNS,316,1,3
10900,IT,66D,1,1
10900,IT,66,1,2
10901,POCSO,8,1,1
10901,POCSO,4,1,2
10902,BNS,118,1,1
10903,BNS,331,1,1
10903,BNS,318,1,2
10904,BNS,303,1,1
10904,BNS,331,1,2
10904,BNS,305,1,3
10905,BNS,303,1,1
10905,BNS,316,1,2
10905,BNS,318,1,3
10906,BNS,78,1,1
10906,BNS,140,1,2
10906,BNS,74,1,3
10907,BNS,85,1,1
10907,BNS,80,1,2
10907,BNS,140,1,3
10908,MV,185,1,1
10909,BNS,140,1,1
10910,BNS,310,1,1
10910,BNS,309,1,2
10910,BNS,331,1,3
10911,BNS,305,1,1
10912,BNS,316,1,1
10912,BNS,309,1,2
10912,BNS,303,1,3
10913,EXCISE,32,1,1
10914,BNS,318,1,1
10915,BNS,303,1,1
10916,BNS,78,1,1
10916,BNS,85,1,2
10917,BNS,316,1,1
10917,BNS,305,1,2
10918,BNS,309,1,1
10919,BNS,85,1,1
10920,BNS,105,1,1
10921,BNS,303,1,1
10922,BNS,309,1,1
10922,BNS,303,1,2
10923,IT,66,1,1
10924,BNS,140,1,1
10924,BNS,80,1,2
10924,BNS,64,1,3
10925,BNS,303,1,1
10925,BNS,310,1,2
10926,ARMS,25,1,1
10926,NDPS,21,1,2
10926,NDPS,20,1,3
10927,BNS,105,1,1
10928,BNS,64,1,1
10928,BNS,78,1,2
10928,BNS,74,1,3
10929,BNS,331,1,1
10930,ARMS,25,1,1
10930,EXCISE,32,1,2
10930,NDPS,20,1,3
10931,BNS,338,1,1
10931,IT,66D,1,2
10931,BNS,318,1,3
10932,BNS,305,1,1
10933,BNS,338,1,1
10933,BNS,318,1,2
10933,IT,66D,1,3
10934,IT,66D,1,1
10934,IT,66,1,2
10935,BNS,318,1,1
10935,BNS,338,1,2
10935,IT,66D,1,3
10936,BNS,303,1,1
10936,BNS,318,1,2
10937,NDPS,8,1,1
10937,ARMS,27,1,2
10938,MV,185,1,1
10939,BNS,111,1,1
10939,BNS,191,1,2
10940,BNS,118,1,1
10940,BNS,103,1,2
10940,BNS,105,1,3
10942,BNS,310,1,1
10942,BNS,305,1,2
10943,BNS,189,1,1
10943,BNS,191,1,2
10943,BNS,111,1,3
10944,BNS,103,1,1
10944,BNS,109,1,2
10945,POCSO,4,1,1
10945,BNS,140,1,2
10946,BNS,318,1,1
10946,BNS,303,1,2
10946,BNS,309,1,3
10948,MV,184,1,1
10949,NDPS,20,1,1
10950,BNS,80,1,1
10951,BNS,74,1,1
10951,BNS,80,1,2
10951,BNS,78,1,3
10952,IT,66D,1,1
10952,BNS,318,1,2
10952,BNS,338,1,3
10953,ARMS,25,1,1
10954,MV,185,1,1
10954,MV,184,1,2
10955,MV,185,1,1
10956,BNS,115,1,1
10956,BNS,118,1,2
10957,BNS,316,1,1
10957,BNS,309,1,2
10958,PC,7,1,1
10959,BNS,318,1,1
10959,BNS,310,1,2
10960,BNS,310,1,1
10962,EXCISE,32,1,1
10962,ARMS,27,1,2
10963,MV,185,1,1
10963,MV,184,1,2
10964,BNS,85,1,1
10964,BNS,80,1,2
10964,BNS,64,1,3
10965,BNS,118,1,1
10965,BNS,105,1,2
10965,BNS,109,1,3
10966,NDPS,8,1,1
10966,ARMS,27,1,2
10967,IT,66,1,1
10967,IT,66C,1,2
10968,BNS,189,1,1
10968,BNS,112,1,2
10968,BNS,196,1,3
10969,BNS,85,1,1
10969,BNS,64,1,2
10970,BNS,305,1,1
10970,BNS,318,1,2
10971,BNS,118,1,1
10972,NDPS,8,1,1
10972,NDPS,20,1,2
10972,ARMS,27,1,3
10975,MV,184,1,1
10975,MV,185,1,2
10976,BNS,103,1,1
10976,BNS,109,1,2
10977,BNS,74,1,1
10978,BNS,118,1,1
10978,BNS,109,1,2
10979,BNS,74,1,1
10980,BNS,331,1,1
10980,BNS,303,1,2
10980,BNS,316,1,3
10981,ARMS,27,1,1
10981,NDPS,8,1,2
10981,EXCISE,32,1,3
10982,BNS,318,1,1
10982,BNS,303,1,2
10983,MV,184,1,1
10983,MV,185,1,2
10984,BNS,305,1,1
10984,BNS,316,1,2
10984,BNS,309,1,3
10985,BNS,118,1,1
10985,BNS,109,1,2
10986,BNS,309,1,1
10987,BNS,351,1,1
10987,BNS,189,1,2
10987,BNS,191,1,3
10988,BNS,318,1,1
10988,BNS,303,1,2
10988,BNS,309,1,3
10989,BNS,318,1,1
10990,BNS,331,1,1
10991,IT,66D,1,1
10991,BNS,338,1,2
10991,BNS,318,1,3
10992,BNS,191,1,1
10992,BNS,111,1,2
10992,BNS,196,1,3
10993,BNS,103,1,1
10993,BNS,105,1,2
10993,BNS,109,1,3
10994,NDPS,8,1,1
10995,IT,66D,1,1
10995,BNS,318,1,2
10995,BNS,338,1,3
10996,PC,7,1,1
10997,BNS,74,1,1
10997,BNS,64,1,2
10997,BNS,78,1,3
10998,BNS,196,1,1
10999,BNS,305,1,1
10999,BNS,310,1,2
10999,BNS,318,1,3
11000,NDPS,21,1,1
11001,BNS,310,1,1
11001,BNS,331,1,2
11003,BNS,318,1,1
11004,BNS,310,1,1
11005,MV,184,1,1
11006,MV,185,1,1
11006,MV,184,1,2
11007,BNS,103,1,1
11007,BNS,118,1,2
11008,MV,184,1,1
11008,MV,185,1,2
11009,BNS,309,1,1
11009,BNS,305,1,2
11010,BNS,118,1,1
11010,BNS,103,1,2
11010,BNS,115,1,3
11011,IT,66D,1,1
11012,POCSO,4,1,1
11012,POCSO,8,1,2
11012,BNS,140,1,3
11013,MV,184,1,1
11014,BNS,310,1,1
11014,BNS,318,1,2
11014,BNS,305,1,3
11015,BNS,331,1,1
11015,BNS,305,1,2
11015,BNS,309,1,3
11016,MV,185,1,1
11016,MV,184,1,2
11017,IT,66D,1,1
11017,BNS,318,1,2
11017,BNS,338,1,3
11018,BNS,109,1,1
11019,BNS,118,1,1
11020,BNS,109,1,1
11021,IT,66D,1,1
11023,BNS,318,1,1
11023,BNS,338,1,2
11023,IT,66D,1,3
11024,BNS,109,1,1
11025,BNS,338,1,1
11025,BNS,318,1,2
11026,BNS,338,1,1
11027,BNS,351,1,1
11027,BNS,111,1,2
11028,BNS,310,1,1
11028,BNS,303,1,2
11029,BNS,316,1,1
11029,BNS,310,1,2
11029,BNS,309,1,3
11030,BNS,303,1,1
11030,BNS,309,1,2
11031,BNS,318,1,1
11031,BNS,303,1,2
11032,BNS,318,1,1
11032,BNS,309,1,2
11033,BNS,103,1,1
11034,IT,66,1,1
11034,IT,66D,1,2
11035,BNS,105,1,1
11036,BNS,318,1,1
11036,BNS,331,1,2
11036,BNS,316,1,3
11037,BNS,105,1,1
11037,BNS,118,1,2
11037,BNS,115,1,3
11038,MV,184,1,1
11039,BNS,85,1,1
11039,BNS,80,1,2
11040,BNS,140,1,1
11041,BNS,310,1,1
11041,BNS,309,1,2
11042,BNS,331,1,1
11043,IT,66D,1,1
11044,BNS,118,1,1
11044,BNS,105,1,2
11044,BNS,115,1,3
11045,MV,185,1,1
11045,MV,184,1,2
11046,BNS,189,1,1
11046,BNS,351,1,2
11046,BNS,112,1,3
11047,BNS,310,1,1
11047,BNS,303,1,2
11047,BNS,318,1,3
11048,BNS,109,1,1
11049,BNS,303,1,1
11050,BNS,191,1,1
11051,BNS,105,1,1
11051,BNS,103,1,2
11051,BNS,115,1,3
11052,BNS,191,1,1
11053,BNS,118,1,1
11054,BNS,64,1,1
11055,BNS,112,1,1
11055,BNS,189,1,2
11055,BNS,351,1,3
11056,MV,185,1,1
11057,IT,66D,1,1
11057,BNS,338,1,2
11058,BNS,331,1,1
11058,BNS,309,1,2
11059,BNS,105,1,1
11059,BNS,109,1,2
11060,BNS,316,1,1
11060,BNS,309,1,2
11061,ARMS,27,1,1
11061,NDPS,20,1,2
11062,BNS,318,1,1
11063,BNS,338,1,1
11063,BNS,318,1,2
11064,BNS,331,1,1
11064,BNS,318,1,2
11065,ARMS,25,1,1
11066,IT,66D,1,1
11067,BNS,331,1,1
11067,BNS,316,1,2
11068,BNS,103,1,1
11069,BNS,78,1,1
11069,BNS,85,1,2
11069,BNS,64,1,3
11071,BNS,303,1,1
11071,BNS,331,1,2
11071,BNS,309,1,3
11072,BNS,351,1,1
11072,BNS,189,1,2
11074,BNS,118,1,1
11074,BNS,103,1,2
11074,BNS,109,1,3
11075,ARMS,27,1,1
11075,NDPS,20,1,2
11076,BNS,191,1,1
11076,BNS,351,1,2
11076,BNS,189,1,3
11077,BNS,305,1,1
11077,BNS,309,1,2
11078,BNS,316,1,1
11079,BNS,316,1,1
11079,BNS,309,1,2
11080,MV,184,1,1
11080,MV,185,1,2
11081,BNS,305,1,1
11081,BNS,331,1,2
11081,BNS,310,1,3
11082,MV,184,1,1
11082,MV,185,1,2
11084,BNS,318,1,1
11085,BNS,64,1,1
11085,BNS,85,1,2
11086,BNS,64,1,1
11087,IT,66D,1,1
11088,MV,184,1,1
11089,BNS,309,1,1
11089,BNS,305,1,2
11089,BNS,331,1,3
11090,BNS,309,1,1
11091,BNS,189,1,1
11092,BNS,316,1,1
11092,BNS,331,1,2
11093,IT,66D,1,1
11093,BNS,318,1,2
11094,BNS,331,1,1
11095,MV,185,1,1
11096,BNS,118,1,1
11096,BNS,115,1,2
11096,BNS,103,1,3
11097,BNS,78,1,1
11097,BNS,85,1,2
11098,BNS,85,1,1
11098,BNS,74,1,2
11098,BNS,140,1,3
11099,MV,185,1,1
11100,BNS,189,1,1
11101,BNS,318,1,1
11101,BNS,316,1,2
11101,BNS,309,1,3
11102,NDPS,21,1,1
11102,ARMS,25,1,2
11103,BNS,140,1,1
11103,BNS,78,1,2
11104,MV,185,1,1
11104,MV,184,1,2
11105,BNS,305,1,1
11105,BNS,303,1,2
11106,BNS,303,1,1
11106,BNS,318,1,2
11107,BNS,303,1,1
11107,BNS,316,1,2
11108,BNS,310,1,1
11108,BNS,318,1,2
11108,BNS,309,1,3
11109,BNS,310,1,1
11109,BNS,331,1,2
11109,BNS,309,1,3
11110,BNS,318,1,1
11111,BNS,118,1,1
11111,BNS,109,1,2
11111,BNS,105,1,3
11112,BNS,115,1,1
11112,BNS,109,1,2
11113,BNS,303,1,1
11113,BNS,310,1,2
11114,IT,66D,1,1
11114,BNS,338,1,2
11114,BNS,318,1,3
11115,MV,184,1,1
11115,MV,185,1,2
11116,ARMS,25,1,1
11116,NDPS,21,1,2
11117,BNS,318,1,1
11117,BNS,331,1,2
11117,BNS,305,1,3
11118,BNS,316,1,1
11118,BNS,305,1,2
11118,BNS,309,1,3
11119,BNS,318,1,1
11119,BNS,309,1,2
11120,BNS,64,1,1
11121,BNS,78,1,1
11122,ARMS,27,1,1
11122,ARMS,25,1,2
11123,BNS,338,1,1
11123,IT,66D,1,2
11124,MV,184,1,1
11125,BNS,316,1,1
11125,BNS,309,1,2
11125,BNS,305,1,3
11126,BNS,80,1,1
11127,BNS,338,1,1
11128,BNS,331,1,1
11129,BNS,338,1,1
11129,IT,66D,1,2
11130,BNS,303,1,1
11130,BNS,310,1,2
11131,MV,184,1,1
11132,BNS,118,1,1
11132,BNS,105,1,2
11132,BNS,103,1,3
11133,BNS,78,1,1
11134,BNS,85,1,1
11135,BNS,318,1,1
11135,BNS,338,1,2
11136,BNS,111,1,1
11136,BNS,191,1,2
11138,BNS,103,1,1
11138,BNS,115,1,2
11139,BNS,316,1,1
11139,BNS,310,1,2
11139,BNS,309,1,3
11140,MV,185,1,1
11140,MV,184,1,2
11141,BNS,331,1,1
11141,BNS,316,1,2
11141,BNS,305,1,3
11142,BNS,318,1,1
11142,BNS,310,1,2
11142,BNS,331,1,3
11143,BNS,85,1,1
11144,MV,184,1,1
11145,BNS,331,1,1
11145,BNS,318,1,2
11145,BNS,305,1,3
11146,MV,185,1,1
11146,MV,184,1,2
11147,MV,184,1,1
11147,MV,185,1,2
11148,BNS,118,1,1
11148,BNS,105,1,2
11149,BNS,318,1,1
11149,BNS,338,1,2
11150,BNS,103,1,1
11150,BNS,109,1,2
11150,BNS,115,1,3
11151,BNS,310,1,1
11151,BNS,309,1,2
11152,BNS,189,1,1
11153,BNS,316,1,1
11153,BNS,303,1,2
11153,BNS,318,1,3
11154,BNS,140,1,1
11154,BNS,80,1,2
11154,BNS,74,1,3
11155,BNS,140,1,1
11155,BNS,85,1,2
11155,BNS,64,1,3
11156,BNS,338,1,1
11156,BNS,318,1,2
11157,BNS,305,1,1
11158,MV,185,1,1
11159,MV,185,1,1
11159,MV,184,1,2
11160,BNS,331,1,1
11161,BNS,318,1,1
11161,BNS,338,1,2
11161,IT,66D,1,3
11162,BNS,318,1,1
11162,BNS,338,1,2
11162,IT,66D,1,3
11163,BNS,318,1,1
11164,IT,66D,1,1
11165,BNS,118,1,1
11166,BNS,305,1,1
11166,BNS,309,1,2
11167,NDPS,20,1,1
11168,IT,66,1,1
11169,BNS,85,1,1
11169,BNS,64,1,2
11169,BNS,74,1,3
11170,BNS,85,1,1
11171,BNS,78,1,1
11171,BNS,80,1,2
11172,BNS,310,1,1
11172,BNS,318,1,2
11173,BNS,309,1,1
11173,BNS,316,1,2
11174,BNS,111,1,1
11175,BNS,318,1,1
11176,BNS,189,1,1
11177,BNS,103,1,1
11178,BNS,140,1,1
11179,BNS,338,1,1
11179,IT,66D,1,2
11179,BNS,318,1,3
11180,BNS,196,1,1
11181,BNS,338,1,1
11182,IT,66D,1,1
11183,BNS,191,1,1
11184,BNS,316,1,1
11184,BNS,309,1,2
11185,BNS,74,1,1
11185,BNS,64,1,2
11186,BNS,140,1,1
11186,BNS,64,1,2
11188,ARMS,27,1,1
11189,MV,185,1,1
11190,BNS,115,1,1
11190,BNS,118,1,2
11191,BNS,109,1,1
11191,BNS,115,1,2
11191,BNS,118,1,3
11192,BNS,196,1,1
11192,BNS,191,1,2
11193,BNS,118,1,1
11193,BNS,115,1,2
11194,BNS,80,1,1
11195,BNS,105,1,1
11195,BNS,118,1,2
11196,BNS,305,1,1
11197,NDPS,8,1,1
11197,NDPS,21,1,2
11198,NDPS,20,1,1
11199,BNS,318,1,1
11199,BNS,309,1,2
11200,MV,185,1,1
11200,MV,184,1,2
11201,NDPS,20,1,1
11201,ARMS,25,1,2
11202,BNS,305,1,1
11203,BNS,316,1,1
11203,BNS,331,1,2
11204,EXCISE,32,1,1
11204,NDPS,8,1,2
11204,ARMS,27,1,3
11205,BNS,318,1,1
11205,IT,66D,1,2
11206,BNS,85,1,1
11207,BNS,303,1,1
11208,BNS,318,1,1
11208,IT,66D,1,2
11209,BNS,103,1,1
11210,BNS,318,1,1
11210,IT,66D,1,2
11211,BNS,305,1,1
11211,BNS,331,1,2
11211,BNS,318,1,3
11212,BNS,196,1,1
11212,BNS,189,1,2
11212,BNS,112,1,3
11213,BNS,118,1,1
11213,BNS,105,1,2
11214,BNS,303,1,1
11215,BNS,109,1,1
11216,BNS,303,1,1
11217,BNS,305,1,1
11217,BNS,309,1,2
11217,BNS,310,1,3
11218,BNS,316,1,1
11218,BNS,331,1,2
11219,BNS,338,1,1
11220,BNS,140,1,1
11220,POCSO,4,1,2
11220,POCSO,8,1,3
11221,MV,185,1,1
11221,MV,184,1,2
11222,BNS,191,1,1
11222,BNS,112,1,2
11222,BNS,189,1,3
11223,BNS,309,1,1
11224,BNS,78,1,1
11224,BNS,80,1,2
11224,BNS,74,1,3
11225,BNS,196,1,1
11225,BNS,189,1,2
11226,BNS,310,1,1
11227,BNS,103,1,1
11227,BNS,105,1,2
11228,BNS,118,1,1
11228,BNS,109,1,2
11228,BNS,115,1,3
11229,BNS,111,1,1
11230,BNS,191,1,1
11230,BNS,111,1,2
11230,BNS,351,1,3
11231,BNS,316,1,1
11232,BNS,338,1,1
11232,IT,66D,1,2
11233,BNS,74,1,1
11233,BNS,80,1,2
11234,BNS,85,1,1
11234,BNS,80,1,2
11234,BNS,140,1,3
11235,BNS,78,1,1
11235,BNS,85,1,2
11235,BNS,64,1,3
11236,BNS,310,1,1
11236,BNS,318,1,2
11238,BNS,191,1,1
11238,BNS,351,1,2
11238,BNS,189,1,3
11239,BNS,318,1,1
11239,BNS,303,1,2
11239,BNS,316,1,3
11240,MV,184,1,1
11241,MV,184,1,1
11242,BNS,111,1,1
11242,BNS,351,1,2
11243,ARMS,27,1,1
11244,BNS,338,1,1
11245,BNS,118,1,1
11247,BNS,140,1,1
11247,BNS,78,1,2
11247,BNS,64,1,3
11248,BNS,310,1,1
11249,BNS,196,1,1
11249,BNS,112,1,2
11249,BNS,189,1,3
11250,BNS,318,1,1
11252,BNS,111,1,1
11252,BNS,191,1,2
11252,BNS,189,1,3
11253,BNS,331,1,1
11253,BNS,305,1,2
11253,BNS,318,1,3
11254,BNS,109,1,1
11254,BNS,118,1,2
11254,BNS,115,1,3
11255,BNS,338,1,1
11255,BNS,318,1,2
11256,BNS,318,1,1
11256,IT,66D,1,2
11256,BNS,338,1,3
11257,MV,185,1,1
11258,BNS,331,1,1
11258,BNS,316,1,2
11258,BNS,305,1,3
11259,BNS,74,1,1
11259,BNS,78,1,2
11259,BNS,140,1,3
11260,MV,184,1,1
11260,MV,185,1,2
11261,MV,184,1,1
11263,BNS,305,1,1
11264,BNS,196,1,1
11264,BNS,351,1,2
11265,BNS,316,1,1
11265,BNS,303,1,2
11265,BNS,331,1,3
11266,BNS,103,1,1
11266,BNS,118,1,2
11266,BNS,109,1,3
11268,IT,66D,1,1
11268,BNS,318,1,2
11268,BNS,338,1,3
11269,BNS,316,1,1
11269,BNS,318,1,2
11270,IT,66D,1,1
11270,BNS,318,1,2
11270,BNS,338,1,3
11271,BNS,338,1,1
11272,BNS,318,1,1
11273,NDPS,21,1,1
11273,ARMS,25,1,2
11274,BNS,109,1,1
11274,BNS,103,1,2
11274,BNS,118,1,3
11275,BNS,318,1,1
11276,BNS,305,1,1
11277,BNS,316,1,1
11277,BNS,331,1,2
11277,BNS,303,1,3
11278,BNS,316,1,1
11278,BNS,309,1,2
11278,BNS,305,1,3
11279,BNS,316,1,1
11280,BNS,80,1,1
11280,BNS,140,1,2
11281,BNS,109,1,1
11281,BNS,118,1,2
11281,BNS,115,1,3
11282,BNS,305,1,1
11283,BNS,310,1,1
11283,BNS,331,1,2
11284,MV,185,1,1
11285,IT,66D,1,1
11285,BNS,338,1,2
11286,BNS,191,1,1
11286,BNS,111,1,2
11287,IT,66C,1,1
11287,IT,66D,1,2
11287,IT,66,1,3
11288,BNS,310,1,1
11288,BNS,331,1,2
11288,BNS,303,1,3
11289,BNS,80,1,1
11289,BNS,78,1,2
11290,BNS,338,1,1
11291,BNS,80,1,1
11292,ARMS,25,1,1
11293,BNS,305,1,1
11293,BNS,316,1,2
11293,BNS,303,1,3
11294,BNS,318,1,1
11294,BNS,338,1,2
11295,ARMS,25,1,1
11295,NDPS,21,1,2
11295,NDPS,20,1,3
11296,BNS,338,1,1
11296,IT,66D,1,2
11297,BNS,338,1,1
11297,BNS,318,1,2
11298,BNS,318,1,1
11299,BNS,331,1,1
11300,POCSO,8,1,1
11300,POCSO,4,1,2
11300,BNS,140,1,3
11301,BNS,310,1,1
11301,BNS,316,1,2
11302,IT,66C,1,1
11302,IT,66,1,2
11303,IT,66D,1,1
11304,BNS,309,1,1
11305,BNS,309,1,1
11305,BNS,305,1,2
11305,BNS,318,1,3
11306,BNS,191,1,1
11306,BNS,189,1,2
11307,BNS,338,1,1
11307,BNS,318,1,2
11308,BNS,303,1,1
11308,BNS,305,1,2
11309,BNS,338,1,1
11310,NDPS,8,1,1
11310,NDPS,20,1,2
11310,ARMS,27,1,3
11311,BNS,316,1,1
11311,BNS,303,1,2
11311,BNS,310,1,3
11312,BNS,316,1,1
11312,BNS,310,1,2
11312,BNS,305,1,3
11313,BNS,316,1,1
11313,BNS,303,1,2
11313,BNS,310,1,3
11314,BNS,80,1,1
11314,BNS,78,1,2
11314,BNS,85,1,3
11315,BNS,103,1,1
11315,BNS,118,1,2
11317,MV,184,1,1
11318,BNS,303,1,1
11318,BNS,305,1,2
11319,BNS,351,1,1
11319,BNS,111,1,2
11319,BNS,112,1,3
11320,BNS,78,1,1
11320,BNS,80,1,2
11321,NDPS,21,1,1
11322,BNS,309,1,1
11322,BNS,316,1,2
11323,BNS,309,1,1
11323,BNS,331,1,2
11323,BNS,318,1,3
11324,BNS,316,1,1
11324,BNS,331,1,2
11325,BNS,64,1,1
11325,BNS,78,1,2
11326,BNS,310,1,1
11326,BNS,316,1,2
11327,IT,66D,1,1
11327,BNS,338,1,2
11327,BNS,318,1,3
11328,NDPS,20,1,1
11328,EXCISE,32,1,2
11328,ARMS,27,1,3
11329,BNS,309,1,1
11329,BNS,318,1,2
11330,BNS,318,1,1
11330,BNS,338,1,2
11330,IT,66D,1,3
11331,BNS,105,1,1
11331,BNS,115,1,2
11332,PC,7,1,1
11333,BNS,303,1,1
11333,BNS,305,1,2
11333,BNS,310,1,3
11334,BNS,310,1,1
11334,BNS,309,1,2
11335,BNS,303,1,1
11335,BNS,318,1,2
11336,IT,66D,1,1
11336,BNS,338,1,2
11337,BNS,351,1,1
11337,BNS,111,1,2
11338,MV,185,1,1
11339,BNS,316,1,1
11339,BNS,309,1,2
11339,BNS,310,1,3
11340,BNS,318,1,1
11341,BNS,338,1,1
11341,BNS,318,1,2
11342,BNS,303,1,1
11343,BNS,331,1,1
11344,BNS,318,1,1
11344,BNS,303,1,2
11345,BNS,318,1,1
11345,BNS,331,1,2
11346,MV,185,1,1
11347,MV,184,1,1
11347,MV,185,1,2
11348,IT,66D,1,1
11348,BNS,318,1,2
11348,BNS,338,1,3
11349,BNS,316,1,1
11349,BNS,303,1,2
11349,BNS,310,1,3
11350,BNS,109,1,1
11350,BNS,103,1,2
11350,BNS,115,1,3
11351,MV,184,1,1
11351,MV,185,1,2
11352,BNS,80,1,1
11352,BNS,78,1,2
11352,BNS,74,1,3
11353,EXCISE,32,1,1
11353,ARMS,25,1,2
11353,NDPS,8,1,3
11354,BNS,140,1,1
11354,BNS,85,1,2
11354,BNS,74,1,3
11355,NDPS,20,1,1
11356,MV,184,1,1
11356,MV,185,1,2
11357,BNS,111,1,1
11359,BNS,303,1,1
11359,BNS,331,1,2
11359,BNS,305,1,3
11360,EXCISE,32,1,1
11360,NDPS,8,1,2
11360,ARMS,27,1,3
11361,BNS,118,1,1
11362,BNS,309,1,1
11364,BNS,318,1,1
11364,BNS,316,1,2
11365,IT,66,1,1
11365,IT,66C,1,2
11365,IT,66D,1,3
11366,BNS,318,1,1
11366,BNS,305,1,2
11366,BNS,331,1,3
11367,BNS,140,1,1
11367,BNS,80,1,2
11368,IT,66D,1,1
11368,IT,66C,1,2
11368,IT,66,1,3
11369,BNS,78,1,1
11370,BNS,316,1,1
11370,BNS,303,1,2
11371,BNS,303,1,1
11373,BNS,316,1,1
11374,BNS,303,1,1
11375,BNS,189,1,1
11375,BNS,351,1,2
11376,BNS,115,1,1
11376,BNS,103,1,2
11376,BNS,109,1,3
11377,IT,66D,1,1
11378,IT,66C,1,1
11379,BNS,111,1,1
11379,BNS,189,1,2
11380,MV,185,1,1
11380,MV,184,1,2
11381,NDPS,20,1,1
11381,EXCISE,32,1,2
11382,BNS,109,1,1
11382,BNS,115,1,2
11382,BNS,118,1,3
11383,ARMS,25,1,1
11384,BNS,310,1,1
11384,BNS,309,1,2
11384,BNS,331,1,3
11385,BNS,331,1,1
11385,BNS,305,1,2
11385,BNS,318,1,3
11386,BNS,85,1,1
11387,BNS,118,1,1
11387,BNS,115,1,2
11388,MV,185,1,1
11388,MV,184,1,2
11389,BNS,309,1,1
11389,BNS,303,1,2
11389,BNS,331,1,3
11390,BNS,338,1,1
11390,BNS,318,1,2
11390,IT,66D,1,3
11391,MV,185,1,1
11392,BNS,196,1,1
11392,BNS,351,1,2
11392,BNS,189,1,3
11393,MV,185,1,1
11394,BNS,331,1,1
11395,BNS,115,1,1
11395,BNS,118,1,2
11395,BNS,105,1,3
11396,BNS,305,1,1
11397,MV,184,1,1
11397,MV,185,1,2
11398,BNS,316,1,1
11398,BNS,331,1,2
11398,BNS,305,1,3
11399,BNS,78,1,1
11400,BNS,140,1,1
11400,BNS,64,1,2
11400,BNS,74,1,3
11401,BNS,305,1,1
11401,BNS,303,1,2
11401,BNS,331,1,3
11402,BNS,318,1,1
11402,BNS,305,1,2
11403,BNS,318,1,1
11403,BNS,338,1,2
11403,IT,66D,1,3
11404,BNS,303,1,1
11405,BNS,115,1,1
11406,NDPS,21,1,1
11406,NDPS,8,1,2
11407,BNS,109,1,1
11407,BNS,105,1,2
11407,BNS,115,1,3
11408,BNS,351,1,1
11409,BNS,331,1,1
11410,BNS,318,1,1
11411,MV,185,1,1
11412,BNS,318,1,1
11412,BNS,338,1,2
11413,NDPS,8,1,1
11413,NDPS,21,1,2
11413,NDPS,20,1,3
11414,BNS,318,1,1
11414,BNS,316,1,2
11414,BNS,331,1,3
11415,BNS,310,1,1
11415,BNS,309,1,2
11416,BNS,305,1,1
11417,IT,66D,1,1
11417,BNS,318,1,2
11418,BNS,111,1,1
11419,MV,185,1,1
11419,MV,184,1,2
11420,MV,185,1,1
11421,IT,66D,1,1
11421,BNS,338,1,2
11421,BNS,318,1,3
11422,BNS,103,1,1
11422,BNS,118,1,2
11422,BNS,115,1,3
11423,EXCISE,32,1,1
11423,NDPS,8,1,2
11423,NDPS,21,1,3
11424,BNS,331,1,1
11424,BNS,309,1,2
11424,BNS,310,1,3
11425,BNS,318,1,1
11426,BNS,74,1,1
11427,BNS,316,1,1
11428,BNS,85,1,1
11428,BNS,80,1,2
11428,BNS,74,1,3
11429,MV,185,1,1
11429,MV,184,1,2
11430,BNS,303,1,1
11430,BNS,310,1,2
11431,BNS,85,1,1
11431,BNS,80,1,2
11432,BNS,338,1,1
11432,BNS,318,1,2
11432,IT,66D,1,3
11433,BNS,115,1,1
11433,BNS,109,1,2
11434,BNS,115,1,1
11434,BNS,103,1,2
11435,BNS,318,1,1
11435,BNS,338,1,2
11435,IT,66D,1,3
11436,POCSO,4,1,1
11437,BNS,309,1,1
11438,BNS,303,1,1
11439,BNS,318,1,1
11439,BNS,338,1,2
11440,IT,66D,1,1
11440,BNS,338,1,2
11441,BNS,338,1,1
11441,BNS,318,1,2
11441,IT,66D,1,3
11442,BNS,318,1,1
11442,BNS,309,1,2
11443,BNS,309,1,1
11443,BNS,310,1,2
11444,BNS,316,1,1
11445,NDPS,8,1,1
11445,ARMS,27,1,2
11445,NDPS,21,1,3
11446,BNS,309,1,1
11446,BNS,310,1,2
11446,BNS,316,1,3
11447,BNS,318,1,1
11447,BNS,316,1,2
11448,BNS,318,1,1
11449,BNS,303,1,1
11449,BNS,310,1,2
11449,BNS,316,1,3
11450,MV,185,1,1
11451,BNS,85,1,1
11453,BNS,140,1,1
11453,POCSO,8,1,2
11453,POCSO,4,1,3
11454,BNS,331,1,1
11454,BNS,303,1,2
11454,BNS,318,1,3
11455,ARMS,27,1,1
11456,IT,66D,1,1
11456,BNS,318,1,2
11457,BNS,305,1,1
11457,BNS,318,1,2
11459,BNS,331,1,1
11459,BNS,310,1,2
11459,BNS,318,1,3
11460,BNS,191,1,1
11461,BNS,331,1,1
11461,BNS,305,1,2
11461,BNS,303,1,3
11462,MV,184,1,1
11462,MV,185,1,2
11463,BNS,109,1,1
11463,BNS,115,1,2
11463,BNS,105,1,3
11464,BNS,318,1,1
11465,BNS,309,1,1
11465,BNS,318,1,2
11466,IT,66D,1,1
11467,BNS,305,1,1
11467,BNS,331,1,2
11467,BNS,310,1,3
11468,BNS,191,1,1
11468,BNS,196,1,2
11468,BNS,112,1,3
11469,IT,66D,1,1
11470,POCSO,8,1,1
11471,BNS,316,1,1
11471,BNS,310,1,2
11472,MV,184,1,1
11472,MV,185,1,2
11473,BNS,316,1,1
11474,BNS,305,1,1
11474,BNS,316,1,2
11474,BNS,309,1,3
11475,BNS,316,1,1
11475,BNS,331,1,2
11476,BNS,105,1,1
11476,BNS,109,1,2
11476,BNS,115,1,3
11477,BNS,305,1,1
11477,BNS,316,1,2
11478,BNS,316,1,1
11479,BNS,85,1,1
11480,MV,184,1,1
11481,IT,66D,1,1
11482,BNS,351,1,1
11482,BNS,191,1,2
11483,BNS,309,1,1
11485,BNS,85,1,1
11485,BNS,80,1,2
11485,BNS,78,1,3
11486,BNS,64,1,1
11487,BNS,64,1,1
11488,BNS,351,1,1
11488,BNS,196,1,2
11488,BNS,111,1,3
11489,BNS,318,1,1
11489,BNS,303,1,2
11489,BNS,305,1,3
11490,BNS,309,1,1
11492,BNS,309,1,1
11492,BNS,316,1,2
11492,BNS,303,1,3
11493,BNS,111,1,1
11493,BNS,191,1,2
11494,BNS,303,1,1
11494,BNS,305,1,2
11495,BNS,316,1,1
11495,BNS,305,1,2
11495,BNS,318,1,3
11496,BNS,351,1,1
11497,BNS,331,1,1
11497,BNS,303,1,2
11498,BNS,331,1,1
11499,BNS,118,1,1
11500,BNS,331,1,1
11500,BNS,305,1,2
11501,BNS,338,1,1
11501,BNS,318,1,2
11502,MV,184,1,1
11502,MV,185,1,2
11503,BNS,318,1,1
11503,BNS,338,1,2
11503,IT,66D,1,3
11504,BNS,310,1,1
11504,BNS,309,1,2
11504,BNS,331,1,3
11505,NDPS,8,1,1
11506,BNS,305,1,1
11506,BNS,316,1,2
11506,BNS,303,1,3
11507,BNS,103,1,1
11507,BNS,118,1,2
11508,BNS,310,1,1
11508,BNS,305,1,2
11509,BNS,80,1,1
11509,BNS,74,1,2
11510,BNS,303,1,1
11511,BNS,316,1,1
11511,BNS,305,1,2
11512,BNS,318,1,1
11513,MV,184,1,1
11513,MV,185,1,2
11514,POCSO,4,1,1
11514,BNS,140,1,2
11515,BNS,318,1,1
11516,MV,184,1,1
11517,BNS,85,1,1
11517,BNS,140,1,2
11518,BNS,331,1,1
11519,BNS,318,1,1
11520,BNS,331,1,1
11520,BNS,305,1,2
11521,BNS,140,1,1
11521,POCSO,8,1,2
11521,POCSO,4,1,3
11522,MV,185,1,1
11523,BNS,103,1,1
11523,BNS,105,1,2
11523,BNS,115,1,3
11524,BNS,115,1,1
11524,BNS,118,1,2
11525,BNS,338,1,1
11525,BNS,318,1,2
11526,BNS,309,1,1
11526,BNS,318,1,2
11527,NDPS,21,1,1
11528,BNS,318,1,1
11528,BNS,338,1,2
11528,IT,66D,1,3
11529,BNS,303,1,1
11529,BNS,305,1,2
11529,BNS,318,1,3
11530,IT,66,1,1
11530,IT,66C,1,2
11530,IT,66D,1,3
11531,BNS,305,1,1
11532,BNS,316,1,1
11533,BNS,316,1,1
11533,BNS,303,1,2
11534,MV,184,1,1
11534,MV,185,1,2
11535,BNS,109,1,1
11536,BNS,309,1,1
11536,BNS,316,1,2
11536,BNS,305,1,3
11537,BNS,109,1,1
11537,BNS,118,1,2
11537,BNS,105,1,3
11538,BNS,305,1,1
11538,BNS,331,1,2
11538,BNS,303,1,3
11539,BNS,351,1,1
11539,BNS,111,1,2
11539,BNS,191,1,3
11540,BNS,140,1,1
11540,POCSO,4,1,2
11541,IT,66C,1,1
11541,IT,66D,1,2
11541,IT,66,1,3
11542,BNS,331,1,1
11542,BNS,305,1,2
11542,BNS,316,1,3
11543,BNS,74,1,1
11544,BNS,316,1,1
11544,BNS,305,1,2
11544,BNS,318,1,3
11545,BNS,103,1,1
11546,EXCISE,32,1,1
11546,NDPS,20,1,2
11546,ARMS,25,1,3
11547,BNS,115,1,1
11547,BNS,105,1,2
11548,BNS,338,1,1
11549,BNS,309,1,1
11549,BNS,331,1,2
11550,BNS,85,1,1
11550,BNS,64,1,2
11550,BNS,74,1,3
11551,BNS,331,1,1
11552,BNS,305,1,1
11553,BNS,316,1,1
11553,BNS,305,1,2
11554,MV,185,1,1
11554,MV,184,1,2
11555,BNS,303,1,1
11555,BNS,318,1,2
11555,BNS,309,1,3
11556,BNS,105,1,1
11556,BNS,103,1,2
11556,BNS,109,1,3
11557,BNS,309,1,1
11557,BNS,331,1,2
11557,BNS,305,1,3
11558,BNS,303,1,1
11558,BNS,309,1,2
11559,BNS,191,1,1
11560,BNS,305,1,1
11560,BNS,331,1,2
11561,MV,185,1,1
11562,BNS,303,1,1
11562,BNS,310,1,2
11562,BNS,309,1,3
11563,BNS,351,1,1
11564,MV,185,1,1
11564,MV,184,1,2
11565,BNS,303,1,1
11566,BNS,316,1,1
11566,BNS,305,1,2
11566,BNS,310,1,3
11567,MV,185,1,1
11568,BNS,351,1,1
11569,EXCISE,32,1,1
11570,BNS,318,1,1
11570,BNS,309,1,2
11570,BNS,316,1,3
11571,BNS,316,1,1
11572,BNS,318,1,1
11572,BNS,331,1,2
11572,BNS,303,1,3
11573,BNS,331,1,1
11573,BNS,303,1,2
11574,BNS,78,1,1
11574,BNS,85,1,2
11574,BNS,80,1,3
11575,BNS,318,1,1
11575,IT,66D,1,2
11576,BNS,305,1,1
11577,IT,66D,1,1
11578,BNS,310,1,1
11578,BNS,303,1,2
11578,BNS,331,1,3
11579,BNS,338,1,1
11579,IT,66D,1,2
11579,BNS,318,1,3
11580,BNS,338,1,1
11581,BNS,331,1,1
11582,BNS,351,1,1
11583,BNS,78,1,1
11584,MV,185,1,1
11585,NDPS,21,1,1
11586,IT,66D,1,1
11587,BNS,331,1,1
11587,BNS,318,1,2
11587,BNS,305,1,3
11589,BNS,309,1,1
11589,BNS,303,1,2
11590,MV,185,1,1
11591,BNS,305,1,1
11594,IT,66C,1,1
11595,IT,66D,1,1
11595,BNS,338,1,2
11595,BNS,318,1,3
11596,BNS,303,1,1
11596,BNS,309,1,2
11597,BNS,111,1,1
11598,MV,185,1,1
11598,MV,184,1,2
11599,BNS,331,1,1
11599,BNS,303,1,2
11599,BNS,309,1,3
11600,MV,185,1,1
11600,MV,184,1,2
11601,ARMS,25,1,1
11602,BNS,85,1,1
11603,BNS,331,1,1
11604,BNS,310,1,1
11606,BNS,318,1,1
11606,BNS,305,1,2
11606,BNS,303,1,3
11607,BNS,303,1,1
11607,BNS,305,1,2
11607,BNS,331,1,3
11609,BNS,318,1,1
11609,BNS,310,1,2
11610,MV,185,1,1
11610,MV,184,1,2
11611,BNS,316,1,1
11612,BNS,103,1,1
11612,BNS,118,1,2
11612,BNS,105,1,3
11613,MV,184,1,1
11614,BNS,318,1,1
11614,BNS,305,1,2
11615,IT,66D,1,1
11615,IT,66,1,2
11615,IT,66C,1,3
11616,BNS,189,1,1
11616,BNS,351,1,2
11616,BNS,196,1,3
11617,BNS,305,1,1
11617,BNS,309,1,2
11618,IT,66D,1,1
11618,BNS,318,1,2
11619,BNS,105,1,1
11620,BNS,338,1,1
11620,BNS,318,1,2
11621,NDPS,20,1,1
11622,MV,184,1,1
11622,MV,185,1,2
11623,NDPS,8,1,1
11624,BNS,109,1,1
11624,BNS,118,1,2
11624,BNS,105,1,3
11625,BNS,318,1,1
11625,BNS,331,1,2
11625,BNS,303,1,3
11626,BNS,196,1,1
11627,ARMS,25,1,1
11627,NDPS,8,1,2
11628,BNS,191,1,1
11629,BNS,309,1,1
11629,BNS,305,1,2
11629,BNS,310,1,3
11630,BNS,310,1,1
11630,BNS,316,1,2
11630,BNS,318,1,3
11631,BNS,303,1,1
11632,BNS,310,1,1
11632,BNS,303,1,2
11632,BNS,318,1,3
11634,IT,66D,1,1
11634,BNS,318,1,2
11635,BNS,318,1,1
11635,IT,66D,1,2
11635,BNS,338,1,3
11636,MV,184,1,1
11637,BNS,309,1,1
11637,BNS,305,1,2
11637,BNS,331,1,3
11638,MV,185,1,1
11638,MV,184,1,2
11639,BNS,78,1,1
11639,BNS,85,1,2
11640,BNS,309,1,1
11640,BNS,316,1,2
11640,BNS,310,1,3
11641,MV,185,1,1
11642,BNS,189,1,1
11642,BNS,111,1,2
11643,BNS,309,1,1
11644,BNS,318,1,1
11644,IT,66D,1,2
11644,BNS,338,1,3
11645,MV,184,1,1
11646,BNS,109,1,1
11646,BNS,118,1,2
11647,IT,66D,1,1
11647,BNS,338,1,2
11648,ARMS,27,1,1
11648,EXCISE,32,1,2
11648,NDPS,21,1,3
11649,BNS,115,1,1
11649,BNS,118,1,2
11650,BNS,309,1,1
11651,BNS,331,1,1
11652,BNS,316,1,1
11652,BNS,303,1,2
11653,BNS,111,1,1
11653,BNS,196,1,2
11654,IT,66C,1,1
11654,IT,66,1,2
11655,MV,185,1,1
11655,MV,184,1,2
11656,BNS,331,1,1
11656,BNS,310,1,2
11657,BNS,309,1,1
11658,BNS,338,1,1
11658,BNS,318,1,2
11658,IT,66D,1,3
11659,BNS,331,1,1
11660,BNS,338,1,1
11660,BNS,318,1,2
11660,IT,66D,1,3
11661,IT,66D,1,1
11661,BNS,338,1,2
11662,BNS,303,1,1
11662,BNS,331,1,2
11663,IT,66D,1,1
11664,BNS,103,1,1
11664,BNS,109,1,2
11666,BNS,74,1,1
11667,MV,185,1,1
11667,MV,184,1,2
11668,POCSO,4,1,1
11668,POCSO,8,1,2
11669,BNS,115,1,1
11670,BNS,303,1,1
11670,BNS,316,1,2
11670,BNS,310,1,3
11671,BNS,140,1,1
11671,POCSO,4,1,2
11672,BNS,338,1,1
11673,BNS,103,1,1
11674,BNS,303,1,1
11674,BNS,310,1,2
11675,BNS,316,1,1
11675,BNS,331,1,2
11676,BNS,310,1,1
11676,BNS,303,1,2
11677,BNS,309,1,1
11678,BNS,105,1,1
11678,BNS,109,1,2
11678,BNS,115,1,3
11679,BNS,309,1,1
11679,BNS,331,1,2
11679,BNS,318,1,3
11680,MV,185,1,1
11680,MV,184,1,2
11681,BNS,310,1,1
11682,BNS,103,1,1
11682,BNS,109,1,2
11682,BNS,115,1,3
11683,BNS,112,1,1
11683,BNS,189,1,2
11683,BNS,191,1,3
11684,MV,184,1,1
11685,NDPS,8,1,1
11685,NDPS,20,1,2
11686,MV,185,1,1
11686,MV,184,1,2
11687,BNS,338,1,1
11688,BNS,191,1,1
11688,BNS,111,1,2
11688,BNS,196,1,3
11689,BNS,318,1,1
11690,BNS,118,1,1
11690,BNS,109,1,2
11691,MV,185,1,1
11691,MV,184,1,2
11692,ARMS,27,1,1
11693,BNS,85,1,1
11693,BNS,78,1,2
11694,BNS,303,1,1
11694,BNS,316,1,2
11695,BNS,74,1,1
11695,BNS,78,1,2
11696,BNS,318,1,1
11697,BNS,309,1,1
11697,BNS,331,1,2
11697,BNS,316,1,3
11698,NDPS,21,1,1
11698,EXCISE,32,1,2
11699,BNS,316,1,1
11699,BNS,310,1,2
11699,BNS,318,1,3
11700,MV,185,1,1
11701,BNS,309,1,1
11702,MV,184,1,1
11703,NDPS,21,1,1
11704,BNS,303,1,1
11704,BNS,309,1,2
11704,BNS,305,1,3
11705,BNS,140,1,1
11705,BNS,85,1,2
11705,BNS,78,1,3
11706,BNS,115,1,1
11706,BNS,103,1,2
11708,BNS,305,1,1
11708,BNS,310,1,2
11708,BNS,309,1,3
11709,BNS,331,1,1
11709,BNS,318,1,2
11709,BNS,316,1,3
11710,BNS,338,1,1
11711,BNS,118,1,1
11711,BNS,105,1,2
11712,BNS,338,1,1
11712,BNS,318,1,2
11713,IT,66D,1,1
11714,BNS,303,1,1
11714,BNS,309,1,2
11715,BNS,115,1,1
11715,BNS,109,1,2
11716,BNS,331,1,1
11716,BNS,309,1,2
11718,BNS,318,1,1
11718,BNS,338,1,2
11719,BNS,318,1,1
11720,MV,185,1,1
11721,MV,184,1,1
11722,BNS,118,1,1
11722,BNS,103,1,2
11723,BNS,316,1,1
11724,BNS,331,1,1
11724,BNS,305,1,2
11724,BNS,318,1,3
11726,BNS,109,1,1
11726,BNS,105,1,2
11726,BNS,103,1,3
11727,MV,185,1,1
11727,MV,184,1,2
11728,BNS,118,1,1
11728,BNS,115,1,2
11728,BNS,103,1,3
11729,BNS,115,1,1
11729,BNS,109,1,2
11730,MV,184,1,1
11731,BNS,318,1,1
11731,BNS,303,1,2
11732,BNS,309,1,1
11732,BNS,318,1,2
11733,IT,66D,1,1
11734,BNS,64,1,1
11734,BNS,85,1,2
11734,BNS,78,1,3
11735,BNS,310,1,1
11735,BNS,303,1,2
11736,BNS,331,1,1
11736,BNS,318,1,2
11737,BNS,78,1,1
11737,BNS,85,1,2
11738,PC,7,1,1
11740,BNS,191,1,1
11740,BNS,351,1,2
11740,BNS,111,1,3
11741,BNS,118,1,1
11741,BNS,115,1,2
11742,BNS,310,1,1
11742,BNS,331,1,2
11743,BNS,78,1,1
11743,BNS,140,1,2
11743,BNS,80,1,3
11744,BNS,310,1,1
11745,BNS,338,1,1
11745,IT,66D,1,2
11746,BNS,310,1,1
11746,BNS,305,1,2
11747,BNS,338,1,1
11747,BNS,318,1,2
11747,IT,66D,1,3
11748,BNS,303,1,1
11748,BNS,309,1,2
11748,BNS,310,1,3
11749,EXCISE,32,1,1
11750,EXCISE,32,1,1
11751,BNS,318,1,1
11752,BNS,303,1,1
11752,BNS,318,1,2
11752,BNS,310,1,3
11754,BNS,105,1,1
11754,BNS,118,1,2
11755,BNS,196,1,1
11755,BNS,112,1,2
11756,BNS,305,1,1
11757,BNS,318,1,1
11758,MV,184,1,1
11758,MV,185,1,2
11759,BNS,78,1,1
11759,BNS,74,1,2
11759,BNS,64,1,3
11760,BNS,310,1,1
11761,MV,185,1,1
11762,BNS,112,1,1
11763,BNS,305,1,1
11763,BNS,309,1,2
11763,BNS,310,1,3
11764,BNS,318,1,1
11764,BNS,338,1,2
11765,BNS,316,1,1
11766,BNS,310,1,1
11767,BNS,191,1,1
11767,BNS,189,1,2
11767,BNS,111,1,3
11768,BNS,85,1,1
11768,BNS,78,1,2
11769,IT,66D,1,1
11770,BNS,310,1,1
11772,BNS,109,1,1
11772,BNS,103,1,2
11773,BNS,111,1,1
11773,BNS,191,1,2
11774,BNS,303,1,1
11774,BNS,305,1,2
11775,BNS,351,1,1
11775,BNS,189,1,2
11775,BNS,196,1,3
11776,BNS,115,1,1
11777,MV,184,1,1
11778,BNS,103,1,1
11778,BNS,115,1,2
11779,BNS,318,1,1
11779,IT,66D,1,2
11779,BNS,338,1,3
11781,BNS,316,1,1
11781,BNS,331,1,2
11782,BNS,64,1,1
11784,BNS,309,1,1
11785,BNS,105,1,1
11785,BNS,118,1,2
11786,BNS,318,1,1
11788,ARMS,27,1,1
11788,ARMS,25,1,2
11788,NDPS,8,1,3
11789,BNS,309,1,1
11790,MV,185,1,1
11791,BNS,196,1,1
11791,BNS,191,1,2
11792,BNS,103,1,1
11792,BNS,109,1,2
11792,BNS,105,1,3
11793,BNS,338,1,1
11793,IT,66D,1,2
11793,BNS,318,1,3
11794,MV,184,1,1
11794,MV,185,1,2
11795,BNS,103,1,1
11795,BNS,115,1,2
11795,BNS,118,1,3
11796,MV,185,1,1
11796,MV,184,1,2
11797,IT,66D,1,1
11797,BNS,338,1,2
11797,BNS,318,1,3
11798,BNS,118,1,1
11798,BNS,103,1,2
11798,BNS,109,1,3
11799,BNS,310,1,1
11799,BNS,305,1,2
11799,BNS,331,1,3
11800,MV,185,1,1
11801,BNS,303,1,1
11801,BNS,316,1,2
11802,BNS,316,1,1
11802,BNS,309,1,2
11802,BNS,310,1,3
11803,BNS,118,1,1
11805,BNS,318,1,1
11805,BNS,310,1,2
11806,MV,184,1,1
11807,BNS,338,1,1
11807,IT,66D,1,2
11807,BNS,318,1,3
11808,BNS,109,1,1
11809,POCSO,4,1,1
11809,BNS,140,1,2
11809,POCSO,8,1,3
11810,BNS,115,1,1
11810,BNS,109,1,2
11810,BNS,105,1,3
11811,BNS,318,1,1
11811,BNS,316,1,2
11812,BNS,310,1,1
11813,BNS,118,1,1
11814,BNS,303,1,1
11814,BNS,305,1,2
11814,BNS,318,1,3
11816,BNS,338,1,1
11817,POCSO,4,1,1
11817,POCSO,8,1,2
11818,BNS,78,1,1
11818,BNS,140,1,2
11818,BNS,64,1,3
11819,BNS,310,1,1
11820,IT,66C,1,1
11820,IT,66,1,2
11821,NDPS,21,1,1
11822,BNS,303,1,1
11822,BNS,318,1,2
11823,ARMS,27,1,1
11823,NDPS,21,1,2
11823,EXCISE,32,1,3
11824,MV,184,1,1
11824,MV,185,1,2
11825,BNS,310,1,1
11825,BNS,309,1,2
11826,NDPS,21,1,1
11826,ARMS,27,1,2
11827,PC,7,1,1
11828,EXCISE,32,1,1
11828,NDPS,20,1,2
11829,IT,66D,1,1
11829,IT,66C,1,2
11829,IT,66,1,3
11830,BNS,64,1,1
11830,BNS,78,1,2
11831,BNS,85,1,1
11832,IT,66D,1,1
11833,BNS,318,1,1
11833,BNS,331,1,2
11833,BNS,305,1,3
11834,MV,184,1,1
11835,BNS,103,1,1
11835,BNS,105,1,2
11835,BNS,118,1,3
11836,BNS,318,1,1
11836,BNS,338,1,2
11837,MV,185,1,1
11837,MV,184,1,2
11838,IT,66C,1,1
11839,BNS,318,1,1
11839,BNS,338,1,2
11839,IT,66D,1,3
11841,BNS,316,1,1
11841,BNS,305,1,2
11842,BNS,331,1,1
11843,BNS,305,1,1
11843,BNS,309,1,2
11843,BNS,331,1,3
11844,IT,66D,1,1
11844,IT,66C,1,2
11844,IT,66,1,3
11845,NDPS,21,1,1
11846,BNS,103,1,1
11846,BNS,118,1,2
11847,IT,66D,1,1
11847,BNS,318,1,2
11848,BNS,338,1,1
11848,IT,66D,1,2
11848,BNS,318,1,3
11849,BNS,318,1,1
11849,BNS,303,1,2
11849,BNS,309,1,3
11850,IT,66D,1,1
11851,BNS,103,1,1
11851,BNS,109,1,2
11852,BNS,111,1,1
11853,MV,185,1,1
11853,MV,184,1,2
11854,EXCISE,32,1,1
11855,BNS,115,1,1
11856,BNS,80,1,1
11857,BNS,64,1,1
11857,BNS,78,1,2
11858,BNS,303,1,1
11859,BNS,318,1,1
11861,BNS,74,1,1
11861,BNS,85,1,2
11861,BNS,78,1,3
11862,IT,66D,1,1
11862,BNS,338,1,2
11862,BNS,318,1,3
11863,IT,66D,1,1
11863,BNS,338,1,2
11864,NDPS,8,1,1
11864,ARMS,25,1,2
11865,BNS,310,1,1
11865,BNS,316,1,2
11865,BNS,331,1,3
11866,BNS,115,1,1
11866,BNS,103,1,2
11866,BNS,118,1,3
11867,BNS,338,1,1
11867,IT,66D,1,2
11868,BNS,196,1,1
11868,BNS,111,1,2
11869,BNS,316,1,1
11870,IT,66D,1,1
11870,BNS,318,1,2
11871,MV,185,1,1
11871,MV,184,1,2
11872,BNS,318,1,1
11872,BNS,310,1,2
11872,BNS,305,1,3
11873,NDPS,20,1,1
11873,NDPS,21,1,2
11874,BNS,103,1,1
11875,BNS,318,1,1
11875,BNS,303,1,2
11876,MV,184,1,1
11876,MV,185,1,2
11877,BNS,316,1,1
11878,BNS,338,1,1
11878,BNS,318,1,2
11879,BNS,303,1,1
11879,BNS,316,1,2
11879,BNS,305,1,3
11880,BNS,351,1,1
11880,BNS,196,1,2
11881,BNS,196,1,1
11881,BNS,191,1,2
11881,BNS,351,1,3
11882,BNS,310,1,1
11884,BNS,303,1,1
11884,BNS,310,1,2
11885,IT,66D,1,1
11886,BNS,85,1,1
11887,BNS,140,1,1
11887,BNS,64,1,2
11887,BNS,78,1,3
11889,BNS,309,1,1
11890,BNS,316,1,1
11892,BNS,85,1,1
11892,BNS,80,1,2
11892,BNS,64,1,3
11893,BNS,305,1,1
11893,BNS,331,1,2
11894,BNS,140,1,1
11894,BNS,80,1,2
11895,BNS,351,1,1
11895,BNS,189,1,2
11896,BNS,196,1,1
11896,BNS,191,1,2
11897,MV,185,1,1
11898,BNS,111,1,1
11898,BNS,191,1,2
11899,IT,66D,1,1
11900,BNS,112,1,1
11901,BNS,305,1,1
11902,BNS,303,1,1
11902,BNS,310,1,2
11902,BNS,309,1,3
11903,BNS,338,1,1
11904,BNS,331,1,1
11904,BNS,303,1,2
11905,BNS,105,1,1
11907,BNS,316,1,1
11907,BNS,331,1,2
11907,BNS,305,1,3
11909,IT,66D,1,1
11910,BNS,309,1,1
11911,BNS,338,1,1
11911,IT,66D,1,2
11912,IT,66,1,1
11913,IT,66D,1,1
11913,BNS,318,1,2
11913,BNS,338,1,3
11914,BNS,191,1,1
11914,BNS,189,1,2
11914,BNS,111,1,3
11915,BNS,78,1,1
11915,BNS,80,1,2
11916,IT,66C,1,1
11916,IT,66,1,2
11916,IT,66D,1,3
11917,BNS,310,1,1
11917,BNS,303,1,2
11917,BNS,316,1,3
11918,BNS,318,1,1
11918,BNS,309,1,2
11918,BNS,331,1,3
11919,BNS,140,1,1
11919,POCSO,4,1,2
11919,POCSO,8,1,3
11920,BNS,78,1,1
11920,BNS,80,1,2
11920,BNS,64,1,3
11921,BNS,310,1,1
11921,BNS,303,1,2
11922,BNS,115,1,1
11922,BNS,118,1,2
11923,BNS,85,1,1
11923,BNS,78,1,2
11923,BNS,140,1,3
11924,MV,185,1,1
11925,BNS,338,1,1
11925,BNS,318,1,2
11926,BNS,310,1,1
11926,BNS,316,1,2
11927,BNS,331,1,1
11927,BNS,303,1,2
11928,IT,66,1,1
11929,MV,184,1,1
11929,MV,185,1,2
11930,BNS,310,1,1
11931,BNS,303,1,1
11932,BNS,305,1,1
11932,BNS,309,1,2
11932,BNS,318,1,3
11933,BNS,338,1,1
11933,BNS,318,1,2
11934,BNS,303,1,1
11934,BNS,310,1,2
11934,BNS,316,1,3
11935,MV,185,1,1
11935,MV,184,1,2
11936,ARMS,27,1,1
11936,NDPS,21,1,2
11936,ARMS,25,1,3
11937,BNS,318,1,1
11937,BNS,338,1,2
11937,IT,66D,1,3
11938,BNS,318,1,1
11938,IT,66D,1,2
11939,BNS,318,1,1
11940,BNS,309,1,1
11940,BNS,318,1,2
11941,BNS,305,1,1
11942,IT,66D,1,1
11943,MV,184,1,1
11943,MV,185,1,2
11944,BNS,305,1,1
11944,BNS,310,1,2
11945,BNS,310,1,1
11945,BNS,303,1,2
11946,IT,66D,1,1
11946,IT,66,1,2
11947,BNS,64,1,1
11947,BNS,80,1,2
11948,BNS,331,1,1
11948,BNS,318,1,2
11949,NDPS,8,1,1
11949,NDPS,20,1,2
11949,EXCISE,32,1,3
11950,BNS,303,1,1
11950,BNS,305,1,2
11950,BNS,309,1,3
11951,BNS,309,1,1
11951,BNS,331,1,2
11951,BNS,303,1,3
11952,BNS,103,1,1
11953,MV,185,1,1
11953,MV,184,1,2
11954,BNS,338,1,1
11955,BNS,331,1,1
11955,BNS,318,1,2
11956,BNS,191,1,1
11957,PC,7,1,1
11958,BNS,140,1,1
11958,BNS,74,1,2
11958,BNS,80,1,3
11959,MV,185,1,1
11960,BNS,331,1,1
11961,IT,66D,1,1
11961,BNS,338,1,2
11962,BNS,318,1,1
11963,BNS,318,1,1
11963,BNS,316,1,2
11964,BNS,318,1,1
11964,BNS,305,1,2
11966,BNS,74,1,1
11967,BNS,109,1,1
11967,BNS,118,1,2
11967,BNS,115,1,3
11968,NDPS,8,1,1
11968,NDPS,21,1,2
11969,POCSO,8,1,1
11970,MV,184,1,1
11971,BNS,309,1,1
11972,IT,66D,1,1
11972,BNS,338,1,2
11972,BNS,318,1,3
11973,BNS,318,1,1
11974,IT,66D,1,1
11975,BNS,318,1,1
11975,BNS,310,1,2
11976,IT,66D,1,1
11977,BNS,103,1,1
11978,BNS,331,1,1
11978,BNS,318,1,2
11979,MV,184,1,1
11980,BNS,109,1,1
11980,BNS,115,1,2
11981,BNS,140,1,1
11981,BNS,78,1,2
11981,BNS,74,1,3
11982,BNS,78,1,1
11982,BNS,80,1,2
11983,BNS,305,1,1
11985,BNS,351,1,1
11986,BNS,303,1,1
11986,BNS,310,1,2
11986,BNS,316,1,3
11987,BNS,316,1,1
11987,BNS,310,1,2
11988,BNS,310,1,1
11988,BNS,316,1,2
11988,BNS,318,1,3
11989,IT,66D,1,1
11989,BNS,338,1,2
11991,MV,184,1,1
11991,MV,185,1,2
11992,BNS,109,1,1
11992,BNS,115,1,2
11993,IT,66D,1,1
11994,MV,184,1,1
11995,BNS,305,1,1
11996,BNS,103,1,1
11997,BNS,112,1,1
11997,BNS,189,1,2
11997,BNS,191,1,3
11998,MV,184,1,1
11999,BNS,331,1,1
11999,BNS,318,1,2
12000,BNS,318,1,1
12000,BNS,309,1,2
12000,BNS,305,1,3
12001,BNS,318,1,1
12001,BNS,303,1,2
12001,BNS,305,1,3
12002,BNS,310,1,1
12002,BNS,305,1,2
12002,BNS,316,1,3
12003,BNS,303,1,1
12003,BNS,309,1,2
12004,MV,185,1,1
12004,MV,184,1,2
12005,BNS,338,1,1
12005,BNS,318,1,2
12007,MV,184,1,1
12007,MV,185,1,2
12008,BNS,316,1,1
12009,ARMS,25,1,1
12009,EXCISE,32,1,2
12010,BNS,140,1,1
12010,POCSO,4,1,2
12011,MV,185,1,1
12012,IT,66D,1,1
12012,BNS,318,1,2
12012,BNS,338,1,3
12013,BNS,303,1,1
12013,BNS,331,1,2
12013,BNS,318,1,3
12014,ARMS,27,1,1
12014,EXCISE,32,1,2
12015,NDPS,8,1,1
12015,NDPS,21,1,2
12015,NDPS,20,1,3
12016,BNS,303,1,1
12016,BNS,309,1,2
12017,IT,66D,1,1
12017,BNS,318,1,2
12017,BNS,338,1,3
12018,BNS,103,1,1
12019,BNS,78,1,1
12020,BNS,338,1,1
12021,BNS,305,1,1
12023,MV,184,1,1
12024,BNS,118,1,1
12024,BNS,109,1,2
12025,BNS,316,1,1
12025,BNS,305,1,2
12026,IT,66D,1,1
12026,IT,66,1,2
12026,IT,66C,1,3
12027,BNS,303,1,1
12027,BNS,310,1,2
12028,BNS,303,1,1
12028,BNS,331,1,2
12028,BNS,310,1,3
12029,IT,66D,1,1
12030,BNS,305,1,1
12030,BNS,316,1,2
12030,BNS,331,1,3
12031,BNS,338,1,1
12031,IT,66D,1,2
12031,BNS,318,1,3
12032,EXCISE,32,1,1
12032,NDPS,8,1,2
12032,NDPS,21,1,3
12033,BNS,109,1,1
12033,BNS,105,1,2
12033,BNS,103,1,3
12034,MV,185,1,1
12034,MV,184,1,2
12035,BNS,318,1,1
12036,MV,185,1,1
12036,MV,184,1,2
12037,BNS,115,1,1
12037,BNS,118,1,2
12038,BNS,78,1,1
12038,BNS,85,1,2
12038,BNS,140,1,3
12039,BNS,316,1,1
12039,BNS,309,1,2
12039,BNS,331,1,3
12040,IT,66D,1,1
12040,BNS,338,1,2
12040,BNS,318,1,3
12041,BNS,316,1,1
12041,BNS,303,1,2
12041,BNS,318,1,3
12042,BNS,118,1,1
12042,BNS,109,1,2
12042,BNS,103,1,3
12043,BNS,318,1,1
12044,BNS,318,1,1
12044,BNS,331,1,2
12045,BNS,303,1,1
12045,BNS,310,1,2
12046,BNS,318,1,1
12047,BNS,74,1,1
12047,BNS,140,1,2
12048,IT,66C,1,1
12048,IT,66D,1,2
12049,BNS,310,1,1
12049,BNS,316,1,2
12050,MV,185,1,1
12050,MV,184,1,2
12051,BNS,318,1,1
12051,BNS,303,1,2
12052,BNS,338,1,1
12052,IT,66D,1,2
12052,BNS,318,1,3
12053,BNS,318,1,1
12053,IT,66D,1,2
12054,BNS,331,1,1
12055,MV,185,1,1
12055,MV,184,1,2
12056,MV,184,1,1
12056,MV,185,1,2
12057,BNS,64,1,1
12057,BNS,85,1,2
12057,BNS,74,1,3
12058,BNS,316,1,1
12059,BNS,316,1,1
12059,BNS,310,1,2
12060,BNS,189,1,1
12061,BNS,105,1,1
12062,BNS,80,1,1
12062,BNS,85,1,2
12062,BNS,74,1,3
12063,IT,66D,1,1
12063,BNS,318,1,2
12064,BNS,318,1,1
12064,BNS,338,1,2
12064,IT,66D,1,3
12065,BNS,305,1,1
12065,BNS,331,1,2
12066,POCSO,4,1,1
12067,MV,184,1,1
12067,MV,185,1,2
12068,NDPS,20,1,1
12069,BNS,303,1,1
12069,BNS,316,1,2
12070,BNS,103,1,1
12070,BNS,109,1,2
12070,BNS,118,1,3
12071,MV,185,1,1
12072,ARMS,25,1,1
12073,BNS,103,1,1
12073,BNS,105,1,2
12074,BNS,310,1,1
12075,NDPS,20,1,1
12075,ARMS,27,1,2
12076,BNS,318,1,1
12077,MV,184,1,1
12078,MV,184,1,1
12078,MV,185,1,2
12079,BNS,305,1,1
12080,IT,66D,1,1
12080,IT,66,1,2
12081,BNS,318,1,1
12081,BNS,338,1,2
12082,BNS,140,1,1
12082,BNS,64,1,2
12082,BNS,78,1,3
12083,BNS,74,1,1
12083,BNS,85,1,2
12083,BNS,64,1,3
12085,BNS,109,1,1
12085,BNS,115,1,2
12085,BNS,118,1,3
12086,MV,185,1,1
12086,MV,184,1,2
12087,IT,66D,1,1
12088,MV,185,1,1
12088,MV,184,1,2
12089,BNS,196,1,1
12089,BNS,111,1,2
12091,BNS,303,1,1
12091,BNS,310,1,2
12092,MV,185,1,1
12092,MV,184,1,2
12093,BNS,103,1,1
12093,BNS,105,1,2
12094,BNS,109,1,1
12094,BNS,103,1,2
12095,BNS,318,1,1
12096,BNS,310,1,1
12096,BNS,305,1,2
12097,BNS,309,1,1
12097,BNS,318,1,2
12097,BNS,305,1,3
12098,BNS,318,1,1
12098,BNS,310,1,2
12098,BNS,303,1,3
12099,ARMS,25,1,1
12099,NDPS,8,1,2
12099,NDPS,21,1,3
12100,BNS,310,1,1
12100,BNS,305,1,2
12101,BNS,316,1,1
12101,BNS,331,1,2
12102,BNS,64,1,1
12102,BNS,85,1,2
12102,BNS,78,1,3
12103,BNS,191,1,1
12104,ARMS,25,1,1
12104,NDPS,8,1,2
12105,BNS,305,1,1
12105,BNS,310,1,2
12107,ARMS,27,1,1
12107,EXCISE,32,1,2
12107,NDPS,21,1,3
12108,BNS,318,1,1
12108,BNS,310,1,2
12108,BNS,309,1,3
12109,BNS,338,1,1
12110,BNS,310,1,1
12111,BNS,310,1,1
12111,BNS,318,1,2
12111,BNS,316,1,3
12112,IT,66D,1,1
12112,BNS,318,1,2
12112,BNS,338,1,3
12113,MV,185,1,1
12114,IT,66C,1,1
12114,IT,66,1,2
12114,IT,66D,1,3
12115,NDPS,20,1,1
12115,ARMS,27,1,2
12115,EXCISE,32,1,3
12116,EXCISE,32,1,1
12117,BNS,309,1,1
12117,BNS,310,1,2
12117,BNS,303,1,3
12118,BNS,103,1,1
12118,BNS,115,1,2
12118,BNS,109,1,3
12119,MV,185,1,1
12119,MV,184,1,2
12120,BNS,303,1,1
12120,BNS,305,1,2
12121,IT,66D,1,1
12121,BNS,318,1,2
12122,BNS,115,1,1
12123,BNS,140,1,1
12123,BNS,74,1,2
12124,MV,184,1,1
12124,MV,185,1,2
12125,BNS,338,1,1
12125,BNS,318,1,2
12126,BNS,74,1,1
12126,BNS,80,1,2
12127,IT,66D,1,1
12127,BNS,338,1,2
12128,MV,184,1,1
12128,MV,185,1,2
12129,BNS,112,1,1
12129,BNS,351,1,2
12130,MV,185,1,1
12130,MV,184,1,2
12131,BNS,196,1,1
12131,BNS,351,1,2
12133,BNS,318,1,1
12133,BNS,305,1,2
12133,BNS,331,1,3
12134,BNS,338,1,1
12135,BNS,80,1,1
12135,BNS,78,1,2
12136,BNS,338,1,1
12136,IT,66D,1,2
12136,BNS,318,1,3
12137,BNS,305,1,1
12137,BNS,318,1,2
12137,BNS,310,1,3
12138,NDPS,8,1,1
12139,IT,66D,1,1
12140,BNS,115,1,1
12140,BNS,105,1,2
12141,NDPS,8,1,1
12142,BNS,80,1,1
12143,BNS,140,1,1
12143,POCSO,8,1,2
12143,POCSO,4,1,3
12144,MV,185,1,1
12144,MV,184,1,2
12145,BNS,338,1,1
12145,BNS,318,1,2
12145,IT,66D,1,3
12146,IT,66D,1,1
12146,IT,66C,1,2
12146,IT,66,1,3
12147,BNS,74,1,1
12147,BNS,64,1,2
12148,BNS,305,1,1
12148,BNS,303,1,2
12149,ARMS,27,1,1
12149,NDPS,20,1,2
12149,NDPS,21,1,3
12150,BNS,316,1,1
12150,BNS,310,1,2
12150,BNS,303,1,3
12151,MV,184,1,1
12151,MV,185,1,2
12152,MV,185,1,1
12153,MV,185,1,1
12153,MV,184,1,2
12154,BNS,318,1,1
12154,BNS,338,1,2
12155,NDPS,8,1,1
12155,NDPS,20,1,2
12155,ARMS,27,1,3
12156,BNS,338,1,1
12157,BNS,111,1,1
12157,BNS,196,1,2
12158,BNS,305,1,1
12158,BNS,331,1,2
12158,BNS,310,1,3
12159,BNS,103,1,1
12160,BNS,331,1,1
12161,BNS,111,1,1
12161,BNS,112,1,2
12162,BNS,112,1,1
12162,BNS,191,1,2
12162,BNS,196,1,3
12163,BNS,309,1,1
12163,BNS,305,1,2
12164,BNS,318,1,1
12164,BNS,316,1,2
12165,BNS,64,1,1
12165,BNS,78,1,2
12165,BNS,74,1,3
12166,BNS,109,1,1
12166,BNS,115,1,2
12167,BNS,111,1,1
12168,BNS,115,1,1
12169,IT,66D,1,1
12169,BNS,338,1,2
12171,BNS,316,1,1
12171,BNS,309,1,2
12172,MV,185,1,1
12173,MV,185,1,1
12173,MV,184,1,2
12174,BNS,331,1,1
12174,BNS,309,1,2
12175,BNS,196,1,1
12175,BNS,112,1,2
12175,BNS,351,1,3
12176,IT,66C,1,1
12176,IT,66,1,2
12178,IT,66,1,1
12178,IT,66D,1,2
12180,BNS,310,1,1
12180,BNS,331,1,2
12180,BNS,303,1,3
12181,MV,185,1,1
12182,ARMS,27,1,1
12182,NDPS,21,1,2
12183,BNS,118,1,1
12183,BNS,109,1,2
12183,BNS,115,1,3
12184,BNS,305,1,1
12184,BNS,316,1,2
12184,BNS,310,1,3
12186,IT,66D,1,1
12186,BNS,318,1,2
12187,BNS,103,1,1
12188,IT,66D,1,1
12188,BNS,338,1,2
12189,MV,185,1,1
12189,MV,184,1,2
12190,BNS,305,1,1
12190,BNS,318,1,2
12190,BNS,310,1,3
12191,BNS,305,1,1
12192,BNS,316,1,1
12193,BNS,74,1,1
12193,BNS,64,1,2
12194,BNS,305,1,1
12194,BNS,318,1,2
12194,BNS,309,1,3
12195,BNS,331,1,1
12195,BNS,303,1,2
12195,BNS,310,1,3
12196,ARMS,27,1,1
12197,BNS,338,1,1
12197,BNS,318,1,2
12197,IT,66D,1,3
12198,BNS,115,1,1
12198,BNS,109,1,2
12199,MV,185,1,1
12200,IT,66,1,1
12200,IT,66D,1,2
12201,BNS,74,1,1
12202,MV,184,1,1
12203,BNS,64,1,1
12204,BNS,103,1,1
12205,BNS,318,1,1
12206,BNS,309,1,1
12208,BNS,318,1,1
12209,BNS,112,1,1
12209,BNS,351,1,2
12209,BNS,196,1,3
12210,BNS,331,1,1
12210,BNS,310,1,2
12210,BNS,318,1,3
12211,BNS,318,1,1
12211,IT,66D,1,2
12213,MV,185,1,1
12215,BNS,305,1,1
12215,BNS,316,1,2
12215,BNS,331,1,3
12216,BNS,118,1,1
12218,BNS,310,1,1
12218,BNS,305,1,2
12219,NDPS,21,1,1
12219,EXCISE,32,1,2
12220,MV,185,1,1
12221,ARMS,25,1,1
12221,ARMS,27,1,2
12222,IT,66C,1,1
12222,IT,66,1,2
12224,BNS,310,1,1
12225,BNS,316,1,1
12226,IT,66C,1,1
12227,BNS,318,1,1
12227,BNS,310,1,2
12227,BNS,331,1,3
12228,BNS,310,1,1
12229,BNS,331,1,1
12230,BNS,338,1,1
12230,BNS,318,1,2
12230,IT,66D,1,3
12231,IT,66D,1,1
12232,BNS,331,1,1
12232,BNS,316,1,2
12233,BNS,318,1,1
12233,BNS,338,1,2
12234,BNS,118,1,1
12234,BNS,105,1,2
12235,IT,66C,1,1
12235,IT,66,1,2
12236,MV,184,1,1
12237,BNS,105,1,1
12237,BNS,109,1,2
12238,BNS,118,1,1
12238,BNS,115,1,2
12238,BNS,105,1,3
12239,BNS,103,1,1
12240,BNS,109,1,1
12240,BNS,118,1,2
12241,BNS,74,1,1
12242,MV,184,1,1
12243,BNS,318,1,1
12244,BNS,303,1,1
12244,BNS,316,1,2
12245,BNS,74,1,1
12245,BNS,85,1,2
12246,BNS,109,1,1
12246,BNS,103,1,2
12246,BNS,115,1,3
12247,BNS,331,1,1
12249,IT,66D,1,1
12250,BNS,309,1,1
12250,BNS,318,1,2
12250,BNS,331,1,3
12251,ARMS,27,1,1
12252,IT,66D,1,1
12253,BNS,105,1,1
12253,BNS,109,1,2
12253,BNS,118,1,3
12254,BNS,331,1,1
12254,BNS,305,1,2
12254,BNS,318,1,3
12255,BNS,80,1,1
12255,BNS,78,1,2
12257,MV,184,1,1
12257,MV,185,1,2
12258,BNS,309,1,1
12258,BNS,316,1,2
12259,EXCISE,32,1,1
12259,ARMS,27,1,2
12259,NDPS,21,1,3
12261,BNS,115,1,1
12261,BNS,118,1,2
12262,BNS,309,1,1
12262,BNS,331,1,2
12262,BNS,303,1,3
12263,BNS,310,1,1
12263,BNS,316,1,2
12263,BNS,318,1,3
12264,MV,185,1,1
12265,BNS,85,1,1
12265,BNS,78,1,2
12266,BNS,109,1,1
12266,BNS,118,1,2
12267,MV,184,1,1
12268,MV,184,1,1
12269,BNS,316,1,1
12269,BNS,310,1,2
12270,BNS,331,1,1
12271,BNS,331,1,1
12271,BNS,318,1,2
12272,BNS,78,1,1
12273,BNS,103,1,1
12274,BNS,112,1,1
12275,BNS,331,1,1
12275,BNS,310,1,2
12276,BNS,318,1,1
12276,BNS,310,1,2
12277,BNS,118,1,1
12277,BNS,105,1,2
12277,BNS,109,1,3
12278,NDPS,20,1,1
12278,NDPS,21,1,2
12278,ARMS,27,1,3
12279,BNS,310,1,1
12280,BNS,318,1,1
12281,BNS,78,1,1
12282,BNS,103,1,1
12282,BNS,115,1,2
12283,BNS,196,1,1
12285,BNS,331,1,1
12285,BNS,305,1,2
12285,BNS,318,1,3
12286,MV,185,1,1
12287,BNS,80,1,1
12287,BNS,85,1,2
12287,BNS,78,1,3
12288,BNS,85,1,1
12288,BNS,140,1,2
12288,BNS,78,1,3
12289,IT,66D,1,1
12290,BNS,305,1,1
12290,BNS,310,1,2
12291,BNS,78,1,1
12292,BNS,112,1,1
12293,MV,184,1,1
12293,MV,185,1,2
12295,BNS,140,1,1
12295,BNS,64,1,2
12296,NDPS,20,1,1
12297,BNS,303,1,1
12297,BNS,331,1,2
12298,BNS,103,1,1
12298,BNS,115,1,2
12298,BNS,118,1,3
12299,MV,185,1,1
12299,MV,184,1,2
12300,NDPS,20,1,1
12300,ARMS,25,1,2
12301,BNS,109,1,1
12301,BNS,103,1,2
12302,BNS,111,1,1
12302,BNS,189,1,2
12302,BNS,112,1,3
12303,BNS,318,1,1
12303,BNS,316,1,2
12304,NDPS,21,1,1
12304,EXCISE,32,1,2
12305,BNS,310,1,1
12306,BNS,118,1,1
12307,BNS,118,1,1
12308,BNS,318,1,1
12308,BNS,303,1,2
12308,BNS,331,1,3
12309,BNS,309,1,1
12310,BNS,105,1,1
12310,BNS,115,1,2
12311,BNS,318,1,1
12311,BNS,338,1,2
12311,IT,66D,1,3
12312,BNS,189,1,1
12312,BNS,111,1,2
12312,BNS,351,1,3
12313,BNS,118,1,1
12313,BNS,103,1,2
12313,BNS,109,1,3
12314,BNS,109,1,1
12314,BNS,103,1,2
12315,ARMS,25,1,1
12316,EXCISE,32,1,1
12317,IT,66,1,1
12317,IT,66D,1,2
12319,BNS,310,1,1
12319,BNS,303,1,2
12320,BNS,74,1,1
12320,BNS,80,1,2
12320,BNS,85,1,3
12321,BNS,140,1,1
12321,POCSO,8,1,2
12322,BNS,310,1,1
12323,BNS,305,1,1
12323,BNS,331,1,2
12323,BNS,309,1,3
12325,BNS,309,1,1
12325,BNS,316,1,2
12326,BNS,303,1,1
12326,BNS,318,1,2
12327,MV,184,1,1
12328,MV,184,1,1
12329,BNS,338,1,1
12329,IT,66D,1,2
12329,BNS,318,1,3
12330,BNS,318,1,1
12330,IT,66D,1,2
12331,BNS,309,1,1
12331,BNS,310,1,2
12331,BNS,331,1,3
12332,BNS,78,1,1
12332,BNS,80,1,2
12332,BNS,140,1,3
12333,BNS,140,1,1
12333,BNS,64,1,2
12333,BNS,78,1,3
12334,IT,66D,1,1
12335,BNS,303,1,1
12336,BNS,338,1,1
12337,IT,66D,1,1
12337,BNS,318,1,2
12338,BNS,80,1,1
12339,IT,66C,1,1
12340,BNS,118,1,1
12340,BNS,103,1,2
12341,BNS,309,1,1
12342,IT,66,1,1
12342,IT,66D,1,2
12342,IT,66C,1,3
12343,BNS,331,1,1
12343,BNS,309,1,2
12344,BNS,338,1,1
12344,IT,66D,1,2
12344,BNS,318,1,3
12345,BNS,318,1,1
12345,IT,66D,1,2
12345,BNS,338,1,3
12346,BNS,191,1,1
12347,MV,184,1,1
12348,BNS,191,1,1
12348,BNS,112,1,2
12348,BNS,189,1,3
12349,BNS,316,1,1
12349,BNS,318,1,2
12349,BNS,310,1,3
12350,MV,184,1,1
12352,BNS,316,1,1
12353,BNS,316,1,1
12354,BNS,80,1,1
12354,BNS,85,1,2
12355,BNS,305,1,1
12356,BNS,318,1,1
12357,MV,185,1,1
12357,MV,184,1,2
12358,BNS,318,1,1
12358,BNS,316,1,2
12359,MV,184,1,1
12359,MV,185,1,2
12360,MV,185,1,1
12360,MV,184,1,2
12361,BNS,318,1,1
12362,BNS,331,1,1
12362,BNS,316,1,2
12362,BNS,305,1,3
12363,BNS,318,1,1
12363,BNS,338,1,2
12363,IT,66D,1,3
12364,BNS,331,1,1
12365,NDPS,20,1,1
12365,ARMS,27,1,2
12365,NDPS,8,1,3
12366,BNS,112,1,1
12366,BNS,351,1,2
12367,BNS,316,1,1
12368,BNS,318,1,1
12368,BNS,310,1,2
12369,IT,66C,1,1
12369,IT,66,1,2
12371,BNS,310,1,1
12371,BNS,309,1,2
12371,BNS,331,1,3
12372,BNS,305,1,1
12372,BNS,303,1,2
12372,BNS,309,1,3
12373,BNS,318,1,1
12373,BNS,316,1,2
12373,BNS,305,1,3
12374,BNS,80,1,1
12374,BNS,64,1,2
12375,BNS,338,1,1
12375,IT,66D,1,2
12375,BNS,318,1,3
12376,BNS,140,1,1
12376,POCSO,8,1,2
12377,BNS,189,1,1
12377,BNS,191,1,2
12377,BNS,196,1,3
12378,BNS,310,1,1
12379,BNS,78,1,1
12380,BNS,316,1,1
12380,BNS,310,1,2
12381,NDPS,20,1,1
12381,ARMS,25,1,2
12381,EXCISE,32,1,3
12382,BNS,80,1,1
12382,BNS,85,1,2
12383,IT,66D,1,1
12384,BNS,305,1,1
12384,BNS,309,1,2
12384,BNS,310,1,3
12385,MV,185,1,1
12385,MV,184,1,2
12386,BNS,338,1,1
12386,IT,66D,1,2
12387,BNS,351,1,1
12387,BNS,191,1,2
12387,BNS,112,1,3
12389,BNS,78,1,1
12390,BNS,140,1,1
12390,POCSO,4,1,2
12391,POCSO,4,1,1
12392,MV,184,1,1
12392,MV,185,1,2
12393,MV,184,1,1
12393,MV,185,1,2
12394,BNS,318,1,1
12394,BNS,305,1,2
12394,BNS,310,1,3
12395,BNS,351,1,1
12395,BNS,111,1,2
12395,BNS,191,1,3
12396,BNS,103,1,1
12396,BNS,109,1,2
12397,MV,184,1,1
12397,MV,185,1,2
12398,BNS,310,1,1
12398,BNS,305,1,2
12399,ARMS,25,1,1
12399,ARMS,27,1,2
12399,EXCISE,32,1,3
12400,BNS,80,1,1
12402,BNS,105,1,1
12403,BNS,310,1,1
12403,BNS,309,1,2
12403,BNS,305,1,3
12404,BNS,80,1,1
12405,BNS,338,1,1
12406,BNS,303,1,1
12407,BNS,351,1,1
12408,BNS,109,1,1
12409,BNS,338,1,1
12409,IT,66D,1,2
12409,BNS,318,1,3
12410,MV,185,1,1
12411,BNS,303,1,1
12412,EXCISE,32,1,1
12412,ARMS,27,1,2
12412,NDPS,8,1,3
12413,BNS,196,1,1
12414,BNS,305,1,1
12415,BNS,111,1,1
12415,BNS,351,1,2
12416,BNS,331,1,1
12416,BNS,318,1,2
12416,BNS,310,1,3
12417,BNS,103,1,1
12417,BNS,105,1,2
12417,BNS,109,1,3
12418,BNS,103,1,1
12419,BNS,331,1,1
12419,BNS,305,1,2
12420,BNS,103,1,1
12420,BNS,115,1,2
12421,BNS,74,1,1
12421,BNS,80,1,2
12421,BNS,85,1,3
12422,BNS,103,1,1
12423,BNS,331,1,1
12423,BNS,316,1,2
12424,BNS,316,1,1
12424,BNS,303,1,2
12424,BNS,331,1,3
12425,BNS,189,1,1
12425,BNS,191,1,2
12425,BNS,351,1,3
12426,MV,184,1,1
12429,BNS,80,1,1
12430,BNS,318,1,1
12430,IT,66D,1,2
12431,BNS,118,1,1
12432,BNS,85,1,1
12432,BNS,64,1,2
12433,BNS,140,1,1
12434,MV,184,1,1
12434,MV,185,1,2
12435,BNS,64,1,1
12435,BNS,140,1,2
12435,BNS,78,1,3
12436,BNS,318,1,1
12437,NDPS,8,1,1
12437,ARMS,25,1,2
12437,EXCISE,32,1,3
12438,BNS,78,1,1
12438,BNS,140,1,2
12438,BNS,64,1,3
12439,BNS,318,1,1
12439,BNS,303,1,2
12440,MV,185,1,1
12441,IT,66D,1,1
12442,BNS,316,1,1
12443,BNS,309,1,1
12444,BNS,316,1,1
12444,BNS,310,1,2
12445,NDPS,21,1,1
12446,ARMS,25,1,1
12446,NDPS,8,1,2
12446,NDPS,21,1,3
12447,BNS,112,1,1
12448,POCSO,4,1,1
12449,BNS,351,1,1
12449,BNS,196,1,2
12449,BNS,189,1,3
12450,MV,185,1,1
12450,MV,184,1,2
12451,BNS,303,1,1
12451,BNS,309,1,2
12452,IT,66D,1,1
12452,BNS,318,1,2
12453,BNS,310,1,1
12454,BNS,331,1,1
12454,BNS,309,1,2
12454,BNS,310,1,3
12455,BNS,318,1,1
12456,BNS,85,1,1
12456,BNS,74,1,2
12457,BNS,309,1,1
12458,BNS,351,1,1
12459,BNS,78,1,1
12459,BNS,140,1,2
12459,BNS,80,1,3
12460,IT,66,1,1
12460,IT,66D,1,2
12460,IT,66C,1,3
12461,BNS,112,1,1
12461,BNS,191,1,2
12462,BNS,74,1,1
12462,BNS,64,1,2
12463,IT,66D,1,1
12463,BNS,338,1,2
12463,BNS,318,1,3
12464,BNS,191,1,1
12464,BNS,111,1,2
12464,BNS,189,1,3
12465,BNS,316,1,1
12468,BNS,316,1,1
12469,BNS,318,1,1
12469,BNS,310,1,2
12471,BNS,318,1,1
12471,BNS,309,1,2
12472,BNS,338,1,1
12473,BNS,331,1,1
12473,BNS,305,1,2
12474,NDPS,8,1,1
12475,BNS,303,1,1
12475,BNS,331,1,2
12475,BNS,316,1,3
12476,BNS,64,1,1
12476,BNS,85,1,2
12476,BNS,74,1,3
12477,BNS,309,1,1
12477,BNS,318,1,2
12477,BNS,331,1,3
12478,BNS,316,1,1
12478,BNS,305,1,2
12478,BNS,310,1,3
12479,BNS,305,1,1
12479,BNS,310,1,2
12479,BNS,303,1,3
12480,BNS,103,1,1
12480,BNS,118,1,2
12481,BNS,109,1,1
12481,BNS,118,1,2
12481,BNS,105,1,3
12482,MV,184,1,1
12482,MV,185,1,2
12483,BNS,305,1,1
12483,BNS,310,1,2
12485,BNS,331,1,1
12486,MV,184,1,1
12487,BNS,338,1,1
12488,BNS,118,1,1
12488,BNS,105,1,2
12488,BNS,103,1,3
12489,BNS,305,1,1
12490,BNS,309,1,1
12490,BNS,303,1,2
12490,BNS,318,1,3
12491,BNS,305,1,1
12491,BNS,310,1,2
12491,BNS,331,1,3
12492,BNS,303,1,1
12493,POCSO,4,1,1
12493,POCSO,8,1,2
12493,BNS,140,1,3
12494,BNS,318,1,1
12497,BNS,305,1,1
12498,BNS,64,1,1
12499,BNS,105,1,1
12499,BNS,115,1,2
12501,BNS,309,1,1
12501,BNS,316,1,2
12502,BNS,303,1,1
12502,BNS,318,1,2
12503,BNS,316,1,1
12504,IT,66C,1,1
12504,IT,66D,1,2
12505,BNS,80,1,1
12506,EXCISE,32,1,1
12507,BNS,318,1,1
12507,BNS,310,1,2
12507,BNS,303,1,3
12508,BNS,309,1,1
12508,BNS,310,1,2
12508,BNS,331,1,3
12509,BNS,338,1,1
12509,BNS,318,1,2
12510,BNS,189,1,1
12510,BNS,112,1,2
12510,BNS,351,1,3
12511,BNS,303,1,1
12512,NDPS,20,1,1
12513,BNS,305,1,1
12514,ARMS,25,1,1
12514,NDPS,20,1,2
12515,BNS,109,1,1
12515,BNS,103,1,2
12515,BNS,105,1,3
12516,MV,185,1,1
12516,MV,184,1,2
12517,BNS,305,1,1
12517,BNS,310,1,2
12517,BNS,318,1,3
12518,BNS,74,1,1
12518,BNS,80,1,2
12519,BNS,74,1,1
12520,BNS,303,1,1
12520,BNS,318,1,2
12520,BNS,310,1,3
12521,BNS,305,1,1
12521,BNS,318,1,2
12522,MV,185,1,1
12524,BNS,80,1,1
12524,BNS,140,1,2
12524,BNS,74,1,3
12525,EXCISE,32,1,1
12525,ARMS,27,1,2
12526,BNS,331,1,1
12527,BNS,115,1,1
12527,BNS,109,1,2
12528,BNS,118,1,1
12529,BNS,80,1,1
12530,BNS,78,1,1
12530,BNS,64,1,2
12531,BNS,331,1,1
12532,BNS,318,1,1
12532,BNS,309,1,2
12532,BNS,316,1,3
12533,BNS,191,1,1
12533,BNS,196,1,2
12533,BNS,112,1,3
12534,BNS,338,1,1
12534,IT,66D,1,2
12535,BNS,318,1,1
12535,BNS,338,1,2
12536,BNS,309,1,1
12537,BNS,316,1,1
12537,BNS,309,1,2
12539,BNS,64,1,1
12539,BNS,140,1,2
12539,BNS,78,1,3
12540,BNS,109,1,1
12541,POCSO,8,1,1
12541,BNS,140,1,2
12542,POCSO,8,1,1
12543,BNS,109,1,1
12543,BNS,105,1,2
12544,BNS,338,1,1
12544,IT,66D,1,2
12545,BNS,111,1,1
12546,BNS,140,1,1
12546,POCSO,8,1,2
12546,POCSO,4,1,3
12547,BNS,331,1,1
12547,BNS,309,1,2
12548,BNS,318,1,1
12548,BNS,338,1,2
12548,IT,66D,1,3
12549,BNS,318,1,1
12549,BNS,316,1,2
12549,BNS,305,1,3
12550,BNS,305,1,1
12551,BNS,305,1,1
12552,BNS,338,1,1
12553,BNS,74,1,1
12553,BNS,85,1,2
12553,BNS,140,1,3
12554,BNS,64,1,1
12554,BNS,78,1,2
12554,BNS,85,1,3
12555,IT,66,1,1
12555,IT,66D,1,2
12556,BNS,64,1,1
12556,BNS,80,1,2
12556,BNS,78,1,3
12558,BNS,78,1,1
12558,BNS,64,1,2
12559,BNS,305,1,1
12559,BNS,303,1,2
12560,BNS,103,1,1
12560,BNS,118,1,2
12561,PC,7,1,1
12562,NDPS,21,1,1
12562,NDPS,8,1,2
12563,BNS,303,1,1
12563,BNS,318,1,2
12564,BNS,316,1,1
12565,BNS,305,1,1
12567,BNS,309,1,1
12567,BNS,303,1,2
12567,BNS,305,1,3
12568,BNS,74,1,1
12569,BNS,115,1,1
12570,IT,66C,1,1
12571,MV,185,1,1
12572,BNS,303,1,1
12572,BNS,309,1,2
12574,BNS,318,1,1
12574,IT,66D,1,2
12575,IT,66,1,1
12575,IT,66D,1,2
12576,BNS,305,1,1
12576,BNS,331,1,2
12577,BNS,85,1,1
12578,BNS,196,1,1
12578,BNS,351,1,2
12578,BNS,111,1,3
12579,BNS,318,1,1
12581,BNS,338,1,1
12581,BNS,318,1,2
12581,IT,66D,1,3
12582,BNS,318,1,1
12582,IT,66D,1,2
12582,BNS,338,1,3
12583,BNS,318,1,1
12583,IT,66D,1,2
12583,BNS,338,1,3
12584,BNS,112,1,1
12584,BNS,351,1,2
12584,BNS,189,1,3
12585,BNS,331,1,1
12586,BNS,318,1,1
12588,IT,66,1,1
12588,IT,66C,1,2
12588,IT,66D,1,3
12589,BNS,318,1,1
12589,BNS,338,1,2
12589,IT,66D,1,3
12591,BNS,351,1,1
12591,BNS,191,1,2
12592,BNS,105,1,1
12592,BNS,118,1,2
12593,PC,7,1,1
12594,BNS,118,1,1
12594,BNS,103,1,2
12594,BNS,109,1,3
12595,IT,66C,1,1
12595,IT,66D,1,2
12595,IT,66,1,3
12596,BNS,64,1,1
12597,MV,185,1,1
12597,MV,184,1,2
12598,MV,184,1,1
12599,ARMS,25,1,1
12599,EXCISE,32,1,2
12599,NDPS,8,1,3
12600,BNS,105,1,1
12600,BNS,109,1,2
12601,MV,185,1,1
12602,IT,66D,1,1
12602,BNS,338,1,2
12602,BNS,318,1,3
12604,BNS,118,1,1
12605,BNS,309,1,1
12606,BNS,74,1,1
12607,MV,184,1,1
12608,BNS,318,1,1
12608,BNS,303,1,2
12609,BNS,112,1,1
12609,BNS,111,1,2
12610,BNS,80,1,1
12611,IT,66D,1,1
12611,BNS,318,1,2
12612,NDPS,20,1,1
12612,EXCISE,32,1,2
12613,BNS,303,1,1
12613,BNS,305,1,2
12614,NDPS,20,1,1
12614,NDPS,21,1,2
12615,BNS,80,1,1
12615,BNS,78,1,2
12615,BNS,85,1,3
12616,BNS,318,1,1
12616,BNS,309,1,2
12618,BNS,140,1,1
12619,BNS,105,1,1
12619,BNS,115,1,2
12620,BNS,331,1,1
12621,BNS,105,1,1
12621,BNS,103,1,2
12622,BNS,318,1,1
12623,NDPS,21,1,1
12623,NDPS,20,1,2
12623,ARMS,27,1,3
12624,BNS,80,1,1
12626,BNS,316,1,1
12626,BNS,331,1,2
12626,BNS,305,1,3
12627,BNS,191,1,1
12627,BNS,196,1,2
12627,BNS,351,1,3
12628,NDPS,8,1,1
12629,BNS,309,1,1
12629,BNS,310,1,2
12629,BNS,331,1,3
12630,BNS,318,1,1
12630,BNS,316,1,2
12630,BNS,331,1,3
12631,BNS,109,1,1
12632,BNS,316,1,1
12632,BNS,318,1,2
12633,BNS,309,1,1
12634,BNS,140,1,1
12635,MV,185,1,1
12635,MV,184,1,2
12636,EXCISE,32,1,1
12636,ARMS,25,1,2
12637,BNS,115,1,1
12638,MV,185,1,1
12639,BNS,191,1,1
12639,BNS,112,1,2
12640,BNS,318,1,1
12640,IT,66D,1,2
12640,BNS,338,1,3
12641,BNS,331,1,1
12641,BNS,305,1,2
12642,BNS,103,1,1
12642,BNS,115,1,2
12643,BNS,318,1,1
12643,BNS,331,1,2
12645,ARMS,25,1,1
12645,NDPS,20,1,2
12645,ARMS,27,1,3
12646,MV,184,1,1
12646,MV,185,1,2
12647,BNS,305,1,1
12647,BNS,309,1,2
12648,BNS,196,1,1
12648,BNS,112,1,2
12648,BNS,351,1,3
12650,NDPS,21,1,1
12650,ARMS,27,1,2
12650,NDPS,20,1,3
12651,BNS,303,1,1
12651,BNS,331,1,2
12651,BNS,309,1,3
12652,BNS,351,1,1
12653,BNS,109,1,1
12653,BNS,118,1,2
12654,POCSO,8,1,1
12654,POCSO,4,1,2
12654,BNS,140,1,3
12655,MV,184,1,1
12655,MV,185,1,2
12656,MV,184,1,1
12657,BNS,118,1,1
12657,BNS,109,1,2
12658,BNS,305,1,1
12658,BNS,310,1,2
12659,BNS,305,1,1
12659,BNS,303,1,2
12659,BNS,316,1,3
12660,BNS,118,1,1
12661,BNS,305,1,1
12662,BNS,331,1,1
12662,BNS,316,1,2
12663,MV,184,1,1
12665,BNS,74,1,1
12665,BNS,78,1,2
12665,BNS,140,1,3
12666,BNS,318,1,1
12666,BNS,305,1,2
12667,BNS,318,1,1
12668,BNS,310,1,1
12668,BNS,303,1,2
12668,BNS,305,1,3
12669,ARMS,25,1,1
12669,NDPS,8,1,2
12670,PC,7,1,1
12671,BNS,118,1,1
12672,BNS,189,1,1
12672,BNS,112,1,2
12672,BNS,111,1,3
12673,BNS,310,1,1
12673,BNS,305,1,2
12674,BNS,310,1,1
12674,BNS,305,1,2
12675,IT,66,1,1
12675,IT,66D,1,2
12675,IT,66C,1,3
12676,MV,184,1,1
12676,MV,185,1,2
12677,MV,184,1,1
12677,MV,185,1,2
12679,BNS,309,1,1
12680,BNS,331,1,1
12680,BNS,310,1,2
12681,BNS,310,1,1
12681,BNS,331,1,2
12681,BNS,316,1,3
12682,BNS,309,1,1
12682,BNS,316,1,2
12683,POCSO,8,1,1
12683,BNS,140,1,2
12683,POCSO,4,1,3
12685,BNS,109,1,1
12686,BNS,338,1,1
12686,BNS,318,1,2
12686,IT,66D,1,3
12687,IT,66D,1,1
12688,BNS,115,1,1
12688,BNS,105,1,2
12688,BNS,109,1,3
12689,MV,185,1,1
12690,IT,66D,1,1
12690,BNS,338,1,2
12691,BNS,189,1,1
12692,BNS,305,1,1
12692,BNS,310,1,2
12692,BNS,318,1,3
12693,BNS,305,1,1
12694,BNS,331,1,1
12694,BNS,305,1,2
12695,BNS,305,1,1
12695,BNS,318,1,2
12696,BNS,331,1,1
12696,BNS,318,1,2
12696,BNS,316,1,3
12697,BNS,140,1,1
12697,BNS,78,1,2
12697,BNS,64,1,3
12698,BNS,309,1,1
12699,NDPS,8,1,1
12699,NDPS,21,1,2
12699,NDPS,20,1,3
12700,BNS,191,1,1
12700,BNS,189,1,2
12700,BNS,351,1,3
12701,BNS,309,1,1
12702,BNS,309,1,1
12702,BNS,331,1,2
12702,BNS,318,1,3
12703,IT,66D,1,1
12703,BNS,318,1,2
12703,BNS,338,1,3
12704,MV,185,1,1
12705,BNS,338,1,1
12706,BNS,309,1,1
12707,BNS,303,1,1
12710,BNS,305,1,1
12710,BNS,316,1,2
12710,BNS,318,1,3
12711,BNS,316,1,1
12711,BNS,310,1,2
12712,PC,7,1,1
12713,IT,66,1,1
12714,MV,184,1,1
12715,BNS,316,1,1
12715,BNS,318,1,2
12716,IT,66C,1,1
12716,IT,66D,1,2
12716,IT,66,1,3
12717,POCSO,4,1,1
12717,POCSO,8,1,2
12717,BNS,140,1,3
12718,IT,66D,1,1
12718,IT,66C,1,2
12718,IT,66,1,3
12719,BNS,305,1,1
12719,BNS,318,1,2
12719,BNS,331,1,3
12720,BNS,78,1,1
12721,BNS,331,1,1
12721,BNS,303,1,2
12722,BNS,318,1,1
12722,IT,66D,1,2
12722,BNS,338,1,3
12723,BNS,303,1,1
12723,BNS,318,1,2
12724,PC,7,1,1
12725,ARMS,27,1,1
12725,NDPS,21,1,2
12725,EXCISE,32,1,3
12726,IT,66C,1,1
12726,IT,66D,1,2
12726,IT,66,1,3
12727,BNS,309,1,1
12728,MV,184,1,1
12729,BNS,85,1,1
12730,BNS,103,1,1
12731,BNS,189,1,1
12731,BNS,111,1,2
12731,BNS,112,1,3
12732,BNS,303,1,1
12733,MV,184,1,1
12736,BNS,331,1,1
12737,BNS,316,1,1
12737,BNS,303,1,2
12737,BNS,318,1,3
12739,BNS,305,1,1
12739,BNS,316,1,2
12739,BNS,318,1,3
12740,BNS,318,1,1
12741,BNS,310,1,1
12741,BNS,331,1,2
12742,NDPS,8,1,1
12743,BNS,74,1,1
12743,BNS,78,1,2
12743,BNS,64,1,3
12744,BNS,331,1,1
12745,BNS,318,1,1
12745,BNS,338,1,2
12745,IT,66D,1,3
12747,BNS,303,1,1
12747,BNS,305,1,2
12748,MV,184,1,1
12748,MV,185,1,2
12749,BNS,318,1,1
12750,BNS,303,1,1
12751,MV,184,1,1
12751,MV,185,1,2
12752,MV,184,1,1
12753,BNS,105,1,1
12753,BNS,118,1,2
12754,BNS,310,1,1
12755,IT,66D,1,1
12756,MV,184,1,1
12756,MV,185,1,2
12757,BNS,303,1,1
12757,BNS,305,1,2
12758,MV,185,1,1
12759,BNS,305,1,1
12760,ARMS,25,1,1
12760,ARMS,27,1,2
12761,BNS,310,1,1
12761,BNS,303,1,2
12761,BNS,318,1,3
12762,BNS,64,1,1
12763,BNS,305,1,1
12763,BNS,331,1,2
12763,BNS,309,1,3
12764,BNS,103,1,1
12764,BNS,109,1,2
12765,BNS,310,1,1
12765,BNS,309,1,2
12766,BNS,318,1,1
12767,BNS,109,1,1
12767,BNS,103,1,2
12767,BNS,105,1,3
12768,BNS,191,1,1
12769,IT,66D,1,1
12769,BNS,318,1,2
12769,BNS,338,1,3
12770,BNS,309,1,1
12770,BNS,316,1,2
12771,BNS,140,1,1
12772,MV,184,1,1
12773,MV,185,1,1
12773,MV,184,1,2
12774,BNS,316,1,1
12775,IT,66,1,1
12776,MV,184,1,1
12777,IT,66C,1,1
12777,IT,66D,1,2
12777,IT,66,1,3
12778,BNS,109,1,1
12778,BNS,118,1,2
12778,BNS,105,1,3
12779,NDPS,8,1,1
12779,ARMS,25,1,2
12780,BNS,316,1,1
12780,BNS,310,1,2
12781,MV,185,1,1
12781,MV,184,1,2
12782,BNS,310,1,1
12783,BNS,80,1,1
12783,BNS,140,1,2
12783,BNS,85,1,3
12784,BNS,85,1,1
12784,BNS,80,1,2
12784,BNS,64,1,3
12785,BNS,318,1,1
12785,BNS,338,1,2
12785,IT,66D,1,3
12787,BNS,64,1,1
12788,BNS,318,1,1
12788,BNS,331,1,2
12788,BNS,309,1,3
12789,BNS,303,1,1
12789,BNS,310,1,2
12789,BNS,316,1,3
12790,BNS,305,1,1
12790,BNS,303,1,2
12790,BNS,318,1,3
12791,ARMS,27,1,1
12791,NDPS,21,1,2
12791,NDPS,8,1,3
12792,BNS,309,1,1
12792,BNS,305,1,2
12793,BNS,103,1,1
12794,BNS,318,1,1
12795,IT,66,1,1
12796,BNS,103,1,1
12796,BNS,115,1,2
12797,BNS,338,1,1
12797,BNS,318,1,2
12798,BNS,309,1,1
12799,BNS,80,1,1
12799,BNS,85,1,2
12800,BNS,309,1,1
12800,BNS,310,1,2
12801,POCSO,4,1,1
12801,BNS,140,1,2
12802,BNS,115,1,1
12803,BNS,351,1,1
12803,BNS,112,1,2
12803,BNS,189,1,3
12804,BNS,115,1,1
12805,IT,66D,1,1
12806,MV,185,1,1
12807,BNS,118,1,1
12809,BNS,316,1,1
12809,BNS,318,1,2
12809,BNS,303,1,3
12810,BNS,331,1,1
12811,MV,184,1,1
12811,MV,185,1,2
12812,BNS,109,1,1
12812,BNS,115,1,2
12812,BNS,103,1,3
12813,IT,66D,1,1
12813,BNS,318,1,2
12813,BNS,338,1,3
12814,EXCISE,32,1,1
12814,NDPS,20,1,2
12814,ARMS,27,1,3
12815,BNS,303,1,1
12816,IT,66D,1,1
12816,BNS,338,1,2
12816,BNS,318,1,3
12817,BNS,310,1,1
12817,BNS,331,1,2
12817,BNS,303,1,3
12818,BNS,115,1,1
12819,BNS,351,1,1
12820,BNS,103,1,1
12820,BNS,105,1,2
12820,BNS,115,1,3
12821,MV,185,1,1
12821,MV,184,1,2
12822,IT,66D,1,1
12822,BNS,338,1,2
12822,BNS,318,1,3
12823,BNS,305,1,1
12823,BNS,310,1,2
12823,BNS,318,1,3
12824,BNS,305,1,1
12824,BNS,316,1,2
12825,BNS,105,1,1
12825,BNS,118,1,2
12826,MV,184,1,1
12826,MV,185,1,2
12827,IT,66D,1,1
12827,BNS,338,1,2
12827,BNS,318,1,3
12828,BNS,112,1,1
12829,IT,66D,1,1
12829,BNS,318,1,2
12830,BNS,331,1,1
12830,BNS,318,1,2
12830,BNS,316,1,3
12831,BNS,74,1,1
12831,BNS,80,1,2
12831,BNS,140,1,3
12832,BNS,115,1,1
12832,BNS,103,1,2
12832,BNS,118,1,3
12833,IT,66D,1,1
12833,BNS,338,1,2
12834,BNS,338,1,1
12834,BNS,318,1,2
12835,BNS,309,1,1
12835,BNS,310,1,2
12836,BNS,303,1,1
12837,BNS,310,1,1
12837,BNS,318,1,2
12838,BNS,318,1,1
12838,BNS,310,1,2
12839,BNS,310,1,1
12840,BNS,338,1,1
12841,BNS,111,1,1
12842,EXCISE,32,1,1
12843,BNS,331,1,1
12843,BNS,310,1,2
12843,BNS,309,1,3
12844,BNS,318,1,1
12844,IT,66D,1,2
12844,BNS,338,1,3
12845,EXCISE,32,1,1
12845,ARMS,25,1,2
12846,BNS,318,1,1
12846,BNS,338,1,2
12847,BNS,309,1,1
12847,BNS,303,1,2
12847,BNS,331,1,3
12848,NDPS,20,1,1
12848,EXCISE,32,1,2
12849,BNS,318,1,1
12849,BNS,305,1,2
12849,BNS,303,1,3
12850,BNS,309,1,1
12850,BNS,303,1,2
12850,BNS,331,1,3
12851,BNS,338,1,1
12852,BNS,196,1,1
12852,BNS,351,1,2
12853,BNS,303,1,1
12854,BNS,305,1,1
12854,BNS,318,1,2
12855,BNS,310,1,1
12855,BNS,331,1,2
12856,BNS,316,1,1
12856,BNS,331,1,2
12856,BNS,309,1,3
12857,POCSO,4,1,1
12858,BNS,331,1,1
12859,MV,184,1,1
12860,IT,66D,1,1
12861,BNS,318,1,1
12862,BNS,338,1,1
12863,BNS,318,1,1
12863,BNS,305,1,2
12863,BNS,316,1,3
12864,BNS,318,1,1
12864,BNS,303,1,2
12865,BNS,331,1,1
12865,BNS,316,1,2
12866,MV,185,1,1
12867,BNS,196,1,1
12867,BNS,191,1,2
12868,EXCISE,32,1,1
12868,ARMS,27,1,2
12869,IT,66D,1,1
12870,BNS,331,1,1
12870,BNS,316,1,2
12870,BNS,303,1,3
12871,BNS,305,1,1
12872,MV,184,1,1
12875,BNS,85,1,1
12876,BNS,318,1,1
12876,BNS,303,1,2
12876,BNS,309,1,3
12877,BNS,305,1,1
12877,BNS,303,1,2
12877,BNS,310,1,3
12878,BNS,310,1,1
12879,BNS,303,1,1
12880,BNS,309,1,1
12881,BNS,309,1,1
12881,BNS,316,1,2
12882,BNS,118,1,1
12882,BNS,115,1,2
12883,BNS,305,1,1
12883,BNS,309,1,2
12883,BNS,303,1,3
12884,IT,66D,1,1
12884,BNS,318,1,2
12884,BNS,338,1,3
12885,NDPS,20,1,1
12886,BNS,85,1,1
12887,BNS,305,1,1
12888,BNS,310,1,1
12888,BNS,316,1,2
12889,BNS,74,1,1
12889,BNS,80,1,2
12889,BNS,64,1,3
12890,BNS,318,1,1
12890,BNS,331,1,2
12891,BNS,64,1,1
12892,BNS,305,1,1
12892,BNS,316,1,2
12892,BNS,318,1,3
12893,BNS,303,1,1
12893,BNS,309,1,2
12894,MV,184,1,1
12895,BNS,318,1,1
12895,BNS,338,1,2
12895,IT,66D,1,3
12896,BNS,189,1,1
12896,BNS,351,1,2
12896,BNS,191,1,3
12897,BNS,305,1,1
12898,BNS,316,1,1
12898,BNS,318,1,2
12898,BNS,303,1,3
12899,BNS,331,1,1
12899,BNS,310,1,2
12900,MV,184,1,1
12900,MV,185,1,2
12901,MV,185,1,1
12901,MV,184,1,2
12902,MV,185,1,1
12902,MV,184,1,2
12903,BNS,303,1,1
12904,BNS,331,1,1
12904,BNS,316,1,2
12904,BNS,310,1,3
12905,BNS,338,1,1
12905,BNS,318,1,2
12906,BNS,309,1,1
12906,BNS,316,1,2
12907,BNS,140,1,1
12907,BNS,74,1,2
12907,BNS,85,1,3
12908,BNS,103,1,1
12908,BNS,105,1,2
12908,BNS,115,1,3
12909,BNS,196,1,1
12910,BNS,85,1,1
12910,BNS,74,1,2
12911,BNS,109,1,1
12912,MV,185,1,1
12912,MV,184,1,2
12913,MV,185,1,1
12914,BNS,318,1,1
12914,BNS,305,1,2
12914,BNS,303,1,3
12915,BNS,316,1,1
12915,BNS,310,1,2
12916,BNS,140,1,1
12917,MV,185,1,1
12919,ARMS,25,1,1
12919,ARMS,27,1,2
12920,BNS,318,1,1
12920,IT,66D,1,2
12921,BNS,140,1,1
12921,POCSO,8,1,2
12922,BNS,74,1,1
12922,BNS,85,1,2
12922,BNS,78,1,3
12923,MV,184,1,1
12923,MV,185,1,2
12924,BNS,305,1,1
12924,BNS,303,1,2
12925,BNS,316,1,1
12926,BNS,318,1,1
12926,BNS,338,1,2
12926,IT,66D,1,3
12927,BNS,309,1,1
12928,BNS,316,1,1
12928,BNS,310,1,2
12929,BNS,109,1,1
12929,BNS,105,1,2
12929,BNS,115,1,3
12930,BNS,309,1,1
12930,BNS,316,1,2
12931,BNS,103,1,1
12932,BNS,74,1,1
12932,BNS,85,1,2
12932,BNS,78,1,3
12933,EXCISE,32,1,1
12933,NDPS,21,1,2
12934,BNS,338,1,1
12936,BNS,303,1,1
12937,BNS,351,1,1
12937,BNS,196,1,2
12937,BNS,111,1,3
12938,IT,66D,1,1
12938,BNS,318,1,2
12940,IT,66,1,1
12941,BNS,331,1,1
12941,BNS,305,1,2
12941,BNS,303,1,3
12942,BNS,310,1,1
12942,BNS,331,1,2
12942,BNS,305,1,3
12943,NDPS,21,1,1
12945,IT,66D,1,1
12945,BNS,338,1,2
12945,BNS,318,1,3
12946,BNS,103,1,1
12947,BNS,115,1,1
12947,BNS,103,1,2
12948,BNS,309,1,1
12948,BNS,310,1,2
12948,BNS,318,1,3
12949,BNS,331,1,1
12949,BNS,305,1,2
12949,BNS,318,1,3
12950,MV,185,1,1
12951,BNS,309,1,1
12951,BNS,318,1,2
12951,BNS,316,1,3
12952,BNS,78,1,1
12952,BNS,140,1,2
12953,EXCISE,32,1,1
12954,IT,66D,1,1
12955,BNS,310,1,1
12955,BNS,303,1,2
12956,MV,184,1,1
12957,BNS,310,1,1
12957,BNS,305,1,2
12958,MV,185,1,1
12958,MV,184,1,2
12959,BNS,310,1,1
12959,BNS,331,1,2
12960,MV,185,1,1
12961,BNS,111,1,1
12962,BNS,351,1,1
12962,BNS,112,1,2
12963,BNS,303,1,1
12964,BNS,303,1,1
12965,MV,185,1,1
12966,IT,66D,1,1
12966,BNS,318,1,2
12966,BNS,338,1,3
12967,IT,66D,1,1
12967,BNS,318,1,2
12967,BNS,338,1,3
12968,BNS,303,1,1
12968,BNS,309,1,2
12968,BNS,310,1,3
12969,BNS,196,1,1
12969,BNS,111,1,2
12969,BNS,112,1,3
12970,BNS,309,1,1
12971,BNS,331,1,1
12973,BNS,318,1,1
12973,BNS,338,1,2
12975,BNS,309,1,1
12975,BNS,331,1,2
12975,BNS,318,1,3
12976,BNS,189,1,1
12976,BNS,196,1,2
12976,BNS,111,1,3
12977,BNS,331,1,1
12978,MV,184,1,1
12979,BNS,109,1,1
12980,BNS,309,1,1
12980,BNS,316,1,2
12980,BNS,318,1,3
12981,EXCISE,32,1,1
12982,BNS,74,1,1
12982,BNS,64,1,2
12982,BNS,140,1,3
12983,BNS,85,1,1
12983,BNS,64,1,2
12984,BNS,80,1,1
12985,BNS,118,1,1
12986,BNS,310,1,1
12987,BNS,74,1,1
12988,MV,184,1,1
12989,ARMS,25,1,1
12990,BNS,118,1,1
12990,BNS,103,1,2
12990,BNS,115,1,3
12991,IT,66C,1,1
12992,MV,184,1,1
12993,BNS,105,1,1
12994,BNS,80,1,1
12995,BNS,338,1,1
12996,MV,184,1,1
12996,MV,185,1,2
12997,BNS,115,1,1
12998,BNS,140,1,1
12998,POCSO,8,1,2
12999,BNS,115,1,1
13000,IT,66C,1,1
13001,BNS,338,1,1
13001,IT,66D,1,2
13001,BNS,318,1,3
13002,BNS,338,1,1
13002,IT,66D,1,2
13003,BNS,305,1,1
13003,BNS,316,1,2
13004,BNS,318,1,1
13004,BNS,338,1,2
13004,IT,66D,1,3
13005,BNS,303,1,1
13005,BNS,316,1,2
13007,NDPS,20,1,1
13007,NDPS,8,1,2
13007,ARMS,27,1,3
13008,BNS,189,1,1
13009,BNS,109,1,1
13010,BNS,305,1,1
13011,BNS,196,1,1
13011,BNS,111,1,2
13011,BNS,189,1,3
13012,BNS,64,1,1
13012,BNS,85,1,2
13012,BNS,80,1,3
13013,BNS,338,1,1
13013,BNS,318,1,2
13014,BNS,303,1,1
13015,BNS,318,1,1
13015,BNS,338,1,2
13015,IT,66D,1,3
13016,BNS,303,1,1
13016,BNS,316,1,2
13016,BNS,318,1,3
13017,IT,66D,1,1
13018,BNS,338,1,1
13018,BNS,318,1,2
13018,IT,66D,1,3
13019,MV,185,1,1
13019,MV,184,1,2
13020,BNS,78,1,1
13021,BNS,74,1,1
13022,BNS,309,1,1
13023,BNS,118,1,1
13023,BNS,105,1,2
13024,BNS,140,1,1
13024,POCSO,8,1,2
13024,POCSO,4,1,3
13025,BNS,338,1,1
13026,BNS,331,1,1
13026,BNS,316,1,2
13026,BNS,303,1,3
13028,BNS,64,1,1
13028,BNS,78,1,2
13028,BNS,85,1,3
13029,BNS,309,1,1
13030,BNS,64,1,1
13030,BNS,78,1,2
13031,BNS,318,1,1
13031,BNS,309,1,2
13031,BNS,305,1,3
13032,IT,66D,1,1
13032,BNS,318,1,2
13032,BNS,338,1,3
13034,BNS,80,1,1
13034,BNS,140,1,2
13035,BNS,318,1,1
13035,BNS,316,1,2
13035,BNS,310,1,3
13036,BNS,310,1,1
13037,ARMS,25,1,1
13037,NDPS,8,1,2
13038,BNS,80,1,1
13038,BNS,85,1,2
13039,MV,184,1,1
13040,BNS,316,1,1
13040,BNS,318,1,2
13041,BNS,305,1,1
13042,BNS,305,1,1
13042,BNS,309,1,2
13042,BNS,303,1,3
13043,MV,184,1,1
13043,MV,185,1,2
13044,BNS,331,1,1
13044,BNS,318,1,2
13044,BNS,310,1,3
13045,MV,185,1,1
13046,BNS,196,1,1
13047,BNS,338,1,1
13048,BNS,303,1,1
13049,BNS,309,1,1
13050,BNS,309,1,1
13050,BNS,318,1,2
13051,IT,66D,1,1
13051,IT,66C,1,2
13051,IT,66,1,3
13052,BNS,338,1,1
13052,IT,66D,1,2
13053,BNS,78,1,1
13054,BNS,310,1,1
13054,BNS,309,1,2
13054,BNS,316,1,3
13055,BNS,105,1,1
13056,BNS,191,1,1
13057,BNS,78,1,1
13058,BNS,80,1,1
13058,BNS,78,1,2
13059,ARMS,25,1,1
13059,NDPS,8,1,2
13060,NDPS,21,1,1
13060,ARMS,25,1,2
13060,NDPS,20,1,3
13061,MV,185,1,1
13062,BNS,78,1,1
13062,BNS,74,1,2
13062,BNS,64,1,3
13063,BNS,318,1,1
13063,IT,66D,1,2
13063,BNS,338,1,3
13064,BNS,103,1,1
13065,BNS,140,1,1
13065,POCSO,8,1,2
13065,POCSO,4,1,3
13066,BNS,338,1,1
13067,BNS,316,1,1
13067,BNS,331,1,2
13068,BNS,318,1,1
13068,BNS,338,1,2
13069,BNS,105,1,1
13069,BNS,103,1,2
13070,BNS,331,1,1
13070,BNS,309,1,2
13071,MV,185,1,1
13073,MV,185,1,1
13074,IT,66D,1,1
13075,BNS,303,1,1
13076,BNS,318,1,1
13076,BNS,338,1,2
13077,MV,185,1,1
13077,MV,184,1,2
13078,BNS,318,1,1
13078,IT,66D,1,2
13078,BNS,338,1,3
13079,IT,66C,1,1
13080,BNS,78,1,1
13080,BNS,64,1,2
13081,BNS,115,1,1
13082,MV,185,1,1
13082,MV,184,1,2
13083,BNS,338,1,1
13083,IT,66D,1,2
13084,BNS,318,1,1
13084,BNS,303,1,2
13084,BNS,331,1,3
13085,BNS,309,1,1
13085,BNS,305,1,2
13085,BNS,316,1,3
13086,BNS,338,1,1
13087,BNS,109,1,1
13087,BNS,118,1,2
13088,BNS,318,1,1
13089,BNS,78,1,1
13089,BNS,64,1,2
13090,BNS,303,1,1
13090,BNS,316,1,2
13090,BNS,305,1,3
13091,BNS,316,1,1
13091,BNS,331,1,2
13091,BNS,318,1,3
13092,BNS,310,1,1
13093,BNS,309,1,1
13094,BNS,310,1,1
13094,BNS,331,1,2
13094,BNS,309,1,3
13095,BNS,310,1,1
13095,BNS,305,1,2
13096,BNS,318,1,1
13097,BNS,318,1,1
13097,BNS,331,1,2
13097,BNS,305,1,3
13098,BNS,316,1,1
13098,BNS,309,1,2
13099,IT,66D,1,1
13099,BNS,338,1,2
13099,BNS,318,1,3
13100,NDPS,20,1,1
13100,ARMS,25,1,2
13100,ARMS,27,1,3
13101,BNS,316,1,1
13101,BNS,309,1,2
13102,MV,184,1,1
13103,BNS,305,1,1
13104,BNS,105,1,1
13105,BNS,309,1,1
13106,BNS,309,1,1
13106,BNS,303,1,2
13107,BNS,318,1,1
13107,IT,66D,1,2
13107,BNS,338,1,3
13108,EXCISE,32,1,1
13108,NDPS,20,1,2
13109,BNS,318,1,1
13109,BNS,316,1,2
13110,BNS,80,1,1
13110,BNS,64,1,2
13112,BNS,74,1,1
13112,BNS,140,1,2
13113,IT,66C,1,1
13114,BNS,103,1,1
13114,BNS,118,1,2
13115,PC,7,1,1
13117,BNS,318,1,1
13117,BNS,338,1,2
13117,IT,66D,1,3
13118,BNS,64,1,1
13118,BNS,85,1,2
13120,MV,185,1,1
13120,MV,184,1,2
13121,BNS,78,1,1
13121,BNS,74,1,2
13122,BNS,196,1,1
13122,BNS,191,1,2
13123,BNS,64,1,1
13125,BNS,303,1,1
13125,BNS,310,1,2
13125,BNS,316,1,3
13126,BNS,310,1,1
13126,BNS,303,1,2
13126,BNS,309,1,3
13127,BNS,109,1,1
13127,BNS,103,1,2
13128,BNS,338,1,1
13128,BNS,318,1,2
13128,IT,66D,1,3
13129,MV,185,1,1
13129,MV,184,1,2
13130,BNS,118,1,1
13130,BNS,103,1,2
13131,MV,185,1,1
13131,MV,184,1,2
13132,BNS,338,1,1
13133,BNS,105,1,1
13133,BNS,109,1,2
13134,BNS,316,1,1
13134,BNS,331,1,2
13135,IT,66C,1,1
13135,IT,66,1,2
13136,BNS,309,1,1
13136,BNS,316,1,2
13137,IT,66D,1,1
13138,BNS,111,1,1
13138,BNS,112,1,2
13139,MV,185,1,1
13139,MV,184,1,2
13140,BNS,316,1,1
13140,BNS,303,1,2
13140,BNS,310,1,3
13141,BNS,338,1,1
13142,MV,184,1,1
13142,MV,185,1,2
13143,BNS,310,1,1
13143,BNS,316,1,2
13143,BNS,318,1,3
13144,BNS,351,1,1
13144,BNS,196,1,2
13144,BNS,111,1,3
13145,BNS,318,1,1
13145,BNS,309,1,2
13145,BNS,305,1,3
13146,BNS,115,1,1
13146,BNS,109,1,2
13147,BNS,318,1,1
13148,BNS,303,1,1
13148,BNS,305,1,2
13148,BNS,309,1,3
13149,IT,66D,1,1
13150,BNS,103,1,1
13150,BNS,118,1,2
13150,BNS,109,1,3
13151,BNS,316,1,1
13152,BNS,64,1,1
13153,BNS,303,1,1
13154,BNS,310,1,1
13154,BNS,305,1,2
13155,NDPS,21,1,1
13156,BNS,318,1,1
13157,IT,66D,1,1
13158,BNS,318,1,1
13158,IT,66D,1,2
13159,NDPS,21,1,1
13160,BNS,338,1,1
13160,BNS,318,1,2
13161,NDPS,20,1,1
13161,NDPS,8,1,2
13162,MV,185,1,1
13162,MV,184,1,2
13163,PC,7,1,1
13164,NDPS,20,1,1
13165,BNS,74,1,1
13165,BNS,140,1,2
13166,BNS,305,1,1
13167,BNS,338,1,1
13167,IT,66D,1,2
13167,BNS,318,1,3
13168,BNS,109,1,1
13168,BNS,118,1,2
13168,BNS,103,1,3
13169,BNS,316,1,1
13169,BNS,331,1,2
13170,MV,185,1,1
13170,MV,184,1,2
13171,BNS,103,1,1
13171,BNS,109,1,2
13172,BNS,338,1,1
13172,IT,66D,1,2
13173,MV,185,1,1
13175,BNS,318,1,1
13176,BNS,316,1,1
13177,BNS,303,1,1
13178,BNS,305,1,1
13178,BNS,303,1,2
13179,BNS,316,1,1
13179,BNS,331,1,2
13180,BNS,189,1,1
13180,BNS,111,1,2
13181,BNS,318,1,1
13181,BNS,303,1,2
13181,BNS,305,1,3
13182,BNS,103,1,1
13182,BNS,109,1,2
13183,BNS,74,1,1
13184,BNS,318,1,1
13184,BNS,338,1,2
13184,IT,66D,1,3
13185,EXCISE,32,1,1
13185,ARMS,27,1,2
13185,NDPS,8,1,3
13186,BNS,309,1,1
13187,BNS,112,1,1
13188,BNS,103,1,1
13189,MV,185,1,1
13190,IT,66D,1,1
13190,BNS,318,1,2
13190,BNS,338,1,3
13191,BNS,310,1,1
13191,BNS,316,1,2
13192,BNS,331,1,1
13192,BNS,309,1,2
13192,BNS,318,1,3
13193,BNS,109,1,1
13193,BNS,105,1,2
13193,BNS,103,1,3
13194,BNS,191,1,1
13194,BNS,189,1,2
13194,BNS,351,1,3
13195,BNS,115,1,1
13196,MV,185,1,1
13196,MV,184,1,2
13197,BNS,80,1,1
13197,BNS,85,1,2
13198,BNS,303,1,1
13198,BNS,318,1,2
13198,BNS,331,1,3
13199,BNS,316,1,1
13200,BNS,85,1,1
13200,BNS,64,1,2
13200,BNS,78,1,3
13201,BNS,309,1,1
13201,BNS,318,1,2
13202,BNS,303,1,1
13202,BNS,309,1,2
13202,BNS,305,1,3
13203,BNS,78,1,1
13203,BNS,80,1,2
13204,IT,66D,1,1
13204,IT,66C,1,2
13206,BNS,189,1,1
13206,BNS,191,1,2
13207,NDPS,8,1,1
13207,ARMS,25,1,2
13208,BNS,318,1,1
13208,BNS,338,1,2
13208,IT,66D,1,3
13209,BNS,316,1,1
13209,BNS,303,1,2
13209,BNS,331,1,3
13210,MV,185,1,1
13210,MV,184,1,2
13211,IT,66D,1,1
13212,BNS,118,1,1
13212,BNS,103,1,2
13212,BNS,105,1,3
13213,MV,185,1,1
13214,IT,66,1,1
13214,IT,66C,1,2
13215,PC,7,1,1
13216,BNS,331,1,1
13216,BNS,318,1,2
13216,BNS,303,1,3
13217,ARMS,27,1,1
13217,NDPS,21,1,2
13218,IT,66D,1,1
13219,MV,184,1,1
13220,POCSO,8,1,1
13220,POCSO,4,1,2
13221,BNS,305,1,1
13222,BNS,331,1,1
13222,BNS,305,1,2
13222,BNS,318,1,3
13223,MV,184,1,1
13223,MV,185,1,2
13224,BNS,310,1,1
13224,BNS,303,1,2
13224,BNS,318,1,3
13225,BNS,115,1,1
13225,BNS,105,1,2
13226,BNS,109,1,1
13227,BNS,105,1,1
13227,BNS,109,1,2
13227,BNS,103,1,3
13228,BNS,316,1,1
13228,BNS,318,1,2
13228,BNS,310,1,3
13229,BNS,303,1,1
13229,BNS,318,1,2
13229,BNS,316,1,3
13230,BNS,316,1,1
13230,BNS,331,1,2
13231,BNS,115,1,1
13233,BNS,105,1,1
13233,BNS,103,1,2
13234,EXCISE,32,1,1
13235,IT,66D,1,1
13235,BNS,338,1,2
13235,BNS,318,1,3
13236,BNS,64,1,1
13236,BNS,140,1,2
13237,BNS,115,1,1
13237,BNS,103,1,2
13238,BNS,140,1,1
13238,BNS,64,1,2
13238,BNS,78,1,3
13239,BNS,115,1,1
13239,BNS,105,1,2
13240,BNS,189,1,1
13241,BNS,103,1,1
13242,POCSO,8,1,1
13242,POCSO,4,1,2
13242,BNS,140,1,3
13243,IT,66D,1,1
13243,BNS,338,1,2
13244,BNS,111,1,1
13244,BNS,351,1,2
13244,BNS,191,1,3
13245,EXCISE,32,1,1
13245,ARMS,25,1,2
13246,BNS,115,1,1
13247,MV,184,1,1
13248,MV,184,1,1
13249,BNS,351,1,1
13249,BNS,191,1,2
13250,BNS,318,1,1
13251,BNS,78,1,1
13251,BNS,74,1,2
13252,BNS,331,1,1
13252,BNS,318,1,2
13253,BNS,105,1,1
13253,BNS,103,1,2
13253,BNS,118,1,3
13254,BNS,309,1,1
13254,BNS,303,1,2
13255,BNS,338,1,1
13256,BNS,196,1,1
13256,BNS,351,1,2
13257,MV,185,1,1
13258,IT,66D,1,1
13258,BNS,338,1,2
13259,BNS,112,1,1
13260,BNS,310,1,1
13260,BNS,305,1,2
13261,BNS,115,1,1
13261,BNS,118,1,2
13262,BNS,309,1,1
13263,BNS,105,1,1
13264,MV,185,1,1
13265,NDPS,20,1,1
13265,NDPS,21,1,2
13266,BNS,140,1,1
13266,BNS,78,1,2
13267,BNS,318,1,1
13267,BNS,309,1,2
13269,BNS,85,1,1
13269,BNS,64,1,2
13269,BNS,78,1,3
13270,MV,185,1,1
13272,BNS,316,1,1
13272,BNS,305,1,2
13273,BNS,309,1,1
13273,BNS,303,1,2
13274,BNS,318,1,1
13274,BNS,310,1,2
13275,BNS,85,1,1
13276,MV,184,1,1
13276,MV,185,1,2
13277,MV,184,1,1
13278,BNS,316,1,1
13279,BNS,318,1,1
13279,BNS,338,1,2
13279,IT,66D,1,3
13280,MV,184,1,1
13281,BNS,115,1,1
13281,BNS,109,1,2
13281,BNS,105,1,3
13282,ARMS,27,1,1
13282,ARMS,25,1,2
13282,NDPS,20,1,3
13283,BNS,331,1,1
13283,BNS,318,1,2
13283,BNS,303,1,3
13284,BNS,316,1,1
13285,BNS,303,1,1
13285,BNS,305,1,2
13285,BNS,318,1,3
13286,MV,184,1,1
13287,POCSO,4,1,1
13287,POCSO,8,1,2
13287,BNS,140,1,3
13288,NDPS,8,1,1
13288,ARMS,25,1,2
13288,EXCISE,32,1,3
13289,BNS,316,1,1
13289,BNS,331,1,2
13289,BNS,303,1,3
13290,MV,184,1,1
13290,MV,185,1,2
13291,BNS,74,1,1
13292,BNS,309,1,1
13292,BNS,316,1,2
13292,BNS,303,1,3
13293,BNS,140,1,1
13293,BNS,85,1,2
13293,BNS,80,1,3
13296,BNS,103,1,1
13296,BNS,109,1,2
13297,BNS,338,1,1
13298,BNS,331,1,1
13299,BNS,316,1,1
13300,BNS,103,1,1
13300,BNS,118,1,2
13301,BNS,189,1,1
13302,BNS,64,1,1
13303,BNS,309,1,1
13305,BNS,316,1,1
13305,BNS,303,1,2
13306,BNS,305,1,1
13306,BNS,316,1,2
13307,BNS,112,1,1
13307,BNS,351,1,2
13307,BNS,189,1,3
13308,IT,66D,1,1
13309,IT,66D,1,1
13309,BNS,338,1,2
13310,BNS,103,1,1
13310,BNS,115,1,2
13310,BNS,105,1,3
13311,IT,66D,1,1
13312,BNS,309,1,1
13314,BNS,109,1,1
13316,BNS,305,1,1
13316,BNS,316,1,2
13317,MV,184,1,1
13318,BNS,103,1,1
13318,BNS,115,1,2
13318,BNS,109,1,3
13319,BNS,105,1,1
13320,BNS,118,1,1
13320,BNS,105,1,2
13320,BNS,103,1,3
13321,BNS,80,1,1
13321,BNS,140,1,2
13324,MV,185,1,1
13324,MV,184,1,2
13325,BNS,316,1,1
13325,BNS,318,1,2
13325,BNS,331,1,3
13326,BNS,338,1,1
13327,BNS,78,1,1
13327,BNS,80,1,2
13327,BNS,74,1,3
13328,NDPS,20,1,1
13329,BNS,305,1,1
13329,BNS,316,1,2
13330,BNS,305,1,1
13331,BNS,305,1,1
13331,BNS,310,1,2
13333,BNS,109,1,1
13333,BNS,115,1,2
13333,BNS,118,1,3
13334,BNS,310,1,1
13335,BNS,74,1,1
13335,BNS,140,1,2
13336,BNS,303,1,1
13337,IT,66,1,1
13337,IT,66D,1,2
13338,BNS,338,1,1
13339,BNS,309,1,1
13340,BNS,338,1,1
13340,IT,66D,1,2
13341,BNS,191,1,1
13342,BNS,303,1,1
13342,BNS,331,1,2
13343,BNS,331,1,1
13343,BNS,316,1,2
13344,BNS,80,1,1
13344,BNS,78,1,2
13344,BNS,64,1,3
13345,BNS,305,1,1
13345,BNS,310,1,2
13346,BNS,318,1,1
13347,BNS,115,1,1
13347,BNS,118,1,2
13347,BNS,109,1,3
13348,MV,184,1,1
13348,MV,185,1,2
13349,BNS,305,1,1
13351,MV,185,1,1
13351,MV,184,1,2
13352,MV,184,1,1
13353,IT,66D,1,1
13354,BNS,331,1,1
13354,BNS,310,1,2
13355,BNS,303,1,1
13356,BNS,318,1,1
13356,BNS,309,1,2
13356,BNS,310,1,3
13357,BNS,318,1,1
13358,BNS,303,1,1
13359,BNS,351,1,1
13359,BNS,189,1,2
13360,BNS,189,1,1
13360,BNS,351,1,2
13360,BNS,112,1,3
13361,IT,66D,1,1
13362,BNS,78,1,1
13362,BNS,64,1,2
13363,BNS,310,1,1
13364,MV,185,1,1
13365,BNS,111,1,1
13365,BNS,112,1,2
13365,BNS,351,1,3
13366,NDPS,8,1,1
13366,ARMS,25,1,2
13367,BNS,115,1,1
13367,BNS,118,1,2
13367,BNS,105,1,3
13369,BNS,140,1,1
13369,BNS,85,1,2
13370,BNS,309,1,1
13371,BNS,309,1,1
13371,BNS,310,1,2
13371,BNS,318,1,3
13373,MV,184,1,1
13374,BNS,316,1,1
13375,BNS,305,1,1
13375,BNS,303,1,2
13376,BNS,191,1,1
13377,BNS,309,1,1
13378,BNS,191,1,1
13379,IT,66D,1,1
13379,BNS,318,1,2
13381,BNS,310,1,1
13381,BNS,318,1,2
13382,BNS,115,1,1
13382,BNS,103,1,2
13383,BNS,80,1,1
13384,MV,185,1,1
13385,BNS,103,1,1
13385,BNS,109,1,2
13385,BNS,105,1,3
13386,BNS,305,1,1
13386,BNS,331,1,2
13386,BNS,310,1,3
13387,BNS,310,1,1
13388,BNS,331,1,1
13390,BNS,351,1,1
13391,MV,185,1,1
13391,MV,184,1,2
13392,BNS,196,1,1
13392,BNS,189,1,2
13393,MV,185,1,1
13394,MV,185,1,1
13394,MV,184,1,2
13395,BNS,305,1,1
13396,BNS,105,1,1
13396,BNS,118,1,2
13396,BNS,103,1,3
13397,BNS,196,1,1
13397,BNS,111,1,2
13397,BNS,191,1,3
13398,BNS,191,1,1
13398,BNS,351,1,2
13398,BNS,111,1,3
13399,BNS,109,1,1
13399,BNS,118,1,2
13400,MV,184,1,1
13401,BNS,316,1,1
13401,BNS,331,1,2
13401,BNS,305,1,3
13402,BNS,316,1,1
13402,BNS,303,1,2
13403,NDPS,20,1,1
13403,NDPS,21,1,2
13404,IT,66D,1,1
13405,BNS,78,1,1
13407,BNS,309,1,1
13407,BNS,316,1,2
13407,BNS,305,1,3
13408,BNS,115,1,1
13409,BNS,338,1,1
13409,BNS,318,1,2
13409,IT,66D,1,3
13410,MV,185,1,1
13411,MV,185,1,1
13411,MV,184,1,2
13412,BNS,305,1,1
13413,BNS,331,1,1
13413,BNS,303,1,2
13414,BNS,305,1,1
13414,BNS,310,1,2
13414,BNS,309,1,3
13415,BNS,64,1,1
13415,BNS,140,1,2
13415,BNS,85,1,3
13416,BNS,80,1,1
13416,BNS,74,1,2
13416,BNS,64,1,3
13417,BNS,80,1,1
13417,BNS,64,1,2
13418,BNS,309,1,1
13419,BNS,309,1,1
13420,IT,66C,1,1
13420,IT,66,1,2
13420,IT,66D,1,3
13421,BNS,310,1,1
13422,EXCISE,32,1,1
13423,BNS,105,1,1
13423,BNS,103,1,2
13424,MV,184,1,1
13425,BNS,316,1,1
13425,BNS,331,1,2
13425,BNS,318,1,3
13426,BNS,74,1,1
13427,BNS,303,1,1
13427,BNS,309,1,2
13428,BNS,105,1,1
13428,BNS,103,1,2
13428,BNS,118,1,3
13430,MV,185,1,1
13430,MV,184,1,2
13431,BNS,85,1,1
13431,BNS,74,1,2
13432,BNS,303,1,1
13433,BNS,303,1,1
13433,BNS,318,1,2
13433,BNS,305,1,3
13434,BNS,196,1,1
13434,BNS,111,1,2
13435,BNS,309,1,1
13435,BNS,305,1,2
13436,BNS,85,1,1
13436,BNS,80,1,2
13437,BNS,189,1,1
13437,BNS,111,1,2
13438,BNS,191,1,1
13438,BNS,112,1,2
13439,BNS,80,1,1
13440,BNS,78,1,1
13441,BNS,189,1,1
13441,BNS,351,1,2
13441,BNS,191,1,3
13442,BNS,309,1,1
13442,BNS,305,1,2
13442,BNS,310,1,3
13443,MV,184,1,1
13443,MV,185,1,2
13444,BNS,316,1,1
13445,POCSO,4,1,1
13446,BNS,331,1,1
13446,BNS,310,1,2
13446,BNS,318,1,3
13447,BNS,303,1,1
13447,BNS,316,1,2
13448,BNS,305,1,1
13449,BNS,318,1,1
13449,BNS,338,1,2
13449,IT,66D,1,3
13450,BNS,316,1,1
13450,BNS,318,1,2
13450,BNS,309,1,3
13451,BNS,316,1,1
13451,BNS,318,1,2
13451,BNS,331,1,3
13453,BNS,310,1,1
13453,BNS,318,1,2
13453,BNS,305,1,3
13454,NDPS,20,1,1
13455,BNS,140,1,1
13455,BNS,85,1,2
13456,BNS,310,1,1
13457,BNS,303,1,1
13458,BNS,105,1,1
13458,BNS,103,1,2
13458,BNS,118,1,3
13459,MV,185,1,1
13459,MV,184,1,2
13460,BNS,338,1,1
13460,IT,66D,1,2
13461,BNS,318,1,1
13462,BNS,196,1,1
13462,BNS,111,1,2
13462,BNS,351,1,3
13463,BNS,103,1,1
13463,BNS,115,1,2
13464,POCSO,8,1,1
13464,POCSO,4,1,2
13465,MV,185,1,1
13465,MV,184,1,2
13466,BNS,310,1,1
13466,BNS,309,1,2
13467,NDPS,8,1,1
13467,NDPS,20,1,2
13467,ARMS,27,1,3
13469,BNS,309,1,1
13469,BNS,316,1,2
13470,BNS,303,1,1
13470,BNS,331,1,2
13470,BNS,309,1,3
13471,BNS,305,1,1
13472,MV,185,1,1
13472,MV,184,1,2
13473,BNS,189,1,1
13473,BNS,112,1,2
13473,BNS,196,1,3
13474,BNS,105,1,1
13474,BNS,103,1,2
13474,BNS,109,1,3
13475,IT,66,1,1
13475,IT,66D,1,2
13475,IT,66C,1,3
13476,ARMS,25,1,1
13476,NDPS,8,1,2
13477,BNS,85,1,1
13477,BNS,74,1,2
13477,BNS,80,1,3
13478,BNS,140,1,1
13478,BNS,74,1,2
13479,IT,66D,1,1
13479,BNS,318,1,2
13480,BNS,85,1,1
13480,BNS,78,1,2
13480,BNS,80,1,3
13481,POCSO,4,1,1
13481,BNS,140,1,2
13481,POCSO,8,1,3
13482,BNS,310,1,1
13482,BNS,303,1,2
13482,BNS,331,1,3
13483,BNS,318,1,1
13484,BNS,331,1,1
13484,BNS,305,1,2
13485,BNS,351,1,1
13485,BNS,191,1,2
13485,BNS,196,1,3
13486,BNS,140,1,1
13486,BNS,80,1,2
13486,BNS,78,1,3
13487,BNS,331,1,1
13487,BNS,310,1,2
13487,BNS,316,1,3
13488,IT,66C,1,1
13489,BNS,331,1,1
13489,BNS,318,1,2
13489,BNS,309,1,3
13490,BNS,109,1,1
13490,BNS,118,1,2
13490,BNS,115,1,3
13491,BNS,310,1,1
13492,BNS,303,1,1
13493,BNS,316,1,1
13494,BNS,105,1,1
13495,BNS,115,1,1
13495,BNS,118,1,2
13495,BNS,109,1,3
13496,BNS,105,1,1
13496,BNS,115,1,2
13497,IT,66D,1,1
13497,BNS,338,1,2
13497,BNS,318,1,3
13498,BNS,103,1,1
13498,BNS,105,1,2
13499,BNS,338,1,1
13500,BNS,305,1,1
13500,BNS,310,1,2
13501,IT,66D,1,1
13501,BNS,338,1,2
13501,BNS,318,1,3
13502,BNS,310,1,1
13504,BNS,118,1,1
13505,BNS,351,1,1
13506,BNS,118,1,1
13506,BNS,105,1,2
13507,BNS,115,1,1
13508,BNS,316,1,1
13509,BNS,103,1,1
13510,IT,66D,1,1
13510,BNS,318,1,2
13511,IT,66C,1,1
13511,IT,66D,1,2
13511,IT,66,1,3
13513,BNS,305,1,1
13514,IT,66C,1,1
13516,BNS,305,1,1
13516,BNS,316,1,2
13517,BNS,80,1,1
13517,BNS,64,1,2
13517,BNS,140,1,3
13518,BNS,318,1,1
13518,IT,66D,1,2
13518,BNS,338,1,3
13519,BNS,318,1,1
13519,BNS,338,1,2
13519,IT,66D,1,3
13520,BNS,318,1,1
13520,BNS,303,1,2
13520,BNS,309,1,3
13521,BNS,118,1,1
13522,BNS,78,1,1
13522,BNS,140,1,2
13523,BNS,118,1,1
13523,BNS,103,1,2
13524,BNS,191,1,1
13525,BNS,331,1,1
13525,BNS,305,1,2
13526,BNS,331,1,1
13526,BNS,310,1,2
13526,BNS,316,1,3
13527,BNS,351,1,1
13528,IT,66D,1,1
13528,IT,66C,1,2
13529,BNS,80,1,1
13529,BNS,140,1,2
13529,BNS,78,1,3
13530,BNS,140,1,1
13531,BNS,118,1,1
13532,BNS,140,1,1
13532,BNS,80,1,2
13533,MV,184,1,1
13534,BNS,189,1,1
13535,IT,66D,1,1
13535,BNS,338,1,2
13535,BNS,318,1,3
13536,BNS,310,1,1
13536,BNS,305,1,2
13536,BNS,331,1,3
13537,BNS,318,1,1
13537,IT,66D,1,2
13538,BNS,303,1,1
13539,BNS,318,1,1
13539,BNS,309,1,2
13540,BNS,64,1,1
13540,BNS,74,1,2
13541,IT,66D,1,1
13542,BNS,189,1,1
13543,BNS,303,1,1
13544,ARMS,25,1,1
13544,NDPS,8,1,2
13545,BNS,318,1,1
13547,BNS,316,1,1
13547,BNS,310,1,2
13548,POCSO,8,1,1
13548,BNS,140,1,2
13548,POCSO,4,1,3
13549,BNS,303,1,1
13550,IT,66D,1,1
13550,IT,66,1,2
13551,BNS,118,1,1
13551,BNS,103,1,2
13551,BNS,109,1,3
13552,IT,66D,1,1
13553,BNS,74,1,1
13553,BNS,140,1,2
13553,BNS,85,1,3
13554,BNS,103,1,1
13554,BNS,105,1,2
13554,BNS,115,1,3
13555,BNS,318,1,1
13556,BNS,318,1,1
13556,BNS,338,1,2
13556,IT,66D,1,3
13557,BNS,115,1,1
13557,BNS,103,1,2
13557,BNS,109,1,3
13558,BNS,310,1,1
13558,BNS,318,1,2
13558,BNS,331,1,3
13559,MV,185,1,1
13559,MV,184,1,2
13560,BNS,191,1,1
13560,BNS,189,1,2
13560,BNS,196,1,3
13562,IT,66D,1,1
13563,IT,66C,1,1
13564,BNS,338,1,1
13565,IT,66D,1,1
13566,BNS,316,1,1
13566,BNS,310,1,2
13567,NDPS,20,1,1
13568,BNS,338,1,1
13568,BNS,318,1,2
13569,MV,185,1,1
13570,NDPS,21,1,1
13570,ARMS,27,1,2
13570,NDPS,8,1,3
13571,BNS,85,1,1
13571,BNS,78,1,2
13572,BNS,338,1,1
13572,IT,66D,1,2
13572,BNS,318,1,3
13573,BNS,303,1,1
13573,BNS,318,1,2
13574,BNS,78,1,1
13575,MV,185,1,1
13575,MV,184,1,2
13576,BNS,109,1,1
13577,BNS,303,1,1
13577,BNS,316,1,2
13578,BNS,80,1,1
13579,BNS,109,1,1
13579,BNS,103,1,2
13579,BNS,105,1,3
13580,ARMS,27,1,1
13580,EXCISE,32,1,2
13580,ARMS,25,1,3
13581,BNS,331,1,1
13581,BNS,310,1,2
13581,BNS,305,1,3
13583,BNS,105,1,1
13583,BNS,115,1,2
13583,BNS,103,1,3
13584,MV,184,1,1
13584,MV,185,1,2
13585,NDPS,8,1,1
13585,ARMS,27,1,2
13585,NDPS,21,1,3
13586,IT,66C,1,1
13587,BNS,105,1,1
13587,BNS,115,1,2
13588,BNS,318,1,1
13589,BNS,140,1,1
13590,BNS,115,1,1
13590,BNS,109,1,2
13591,MV,185,1,1
13592,BNS,303,1,1
13592,BNS,309,1,2
13593,EXCISE,32,1,1
13593,NDPS,20,1,2
13593,NDPS,8,1,3
13594,BNS,140,1,1
13594,BNS,74,1,2
13594,BNS,85,1,3
13595,POCSO,4,1,1
13596,BNS,316,1,1
13596,BNS,318,1,2
13596,BNS,303,1,3
13597,BNS,316,1,1
13598,BNS,85,1,1
13598,BNS,64,1,2
13598,BNS,80,1,3
13599,BNS,74,1,1
13599,BNS,64,1,2
13600,BNS,309,1,1
13600,BNS,305,1,2
13600,BNS,331,1,3
13601,MV,185,1,1
13601,MV,184,1,2
13602,BNS,310,1,1
13603,BNS,338,1,1
13604,BNS,303,1,1
13604,BNS,305,1,2
13605,BNS,305,1,1
13605,BNS,303,1,2
13605,BNS,318,1,3
13606,BNS,118,1,1
13606,BNS,115,1,2
13606,BNS,103,1,3
13607,BNS,103,1,1
13607,BNS,105,1,2
13607,BNS,118,1,3
13608,BNS,303,1,1
13608,BNS,331,1,2
13608,BNS,310,1,3
13610,BNS,338,1,1
13611,BNS,318,1,1
13611,BNS,338,1,2
13612,BNS,305,1,1
13612,BNS,310,1,2
13612,BNS,318,1,3
13613,BNS,305,1,1
13614,BNS,112,1,1
13614,BNS,111,1,2
13614,BNS,191,1,3
13616,IT,66D,1,1
13617,BNS,111,1,1
13617,BNS,351,1,2
13618,BNS,310,1,1
13618,BNS,331,1,2
13618,BNS,316,1,3
13619,BNS,78,1,1
13619,BNS,85,1,2
13620,IT,66,1,1
13620,IT,66C,1,2
13623,MV,185,1,1
13624,BNS,309,1,1
13625,MV,185,1,1
13626,BNS,103,1,1
13626,BNS,109,1,2
13627,BNS,78,1,1
13627,BNS,85,1,2
13627,BNS,140,1,3
13628,BNS,316,1,1
13628,BNS,303,1,2
13628,BNS,310,1,3
13629,IT,66C,1,1
13630,BNS,318,1,1
13631,BNS,303,1,1
13633,BNS,338,1,1
13633,BNS,318,1,2
13633,IT,66D,1,3
13634,BNS,338,1,1
13635,NDPS,20,1,1
13635,ARMS,27,1,2
13636,IT,66,1,1
13636,IT,66C,1,2
13637,BNS,318,1,1
13637,BNS,305,1,2
13638,BNS,80,1,1
13639,BNS,80,1,1
13640,NDPS,20,1,1
13640,NDPS,8,1,2
13640,ARMS,25,1,3
13641,BNS,109,1,1
13641,BNS,115,1,2
13641,BNS,118,1,3
13642,BNS,309,1,1
13642,BNS,316,1,2
13642,BNS,331,1,3
13643,BNS,112,1,1
13643,BNS,111,1,2
13644,IT,66D,1,1
13644,BNS,318,1,2
13644,BNS,338,1,3
13645,IT,66C,1,1
13645,IT,66,1,2
13645,IT,66D,1,3
13646,MV,184,1,1
13646,MV,185,1,2
13647,BNS,331,1,1
13647,BNS,303,1,2
13647,BNS,318,1,3
13648,BNS,331,1,1
13649,MV,185,1,1
13649,MV,184,1,2
13650,MV,184,1,1
13651,BNS,351,1,1
13652,MV,185,1,1
13652,MV,184,1,2
13653,BNS,310,1,1
13653,BNS,316,1,2
13654,EXCISE,32,1,1
13654,NDPS,20,1,2
13655,ARMS,27,1,1
13656,BNS,118,1,1
13656,BNS,109,1,2
13657,BNS,318,1,1
13657,BNS,305,1,2
13657,BNS,310,1,3
13658,BNS,105,1,1
13659,BNS,305,1,1
13659,BNS,316,1,2
13660,BNS,310,1,1
13661,EXCISE,32,1,1
13661,ARMS,25,1,2
13661,NDPS,8,1,3
13662,IT,66C,1,1
13662,IT,66D,1,2
13662,IT,66,1,3
13663,BNS,331,1,1
13663,BNS,303,1,2
13663,BNS,316,1,3
13664,BNS,318,1,1
13664,BNS,309,1,2
13665,BNS,303,1,1
13665,BNS,305,1,2
13666,IT,66,1,1
13666,IT,66C,1,2
13666,IT,66D,1,3
13667,BNS,316,1,1
13667,BNS,305,1,2
13668,BNS,318,1,1
13669,BNS,105,1,1
13670,MV,185,1,1
13671,IT,66D,1,1
13672,PC,7,1,1
13673,BNS,305,1,1
13673,BNS,310,1,2
13674,BNS,318,1,1
13674,BNS,338,1,2
13675,BNS,112,1,1
13676,BNS,189,1,1
13676,BNS,351,1,2
13676,BNS,191,1,3
13677,BNS,309,1,1
13677,BNS,303,1,2
13677,BNS,316,1,3
13678,BNS,318,1,1
13678,BNS,305,1,2
13679,BNS,351,1,1
13679,BNS,196,1,2
13680,BNS,331,1,1
13680,BNS,318,1,2
13681,NDPS,20,1,1
13681,EXCISE,32,1,2
13681,ARMS,27,1,3
13682,BNS,331,1,1
13683,BNS,105,1,1
13684,BNS,115,1,1
13685,BNS,140,1,1
13685,BNS,78,1,2
13685,BNS,80,1,3
13686,BNS,109,1,1
13687,BNS,310,1,1
13687,BNS,318,1,2
13687,BNS,309,1,3
13688,BNS,309,1,1
13688,BNS,331,1,2
13688,BNS,318,1,3
13689,BNS,310,1,1
13690,BNS,318,1,1
13691,BNS,316,1,1
13692,MV,184,1,1
13693,IT,66D,1,1
13694,BNS,309,1,1
13694,BNS,310,1,2
13695,BNS,109,1,1
13696,BNS,310,1,1
13697,BNS,78,1,1
13698,BNS,303,1,1
13699,BNS,338,1,1
13699,IT,66D,1,2
13700,BNS,310,1,1
13701,BNS,338,1,1
13702,BNS,103,1,1
13702,BNS,118,1,2
13702,BNS,105,1,3
13703,BNS,331,1,1
13703,BNS,318,1,2
13703,BNS,309,1,3
13705,BNS,318,1,1
13705,BNS,316,1,2
13705,BNS,310,1,3
13706,BNS,338,1,1
13707,BNS,64,1,1
13708,BNS,316,1,1
13708,BNS,305,1,2
13708,BNS,331,1,3
13709,IT,66C,1,1
13709,IT,66,1,2
13709,IT,66D,1,3
13710,BNS,109,1,1
13710,BNS,115,1,2
13712,BNS,109,1,1
13713,BNS,196,1,1
13713,BNS,189,1,2
13714,BNS,310,1,1
13714,BNS,318,1,2
13714,BNS,303,1,3
13715,BNS,331,1,1
13715,BNS,310,1,2
13716,BNS,196,1,1
13716,BNS,111,1,2
13716,BNS,189,1,3
13717,ARMS,27,1,1
13717,ARMS,25,1,2
13718,BNS,318,1,1
13718,IT,66D,1,2
13718,BNS,338,1,3
13719,BNS,115,1,1
13720,BNS,118,1,1
13720,BNS,105,1,2
13720,BNS,115,1,3
13721,BNS,112,1,1
13721,BNS,111,1,2
13721,BNS,191,1,3
13722,NDPS,21,1,1
13722,ARMS,25,1,2
13722,NDPS,20,1,3
13723,BNS,351,1,1
13723,BNS,189,1,2
13724,BNS,74,1,1
13724,BNS,140,1,2
13724,BNS,64,1,3
13725,BNS,318,1,1
13725,BNS,305,1,2
13725,BNS,310,1,3
13726,BNS,105,1,1
13726,BNS,109,1,2
13727,BNS,338,1,1
13727,IT,66D,1,2
13727,BNS,318,1,3
13728,BNS,338,1,1
13728,IT,66D,1,2
13728,BNS,318,1,3
13729,BNS,309,1,1
13729,BNS,305,1,2
13730,BNS,310,1,1
13730,BNS,316,1,2
13730,BNS,331,1,3
13731,BNS,318,1,1
13731,BNS,316,1,2
13731,BNS,305,1,3
13732,BNS,338,1,1
13733,BNS,103,1,1
13733,BNS,115,1,2
13733,BNS,105,1,3
13734,BNS,80,1,1
13735,BNS,318,1,1
13735,BNS,338,1,2
13735,IT,66D,1,3
13736,BNS,64,1,1
13736,BNS,78,1,2
13736,BNS,85,1,3
13737,BNS,305,1,1
13737,BNS,309,1,2
13738,BNS,196,1,1
13739,IT,66D,1,1
13740,BNS,103,1,1
13740,BNS,109,1,2
13740,BNS,115,1,3
13741,NDPS,21,1,1
13742,BNS,338,1,1
13743,IT,66D,1,1
13744,BNS,118,1,1
13744,BNS,109,1,2
13745,POCSO,8,1,1
13746,EXCISE,32,1,1
13747,BNS,196,1,1
13747,BNS,191,1,2
13748,PC,7,1,1
13749,BNS,189,1,1
13749,BNS,196,1,2
13750,MV,184,1,1
13750,MV,185,1,2
13751,BNS,74,1,1
13752,BNS,305,1,1
13752,BNS,318,1,2
13753,BNS,318,1,1
13753,BNS,338,1,2
13754,BNS,112,1,1
13754,BNS,196,1,2
13755,BNS,80,1,1
13755,BNS,74,1,2
13755,BNS,78,1,3
13756,MV,184,1,1
13756,MV,185,1,2
13757,MV,184,1,1
13757,MV,185,1,2
13758,BNS,318,1,1
13758,BNS,309,1,2
13758,BNS,316,1,3
13759,BNS,310,1,1
13760,ARMS,27,1,1
13760,NDPS,8,1,2
13762,ARMS,27,1,1
13762,NDPS,21,1,2
13763,BNS,303,1,1
13763,BNS,316,1,2
13763,BNS,309,1,3
13764,BNS,85,1,1
13764,BNS,140,1,2
13764,BNS,64,1,3
13765,BNS,85,1,1
13766,BNS,351,1,1
13766,BNS,111,1,2
13767,MV,185,1,1
13767,MV,184,1,2
13768,IT,66,1,1
13769,BNS,318,1,1
13769,BNS,338,1,2
13769,IT,66D,1,3
13770,BNS,338,1,1
13771,BNS,189,1,1
13771,BNS,112,1,2
13771,BNS,196,1,3
13772,BNS,303,1,1
13773,BNS,318,1,1
13773,IT,66D,1,2
13774,BNS,112,1,1
13774,BNS,196,1,2
13774,BNS,189,1,3
13775,BNS,305,1,1
13775,BNS,309,1,2
13776,NDPS,21,1,1
13776,ARMS,25,1,2
13777,BNS,118,1,1
13777,BNS,105,1,2
13778,BNS,310,1,1
13778,BNS,305,1,2
13779,MV,185,1,1
13780,BNS,316,1,1
13780,BNS,310,1,2
13781,BNS,303,1,1
13782,BNS,115,1,1
13782,BNS,109,1,2
13783,IT,66D,1,1
13783,BNS,318,1,2
13784,MV,185,1,1
13785,BNS,338,1,1
13785,IT,66D,1,2
13786,BNS,74,1,1
13786,BNS,80,1,2
13786,BNS,85,1,3
13787,BNS,303,1,1
13787,BNS,331,1,2
13787,BNS,305,1,3
13788,BNS,310,1,1
13788,BNS,303,1,2
13788,BNS,309,1,3
13790,BNS,305,1,1
13791,BNS,318,1,1
13792,BNS,318,1,1
13793,IT,66D,1,1
13793,BNS,318,1,2
13793,BNS,338,1,3
13794,BNS,305,1,1
13794,BNS,303,1,2
13795,NDPS,20,1,1
13796,BNS,310,1,1
13797,BNS,318,1,1
13797,BNS,305,1,2
13798,BNS,331,1,1
13799,BNS,74,1,1
13799,BNS,80,1,2
13800,MV,184,1,1
13801,BNS,318,1,1
13801,BNS,303,1,2
13801,BNS,305,1,3
13802,BNS,309,1,1
13802,BNS,303,1,2
13803,ARMS,25,1,1
13803,EXCISE,32,1,2
13803,NDPS,8,1,3
13804,BNS,318,1,1
13805,NDPS,8,1,1
13805,NDPS,20,1,2
13806,BNS,191,1,1
13807,IT,66D,1,1
13807,BNS,338,1,2
13808,BNS,318,1,1
13808,IT,66D,1,2
13808,BNS,338,1,3
13809,BNS,305,1,1
13809,BNS,310,1,2
13810,BNS,118,1,1
13811,MV,185,1,1
13811,MV,184,1,2
13812,IT,66D,1,1
13813,BNS,112,1,1
13814,MV,184,1,1
13814,MV,185,1,2
13815,BNS,338,1,1
13816,MV,184,1,1
13816,MV,185,1,2
13817,BNS,316,1,1
13817,BNS,318,1,2
13818,BNS,310,1,1
13820,MV,184,1,1
13821,MV,184,1,1
13822,BNS,112,1,1
13823,IT,66C,1,1
13823,IT,66,1,2
13824,BNS,305,1,1
13824,BNS,316,1,2
13824,BNS,310,1,3
13825,BNS,80,1,1
13826,BNS,305,1,1
13827,BNS,64,1,1
13827,BNS,140,1,2
13828,BNS,316,1,1
13828,BNS,331,1,2
13829,BNS,318,1,1
13830,BNS,318,1,1
13830,BNS,305,1,2
13831,ARMS,27,1,1
13832,BNS,338,1,1
13833,BNS,318,1,1
13833,BNS,309,1,2
13834,BNS,109,1,1
13834,BNS,118,1,2
13834,BNS,103,1,3
13835,BNS,189,1,1
13836,IT,66D,1,1
13836,IT,66C,1,2
13836,IT,66,1,3
13837,BNS,303,1,1
13837,BNS,310,1,2
13838,MV,184,1,1
13838,MV,185,1,2
13839,BNS,331,1,1
13840,IT,66D,1,1
13841,BNS,305,1,1
13842,BNS,303,1,1
13842,BNS,318,1,2
13842,BNS,316,1,3
13843,BNS,310,1,1
13844,BNS,115,1,1
13844,BNS,109,1,2
13845,BNS,305,1,1
13846,BNS,103,1,1
13846,BNS,115,1,2
13847,BNS,64,1,1
13848,IT,66D,1,1
13849,ARMS,27,1,1
13849,ARMS,25,1,2
13849,NDPS,8,1,3
13850,BNS,64,1,1
13850,BNS,85,1,2
13851,BNS,109,1,1
13852,BNS,105,1,1
13853,MV,184,1,1
13854,NDPS,8,1,1
13855,BNS,305,1,1
13856,BNS,191,1,1
13857,BNS,331,1,1
13857,BNS,303,1,2
13858,BNS,112,1,1
13859,IT,66D,1,1
13859,IT,66C,1,2
13859,IT,66,1,3
13860,BNS,305,1,1
13860,BNS,310,1,2
13861,BNS,115,1,1
13861,BNS,118,1,2
13861,BNS,103,1,3
13862,BNS,309,1,1
13862,BNS,303,1,2
13863,BNS,338,1,1
13863,BNS,318,1,2
13863,IT,66D,1,3
13864,BNS,303,1,1
13864,BNS,310,1,2
13864,BNS,316,1,3
13865,BNS,85,1,1
13865,BNS,80,1,2
13866,BNS,309,1,1
13866,BNS,316,1,2
13866,BNS,303,1,3
13867,EXCISE,32,1,1
13867,NDPS,8,1,2
13867,ARMS,27,1,3
13868,BNS,105,1,1
13868,BNS,103,1,2
13868,BNS,118,1,3
13869,BNS,78,1,1
13869,BNS,80,1,2
13870,BNS,140,1,1
13870,BNS,64,1,2
13870,BNS,78,1,3
13871,BNS,331,1,1
13872,BNS,310,1,1
13873,BNS,189,1,1
13875,MV,184,1,1
13876,MV,184,1,1
13877,BNS,310,1,1
13878,MV,185,1,1
13878,MV,184,1,2
13879,BNS,74,1,1
13879,BNS,78,1,2
13880,IT,66D,1,1
13881,BNS,115,1,1
13882,BNS,331,1,1
13882,BNS,303,1,2
13882,BNS,316,1,3
13883,MV,184,1,1
13884,BNS,310,1,1
13884,BNS,331,1,2
13885,BNS,78,1,1
13885,BNS,140,1,2
13886,IT,66D,1,1
13886,BNS,318,1,2
13888,ARMS,25,1,1
13888,NDPS,21,1,2
13889,IT,66D,1,1
13889,BNS,338,1,2
13890,BNS,318,1,1
13891,BNS,80,1,1
13892,BNS,305,1,1
13893,POCSO,8,1,1
13893,POCSO,4,1,2
13893,BNS,140,1,3
13895,BNS,309,1,1
13895,BNS,305,1,2
13896,BNS,118,1,1
13896,BNS,115,1,2
13896,BNS,109,1,3
13897,ARMS,25,1,1
13898,BNS,351,1,1
13898,BNS,191,1,2
13899,BNS,85,1,1
13899,BNS,140,1,2
13899,BNS,78,1,3
13900,BNS,331,1,1
13900,BNS,318,1,2
13900,BNS,310,1,3
13901,BNS,303,1,1
13901,BNS,316,1,2
13901,BNS,305,1,3
13903,BNS,318,1,1
13903,BNS,331,1,2
13903,BNS,305,1,3
13904,BNS,105,1,1
13904,BNS,118,1,2
13906,MV,184,1,1
13906,MV,185,1,2
13907,BNS,118,1,1
13907,BNS,105,1,2
13908,BNS,303,1,1
13908,BNS,331,1,2
13909,BNS,111,1,1
13909,BNS,191,1,2
13910,MV,185,1,1
13911,IT,66D,1,1
13911,IT,66C,1,2
13912,BNS,74,1,1
13912,BNS,78,1,2
13912,BNS,80,1,3
13913,BNS,303,1,1
13913,BNS,305,1,2
13913,BNS,316,1,3
13914,BNS,78,1,1
13914,BNS,80,1,2
13914,BNS,74,1,3
13915,PC,7,1,1
13916,NDPS,21,1,1
13917,BNS,303,1,1
13917,BNS,310,1,2
13917,BNS,309,1,3
13918,MV,185,1,1
13918,MV,184,1,2
13920,BNS,351,1,1
13920,BNS,196,1,2
13921,BNS,318,1,1
13921,BNS,305,1,2
13921,BNS,309,1,3
13922,MV,184,1,1
13923,BNS,318,1,1
13923,BNS,303,1,2
13924,BNS,338,1,1
13925,BNS,74,1,1
13925,BNS,64,1,2
13925,BNS,78,1,3
13926,BNS,310,1,1
13927,BNS,64,1,1
13928,BNS,103,1,1
13928,BNS,118,1,2
13929,BNS,351,1,1
13929,BNS,112,1,2
13930,BNS,109,1,1
13931,BNS,310,1,1
13932,IT,66D,1,1
13933,BNS,305,1,1
13934,EXCISE,32,1,1
13934,ARMS,25,1,2
13935,MV,184,1,1
13935,MV,185,1,2
13936,BNS,310,1,1
13937,BNS,74,1,1
13938,IT,66D,1,1
13938,BNS,318,1,2
13938,BNS,338,1,3
13939,MV,184,1,1
13939,MV,185,1,2
13940,IT,66D,1,1
13940,BNS,338,1,2
13940,BNS,318,1,3
13941,BNS,305,1,1
13942,MV,184,1,1
13942,MV,185,1,2
13943,BNS,80,1,1
13944,BNS,109,1,1
13944,BNS,105,1,2
13944,BNS,115,1,3
13945,BNS,309,1,1
13945,BNS,331,1,2
13945,BNS,303,1,3
13946,MV,185,1,1
13946,MV,184,1,2
13947,BNS,105,1,1
13948,BNS,109,1,1
13949,BNS,80,1,1
13949,BNS,78,1,2
13950,BNS,140,1,1
13950,BNS,78,1,2
13951,BNS,305,1,1
13951,BNS,309,1,2
13952,BNS,305,1,1
13952,BNS,316,1,2
13953,BNS,80,1,1
13954,BNS,309,1,1
13954,BNS,303,1,2
13955,IT,66D,1,1
13956,BNS,103,1,1
13956,BNS,115,1,2
13956,BNS,105,1,3
13957,MV,184,1,1
13958,POCSO,8,1,1
13959,BNS,318,1,1
13959,BNS,338,1,2
13960,BNS,305,1,1
13961,BNS,338,1,1
13961,IT,66D,1,2
13962,BNS,105,1,1
13962,BNS,109,1,2
13963,MV,185,1,1
13964,BNS,331,1,1
13965,MV,184,1,1
13966,BNS,112,1,1
13966,BNS,189,1,2
13966,BNS,351,1,3
13967,IT,66,1,1
13967,IT,66C,1,2
13968,BNS,115,1,1
13968,BNS,103,1,2
13968,BNS,118,1,3
13969,BNS,303,1,1
13970,BNS,309,1,1
13970,BNS,310,1,2
13971,MV,185,1,1
13971,MV,184,1,2
13972,BNS,305,1,1
13973,BNS,310,1,1
13973,BNS,316,1,2
13974,BNS,338,1,1
13974,IT,66D,1,2
13974,BNS,318,1,3
13975,BNS,191,1,1
13975,BNS,196,1,2
13976,BNS,351,1,1
13976,BNS,196,1,2
13977,BNS,305,1,1
13978,BNS,310,1,1
13978,BNS,331,1,2
13978,BNS,305,1,3
13979,BNS,309,1,1
13979,BNS,305,1,2
13979,BNS,331,1,3
13980,IT,66D,1,1
13980,IT,66C,1,2
13981,BNS,316,1,1
13982,NDPS,8,1,1
13982,NDPS,21,1,2
13983,BNS,310,1,1
13983,BNS,318,1,2
13983,BNS,331,1,3
13984,IT,66D,1,1
13985,BNS,351,1,1
13986,BNS,80,1,1
13986,BNS,64,1,2
13987,BNS,331,1,1
13987,BNS,318,1,2
13988,MV,185,1,1
13988,MV,184,1,2
13989,MV,184,1,1
13990,BNS,189,1,1
13990,BNS,351,1,2
13991,BNS,105,1,1
13991,BNS,109,1,2
13991,BNS,118,1,3
13992,BNS,309,1,1
13993,BNS,318,1,1
13994,BNS,316,1,1
13994,BNS,309,1,2
13994,BNS,305,1,3
13995,BNS,316,1,1
13995,BNS,310,1,2
13996,BNS,338,1,1
13996,IT,66D,1,2
13996,BNS,318,1,3
13997,BNS,305,1,1
13997,BNS,309,1,2
13999,MV,184,1,1
13999,MV,185,1,2
14000,BNS,310,1,1
14000,BNS,309,1,2
14002,BNS,112,1,1
14002,BNS,351,1,2
14003,BNS,105,1,1
14003,BNS,109,1,2
14003,BNS,115,1,3
14005,BNS,310,1,1
14005,BNS,309,1,2
14006,BNS,74,1,1
14006,BNS,85,1,2
14007,BNS,112,1,1
14008,ARMS,25,1,1
14008,EXCISE,32,1,2
14008,NDPS,20,1,3
14009,BNS,318,1,1
14009,IT,66D,1,2
14010,MV,185,1,1
14011,MV,185,1,1
14012,MV,184,1,1
14012,MV,185,1,2
14013,BNS,310,1,1
14013,BNS,318,1,2
14014,BNS,318,1,1
14014,BNS,331,1,2
14015,IT,66C,1,1
14015,IT,66D,1,2
14015,IT,66,1,3
14016,BNS,318,1,1
14016,BNS,316,1,2
14016,BNS,305,1,3
14017,BNS,118,1,1
14017,BNS,105,1,2
14019,BNS,111,1,1
14019,BNS,196,1,2
14020,NDPS,20,1,1
14021,BNS,78,1,1
14022,BNS,310,1,1
14023,BNS,80,1,1
14023,BNS,64,1,2
14024,BNS,331,1,1
14024,BNS,316,1,2
14025,BNS,316,1,1
14026,NDPS,21,1,1
14026,NDPS,20,1,2
14026,NDPS,8,1,3
14027,BNS,310,1,1
14027,BNS,303,1,2
14027,BNS,331,1,3
14028,MV,185,1,1
14028,MV,184,1,2
14029,BNS,103,1,1
14029,BNS,105,1,2
14029,BNS,118,1,3
14030,NDPS,8,1,1
14031,NDPS,20,1,1
14031,ARMS,25,1,2
14031,NDPS,8,1,3
14032,BNS,338,1,1
14032,IT,66D,1,2
14033,BNS,310,1,1
14034,BNS,140,1,1
14035,BNS,351,1,1
14036,NDPS,8,1,1
14036,EXCISE,32,1,2
14037,BNS,310,1,1
14037,BNS,318,1,2
14037,BNS,316,1,3
14038,MV,184,1,1
14039,BNS,74,1,1
14039,BNS,80,1,2
14039,BNS,140,1,3
14040,BNS,74,1,1
14041,IT,66D,1,1
14042,BNS,303,1,1
14044,BNS,78,1,1
14045,MV,185,1,1
14046,BNS,310,1,1
14046,BNS,316,1,2
14047,BNS,85,1,1
14047,BNS,80,1,2
14048,BNS,331,1,1
14048,BNS,309,1,2
14048,BNS,310,1,3
14049,BNS,303,1,1
14049,BNS,310,1,2
14050,MV,184,1,1
14050,MV,185,1,2
14051,BNS,318,1,1
14051,BNS,331,1,2
14052,NDPS,8,1,1
14052,NDPS,21,1,2
14052,ARMS,27,1,3
14053,BNS,105,1,1
14053,BNS,115,1,2
14053,BNS,103,1,3
14054,MV,184,1,1
14055,NDPS,20,1,1
14055,NDPS,8,1,2
14056,BNS,105,1,1
14056,BNS,115,1,2
14057,ARMS,27,1,1
14057,EXCISE,32,1,2
14058,BNS,111,1,1
14058,BNS,112,1,2
14059,BNS,310,1,1
14060,BNS,331,1,1
14060,BNS,316,1,2
14061,BNS,303,1,1
14061,BNS,318,1,2
14062,BNS,196,1,1
14062,BNS,351,1,2
14062,BNS,189,1,3
14063,BNS,316,1,1
14064,BNS,318,1,1
14064,BNS,331,1,2
14064,BNS,303,1,3
14065,BNS,310,1,1
14065,BNS,303,1,2
14066,MV,184,1,1
14067,IT,66D,1,1
14067,BNS,338,1,2
14068,BNS,318,1,1
14068,BNS,316,1,2
14068,BNS,305,1,3
14070,MV,185,1,1
14071,BNS,109,1,1
14071,BNS,103,1,2
14072,BNS,64,1,1
14074,BNS,309,1,1
14074,BNS,318,1,2
14074,BNS,331,1,3
14075,BNS,331,1,1
14075,BNS,309,1,2
14076,POCSO,8,1,1
14076,POCSO,4,1,2
14077,BNS,112,1,1
14077,BNS,351,1,2
14077,BNS,191,1,3
14078,BNS,303,1,1
14078,BNS,310,1,2
14080,BNS,338,1,1
14081,ARMS,25,1,1
14081,NDPS,8,1,2
14082,BNS,318,1,1
14083,BNS,305,1,1
14084,BNS,351,1,1
14084,BNS,191,1,2
14085,NDPS,8,1,1
14085,ARMS,27,1,2
14085,ARMS,25,1,3
14087,BNS,303,1,1
14087,BNS,309,1,2
14088,BNS,316,1,1
14088,BNS,310,1,2
14088,BNS,318,1,3
14089,BNS,64,1,1
14090,BNS,338,1,1
14091,BNS,338,1,1
14091,IT,66D,1,2
14092,BNS,103,1,1
14092,BNS,115,1,2
14093,BNS,105,1,1
14094,BNS,338,1,1
14095,BNS,103,1,1
14095,BNS,105,1,2
14095,BNS,115,1,3
14096,MV,185,1,1
14097,MV,185,1,1
14098,IT,66D,1,1
14098,IT,66,1,2
14098,IT,66C,1,3
14099,BNS,303,1,1
14099,BNS,318,1,2
14100,BNS,303,1,1
14100,BNS,309,1,2
14101,BNS,196,1,1
14102,BNS,111,1,1
14102,BNS,112,1,2
14103,BNS,305,1,1
14103,BNS,331,1,2
14104,BNS,80,1,1
14105,BNS,105,1,1
14105,BNS,103,1,2
14105,BNS,115,1,3
14106,MV,185,1,1
14106,MV,184,1,2
14107,BNS,109,1,1
14107,BNS,103,1,2
14107,BNS,105,1,3
14108,BNS,305,1,1
14108,BNS,331,1,2
14109,BNS,105,1,1
14109,BNS,118,1,2
14110,IT,66D,1,1
14110,BNS,318,1,2
14110,BNS,338,1,3
14111,BNS,316,1,1
14111,BNS,303,1,2
14112,MV,184,1,1
14113,BNS,115,1,1
14113,BNS,109,1,2
14113,BNS,105,1,3
14114,BNS,74,1,1
14115,ARMS,27,1,1
14116,MV,185,1,1
14116,MV,184,1,2
14117,BNS,316,1,1
14118,BNS,303,1,1
14118,BNS,316,1,2
14118,BNS,305,1,3
14119,BNS,318,1,1
14120,BNS,318,1,1
14120,IT,66D,1,2
14121,IT,66D,1,1
14121,IT,66,1,2
14122,BNS,310,1,1
14122,BNS,305,1,2
14123,BNS,303,1,1
14123,BNS,309,1,2
14123,BNS,318,1,3
14124,BNS,318,1,1
14124,IT,66D,1,2
14125,BNS,115,1,1
14125,BNS,105,1,2
14126,BNS,103,1,1
14127,BNS,338,1,1
14128,BNS,189,1,1
14128,BNS,196,1,2
14129,IT,66D,1,1
14129,BNS,338,1,2
14130,BNS,309,1,1
14131,BNS,318,1,1
14131,BNS,316,1,2
14131,BNS,310,1,3
14132,IT,66D,1,1
14132,IT,66C,1,2
14133,MV,184,1,1
14134,BNS,78,1,1
14135,BNS,305,1,1
14136,BNS,338,1,1
14136,BNS,318,1,2
14137,MV,184,1,1
14137,MV,185,1,2
14138,BNS,118,1,1
14138,BNS,103,1,2
14138,BNS,105,1,3
14139,BNS,303,1,1
14139,BNS,331,1,2
14140,BNS,303,1,1
14141,BNS,80,1,1
14141,BNS,64,1,2
14142,BNS,310,1,1
14142,BNS,303,1,2
14143,BNS,331,1,1
14143,BNS,303,1,2
14143,BNS,309,1,3
14144,IT,66C,1,1
14145,BNS,111,1,1
14145,BNS,351,1,2
14145,BNS,191,1,3
14146,BNS,74,1,1
14146,BNS,78,1,2
14146,BNS,64,1,3
14147,MV,185,1,1
14148,BNS,310,1,1
14149,BNS,318,1,1
14150,BNS,316,1,1
14151,BNS,303,1,1
14152,BNS,310,1,1
14154,BNS,105,1,1
14154,BNS,115,1,2
14154,BNS,103,1,3
14155,BNS,318,1,1
14155,BNS,305,1,2
14156,BNS,338,1,1
14157,BNS,309,1,1
14158,BNS,338,1,1
14158,IT,66D,1,2
14159,BNS,318,1,1
14160,BNS,316,1,1
14160,BNS,318,1,2
14161,BNS,331,1,1
14161,BNS,303,1,2
14161,BNS,309,1,3
14163,BNS,331,1,1
14163,BNS,305,1,2
14164,BNS,305,1,1
14164,BNS,310,1,2
14164,BNS,318,1,3
14165,IT,66D,1,1
14165,BNS,338,1,2
14165,BNS,318,1,3
14166,BNS,111,1,1
14167,BNS,338,1,1
14167,IT,66D,1,2
14167,BNS,318,1,3
14168,BNS,331,1,1
14169,BNS,318,1,1
14169,BNS,309,1,2
14170,BNS,103,1,1
14170,BNS,109,1,2
14171,BNS,305,1,1
14171,BNS,316,1,2
14171,BNS,309,1,3
14172,MV,184,1,1
14173,BNS,316,1,1
14173,BNS,305,1,2
14173,BNS,310,1,3
14174,BNS,316,1,1
14174,BNS,318,1,2
14174,BNS,331,1,3
14175,BNS,85,1,1
14175,BNS,140,1,2
14175,BNS,64,1,3
14176,BNS,109,1,1
14177,BNS,118,1,1
14178,MV,184,1,1
14178,MV,185,1,2
14179,BNS,78,1,1
14180,BNS,74,1,1
14181,BNS,316,1,1
14182,BNS,196,1,1
14182,BNS,191,1,2
14182,BNS,111,1,3
14183,BNS,303,1,1
14183,BNS,305,1,2
14183,BNS,331,1,3
14184,BNS,303,1,1
14184,BNS,309,1,2
14185,EXCISE,32,1,1
14185,ARMS,25,1,2
14185,NDPS,8,1,3
14186,BNS,316,1,1
14186,BNS,331,1,2
14186,BNS,318,1,3
14187,BNS,189,1,1
14188,BNS,303,1,1
14188,BNS,316,1,2
14188,BNS,331,1,3
14189,MV,184,1,1
14189,MV,185,1,2
14190,BNS,318,1,1
14190,BNS,305,1,2
14190,BNS,309,1,3
14191,BNS,140,1,1
14191,BNS,78,1,2
14192,MV,184,1,1
14193,NDPS,21,1,1
14194,MV,185,1,1
14195,BNS,318,1,1
14196,BNS,78,1,1
14196,BNS,80,1,2
14196,BNS,74,1,3
14197,BNS,303,1,1
14197,BNS,305,1,2
14197,BNS,310,1,3
14198,BNS,118,1,1
14199,BNS,338,1,1
14200,BNS,351,1,1
14200,BNS,191,1,2
14201,POCSO,4,1,1
14202,BNS,316,1,1
14203,BNS,191,1,1
14203,BNS,351,1,2
14203,BNS,112,1,3
14204,BNS,115,1,1
14204,BNS,109,1,2
14205,MV,184,1,1
14206,BNS,318,1,1
14206,BNS,303,1,2
14207,ARMS,27,1,1
14207,NDPS,21,1,2
14208,ARMS,27,1,1
14209,BNS,318,1,1
14210,MV,184,1,1
14210,MV,185,1,2
14211,BNS,189,1,1
14211,BNS,111,1,2
14212,MV,184,1,1
14212,MV,185,1,2
14213,MV,185,1,1
14213,MV,184,1,2
14214,MV,185,1,1
14215,BNS,305,1,1
14216,BNS,331,1,1
14217,BNS,310,1,1
14218,BNS,331,1,1
14218,BNS,309,1,2
14218,BNS,316,1,3
14219,BNS,338,1,1
14219,BNS,318,1,2
14219,IT,66D,1,3
14220,BNS,331,1,1
14221,BNS,189,1,1
14222,BNS,109,1,1
14222,BNS,115,1,2
14223,BNS,318,1,1
14223,BNS,309,1,2
14224,MV,185,1,1
14225,BNS,115,1,1
14225,BNS,118,1,2
14225,BNS,103,1,3
14226,NDPS,8,1,1
14226,ARMS,25,1,2
14226,NDPS,20,1,3
14227,BNS,78,1,1
14227,BNS,74,1,2
14229,BNS,305,1,1
14229,BNS,303,1,2
14230,MV,185,1,1
14230,MV,184,1,2
14231,IT,66D,1,1
14231,BNS,338,1,2
14232,MV,184,1,1
14233,IT,66D,1,1
14234,BNS,303,1,1
14234,BNS,318,1,2
14235,BNS,105,1,1
14237,MV,185,1,1
14237,MV,184,1,2
14238,BNS,303,1,1
14238,BNS,310,1,2
14238,BNS,305,1,3
14239,BNS,105,1,1
14240,BNS,318,1,1
14240,BNS,338,1,2
14240,IT,66D,1,3
14241,BNS,309,1,1
14241,BNS,303,1,2
14242,BNS,318,1,1
14242,BNS,338,1,2
14242,IT,66D,1,3
14243,BNS,305,1,1
14245,BNS,316,1,1
14245,BNS,331,1,2
14247,ARMS,25,1,1
14247,EXCISE,32,1,2
14247,NDPS,20,1,3
14248,BNS,118,1,1
14248,BNS,109,1,2
14248,BNS,115,1,3
14249,BNS,351,1,1
14249,BNS,112,1,2
14249,BNS,191,1,3
14250,BNS,331,1,1
14251,BNS,309,1,1
14251,BNS,331,1,2
14251,BNS,305,1,3
14252,MV,185,1,1
14253,BNS,310,1,1
14253,BNS,303,1,2
14253,BNS,318,1,3
14254,BNS,115,1,1
14254,BNS,109,1,2
14254,BNS,118,1,3
14255,BNS,310,1,1
14255,BNS,305,1,2
14255,BNS,316,1,3
14256,BNS,331,1,1
14256,BNS,316,1,2
14258,BNS,316,1,1
14258,BNS,303,1,2
14259,BNS,109,1,1
14260,BNS,331,1,1
14262,IT,66D,1,1
14263,BNS,85,1,1
14263,BNS,140,1,2
14263,BNS,74,1,3
14264,BNS,112,1,1
14264,BNS,351,1,2
14265,MV,185,1,1
14266,BNS,303,1,1
14266,BNS,318,1,2
14267,BNS,318,1,1
14267,BNS,338,1,2
14267,IT,66D,1,3
14268,BNS,303,1,1
14268,BNS,305,1,2
14269,BNS,64,1,1
14269,BNS,85,1,2
14271,IT,66D,1,1
14271,BNS,338,1,2
14272,BNS,303,1,1
14272,BNS,310,1,2
14273,BNS,115,1,1
14274,BNS,331,1,1
14274,BNS,309,1,2
14275,BNS,111,1,1
14275,BNS,191,1,2
14276,BNS,316,1,1
14276,BNS,310,1,2
14276,BNS,318,1,3
14277,BNS,305,1,1
14278,BNS,64,1,1
14278,BNS,140,1,2
14279,BNS,305,1,1
14279,BNS,316,1,2
14281,BNS,109,1,1
14282,IT,66,1,1
14282,IT,66C,1,2
14282,IT,66D,1,3
14283,BNS,189,1,1
14284,PC,7,1,1
14287,BNS,103,1,1
14288,BNS,303,1,1
14288,BNS,310,1,2
14288,BNS,316,1,3
14289,BNS,318,1,1
14289,IT,66D,1,2
14289,BNS,338,1,3
14290,BNS,310,1,1
14290,BNS,331,1,2
14290,BNS,303,1,3
14291,BNS,310,1,1
14291,BNS,309,1,2
14291,BNS,316,1,3
14292,BNS,318,1,1
14293,BNS,303,1,1
14293,BNS,309,1,2
14294,BNS,78,1,1
14294,BNS,80,1,2
14294,BNS,74,1,3
14295,BNS,338,1,1
14295,IT,66D,1,2
14296,BNS,303,1,1
14296,BNS,309,1,2
14296,BNS,316,1,3
14297,BNS,305,1,1
14298,IT,66,1,1
14298,IT,66C,1,2
14299,BNS,109,1,1
14299,BNS,105,1,2
14299,BNS,103,1,3
14300,BNS,111,1,1
14300,BNS,351,1,2
14300,BNS,196,1,3
14301,BNS,331,1,1
14301,BNS,310,1,2
14302,POCSO,4,1,1
14302,BNS,140,1,2
14303,BNS,303,1,1
14303,BNS,318,1,2
14304,IT,66D,1,1
14305,BNS,64,1,1
14305,BNS,78,1,2
14306,BNS,309,1,1
14307,BNS,338,1,1
14309,BNS,309,1,1
14310,BNS,115,1,1
14310,BNS,105,1,2
14310,BNS,103,1,3
14311,BNS,103,1,1
14311,BNS,109,1,2
14312,PC,7,1,1
14313,BNS,103,1,1
14314,BNS,316,1,1
14314,BNS,303,1,2
14314,BNS,309,1,3
14315,IT,66D,1,1
14315,BNS,338,1,2
14316,BNS,310,1,1
14316,BNS,303,1,2
14317,BNS,331,1,1
14318,MV,184,1,1
14319,BNS,305,1,1
14319,BNS,309,1,2
14320,BNS,309,1,1
14321,BNS,338,1,1
14321,BNS,318,1,2
14321,IT,66D,1,3
14322,BNS,111,1,1
14324,MV,184,1,1
14324,MV,185,1,2
14325,BNS,111,1,1
14325,BNS,112,1,2
14326,BNS,189,1,1
14326,BNS,112,1,2
14326,BNS,191,1,3
14327,BNS,338,1,1
14327,IT,66D,1,2
14327,BNS,318,1,3
14328,MV,184,1,1
14329,BNS,115,1,1
14329,BNS,103,1,2
14329,BNS,118,1,3
14330,BNS,303,1,1
14330,BNS,309,1,2
14330,BNS,305,1,3
14331,BNS,74,1,1
14332,BNS,305,1,1
14332,BNS,331,1,2
14333,MV,185,1,1
14334,IT,66D,1,1
14335,BNS,78,1,1
14335,BNS,64,1,2
14336,BNS,109,1,1
14336,BNS,103,1,2
14336,BNS,118,1,3
14337,BNS,78,1,1
14337,BNS,74,1,2
14338,MV,184,1,1
14339,MV,184,1,1
14340,ARMS,25,1,1
14340,NDPS,21,1,2
14340,NDPS,8,1,3
14341,BNS,318,1,1
14341,BNS,303,1,2
14342,BNS,331,1,1
14342,BNS,310,1,2
14342,BNS,316,1,3
14343,BNS,189,1,1
14344,BNS,310,1,1
14344,BNS,303,1,2
14344,BNS,309,1,3
14345,MV,185,1,1
14346,NDPS,8,1,1
14346,ARMS,27,1,2
14347,BNS,338,1,1
14348,BNS,112,1,1
14348,BNS,111,1,2
14348,BNS,189,1,3
14349,BNS,105,1,1
14350,BNS,316,1,1
14350,BNS,318,1,2
14350,BNS,309,1,3
14351,BNS,310,1,1
14351,BNS,303,1,2
14351,BNS,318,1,3
14352,BNS,305,1,1
14352,BNS,310,1,2
14353,IT,66D,1,1
14353,IT,66,1,2
14354,BNS,78,1,1
14354,BNS,64,1,2
14355,BNS,78,1,1
14355,BNS,74,1,2
14355,BNS,85,1,3
14356,IT,66D,1,1
14356,BNS,338,1,2
14356,BNS,318,1,3
14357,BNS,318,1,1
14357,BNS,305,1,2
14358,BNS,115,1,1
14358,BNS,103,1,2
14358,BNS,105,1,3
14359,BNS,115,1,1
14359,BNS,103,1,2
14359,BNS,105,1,3
14360,BNS,338,1,1
14360,IT,66D,1,2
14361,BNS,316,1,1
14361,BNS,318,1,2
14362,BNS,118,1,1
14362,BNS,103,1,2
14362,BNS,115,1,3
14363,MV,184,1,1
14364,NDPS,20,1,1
14365,BNS,318,1,1
14365,BNS,305,1,2
14365,BNS,309,1,3
14366,BNS,316,1,1
14366,BNS,318,1,2
14367,BNS,310,1,1
14367,BNS,309,1,2
14367,BNS,316,1,3
14368,BNS,103,1,1
14368,BNS,115,1,2
14369,MV,185,1,1
14369,MV,184,1,2
14371,BNS,310,1,1
14371,BNS,305,1,2
14372,BNS,103,1,1
14373,BNS,316,1,1
14373,BNS,305,1,2
14373,BNS,318,1,3
14374,BNS,196,1,1
14374,BNS,351,1,2
14374,BNS,189,1,3
14375,BNS,103,1,1
14375,BNS,118,1,2
14376,MV,185,1,1
14376,MV,184,1,2
14377,MV,184,1,1
14377,MV,185,1,2
14378,BNS,338,1,1
14379,BNS,318,1,1
14379,BNS,305,1,2
14379,BNS,331,1,3
14380,BNS,331,1,1
14380,BNS,305,1,2
14380,BNS,316,1,3
14381,IT,66D,1,1
14381,BNS,338,1,2
14381,BNS,318,1,3
14382,BNS,331,1,1
14382,BNS,303,1,2
14383,BNS,318,1,1
14383,BNS,310,1,2
14384,BNS,112,1,1
14384,BNS,351,1,2
14384,BNS,189,1,3
14385,BNS,310,1,1
14386,BNS,305,1,1
14386,BNS,316,1,2
14386,BNS,318,1,3
14387,NDPS,21,1,1
14387,NDPS,8,1,2
14387,ARMS,25,1,3
14388,BNS,305,1,1
14389,BNS,318,1,1
14389,BNS,331,1,2
14389,BNS,305,1,3
14391,BNS,309,1,1
14391,BNS,310,1,2
14392,BNS,118,1,1
14392,BNS,103,1,2
14392,BNS,109,1,3
14394,BNS,105,1,1
14395,NDPS,21,1,1
14395,EXCISE,32,1,2
14396,BNS,351,1,1
14396,BNS,112,1,2
14396,BNS,189,1,3
14397,BNS,338,1,1
14397,IT,66D,1,2
14397,BNS,318,1,3
14398,BNS,191,1,1
14398,BNS,112,1,2
14398,BNS,189,1,3
14399,BNS,115,1,1
14399,BNS,103,1,2
14399,BNS,105,1,3
14400,PC,7,1,1
14401,NDPS,20,1,1
14401,ARMS,27,1,2
14401,NDPS,21,1,3
14402,IT,66D,1,1
14402,BNS,318,1,2
14404,NDPS,8,1,1
14404,EXCISE,32,1,2
14404,ARMS,27,1,3
14405,BNS,111,1,1
14406,BNS,310,1,1
14407,BNS,303,1,1
14409,BNS,310,1,1
14410,MV,185,1,1
14410,MV,184,1,2
14411,MV,184,1,1
14412,BNS,303,1,1
14412,BNS,310,1,2
14412,BNS,316,1,3
14413,BNS,74,1,1
14413,BNS,78,1,2
14413,BNS,64,1,3
14414,BNS,103,1,1
14414,BNS,105,1,2
14415,BNS,105,1,1
14415,BNS,118,1,2
14416,MV,185,1,1
14417,BNS,109,1,1
14417,BNS,103,1,2
14418,BNS,303,1,1
14418,BNS,309,1,2
14418,BNS,305,1,3
14419,BNS,316,1,1
14419,BNS,309,1,2
14420,BNS,74,1,1
14420,BNS,85,1,2
14421,IT,66C,1,1
14421,IT,66D,1,2
14422,BNS,303,1,1
14422,BNS,309,1,2
14423,POCSO,4,1,1
14423,BNS,140,1,2
14423,POCSO,8,1,3
14424,BNS,318,1,1
14424,BNS,310,1,2
14425,BNS,338,1,1
14426,MV,184,1,1
14427,BNS,78,1,1
14427,BNS,140,1,2
14427,BNS,74,1,3
14428,BNS,112,1,1
14428,BNS,191,1,2
14428,BNS,351,1,3
14429,BNS,111,1,1
14429,BNS,196,1,2
14430,BNS,85,1,1
14430,BNS,140,1,2
14430,BNS,74,1,3
14431,IT,66D,1,1
14432,BNS,303,1,1
14432,BNS,316,1,2
14433,BNS,303,1,1
14433,BNS,316,1,2
14433,BNS,310,1,3
14434,BNS,78,1,1
14434,BNS,140,1,2
14435,BNS,189,1,1
14435,BNS,196,1,2
14436,BNS,310,1,1
14436,BNS,316,1,2
14437,BNS,303,1,1
14439,BNS,316,1,1
14440,BNS,310,1,1
14441,BNS,309,1,1
14441,BNS,303,1,2
14442,BNS,309,1,1
14443,BNS,318,1,1
14443,IT,66D,1,2
14443,BNS,338,1,3
14444,IT,66D,1,1
14445,BNS,318,1,1
14445,BNS,303,1,2
14446,BNS,74,1,1
14446,BNS,140,1,2
14448,BNS,331,1,1
14449,BNS,305,1,1
14449,BNS,310,1,2
14449,BNS,331,1,3
14450,BNS,351,1,1
14450,BNS,112,1,2
14450,BNS,196,1,3
14451,BNS,316,1,1
14452,ARMS,25,1,1
14452,NDPS,8,1,2
14452,EXCISE,32,1,3
14453,IT,66D,1,1
14453,BNS,338,1,2
14453,BNS,318,1,3
14454,MV,185,1,1
14454,MV,184,1,2
14455,MV,184,1,1
14456,MV,185,1,1
14457,POCSO,8,1,1
14457,POCSO,4,1,2
14458,BNS,105,1,1
14458,BNS,115,1,2
14459,BNS,115,1,1
14459,BNS,118,1,2
14459,BNS,105,1,3
14460,BNS,111,1,1
14460,BNS,112,1,2
14461,MV,184,1,1
14462,IT,66D,1,1
14462,IT,66C,1,2
14463,BNS,309,1,1
14464,BNS,78,1,1
14464,BNS,64,1,2
14464,BNS,85,1,3
14465,NDPS,21,1,1
14466,MV,184,1,1
14467,BNS,112,1,1
14467,BNS,189,1,2
14467,BNS,351,1,3
14468,BNS,316,1,1
14469,BNS,85,1,1
14469,BNS,140,1,2
14469,BNS,78,1,3
14470,BNS,316,1,1
14470,BNS,310,1,2
14470,BNS,331,1,3
14471,BNS,105,1,1
14472,BNS,309,1,1
14472,BNS,303,1,2
14472,BNS,310,1,3
14473,BNS,105,1,1
14474,MV,184,1,1
14475,MV,184,1,1
14476,NDPS,21,1,1
14476,ARMS,25,1,2
14476,NDPS,20,1,3
14477,BNS,338,1,1
14478,BNS,103,1,1
14479,BNS,331,1,1
14479,BNS,310,1,2
14479,BNS,309,1,3
14480,BNS,318,1,1
14480,BNS,316,1,2
14480,BNS,303,1,3
14481,BNS,189,1,1
14481,BNS,196,1,2
14482,IT,66D,1,1
14483,MV,184,1,1
14484,MV,184,1,1
14485,MV,185,1,1
14486,BNS,318,1,1
14486,BNS,338,1,2
14486,IT,66D,1,3
14487,IT,66D,1,1
14488,BNS,196,1,1
14488,BNS,111,1,2
14488,BNS,191,1,3
14489,BNS,105,1,1
14489,BNS,109,1,2
14490,BNS,331,1,1
14490,BNS,303,1,2
14491,BNS,111,1,1
14491,BNS,191,1,2
14492,BNS,303,1,1
14493,BNS,140,1,1
14493,POCSO,4,1,2
14494,BNS,309,1,1
14495,BNS,309,1,1
14496,BNS,85,1,1
14496,BNS,140,1,2
14496,BNS,78,1,3
14497,BNS,318,1,1
14497,BNS,331,1,2
14497,BNS,316,1,3
14498,BNS,318,1,1
14498,BNS,305,1,2
14499,BNS,318,1,1
14500,MV,185,1,1
14500,MV,184,1,2
14501,EXCISE,32,1,1
14501,ARMS,25,1,2
14502,BNS,103,1,1
14502,BNS,109,1,2
14502,BNS,115,1,3
14503,BNS,303,1,1
14503,BNS,318,1,2
14504,IT,66D,1,1
14504,BNS,338,1,2
14504,BNS,318,1,3
14505,IT,66D,1,1
14505,BNS,318,1,2
14506,BNS,338,1,1
14506,IT,66D,1,2
14507,MV,185,1,1
14508,BNS,331,1,1
14508,BNS,303,1,2
14508,BNS,318,1,3
14509,NDPS,21,1,1
14509,EXCISE,32,1,2
14510,BNS,309,1,1
14511,BNS,310,1,1
14512,BNS,338,1,1
14513,BNS,191,1,1
14513,BNS,196,1,2
14513,BNS,112,1,3
14514,MV,185,1,1
14515,BNS,310,1,1
14515,BNS,309,1,2
14515,BNS,305,1,3
14516,BNS,109,1,1
14516,BNS,118,1,2
14517,BNS,318,1,1
14517,BNS,310,1,2
14517,BNS,303,1,3
14518,BNS,189,1,1
14518,BNS,191,1,2
14518,BNS,112,1,3
14519,MV,185,1,1
14519,MV,184,1,2
14520,NDPS,20,1,1
14520,NDPS,8,1,2
14521,BNS,64,1,1
14521,BNS,80,1,2
14521,BNS,78,1,3
14522,BNS,331,1,1
14522,BNS,310,1,2
14523,BNS,109,1,1
14524,NDPS,20,1,1
14524,ARMS,25,1,2
14525,BNS,112,1,1
14525,BNS,351,1,2
14526,ARMS,25,1,1
14527,BNS,111,1,1
14527,BNS,196,1,2
14527,BNS,351,1,3
14528,BNS,318,1,1
14528,BNS,309,1,2
14528,BNS,310,1,3
14529,BNS,316,1,1
14530,IT,66D,1,1
14530,BNS,318,1,2
14530,BNS,338,1,3
14531,BNS,338,1,1
14532,BNS,309,1,1
14533,NDPS,8,1,1
14533,ARMS,25,1,2
14533,EXCISE,32,1,3
14534,BNS,318,1,1
14534,IT,66D,1,2
14535,BNS,331,1,1
14535,BNS,309,1,2
14536,BNS,309,1,1
14536,BNS,305,1,2
14537,BNS,196,1,1
14537,BNS,112,1,2
14537,BNS,191,1,3
14538,BNS,310,1,1
14538,BNS,331,1,2
14539,BNS,109,1,1
14539,BNS,105,1,2
14540,BNS,64,1,1
14540,BNS,74,1,2
14540,BNS,140,1,3
14541,NDPS,21,1,1
14542,BNS,316,1,1
14542,BNS,303,1,2
14542,BNS,331,1,3
14543,MV,184,1,1
14544,BNS,305,1,1
14544,BNS,303,1,2
14544,BNS,318,1,3
14545,BNS,78,1,1
14545,BNS,64,1,2
14545,BNS,140,1,3
14546,BNS,109,1,1
14546,BNS,118,1,2
14546,BNS,115,1,3
14547,MV,184,1,1
14548,BNS,303,1,1
14549,BNS,111,1,1
14549,BNS,351,1,2
14550,BNS,140,1,1
14550,POCSO,4,1,2
14552,PC,7,1,1
14553,BNS,331,1,1
14553,BNS,303,1,2
14553,BNS,305,1,3
14555,BNS,318,1,1
14556,BNS,316,1,1
14558,BNS,78,1,1
14559,BNS,338,1,1
14559,BNS,318,1,2
14560,IT,66D,1,1
14561,BNS,78,1,1
14562,BNS,309,1,1
14563,BNS,331,1,1
14564,BNS,316,1,1
14564,BNS,309,1,2
14564,BNS,318,1,3
14565,BNS,64,1,1
14565,BNS,140,1,2
14565,BNS,74,1,3
14566,ARMS,27,1,1
14566,NDPS,21,1,2
14566,ARMS,25,1,3
14567,NDPS,20,1,1
14567,NDPS,21,1,2
14567,ARMS,25,1,3
14568,BNS,318,1,1
14569,BNS,305,1,1
14570,EXCISE,32,1,1
14570,ARMS,25,1,2
14570,NDPS,21,1,3
14571,BNS,318,1,1
14571,BNS,310,1,2
14572,BNS,331,1,1
14572,BNS,316,1,2
14572,BNS,303,1,3
14573,BNS,309,1,1
14573,BNS,305,1,2
14573,BNS,318,1,3
14574,BNS,78,1,1
14574,BNS,74,1,2
14574,BNS,80,1,3
14575,BNS,115,1,1
14575,BNS,103,1,2
14576,BNS,309,1,1
14576,BNS,305,1,2
14577,BNS,109,1,1
14577,BNS,118,1,2
14578,BNS,140,1,1
14578,BNS,85,1,2
14579,MV,184,1,1
14580,NDPS,20,1,1
14581,BNS,189,1,1
14581,BNS,111,1,2
14581,BNS,196,1,3
14582,BNS,103,1,1
14582,BNS,115,1,2
14582,BNS,105,1,3
14583,BNS,316,1,1
14583,BNS,305,1,2
14584,BNS,118,1,1
14584,BNS,115,1,2
14584,BNS,103,1,3
14585,BNS,85,1,1
14585,BNS,78,1,2
14585,BNS,74,1,3
14586,BNS,85,1,1
14587,NDPS,8,1,1
14588,BNS,103,1,1
14588,BNS,105,1,2
14589,BNS,331,1,1
14589,BNS,310,1,2
14589,BNS,316,1,3
14590,BNS,303,1,1
14590,BNS,331,1,2
14590,BNS,309,1,3
14591,NDPS,20,1,1
14591,ARMS,27,1,2
14592,BNS,115,1,1
14592,BNS,118,1,2
14592,BNS,109,1,3
14593,BNS,310,1,1
14593,BNS,331,1,2
14594,BNS,331,1,1
14594,BNS,318,1,2
14594,BNS,316,1,3
14595,BNS,309,1,1
14595,BNS,303,1,2
14597,BNS,112,1,1
14597,BNS,351,1,2
14597,BNS,191,1,3
14598,BNS,109,1,1
14598,BNS,103,1,2
14599,BNS,310,1,1
14599,BNS,318,1,2
14600,BNS,331,1,1
14601,BNS,309,1,1
14602,BNS,105,1,1
14602,BNS,103,1,2
14602,BNS,115,1,3
14603,IT,66C,1,1
14603,IT,66,1,2
14603,IT,66D,1,3
14604,MV,185,1,1
14605,BNS,316,1,1
14606,ARMS,27,1,1
14607,MV,185,1,1
14608,BNS,80,1,1
14608,BNS,85,1,2
14608,BNS,64,1,3
14609,BNS,331,1,1
14610,IT,66D,1,1
14611,BNS,74,1,1
14611,BNS,64,1,2
14611,BNS,140,1,3
14612,BNS,303,1,1
14612,BNS,331,1,2
14612,BNS,310,1,3
14613,BNS,85,1,1
14614,BNS,74,1,1
14615,BNS,309,1,1
14616,BNS,80,1,1
14616,BNS,140,1,2
14616,BNS,85,1,3
14617,IT,66D,1,1
14617,BNS,338,1,2
14618,BNS,331,1,1
14618,BNS,310,1,2
14618,BNS,305,1,3
14619,BNS,331,1,1
14620,IT,66D,1,1
14620,IT,66,1,2
14620,IT,66C,1,3
14621,BNS,316,1,1
14622,BNS,74,1,1
14623,BNS,140,1,1
14623,BNS,80,1,2
14623,BNS,78,1,3
14624,BNS,105,1,1
14624,BNS,109,1,2
14625,MV,184,1,1
14626,BNS,109,1,1
14626,BNS,118,1,2
14627,MV,185,1,1
14627,MV,184,1,2
14628,BNS,309,1,1
14628,BNS,318,1,2
14629,BNS,310,1,1
14629,BNS,318,1,2
14629,BNS,303,1,3
14630,MV,184,1,1
14630,MV,185,1,2
14631,BNS,309,1,1
14631,BNS,331,1,2
14632,BNS,305,1,1
14632,BNS,310,1,2
14632,BNS,309,1,3
14633,BNS,191,1,1
14634,MV,184,1,1
14636,BNS,64,1,1
14636,BNS,85,1,2
14637,IT,66,1,1
14637,IT,66D,1,2
14638,BNS,109,1,1
14638,BNS,105,1,2
14638,BNS,115,1,3
14639,BNS,305,1,1
14639,BNS,316,1,2
14639,BNS,331,1,3
14640,NDPS,21,1,1
14640,ARMS,27,1,2
14641,BNS,310,1,1
14641,BNS,305,1,2
14642,BNS,318,1,1
14642,BNS,305,1,2
14642,BNS,316,1,3
14643,MV,185,1,1
14643,MV,184,1,2
14644,BNS,118,1,1
14644,BNS,105,1,2
14645,BNS,118,1,1
14645,BNS,105,1,2
14646,MV,185,1,1
14647,BNS,109,1,1
14649,BNS,310,1,1
14649,BNS,316,1,2
14649,BNS,331,1,3
14650,BNS,331,1,1
14650,BNS,309,1,2
14651,BNS,303,1,1
14651,BNS,316,1,2
14651,BNS,310,1,3
14652,BNS,85,1,1
14652,BNS,78,1,2
14652,BNS,140,1,3
14653,BNS,318,1,1
14654,BNS,109,1,1
14654,BNS,105,1,2
14655,BNS,318,1,1
14655,BNS,310,1,2
14655,BNS,303,1,3
14656,BNS,305,1,1
14656,BNS,303,1,2
14656,BNS,316,1,3
14657,BNS,305,1,1
14657,BNS,331,1,2
14657,BNS,318,1,3
14658,BNS,318,1,1
14658,BNS,303,1,2
14658,BNS,309,1,3
14659,BNS,109,1,1
14659,BNS,105,1,2
14659,BNS,118,1,3
14660,BNS,318,1,1
14660,BNS,309,1,2
14660,BNS,316,1,3
14661,MV,184,1,1
14661,MV,185,1,2
14662,BNS,310,1,1
14662,BNS,318,1,2
14663,NDPS,20,1,1
14663,EXCISE,32,1,2
14664,BNS,189,1,1
14664,BNS,196,1,2
14665,BNS,338,1,1
14665,IT,66D,1,2
14666,BNS,316,1,1
14666,BNS,309,1,2
14666,BNS,331,1,3
14667,ARMS,27,1,1
14667,NDPS,21,1,2
14667,NDPS,20,1,3
14668,BNS,338,1,1
14668,BNS,318,1,2
14669,BNS,310,1,1
14669,BNS,305,1,2
14670,EXCISE,32,1,1
14671,BNS,105,1,1
14671,BNS,118,1,2
14671,BNS,109,1,3
14672,BNS,318,1,1
14672,IT,66D,1,2
14673,BNS,310,1,1
14674,BNS,140,1,1
14675,BNS,338,1,1
14676,BNS,74,1,1
14676,BNS,85,1,2
14677,BNS,105,1,1
14678,BNS,305,1,1
14679,BNS,318,1,1
14679,BNS,316,1,2
14679,BNS,305,1,3
14680,BNS,196,1,1
14681,BNS,112,1,1
14682,BNS,316,1,1
14683,BNS,103,1,1
14683,BNS,115,1,2
14684,NDPS,8,1,1
14685,BNS,64,1,1
14686,BNS,80,1,1
14686,BNS,140,1,2
14687,BNS,105,1,1
14688,BNS,338,1,1
14689,IT,66D,1,1
14689,IT,66,1,2
14689,IT,66C,1,3
14690,BNS,316,1,1
14690,BNS,309,1,2
14690,BNS,331,1,3
14691,BNS,318,1,1
14691,BNS,309,1,2
14691,BNS,331,1,3
14692,MV,184,1,1
14693,IT,66C,1,1
14694,BNS,318,1,1
14694,BNS,338,1,2
14694,IT,66D,1,3
14695,BNS,318,1,1
14695,BNS,305,1,2
14696,BNS,80,1,1
14696,BNS,85,1,2
14696,BNS,78,1,3
14697,BNS,80,1,1
14698,MV,185,1,1
14699,NDPS,21,1,1
14699,NDPS,8,1,2
14699,NDPS,20,1,3
14700,BNS,303,1,1
14700,BNS,305,1,2
14700,BNS,316,1,3
14701,BNS,303,1,1
14701,BNS,318,1,2
14701,BNS,310,1,3
14702,BNS,64,1,1
14702,BNS,78,1,2
14702,BNS,85,1,3
14703,MV,185,1,1
14703,MV,184,1,2
14704,BNS,105,1,1
14705,BNS,115,1,1
14706,BNS,351,1,1
14707,BNS,316,1,1
14707,BNS,309,1,2
14708,BNS,109,1,1
14709,BNS,105,1,1
14710,BNS,303,1,1
14711,BNS,331,1,1
14712,MV,184,1,1
14712,MV,185,1,2
14713,MV,184,1,1
14713,MV,185,1,2
14714,BNS,338,1,1
14714,BNS,318,1,2
14715,BNS,115,1,1
14715,BNS,109,1,2
14715,BNS,103,1,3
14716,MV,184,1,1
14717,BNS,316,1,1
14717,BNS,310,1,2
14717,BNS,331,1,3
14718,BNS,80,1,1
14719,BNS,351,1,1
14719,BNS,112,1,2
14720,BNS,318,1,1
14720,BNS,310,1,2
14721,BNS,338,1,1
14721,IT,66D,1,2
14721,BNS,318,1,3
14722,BNS,103,1,1
14723,BNS,305,1,1
14723,BNS,310,1,2
14723,BNS,331,1,3
14724,BNS,115,1,1
14724,BNS,109,1,2
14726,BNS,80,1,1
14727,BNS,109,1,1
14728,BNS,310,1,1
14728,BNS,305,1,2
14728,BNS,316,1,3
14729,BNS,318,1,1
14729,BNS,338,1,2
14730,MV,185,1,1
14730,MV,184,1,2
14731,BNS,309,1,1
14731,BNS,318,1,2
14732,BNS,305,1,1
14733,BNS,309,1,1
14734,BNS,118,1,1
14734,BNS,105,1,2
14734,BNS,109,1,3
14735,BNS,303,1,1
14735,BNS,305,1,2
14735,BNS,318,1,3
14736,BNS,78,1,1
14736,BNS,85,1,2
14737,BNS,78,1,1
14738,BNS,103,1,1
14738,BNS,105,1,2
14739,IT,66,1,1
14739,IT,66C,1,2
14739,IT,66D,1,3
14740,MV,185,1,1
14741,BNS,140,1,1
14741,BNS,85,1,2
14742,BNS,331,1,1
14742,BNS,305,1,2
14744,BNS,316,1,1
14744,BNS,305,1,2
14745,BNS,78,1,1
14745,BNS,64,1,2
14746,IT,66,1,1
14746,IT,66D,1,2
14746,IT,66C,1,3
14747,BNS,303,1,1
14747,BNS,318,1,2
14748,BNS,140,1,1
14748,POCSO,8,1,2
14748,POCSO,4,1,3
14749,BNS,78,1,1
14749,BNS,74,1,2
14750,BNS,118,1,1
14750,BNS,105,1,2
14750,BNS,103,1,3
14751,BNS,115,1,1
14752,BNS,338,1,1
14753,BNS,316,1,1
14755,BNS,112,1,1
14756,BNS,310,1,1
14756,BNS,309,1,2
14756,BNS,316,1,3
14757,BNS,331,1,1
14757,BNS,305,1,2
14757,BNS,303,1,3
14758,MV,184,1,1
14759,NDPS,8,1,1
14759,ARMS,27,1,2
14759,EXCISE,32,1,3
14760,BNS,316,1,1
14760,BNS,310,1,2
14761,BNS,118,1,1
14763,MV,184,1,1
14763,MV,185,1,2
14764,BNS,351,1,1
14764,BNS,189,1,2
14764,BNS,191,1,3
14765,BNS,105,1,1
14766,MV,184,1,1
14767,BNS,309,1,1
14767,BNS,305,1,2
14767,BNS,310,1,3
14768,MV,185,1,1
14768,MV,184,1,2
14769,IT,66D,1,1
14769,BNS,318,1,2
14770,IT,66C,1,1
14770,IT,66,1,2
14770,IT,66D,1,3
14771,BNS,103,1,1
14772,BNS,115,1,1
14772,BNS,103,1,2
14772,BNS,109,1,3
14774,BNS,303,1,1
14774,BNS,309,1,2
14775,BNS,338,1,1
14775,BNS,318,1,2
14776,BNS,318,1,1
14777,BNS,140,1,1
14777,BNS,85,1,2
14778,IT,66D,1,1
14778,BNS,318,1,2
14779,BNS,331,1,1
14779,BNS,309,1,2
14780,BNS,338,1,1
14781,BNS,115,1,1
14781,BNS,103,1,2
14781,BNS,105,1,3
14782,BNS,309,1,1
14782,BNS,316,1,2
14782,BNS,318,1,3
14783,BNS,318,1,1
14783,BNS,338,1,2
14784,BNS,85,1,1
14784,BNS,78,1,2
14785,BNS,318,1,1
14785,BNS,338,1,2
14785,IT,66D,1,3
14786,BNS,318,1,1
14787,BNS,318,1,1
14787,BNS,305,1,2
14788,MV,185,1,1
14788,MV,184,1,2
14789,BNS,331,1,1
14789,BNS,309,1,2
14789,BNS,318,1,3
14790,MV,184,1,1
14790,MV,185,1,2
14791,MV,184,1,1
14792,BNS,191,1,1
14793,BNS,309,1,1
14793,BNS,305,1,2
14794,BNS,309,1,1
14795,BNS,103,1,1
14795,BNS,109,1,2
14795,BNS,105,1,3
14796,MV,185,1,1
14797,BNS,303,1,1
14797,BNS,309,1,2
14797,BNS,316,1,3
14798,BNS,118,1,1
14798,BNS,115,1,2
14799,BNS,331,1,1
14800,IT,66D,1,1
14800,BNS,318,1,2
14801,BNS,318,1,1
14801,BNS,338,1,2
14802,MV,185,1,1
14803,BNS,303,1,1
14803,BNS,309,1,2
14804,BNS,318,1,1
14804,BNS,303,1,2
14804,BNS,310,1,3
14805,MV,184,1,1
14805,MV,185,1,2
14806,BNS,118,1,1
14807,BNS,305,1,1
14807,BNS,316,1,2
14808,BNS,338,1,1
14808,IT,66D,1,2
14808,BNS,318,1,3
14809,MV,185,1,1
14810,BNS,105,1,1
14811,BNS,80,1,1
14811,BNS,85,1,2
14812,BNS,118,1,1
14812,BNS,115,1,2
14813,BNS,78,1,1
14813,BNS,74,1,2
14813,BNS,85,1,3
14814,BNS,305,1,1
14814,BNS,318,1,2
14814,BNS,309,1,3
14815,BNS,112,1,1
14816,IT,66,1,1
14816,IT,66C,1,2
14817,BNS,318,1,1
14818,BNS,105,1,1
14819,BNS,310,1,1
14819,BNS,303,1,2
14819,BNS,316,1,3
14820,BNS,303,1,1
14820,BNS,318,1,2
14820,BNS,309,1,3
14821,BNS,316,1,1
14821,BNS,305,1,2
14821,BNS,331,1,3
14822,BNS,331,1,1
14823,BNS,331,1,1
14825,BNS,305,1,1
14825,BNS,331,1,2
14825,BNS,303,1,3
14826,BNS,309,1,1
14826,BNS,318,1,2
14826,BNS,331,1,3
14827,BNS,316,1,1
14827,BNS,309,1,2
14828,BNS,318,1,1
14828,BNS,303,1,2
14828,BNS,310,1,3
14829,BNS,310,1,1
14829,BNS,309,1,2
14829,BNS,316,1,3
14830,BNS,318,1,1
14831,BNS,318,1,1
14831,IT,66D,1,2
14832,BNS,318,1,1
14833,NDPS,20,1,1
14834,BNS,309,1,1
14834,BNS,331,1,2
14834,BNS,318,1,3
14835,BNS,338,1,1
14835,BNS,318,1,2
14836,BNS,305,1,1
14836,BNS,310,1,2
14838,BNS,303,1,1
14838,BNS,309,1,2
14839,IT,66C,1,1
14839,IT,66D,1,2
14840,BNS,316,1,1
14840,BNS,309,1,2
14841,BNS,80,1,1
14841,BNS,64,1,2
14842,IT,66D,1,1
14843,NDPS,21,1,1
14843,ARMS,25,1,2
14843,ARMS,27,1,3
14845,BNS,303,1,1
14846,IT,66C,1,1
14846,IT,66,1,2
14846,IT,66D,1,3
14847,BNS,105,1,1
14847,BNS,118,1,2
14847,BNS,109,1,3
14848,BNS,64,1,1
14849,IT,66,1,1
14849,IT,66D,1,2
14850,IT,66D,1,1
14850,BNS,338,1,2
14850,BNS,318,1,3
14851,BNS,316,1,1
14852,BNS,111,1,1
14853,MV,185,1,1
14854,BNS,118,1,1
14856,BNS,338,1,1
14857,BNS,316,1,1
14857,BNS,310,1,2
14857,BNS,309,1,3
14858,IT,66D,1,1
14859,BNS,316,1,1
14860,BNS,318,1,1
14861,BNS,318,1,1
14861,BNS,310,1,2
14862,BNS,305,1,1
14862,BNS,310,1,2
14862,BNS,309,1,3
14864,BNS,191,1,1
14864,BNS,196,1,2
14864,BNS,351,1,3
14865,BNS,310,1,1
14865,BNS,303,1,2
14865,BNS,309,1,3
14866,BNS,309,1,1
14866,BNS,318,1,2
14867,BNS,316,1,1
14868,BNS,74,1,1
14868,BNS,80,1,2
14868,BNS,64,1,3
14869,BNS,338,1,1
14870,BNS,115,1,1
14870,BNS,109,1,2
14870,BNS,118,1,3
14871,BNS,338,1,1
14872,BNS,318,1,1
14873,IT,66D,1,1
14873,BNS,318,1,2
14873,BNS,338,1,3
14874,BNS,118,1,1
14874,BNS,115,1,2
14875,BNS,318,1,1
14876,BNS,318,1,1
14877,BNS,318,1,1
14877,IT,66D,1,2
14878,BNS,74,1,1
14878,BNS,80,1,2
14879,MV,184,1,1
14879,MV,185,1,2
14880,BNS,140,1,1
14880,BNS,85,1,2
14881,BNS,331,1,1
14881,BNS,316,1,2
14881,BNS,310,1,3
14883,IT,66C,1,1
14884,BNS,64,1,1
14885,BNS,105,1,1
14885,BNS,109,1,2
14886,BNS,338,1,1
14886,IT,66D,1,2
14886,BNS,318,1,3
14887,NDPS,8,1,1
14887,ARMS,25,1,2
14888,PC,7,1,1
14889,BNS,74,1,1
14889,BNS,80,1,2
14889,BNS,85,1,3
14890,ARMS,25,1,1
14890,NDPS,21,1,2
14890,EXCISE,32,1,3
14891,IT,66D,1,1
14891,IT,66,1,2
14892,IT,66D,1,1
14892,BNS,338,1,2
14892,BNS,318,1,3
14893,BNS,318,1,1
14893,BNS,331,1,2
14893,BNS,305,1,3
14894,MV,185,1,1
14894,MV,184,1,2
14895,BNS,331,1,1
14895,BNS,316,1,2
14895,BNS,305,1,3
14896,BNS,105,1,1
14896,BNS,109,1,2
14897,MV,184,1,1
14897,MV,185,1,2
14898,BNS,80,1,1
14899,BNS,338,1,1
14899,BNS,318,1,2
14900,MV,185,1,1
14901,BNS,85,1,1
14901,BNS,80,1,2
14901,BNS,74,1,3
14903,BNS,305,1,1
14904,MV,184,1,1
14905,BNS,105,1,1
14905,BNS,103,1,2
14906,BNS,309,1,1
14906,BNS,305,1,2
14907,BNS,305,1,1
14908,MV,185,1,1
14908,MV,184,1,2
14909,BNS,316,1,1
14909,BNS,309,1,2
14909,BNS,310,1,3
14910,BNS,103,1,1
14910,BNS,109,1,2
14910,BNS,105,1,3
14911,BNS,316,1,1
14911,BNS,303,1,2
14912,BNS,318,1,1
14912,BNS,338,1,2
14912,IT,66D,1,3
14913,NDPS,8,1,1
14913,ARMS,25,1,2
14913,NDPS,21,1,3
14914,BNS,318,1,1
14914,BNS,309,1,2
14915,BNS,316,1,1
14915,BNS,318,1,2
14916,BNS,103,1,1
14916,BNS,118,1,2
14917,BNS,191,1,1
14917,BNS,112,1,2
14918,BNS,111,1,1
14919,IT,66,1,1
14919,IT,66C,1,2
14920,MV,185,1,1
14920,MV,184,1,2
14921,BNS,118,1,1
14922,BNS,118,1,1
14922,BNS,115,1,2
14923,IT,66D,1,1
14923,IT,66C,1,2
14924,MV,184,1,1
14924,MV,185,1,2
14925,BNS,115,1,1
14926,MV,184,1,1
14927,BNS,103,1,1
14927,BNS,115,1,2
14927,BNS,105,1,3
14928,IT,66D,1,1
14928,IT,66C,1,2
14928,IT,66,1,3
14929,ARMS,25,1,1
14929,EXCISE,32,1,2
14930,BNS,115,1,1
14930,BNS,118,1,2
14931,BNS,331,1,1
14931,BNS,305,1,2
14931,BNS,303,1,3
14932,MV,184,1,1
14933,BNS,316,1,1
14933,BNS,305,1,2
14934,BNS,305,1,1
14935,BNS,103,1,1
14936,BNS,316,1,1
14936,BNS,310,1,2
14937,BNS,338,1,1
14937,IT,66D,1,2
14937,BNS,318,1,3
14938,BNS,305,1,1
14939,BNS,309,1,1
14939,BNS,303,1,2
14939,BNS,318,1,3
14940,BNS,310,1,1
14940,BNS,303,1,2
14940,BNS,316,1,3
14941,IT,66C,1,1
14941,IT,66,1,2
14941,IT,66D,1,3
14942,MV,184,1,1
14943,BNS,316,1,1
14943,BNS,318,1,2
14943,BNS,309,1,3
14944,BNS,109,1,1
14945,BNS,78,1,1
14946,BNS,109,1,1
14947,BNS,74,1,1
14948,BNS,305,1,1
14948,BNS,309,1,2
14950,BNS,310,1,1
14950,BNS,318,1,2
14951,BNS,196,1,1
14951,BNS,351,1,2
14952,BNS,303,1,1
14952,BNS,310,1,2
14953,BNS,85,1,1
14953,BNS,64,1,2
14953,BNS,80,1,3
14954,NDPS,20,1,1
14955,BNS,74,1,1
14955,BNS,140,1,2
14956,MV,184,1,1
14957,BNS,331,1,1
14957,BNS,316,1,2
14958,BNS,112,1,1
14959,BNS,331,1,1
14959,BNS,305,1,2
14959,BNS,303,1,3
14960,BNS,318,1,1
14960,BNS,303,1,2
14960,BNS,305,1,3
14961,BNS,305,1,1
14961,BNS,309,1,2
14962,BNS,309,1,1
14962,BNS,331,1,2
14963,IT,66D,1,1
14963,BNS,318,1,2
14965,BNS,140,1,1
14965,POCSO,8,1,2
14965,POCSO,4,1,3
14966,BNS,316,1,1
14966,BNS,309,1,2
14966,BNS,331,1,3
14967,NDPS,20,1,1
14968,BNS,318,1,1
14968,BNS,338,1,2
14968,IT,66D,1,3
14969,BNS,338,1,1
14969,IT,66D,1,2
14969,BNS,318,1,3
14970,BNS,78,1,1
14971,BNS,191,1,1
14971,BNS,196,1,2
14972,MV,184,1,1
14973,BNS,338,1,1
14973,BNS,318,1,2
14974,EXCISE,32,1,1
14974,ARMS,25,1,2
14974,ARMS,27,1,3
14975,IT,66C,1,1
14975,IT,66D,1,2
14975,IT,66,1,3
14976,BNS,78,1,1
14977,BNS,105,1,1
14977,BNS,115,1,2
14977,BNS,118,1,3
14979,BNS,118,1,1
14980,BNS,118,1,1
14980,BNS,103,1,2
14980,BNS,115,1,3
14981,MV,185,1,1
14982,BNS,316,1,1
14983,IT,66,1,1
14983,IT,66C,1,2
14983,IT,66D,1,3
14984,BNS,331,1,1
14984,BNS,310,1,2
14985,BNS,309,1,1
14985,BNS,318,1,2
14986,BNS,310,1,1
14986,BNS,305,1,2
14987,BNS,303,1,1
14987,BNS,309,1,2
14987,BNS,318,1,3
14988,BNS,189,1,1
14989,BNS,331,1,1
14990,BNS,85,1,1
14990,BNS,80,1,2
14990,BNS,140,1,3
14991,BNS,316,1,1
14991,BNS,318,1,2
14992,BNS,331,1,1
14992,BNS,316,1,2
14993,IT,66D,1,1
14993,IT,66,1,2
14995,BNS,318,1,1
14996,BNS,78,1,1
14996,BNS,80,1,2
14997,BNS,305,1,1
14997,BNS,303,1,2
14997,BNS,316,1,3
14998,IT,66C,1,1
14998,IT,66D,1,2
14998,IT,66,1,3
14999,BNS,331,1,1
15000,IT,66D,1,1
15000,BNS,318,1,2
15000,BNS,338,1,3
15002,BNS,115,1,1
15003,BNS,78,1,1
15004,BNS,74,1,1
15005,IT,66,1,1
15006,BNS,109,1,1
15006,BNS,103,1,2
15007,BNS,115,1,1
15007,BNS,118,1,2
15007,BNS,105,1,3
15008,BNS,103,1,1
15008,BNS,115,1,2
15008,BNS,109,1,3
15009,BNS,331,1,1
15009,BNS,303,1,2
15009,BNS,305,1,3
15010,BNS,118,1,1
15011,IT,66D,1,1
15012,IT,66D,1,1
15012,BNS,338,1,2
15014,MV,184,1,1
15015,IT,66D,1,1
15016,NDPS,8,1,1
15016,NDPS,21,1,2
15016,EXCISE,32,1,3
15017,EXCISE,32,1,1
15017,NDPS,21,1,2
15018,BNS,103,1,1
15018,BNS,115,1,2
15018,BNS,105,1,3
15019,IT,66D,1,1
15020,BNS,331,1,1
15020,BNS,316,1,2
15020,BNS,310,1,3
15021,BNS,310,1,1
15021,BNS,309,1,2
15022,EXCISE,32,1,1
15023,BNS,318,1,1
15023,IT,66D,1,2
15024,MV,184,1,1
15025,MV,184,1,1
15025,MV,185,1,2
15026,BNS,318,1,1
15026,BNS,338,1,2
15027,BNS,85,1,1
15027,BNS,64,1,2
15027,BNS,74,1,3
15029,BNS,309,1,1
15029,BNS,310,1,2
15029,BNS,318,1,3
15030,BNS,305,1,1
15030,BNS,309,1,2
15031,BNS,318,1,1
15032,BNS,318,1,1
15033,MV,185,1,1
15033,MV,184,1,2
15034,BNS,303,1,1
15035,BNS,338,1,1
15035,IT,66D,1,2
15035,BNS,318,1,3
15036,MV,184,1,1
15037,BNS,85,1,1
15037,BNS,140,1,2
15038,BNS,331,1,1
15038,BNS,318,1,2
15038,BNS,305,1,3
15039,BNS,105,1,1
15040,NDPS,8,1,1
15041,MV,184,1,1
15042,MV,184,1,1
15042,MV,185,1,2
15044,BNS,316,1,1
15044,BNS,310,1,2
15045,ARMS,25,1,1
15045,NDPS,8,1,2
15046,BNS,118,1,1
15046,BNS,115,1,2
15047,IT,66D,1,1
15047,BNS,338,1,2
15048,BNS,316,1,1
15048,BNS,305,1,2
15048,BNS,303,1,3
15049,BNS,196,1,1
15049,BNS,111,1,2
15050,MV,185,1,1
15050,MV,184,1,2
15051,BNS,331,1,1
15052,BNS,338,1,1
15052,BNS,318,1,2
15053,ARMS,25,1,1
15053,ARMS,27,1,2
15054,MV,185,1,1
15054,MV,184,1,2
15055,BNS,310,1,1
15055,BNS,331,1,2
15056,BNS,105,1,1
15056,BNS,103,1,2
15056,BNS,115,1,3
15057,BNS,112,1,1
15058,BNS,316,1,1
15058,BNS,305,1,2
15058,BNS,318,1,3
15059,BNS,109,1,1
15059,BNS,115,1,2
15059,BNS,105,1,3
15060,BNS,316,1,1
15061,IT,66D,1,1
15062,BNS,303,1,1
15062,BNS,305,1,2
15063,BNS,331,1,1
15063,BNS,309,1,2
15064,BNS,310,1,1
15064,BNS,309,1,2
15064,BNS,331,1,3
15065,BNS,115,1,1
15065,BNS,105,1,2
15066,BNS,196,1,1
15066,BNS,111,1,2
15067,BNS,318,1,1
15068,NDPS,21,1,1
15068,ARMS,25,1,2
15068,NDPS,8,1,3
15069,IT,66,1,1
15069,IT,66C,1,2
15070,BNS,316,1,1
15070,BNS,309,1,2
15070,BNS,310,1,3
15072,BNS,338,1,1
15073,BNS,310,1,1
15073,BNS,305,1,2
15073,BNS,316,1,3
15074,ARMS,25,1,1
15075,NDPS,8,1,1
15075,ARMS,25,1,2
15076,BNS,118,1,1
15077,MV,185,1,1
15077,MV,184,1,2
15078,BNS,303,1,1
15078,BNS,309,1,2
15079,ARMS,25,1,1
15080,BNS,303,1,1
15080,BNS,310,1,2
15081,BNS,338,1,1
15081,BNS,318,1,2
15081,IT,66D,1,3
15082,BNS,316,1,1
15082,BNS,310,1,2
15083,BNS,140,1,1
15083,BNS,78,1,2
15084,MV,184,1,1
15085,BNS,140,1,1
15086,BNS,305,1,1
15086,BNS,318,1,2
15087,MV,184,1,1
15087,MV,185,1,2
15088,BNS,80,1,1
15090,BNS,305,1,1
15090,BNS,310,1,2
15091,NDPS,8,1,1
15091,NDPS,21,1,2
15092,BNS,74,1,1
15093,BNS,109,1,1
15093,BNS,115,1,2
15094,MV,184,1,1
15094,MV,185,1,2
15095,BNS,316,1,1
15095,BNS,305,1,2
15096,PC,7,1,1
15097,BNS,316,1,1
15097,BNS,309,1,2
15097,BNS,303,1,3
15098,BNS,103,1,1
15099,BNS,316,1,1
15099,BNS,305,1,2
15099,BNS,331,1,3
15100,BNS,105,1,1
15100,BNS,118,1,2
15101,BNS,115,1,1
15101,BNS,118,1,2
15102,IT,66D,1,1
15103,ARMS,25,1,1
15104,BNS,309,1,1
15104,BNS,318,1,2
15105,BNS,318,1,1
15105,BNS,309,1,2
15106,BNS,338,1,1
15106,BNS,318,1,2
15107,BNS,331,1,1
15107,BNS,310,1,2
15107,BNS,303,1,3
15108,BNS,85,1,1
15109,BNS,140,1,1
15109,POCSO,8,1,2
15110,BNS,85,1,1
15110,BNS,64,1,2
15111,BNS,318,1,1
15111,BNS,309,1,2
15111,BNS,316,1,3
15112,MV,185,1,1
15112,MV,184,1,2
15113,ARMS,27,1,1
15113,NDPS,21,1,2
15113,NDPS,20,1,3
15114,BNS,80,1,1
15115,BNS,318,1,1
15115,IT,66D,1,2
15115,BNS,338,1,3
15116,BNS,338,1,1
15116,IT,66D,1,2
15117,BNS,103,1,1
15117,BNS,118,1,2
15117,BNS,115,1,3
15118,BNS,310,1,1
15119,BNS,331,1,1
15119,BNS,316,1,2
15119,BNS,305,1,3
15120,BNS,303,1,1
15121,MV,184,1,1
15122,BNS,303,1,1
15122,BNS,316,1,2
15123,BNS,318,1,1
15123,BNS,310,1,2
15123,BNS,309,1,3
15124,MV,184,1,1
15125,BNS,310,1,1
15125,BNS,331,1,2
15126,BNS,74,1,1
15127,BNS,115,1,1
15127,BNS,118,1,2
15128,BNS,318,1,1
15128,BNS,310,1,2
15129,ARMS,25,1,1
15130,MV,184,1,1
15130,MV,185,1,2
15131,BNS,305,1,1
15131,BNS,310,1,2
15132,BNS,316,1,1
15132,BNS,310,1,2
15132,BNS,303,1,3
15133,BNS,331,1,1
15133,BNS,310,1,2
15134,BNS,80,1,1
15134,BNS,64,1,2
15134,BNS,78,1,3
15135,BNS,118,1,1
15135,BNS,115,1,2
15135,BNS,103,1,3
15136,BNS,196,1,1
15137,BNS,115,1,1
15137,BNS,105,1,2
15137,BNS,109,1,3
15138,BNS,318,1,1
15138,BNS,338,1,2
15138,IT,66D,1,3
15139,BNS,318,1,1
15139,BNS,338,1,2
15139,IT,66D,1,3
15140,MV,185,1,1
15140,MV,184,1,2
15141,IT,66,1,1
15141,IT,66D,1,2
15142,ARMS,25,1,1
15142,ARMS,27,1,2
15143,BNS,112,1,1
15143,BNS,196,1,2
15143,BNS,189,1,3
15144,NDPS,8,1,1
15145,EXCISE,32,1,1
15145,ARMS,25,1,2
15146,BNS,331,1,1
15147,BNS,309,1,1
15147,BNS,303,1,2
15148,MV,184,1,1
15149,BNS,305,1,1
15149,BNS,316,1,2
15149,BNS,303,1,3
15150,BNS,140,1,1
15150,POCSO,8,1,2
15151,BNS,310,1,1
15151,BNS,305,1,2
15151,BNS,309,1,3
15152,BNS,78,1,1
15152,BNS,140,1,2
15153,BNS,318,1,1
15154,IT,66C,1,1
15154,IT,66,1,2
15154,IT,66D,1,3
15155,BNS,318,1,1
15155,BNS,303,1,2
15156,BNS,305,1,1
15156,BNS,331,1,2
15156,BNS,309,1,3
15157,IT,66C,1,1
15157,IT,66,1,2
15158,BNS,309,1,1
15158,BNS,310,1,2
15159,BNS,331,1,1
15159,BNS,310,1,2
15159,BNS,303,1,3
15160,BNS,109,1,1
15161,BNS,309,1,1
15161,BNS,310,1,2
15161,BNS,305,1,3
15162,BNS,103,1,1
15163,BNS,115,1,1
15163,BNS,109,1,2
15163,BNS,105,1,3
15164,BNS,309,1,1
15165,BNS,309,1,1
15165,BNS,318,1,2
15165,BNS,305,1,3
15166,BNS,318,1,1
15166,BNS,331,1,2
15166,BNS,310,1,3
15168,BNS,109,1,1
15168,BNS,103,1,2
15168,BNS,105,1,3
15169,NDPS,8,1,1
15169,NDPS,21,1,2
15169,NDPS,20,1,3
15170,ARMS,27,1,1
15170,ARMS,25,1,2
15171,BNS,118,1,1
15172,BNS,316,1,1
15172,BNS,310,1,2
15173,BNS,189,1,1
15173,BNS,111,1,2
15174,BNS,331,1,1
15174,BNS,310,1,2
15174,BNS,316,1,3
15175,BNS,309,1,1
15176,MV,185,1,1
15177,BNS,85,1,1
15177,BNS,64,1,2
15177,BNS,78,1,3
15178,BNS,310,1,1
15179,BNS,109,1,1
15179,BNS,118,1,2
15180,BNS,118,1,1
15180,BNS,115,1,2
15181,BNS,309,1,1
15181,BNS,305,1,2
15182,BNS,338,1,1
15182,IT,66D,1,2
15184,BNS,331,1,1
15185,BNS,118,1,1
15185,BNS,103,1,2
15186,BNS,318,1,1
15186,BNS,331,1,2
15186,BNS,309,1,3
15187,BNS,118,1,1
15188,EXCISE,32,1,1
15189,IT,66D,1,1
15189,BNS,318,1,2
15190,BNS,111,1,1
15191,BNS,331,1,1
15191,BNS,316,1,2
15191,BNS,305,1,3
15192,BNS,318,1,1
15192,BNS,338,1,2
15193,BNS,338,1,1
15194,BNS,309,1,1
15194,BNS,310,1,2
15195,BNS,309,1,1
15196,BNS,316,1,1
15197,BNS,316,1,1
15197,BNS,309,1,2
15198,IT,66C,1,1
15198,IT,66,1,2
15199,BNS,305,1,1
15199,BNS,331,1,2
15200,NDPS,8,1,1
15201,BNS,103,1,1
15201,BNS,115,1,2
15201,BNS,118,1,3
15202,IT,66D,1,1
15203,BNS,78,1,1
15203,BNS,64,1,2
15203,BNS,85,1,3
15204,BNS,74,1,1
15205,BNS,318,1,1
15205,BNS,310,1,2
15207,BNS,303,1,1
15208,BNS,103,1,1
15208,BNS,105,1,2
15208,BNS,109,1,3
15209,BNS,309,1,1
15209,BNS,303,1,2
15210,IT,66D,1,1
15212,BNS,191,1,1
15212,BNS,351,1,2
15213,BNS,196,1,1
15214,BNS,318,1,1
15215,BNS,305,1,1
15216,BNS,318,1,1
15218,BNS,316,1,1
15218,BNS,318,1,2
15218,BNS,309,1,3
15220,MV,185,1,1
15221,MV,185,1,1
15221,MV,184,1,2
15222,BNS,309,1,1
15222,BNS,310,1,2
15222,BNS,316,1,3
15223,IT,66C,1,1
15223,IT,66D,1,2
15223,IT,66,1,3
15224,BNS,105,1,1
15224,BNS,103,1,2
15225,IT,66D,1,1
15225,BNS,318,1,2
15225,BNS,338,1,3
15226,MV,184,1,1
15226,MV,185,1,2
15227,BNS,109,1,1
15227,BNS,115,1,2
15227,BNS,103,1,3
15228,NDPS,21,1,1
15229,IT,66D,1,1
15230,MV,185,1,1
15230,MV,184,1,2
15231,BNS,338,1,1
15231,IT,66D,1,2
15231,BNS,318,1,3
15232,IT,66D,1,1
15232,BNS,318,1,2
15233,IT,66,1,1
15233,IT,66C,1,2
15233,IT,66D,1,3
15234,BNS,318,1,1
15234,BNS,338,1,2
15234,IT,66D,1,3
15235,BNS,338,1,1
15235,BNS,318,1,2
15235,IT,66D,1,3
15236,IT,66D,1,1
15237,BNS,318,1,1
15237,IT,66D,1,2
15237,BNS,338,1,3
15238,BNS,109,1,1
15238,BNS,118,1,2
15238,BNS,105,1,3
15239,BNS,109,1,1
15239,BNS,105,1,2
15239,BNS,118,1,3
15240,BNS,331,1,1
15241,MV,184,1,1
15241,MV,185,1,2
15242,POCSO,8,1,1
15243,BNS,140,1,1
15243,BNS,85,1,2
15243,BNS,74,1,3
15244,MV,185,1,1
15245,BNS,112,1,1
15245,BNS,111,1,2
15246,BNS,310,1,1
15246,BNS,331,1,2
15246,BNS,305,1,3
15248,BNS,115,1,1
15248,BNS,109,1,2
15248,BNS,103,1,3
15249,MV,184,1,1
15250,BNS,318,1,1
15251,IT,66C,1,1
15251,IT,66D,1,2
15252,BNS,331,1,1
15252,BNS,318,1,2
15252,BNS,310,1,3
15253,BNS,191,1,1
15253,BNS,196,1,2
15254,BNS,80,1,1
15254,BNS,85,1,2
15254,BNS,78,1,3
15255,BNS,316,1,1
15255,BNS,310,1,2
15256,NDPS,21,1,1
15257,BNS,105,1,1
15257,BNS,115,1,2
15260,BNS,305,1,1
15261,BNS,310,1,1
15261,BNS,331,1,2
15261,BNS,305,1,3
15262,BNS,318,1,1
15264,BNS,310,1,1
15264,BNS,331,1,2
15265,BNS,316,1,1
15265,BNS,305,1,2
15266,MV,185,1,1
15267,BNS,310,1,1
15267,BNS,305,1,2
15268,BNS,105,1,1
15269,IT,66D,1,1
15270,MV,185,1,1
15271,MV,184,1,1
15272,BNS,303,1,1
15272,BNS,309,1,2
15272,BNS,316,1,3
15273,BNS,316,1,1
15274,IT,66,1,1
15275,MV,184,1,1
15276,BNS,331,1,1
15276,BNS,316,1,2
15277,BNS,109,1,1
15277,BNS,115,1,2
15278,MV,184,1,1
15279,BNS,74,1,1
15279,BNS,80,1,2
15279,BNS,78,1,3
15280,BNS,338,1,1
15280,IT,66D,1,2
15281,BNS,109,1,1
15281,BNS,105,1,2
15282,BNS,74,1,1
15282,BNS,140,1,2
15282,BNS,78,1,3
15283,BNS,115,1,1
15283,BNS,118,1,2
15283,BNS,109,1,3
15284,BNS,191,1,1
15285,BNS,85,1,1
15285,BNS,64,1,2
15286,BNS,310,1,1
15287,IT,66D,1,1
15287,BNS,318,1,2
15287,BNS,338,1,3
15288,BNS,338,1,1
15288,BNS,318,1,2
15289,BNS,331,1,1
15290,MV,185,1,1
15290,MV,184,1,2
15291,BNS,309,1,1
15291,BNS,305,1,2
15291,BNS,318,1,3
15292,BNS,309,1,1
15292,BNS,318,1,2
15292,BNS,305,1,3
15293,BNS,103,1,1
15293,BNS,118,1,2
15293,BNS,109,1,3
15294,MV,185,1,1
15295,NDPS,21,1,1
15295,NDPS,20,1,2
15296,BNS,310,1,1
15296,BNS,318,1,2
15296,BNS,316,1,3
15297,BNS,105,1,1
15298,BNS,85,1,1
15299,BNS,103,1,1
15299,BNS,115,1,2
15299,BNS,109,1,3
15300,BNS,115,1,1
15301,BNS,318,1,1
15301,BNS,303,1,2
15301,BNS,310,1,3
15302,BNS,310,1,1
15303,BNS,316,1,1
15303,BNS,305,1,2
15304,BNS,318,1,1
15304,BNS,305,1,2
15305,BNS,331,1,1
15305,BNS,310,1,2
15305,BNS,316,1,3
15306,BNS,111,1,1
15306,BNS,196,1,2
15306,BNS,191,1,3
15307,BNS,303,1,1
15308,IT,66C,1,1
15309,BNS,310,1,1
15310,BNS,331,1,1
15312,BNS,305,1,1
15312,BNS,316,1,2
15312,BNS,310,1,3
15313,BNS,112,1,1
15314,BNS,305,1,1
15314,BNS,318,1,2
15315,EXCISE,32,1,1
15315,NDPS,20,1,2
15316,BNS,318,1,1
15317,IT,66D,1,1
15317,BNS,318,1,2
15318,BNS,140,1,1
15319,EXCISE,32,1,1
15319,NDPS,21,1,2
15320,BNS,303,1,1
15320,BNS,316,1,2
15320,BNS,331,1,3
15321,MV,184,1,1
15322,BNS,109,1,1
15323,BNS,78,1,1
15323,BNS,74,1,2
15324,BNS,310,1,1
15324,BNS,305,1,2
15325,BNS,85,1,1
15326,MV,185,1,1
15328,BNS,196,1,1
15328,BNS,351,1,2
15328,BNS,189,1,3
15329,BNS,316,1,1
15329,BNS,310,1,2
15330,BNS,74,1,1
15330,BNS,80,1,2
15330,BNS,85,1,3
15331,ARMS,27,1,1
15332,ARMS,25,1,1
15333,BNS,112,1,1
15333,BNS,191,1,2
15333,BNS,351,1,3
15334,BNS,80,1,1
15334,BNS,85,1,2
15335,BNS,331,1,1
15335,BNS,309,1,2
15335,BNS,303,1,3
15336,BNS,310,1,1
15336,BNS,318,1,2
15337,BNS,74,1,1
15337,BNS,78,1,2
15337,BNS,140,1,3
15338,MV,185,1,1
15338,MV,184,1,2
15339,MV,185,1,1
15341,BNS,331,1,1
15342,MV,185,1,1
15343,BNS,309,1,1
15344,IT,66D,1,1
15345,BNS,118,1,1
15345,BNS,115,1,2
15346,BNS,103,1,1
15346,BNS,115,1,2
15347,MV,185,1,1
15348,BNS,309,1,1
15348,BNS,318,1,2
15349,BNS,303,1,1
15350,NDPS,21,1,1
15350,ARMS,27,1,2
15351,BNS,303,1,1
15351,BNS,310,1,2
15352,MV,184,1,1
15353,EXCISE,32,1,1
15353,NDPS,21,1,2
15353,ARMS,25,1,3
15355,BNS,140,1,1
15356,BNS,103,1,1
15356,BNS,109,1,2
15357,BNS,316,1,1
15358,BNS,303,1,1
15359,BNS,303,1,1
15359,BNS,331,1,2
15359,BNS,316,1,3
15360,BNS,78,1,1
15360,BNS,74,1,2
15361,BNS,189,1,1
15362,BNS,196,1,1
15363,MV,185,1,1
15363,MV,184,1,2
15364,IT,66,1,1
15364,IT,66D,1,2
15364,IT,66C,1,3
15365,BNS,118,1,1
15365,BNS,103,1,2
15365,BNS,115,1,3
15366,BNS,310,1,1
15367,BNS,318,1,1
15368,NDPS,20,1,1
15368,NDPS,21,1,2
15368,ARMS,27,1,3
15369,MV,184,1,1
15370,BNS,305,1,1
15370,BNS,310,1,2
15371,BNS,109,1,1
15371,BNS,115,1,2
15372,MV,184,1,1
15372,MV,185,1,2
15373,BNS,80,1,1
15373,BNS,140,1,2
15374,IT,66D,1,1
15374,BNS,318,1,2
15375,IT,66D,1,1
15375,BNS,318,1,2
15376,BNS,331,1,1
15377,BNS,310,1,1
15377,BNS,331,1,2
15378,MV,185,1,1
15379,BNS,316,1,1
15379,BNS,309,1,2
15380,BNS,318,1,1
15381,BNS,103,1,1
15381,BNS,109,1,2
15381,BNS,118,1,3
15382,BNS,351,1,1
15382,BNS,196,1,2
15383,BNS,316,1,1
15383,BNS,318,1,2
15383,BNS,331,1,3
15384,BNS,105,1,1
15384,BNS,118,1,2
15384,BNS,109,1,3
15385,BNS,115,1,1
15386,BNS,64,1,1
15386,BNS,74,1,2
15386,BNS,85,1,3
15387,BNS,338,1,1
15387,IT,66D,1,2
15389,BNS,316,1,1
15389,BNS,305,1,2
15390,BNS,331,1,1
15390,BNS,305,1,2
15390,BNS,309,1,3
15391,MV,184,1,1
15392,IT,66C,1,1
15392,IT,66,1,2
15393,BNS,305,1,1
15394,BNS,338,1,1
15394,IT,66D,1,2
15395,BNS,105,1,1
15395,BNS,115,1,2
15396,BNS,64,1,1
15396,BNS,78,1,2
15397,BNS,316,1,1
15398,BNS,351,1,1
15398,BNS,111,1,2
15398,BNS,196,1,3
15399,BNS,351,1,1
15399,BNS,112,1,2
15400,NDPS,8,1,1
15400,EXCISE,32,1,2
15401,BNS,310,1,1
15401,BNS,331,1,2
15402,BNS,85,1,1
15402,BNS,74,1,2
15403,BNS,105,1,1
15403,BNS,109,1,2
15403,BNS,103,1,3
15404,BNS,338,1,1
15405,BNS,109,1,1
15405,BNS,118,1,2
15406,BNS,140,1,1
15406,BNS,85,1,2
15407,BNS,305,1,1
15407,BNS,310,1,2
15408,BNS,64,1,1
15408,BNS,74,1,2
15409,MV,185,1,1
15410,BNS,189,1,1
15410,BNS,111,1,2
15411,BNS,196,1,1
15412,BNS,331,1,1
15412,BNS,303,1,2
15412,BNS,316,1,3
15413,MV,184,1,1
15414,BNS,112,1,1
15414,BNS,196,1,2
15415,MV,184,1,1
15415,MV,185,1,2
15416,BNS,305,1,1
15417,MV,184,1,1
15418,IT,66D,1,1
15418,BNS,338,1,2
15418,BNS,318,1,3
15419,BNS,303,1,1
15419,BNS,331,1,2
15420,BNS,309,1,1
15421,MV,184,1,1
15422,NDPS,21,1,1
15422,EXCISE,32,1,2
15422,NDPS,20,1,3
15423,MV,184,1,1
15424,BNS,316,1,1
15425,IT,66D,1,1
15425,IT,66,1,2
15426,BNS,303,1,1
15427,BNS,331,1,1
15427,BNS,303,1,2
15427,BNS,309,1,3
15428,BNS,316,1,1
15428,BNS,305,1,2
15428,BNS,303,1,3
15429,BNS,78,1,1
15429,BNS,140,1,2
15429,BNS,64,1,3
15430,BNS,85,1,1
15430,BNS,64,1,2
15430,BNS,140,1,3
15431,BNS,303,1,1
15431,BNS,310,1,2
15432,BNS,105,1,1
15432,BNS,103,1,2
15433,MV,184,1,1
15433,MV,185,1,2
15434,BNS,115,1,1
15434,BNS,109,1,2
15434,BNS,105,1,3
15435,BNS,316,1,1
15435,BNS,318,1,2
15436,BNS,140,1,1
15437,BNS,309,1,1
15437,BNS,316,1,2
15437,BNS,318,1,3
15438,BNS,85,1,1
15439,BNS,331,1,1
15439,BNS,305,1,2
15440,BNS,338,1,1
15440,IT,66D,1,2
15441,BNS,109,1,1
15441,BNS,115,1,2
15441,BNS,103,1,3
15442,IT,66C,1,1
15442,IT,66D,1,2
15443,BNS,310,1,1
15444,BNS,78,1,1
15444,BNS,74,1,2
15445,IT,66C,1,1
15446,BNS,338,1,1
15446,IT,66D,1,2
15446,BNS,318,1,3
15447,MV,184,1,1
15447,MV,185,1,2
15448,BNS,115,1,1
15448,BNS,103,1,2
15448,BNS,105,1,3
15449,BNS,331,1,1
15449,BNS,318,1,2
15449,BNS,310,1,3
15450,BNS,115,1,1
15450,BNS,105,1,2
15450,BNS,109,1,3
15451,BNS,105,1,1
15452,BNS,309,1,1
15453,BNS,310,1,1
15454,BNS,78,1,1
15455,BNS,318,1,1
15455,BNS,338,1,2
15455,IT,66D,1,3
15456,BNS,309,1,1
15456,BNS,305,1,2
15457,BNS,338,1,1
15458,NDPS,21,1,1
15459,BNS,305,1,1
15459,BNS,316,1,2
15460,BNS,115,1,1
15461,IT,66D,1,1
15461,BNS,318,1,2
15462,MV,185,1,1
15462,MV,184,1,2
15463,BNS,105,1,1
15464,BNS,109,1,1
15464,BNS,105,1,2
15464,BNS,103,1,3
15465,BNS,331,1,1
15466,BNS,310,1,1
15468,BNS,310,1,1
15468,BNS,303,1,2
15468,BNS,309,1,3
15469,MV,184,1,1
15470,IT,66C,1,1
15470,IT,66,1,2
15470,IT,66D,1,3
15471,BNS,309,1,1
15472,BNS,338,1,1
15472,BNS,318,1,2
15473,BNS,338,1,1
15474,IT,66C,1,1
15474,IT,66D,1,2
15474,IT,66,1,3
15475,NDPS,21,1,1
15475,ARMS,25,1,2
15476,BNS,316,1,1
15476,BNS,310,1,2
15476,BNS,309,1,3
15477,BNS,318,1,1
15477,BNS,309,1,2
15478,BNS,140,1,1
15478,POCSO,8,1,2
15479,BNS,351,1,1
15479,BNS,191,1,2
15480,NDPS,8,1,1
15480,NDPS,21,1,2
15480,ARMS,27,1,3
15481,BNS,309,1,1
15482,MV,184,1,1
15482,MV,185,1,2
15483,MV,185,1,1
15484,BNS,305,1,1
15484,BNS,316,1,2
15484,BNS,303,1,3
15485,MV,185,1,1
15486,MV,184,1,1
15486,MV,185,1,2
15487,BNS,109,1,1
15487,BNS,105,1,2
15487,BNS,118,1,3
15488,BNS,305,1,1
15488,BNS,309,1,2
15489,ARMS,27,1,1
15490,BNS,303,1,1
15490,BNS,310,1,2
15491,BNS,310,1,1
15492,BNS,303,1,1
15493,BNS,338,1,1
15493,BNS,318,1,2
15493,IT,66D,1,3
15494,BNS,109,1,1
15495,BNS,115,1,1
15495,BNS,118,1,2
15496,BNS,303,1,1
15496,BNS,316,1,2
15497,BNS,338,1,1
15498,BNS,303,1,1
15498,BNS,331,1,2
15498,BNS,305,1,3
15499,MV,185,1,1
15500,MV,184,1,1
15500,MV,185,1,2
15501,MV,185,1,1
15501,MV,184,1,2
15502,IT,66D,1,1
15502,BNS,318,1,2
15502,BNS,338,1,3
15503,BNS,305,1,1
15504,BNS,331,1,1
15504,BNS,316,1,2
15505,BNS,310,1,1
15505,BNS,331,1,2
15505,BNS,303,1,3
15506,BNS,316,1,1
15506,BNS,310,1,2
15508,MV,184,1,1
15509,BNS,74,1,1
15509,BNS,78,1,2
15509,BNS,140,1,3
15510,BNS,74,1,1
15510,BNS,80,1,2
15511,BNS,303,1,1
15511,BNS,310,1,2
15511,BNS,305,1,3
15512,BNS,305,1,1
15512,BNS,316,1,2
15512,BNS,303,1,3
15513,BNS,74,1,1
15513,BNS,64,1,2
15514,MV,184,1,1
15515,BNS,80,1,1
15515,BNS,78,1,2
15515,BNS,74,1,3
15516,BNS,338,1,1
15517,BNS,109,1,1
15517,BNS,105,1,2
15518,BNS,189,1,1
15518,BNS,191,1,2
15519,BNS,309,1,1
15520,BNS,196,1,1
15521,MV,185,1,1
15522,NDPS,20,1,1
15522,ARMS,25,1,2
15523,BNS,310,1,1
15524,BNS,191,1,1
15525,BNS,309,1,1
15525,BNS,310,1,2
15526,IT,66C,1,1
15526,IT,66D,1,2
15527,IT,66,1,1
15527,IT,66D,1,2
15528,BNS,78,1,1
15528,BNS,140,1,2
15530,MV,184,1,1
15530,MV,185,1,2
15531,MV,184,1,1
15532,BNS,305,1,1
15532,BNS,331,1,2
15532,BNS,310,1,3
15533,BNS,310,1,1
15533,BNS,303,1,2
15533,BNS,318,1,3
15535,MV,184,1,1
15535,MV,185,1,2
15536,BNS,140,1,1
15537,BNS,338,1,1
15537,IT,66D,1,2
15539,BNS,305,1,1
15539,BNS,318,1,2
15539,BNS,310,1,3
15540,BNS,318,1,1
15540,BNS,338,1,2
15541,BNS,318,1,1
15541,BNS,303,1,2
15541,BNS,309,1,3
15542,BNS,303,1,1
15542,BNS,309,1,2
15543,BNS,196,1,1
15544,BNS,351,1,1
15545,MV,185,1,1
15546,BNS,309,1,1
15547,BNS,318,1,1
15548,BNS,310,1,1
15549,BNS,318,1,1
15549,BNS,316,1,2
15550,BNS,309,1,1
15550,BNS,305,1,2
15551,MV,185,1,1
15551,MV,184,1,2
15552,BNS,305,1,1
15552,BNS,318,1,2
15553,MV,185,1,1
15554,BNS,140,1,1
15555,BNS,310,1,1
15555,BNS,303,1,2
15556,MV,185,1,1
15557,BNS,331,1,1
15558,BNS,303,1,1
15559,BNS,338,1,1
15559,BNS,318,1,2
15559,IT,66D,1,3
15560,PC,7,1,1
15561,BNS,103,1,1
15561,BNS,105,1,2
15562,BNS,338,1,1
15562,IT,66D,1,2
15563,BNS,305,1,1
15564,BNS,331,1,1
15565,POCSO,4,1,1
15565,BNS,140,1,2
15565,POCSO,8,1,3
15566,BNS,316,1,1
15566,BNS,309,1,2
15567,MV,185,1,1
15567,MV,184,1,2
15568,BNS,64,1,1
15569,BNS,115,1,1
15569,BNS,109,1,2
15569,BNS,118,1,3
15570,MV,184,1,1
15570,MV,185,1,2
15571,BNS,310,1,1
15572,BNS,140,1,1
15572,BNS,80,1,2
15573,BNS,196,1,1
15574,BNS,310,1,1
15574,BNS,303,1,2
15574,BNS,318,1,3
15575,BNS,338,1,1
15576,IT,66D,1,1
15576,BNS,318,1,2
15576,BNS,338,1,3
15577,BNS,191,1,1
15577,BNS,196,1,2
15578,ARMS,27,1,1
15578,NDPS,8,1,2
15579,BNS,305,1,1
15580,BNS,305,1,1
15580,BNS,303,1,2
15580,BNS,318,1,3
15581,BNS,305,1,1
15582,BNS,74,1,1
15582,BNS,140,1,2
15582,BNS,64,1,3
15583,BNS,338,1,1
15583,IT,66D,1,2
15584,NDPS,21,1,1
15584,NDPS,8,1,2
15585,PC,7,1,1
15586,BNS,318,1,1
15587,BNS,318,1,1
15588,MV,185,1,1
15588,MV,184,1,2
15589,BNS,103,1,1
15590,BNS,189,1,1
15590,BNS,196,1,2
15590,BNS,191,1,3
15591,IT,66D,1,1
15591,BNS,318,1,2
15591,BNS,338,1,3
15592,MV,185,1,1
15592,MV,184,1,2
15594,BNS,105,1,1
15594,BNS,109,1,2
15594,BNS,103,1,3
15595,BNS,115,1,1
15595,BNS,105,1,2
15595,BNS,118,1,3
15596,BNS,115,1,1
15597,BNS,338,1,1
15597,BNS,318,1,2
15598,ARMS,25,1,1
15598,NDPS,8,1,2
15598,ARMS,27,1,3
15599,BNS,115,1,1
15599,BNS,105,1,2
15599,BNS,103,1,3
15600,MV,185,1,1
15601,BNS,316,1,1
15602,MV,185,1,1
15603,BNS,303,1,1
15603,BNS,318,1,2
15604,BNS,303,1,1
15604,BNS,305,1,2
15604,BNS,310,1,3
15605,MV,185,1,1
15605,MV,184,1,2
15606,BNS,310,1,1
15606,BNS,309,1,2
15607,BNS,103,1,1
15608,POCSO,8,1,1
15608,BNS,140,1,2
15609,BNS,140,1,1
15610,BNS,338,1,1
15611,BNS,191,1,1
15611,BNS,189,1,2
15611,BNS,111,1,3
15612,BNS,115,1,1
15613,IT,66D,1,1
15614,MV,185,1,1
15614,MV,184,1,2
15615,BNS,74,1,1
15615,BNS,85,1,2
15616,BNS,78,1,1
15616,BNS,85,1,2
15617,BNS,309,1,1
15617,BNS,305,1,2
15617,BNS,303,1,3
15618,BNS,318,1,1
15619,MV,184,1,1
15619,MV,185,1,2
15620,BNS,338,1,1
15621,IT,66D,1,1
15622,BNS,103,1,1
15623,BNS,64,1,1
15625,EXCISE,32,1,1
15625,NDPS,21,1,2
15626,BNS,80,1,1
15626,BNS,64,1,2
15626,BNS,85,1,3
15627,MV,185,1,1
15627,MV,184,1,2
15628,EXCISE,32,1,1
15628,NDPS,8,1,2
15629,BNS,109,1,1
15629,BNS,115,1,2
15630,BNS,310,1,1
15630,BNS,305,1,2
15630,BNS,303,1,3
15631,BNS,305,1,1
15631,BNS,310,1,2
15632,BNS,309,1,1
15632,BNS,316,1,2
15633,BNS,112,1,1
15633,BNS,191,1,2
15633,BNS,111,1,3
15634,BNS,111,1,1
15634,BNS,112,1,2
15635,IT,66,1,1
15635,IT,66D,1,2
15636,MV,184,1,1
15636,MV,185,1,2
15637,BNS,109,1,1
15637,BNS,118,1,2
15638,BNS,303,1,1
15638,BNS,305,1,2
15639,BNS,80,1,1
15639,BNS,74,1,2
15639,BNS,64,1,3
15640,MV,185,1,1
15640,MV,184,1,2
15642,BNS,109,1,1
15642,BNS,118,1,2
15642,BNS,105,1,3
15643,ARMS,25,1,1
15643,ARMS,27,1,2
15643,EXCISE,32,1,3
15644,BNS,318,1,1
15644,BNS,309,1,2
15645,BNS,303,1,1
15645,BNS,316,1,2
15645,BNS,331,1,3
15646,MV,184,1,1
15647,BNS,309,1,1
15647,BNS,318,1,2
15648,BNS,309,1,1
15649,BNS,318,1,1
15649,IT,66D,1,2
15649,BNS,338,1,3
15650,BNS,331,1,1
15652,BNS,338,1,1
15652,IT,66D,1,2
15653,BNS,303,1,1
15654,EXCISE,32,1,1
15657,BNS,318,1,1
15657,BNS,331,1,2
15657,BNS,310,1,3
15658,BNS,309,1,1
15659,BNS,105,1,1
15659,BNS,115,1,2
15660,BNS,140,1,1
15660,BNS,74,1,2
15660,BNS,64,1,3
15661,BNS,305,1,1
15661,BNS,303,1,2
15662,BNS,331,1,1
15662,BNS,305,1,2
15662,BNS,318,1,3
15663,MV,185,1,1
15663,MV,184,1,2
15664,BNS,316,1,1
15665,IT,66D,1,1
15665,IT,66,1,2
15665,IT,66C,1,3
15666,BNS,112,1,1
15667,BNS,303,1,1
15667,BNS,305,1,2
15668,BNS,309,1,1
15668,BNS,303,1,2
15669,BNS,140,1,1
15670,BNS,331,1,1
15670,BNS,310,1,2
15670,BNS,309,1,3
15671,BNS,103,1,1
15671,BNS,118,1,2
15672,BNS,310,1,1
15673,BNS,309,1,1
15673,BNS,303,1,2
15673,BNS,305,1,3
15674,POCSO,8,1,1
15674,BNS,140,1,2
15674,POCSO,4,1,3
15675,BNS,112,1,1
15675,BNS,351,1,2
15676,BNS,316,1,1
15677,BNS,316,1,1
15677,BNS,331,1,2
15677,BNS,309,1,3
15679,BNS,85,1,1
15679,BNS,140,1,2
15680,MV,185,1,1
15681,BNS,309,1,1
15681,BNS,318,1,2
15682,BNS,318,1,1
15682,BNS,303,1,2
15682,BNS,305,1,3
15683,BNS,74,1,1
15683,BNS,140,1,2
15685,BNS,189,1,1
15686,BNS,310,1,1
15686,BNS,309,1,2
15686,BNS,303,1,3
15687,BNS,318,1,1
15687,BNS,338,1,2
15687,IT,66D,1,3
15688,IT,66C,1,1
15688,IT,66,1,2
15688,IT,66D,1,3
15689,MV,184,1,1
15690,BNS,105,1,1
15690,BNS,109,1,2
15690,BNS,103,1,3
15691,EXCISE,32,1,1
15691,NDPS,8,1,2
15692,BNS,303,1,1
15693,BNS,316,1,1
15693,BNS,331,1,2
15693,BNS,318,1,3
15694,BNS,189,1,1
15694,BNS,196,1,2
15694,BNS,191,1,3
15695,MV,184,1,1
15695,MV,185,1,2
15696,MV,185,1,1
15696,MV,184,1,2
15697,BNS,303,1,1
15698,BNS,105,1,1
15699,BNS,303,1,1
15699,BNS,331,1,2
15700,BNS,305,1,1
15700,BNS,318,1,2
15701,BNS,309,1,1
15701,BNS,316,1,2
15701,BNS,331,1,3
15702,BNS,103,1,1
15702,BNS,105,1,2
15702,BNS,109,1,3
15703,BNS,318,1,1
15703,IT,66D,1,2
15703,BNS,338,1,3
15704,ARMS,25,1,1
15704,ARMS,27,1,2
15704,EXCISE,32,1,3
15705,IT,66D,1,1
15705,BNS,338,1,2
15705,BNS,318,1,3
15706,BNS,318,1,1
15706,BNS,338,1,2
15706,IT,66D,1,3
15707,BNS,303,1,1
15708,BNS,85,1,1
15709,BNS,109,1,1
15709,BNS,118,1,2
15709,BNS,115,1,3
15710,BNS,338,1,1
15710,BNS,318,1,2
15710,IT,66D,1,3
15711,BNS,64,1,1
15711,BNS,74,1,2
15711,BNS,140,1,3
15712,BNS,189,1,1
15712,BNS,351,1,2
15712,BNS,191,1,3
15713,BNS,331,1,1
15714,BNS,305,1,1
15714,BNS,316,1,2
15715,BNS,305,1,1
15715,BNS,331,1,2
15715,BNS,316,1,3
15716,BNS,305,1,1
15716,BNS,331,1,2
15716,BNS,310,1,3
15717,BNS,318,1,1
15717,BNS,316,1,2
15718,BNS,331,1,1
15719,BNS,109,1,1
15719,BNS,105,1,2
15719,BNS,103,1,3
15720,BNS,303,1,1
15720,BNS,316,1,2
15720,BNS,310,1,3
15721,BNS,78,1,1
15721,BNS,80,1,2
15722,BNS,316,1,1
15722,BNS,310,1,2
15723,BNS,74,1,1
15724,BNS,316,1,1
15725,BNS,310,1,1
15726,BNS,331,1,1
15726,BNS,310,1,2
15726,BNS,305,1,3
15727,MV,185,1,1
15728,BNS,85,1,1
15728,BNS,78,1,2
15729,BNS,316,1,1
15730,BNS,78,1,1
15730,BNS,64,1,2
15731,BNS,316,1,1
15732,BNS,318,1,1
15732,BNS,338,1,2
15732,IT,66D,1,3
15733,BNS,310,1,1
15733,BNS,309,1,2
15733,BNS,303,1,3
15734,IT,66C,1,1
15734,IT,66D,1,2
15734,IT,66,1,3
15735,BNS,310,1,1
15736,MV,185,1,1
15736,MV,184,1,2
15737,IT,66D,1,1
15737,IT,66C,1,2
15737,IT,66,1,3
15738,BNS,331,1,1
15738,BNS,305,1,2
15738,BNS,310,1,3
15739,IT,66D,1,1
15739,BNS,318,1,2
15739,BNS,338,1,3
15740,BNS,118,1,1
15740,BNS,105,1,2
15741,BNS,140,1,1
15741,BNS,80,1,2
15742,BNS,331,1,1
15743,BNS,303,1,1
15744,BNS,80,1,1
15745,BNS,64,1,1
15746,BNS,189,1,1
15746,BNS,191,1,2
15747,IT,66D,1,1
15747,BNS,318,1,2
15747,BNS,338,1,3
15748,BNS,118,1,1
15749,BNS,111,1,1
15749,BNS,351,1,2
15750,IT,66D,1,1
15751,MV,185,1,1
15751,MV,184,1,2
15752,MV,185,1,1
15753,BNS,316,1,1
15753,BNS,305,1,2
15754,BNS,338,1,1
15754,BNS,318,1,2
15755,BNS,64,1,1
15755,BNS,80,1,2
15756,MV,184,1,1
15756,MV,185,1,2
15757,BNS,316,1,1
15757,BNS,309,1,2
15757,BNS,303,1,3
15758,BNS,318,1,1
15758,BNS,310,1,2
15759,MV,184,1,1
15759,MV,185,1,2
15760,MV,184,1,1
15760,MV,185,1,2
15761,ARMS,25,1,1
15761,EXCISE,32,1,2
15762,MV,185,1,1
15763,MV,184,1,1
15765,BNS,140,1,1
15765,BNS,85,1,2
15766,BNS,318,1,1
15766,IT,66D,1,2
15766,BNS,338,1,3
15767,BNS,303,1,1
15767,BNS,318,1,2
15769,MV,184,1,1
15769,MV,185,1,2
15771,BNS,118,1,1
15772,ARMS,27,1,1
15772,EXCISE,32,1,2
15773,BNS,310,1,1
15774,BNS,305,1,1
15775,BNS,196,1,1
15777,BNS,318,1,1
15777,BNS,338,1,2
15777,IT,66D,1,3
15778,MV,184,1,1
15779,BNS,316,1,1
15780,BNS,140,1,1
15780,POCSO,4,1,2
15781,BNS,318,1,1
15782,BNS,109,1,1
15783,MV,185,1,1
15784,BNS,309,1,1
15785,BNS,338,1,1
15785,BNS,318,1,2
15786,EXCISE,32,1,1
15786,ARMS,25,1,2
15787,BNS,140,1,1
15787,BNS,78,1,2
15788,BNS,331,1,1
15790,BNS,310,1,1
15791,MV,185,1,1
15792,BNS,305,1,1
15794,BNS,318,1,1
15794,IT,66D,1,2
15795,BNS,331,1,1
15795,BNS,305,1,2
15795,BNS,316,1,3
15796,IT,66C,1,1
15796,IT,66,1,2
15796,IT,66D,1,3
15797,BNS,109,1,1
15797,BNS,118,1,2
15797,BNS,103,1,3
15798,BNS,305,1,1
15798,BNS,303,1,2
15798,BNS,316,1,3
15799,BNS,318,1,1
15799,BNS,309,1,2
15799,BNS,316,1,3
15800,NDPS,21,1,1
15800,NDPS,8,1,2
15801,BNS,316,1,1
15802,BNS,316,1,1
15803,BNS,305,1,1
15804,BNS,78,1,1
15804,BNS,80,1,2
15804,BNS,85,1,3
15805,BNS,338,1,1
15805,IT,66D,1,2
15805,BNS,318,1,3
15806,MV,185,1,1
15806,MV,184,1,2
15807,BNS,64,1,1
15807,BNS,140,1,2
15807,BNS,80,1,3
15810,IT,66D,1,1
15811,IT,66D,1,1
15812,BNS,305,1,1
15812,BNS,318,1,2
15813,MV,185,1,1
15813,MV,184,1,2
15814,BNS,316,1,1
15814,BNS,303,1,2
15814,BNS,309,1,3
15815,BNS,118,1,1
15815,BNS,115,1,2
15815,BNS,105,1,3
15816,MV,185,1,1
15816,MV,184,1,2
15817,BNS,115,1,1
15818,BNS,331,1,1
15818,BNS,310,1,2
15819,BNS,80,1,1
15819,BNS,140,1,2
15819,BNS,85,1,3
15820,POCSO,4,1,1
15821,BNS,338,1,1
15822,BNS,85,1,1
15822,BNS,64,1,2
15822,BNS,140,1,3
15823,BNS,331,1,1
15823,BNS,305,1,2
15823,BNS,303,1,3
15824,MV,185,1,1
15824,MV,184,1,2
15825,BNS,109,1,1
15825,BNS,118,1,2
15826,BNS,115,1,1
15827,BNS,189,1,1
15827,BNS,351,1,2
15828,BNS,74,1,1
15828,BNS,64,1,2
15828,BNS,78,1,3
15829,IT,66C,1,1
15830,BNS,196,1,1
15830,BNS,351,1,2
15830,BNS,112,1,3
15831,BNS,316,1,1
15831,BNS,310,1,2
15833,BNS,303,1,1
15833,BNS,309,1,2
15835,BNS,80,1,1
15835,BNS,78,1,2
15836,BNS,338,1,1
15836,BNS,318,1,2
15836,IT,66D,1,3
15837,BNS,309,1,1
15838,BNS,305,1,1
15839,ARMS,27,1,1
15839,EXCISE,32,1,2
15840,BNS,118,1,1
15841,NDPS,20,1,1
15842,IT,66C,1,1
15843,BNS,105,1,1
15843,BNS,109,1,2
15844,BNS,74,1,1
15844,BNS,64,1,2
15844,BNS,140,1,3
15845,BNS,338,1,1
15846,BNS,303,1,1
15847,BNS,109,1,1
15847,BNS,118,1,2
15848,BNS,316,1,1
15848,BNS,318,1,2
15849,BNS,331,1,1
15849,BNS,310,1,2
15850,BNS,103,1,1
15850,BNS,118,1,2
15850,BNS,115,1,3
15851,BNS,80,1,1
15851,BNS,85,1,2
15851,BNS,64,1,3
15852,MV,184,1,1
15853,BNS,318,1,1
15853,BNS,310,1,2
15854,BNS,74,1,1
15854,BNS,140,1,2
15854,BNS,64,1,3
15855,BNS,303,1,1
15855,BNS,316,1,2
15856,BNS,303,1,1
15856,BNS,331,1,2
15857,BNS,338,1,1
15858,BNS,338,1,1
15859,BNS,318,1,1
15859,BNS,303,1,2
15859,BNS,305,1,3
15860,MV,184,1,1
15861,BNS,80,1,1
15861,BNS,85,1,2
15862,BNS,112,1,1
15863,BNS,64,1,1
15863,BNS,78,1,2
15864,BNS,74,1,1
15865,MV,184,1,1
15866,BNS,310,1,1
15866,BNS,309,1,2
15866,BNS,316,1,3
15867,BNS,318,1,1
15868,BNS,303,1,1
15868,BNS,305,1,2
15868,BNS,331,1,3
15869,BNS,338,1,1
15870,BNS,310,1,1
15871,BNS,309,1,1
15871,BNS,303,1,2
15872,BNS,316,1,1
15872,BNS,309,1,2
15873,IT,66D,1,1
15873,IT,66C,1,2
15873,IT,66,1,3
15874,BNS,310,1,1
15875,BNS,303,1,1
15875,BNS,309,1,2
15875,BNS,331,1,3
15876,BNS,316,1,1
15877,MV,185,1,1
15877,MV,184,1,2
15878,BNS,105,1,1
15878,BNS,109,1,2
15879,EXCISE,32,1,1
15879,ARMS,27,1,2
15879,NDPS,21,1,3
15880,BNS,303,1,1
15880,BNS,310,1,2
15881,BNS,303,1,1
15881,BNS,310,1,2
15882,BNS,74,1,1
15882,BNS,64,1,2
15882,BNS,85,1,3
15883,BNS,303,1,1
15884,MV,184,1,1
15885,BNS,105,1,1
15887,BNS,309,1,1
15888,BNS,105,1,1
15888,BNS,118,1,2
15888,BNS,109,1,3
15889,BNS,310,1,1
15890,BNS,338,1,1
15890,BNS,318,1,2
15890,IT,66D,1,3
15892,BNS,74,1,1
15892,BNS,85,1,2
15893,NDPS,8,1,1
15894,MV,185,1,1
15894,MV,184,1,2
15895,BNS,112,1,1
15896,MV,184,1,1
15896,MV,185,1,2
15897,BNS,331,1,1
15897,BNS,305,1,2
15898,MV,184,1,1
15899,BNS,103,1,1
15900,BNS,140,1,1
15901,BNS,118,1,1
15902,BNS,115,1,1
15902,BNS,109,1,2
15903,BNS,64,1,1
15903,BNS,80,1,2
15904,MV,184,1,1
15904,MV,185,1,2
15905,BNS,318,1,1
15905,BNS,338,1,2
15906,BNS,331,1,1
15906,BNS,318,1,2
15907,BNS,338,1,1
15907,BNS,318,1,2
15908,MV,184,1,1
15908,MV,185,1,2
15909,NDPS,20,1,1
15909,EXCISE,32,1,2
15910,BNS,310,1,1
15910,BNS,303,1,2
15910,BNS,331,1,3
15911,BNS,105,1,1
15912,BNS,318,1,1
15912,IT,66D,1,2
15913,BNS,310,1,1
15913,BNS,331,1,2
15914,BNS,309,1,1
15915,POCSO,8,1,1
15915,POCSO,4,1,2
15915,BNS,140,1,3
15916,BNS,316,1,1
15916,BNS,305,1,2
15916,BNS,310,1,3
15917,BNS,318,1,1
15917,BNS,310,1,2
15917,BNS,331,1,3
15918,BNS,103,1,1
15918,BNS,118,1,2
15919,BNS,196,1,1
15920,BNS,112,1,1
15920,BNS,189,1,2
15921,BNS,305,1,1
15921,BNS,310,1,2
15922,MV,185,1,1
15922,MV,184,1,2
15923,BNS,78,1,1
15924,MV,185,1,1
15925,MV,184,1,1
15926,BNS,338,1,1
15927,BNS,318,1,1
15928,BNS,74,1,1
15929,BNS,338,1,1
15930,MV,185,1,1
15931,BNS,115,1,1
15931,BNS,118,1,2
15931,BNS,105,1,3
15932,BNS,109,1,1
15932,BNS,103,1,2
15933,BNS,331,1,1
15934,BNS,303,1,1
15934,BNS,309,1,2
15935,PC,7,1,1
15937,BNS,338,1,1
15937,IT,66D,1,2
15937,BNS,318,1,3
15938,BNS,309,1,1
15938,BNS,305,1,2
15939,BNS,338,1,1
15939,BNS,318,1,2
15940,BNS,331,1,1
15940,BNS,318,1,2
15940,BNS,310,1,3
15941,BNS,80,1,1
15941,BNS,64,1,2
15941,BNS,85,1,3
15942,BNS,105,1,1
15943,BNS,310,1,1
15943,BNS,318,1,2
15944,BNS,338,1,1
15945,EXCISE,32,1,1
15946,BNS,109,1,1
15946,BNS,115,1,2
15947,BNS,118,1,1
15947,BNS,105,1,2
15948,EXCISE,32,1,1
15948,NDPS,21,1,2
15949,EXCISE,32,1,1
15950,BNS,115,1,1
15950,BNS,109,1,2
15951,BNS,316,1,1
15952,BNS,331,1,1
15952,BNS,303,1,2
15953,BNS,80,1,1
15953,BNS,64,1,2
15953,BNS,85,1,3
15954,BNS,80,1,1
15957,NDPS,20,1,1
15957,EXCISE,32,1,2
15957,NDPS,21,1,3
15958,BNS,303,1,1
15959,BNS,309,1,1
15959,BNS,305,1,2
15960,BNS,310,1,1
15960,BNS,331,1,2
15961,BNS,191,1,1
15961,BNS,112,1,2
15962,IT,66D,1,1
15962,BNS,338,1,2
15962,BNS,318,1,3
15963,MV,185,1,1
15964,IT,66C,1,1
15964,IT,66D,1,2
15965,BNS,78,1,1
15966,BNS,85,1,1
15966,BNS,78,1,2
15967,BNS,338,1,1
15968,BNS,109,1,1
15968,BNS,105,1,2
15969,MV,184,1,1
15970,BNS,318,1,1
15971,BNS,310,1,1
15971,BNS,318,1,2
15971,BNS,316,1,3
15972,BNS,115,1,1
15972,BNS,109,1,2
15972,BNS,105,1,3
15973,IT,66,1,1
15975,BNS,74,1,1
15975,BNS,80,1,2
15975,BNS,78,1,3
15976,BNS,310,1,1
15976,BNS,331,1,2
15976,BNS,309,1,3
15977,BNS,74,1,1
15977,BNS,140,1,2
15977,BNS,80,1,3
15978,BNS,331,1,1
15978,BNS,305,1,2
15978,BNS,309,1,3
15979,BNS,318,1,1
15979,BNS,303,1,2
15980,BNS,331,1,1
15980,BNS,316,1,2
15981,BNS,310,1,1
15981,BNS,303,1,2
15981,BNS,331,1,3
15982,MV,184,1,1
15982,MV,185,1,2
15983,IT,66D,1,1
15983,BNS,338,1,2
15983,BNS,318,1,3
15984,PC,7,1,1
15985,BNS,316,1,1
15986,BNS,112,1,1
15987,BNS,331,1,1
15987,BNS,318,1,2
15988,BNS,196,1,1
15988,BNS,189,1,2
15988,BNS,111,1,3
15989,BNS,305,1,1
15990,MV,184,1,1
15990,MV,185,1,2
15991,BNS,109,1,1
15991,BNS,118,1,2
15991,BNS,105,1,3
15992,BNS,118,1,1
15992,BNS,103,1,2
15993,ARMS,27,1,1
15995,BNS,112,1,1
15996,BNS,316,1,1
15997,MV,185,1,1
15998,BNS,140,1,1
15998,POCSO,4,1,2
15999,BNS,338,1,1
15999,IT,66D,1,2
15999,BNS,318,1,3
16000,BNS,318,1,1
16000,BNS,303,1,2
16000,BNS,309,1,3
16002,BNS,318,1,1
16002,BNS,303,1,2
16002,BNS,316,1,3
16003,BNS,310,1,1
16004,BNS,316,1,1
16004,BNS,331,1,2
16004,BNS,303,1,3
16005,BNS,351,1,1
16005,BNS,111,1,2
16005,BNS,191,1,3
16006,BNS,115,1,1
16006,BNS,109,1,2
16007,BNS,318,1,1
16007,BNS,309,1,2
16008,MV,185,1,1
16008,MV,184,1,2
16009,BNS,105,1,1
16009,BNS,115,1,2
16009,BNS,118,1,3
16010,BNS,303,1,1
16011,BNS,85,1,1
16011,BNS,64,1,2
16012,BNS,318,1,1
16012,BNS,303,1,2
16013,MV,184,1,1
16013,MV,185,1,2
16014,BNS,351,1,1
16014,BNS,196,1,2
16015,IT,66D,1,1
16015,BNS,338,1,2
16015,BNS,318,1,3
16016,NDPS,21,1,1
16017,BNS,310,1,1
16017,BNS,303,1,2
16018,BNS,318,1,1
16018,BNS,310,1,2
16019,BNS,338,1,1
16020,BNS,316,1,1
16020,BNS,305,1,2
16020,BNS,331,1,3
16022,BNS,316,1,1
16022,BNS,318,1,2
16022,BNS,331,1,3
16023,MV,184,1,1
16023,MV,185,1,2
16024,IT,66D,1,1
16025,BNS,338,1,1
16025,IT,66D,1,2
16025,BNS,318,1,3
16027,BNS,140,1,1
16027,BNS,85,1,2
16027,BNS,64,1,3
16028,BNS,310,1,1
16028,BNS,331,1,2
16029,BNS,303,1,1
16029,BNS,309,1,2
16030,BNS,338,1,1
16030,IT,66D,1,2
16030,BNS,318,1,3
16031,BNS,318,1,1
16032,BNS,303,1,1
16032,BNS,310,1,2
16032,BNS,318,1,3
16033,BNS,140,1,1
16033,BNS,78,1,2
16034,MV,185,1,1
16035,BNS,309,1,1
16036,BNS,303,1,1
16036,BNS,309,1,2
16037,BNS,140,1,1
16037,BNS,64,1,2
16037,BNS,74,1,3
16038,ARMS,27,1,1
16038,ARMS,25,1,2
16038,NDPS,21,1,3
16039,MV,185,1,1
16040,BNS,111,1,1
16040,BNS,191,1,2
16040,BNS,351,1,3
16041,BNS,105,1,1
16041,BNS,115,1,2
16041,BNS,118,1,3
16042,MV,185,1,1
16043,MV,184,1,1
16043,MV,185,1,2
16044,BNS,318,1,1
16045,IT,66D,1,1
16045,BNS,318,1,2
16046,IT,66C,1,1
16048,BNS,316,1,1
16048,BNS,318,1,2
16050,BNS,305,1,1
16051,BNS,303,1,1
16051,BNS,310,1,2
16052,BNS,309,1,1
16052,BNS,316,1,2
16053,MV,185,1,1
16053,MV,184,1,2
16054,BNS,105,1,1
16054,BNS,115,1,2
16054,BNS,118,1,3
16055,BNS,303,1,1
16055,BNS,318,1,2
16056,BNS,80,1,1
16056,BNS,78,1,2
16057,BNS,316,1,1
16057,BNS,318,1,2
16057,BNS,309,1,3
16058,BNS,316,1,1
16058,BNS,318,1,2
16058,BNS,331,1,3
16059,BNS,111,1,1
16059,BNS,196,1,2
16059,BNS,189,1,3
16060,MV,185,1,1
16061,BNS,111,1,1
16061,BNS,189,1,2
16062,EXCISE,32,1,1
16063,MV,185,1,1
16064,BNS,196,1,1
16064,BNS,111,1,2
16065,BNS,109,1,1
16065,BNS,105,1,2
16065,BNS,103,1,3
16066,BNS,140,1,1
16066,POCSO,4,1,2
16067,BNS,103,1,1
16067,BNS,115,1,2
16067,BNS,118,1,3
16068,BNS,305,1,1
16068,BNS,316,1,2
16069,BNS,118,1,1
16069,BNS,115,1,2
16070,BNS,316,1,1
16070,BNS,303,1,2
16071,BNS,318,1,1
16071,BNS,310,1,2
16072,BNS,118,1,1
16073,MV,184,1,1
16074,MV,184,1,1
16075,MV,184,1,1
16076,BNS,115,1,1
16077,BNS,316,1,1
16077,BNS,310,1,2
16078,MV,184,1,1
16079,IT,66D,1,1
16080,BNS,338,1,1
16080,BNS,318,1,2
16080,IT,66D,1,3
16081,BNS,115,1,1
16081,BNS,105,1,2
16082,BNS,105,1,1
16083,NDPS,21,1,1
16084,MV,184,1,1
16085,BNS,351,1,1
16085,BNS,112,1,2
16086,BNS,310,1,1
16086,BNS,318,1,2
16086,BNS,309,1,3
16087,MV,185,1,1
16088,MV,185,1,1
16089,BNS,318,1,1
16091,BNS,115,1,1
16092,BNS,140,1,1
16092,BNS,80,1,2
16092,BNS,78,1,3
16093,BNS,64,1,1
16093,BNS,140,1,2
16093,BNS,85,1,3
16094,BNS,118,1,1
16094,BNS,109,1,2
16094,BNS,115,1,3
16095,BNS,331,1,1
16095,BNS,303,1,2
16095,BNS,305,1,3
16096,BNS,80,1,1
16097,BNS,310,1,1
16097,BNS,331,1,2
16098,MV,185,1,1
16098,MV,184,1,2
16099,NDPS,8,1,1
16099,ARMS,25,1,2
16099,NDPS,21,1,3
16100,POCSO,8,1,1
16101,BNS,111,1,1
16101,BNS,112,1,2
16102,BNS,118,1,1
16102,BNS,103,1,2
16102,BNS,109,1,3
16103,BNS,331,1,1
16104,BNS,80,1,1
16104,BNS,64,1,2
16105,BNS,318,1,1
16105,IT,66D,1,2
16105,BNS,338,1,3
16106,BNS,331,1,1
16106,BNS,309,1,2
16106,BNS,316,1,3
16107,NDPS,8,1,1
16107,ARMS,25,1,2
16108,BNS,303,1,1
16108,BNS,331,1,2
16108,BNS,318,1,3
16109,BNS,316,1,1
16109,BNS,305,1,2
16110,MV,184,1,1
16111,BNS,305,1,1
16111,BNS,303,1,2
16112,BNS,140,1,1
16112,BNS,85,1,2
16113,BNS,303,1,1
16114,IT,66,1,1
16114,IT,66C,1,2
16115,NDPS,8,1,1
16116,MV,184,1,1
16116,MV,185,1,2
16118,BNS,305,1,1
16119,BNS,318,1,1
16120,MV,185,1,1
16120,MV,184,1,2
16121,BNS,305,1,1
16121,BNS,310,1,2
16123,IT,66D,1,1
16124,BNS,115,1,1
16124,BNS,109,1,2
16125,BNS,305,1,1
16126,BNS,80,1,1
16127,IT,66,1,1
16127,IT,66D,1,2
16127,IT,66C,1,3
16128,BNS,318,1,1
16129,ARMS,25,1,1
16129,NDPS,8,1,2
16129,NDPS,21,1,3
16130,BNS,189,1,1
16130,BNS,351,1,2
16130,BNS,111,1,3
16131,BNS,118,1,1
16132,BNS,78,1,1
16132,BNS,64,1,2
16132,BNS,80,1,3
16133,IT,66,1,1
16133,IT,66D,1,2
16133,IT,66C,1,3
16134,BNS,331,1,1
16134,BNS,303,1,2
16135,POCSO,4,1,1
16136,BNS,118,1,1
16136,BNS,115,1,2
16137,BNS,331,1,1
16137,BNS,310,1,2
16138,BNS,303,1,1
16138,BNS,309,1,2
16138,BNS,331,1,3
16139,IT,66C,1,1
16140,BNS,310,1,1
16140,BNS,316,1,2
16141,BNS,316,1,1
16141,BNS,331,1,2
16142,PC,7,1,1
16143,BNS,310,1,1
16144,BNS,309,1,1
16144,BNS,331,1,2
16145,MV,185,1,1
16145,MV,184,1,2
16146,BNS,305,1,1
16147,BNS,318,1,1
16147,BNS,310,1,2
16147,BNS,303,1,3
16148,BNS,303,1,1
16148,BNS,310,1,2
16149,BNS,303,1,1
16149,BNS,305,1,2
16150,BNS,115,1,1
16150,BNS,118,1,2
16151,BNS,318,1,1
16151,BNS,338,1,2
16152,MV,184,1,1
16153,EXCISE,32,1,1
16153,ARMS,25,1,2
16154,BNS,303,1,1
16154,BNS,316,1,2
16155,BNS,115,1,1
16155,BNS,103,1,2
16155,BNS,118,1,3
16156,BNS,338,1,1
16157,BNS,78,1,1
16157,BNS,64,1,2
16158,BNS,318,1,1
16159,BNS,309,1,1
16160,MV,185,1,1
16160,MV,184,1,2
16161,BNS,310,1,1
16162,BNS,140,1,1
16164,BNS,303,1,1
16164,BNS,310,1,2
16164,BNS,316,1,3
16165,BNS,305,1,1
16165,BNS,310,1,2
16165,BNS,316,1,3
16166,BNS,103,1,1
16167,BNS,64,1,1
16168,BNS,74,1,1
16168,BNS,85,1,2
16169,BNS,78,1,1
16170,MV,184,1,1
16170,MV,185,1,2
16171,BNS,331,1,1
16171,BNS,310,1,2
16172,IT,66D,1,1
16173,BNS,318,1,1
16174,BNS,338,1,1
16174,IT,66D,1,2
16174,BNS,318,1,3
16175,BNS,115,1,1
16176,BNS,85,1,1
16176,BNS,140,1,2
16177,BNS,331,1,1
16177,BNS,316,1,2
16177,BNS,310,1,3
16179,MV,184,1,1
16181,BNS,309,1,1
16182,BNS,189,1,1
16182,BNS,196,1,2
16183,MV,184,1,1
16183,MV,185,1,2
16184,BNS,80,1,1
16184,BNS,74,1,2
16184,BNS,140,1,3
16185,MV,184,1,1
16185,MV,185,1,2
16186,BNS,338,1,1
16186,IT,66D,1,2
16187,MV,184,1,1
16187,MV,185,1,2
16188,BNS,103,1,1
16188,BNS,115,1,2
16188,BNS,105,1,3
16189,BNS,112,1,1
16189,BNS,191,1,2
16190,PC,7,1,1
16191,BNS,303,1,1
16191,BNS,309,1,2
16192,BNS,310,1,1
16192,BNS,303,1,2
16193,ARMS,27,1,1
16193,NDPS,21,1,2
16193,NDPS,20,1,3
16194,BNS,64,1,1
16194,BNS,80,1,2
16194,BNS,74,1,3
16195,IT,66D,1,1
16195,BNS,338,1,2
16196,BNS,318,1,1
16196,BNS,310,1,2
16196,BNS,305,1,3
16197,MV,185,1,1
16198,BNS,103,1,1
16199,ARMS,27,1,1
16199,NDPS,8,1,2
16200,BNS,196,1,1
16200,BNS,351,1,2
16201,POCSO,4,1,1
16202,MV,184,1,1
16202,MV,185,1,2
16203,BNS,318,1,1
16203,BNS,338,1,2
16204,ARMS,27,1,1
16204,NDPS,8,1,2
16205,BNS,338,1,1
16205,BNS,318,1,2
16205,IT,66D,1,3
16206,BNS,103,1,1
16207,BNS,80,1,1
16207,BNS,85,1,2
16207,BNS,78,1,3
16208,BNS,196,1,1
16208,BNS,189,1,2
16209,BNS,305,1,1
16209,BNS,331,1,2
16210,BNS,111,1,1
16210,BNS,189,1,2
16211,BNS,316,1,1
16212,MV,185,1,1
16212,MV,184,1,2
16213,MV,185,1,1
16214,BNS,351,1,1
16214,BNS,191,1,2
16214,BNS,189,1,3
16215,BNS,118,1,1
16215,BNS,115,1,2
16215,BNS,109,1,3
16216,BNS,103,1,1
16216,BNS,105,1,2
16216,BNS,109,1,3
16217,MV,185,1,1
16218,BNS,112,1,1
16219,BNS,303,1,1
16219,BNS,331,1,2
16219,BNS,316,1,3
16220,BNS,118,1,1
16220,BNS,105,1,2
16221,BNS,189,1,1
16222,BNS,105,1,1
16222,BNS,109,1,2
16222,BNS,115,1,3
16223,MV,185,1,1
16223,MV,184,1,2
16224,MV,184,1,1
16224,MV,185,1,2
16225,BNS,309,1,1
16225,BNS,303,1,2
16226,ARMS,25,1,1
16226,NDPS,21,1,2
16226,ARMS,27,1,3
16227,BNS,118,1,1
16227,BNS,109,1,2
16228,BNS,64,1,1
16228,BNS,85,1,2
16228,BNS,74,1,3
16229,BNS,118,1,1
16229,BNS,103,1,2
16230,MV,184,1,1
16230,MV,185,1,2
16231,BNS,105,1,1
16232,BNS,118,1,1
16233,BNS,111,1,1
16233,BNS,196,1,2
16233,BNS,112,1,3
16234,NDPS,8,1,1
16236,IT,66C,1,1
16236,IT,66,1,2
16237,BNS,318,1,1
16237,BNS,305,1,2
16237,BNS,316,1,3
16238,BNS,303,1,1
16238,BNS,310,1,2
16238,BNS,318,1,3
16239,ARMS,25,1,1
16239,ARMS,27,1,2
16240,IT,66D,1,1
16240,IT,66C,1,2
16240,IT,66,1,3
16241,BNS,305,1,1
16242,BNS,305,1,1
16242,BNS,309,1,2
16242,BNS,331,1,3
16244,BNS,309,1,1
16245,BNS,309,1,1
16245,BNS,331,1,2
16246,BNS,103,1,1
16247,BNS,140,1,1
16247,BNS,74,1,2
16247,BNS,80,1,3
16248,ARMS,27,1,1
16249,MV,184,1,1
16249,MV,185,1,2
16250,BNS,78,1,1
16250,BNS,85,1,2
16250,BNS,80,1,3
16251,IT,66D,1,1
16253,IT,66C,1,1
16253,IT,66D,1,2
16254,BNS,303,1,1
16254,BNS,305,1,2
16255,BNS,140,1,1
16255,BNS,78,1,2
16255,BNS,74,1,3
16257,BNS,85,1,1
16258,BNS,140,1,1
16259,BNS,115,1,1
16259,BNS,109,1,2
16259,BNS,105,1,3
16260,BNS,109,1,1
16260,BNS,103,1,2
16261,BNS,196,1,1
16262,BNS,309,1,1
16262,BNS,305,1,2
16263,BNS,105,1,1
16263,BNS,103,1,2
16264,BNS,303,1,1
16264,BNS,309,1,2
16264,BNS,305,1,3
16265,MV,184,1,1
16266,BNS,318,1,1
16267,MV,184,1,1
16268,BNS,338,1,1
16268,IT,66D,1,2
16269,BNS,303,1,1
16270,MV,184,1,1
16271,BNS,78,1,1
16271,BNS,80,1,2
16271,BNS,85,1,3
16272,BNS,191,1,1
16273,NDPS,20,1,1
16274,BNS,303,1,1
16275,PC,7,1,1
16276,IT,66C,1,1
16277,BNS,309,1,1
16277,BNS,303,1,2
16278,BNS,118,1,1
16278,BNS,109,1,2
16280,IT,66D,1,1
16281,MV,184,1,1
16281,MV,185,1,2
16282,BNS,103,1,1
16282,BNS,109,1,2
16282,BNS,115,1,3
16283,BNS,115,1,1
16284,BNS,118,1,1
16285,BNS,338,1,1
16285,IT,66D,1,2
16286,BNS,85,1,1
16286,BNS,64,1,2
16286,BNS,78,1,3
16287,BNS,310,1,1
16287,BNS,309,1,2
16287,BNS,316,1,3
16289,MV,184,1,1
16290,BNS,140,1,1
16292,BNS,316,1,1
16292,BNS,305,1,2
16292,BNS,331,1,3
16293,BNS,303,1,1
16294,BNS,189,1,1
16295,BNS,316,1,1
16295,BNS,331,1,2
16295,BNS,309,1,3
16296,IT,66C,1,1
16297,BNS,318,1,1
16298,BNS,103,1,1
16299,BNS,189,1,1
16299,BNS,111,1,2
16300,BNS,74,1,1
16300,BNS,64,1,2
16300,BNS,140,1,3
16302,BNS,303,1,1
16303,IT,66D,1,1
16303,BNS,338,1,2
16303,BNS,318,1,3
16304,BNS,331,1,1
16304,BNS,305,1,2
16305,BNS,64,1,1
16306,BNS,310,1,1
16306,BNS,305,1,2
16306,BNS,331,1,3
16307,EXCISE,32,1,1
16307,NDPS,8,1,2
16308,BNS,115,1,1
16309,BNS,118,1,1
16310,BNS,351,1,1
16311,BNS,105,1,1
16311,BNS,109,1,2
16311,BNS,115,1,3
16312,BNS,303,1,1
16312,BNS,318,1,2
16313,MV,185,1,1
16314,BNS,303,1,1
16315,BNS,303,1,1
16316,IT,66D,1,1
16317,BNS,318,1,1
16317,BNS,338,1,2
16319,BNS,338,1,1
16320,BNS,318,1,1
16320,BNS,338,1,2
16321,MV,185,1,1
16322,BNS,191,1,1
16322,BNS,189,1,2
16322,BNS,196,1,3
16323,BNS,115,1,1
16324,BNS,80,1,1
16324,BNS,74,1,2
16325,BNS,115,1,1
16325,BNS,118,1,2
16325,BNS,109,1,3
16326,BNS,331,1,1
16326,BNS,309,1,2
16326,BNS,318,1,3
16327,POCSO,4,1,1
16328,BNS,318,1,1
16329,BNS,115,1,1
16329,BNS,109,1,2
16329,BNS,118,1,3
16330,BNS,111,1,1
16330,BNS,189,1,2
16332,BNS,140,1,1
16332,BNS,74,1,2
16332,BNS,85,1,3
16333,IT,66,1,1
16333,IT,66C,1,2
16334,BNS,305,1,1
16334,BNS,310,1,2
16335,BNS,316,1,1
16336,BNS,316,1,1
16337,BNS,316,1,1
16338,BNS,331,1,1
16338,BNS,305,1,2
16339,POCSO,8,1,1
16339,POCSO,4,1,2
16339,BNS,140,1,3
16340,BNS,338,1,1
16340,BNS,318,1,2
16340,IT,66D,1,3
16341,BNS,303,1,1
16342,BNS,309,1,1
16342,BNS,303,1,2
16342,BNS,305,1,3
16343,NDPS,21,1,1
16343,ARMS,27,1,2
16343,NDPS,20,1,3
16344,BNS,78,1,1
16345,PC,7,1,1
16346,MV,184,1,1
16346,MV,185,1,2
16347,NDPS,21,1,1
16347,ARMS,27,1,2
16348,POCSO,8,1,1
16349,NDPS,20,1,1
16349,NDPS,21,1,2
16350,BNS,318,1,1
16350,BNS,303,1,2
16351,MV,185,1,1
16351,MV,184,1,2
16352,BNS,318,1,1
16352,IT,66D,1,2
16353,BNS,103,1,1
16353,BNS,109,1,2
16354,MV,185,1,1
16355,BNS,303,1,1
16356,IT,66D,1,1
16357,BNS,331,1,1
16357,BNS,303,1,2
16357,BNS,316,1,3
16358,BNS,118,1,1
16359,BNS,303,1,1
16359,BNS,305,1,2
16359,BNS,316,1,3
16360,MV,184,1,1
16361,BNS,310,1,1
16362,BNS,80,1,1
16362,BNS,64,1,2
16363,BNS,196,1,1
16364,BNS,64,1,1
16365,IT,66D,1,1
16366,BNS,103,1,1
16366,BNS,115,1,2
16367,MV,184,1,1
16369,EXCISE,32,1,1
16369,ARMS,27,1,2
16369,NDPS,21,1,3
16371,BNS,331,1,1
16371,BNS,305,1,2
16372,BNS,303,1,1
16373,BNS,85,1,1
16373,BNS,78,1,2
16373,BNS,80,1,3
16374,BNS,115,1,1
16374,BNS,118,1,2
16374,BNS,109,1,3
16375,BNS,80,1,1
16375,BNS,64,1,2
16375,BNS,85,1,3
16376,BNS,140,1,1
16376,BNS,74,1,2
16376,BNS,78,1,3
16377,BNS,318,1,1
16378,BNS,105,1,1
16379,BNS,196,1,1
16379,BNS,191,1,2
16379,BNS,189,1,3
16380,IT,66D,1,1
16380,BNS,338,1,2
16380,BNS,318,1,3
16381,BNS,109,1,1
16381,BNS,115,1,2
16381,BNS,103,1,3
16382,BNS,316,1,1
16382,BNS,318,1,2
16382,BNS,331,1,3
16383,BNS,109,1,1
16383,BNS,105,1,2
16384,ARMS,27,1,1
16384,NDPS,20,1,2
16384,EXCISE,32,1,3
16385,BNS,316,1,1
16386,BNS,105,1,1
16386,BNS,115,1,2
16387,BNS,305,1,1
16387,BNS,318,1,2
16388,BNS,64,1,1
16390,BNS,109,1,1
16390,BNS,115,1,2
16391,BNS,316,1,1
16391,BNS,310,1,2
16391,BNS,318,1,3
16392,BNS,318,1,1
16392,IT,66D,1,2
16393,NDPS,8,1,1
16394,BNS,309,1,1
16394,BNS,318,1,2
16394,BNS,310,1,3
16395,BNS,331,1,1
16395,BNS,310,1,2
16396,BNS,303,1,1
16397,BNS,189,1,1
16397,BNS,111,1,2
16397,BNS,191,1,3
16398,BNS,309,1,1
16398,BNS,316,1,2
16399,BNS,78,1,1
16399,BNS,85,1,2
16400,BNS,316,1,1
16401,BNS,305,1,1
16402,BNS,331,1,1
16403,BNS,316,1,1
16403,BNS,310,1,2
16403,BNS,331,1,3
16404,BNS,80,1,1
16404,BNS,74,1,2
16404,BNS,85,1,3
16405,BNS,331,1,1
16406,BNS,80,1,1
16406,BNS,74,1,2
16406,BNS,78,1,3
16407,IT,66D,1,1
16407,BNS,338,1,2
16407,BNS,318,1,3
16410,BNS,318,1,1
16411,BNS,310,1,1
16411,BNS,331,1,2
16412,BNS,305,1,1
16412,BNS,331,1,2
16413,BNS,115,1,1
16414,BNS,305,1,1
16415,BNS,111,1,1
16416,BNS,318,1,1
16416,BNS,316,1,2
16416,BNS,309,1,3
16417,BNS,305,1,1
16417,BNS,309,1,2
16418,MV,184,1,1
16418,MV,185,1,2
16419,MV,184,1,1
16419,MV,185,1,2
16420,MV,185,1,1
16421,BNS,310,1,1
16421,BNS,309,1,2
16421,BNS,316,1,3
16422,BNS,109,1,1
16423,BNS,105,1,1
16423,BNS,115,1,2
16423,BNS,109,1,3
16424,BNS,140,1,1
16425,BNS,316,1,1
16425,BNS,318,1,2
16426,MV,185,1,1
16426,MV,184,1,2
16427,BNS,316,1,1
16428,BNS,74,1,1
16428,BNS,80,1,2
16429,ARMS,25,1,1
16430,BNS,140,1,1
16430,POCSO,8,1,2
16430,POCSO,4,1,3
16431,BNS,305,1,1
16431,BNS,318,1,2
16432,BNS,309,1,1
16432,BNS,310,1,2
16433,IT,66C,1,1
16434,MV,185,1,1
16434,MV,184,1,2
16435,BNS,109,1,1
16436,BNS,331,1,1
16437,BNS,303,1,1
16437,BNS,305,1,2
16437,BNS,310,1,3
16438,BNS,310,1,1
16438,BNS,303,1,2
16439,BNS,310,1,1
16439,BNS,309,1,2
16439,BNS,303,1,3
16440,BNS,109,1,1
16441,IT,66,1,1
16442,BNS,318,1,1
16442,BNS,316,1,2
16442,BNS,305,1,3
16443,NDPS,20,1,1
16444,BNS,331,1,1
16444,BNS,318,1,2
16444,BNS,303,1,3
16445,MV,184,1,1
16445,MV,185,1,2
16446,IT,66D,1,1
16446,BNS,318,1,2
16447,BNS,318,1,1
16448,BNS,305,1,1
16448,BNS,309,1,2
16448,BNS,303,1,3
16449,IT,66D,1,1
16449,IT,66,1,2
16450,MV,185,1,1
16451,BNS,318,1,1
16452,IT,66D,1,1
16452,BNS,338,1,2
16452,BNS,318,1,3
16453,BNS,109,1,1
16453,BNS,103,1,2
16453,BNS,105,1,3
16454,BNS,196,1,1
16454,BNS,112,1,2
16455,BNS,318,1,1
16456,BNS,303,1,1
16456,BNS,318,1,2
16456,BNS,310,1,3
16457,MV,184,1,1
16457,MV,185,1,2
16458,MV,185,1,1
16460,BNS,109,1,1
16460,BNS,105,1,2
16460,BNS,115,1,3
16461,IT,66C,1,1
16462,BNS,118,1,1
16462,BNS,103,1,2
16462,BNS,115,1,3
16463,BNS,189,1,1
16463,BNS,191,1,2
16463,BNS,111,1,3
16464,NDPS,21,1,1
16466,BNS,331,1,1
16466,BNS,305,1,2
16467,BNS,305,1,1
16467,BNS,318,1,2
16467,BNS,331,1,3
16468,BNS,309,1,1
16468,BNS,331,1,2
16469,BNS,140,1,1
16469,POCSO,4,1,2
16470,MV,184,1,1
16471,BNS,318,1,1
16471,IT,66D,1,2
16471,BNS,338,1,3
16472,BNS,310,1,1
16472,BNS,331,1,2
16472,BNS,309,1,3
16474,EXCISE,32,1,1
16474,NDPS,21,1,2
16474,NDPS,20,1,3
16475,BNS,115,1,1
16475,BNS,105,1,2
16475,BNS,109,1,3
16476,BNS,109,1,1
16477,BNS,316,1,1
16477,BNS,303,1,2
16478,BNS,64,1,1
16478,BNS,80,1,2
16479,BNS,303,1,1
16479,BNS,316,1,2
16479,BNS,309,1,3
16480,NDPS,8,1,1
16481,MV,184,1,1
16481,MV,185,1,2
16482,BNS,118,1,1
16482,BNS,105,1,2
16483,BNS,309,1,1
16484,BNS,64,1,1
16484,BNS,74,1,2
16485,IT,66D,1,1
16485,BNS,338,1,2
16486,BNS,318,1,1
16486,BNS,338,1,2
16487,BNS,331,1,1
16487,BNS,303,1,2
16488,BNS,303,1,1
16488,BNS,316,1,2
16488,BNS,309,1,3
16489,BNS,318,1,1
16489,BNS,331,1,2
16490,BNS,316,1,1
16490,BNS,310,1,2
16491,BNS,351,1,1
16491,BNS,189,1,2
16492,BNS,309,1,1
16492,BNS,310,1,2
16492,BNS,318,1,3
16493,BNS,310,1,1
16493,BNS,305,1,2
16493,BNS,331,1,3
16494,NDPS,20,1,1
16494,NDPS,8,1,2
16495,BNS,310,1,1
16495,BNS,303,1,2
16495,BNS,305,1,3
16496,ARMS,25,1,1
16497,BNS,140,1,1
16497,BNS,80,1,2
16498,BNS,305,1,1
16498,BNS,331,1,2
16498,BNS,309,1,3
16500,BNS,331,1,1
16500,BNS,310,1,2
16501,MV,184,1,1
16502,BNS,303,1,1
16503,MV,185,1,1
16503,MV,184,1,2
16504,MV,185,1,1
16504,MV,184,1,2
16505,BNS,310,1,1
16505,BNS,309,1,2
16506,IT,66C,1,1
16506,IT,66D,1,2
16506,IT,66,1,3
16507,BNS,305,1,1
16507,BNS,303,1,2
16507,BNS,318,1,3
16508,BNS,316,1,1
16508,BNS,331,1,2
16509,MV,184,1,1
16509,MV,185,1,2
16510,MV,185,1,1
16510,MV,184,1,2
16511,BNS,331,1,1
16511,BNS,316,1,2
16511,BNS,309,1,3
16512,BNS,318,1,1
16512,BNS,331,1,2
16513,EXCISE,32,1,1
16513,ARMS,27,1,2
16514,BNS,310,1,1
16515,POCSO,4,1,1
16515,BNS,140,1,2
16515,POCSO,8,1,3
16516,MV,184,1,1
16516,MV,185,1,2
16517,BNS,103,1,1
16518,BNS,109,1,1
16518,BNS,105,1,2
16518,BNS,118,1,3
16519,EXCISE,32,1,1
16519,ARMS,27,1,2
16519,ARMS,25,1,3
16520,BNS,338,1,1
16521,MV,184,1,1
16522,MV,184,1,1
16523,BNS,309,1,1
16523,BNS,318,1,2
16523,BNS,331,1,3
16524,BNS,331,1,1
16525,BNS,318,1,1
16525,BNS,309,1,2
16527,BNS,115,1,1
16527,BNS,105,1,2
16527,BNS,103,1,3
16528,BNS,310,1,1
16528,BNS,303,1,2
16529,BNS,303,1,1
16529,BNS,309,1,2
16530,POCSO,4,1,1
16530,BNS,140,1,2
16531,BNS,331,1,1
16531,BNS,310,1,2
16531,BNS,305,1,3
16532,BNS,303,1,1
16532,BNS,331,1,2
16533,NDPS,21,1,1
16534,BNS,351,1,1
16535,BNS,85,1,1
16535,BNS,78,1,2
16536,BNS,309,1,1
16536,BNS,318,1,2
16536,BNS,305,1,3
16537,BNS,309,1,1
16538,BNS,305,1,1
16538,BNS,310,1,2
16539,BNS,318,1,1
16540,BNS,331,1,1
16540,BNS,316,1,2
16540,BNS,318,1,3
16541,BNS,309,1,1
16542,NDPS,21,1,1
16543,MV,185,1,1
16545,BNS,318,1,1
16545,BNS,338,1,2
16546,BNS,85,1,1
16546,BNS,74,1,2
16547,MV,185,1,1
16548,ARMS,25,1,1
16549,BNS,316,1,1
16550,MV,184,1,1
16551,BNS,318,1,1
16552,BNS,305,1,1
16553,BNS,331,1,1
16553,BNS,309,1,2
16553,BNS,303,1,3
16554,BNS,78,1,1
16554,BNS,80,1,2
16554,BNS,85,1,3
16555,BNS,318,1,1
16556,BNS,310,1,1
16557,BNS,309,1,1
16557,BNS,316,1,2
16558,BNS,310,1,1
16558,BNS,331,1,2
16558,BNS,316,1,3
16559,BNS,103,1,1
16559,BNS,115,1,2
16559,BNS,109,1,3
16560,MV,184,1,1
16560,MV,185,1,2
16561,BNS,85,1,1
16562,BNS,310,1,1
16563,BNS,309,1,1
16563,BNS,303,1,2
16563,BNS,316,1,3
16564,BNS,140,1,1
16565,BNS,140,1,1
16565,BNS,74,1,2
16565,BNS,64,1,3
16566,BNS,118,1,1
16566,BNS,103,1,2
16566,BNS,109,1,3
16567,BNS,103,1,1
16567,BNS,118,1,2
16567,BNS,115,1,3
16568,BNS,318,1,1
16568,IT,66D,1,2
16568,BNS,338,1,3
16569,BNS,303,1,1
16569,BNS,309,1,2
16570,BNS,338,1,1
16571,BNS,105,1,1
16571,BNS,109,1,2
16572,BNS,303,1,1
16572,BNS,331,1,2
16572,BNS,318,1,3
16573,IT,66C,1,1
16574,BNS,331,1,1
16574,BNS,310,1,2
16574,BNS,316,1,3
16576,BNS,331,1,1
16576,BNS,305,1,2
16577,IT,66D,1,1
16577,IT,66,1,2
16577,IT,66C,1,3
16578,BNS,80,1,1
16578,BNS,74,1,2
16579,MV,185,1,1
16579,MV,184,1,2
16580,BNS,74,1,1
16581,IT,66,1,1
16581,IT,66D,1,2
16582,BNS,309,1,1
16582,BNS,310,1,2
16583,BNS,303,1,1
16583,BNS,309,1,2
16584,BNS,103,1,1
16585,BNS,310,1,1
16585,BNS,305,1,2
16585,BNS,303,1,3
16586,BNS,118,1,1
16586,BNS,109,1,2
16587,BNS,331,1,1
16587,BNS,316,1,2
16587,BNS,303,1,3
16588,BNS,118,1,1
16588,BNS,109,1,2
16589,BNS,80,1,1
16589,BNS,78,1,2
16590,BNS,303,1,1
16591,BNS,338,1,1
16591,BNS,318,1,2
16591,IT,66D,1,3
16592,BNS,309,1,1
16592,BNS,316,1,2
16592,BNS,310,1,3
16593,BNS,309,1,1
16593,BNS,303,1,2
16593,BNS,316,1,3
16594,BNS,191,1,1
16594,BNS,112,1,2
16594,BNS,189,1,3
16595,BNS,303,1,1
16595,BNS,310,1,2
16596,BNS,331,1,1
16596,BNS,316,1,2
16597,MV,184,1,1
16597,MV,185,1,2
16598,BNS,338,1,1
16598,BNS,318,1,2
16599,ARMS,27,1,1
16599,NDPS,20,1,2
16600,BNS,309,1,1
16600,BNS,310,1,2
16601,MV,184,1,1
16602,NDPS,20,1,1
16604,BNS,318,1,1
16604,BNS,305,1,2
16605,BNS,331,1,1
16605,BNS,316,1,2
16606,BNS,351,1,1
16606,BNS,196,1,2
16607,BNS,331,1,1
16608,NDPS,21,1,1
16608,NDPS,20,1,2
16608,NDPS,8,1,3
16609,BNS,316,1,1
16609,BNS,303,1,2
16609,BNS,318,1,3
16610,BNS,112,1,1
16610,BNS,351,1,2
16610,BNS,196,1,3
16611,BNS,309,1,1
16611,BNS,318,1,2
16611,BNS,316,1,3
16613,BNS,316,1,1
16613,BNS,303,1,2
16613,BNS,318,1,3
16614,BNS,303,1,1
16615,BNS,140,1,1
16615,BNS,78,1,2
16616,BNS,109,1,1
16616,BNS,105,1,2
16616,BNS,115,1,3
16617,MV,184,1,1
16617,MV,185,1,2
16618,MV,185,1,1
16619,MV,185,1,1
16619,MV,184,1,2
16620,BNS,338,1,1
16620,IT,66D,1,2
16621,BNS,331,1,1
16622,BNS,338,1,1
16622,IT,66D,1,2
16623,BNS,309,1,1
16623,BNS,310,1,2
16623,BNS,331,1,3
16624,BNS,309,1,1
16624,BNS,310,1,2
16624,BNS,303,1,3
16625,NDPS,21,1,1
16625,ARMS,27,1,2
16626,MV,184,1,1
16626,MV,185,1,2
16627,BNS,331,1,1
16627,BNS,309,1,2
16627,BNS,303,1,3
16628,NDPS,21,1,1
16628,ARMS,27,1,2
16628,ARMS,25,1,3
16629,BNS,309,1,1
16629,BNS,303,1,2
16630,BNS,305,1,1
16631,BNS,309,1,1
16631,BNS,303,1,2
16632,BNS,111,1,1
16632,BNS,191,1,2
16632,BNS,196,1,3
16633,BNS,309,1,1
16634,BNS,338,1,1
16634,BNS,318,1,2
16634,IT,66D,1,3
16635,BNS,85,1,1
16636,BNS,310,1,1
16637,BNS,310,1,1
16637,BNS,309,1,2
16637,BNS,305,1,3
16638,BNS,103,1,1
16638,BNS,105,1,2
16639,BNS,318,1,1
16640,BNS,309,1,1
16640,BNS,305,1,2
16640,BNS,303,1,3
16641,BNS,338,1,1
16641,BNS,318,1,2
16641,IT,66D,1,3
16642,BNS,78,1,1
16642,BNS,80,1,2
16643,IT,66,1,1
16643,IT,66D,1,2
16644,BNS,331,1,1
16644,BNS,305,1,2
16646,BNS,78,1,1
16646,BNS,74,1,2
16647,BNS,331,1,1
16647,BNS,318,1,2
16648,BNS,115,1,1
16648,BNS,103,1,2
16649,BNS,140,1,1
16650,BNS,318,1,1
16652,BNS,318,1,1
16653,BNS,115,1,1
16653,BNS,105,1,2
16654,BNS,112,1,1
16655,IT,66D,1,1
16655,IT,66,1,2
16656,MV,185,1,1
16657,BNS,140,1,1
16658,MV,185,1,1
16659,BNS,109,1,1
16659,BNS,118,1,2
16659,BNS,103,1,3
16660,BNS,74,1,1
16660,BNS,140,1,2
16660,BNS,64,1,3
16661,IT,66D,1,1
16661,BNS,318,1,2
16662,BNS,318,1,1
16662,BNS,310,1,2
16662,BNS,309,1,3
16663,MV,184,1,1
16664,NDPS,20,1,1
16664,ARMS,27,1,2
16664,NDPS,8,1,3
16665,NDPS,20,1,1
16665,NDPS,21,1,2
16666,BNS,103,1,1
16666,BNS,105,1,2
16667,EXCISE,32,1,1
16668,IT,66D,1,1
16669,NDPS,21,1,1
16669,NDPS,20,1,2
16670,BNS,338,1,1
16671,BNS,316,1,1
16671,BNS,309,1,2
16671,BNS,318,1,3
16672,IT,66D,1,1
16673,BNS,303,1,1
16675,BNS,309,1,1
16676,MV,185,1,1
16677,BNS,338,1,1
16677,BNS,318,1,2
16678,BNS,115,1,1
16678,BNS,109,1,2
16678,BNS,105,1,3
16679,IT,66D,1,1
16680,BNS,305,1,1
16680,BNS,310,1,2
16680,BNS,318,1,3
16681,BNS,115,1,1
16681,BNS,118,1,2
16681,BNS,105,1,3
16682,BNS,316,1,1
16682,BNS,318,1,2
16682,BNS,331,1,3
16683,MV,184,1,1
16684,BNS,331,1,1
16684,BNS,309,1,2
16685,BNS,316,1,1
16686,BNS,64,1,1
16687,BNS,115,1,1
16687,BNS,103,1,2
16687,BNS,109,1,3
16688,IT,66D,1,1
16688,IT,66C,1,2
16688,IT,66,1,3
16689,BNS,303,1,1
16690,BNS,310,1,1
16691,BNS,331,1,1
16692,MV,184,1,1
16692,MV,185,1,2
16693,MV,185,1,1
16693,MV,184,1,2
16694,BNS,331,1,1
16694,BNS,309,1,2
16694,BNS,310,1,3
16695,BNS,316,1,1
16695,BNS,318,1,2
16695,BNS,305,1,3
16696,IT,66,1,1
16698,BNS,64,1,1
16699,BNS,109,1,1
16699,BNS,118,1,2
16700,MV,184,1,1
16700,MV,185,1,2
16701,EXCISE,32,1,1
16701,NDPS,8,1,2
16701,ARMS,25,1,3
16702,BNS,305,1,1
16702,BNS,331,1,2
16702,BNS,303,1,3
16703,IT,66D,1,1
16703,BNS,318,1,2
16704,IT,66C,1,1
16704,IT,66,1,2
16705,BNS,316,1,1
16705,BNS,305,1,2
16705,BNS,331,1,3
16706,BNS,305,1,1
16707,NDPS,21,1,1
16707,NDPS,8,1,2
16707,EXCISE,32,1,3
16708,BNS,305,1,1
16708,BNS,309,1,2
16708,BNS,318,1,3
16709,MV,184,1,1
16709,MV,185,1,2
16710,BNS,318,1,1
16710,BNS,338,1,2
16711,IT,66C,1,1
16711,IT,66D,1,2
16711,IT,66,1,3
16712,MV,184,1,1
16713,BNS,303,1,1
16713,BNS,316,1,2
16713,BNS,331,1,3
16714,IT,66C,1,1
16714,IT,66D,1,2
16715,MV,184,1,1
16716,BNS,112,1,1
16716,BNS,196,1,2
16717,BNS,318,1,1
16718,BNS,74,1,1
16718,BNS,85,1,2
16719,MV,184,1,1
16720,BNS,318,1,1
16720,BNS,338,1,2
16721,BNS,105,1,1
16723,BNS,318,1,1
16723,BNS,303,1,2
16724,BNS,338,1,1
16724,BNS,318,1,2
16724,IT,66D,1,3
16725,MV,184,1,1
16725,MV,185,1,2
16726,BNS,338,1,1
16727,IT,66D,1,1
16727,BNS,318,1,2
16727,BNS,338,1,3
16728,MV,184,1,1
16729,BNS,64,1,1
16729,BNS,140,1,2
16729,BNS,78,1,3
16730,BNS,316,1,1
16730,BNS,318,1,2
16730,BNS,309,1,3
16731,BNS,318,1,1
16731,BNS,331,1,2
16731,BNS,303,1,3
16732,BNS,111,1,1
16732,BNS,191,1,2
16732,BNS,196,1,3
16733,BNS,316,1,1
16733,BNS,303,1,2
16734,MV,184,1,1
16734,MV,185,1,2
16737,BNS,115,1,1
16737,BNS,103,1,2
16738,BNS,310,1,1
16738,BNS,303,1,2
16738,BNS,305,1,3
16739,BNS,338,1,1
16739,IT,66D,1,2
16739,BNS,318,1,3
16740,BNS,338,1,1
16741,ARMS,27,1,1
16741,ARMS,25,1,2
16741,NDPS,20,1,3
16743,BNS,196,1,1
16744,IT,66D,1,1
16744,BNS,338,1,2
16744,BNS,318,1,3
16745,BNS,318,1,1
16745,BNS,338,1,2
16745,IT,66D,1,3
16746,BNS,310,1,1
16746,BNS,309,1,2
16747,BNS,74,1,1
16748,BNS,80,1,1
16748,BNS,74,1,2
16748,BNS,64,1,3
16749,BNS,78,1,1
16750,BNS,318,1,1
16750,BNS,338,1,2
16751,IT,66,1,1
16752,BNS,109,1,1
16753,NDPS,21,1,1
16753,ARMS,27,1,2
16753,NDPS,8,1,3
16754,MV,185,1,1
16754,MV,184,1,2
16755,MV,184,1,1
16756,BNS,112,1,1
16756,BNS,189,1,2
16756,BNS,196,1,3
16757,MV,184,1,1
16758,BNS,309,1,1
16759,BNS,64,1,1
16760,BNS,118,1,1
16760,BNS,115,1,2
16760,BNS,103,1,3
16761,BNS,196,1,1
16761,BNS,191,1,2
16762,POCSO,8,1,1
16762,BNS,140,1,2
16762,POCSO,4,1,3
16763,BNS,310,1,1
16763,BNS,316,1,2
16765,BNS,303,1,1
16765,BNS,310,1,2
16766,BNS,305,1,1
16766,BNS,316,1,2
16767,BNS,303,1,1
16768,BNS,316,1,1
16768,BNS,318,1,2
16768,BNS,305,1,3
16769,BNS,316,1,1
16769,BNS,305,1,2
16770,BNS,303,1,1
16770,BNS,316,1,2
16770,BNS,310,1,3
16771,BNS,118,1,1
16771,BNS,103,1,2
16771,BNS,109,1,3
16772,BNS,140,1,1
16772,BNS,85,1,2
16773,BNS,305,1,1
16773,BNS,331,1,2
16773,BNS,303,1,3
16774,MV,184,1,1
16776,IT,66D,1,1
16777,IT,66D,1,1
16778,BNS,64,1,1
16778,BNS,140,1,2
16778,BNS,74,1,3
16779,BNS,74,1,1
16779,BNS,80,1,2
16779,BNS,85,1,3
16780,MV,184,1,1
16781,BNS,331,1,1
16782,MV,184,1,1
16782,MV,185,1,2
16783,BNS,80,1,1
16783,BNS,74,1,2
16783,BNS,85,1,3
16784,MV,184,1,1
16784,MV,185,1,2
16785,BNS,64,1,1
16785,BNS,85,1,2
16785,BNS,74,1,3
16786,BNS,316,1,1
16786,BNS,303,1,2
16786,BNS,309,1,3
16787,BNS,351,1,1
16787,BNS,196,1,2
16788,BNS,64,1,1
16788,BNS,85,1,2
16789,IT,66C,1,1
16789,IT,66,1,2
16790,BNS,305,1,1
16790,BNS,309,1,2
16791,MV,185,1,1
16791,MV,184,1,2
16792,BNS,109,1,1
16793,BNS,309,1,1
16793,BNS,303,1,2
16794,BNS,316,1,1
16794,BNS,318,1,2
16794,BNS,303,1,3
16795,MV,185,1,1
16796,MV,184,1,1
16796,MV,185,1,2
16797,BNS,105,1,1
16798,BNS,64,1,1
16798,BNS,78,1,2
16798,BNS,80,1,3
16799,BNS,316,1,1
16801,PC,7,1,1
16802,BNS,303,1,1
16802,BNS,331,1,2
16802,BNS,310,1,3
16803,BNS,316,1,1
16805,BNS,331,1,1
16806,MV,184,1,1
16806,MV,185,1,2
16807,BNS,316,1,1
16807,BNS,303,1,2
16808,BNS,189,1,1
16808,BNS,112,1,2
16808,BNS,111,1,3
16809,BNS,318,1,1
16809,BNS,310,1,2
16809,BNS,331,1,3
16810,BNS,305,1,1
16810,BNS,303,1,2
16810,BNS,318,1,3
16811,BNS,318,1,1
16811,BNS,316,1,2
16811,BNS,331,1,3
16812,BNS,140,1,1
16812,BNS,74,1,2
16812,BNS,78,1,3
16813,BNS,318,1,1
16813,IT,66D,1,2
16814,BNS,115,1,1
16814,BNS,105,1,2
16815,BNS,115,1,1
16815,BNS,103,1,2
16815,BNS,109,1,3
16816,MV,184,1,1
16816,MV,185,1,2
16817,BNS,316,1,1
16818,BNS,318,1,1
16819,MV,184,1,1
16820,MV,184,1,1
16820,MV,185,1,2
16821,MV,185,1,1
16821,MV,184,1,2
16822,MV,185,1,1
16823,BNS,140,1,1
16823,BNS,85,1,2
16824,MV,184,1,1
16825,BNS,309,1,1
16826,BNS,331,1,1
16826,BNS,316,1,2
16826,BNS,305,1,3
16827,BNS,303,1,1
16828,POCSO,8,1,1
16828,BNS,140,1,2
16829,BNS,331,1,1
16830,BNS,109,1,1
16830,BNS,103,1,2
16831,BNS,318,1,1
16831,BNS,316,1,2
16831,BNS,309,1,3
16832,BNS,303,1,1
16832,BNS,310,1,2
16834,BNS,318,1,1
16834,BNS,309,1,2
16835,NDPS,8,1,1
16835,EXCISE,32,1,2
16835,NDPS,20,1,3
16836,BNS,309,1,1
16836,BNS,331,1,2
16836,BNS,318,1,3
16837,NDPS,20,1,1
16837,EXCISE,32,1,2
16837,ARMS,25,1,3
16838,BNS,318,1,1
16839,IT,66C,1,1
16840,BNS,305,1,1
16840,BNS,309,1,2
16841,MV,184,1,1
16842,BNS,111,1,1
16842,BNS,351,1,2
16844,BNS,115,1,1
16845,BNS,331,1,1
16845,BNS,309,1,2
16845,BNS,316,1,3
16847,BNS,310,1,1
16847,BNS,305,1,2
16848,BNS,316,1,1
16849,BNS,318,1,1
16849,BNS,309,1,2
16849,BNS,305,1,3
16850,BNS,318,1,1
16850,BNS,310,1,2
16851,BNS,115,1,1
16852,BNS,318,1,1
16853,BNS,74,1,1
16854,BNS,305,1,1
16854,BNS,309,1,2
16854,BNS,318,1,3
16855,ARMS,25,1,1
16856,BNS,310,1,1
16856,BNS,318,1,2
16856,BNS,305,1,3
16857,BNS,109,1,1
16857,BNS,118,1,2
16858,BNS,338,1,1
16858,BNS,318,1,2
16858,IT,66D,1,3
16859,BNS,109,1,1
16860,BNS,305,1,1
16860,BNS,331,1,2
16860,BNS,318,1,3
16861,BNS,318,1,1
16861,BNS,338,1,2
16862,BNS,303,1,1
16863,BNS,189,1,1
16864,BNS,318,1,1
16864,BNS,303,1,2
16865,MV,184,1,1
16865,MV,185,1,2
16866,BNS,305,1,1
16866,BNS,310,1,2
16867,BNS,103,1,1
16867,BNS,115,1,2
16867,BNS,109,1,3
16868,BNS,331,1,1
16869,BNS,115,1,1
16869,BNS,118,1,2
16869,BNS,103,1,3
16870,BNS,112,1,1
16872,IT,66D,1,1
16872,IT,66,1,2
16872,IT,66C,1,3
16873,BNS,303,1,1
16873,BNS,316,1,2
16875,BNS,112,1,1
16876,BNS,309,1,1
16876,BNS,331,1,2
16877,BNS,318,1,1
16877,BNS,309,1,2
16878,ARMS,27,1,1
16878,NDPS,20,1,2
16879,BNS,118,1,1
16880,MV,184,1,1
16881,IT,66C,1,1
16882,BNS,309,1,1
16882,BNS,305,1,2
16882,BNS,331,1,3
16883,BNS,318,1,1
16884,BNS,318,1,1
16884,BNS,309,1,2
16885,BNS,64,1,1
16885,BNS,78,1,2
16886,NDPS,20,1,1
16886,NDPS,21,1,2
16886,ARMS,27,1,3
16887,IT,66C,1,1
16888,BNS,303,1,1
16889,BNS,316,1,1
16889,BNS,309,1,2
16889,BNS,331,1,3
16890,IT,66C,1,1
16891,BNS,118,1,1
16892,MV,184,1,1
16892,MV,185,1,2
16893,BNS,74,1,1
16894,BNS,318,1,1
16894,BNS,338,1,2
16895,BNS,318,1,1
16896,MV,184,1,1
16896,MV,185,1,2
16897,BNS,316,1,1
16897,BNS,309,1,2
16898,BNS,316,1,1
16898,BNS,309,1,2
16898,BNS,331,1,3
16899,BNS,338,1,1
16900,BNS,318,1,1
16900,BNS,338,1,2
16901,BNS,74,1,1
16901,BNS,85,1,2
16901,BNS,78,1,3
16902,MV,184,1,1
16903,IT,66D,1,1
16903,BNS,338,1,2
16903,BNS,318,1,3
16904,BNS,338,1,1
16905,BNS,64,1,1
16905,BNS,80,1,2
16905,BNS,78,1,3
16906,BNS,64,1,1
16907,BNS,338,1,1
16907,BNS,318,1,2
16907,IT,66D,1,3
16908,BNS,140,1,1
16908,BNS,80,1,2
16908,BNS,74,1,3
16909,BNS,331,1,1
16909,BNS,305,1,2
16910,BNS,191,1,1
16910,BNS,351,1,2
16912,BNS,331,1,1
16912,BNS,318,1,2
16913,PC,7,1,1
16914,ARMS,25,1,1
16915,BNS,310,1,1
16915,BNS,331,1,2
16916,MV,185,1,1
16916,MV,184,1,2
16917,MV,185,1,1
16917,MV,184,1,2
16918,BNS,80,1,1
16918,BNS,64,1,2
16919,BNS,303,1,1
16919,BNS,309,1,2
16920,BNS,105,1,1
16920,BNS,103,1,2
16921,BNS,331,1,1
16921,BNS,303,1,2
16922,BNS,303,1,1
16922,BNS,305,1,2
16923,BNS,191,1,1
16923,BNS,111,1,2
16924,BNS,318,1,1
16924,BNS,338,1,2
16925,BNS,191,1,1
16926,BNS,316,1,1
16926,BNS,310,1,2
16927,BNS,78,1,1
16927,BNS,64,1,2
16927,BNS,80,1,3
16928,ARMS,27,1,1
16928,ARMS,25,1,2
16928,NDPS,21,1,3
16929,BNS,318,1,1
16929,IT,66D,1,2
16930,BNS,303,1,1
16930,BNS,310,1,2
16930,BNS,318,1,3
16931,BNS,331,1,1
16931,BNS,303,1,2
16931,BNS,318,1,3
16932,BNS,309,1,1
16932,BNS,310,1,2
16932,BNS,331,1,3
16933,MV,185,1,1
16933,MV,184,1,2
16934,BNS,78,1,1
16934,BNS,140,1,2
16935,POCSO,8,1,1
16936,BNS,318,1,1
16936,BNS,316,1,2
16937,MV,185,1,1
16938,IT,66D,1,1
16938,BNS,338,1,2
16938,BNS,318,1,3
16939,MV,184,1,1
16939,MV,185,1,2
16940,BNS,338,1,1
16941,BNS,305,1,1
16942,IT,66,1,1
16942,IT,66C,1,2
16943,BNS,318,1,1
16943,IT,66D,1,2
16943,BNS,338,1,3
16944,MV,185,1,1
16944,MV,184,1,2
16946,BNS,309,1,1
16946,BNS,316,1,2
16947,BNS,115,1,1
16947,BNS,105,1,2
16947,BNS,109,1,3
16948,BNS,189,1,1
16948,BNS,112,1,2
16949,MV,185,1,1
16949,MV,184,1,2
16950,BNS,338,1,1
16950,IT,66D,1,2
16950,BNS,318,1,3
16951,BNS,303,1,1
16952,BNS,318,1,1
16952,BNS,338,1,2
16953,BNS,316,1,1
16954,MV,184,1,1
16954,MV,185,1,2
16955,BNS,196,1,1
16956,BNS,305,1,1
16956,BNS,316,1,2
16956,BNS,303,1,3
16957,BNS,115,1,1
16957,BNS,105,1,2
16957,BNS,109,1,3
16958,BNS,64,1,1
16958,BNS,140,1,2
16959,MV,184,1,1
16959,MV,185,1,2
16960,BNS,318,1,1
16960,BNS,316,1,2
16960,BNS,309,1,3
16961,BNS,140,1,1
16962,BNS,303,1,1
16962,BNS,331,1,2
16963,BNS,109,1,1
16963,BNS,103,1,2
16963,BNS,105,1,3
16964,BNS,103,1,1
16965,BNS,85,1,1
16965,BNS,80,1,2
16966,IT,66D,1,1
16966,BNS,338,1,2
16966,BNS,318,1,3
16967,EXCISE,32,1,1
16968,BNS,316,1,1
16969,BNS,316,1,1
16970,BNS,338,1,1
16971,IT,66D,1,1
16971,BNS,338,1,2
16972,BNS,316,1,1
16972,BNS,310,1,2
16973,BNS,303,1,1
16975,IT,66D,1,1
16975,BNS,318,1,2
16975,BNS,338,1,3
16976,BNS,303,1,1
16976,BNS,310,1,2
16977,BNS,316,1,1
16977,BNS,305,1,2
16977,BNS,303,1,3
16978,BNS,318,1,1
16978,BNS,309,1,2
16978,BNS,305,1,3
16979,BNS,118,1,1
16980,BNS,318,1,1
16981,BNS,318,1,1
16982,IT,66C,1,1
16982,IT,66D,1,2
16982,IT,66,1,3
16983,NDPS,20,1,1
16983,ARMS,27,1,2
16983,NDPS,8,1,3
16984,BNS,111,1,1
16984,BNS,191,1,2
16984,BNS,189,1,3
16985,BNS,118,1,1
16986,BNS,196,1,1
16986,BNS,189,1,2
16986,BNS,112,1,3
16987,IT,66,1,1
16988,BNS,303,1,1
16988,BNS,318,1,2
16988,BNS,331,1,3
16989,BNS,338,1,1
16989,IT,66D,1,2
16989,BNS,318,1,3
16990,BNS,316,1,1
16990,BNS,310,1,2
16990,BNS,318,1,3
16991,MV,185,1,1
16992,BNS,105,1,1
16993,BNS,318,1,1
16993,BNS,316,1,2
16994,BNS,103,1,1
16996,BNS,318,1,1
16997,BNS,318,1,1
16997,BNS,309,1,2
16998,PC,7,1,1
16999,BNS,111,1,1
17000,MV,185,1,1
17003,NDPS,21,1,1
17004,BNS,111,1,1
17005,BNS,309,1,1
17006,BNS,80,1,1
17008,BNS,196,1,1
17009,MV,184,1,1
17010,MV,185,1,1
17011,BNS,310,1,1
17012,BNS,118,1,1
17012,BNS,109,1,2
17012,BNS,105,1,3
17013,BNS,109,1,1
17014,BNS,64,1,1
17014,BNS,85,1,2
17015,BNS,309,1,1
17015,BNS,331,1,2
17016,BNS,85,1,1
17016,BNS,80,1,2
17016,BNS,140,1,3
17017,BNS,309,1,1
17018,BNS,309,1,1
17018,BNS,318,1,2
17019,BNS,189,1,1
17019,BNS,196,1,2
17019,BNS,191,1,3
17020,IT,66D,1,1
17021,IT,66D,1,1
17021,BNS,338,1,2
17022,BNS,305,1,1
17022,BNS,331,1,2
17023,BNS,118,1,1
17023,BNS,115,1,2
17024,BNS,78,1,1
17025,BNS,191,1,1
17026,BNS,338,1,1
17026,IT,66D,1,2
17027,ARMS,27,1,1
17028,IT,66D,1,1
17028,IT,66C,1,2
17029,BNS,316,1,1
17029,BNS,310,1,2
17029,BNS,303,1,3
17030,BNS,309,1,1
17030,BNS,310,1,2
17030,BNS,318,1,3
17031,MV,185,1,1
17031,MV,184,1,2
17032,BNS,115,1,1
17032,BNS,109,1,2
17032,BNS,118,1,3
17033,BNS,303,1,1
17034,BNS,80,1,1
17034,BNS,140,1,2
17034,BNS,64,1,3
17035,IT,66D,1,1
17035,BNS,338,1,2
17035,BNS,318,1,3
17036,BNS,64,1,1
17036,BNS,78,1,2
17036,BNS,85,1,3
17037,BNS,191,1,1
17037,BNS,112,1,2
17038,IT,66,1,1
17039,BNS,191,1,1
17040,BNS,351,1,1
17040,BNS,111,1,2
17040,BNS,112,1,3
17041,BNS,316,1,1
17041,BNS,331,1,2
17042,BNS,118,1,1
17042,BNS,103,1,2
17042,BNS,105,1,3
17043,BNS,310,1,1
17044,MV,185,1,1
17045,NDPS,8,1,1
17046,IT,66D,1,1
17047,BNS,303,1,1
17048,BNS,316,1,1
17049,BNS,105,1,1
17049,BNS,118,1,2
17050,BNS,316,1,1
17050,BNS,331,1,2
17050,BNS,303,1,3
17052,BNS,309,1,1
17053,IT,66D,1,1
17053,BNS,318,1,2
17053,BNS,338,1,3
17054,BNS,316,1,1
17054,BNS,318,1,2
17054,BNS,303,1,3
17055,NDPS,8,1,1
17055,ARMS,25,1,2
17055,NDPS,20,1,3
17056,BNS,316,1,1
17056,BNS,318,1,2
17056,BNS,303,1,3
17057,BNS,316,1,1
17058,MV,184,1,1
17059,MV,184,1,1
17060,MV,185,1,1
17060,MV,184,1,2
17061,BNS,316,1,1
17061,BNS,331,1,2
17062,POCSO,8,1,1
17062,POCSO,4,1,2
17063,BNS,103,1,1
17063,BNS,109,1,2
17063,BNS,115,1,3
17064,IT,66D,1,1
17064,BNS,318,1,2
17064,BNS,338,1,3
17065,BNS,80,1,1
17065,BNS,78,1,2
17066,BNS,316,1,1
17067,BNS,118,1,1
17068,BNS,118,1,1
17068,BNS,109,1,2
17068,BNS,105,1,3
17069,BNS,310,1,1
17069,BNS,309,1,2
17069,BNS,305,1,3
17071,EXCISE,32,1,1
17072,IT,66D,1,1
17074,BNS,318,1,1
17074,IT,66D,1,2
17074,BNS,338,1,3
17075,BNS,309,1,1
17075,BNS,310,1,2
17075,BNS,331,1,3
17077,BNS,103,1,1
17077,BNS,109,1,2
17078,BNS,316,1,1
17078,BNS,305,1,2
17078,BNS,310,1,3
17079,BNS,316,1,1
17079,BNS,318,1,2
17080,BNS,331,1,1
17080,BNS,305,1,2
17081,BNS,115,1,1
17081,BNS,103,1,2
17082,BNS,318,1,1
17082,BNS,338,1,2
17082,IT,66D,1,3
17083,NDPS,8,1,1
17084,BNS,338,1,1
17085,IT,66D,1,1
17085,BNS,318,1,2
17086,MV,185,1,1
17087,BNS,303,1,1
17087,BNS,305,1,2
17087,BNS,309,1,3
17088,ARMS,25,1,1
17089,BNS,318,1,1
17089,BNS,338,1,2
17089,IT,66D,1,3
17090,BNS,310,1,1
17091,IT,66D,1,1
17091,BNS,318,1,2
17092,BNS,80,1,1
17092,BNS,78,1,2
17092,BNS,85,1,3
17093,BNS,305,1,1
17094,BNS,316,1,1
17094,BNS,303,1,2
17094,BNS,331,1,3
17095,ARMS,27,1,1
17096,BNS,303,1,1
17096,BNS,310,1,2
17097,NDPS,8,1,1
17097,ARMS,25,1,2
17097,EXCISE,32,1,3
17098,ARMS,25,1,1
17098,EXCISE,32,1,2
17099,BNS,303,1,1
17100,BNS,318,1,1
17101,BNS,309,1,1
17101,BNS,331,1,2
17101,BNS,303,1,3
17102,BNS,74,1,1
17103,BNS,303,1,1
17104,BNS,103,1,1
17105,BNS,118,1,1
17106,BNS,115,1,1
17107,ARMS,27,1,1
17108,BNS,112,1,1
17108,BNS,189,1,2
17108,BNS,196,1,3
17109,NDPS,8,1,1
17110,MV,184,1,1
17110,MV,185,1,2
17111,BNS,310,1,1
17112,BNS,309,1,1
17112,BNS,305,1,2
17113,BNS,105,1,1
17113,BNS,118,1,2
17113,BNS,103,1,3
17114,BNS,318,1,1
17114,BNS,331,1,2
17115,BNS,318,1,1
17115,BNS,316,1,2
17116,BNS,318,1,1
17116,BNS,338,1,2
17117,POCSO,4,1,1
17118,MV,185,1,1
17119,BNS,305,1,1
17119,BNS,309,1,2
17121,BNS,309,1,1
17121,BNS,305,1,2
17121,BNS,318,1,3
17122,NDPS,20,1,1
17122,EXCISE,32,1,2
17123,NDPS,20,1,1
17123,NDPS,21,1,2
17123,EXCISE,32,1,3
17124,BNS,80,1,1
17124,BNS,64,1,2
17124,BNS,78,1,3
17125,BNS,318,1,1
17125,BNS,309,1,2
17127,MV,185,1,1
17127,MV,184,1,2
17128,BNS,316,1,1
17128,BNS,318,1,2
17128,BNS,305,1,3
17129,BNS,115,1,1
17129,BNS,103,1,2
17130,MV,185,1,1
17130,MV,184,1,2
17131,BNS,316,1,1
17132,BNS,64,1,1
17132,BNS,78,1,2
17132,BNS,85,1,3
17133,PC,7,1,1
17134,BNS,318,1,1
17134,IT,66D,1,2
17134,BNS,338,1,3
17135,BNS,338,1,1
17135,BNS,318,1,2
17135,IT,66D,1,3
17136,BNS,316,1,1
17136,BNS,303,1,2
17136,BNS,331,1,3
17137,BNS,189,1,1
17138,BNS,338,1,1
17138,IT,66D,1,2
17139,BNS,309,1,1
17139,BNS,303,1,2
17139,BNS,318,1,3
17140,BNS,105,1,1
17141,BNS,310,1,1
17141,BNS,309,1,2
17141,BNS,318,1,3
17142,PC,7,1,1
17143,BNS,338,1,1
17143,IT,66D,1,2
17143,BNS,318,1,3
17144,BNS,338,1,1
17144,IT,66D,1,2
17145,BNS,338,1,1
17145,BNS,318,1,2
17146,BNS,309,1,1
17146,BNS,305,1,2
17147,BNS,310,1,1
17147,BNS,318,1,2
17148,BNS,309,1,1
17149,BNS,316,1,1
17149,BNS,309,1,2
17150,MV,184,1,1
17151,BNS,318,1,1
17151,BNS,316,1,2
17152,BNS,310,1,1
17152,BNS,303,1,2
17154,BNS,191,1,1
17154,BNS,111,1,2
17155,BNS,303,1,1
17155,BNS,331,1,2
17156,BNS,305,1,1
17156,BNS,310,1,2
17156,BNS,331,1,3
17157,BNS,318,1,1
17159,BNS,305,1,1
17159,BNS,303,1,2
17160,BNS,309,1,1
17161,BNS,118,1,1
17161,BNS,105,1,2
17161,BNS,115,1,3
17163,BNS,338,1,1
17164,BNS,316,1,1
17164,BNS,305,1,2
17165,BNS,305,1,1
17166,BNS,310,1,1
17166,BNS,309,1,2
17167,BNS,118,1,1
17167,BNS,115,1,2
17168,IT,66D,1,1
17168,BNS,338,1,2
17169,BNS,316,1,1
17169,BNS,318,1,2
17169,BNS,310,1,3
17170,BNS,80,1,1
17170,BNS,78,1,2
17170,BNS,140,1,3
17171,BNS,103,1,1
17171,BNS,118,1,2
17172,BNS,318,1,1
17172,BNS,331,1,2
17172,BNS,305,1,3
17174,BNS,316,1,1
17174,BNS,331,1,2
17175,MV,185,1,1
17175,MV,184,1,2
17176,BNS,109,1,1
17177,BNS,109,1,1
17178,BNS,351,1,1
17178,BNS,112,1,2
17178,BNS,191,1,3
17179,BNS,305,1,1
17179,BNS,316,1,2
17181,BNS,338,1,1
17181,IT,66D,1,2
17181,BNS,318,1,3
17182,BNS,74,1,1
17182,BNS,78,1,2
17182,BNS,80,1,3
17183,BNS,331,1,1
17183,BNS,318,1,2
17183,BNS,310,1,3
17184,BNS,331,1,1
17185,BNS,305,1,1
17186,IT,66D,1,1
17187,MV,184,1,1
17188,BNS,305,1,1
17188,BNS,316,1,2
17189,BNS,318,1,1
17190,BNS,318,1,1
17191,BNS,309,1,1
17191,BNS,303,1,2
17192,BNS,305,1,1
17192,BNS,316,1,2
17193,IT,66C,1,1
17194,BNS,318,1,1
17194,BNS,338,1,2
17195,BNS,318,1,1
17195,BNS,310,1,2
17195,BNS,331,1,3
17196,IT,66C,1,1
17196,IT,66D,1,2
17198,BNS,305,1,1
17199,BNS,316,1,1
17199,BNS,318,1,2
17200,BNS,318,1,1
17201,BNS,318,1,1
17201,BNS,310,1,2
17202,BNS,305,1,1
17202,BNS,303,1,2
17203,BNS,310,1,1
17203,BNS,316,1,2
17203,BNS,331,1,3
17204,IT,66D,1,1
17204,BNS,318,1,2
17204,BNS,338,1,3
17205,BNS,318,1,1
17205,IT,66D,1,2
17205,BNS,338,1,3
17206,BNS,85,1,1
17206,BNS,64,1,2
17207,IT,66D,1,1
17207,IT,66C,1,2
17207,IT,66,1,3
17208,BNS,105,1,1
17209,BNS,310,1,1
17209,BNS,318,1,2
17209,BNS,331,1,3
17210,BNS,78,1,1
17211,MV,184,1,1
17211,MV,185,1,2
17212,MV,185,1,1
17212,MV,184,1,2
17213,BNS,74,1,1
17214,BNS,112,1,1
17214,BNS,191,1,2
17214,BNS,189,1,3
17215,BNS,189,1,1
17215,BNS,112,1,2
17215,BNS,351,1,3
17216,MV,184,1,1
17216,MV,185,1,2
17217,BNS,338,1,1
17217,IT,66D,1,2
17217,BNS,318,1,3
17218,BNS,305,1,1
17219,BNS,103,1,1
17219,BNS,105,1,2
17219,BNS,118,1,3
17220,IT,66,1,1
17220,IT,66C,1,2
17220,IT,66D,1,3
17221,BNS,316,1,1
17221,BNS,318,1,2
17221,BNS,305,1,3
17222,BNS,115,1,1
17222,BNS,103,1,2
17223,BNS,316,1,1
17223,BNS,310,1,2
17223,BNS,303,1,3
17224,MV,185,1,1
17225,MV,184,1,1
17226,NDPS,8,1,1
17226,NDPS,21,1,2
17227,BNS,338,1,1
17227,BNS,318,1,2
17227,IT,66D,1,3
17229,BNS,196,1,1
17229,BNS,351,1,2
17230,POCSO,8,1,1
17230,POCSO,4,1,2
17231,BNS,316,1,1
17232,BNS,318,1,1
17233,MV,184,1,1
17234,POCSO,4,1,1
17234,POCSO,8,1,2
17235,BNS,189,1,1
17235,BNS,111,1,2
17236,NDPS,21,1,1
17237,BNS,78,1,1
17237,BNS,85,1,2
17238,IT,66D,1,1
17238,BNS,338,1,2
17239,BNS,331,1,1
17239,BNS,316,1,2
17240,IT,66D,1,1
17240,BNS,338,1,2
17240,BNS,318,1,3
17241,BNS,351,1,1
17242,MV,184,1,1
17242,MV,185,1,2
17243,BNS,318,1,1
17244,BNS,310,1,1
17244,BNS,309,1,2
17245,BNS,191,1,1
17245,BNS,112,1,2
17246,ARMS,27,1,1
17247,BNS,80,1,1
17247,BNS,140,1,2
17249,BNS,318,1,1
17249,BNS,305,1,2
17250,BNS,309,1,1
17250,BNS,331,1,2
17251,BNS,318,1,1
17251,BNS,305,1,2
17251,BNS,316,1,3
17252,IT,66D,1,1
17253,BNS,309,1,1
17254,MV,184,1,1
17254,MV,185,1,2
17255,BNS,74,1,1
17255,BNS,80,1,2
17255,BNS,85,1,3
17256,BNS,303,1,1
17256,BNS,331,1,2
17257,BNS,318,1,1
17258,BNS,140,1,1
17258,BNS,74,1,2
17259,MV,185,1,1
17260,BNS,310,1,1
17260,BNS,303,1,2
17260,BNS,309,1,3
17261,MV,185,1,1
17261,MV,184,1,2
17262,BNS,310,1,1
17263,BNS,316,1,1
17263,BNS,309,1,2
17264,BNS,331,1,1
17265,BNS,318,1,1
17265,BNS,331,1,2
17266,BNS,331,1,1
17266,BNS,309,1,2
17267,BNS,140,1,1
17268,IT,66,1,1
17268,IT,66D,1,2
17269,BNS,74,1,1
17269,BNS,64,1,2
17270,BNS,305,1,1
17270,BNS,303,1,2
17271,MV,185,1,1
17272,IT,66C,1,1
17272,IT,66D,1,2
17273,BNS,109,1,1
17273,BNS,103,1,2
17275,BNS,78,1,1
17275,BNS,140,1,2
17275,BNS,64,1,3
17276,BNS,105,1,1
17278,BNS,303,1,1
17279,BNS,309,1,1
17280,BNS,316,1,1
17280,BNS,331,1,2
17281,BNS,318,1,1
17281,BNS,310,1,2
17282,BNS,140,1,1
17282,POCSO,8,1,2
17283,BNS,318,1,1
17283,IT,66D,1,2
17284,PC,7,1,1
17285,MV,184,1,1
17285,MV,185,1,2
17286,BNS,331,1,1
17287,BNS,331,1,1
17287,BNS,309,1,2
17287,BNS,305,1,3
17288,BNS,303,1,1
17289,BNS,338,1,1
17290,BNS,305,1,1
17290,BNS,318,1,2
17291,BNS,103,1,1
17292,BNS,318,1,1
17292,BNS,338,1,2
17292,IT,66D,1,3
17293,BNS,115,1,1
17294,IT,66D,1,1
17294,BNS,338,1,2
17294,BNS,318,1,3
17295,MV,184,1,1
17295,MV,185,1,2
17296,BNS,140,1,1
17297,BNS,305,1,1
17297,BNS,316,1,2
17298,BNS,316,1,1
17298,BNS,318,1,2
17298,BNS,310,1,3
17299,MV,185,1,1
17299,MV,184,1,2
17300,BNS,338,1,1
17300,IT,66D,1,2
17301,MV,185,1,1
17302,BNS,316,1,1
17303,BNS,140,1,1
17303,BNS,85,1,2
17303,BNS,80,1,3
17304,BNS,310,1,1
17304,BNS,316,1,2
17304,BNS,318,1,3
17305,BNS,64,1,1
17305,BNS,80,1,2
17305,BNS,78,1,3
17306,BNS,80,1,1
17306,BNS,78,1,2
17306,BNS,74,1,3
17307,BNS,303,1,1
17308,BNS,189,1,1
17308,BNS,196,1,2
17308,BNS,112,1,3
17309,BNS,140,1,1
17309,BNS,78,1,2
17309,BNS,85,1,3
17310,MV,185,1,1
17310,MV,184,1,2
17312,BNS,316,1,1
17313,BNS,331,1,1
17313,BNS,303,1,2
17314,IT,66D,1,1
17314,BNS,338,1,2
17314,BNS,318,1,3
17316,MV,185,1,1
17317,BNS,331,1,1
17318,POCSO,4,1,1
17318,POCSO,8,1,2
17319,BNS,331,1,1
17319,BNS,316,1,2
17320,BNS,318,1,1
17320,BNS,316,1,2
17320,BNS,331,1,3
17321,BNS,103,1,1
17321,BNS,115,1,2
17321,BNS,118,1,3
17322,IT,66D,1,1
17322,BNS,318,1,2
17322,BNS,338,1,3
17323,BNS,338,1,1
17324,BNS,309,1,1
17324,BNS,303,1,2
17325,BNS,310,1,1
17325,BNS,303,1,2
17326,BNS,78,1,1
17326,BNS,80,1,2
17327,BNS,305,1,1
17328,BNS,338,1,1
17328,BNS,318,1,2
17329,BNS,78,1,1
17329,BNS,64,1,2
17330,BNS,64,1,1
17331,BNS,309,1,1
17331,BNS,310,1,2
17331,BNS,316,1,3
17332,BNS,196,1,1
17334,BNS,331,1,1
17334,BNS,305,1,2
17334,BNS,318,1,3
17335,MV,185,1,1
17336,BNS,118,1,1
17336,BNS,103,1,2
17336,BNS,115,1,3
17337,MV,185,1,1
17337,MV,184,1,2
17338,BNS,109,1,1
17338,BNS,115,1,2
17338,BNS,118,1,3
17339,IT,66D,1,1
17339,IT,66C,1,2
17340,EXCISE,32,1,1
17340,ARMS,27,1,2
17340,NDPS,8,1,3
17341,BNS,309,1,1
17341,BNS,316,1,2
17341,BNS,331,1,3
17342,BNS,310,1,1
17342,BNS,303,1,2
17342,BNS,305,1,3
17343,BNS,310,1,1
17344,IT,66D,1,1
17344,BNS,338,1,2
17344,BNS,318,1,3
17345,BNS,74,1,1
17345,BNS,140,1,2
17346,BNS,305,1,1
17346,BNS,303,1,2
17346,BNS,309,1,3
17347,IT,66C,1,1
17347,IT,66,1,2
17348,BNS,305,1,1
17348,BNS,316,1,2
17349,BNS,105,1,1
17349,BNS,118,1,2
17349,BNS,115,1,3
17350,BNS,74,1,1
17351,BNS,80,1,1
17351,BNS,78,1,2
17351,BNS,85,1,3
17352,BNS,310,1,1
17352,BNS,331,1,2
17353,NDPS,8,1,1
17353,EXCISE,32,1,2
17354,BNS,309,1,1
17355,BNS,305,1,1
17355,BNS,303,1,2
17355,BNS,316,1,3
17356,BNS,318,1,1
17356,BNS,316,1,2
17356,BNS,331,1,3
17357,BNS,303,1,1
17358,BNS,318,1,1
17358,BNS,338,1,2
17358,IT,66D,1,3
17359,BNS,318,1,1
17360,PC,7,1,1
17361,BNS,331,1,1
17361,BNS,305,1,2
17362,BNS,310,1,1
17362,BNS,303,1,2
17362,BNS,316,1,3
17363,BNS,338,1,1
17363,IT,66D,1,2
17363,BNS,318,1,3
17365,MV,184,1,1
17366,BNS,140,1,1
17366,POCSO,4,1,2
17366,POCSO,8,1,3
17367,BNS,310,1,1
17367,BNS,309,1,2
17368,BNS,303,1,1
17369,MV,184,1,1
17369,MV,185,1,2
17370,BNS,191,1,1
17371,BNS,309,1,1
17371,BNS,331,1,2
17371,BNS,316,1,3
17372,MV,185,1,1
17372,MV,184,1,2
17373,BNS,318,1,1
17373,BNS,316,1,2
17373,BNS,331,1,3
17374,BNS,318,1,1
17374,BNS,305,1,2
17374,BNS,303,1,3
17375,BNS,78,1,1
17375,BNS,85,1,2
17376,BNS,140,1,1
17376,BNS,80,1,2
17376,BNS,85,1,3
17377,BNS,318,1,1
17378,MV,184,1,1
17378,MV,185,1,2
17379,BNS,338,1,1
17379,IT,66D,1,2
17379,BNS,318,1,3
17380,BNS,318,1,1
17380,IT,66D,1,2
17381,IT,66C,1,1
17382,BNS,338,1,1
17383,BNS,309,1,1
17383,BNS,303,1,2
17384,BNS,316,1,1
17385,BNS,318,1,1
17385,BNS,305,1,2
17385,BNS,331,1,3
17386,BNS,318,1,1
17387,BNS,331,1,1
17387,BNS,310,1,2
17388,BNS,115,1,1
17388,BNS,103,1,2
17388,BNS,118,1,3
17389,BNS,109,1,1
17390,IT,66D,1,1
17390,IT,66,1,2
17390,IT,66C,1,3
17391,BNS,140,1,1
17392,BNS,331,1,1
17392,BNS,305,1,2
17393,POCSO,4,1,1
17393,POCSO,8,1,2
17393,BNS,140,1,3
17394,BNS,318,1,1
17394,BNS,316,1,2
17395,BNS,309,1,1
17395,BNS,305,1,2
17395,BNS,318,1,3
17396,BNS,111,1,1
17396,BNS,189,1,2
17397,BNS,351,1,1
17398,MV,184,1,1
17398,MV,185,1,2
17399,BNS,309,1,1
17399,BNS,303,1,2
17399,BNS,331,1,3
17400,BNS,140,1,1
17400,BNS,74,1,2
17401,BNS,109,1,1
17401,BNS,105,1,2
17402,BNS,310,1,1
17403,MV,185,1,1
17403,MV,184,1,2
17404,BNS,303,1,1
17404,BNS,309,1,2
17405,BNS,109,1,1
17405,BNS,118,1,2
17406,BNS,64,1,1
17406,BNS,78,1,2
17408,BNS,310,1,1
17408,BNS,309,1,2
17409,BNS,310,1,1
17411,BNS,115,1,1
17412,BNS,331,1,1
17413,BNS,318,1,1
17414,BNS,318,1,1
17415,EXCISE,32,1,1
17415,ARMS,25,1,2
17415,NDPS,8,1,3
17416,IT,66C,1,1
17417,BNS,310,1,1
17418,BNS,78,1,1
17419,BNS,109,1,1
17419,BNS,118,1,2
17419,BNS,105,1,3
17420,IT,66C,1,1
17420,IT,66D,1,2
17421,BNS,78,1,1
17421,BNS,85,1,2
17421,BNS,140,1,3
17422,BNS,189,1,1
17423,IT,66D,1,1
17424,BNS,316,1,1
17424,BNS,309,1,2
17425,BNS,309,1,1
17425,BNS,303,1,2
17425,BNS,305,1,3
17426,BNS,318,1,1
17426,BNS,338,1,2
17427,ARMS,27,1,1
17428,BNS,78,1,1
17429,BNS,351,1,1
17429,BNS,111,1,2
17429,BNS,196,1,3
17430,BNS,303,1,1
17430,BNS,310,1,2
17431,BNS,115,1,1
17431,BNS,105,1,2
17432,BNS,331,1,1
17433,BNS,338,1,1
17434,BNS,309,1,1
17434,BNS,303,1,2
17435,IT,66C,1,1
17435,IT,66,1,2
17435,IT,66D,1,3
17436,BNS,74,1,1
17436,BNS,78,1,2
17436,BNS,85,1,3
17437,BNS,338,1,1
17438,BNS,318,1,1
17438,BNS,338,1,2
17439,BNS,309,1,1
17439,BNS,331,1,2
17439,BNS,318,1,3
17440,BNS,78,1,1
17440,BNS,140,1,2
17441,BNS,318,1,1
17441,IT,66D,1,2
17441,BNS,338,1,3
17442,BNS,303,1,1
17443,ARMS,25,1,1
17443,EXCISE,32,1,2
17443,NDPS,8,1,3
17444,BNS,310,1,1
17444,BNS,316,1,2
17444,BNS,318,1,3
17445,BNS,310,1,1
17446,BNS,351,1,1
17446,BNS,111,1,2
17446,BNS,191,1,3
17447,ARMS,27,1,1
17447,ARMS,25,1,2
17447,NDPS,21,1,3
17448,IT,66C,1,1
17448,IT,66D,1,2
17449,BNS,310,1,1
17449,BNS,305,1,2
17449,BNS,303,1,3
17450,ARMS,25,1,1
17450,NDPS,8,1,2
17450,EXCISE,32,1,3
17451,IT,66,1,1
17451,IT,66C,1,2
17452,BNS,118,1,1
17452,BNS,109,1,2
17453,BNS,318,1,1
17453,IT,66D,1,2
17453,BNS,338,1,3
17454,BNS,318,1,1
17454,BNS,338,1,2
17454,IT,66D,1,3
17455,PC,7,1,1
17456,BNS,310,1,1
17457,BNS,318,1,1
17459,BNS,310,1,1
17459,BNS,303,1,2
17459,BNS,316,1,3
17460,BNS,316,1,1
17460,BNS,318,1,2
17460,BNS,305,1,3
17462,MV,185,1,1
17463,BNS,115,1,1
17463,BNS,103,1,2
17464,BNS,316,1,1
17464,BNS,318,1,2
17465,MV,185,1,1
17465,MV,184,1,2
17466,BNS,318,1,1
17467,EXCISE,32,1,1
17467,NDPS,8,1,2
17467,ARMS,25,1,3
17468,BNS,305,1,1
17469,BNS,111,1,1
17470,BNS,78,1,1
17471,MV,184,1,1
17472,IT,66,1,1
17472,IT,66C,1,2
17472,IT,66D,1,3
17473,BNS,64,1,1
17474,MV,185,1,1
17474,MV,184,1,2
17475,BNS,318,1,1
17475,IT,66D,1,2
17475,BNS,338,1,3
17476,BNS,338,1,1
17477,NDPS,8,1,1
17477,EXCISE,32,1,2
17478,NDPS,8,1,1
17478,EXCISE,32,1,2
17479,BNS,78,1,1
17480,NDPS,21,1,1
17480,ARMS,27,1,2
17482,BNS,105,1,1
17482,BNS,103,1,2
17482,BNS,118,1,3
17483,BNS,310,1,1
17483,BNS,309,1,2
17484,BNS,310,1,1
17485,BNS,310,1,1
17486,BNS,331,1,1
17487,MV,184,1,1
17487,MV,185,1,2
17488,BNS,318,1,1
17488,IT,66D,1,2
17489,MV,185,1,1
17489,MV,184,1,2
17490,BNS,338,1,1
17490,BNS,318,1,2
17491,BNS,331,1,1
17491,BNS,310,1,2
17491,BNS,309,1,3
17492,NDPS,21,1,1
17492,ARMS,25,1,2
17493,MV,184,1,1
17494,BNS,316,1,1
17495,BNS,331,1,1
17495,BNS,303,1,2
17495,BNS,310,1,3
17496,EXCISE,32,1,1
17497,BNS,105,1,1
17497,BNS,118,1,2
17497,BNS,109,1,3
17498,POCSO,4,1,1
17498,POCSO,8,1,2
17498,BNS,140,1,3
17499,BNS,191,1,1
17499,BNS,111,1,2
17499,BNS,351,1,3
17500,MV,184,1,1
17501,BNS,191,1,1
17501,BNS,189,1,2
17502,BNS,310,1,1
17503,BNS,74,1,1
17503,BNS,140,1,2
17504,BNS,80,1,1
17504,BNS,74,1,2
17504,BNS,78,1,3
17505,BNS,103,1,1
17506,BNS,105,1,1
17506,BNS,103,1,2
17507,MV,184,1,1
17507,MV,185,1,2
17508,IT,66D,1,1
17508,IT,66,1,2
17508,IT,66C,1,3
17509,BNS,118,1,1
17509,BNS,105,1,2
17510,BNS,112,1,1
17512,BNS,310,1,1
17513,BNS,316,1,1
17513,BNS,303,1,2
17513,BNS,331,1,3
17514,EXCISE,32,1,1
17514,ARMS,25,1,2
17515,BNS,309,1,1
17515,BNS,305,1,2
17516,BNS,305,1,1
17517,BNS,305,1,1
17517,BNS,303,1,2
17518,BNS,309,1,1
17518,BNS,331,1,2
17518,BNS,305,1,3
17519,BNS,331,1,1
17520,BNS,351,1,1
17521,BNS,303,1,1
17521,BNS,310,1,2
17521,BNS,309,1,3
17522,BNS,310,1,1
17523,BNS,118,1,1
17523,BNS,115,1,2
17524,BNS,305,1,1
17524,BNS,318,1,2
17525,POCSO,8,1,1
17525,POCSO,4,1,2
17525,BNS,140,1,3
17526,MV,185,1,1
17527,BNS,318,1,1
17527,BNS,338,1,2
17527,IT,66D,1,3
17528,BNS,118,1,1
17529,MV,184,1,1
17530,BNS,318,1,1
17530,BNS,338,1,2
17531,BNS,111,1,1
17531,BNS,351,1,2
17531,BNS,112,1,3
17532,BNS,309,1,1
17532,BNS,316,1,2
17533,BNS,310,1,1
17533,BNS,303,1,2
17534,BNS,316,1,1
17534,BNS,305,1,2
17535,BNS,74,1,1
17536,MV,185,1,1
17537,BNS,115,1,1
17537,BNS,109,1,2
17537,BNS,118,1,3
17538,BNS,338,1,1
17538,IT,66D,1,2
17538,BNS,318,1,3
17539,BNS,109,1,1
17539,BNS,115,1,2
17540,BNS,318,1,1
17541,BNS,309,1,1
17542,BNS,309,1,1
17542,BNS,303,1,2
17542,BNS,305,1,3
17543,BNS,305,1,1
17543,BNS,316,1,2
17543,BNS,303,1,3
17544,BNS,105,1,1
17544,BNS,118,1,2
17545,BNS,316,1,1
17546,BNS,318,1,1
17546,BNS,305,1,2
17546,BNS,309,1,3
17547,BNS,109,1,1
17547,BNS,103,1,2
17548,MV,184,1,1
17548,MV,185,1,2
17549,NDPS,20,1,1
17550,BNS,338,1,1
17550,BNS,318,1,2
17550,IT,66D,1,3
17551,ARMS,27,1,1
17552,BNS,303,1,1
17552,BNS,316,1,2
17553,MV,185,1,1
17553,MV,184,1,2
17554,BNS,309,1,1
17555,MV,185,1,1
17556,BNS,303,1,1
17557,BNS,310,1,1
17557,BNS,331,1,2
17557,BNS,318,1,3
17558,BNS,305,1,1
17558,BNS,309,1,2
17558,BNS,331,1,3
17559,MV,184,1,1
17560,BNS,74,1,1
17560,BNS,64,1,2
17560,BNS,78,1,3
17561,BNS,64,1,1
17561,BNS,80,1,2
17562,ARMS,25,1,1
17562,NDPS,20,1,2
17562,NDPS,21,1,3
17563,BNS,316,1,1
17563,BNS,331,1,2
17563,BNS,305,1,3
17565,BNS,112,1,1
17565,BNS,191,1,2
17566,BNS,80,1,1
17566,BNS,78,1,2
17566,BNS,140,1,3
17567,BNS,310,1,1
17567,BNS,305,1,2
17567,BNS,309,1,3
17568,BNS,305,1,1
17568,BNS,309,1,2
17569,EXCISE,32,1,1
17569,ARMS,27,1,2
17570,BNS,305,1,1
17571,BNS,74,1,1
17571,BNS,64,1,2
17571,BNS,85,1,3
17572,BNS,140,1,1
17573,BNS,303,1,1
17573,BNS,309,1,2
17573,BNS,316,1,3
17574,BNS,316,1,1
17574,BNS,318,1,2
17575,EXCISE,32,1,1
17575,NDPS,8,1,2
17576,BNS,351,1,1
17577,IT,66D,1,1
17577,BNS,338,1,2
17577,BNS,318,1,3
17578,BNS,309,1,1
17578,BNS,303,1,2
17578,BNS,305,1,3
17579,BNS,316,1,1
17579,BNS,303,1,2
17579,BNS,331,1,3
17580,BNS,140,1,1
17580,BNS,78,1,2
17580,BNS,64,1,3
17581,BNS,310,1,1
17581,BNS,303,1,2
17581,BNS,309,1,3
17582,BNS,111,1,1
17582,BNS,351,1,2
17583,BNS,191,1,1
17583,BNS,111,1,2
17583,BNS,196,1,3
17584,MV,185,1,1
17584,MV,184,1,2
17585,BNS,338,1,1
17585,BNS,318,1,2
17586,BNS,303,1,1
17586,BNS,309,1,2
17587,BNS,115,1,1
17588,BNS,103,1,1
17588,BNS,109,1,2
17588,BNS,118,1,3
17589,BNS,189,1,1
17589,BNS,191,1,2
17590,IT,66D,1,1
17590,BNS,318,1,2
17591,BNS,103,1,1
17591,BNS,109,1,2
17592,EXCISE,32,1,1
17592,ARMS,25,1,2
17592,ARMS,27,1,3
17593,MV,184,1,1
17594,BNS,105,1,1
17594,BNS,118,1,2
17594,BNS,103,1,3
17595,BNS,78,1,1
17596,BNS,140,1,1
17596,POCSO,8,1,2
17597,BNS,318,1,1
17598,BNS,118,1,1
17598,BNS,115,1,2
17599,BNS,191,1,1
17599,BNS,112,1,2
17600,BNS,310,1,1
17600,BNS,316,1,2
17600,BNS,303,1,3
17601,BNS,316,1,1
17601,BNS,310,1,2
17602,BNS,303,1,1
17603,MV,185,1,1
17604,BNS,64,1,1
17604,BNS,78,1,2
17604,BNS,140,1,3
17605,BNS,309,1,1
17605,BNS,310,1,2
17606,BNS,318,1,1
17606,BNS,309,1,2
17606,BNS,310,1,3
17608,MV,185,1,1
17608,MV,184,1,2
17609,BNS,331,1,1
17609,BNS,310,1,2
17610,BNS,189,1,1
17611,MV,184,1,1
17611,MV,185,1,2
17612,BNS,74,1,1
17612,BNS,80,1,2
17612,BNS,140,1,3
17613,BNS,338,1,1
17613,BNS,318,1,2
17614,MV,185,1,1
17615,MV,185,1,1
17615,MV,184,1,2
17616,BNS,309,1,1
17616,BNS,331,1,2
17616,BNS,305,1,3
17617,BNS,105,1,1
17617,BNS,118,1,2
17617,BNS,109,1,3
17618,BNS,105,1,1
17618,BNS,109,1,2
17619,BNS,309,1,1
17620,BNS,316,1,1
17621,BNS,112,1,1
17621,BNS,189,1,2
17621,BNS,351,1,3
17622,BNS,309,1,1
17622,BNS,310,1,2
17623,EXCISE,32,1,1
17624,BNS,109,1,1
17624,BNS,118,1,2
17624,BNS,115,1,3
17625,BNS,316,1,1
17625,BNS,305,1,2
17625,BNS,331,1,3
17626,BNS,318,1,1
17626,BNS,303,1,2
17628,BNS,80,1,1
17629,MV,184,1,1
17629,MV,185,1,2
17631,BNS,303,1,1
17631,BNS,305,1,2
17631,BNS,331,1,3
17632,BNS,316,1,1
17632,BNS,305,1,2
17632,BNS,309,1,3
17633,BNS,118,1,1
17633,BNS,105,1,2
17634,IT,66D,1,1
17634,BNS,318,1,2
17634,BNS,338,1,3
17635,BNS,351,1,1
17635,BNS,196,1,2
17635,BNS,191,1,3
17636,BNS,316,1,1
17636,BNS,331,1,2
17637,MV,184,1,1
17638,BNS,64,1,1
17638,BNS,85,1,2
17638,BNS,74,1,3
17639,BNS,111,1,1
17639,BNS,196,1,2
17640,BNS,78,1,1
17640,BNS,80,1,2
17641,BNS,140,1,1
17641,BNS,74,1,2
17641,BNS,85,1,3
17642,BNS,309,1,1
17642,BNS,310,1,2
17642,BNS,303,1,3
17643,BNS,316,1,1
17643,BNS,305,1,2
17643,BNS,331,1,3
17644,BNS,309,1,1
17645,BNS,80,1,1
17646,IT,66,1,1
17647,BNS,316,1,1
17647,BNS,318,1,2
17647,BNS,305,1,3
17648,MV,184,1,1
17649,BNS,316,1,1
17649,BNS,310,1,2
17650,BNS,109,1,1
17652,BNS,305,1,1
17652,BNS,331,1,2
17653,BNS,305,1,1
17653,BNS,331,1,2
17654,BNS,316,1,1
17655,BNS,103,1,1
17655,BNS,118,1,2
17656,BNS,309,1,1
17657,IT,66D,1,1
17657,BNS,318,1,2
17658,BNS,196,1,1
17658,BNS,112,1,2
17660,BNS,85,1,1
17660,BNS,64,1,2
17661,BNS,118,1,1
17661,BNS,115,1,2
17661,BNS,103,1,3
17662,BNS,316,1,1
17663,BNS,338,1,1
17663,IT,66D,1,2
17664,BNS,115,1,1
17665,BNS,303,1,1
17665,BNS,318,1,2
17666,BNS,318,1,1
17667,BNS,109,1,1
17667,BNS,103,1,2
17667,BNS,115,1,3
17668,BNS,318,1,1
17668,BNS,309,1,2
17668,BNS,305,1,3
17669,MV,184,1,1
17670,BNS,318,1,1
17670,BNS,331,1,2
17671,BNS,80,1,1
17672,ARMS,25,1,1
17673,BNS,318,1,1
17675,BNS,316,1,1
17675,BNS,305,1,2
17675,BNS,303,1,3
17676,BNS,64,1,1
17676,BNS,80,1,2
17677,MV,184,1,1
17677,MV,185,1,2
17678,BNS,74,1,1
17678,BNS,80,1,2
17679,IT,66,1,1
17679,IT,66D,1,2
17679,IT,66C,1,3
17680,BNS,316,1,1
17681,BNS,105,1,1
17681,BNS,118,1,2
17682,BNS,338,1,1
17682,IT,66D,1,2
17683,MV,185,1,1
17683,MV,184,1,2
17684,BNS,338,1,1
17685,BNS,316,1,1
17685,BNS,331,1,2
17686,BNS,318,1,1
17686,IT,66D,1,2
17687,BNS,118,1,1
17688,BNS,318,1,1
17688,BNS,303,1,2
17688,BNS,305,1,3
17689,BNS,318,1,1
17690,MV,184,1,1
17690,MV,185,1,2
17691,MV,184,1,1
17691,MV,185,1,2
17692,BNS,118,1,1
17693,BNS,191,1,1
17693,BNS,189,1,2
17693,BNS,351,1,3
17694,BNS,331,1,1
17694,BNS,303,1,2
17694,BNS,318,1,3
17695,BNS,109,1,1
17696,NDPS,21,1,1
17697,MV,185,1,1
17698,BNS,78,1,1
17698,BNS,80,1,2
17699,BNS,303,1,1
17699,BNS,318,1,2
17700,BNS,309,1,1
17700,BNS,303,1,2
17701,MV,185,1,1
17701,MV,184,1,2
17702,BNS,310,1,1
17702,BNS,331,1,2
17702,BNS,305,1,3
17703,BNS,318,1,1
17704,BNS,85,1,1
17704,BNS,78,1,2
17704,BNS,80,1,3
17705,NDPS,20,1,1
17705,NDPS,21,1,2
17706,BNS,331,1,1
17707,EXCISE,32,1,1
17707,ARMS,25,1,2
17707,ARMS,27,1,3
17708,BNS,305,1,1
17709,BNS,78,1,1
17709,BNS,140,1,2
17709,BNS,74,1,3
17710,BNS,303,1,1
17711,IT,66D,1,1
17711,BNS,318,1,2
17712,BNS,331,1,1
17712,BNS,303,1,2
17713,BNS,140,1,1
17713,POCSO,4,1,2
17713,POCSO,8,1,3
17714,BNS,85,1,1
17714,BNS,140,1,2
17715,BNS,109,1,1
17715,BNS,115,1,2
17716,BNS,115,1,1
17717,BNS,309,1,1
17717,BNS,331,1,2
17719,BNS,105,1,1
17719,BNS,118,1,2
17720,BNS,310,1,1
17720,BNS,318,1,2
17720,BNS,309,1,3
17721,BNS,303,1,1
17722,BNS,115,1,1
17723,BNS,331,1,1
17723,BNS,305,1,2
17724,BNS,338,1,1
17724,BNS,318,1,2
17724,IT,66D,1,3
17725,MV,184,1,1
17726,BNS,109,1,1
17727,BNS,318,1,1
17727,BNS,303,1,2
17729,BNS,318,1,1
17729,IT,66D,1,2
17730,BNS,310,1,1
17730,BNS,309,1,2
17731,BNS,115,1,1
17731,BNS,103,1,2
17731,BNS,109,1,3
17732,BNS,305,1,1
17732,BNS,331,1,2
17732,BNS,309,1,3
17733,NDPS,8,1,1
17733,NDPS,20,1,2
17733,NDPS,21,1,3
17734,BNS,310,1,1
17734,BNS,331,1,2
17734,BNS,318,1,3
17735,MV,184,1,1
17736,BNS,85,1,1
17737,BNS,305,1,1
17737,BNS,318,1,2
17738,BNS,78,1,1
17738,BNS,80,1,2
17738,BNS,74,1,3
17739,BNS,331,1,1
17740,EXCISE,32,1,1
17741,BNS,331,1,1
17741,BNS,316,1,2
17742,BNS,331,1,1
17742,BNS,305,1,2
17742,BNS,316,1,3
17744,BNS,103,1,1
17745,BNS,303,1,1
17745,BNS,331,1,2
17746,BNS,310,1,1
17746,BNS,303,1,2
17747,BNS,303,1,1
17747,BNS,318,1,2
17749,BNS,316,1,1
17749,BNS,331,1,2
17749,BNS,303,1,3
17750,BNS,318,1,1
17750,BNS,338,1,2
17752,BNS,118,1,1
17752,BNS,105,1,2
17753,BNS,80,1,1
17753,BNS,85,1,2
17754,ARMS,27,1,1
17754,NDPS,8,1,2
17755,BNS,331,1,1
17756,BNS,310,1,1
17756,BNS,303,1,2
17757,BNS,103,1,1
17757,BNS,105,1,2
17757,BNS,115,1,3
17758,BNS,331,1,1
17758,BNS,309,1,2
17758,BNS,305,1,3
17760,BNS,310,1,1
17760,BNS,316,1,2
17760,BNS,318,1,3
17761,BNS,331,1,1
17762,BNS,310,1,1
17763,BNS,78,1,1
17764,BNS,303,1,1
17764,BNS,310,1,2
17764,BNS,309,1,3
17765,MV,185,1,1
17765,MV,184,1,2
17766,MV,185,1,1
17766,MV,184,1,2
17767,BNS,318,1,1
17768,MV,184,1,1
17769,BNS,310,1,1
17769,BNS,318,1,2
17769,BNS,303,1,3
17770,BNS,318,1,1
17771,IT,66D,1,1
17772,BNS,318,1,1
17772,BNS,331,1,2
17773,EXCISE,32,1,1
17773,NDPS,8,1,2
17773,ARMS,25,1,3
17774,BNS,118,1,1
17774,BNS,115,1,2
17775,IT,66D,1,1
17775,BNS,338,1,2
17775,BNS,318,1,3
17776,ARMS,25,1,1
17777,BNS,338,1,1
17777,IT,66D,1,2
17778,BNS,115,1,1
17778,BNS,103,1,2
17779,MV,184,1,1
17779,MV,185,1,2
17780,BNS,115,1,1
17780,BNS,105,1,2
17781,BNS,316,1,1
17781,BNS,310,1,2
17782,BNS,310,1,1
17783,BNS,318,1,1
17783,IT,66D,1,2
17783,BNS,338,1,3
17784,BNS,338,1,1
17784,BNS,318,1,2
17784,IT,66D,1,3
17785,BNS,309,1,1
17786,BNS,115,1,1
17787,BNS,140,1,1
17787,BNS,80,1,2
17787,BNS,74,1,3
17788,BNS,105,1,1
17788,BNS,109,1,2
17789,IT,66,1,1
17790,BNS,109,1,1
17790,BNS,115,1,2
17790,BNS,103,1,3
17791,IT,66D,1,1
17791,BNS,338,1,2
17792,BNS,105,1,1
17793,BNS,115,1,1
17793,BNS,118,1,2
17794,BNS,316,1,1
17794,BNS,310,1,2
17794,BNS,318,1,3
17795,BNS,109,1,1
17795,BNS,115,1,2
17795,BNS,105,1,3
17796,BNS,105,1,1
17796,BNS,103,1,2
17796,BNS,115,1,3
17797,BNS,85,1,1
17797,BNS,74,1,2
17797,BNS,80,1,3
17798,BNS,191,1,1
17798,BNS,351,1,2
17799,MV,185,1,1
17799,MV,184,1,2
17800,IT,66,1,1
17800,IT,66C,1,2
17800,IT,66D,1,3
17801,MV,184,1,1
17802,BNS,140,1,1
17802,BNS,85,1,2
17802,BNS,74,1,3
17803,IT,66,1,1
17803,IT,66C,1,2
17803,IT,66D,1,3
17804,NDPS,20,1,1
17804,ARMS,27,1,2
17805,BNS,331,1,1
17805,BNS,310,1,2
17806,BNS,309,1,1
17807,BNS,80,1,1
17807,BNS,140,1,2
17808,BNS,316,1,1
17808,BNS,303,1,2
17809,BNS,303,1,1
17810,MV,184,1,1
17811,BNS,338,1,1
17811,BNS,318,1,2
17812,BNS,318,1,1
17813,BNS,303,1,1
17813,BNS,305,1,2
17813,BNS,309,1,3
17814,MV,184,1,1
17814,MV,185,1,2
17815,BNS,140,1,1
17815,BNS,85,1,2
17815,BNS,74,1,3
17816,IT,66D,1,1
17817,BNS,115,1,1
17817,BNS,103,1,2
17817,BNS,118,1,3
17819,BNS,112,1,1
17819,BNS,351,1,2
17819,BNS,191,1,3
17820,IT,66D,1,1
17820,BNS,338,1,2
17821,BNS,331,1,1
17821,BNS,309,1,2
17821,BNS,305,1,3
17822,BNS,109,1,1
17822,BNS,115,1,2
17823,BNS,303,1,1
17823,BNS,309,1,2
17824,BNS,305,1,1
17824,BNS,310,1,2
17825,BNS,303,1,1
17825,BNS,309,1,2
17826,BNS,303,1,1
17827,IT,66D,1,1
17827,IT,66C,1,2
17827,IT,66,1,3
17828,BNS,310,1,1
17828,BNS,305,1,2
17829,BNS,74,1,1
17829,BNS,64,1,2
17829,BNS,140,1,3
17830,MV,185,1,1
17831,BNS,318,1,1
17831,BNS,338,1,2
17831,IT,66D,1,3
17832,BNS,112,1,1
17832,BNS,189,1,2
17833,BNS,318,1,1
17833,BNS,316,1,2
17833,BNS,305,1,3
17834,BNS,310,1,1
17834,BNS,305,1,2
17834,BNS,309,1,3
17835,EXCISE,32,1,1
17835,NDPS,21,1,2
17835,ARMS,27,1,3
17836,MV,185,1,1
17836,MV,184,1,2
17837,BNS,105,1,1
17837,BNS,115,1,2
17838,BNS,318,1,1
17838,BNS,309,1,2
17838,BNS,310,1,3
17839,BNS,303,1,1
17839,BNS,318,1,2
17840,BNS,318,1,1
17840,BNS,338,1,2
17841,BNS,305,1,1
17842,BNS,310,1,1
17843,BNS,309,1,1
17844,BNS,309,1,1
17845,BNS,64,1,1
17845,BNS,140,1,2
17845,BNS,74,1,3
17846,BNS,191,1,1
17846,BNS,189,1,2
17846,BNS,196,1,3
17847,MV,184,1,1
17847,MV,185,1,2
17848,BNS,191,1,1
17848,BNS,189,1,2
17848,BNS,196,1,3
17849,BNS,64,1,1
17849,BNS,74,1,2
17850,BNS,80,1,1
17850,BNS,74,1,2
17851,IT,66D,1,1
17851,BNS,318,1,2
17852,BNS,78,1,1
17853,NDPS,21,1,1
17853,ARMS,25,1,2
17854,NDPS,21,1,1
17854,NDPS,8,1,2
17855,MV,184,1,1
17856,MV,184,1,1
17856,MV,185,1,2
17857,BNS,331,1,1
17858,BNS,109,1,1
17858,BNS,118,1,2
17859,BNS,316,1,1
17859,BNS,318,1,2
17859,BNS,309,1,3
17860,BNS,318,1,1
17861,BNS,140,1,1
17861,BNS,85,1,2
17862,MV,185,1,1
17863,BNS,338,1,1
17863,BNS,318,1,2
17864,ARMS,25,1,1
17864,ARMS,27,1,2
17866,BNS,80,1,1
17867,MV,185,1,1
17868,BNS,338,1,1
17868,IT,66D,1,2
17868,BNS,318,1,3
17870,IT,66D,1,1
17871,BNS,338,1,1
17871,IT,66D,1,2
17871,BNS,318,1,3
17872,MV,185,1,1
17873,BNS,338,1,1
17874,BNS,309,1,1
17875,BNS,78,1,1
17875,BNS,85,1,2
17875,BNS,74,1,3
17877,ARMS,25,1,1
17878,BNS,309,1,1
17878,BNS,316,1,2
17878,BNS,310,1,3
17879,BNS,78,1,1
17880,BNS,189,1,1
17880,BNS,111,1,2
17881,MV,185,1,1
17882,BNS,338,1,1
17882,BNS,318,1,2
17882,IT,66D,1,3
17883,BNS,80,1,1
17884,BNS,305,1,1
17884,BNS,303,1,2
17884,BNS,318,1,3
17886,MV,184,1,1
17886,MV,185,1,2
17887,BNS,105,1,1
17888,BNS,318,1,1
17888,IT,66D,1,2
17889,BNS,318,1,1
17889,BNS,309,1,2
17889,BNS,305,1,3
17890,BNS,189,1,1
17891,BNS,309,1,1
17891,BNS,310,1,2
17891,BNS,318,1,3
17892,BNS,109,1,1
17892,BNS,103,1,2
17892,BNS,115,1,3
17893,MV,184,1,1
17893,MV,185,1,2
17894,BNS,305,1,1
17894,BNS,310,1,2
17895,BNS,318,1,1
17895,BNS,338,1,2
17896,BNS,140,1,1
17896,BNS,85,1,2
17896,BNS,64,1,3
17897,IT,66,1,1
17897,IT,66C,1,2
17898,POCSO,4,1,1
17898,BNS,140,1,2
17898,POCSO,8,1,3
17899,MV,184,1,1
17899,MV,185,1,2
17900,NDPS,20,1,1
17901,BNS,309,1,1
17901,BNS,305,1,2
17902,BNS,318,1,1
17902,BNS,305,1,2
17902,BNS,316,1,3
17903,BNS,74,1,1
17904,BNS,318,1,1
17905,BNS,115,1,1
17906,BNS,112,1,1
17906,BNS,191,1,2
17907,MV,184,1,1
17907,MV,185,1,2
17908,MV,184,1,1
17908,MV,185,1,2
17909,BNS,303,1,1
17910,BNS,115,1,1
17910,BNS,105,1,2
17910,BNS,118,1,3
17911,EXCISE,32,1,1
17911,ARMS,25,1,2
17912,BNS,189,1,1
17912,BNS,112,1,2
17912,BNS,191,1,3
17913,BNS,103,1,1
17913,BNS,105,1,2
17914,BNS,331,1,1
17915,MV,184,1,1
17915,MV,185,1,2
17916,MV,184,1,1
17917,BNS,305,1,1
17917,BNS,318,1,2
17917,BNS,310,1,3
17918,BNS,316,1,1
17919,BNS,331,1,1
17920,BNS,109,1,1
17920,BNS,118,1,2
17920,BNS,103,1,3
17921,BNS,109,1,1
17921,BNS,103,1,2
17922,BNS,140,1,1
17923,BNS,85,1,1
17924,BNS,316,1,1
17924,BNS,309,1,2
17925,BNS,309,1,1
17926,BNS,331,1,1
17926,BNS,305,1,2
17927,BNS,316,1,1
17927,BNS,331,1,2
17927,BNS,309,1,3
17928,BNS,78,1,1
17929,BNS,305,1,1
17930,BNS,303,1,1
17930,BNS,331,1,2
17931,IT,66C,1,1
17931,IT,66,1,2
17931,IT,66D,1,3
17932,BNS,111,1,1
17932,BNS,196,1,2
17934,BNS,85,1,1
17935,BNS,331,1,1
17935,BNS,303,1,2
17935,BNS,305,1,3
17936,BNS,115,1,1
17936,BNS,109,1,2
17937,BNS,303,1,1
17937,BNS,318,1,2
17938,BNS,189,1,1
17939,BNS,331,1,1
17940,BNS,305,1,1
17940,BNS,310,1,2
17941,BNS,303,1,1
17941,BNS,331,1,2
17942,BNS,115,1,1
17942,BNS,109,1,2
17944,BNS,338,1,1
17945,NDPS,20,1,1
17945,NDPS,21,1,2
17945,ARMS,25,1,3
17946,BNS,305,1,1
17946,BNS,310,1,2
17946,BNS,316,1,3
17947,MV,184,1,1
17948,BNS,309,1,1
17949,BNS,189,1,1
17950,IT,66D,1,1
17951,BNS,331,1,1
17951,BNS,310,1,2
17952,BNS,64,1,1
17952,BNS,85,1,2
17953,BNS,351,1,1
17954,BNS,303,1,1
17955,MV,184,1,1
17956,BNS,331,1,1
17956,BNS,318,1,2
17956,BNS,303,1,3
17957,BNS,310,1,1
17958,IT,66D,1,1
17958,BNS,338,1,2
17958,BNS,318,1,3
17959,BNS,309,1,1
17959,BNS,303,1,2
17960,BNS,109,1,1
17960,BNS,115,1,2
17960,BNS,103,1,3
17961,ARMS,27,1,1
17962,IT,66D,1,1
17962,IT,66C,1,2
17963,BNS,115,1,1
17963,BNS,105,1,2
17964,BNS,64,1,1
17964,BNS,140,1,2
17965,POCSO,8,1,1
17965,BNS,140,1,2
17966,BNS,118,1,1
17966,BNS,103,1,2
17967,BNS,191,1,1
17967,BNS,189,1,2
17967,BNS,196,1,3
17968,IT,66D,1,1
17968,IT,66,1,2
17969,MV,185,1,1
17970,BNS,140,1,1
17971,BNS,316,1,1
17971,BNS,331,1,2
17971,BNS,310,1,3
17972,BNS,331,1,1
17972,BNS,318,1,2
17973,BNS,305,1,1
17973,BNS,303,1,2
17974,NDPS,8,1,1
17974,ARMS,27,1,2
17975,MV,184,1,1
17976,BNS,105,1,1
17976,BNS,115,1,2
17977,BNS,303,1,1
17978,IT,66D,1,1
17979,BNS,338,1,1
17979,BNS,318,1,2
17979,IT,66D,1,3
17980,BNS,303,1,1
17981,BNS,338,1,1
17982,BNS,318,1,1
17982,BNS,338,1,2
17983,IT,66D,1,1
17984,BNS,140,1,1
17985,BNS,103,1,1
17985,BNS,109,1,2
17985,BNS,118,1,3
17986,IT,66D,1,1
17987,IT,66D,1,1
17988,BNS,309,1,1
17989,BNS,303,1,1
17989,BNS,310,1,2
17989,BNS,318,1,3
17990,BNS,331,1,1
17990,BNS,316,1,2
17991,MV,185,1,1
17991,MV,184,1,2
17992,BNS,103,1,1
17992,BNS,105,1,2
17992,BNS,109,1,3
17993,BNS,318,1,1
17993,BNS,338,1,2
17994,BNS,109,1,1
17995,IT,66C,1,1
17996,BNS,318,1,1
17996,BNS,331,1,2
17996,BNS,303,1,3
17997,BNS,338,1,1
17998,BNS,85,1,1
17998,BNS,80,1,2
17999,BNS,189,1,1
18000,BNS,103,1,1
18000,BNS,109,1,2
18000,BNS,118,1,3
18001,NDPS,20,1,1
18001,NDPS,21,1,2
18001,ARMS,27,1,3
18002,BNS,338,1,1
18004,BNS,189,1,1
18004,BNS,191,1,2
18004,BNS,351,1,3
18005,BNS,196,1,1
18006,BNS,111,1,1
18006,BNS,189,1,2
18007,BNS,118,1,1
18007,BNS,115,1,2
18008,MV,184,1,1
18008,MV,185,1,2
18009,BNS,305,1,1
18009,BNS,318,1,2
18009,BNS,310,1,3
18010,BNS,338,1,1
18011,BNS,309,1,1
18012,BNS,338,1,1
18013,BNS,305,1,1
18014,BNS,310,1,1
18014,BNS,305,1,2
18014,BNS,318,1,3
18015,IT,66D,1,1
18015,IT,66C,1,2
18016,BNS,305,1,1
18017,MV,184,1,1
18018,BNS,338,1,1
18018,IT,66D,1,2
18018,BNS,318,1,3
18020,BNS,338,1,1
18021,BNS,351,1,1
18022,POCSO,4,1,1
18022,BNS,140,1,2
18022,POCSO,8,1,3
18023,BNS,309,1,1
18023,BNS,331,1,2
18023,BNS,303,1,3
18024,BNS,331,1,1
18024,BNS,309,1,2
18024,BNS,305,1,3
18025,BNS,303,1,1
18025,BNS,310,1,2
18026,MV,184,1,1
18027,BNS,338,1,1
18028,BNS,318,1,1
18029,ARMS,27,1,1
18029,ARMS,25,1,2
18029,NDPS,8,1,3
18030,IT,66D,1,1
18031,BNS,318,1,1
18032,BNS,310,1,1
18032,BNS,316,1,2
18033,MV,184,1,1
18033,MV,185,1,2
18034,BNS,310,1,1
18034,BNS,318,1,2
18035,BNS,331,1,1
18035,BNS,305,1,2
18036,BNS,103,1,1
18036,BNS,109,1,2
18037,BNS,109,1,1
18037,BNS,118,1,2
18038,PC,7,1,1
18039,MV,184,1,1
18040,BNS,109,1,1
18040,BNS,118,1,2
18040,BNS,103,1,3
18041,BNS,305,1,1
18042,BNS,318,1,1
18042,BNS,338,1,2
18043,BNS,318,1,1
18043,BNS,305,1,2
18043,BNS,331,1,3
18044,BNS,74,1,1
18045,BNS,316,1,1
18046,BNS,115,1,1
18047,BNS,118,1,1
18048,BNS,103,1,1
18048,BNS,118,1,2
18049,BNS,115,1,1
18050,BNS,318,1,1
18051,IT,66D,1,1
18051,BNS,318,1,2
18051,BNS,338,1,3
18052,IT,66,1,1
18053,BNS,318,1,1
18053,BNS,331,1,2
18054,BNS,316,1,1
18054,BNS,318,1,2
18054,BNS,309,1,3
18055,BNS,316,1,1
18055,BNS,318,1,2
18056,BNS,196,1,1
18057,BNS,80,1,1
18057,BNS,64,1,2
18058,BNS,303,1,1
18058,BNS,310,1,2
18058,BNS,309,1,3
18059,BNS,118,1,1
18059,BNS,115,1,2
18059,BNS,105,1,3
18060,IT,66D,1,1
18060,BNS,318,1,2
18060,BNS,338,1,3
18061,MV,185,1,1
18061,MV,184,1,2
18062,BNS,318,1,1
18062,IT,66D,1,2
18063,BNS,196,1,1
18065,BNS,303,1,1
18065,BNS,331,1,2
18065,BNS,309,1,3
18066,BNS,338,1,1
18067,BNS,316,1,1
18067,BNS,310,1,2
18069,IT,66D,1,1
18069,BNS,338,1,2
18070,BNS,309,1,1
18070,BNS,316,1,2
18071,BNS,331,1,1
18072,IT,66D,1,1
18072,BNS,318,1,2
18072,BNS,338,1,3
18073,BNS,80,1,1
18073,BNS,64,1,2
18074,PC,7,1,1
18075,BNS,118,1,1
18075,BNS,109,1,2
18075,BNS,103,1,3
18076,BNS,85,1,1
18076,BNS,140,1,2
18076,BNS,64,1,3
18077,BNS,103,1,1
18078,BNS,303,1,1
18079,EXCISE,32,1,1
18079,NDPS,20,1,2
18080,BNS,318,1,1
18081,BNS,118,1,1
18081,BNS,109,1,2
18082,NDPS,20,1,1
18082,NDPS,21,1,2
18082,ARMS,25,1,3
18083,BNS,78,1,1
18085,BNS,109,1,1
18085,BNS,118,1,2
18085,BNS,103,1,3
18086,MV,184,1,1
18087,BNS,318,1,1
18087,BNS,316,1,2
18087,BNS,309,1,3
18088,BNS,351,1,1
18089,BNS,105,1,1
18089,BNS,109,1,2
18089,BNS,115,1,3
18090,BNS,105,1,1
18090,BNS,109,1,2
18090,BNS,115,1,3
18091,BNS,310,1,1
18091,BNS,309,1,2
18091,BNS,305,1,3
18092,MV,185,1,1
18093,MV,184,1,1
18094,BNS,309,1,1
18094,BNS,303,1,2
18094,BNS,305,1,3
18095,MV,184,1,1
18095,MV,185,1,2
18096,BNS,303,1,1
18096,BNS,305,1,2
18097,BNS,331,1,1
18097,BNS,316,1,2
18098,BNS,64,1,1
18098,BNS,78,1,2
18098,BNS,74,1,3
18099,BNS,305,1,1
18099,BNS,303,1,2
18099,BNS,318,1,3
18100,BNS,331,1,1
18100,BNS,318,1,2
18100,BNS,303,1,3
18101,BNS,309,1,1
18101,BNS,318,1,2
18101,BNS,310,1,3
18102,BNS,115,1,1
18102,BNS,118,1,2
18102,BNS,105,1,3
18103,BNS,305,1,1
18103,BNS,316,1,2
18103,BNS,310,1,3
18104,BNS,303,1,1
18104,BNS,309,1,2
18104,BNS,318,1,3
18105,BNS,103,1,1
18105,BNS,105,1,2
18106,BNS,309,1,1
18107,BNS,316,1,1
18107,BNS,310,1,2
18107,BNS,309,1,3
18108,BNS,109,1,1
18109,BNS,331,1,1
18109,BNS,303,1,2
18110,BNS,316,1,1
18111,BNS,74,1,1
18111,BNS,78,1,2
18112,BNS,310,1,1
18112,BNS,303,1,2
18112,BNS,316,1,3
18114,BNS,191,1,1
18114,BNS,351,1,2
18115,BNS,316,1,1
18115,BNS,309,1,2
18115,BNS,310,1,3
18116,BNS,115,1,1
18118,BNS,105,1,1
18120,IT,66D,1,1
18120,BNS,338,1,2
18121,EXCISE,32,1,1
18121,ARMS,27,1,2
18121,NDPS,20,1,3
18123,IT,66D,1,1
18123,BNS,338,1,2
18124,MV,185,1,1
18126,BNS,109,1,1
18126,BNS,115,1,2
18127,BNS,80,1,1
18127,BNS,78,1,2
18127,BNS,85,1,3
18128,BNS,74,1,1
18128,BNS,78,1,2
18129,MV,185,1,1
18129,MV,184,1,2
18130,BNS,64,1,1
18131,BNS,318,1,1
18131,BNS,310,1,2
18132,BNS,305,1,1
18132,BNS,303,1,2
18132,BNS,309,1,3
18133,NDPS,8,1,1
18133,NDPS,21,1,2
18134,IT,66D,1,1
18134,BNS,338,1,2
18134,BNS,318,1,3
18135,BNS,105,1,1
18135,BNS,103,1,2
18136,ARMS,25,1,1
18136,ARMS,27,1,2
18137,BNS,310,1,1
18137,BNS,303,1,2
18137,BNS,309,1,3
18138,MV,185,1,1
18139,BNS,74,1,1
18139,BNS,78,1,2
18139,BNS,140,1,3
18140,BNS,316,1,1
18140,BNS,303,1,2
18140,BNS,310,1,3
18141,BNS,303,1,1
18141,BNS,318,1,2
18142,BNS,305,1,1
18143,BNS,316,1,1
18143,BNS,309,1,2
18143,BNS,310,1,3
18144,BNS,309,1,1
18144,BNS,318,1,2
18144,BNS,331,1,3
18145,BNS,309,1,1
18145,BNS,303,1,2
18146,BNS,310,1,1
18146,BNS,303,1,2
18146,BNS,309,1,3
18147,BNS,318,1,1
18147,IT,66D,1,2
18147,BNS,338,1,3
18148,POCSO,4,1,1
18148,POCSO,8,1,2
18149,BNS,80,1,1
18150,BNS,303,1,1
18150,BNS,309,1,2
18150,BNS,318,1,3
18151,BNS,305,1,1
18152,BNS,305,1,1
18152,BNS,303,1,2
18153,MV,184,1,1
18154,BNS,118,1,1
18154,BNS,109,1,2
18155,BNS,331,1,1
18156,IT,66C,1,1
18157,BNS,318,1,1
18158,MV,184,1,1
18159,BNS,338,1,1
18159,BNS,318,1,2
18159,IT,66D,1,3
18160,MV,184,1,1
18160,MV,185,1,2
18161,BNS,74,1,1
18161,BNS,140,1,2
18161,BNS,85,1,3
18162,BNS,303,1,1
18162,BNS,305,1,2
18163,BNS,305,1,1
18164,BNS,318,1,1
18164,IT,66D,1,2
18165,BNS,318,1,1
18165,IT,66D,1,2
18166,BNS,318,1,1
18167,BNS,316,1,1
18167,BNS,305,1,2
18168,IT,66D,1,1
18168,BNS,318,1,2
18169,BNS,78,1,1
18169,BNS,140,1,2
18170,ARMS,25,1,1
18171,BNS,115,1,1
18172,BNS,310,1,1
18173,BNS,305,1,1
18173,BNS,309,1,2
18174,BNS,85,1,1
18175,BNS,303,1,1
18176,BNS,303,1,1
18176,BNS,318,1,2
18177,BNS,305,1,1
18178,BNS,196,1,1
18179,BNS,74,1,1
18179,BNS,140,1,2
18180,MV,185,1,1
18180,MV,184,1,2
18181,BNS,78,1,1
18181,BNS,74,1,2
18181,BNS,85,1,3
18182,BNS,196,1,1
18183,BNS,191,1,1
18183,BNS,189,1,2
18183,BNS,351,1,3
18184,BNS,118,1,1
18185,BNS,109,1,1
18185,BNS,103,1,2
18185,BNS,118,1,3
18186,BNS,303,1,1
18186,BNS,318,1,2
18186,BNS,309,1,3
18187,BNS,118,1,1
18188,BNS,303,1,1
18188,BNS,316,1,2
18189,MV,184,1,1
18189,MV,185,1,2
18190,NDPS,20,1,1
18190,EXCISE,32,1,2
18191,POCSO,8,1,1
18191,POCSO,4,1,2
18192,NDPS,20,1,1
18192,ARMS,27,1,2
18193,BNS,103,1,1
18194,BNS,316,1,1
18195,BNS,318,1,1
18195,IT,66D,1,2
18195,BNS,338,1,3
18196,BNS,80,1,1
18197,BNS,118,1,1
18198,BNS,115,1,1
18198,BNS,105,1,2
18198,BNS,103,1,3
18199,BNS,310,1,1
18199,BNS,316,1,2
18199,BNS,309,1,3
18200,BNS,318,1,1
18200,IT,66D,1,2
18201,BNS,85,1,1
18201,BNS,74,1,2
18201,BNS,140,1,3
18202,MV,184,1,1
18202,MV,185,1,2
18203,MV,184,1,1
18203,MV,185,1,2
18204,EXCISE,32,1,1
18204,ARMS,25,1,2
18205,BNS,316,1,1
18207,BNS,103,1,1
18207,BNS,109,1,2
18207,BNS,105,1,3
18208,MV,184,1,1
18209,BNS,338,1,1
18209,BNS,318,1,2
18209,IT,66D,1,3
18210,BNS,318,1,1
18210,IT,66D,1,2
18210,BNS,338,1,3
18211,BNS,338,1,1
18211,BNS,318,1,2
18212,IT,66D,1,1
18212,BNS,318,1,2
18212,BNS,338,1,3
18213,BNS,309,1,1
18214,BNS,115,1,1
18214,BNS,118,1,2
18215,BNS,316,1,1
18216,BNS,310,1,1
18216,BNS,316,1,2
18217,BNS,318,1,1
18217,BNS,303,1,2
18218,BNS,318,1,1
18219,IT,66D,1,1
18219,BNS,318,1,2
18220,BNS,111,1,1
18220,BNS,196,1,2
18220,BNS,112,1,3
18221,BNS,115,1,1
18221,BNS,118,1,2
18222,BNS,140,1,1
18223,BNS,331,1,1
18223,BNS,305,1,2
18224,BNS,115,1,1
18224,BNS,109,1,2
18225,BNS,303,1,1
18225,BNS,316,1,2
18226,BNS,318,1,1
18227,BNS,318,1,1
18227,IT,66D,1,2
18227,BNS,338,1,3
18228,BNS,338,1,1
18228,BNS,318,1,2
18228,IT,66D,1,3
18229,BNS,318,1,1
18229,BNS,338,1,2
18230,IT,66D,1,1
18232,POCSO,8,1,1
18232,BNS,140,1,2
18232,POCSO,4,1,3
18233,POCSO,4,1,1
18234,NDPS,21,1,1
18235,BNS,105,1,1
18236,NDPS,21,1,1
18236,ARMS,27,1,2
18236,NDPS,20,1,3
18237,BNS,316,1,1
18237,BNS,331,1,2
18237,BNS,310,1,3
18238,BNS,338,1,1
18238,BNS,318,1,2
18238,IT,66D,1,3
18239,BNS,303,1,1
18240,IT,66D,1,1
18240,BNS,338,1,2
18242,BNS,103,1,1
18242,BNS,105,1,2
18243,BNS,331,1,1
18243,BNS,309,1,2
18244,BNS,196,1,1
18244,BNS,189,1,2
18244,BNS,111,1,3
18245,IT,66D,1,1
18245,IT,66,1,2
18245,IT,66C,1,3
18246,BNS,303,1,1
18247,BNS,318,1,1
18247,BNS,338,1,2
18247,IT,66D,1,3
18248,BNS,316,1,1
18248,BNS,331,1,2
18249,MV,184,1,1
18249,MV,185,1,2
18250,BNS,316,1,1
18250,BNS,303,1,2
18251,BNS,109,1,1
18252,BNS,118,1,1
18252,BNS,105,1,2
18253,BNS,85,1,1
18253,BNS,64,1,2
18254,MV,184,1,1
18255,MV,185,1,1
18256,BNS,316,1,1
18256,BNS,305,1,2
18257,BNS,338,1,1
18257,BNS,318,1,2
18257,IT,66D,1,3
18258,IT,66D,1,1
18258,BNS,318,1,2
18261,BNS,112,1,1
18261,BNS,189,1,2
18261,BNS,351,1,3
18262,MV,184,1,1
18263,ARMS,25,1,1
18263,NDPS,8,1,2
18264,MV,185,1,1
18265,BNS,309,1,1
18266,BNS,305,1,1
18266,BNS,318,1,2
18266,BNS,310,1,3
18267,BNS,74,1,1
18267,BNS,85,1,2
18267,BNS,140,1,3
18269,MV,184,1,1
18271,BNS,112,1,1
18271,BNS,111,1,2
18272,BNS,115,1,1
18273,BNS,115,1,1
18273,BNS,105,1,2
18274,BNS,338,1,1
18274,BNS,318,1,2
18274,IT,66D,1,3
18275,BNS,64,1,1
18276,BNS,118,1,1
18276,BNS,105,1,2
18277,BNS,331,1,1
18278,BNS,74,1,1
18278,BNS,85,1,2
18278,BNS,80,1,3
18279,MV,185,1,1
18280,BNS,191,1,1
18280,BNS,112,1,2
18280,BNS,351,1,3
18281,BNS,316,1,1
18282,MV,185,1,1
18282,MV,184,1,2
18283,BNS,310,1,1
18283,BNS,331,1,2
18284,BNS,74,1,1
18284,BNS,80,1,2
18284,BNS,78,1,3
18285,BNS,191,1,1
18286,BNS,338,1,1
18287,MV,185,1,1
18288,IT,66D,1,1
18289,BNS,305,1,1
18289,BNS,318,1,2
18290,BNS,305,1,1
18290,BNS,303,1,2
18290,BNS,309,1,3
18291,BNS,189,1,1
18292,NDPS,8,1,1
18292,ARMS,25,1,2
18292,NDPS,21,1,3
18293,BNS,318,1,1
18294,BNS,191,1,1
18294,BNS,112,1,2
18296,BNS,316,1,1
18296,BNS,331,1,2
18297,BNS,305,1,1
18298,BNS,309,1,1
18298,BNS,316,1,2
18298,BNS,318,1,3
18299,BNS,316,1,1
18299,BNS,331,1,2
18299,BNS,303,1,3
18300,BNS,310,1,1
18300,BNS,309,1,2
18300,BNS,331,1,3
18301,MV,185,1,1
18301,MV,184,1,2
18302,BNS,318,1,1
18303,NDPS,21,1,1
18303,ARMS,25,1,2
18304,BNS,78,1,1
18305,IT,66D,1,1
18306,IT,66D,1,1
18307,BNS,309,1,1
18307,BNS,303,1,2
18308,BNS,310,1,1
18308,BNS,318,1,2
18309,BNS,78,1,1
18310,MV,185,1,1
18311,NDPS,20,1,1
18312,MV,184,1,1
18313,BNS,331,1,1
18313,BNS,310,1,2
18313,BNS,318,1,3
18314,BNS,318,1,1
18314,BNS,309,1,2
18315,BNS,303,1,1
18315,BNS,309,1,2
18315,BNS,318,1,3
18316,BNS,309,1,1
18317,BNS,316,1,1
18317,BNS,309,1,2
18317,BNS,303,1,3
18318,BNS,74,1,1
18318,BNS,78,1,2
18319,BNS,78,1,1
18319,BNS,140,1,2
18319,BNS,85,1,3
18320,BNS,109,1,1
18320,BNS,118,1,2
18320,BNS,105,1,3
18321,BNS,309,1,1
18321,BNS,310,1,2
18322,MV,185,1,1
18324,BNS,318,1,1
18324,BNS,338,1,2
18324,IT,66D,1,3
18325,BNS,310,1,1
18326,BNS,303,1,1
18326,BNS,309,1,2
18328,BNS,305,1,1
18329,BNS,310,1,1
18330,BNS,331,1,1
18330,BNS,316,1,2
18331,IT,66D,1,1
18331,BNS,318,1,2
18332,BNS,303,1,1
18333,BNS,112,1,1
18333,BNS,189,1,2
18334,MV,185,1,1
18334,MV,184,1,2
18335,MV,184,1,1
18336,BNS,316,1,1
18336,BNS,318,1,2
18336,BNS,303,1,3
18337,BNS,303,1,1
18338,BNS,105,1,1
18338,BNS,115,1,2
18338,BNS,118,1,3
18339,NDPS,21,1,1
18339,NDPS,8,1,2
18339,NDPS,20,1,3
18340,MV,184,1,1
18340,MV,185,1,2
18341,BNS,310,1,1
18342,BNS,85,1,1
18342,BNS,140,1,2
18344,BNS,80,1,1
18344,BNS,78,1,2
18345,BNS,318,1,1
18345,BNS,338,1,2
18345,IT,66D,1,3
18346,MV,185,1,1
18347,BNS,338,1,1
18347,IT,66D,1,2
18347,BNS,318,1,3
18348,BNS,338,1,1
18348,IT,66D,1,2
18348,BNS,318,1,3
18349,BNS,338,1,1
18349,BNS,318,1,2
18350,IT,66D,1,1
18351,ARMS,25,1,1
18351,EXCISE,32,1,2
18352,BNS,318,1,1
18352,BNS,309,1,2
18352,BNS,310,1,3
18354,BNS,309,1,1
18355,BNS,305,1,1
18355,BNS,310,1,2
18355,BNS,318,1,3
18356,MV,184,1,1
18357,BNS,103,1,1
18358,BNS,140,1,1
18358,BNS,78,1,2
18358,BNS,80,1,3
18359,BNS,105,1,1
18360,BNS,318,1,1
18360,IT,66D,1,2
18361,MV,185,1,1
18361,MV,184,1,2
18362,BNS,196,1,1
18363,BNS,196,1,1
18366,BNS,331,1,1
18366,BNS,318,1,2
18366,BNS,316,1,3
18367,MV,184,1,1
18367,MV,185,1,2
18368,BNS,318,1,1
18368,BNS,309,1,2
18369,BNS,318,1,1
18370,BNS,303,1,1
18371,IT,66D,1,1
18371,BNS,338,1,2
18371,BNS,318,1,3
18372,BNS,103,1,1
18372,BNS,105,1,2
18372,BNS,109,1,3
18373,BNS,303,1,1
18373,BNS,310,1,2
18374,BNS,105,1,1
18375,BNS,85,1,1
18375,BNS,140,1,2
18375,BNS,74,1,3
18376,IT,66D,1,1
18377,BNS,318,1,1
18377,BNS,331,1,2
18377,BNS,305,1,3
18378,BNS,331,1,1
18379,BNS,316,1,1
18380,BNS,310,1,1
18380,BNS,305,1,2
18381,BNS,103,1,1
18381,BNS,105,1,2
18381,BNS,109,1,3
18382,BNS,318,1,1
18382,IT,66D,1,2
18382,BNS,338,1,3
18384,MV,185,1,1
18385,IT,66D,1,1
18385,BNS,338,1,2
18386,BNS,310,1,1
18387,BNS,316,1,1
18388,BNS,309,1,1
18388,BNS,303,1,2
18388,BNS,305,1,3
18389,BNS,318,1,1
18389,BNS,316,1,2
18390,MV,185,1,1
18390,MV,184,1,2
18392,BNS,310,1,1
18393,BNS,80,1,1
18393,BNS,140,1,2
18393,BNS,64,1,3
18394,BNS,316,1,1
18394,BNS,310,1,2
18395,BNS,309,1,1
18395,BNS,316,1,2
18395,BNS,331,1,3
18396,BNS,112,1,1
18396,BNS,189,1,2
18397,BNS,338,1,1
18397,IT,66D,1,2
18397,BNS,318,1,3
18398,MV,184,1,1
18398,MV,185,1,2
18399,BNS,305,1,1
18399,BNS,303,1,2
18399,BNS,309,1,3
18400,BNS,109,1,1
18401,BNS,109,1,1
18401,BNS,105,1,2
18402,MV,184,1,1
18402,MV,185,1,2
18404,BNS,80,1,1
18405,BNS,305,1,1
18405,BNS,309,1,2
18406,BNS,305,1,1
18407,BNS,316,1,1
18407,BNS,331,1,2
18407,BNS,318,1,3
18408,BNS,112,1,1
18408,BNS,191,1,2
18408,BNS,111,1,3
18409,MV,185,1,1
18409,MV,184,1,2
18410,BNS,318,1,1
18410,BNS,338,1,2
18411,MV,185,1,1
18411,MV,184,1,2
18412,NDPS,8,1,1
18412,NDPS,21,1,2
18412,NDPS,20,1,3
18413,NDPS,20,1,1
18413,EXCISE,32,1,2
18413,ARMS,25,1,3
18414,EXCISE,32,1,1
18414,NDPS,21,1,2
18414,NDPS,20,1,3
18415,POCSO,8,1,1
18415,POCSO,4,1,2
18415,BNS,140,1,3
18416,BNS,338,1,1
18417,BNS,331,1,1
18417,BNS,305,1,2
18418,MV,184,1,1
18418,MV,185,1,2
18419,MV,185,1,1
18419,MV,184,1,2
18420,BNS,74,1,1
18420,BNS,64,1,2
18421,BNS,78,1,1
18421,BNS,80,1,2
18422,BNS,196,1,1
18422,BNS,191,1,2
18423,BNS,338,1,1
18423,BNS,318,1,2
18424,MV,185,1,1
18424,MV,184,1,2
18425,BNS,318,1,1
18425,BNS,331,1,2
18425,BNS,305,1,3
18426,BNS,351,1,1
18426,BNS,189,1,2
18426,BNS,191,1,3
18427,BNS,310,1,1
18427,BNS,309,1,2
18427,BNS,305,1,3
18428,BNS,105,1,1
18429,BNS,310,1,1
18429,BNS,309,1,2
18429,BNS,316,1,3
18430,IT,66D,1,1
18430,BNS,338,1,2
18430,BNS,318,1,3
18431,BNS,331,1,1
18431,BNS,310,1,2
18431,BNS,318,1,3
18432,BNS,303,1,1
18432,BNS,305,1,2
18432,BNS,309,1,3
18433,BNS,338,1,1
18434,BNS,318,1,1
18435,MV,184,1,1
18435,MV,185,1,2
18437,BNS,80,1,1
18437,BNS,85,1,2
18438,BNS,303,1,1
18438,BNS,309,1,2
18439,BNS,318,1,1
18439,BNS,305,1,2
18439,BNS,316,1,3
18440,NDPS,20,1,1
18440,NDPS,21,1,2
18440,EXCISE,32,1,3
18441,EXCISE,32,1,1
18441,ARMS,27,1,2
18441,NDPS,21,1,3
18442,BNS,105,1,1
18442,BNS,118,1,2
18443,BNS,310,1,1
18443,BNS,303,1,2
18444,IT,66D,1,1
18444,BNS,338,1,2
18444,BNS,318,1,3
18446,BNS,303,1,1
18447,BNS,318,1,1
18448,BNS,305,1,1
18449,PC,7,1,1
18450,BNS,112,1,1
18450,BNS,196,1,2
18451,MV,185,1,1
18452,BNS,103,1,1
18453,BNS,309,1,1
18454,BNS,351,1,1
18454,BNS,111,1,2
18454,BNS,196,1,3
18455,NDPS,20,1,1
18455,ARMS,25,1,2
18456,MV,184,1,1
18456,MV,185,1,2
18457,IT,66D,1,1
18458,MV,185,1,1
18458,MV,184,1,2
18459,BNS,316,1,1
18460,BNS,316,1,1
18460,BNS,305,1,2
18461,BNS,103,1,1
18461,BNS,115,1,2
18461,BNS,109,1,3
18462,BNS,316,1,1
18462,BNS,309,1,2
18463,BNS,118,1,1
18464,MV,185,1,1
18464,MV,184,1,2
18465,MV,184,1,1
18465,MV,185,1,2
18466,MV,184,1,1
18466,MV,185,1,2
18467,BNS,318,1,1
18467,BNS,305,1,2
18468,BNS,331,1,1
18468,BNS,316,1,2
18469,BNS,105,1,1
18470,BNS,309,1,1
18471,BNS,310,1,1
18471,BNS,303,1,2
18472,BNS,310,1,1
18472,BNS,305,1,2
18472,BNS,309,1,3
18473,BNS,316,1,1
18473,BNS,309,1,2
18473,BNS,331,1,3
18475,BNS,310,1,1
18475,BNS,316,1,2
18475,BNS,303,1,3
18476,BNS,310,1,1
18476,BNS,331,1,2
18476,BNS,305,1,3
18477,BNS,338,1,1
18477,BNS,318,1,2
18477,IT,66D,1,3
18478,BNS,103,1,1
18478,BNS,115,1,2
18480,BNS,309,1,1
18481,MV,185,1,1
18482,BNS,103,1,1
18482,BNS,109,1,2
18482,BNS,115,1,3
18483,MV,185,1,1
18484,BNS,305,1,1
18484,BNS,318,1,2
18485,BNS,191,1,1
18485,BNS,112,1,2
18486,BNS,316,1,1
18486,BNS,309,1,2
18486,BNS,303,1,3
18487,IT,66D,1,1
18487,BNS,338,1,2
18487,BNS,318,1,3
18488,MV,184,1,1
18489,MV,185,1,1
18490,BNS,109,1,1
18490,BNS,105,1,2
18491,BNS,309,1,1
18491,BNS,305,1,2
18493,BNS,189,1,1
18493,BNS,111,1,2
18494,BNS,318,1,1
18495,IT,66D,1,1
18495,BNS,318,1,2
18496,BNS,74,1,1
18496,BNS,140,1,2
18496,BNS,64,1,3
18497,BNS,310,1,1
18497,BNS,305,1,2
18497,BNS,303,1,3
18498,BNS,309,1,1
18498,BNS,303,1,2
18499,BNS,316,1,1
18499,BNS,305,1,2
18499,BNS,318,1,3
18500,BNS,331,1,1
18500,BNS,310,1,2
18501,BNS,78,1,1
18501,BNS,140,1,2
18501,BNS,85,1,3
18502,BNS,318,1,1
18502,IT,66D,1,2
18502,BNS,338,1,3
18503,BNS,196,1,1
18504,BNS,309,1,1
18505,BNS,105,1,1
18506,BNS,103,1,1
18506,BNS,105,1,2
18507,BNS,316,1,1
18507,BNS,309,1,2
18507,BNS,310,1,3
18508,BNS,316,1,1
18508,BNS,309,1,2
18508,BNS,305,1,3
18509,BNS,318,1,1
18509,BNS,305,1,2
18509,BNS,331,1,3
18510,BNS,305,1,1
18510,BNS,331,1,2
18511,NDPS,20,1,1
18512,BNS,109,1,1
18513,IT,66D,1,1
18513,BNS,318,1,2
18514,BNS,118,1,1
18515,BNS,64,1,1
18516,MV,184,1,1
18517,BNS,303,1,1
18518,BNS,140,1,1
18519,BNS,140,1,1
18519,BNS,78,1,2
18519,BNS,80,1,3
18520,MV,184,1,1
18521,BNS,310,1,1
18522,EXCISE,32,1,1
18523,MV,184,1,1
18523,MV,185,1,2
18524,BNS,196,1,1
18524,BNS,112,1,2
18525,BNS,118,1,1
18526,MV,184,1,1
18527,BNS,111,1,1
18527,BNS,196,1,2
18528,NDPS,20,1,1
18529,BNS,316,1,1
18530,MV,185,1,1
18530,MV,184,1,2
18531,BNS,64,1,1
18531,BNS,78,1,2
18531,BNS,140,1,3
18532,BNS,112,1,1
18533,IT,66D,1,1
18533,BNS,338,1,2
18534,BNS,303,1,1
18535,BNS,196,1,1
18535,BNS,111,1,2
18535,BNS,351,1,3
18536,BNS,103,1,1
18536,BNS,115,1,2
18536,BNS,109,1,3
18537,IT,66D,1,1
18537,BNS,338,1,2
18538,ARMS,25,1,1
18538,NDPS,21,1,2
18539,BNS,318,1,1
18540,BNS,305,1,1
18540,BNS,316,1,2
18540,BNS,309,1,3
18541,BNS,303,1,1
18541,BNS,331,1,2
18541,BNS,309,1,3
18542,BNS,318,1,1
18543,POCSO,8,1,1
18544,BNS,303,1,1
18545,BNS,111,1,1
18546,BNS,316,1,1
18546,BNS,303,1,2
18547,BNS,305,1,1
18548,BNS,305,1,1
18548,BNS,331,1,2
18548,BNS,309,1,3
18549,BNS,109,1,1
18549,BNS,103,1,2
18550,IT,66D,1,1
18550,BNS,338,1,2
18550,BNS,318,1,3
18551,MV,184,1,1
18552,BNS,303,1,1
18552,BNS,305,1,2
18553,BNS,351,1,1
18553,BNS,189,1,2
18553,BNS,111,1,3
18554,BNS,115,1,1
18555,BNS,115,1,1
18556,BNS,103,1,1
18556,BNS,118,1,2
18557,BNS,318,1,1
18557,BNS,303,1,2
18557,BNS,309,1,3
18558,MV,184,1,1
18559,BNS,85,1,1
18560,BNS,309,1,1
18560,BNS,310,1,2
18561,BNS,318,1,1
18561,BNS,303,1,2
18561,BNS,309,1,3
18562,BNS,331,1,1
18563,BNS,351,1,1
18563,BNS,111,1,2
18564,BNS,331,1,1
18564,BNS,318,1,2
18564,BNS,310,1,3
18565,BNS,318,1,1
18566,BNS,310,1,1
18567,IT,66D,1,1
18567,BNS,338,1,2
18567,BNS,318,1,3
18568,BNS,305,1,1
18569,IT,66D,1,1
18569,BNS,338,1,2
18569,BNS,318,1,3
18570,BNS,318,1,1
18571,BNS,331,1,1
18571,BNS,316,1,2
18571,BNS,305,1,3
18572,BNS,74,1,1
18573,BNS,310,1,1
18573,BNS,318,1,2
18573,BNS,305,1,3
18574,BNS,103,1,1
18574,BNS,115,1,2
18575,MV,184,1,1
18575,MV,185,1,2
18576,BNS,338,1,1
18576,IT,66D,1,2
18577,BNS,316,1,1
18578,BNS,305,1,1
18578,BNS,316,1,2
18578,BNS,303,1,3
18579,BNS,331,1,1
18579,BNS,303,1,2
18579,BNS,305,1,3
18580,BNS,140,1,1
18581,BNS,103,1,1
18581,BNS,109,1,2
18581,BNS,115,1,3
18583,BNS,316,1,1
18584,BNS,331,1,1
18584,BNS,305,1,2
18584,BNS,309,1,3
18585,BNS,80,1,1
18586,BNS,351,1,1
18587,BNS,109,1,1
18588,BNS,331,1,1
18589,BNS,85,1,1
18589,BNS,78,1,2
18589,BNS,74,1,3
18590,BNS,105,1,1
18590,BNS,115,1,2
18590,BNS,109,1,3
18591,BNS,338,1,1
18592,BNS,305,1,1
18592,BNS,309,1,2
18592,BNS,303,1,3
18593,BNS,118,1,1
18594,MV,185,1,1
18594,MV,184,1,2
18595,BNS,316,1,1
18595,BNS,310,1,2
18595,BNS,331,1,3
18596,BNS,338,1,1
18596,IT,66D,1,2
18597,BNS,103,1,1
18597,BNS,105,1,2
18598,BNS,303,1,1
18598,BNS,316,1,2
18600,BNS,115,1,1
18600,BNS,105,1,2
18600,BNS,109,1,3
18601,BNS,310,1,1
18601,BNS,316,1,2
18601,BNS,309,1,3
18602,BNS,303,1,1
18603,IT,66D,1,1
18603,BNS,338,1,2
18603,BNS,318,1,3
18604,MV,184,1,1
18605,BNS,318,1,1
18605,IT,66D,1,2
18605,BNS,338,1,3
18606,BNS,331,1,1
18606,BNS,316,1,2
18607,MV,184,1,1
18608,BNS,309,1,1
18609,BNS,310,1,1
18610,BNS,118,1,1
18610,BNS,103,1,2
18610,BNS,115,1,3
18611,MV,184,1,1
18612,BNS,109,1,1
18612,BNS,115,1,2
18613,MV,185,1,1
18613,MV,184,1,2
18614,BNS,140,1,1
18614,BNS,78,1,2
18614,BNS,64,1,3
18615,BNS,310,1,1
18615,BNS,303,1,2
18616,BNS,64,1,1
18617,BNS,338,1,1
18617,IT,66D,1,2
18617,BNS,318,1,3
18619,BNS,316,1,1
18619,BNS,318,1,2
18620,BNS,115,1,1
18620,BNS,109,1,2
18621,BNS,115,1,1
18621,BNS,109,1,2
18622,BNS,338,1,1
18623,MV,185,1,1
18624,BNS,115,1,1
18624,BNS,109,1,2
18625,IT,66D,1,1
18625,BNS,318,1,2
18625,BNS,338,1,3
18626,EXCISE,32,1,1
18626,ARMS,27,1,2
18626,NDPS,21,1,3
18627,BNS,305,1,1
18627,BNS,331,1,2
18627,BNS,318,1,3
18628,MV,185,1,1
18628,MV,184,1,2
18629,BNS,191,1,1
18630,BNS,85,1,1
18631,MV,184,1,1
18632,BNS,310,1,1
18632,BNS,305,1,2
18633,BNS,305,1,1
18633,BNS,309,1,2
18633,BNS,331,1,3
18634,BNS,191,1,1
18634,BNS,112,1,2
18634,BNS,189,1,3
18635,BNS,189,1,1
18635,BNS,196,1,2
18635,BNS,112,1,3
18636,MV,185,1,1
18637,BNS,103,1,1
18637,BNS,118,1,2
18637,BNS,109,1,3
18638,BNS,305,1,1
18639,BNS,305,1,1
18639,BNS,309,1,2
18639,BNS,331,1,3
18640,BNS,310,1,1
18640,BNS,309,1,2
18640,BNS,305,1,3
18641,BNS,316,1,1
18642,IT,66C,1,1
18642,IT,66D,1,2
18643,BNS,115,1,1
18643,BNS,109,1,2
18644,BNS,303,1,1
18644,BNS,331,1,2
18645,NDPS,20,1,1
18645,EXCISE,32,1,2
18646,POCSO,8,1,1
18647,BNS,80,1,1
18647,BNS,85,1,2
18647,BNS,74,1,3
18649,BNS,318,1,1
18649,BNS,331,1,2
18650,BNS,303,1,1
18651,BNS,310,1,1
18651,BNS,316,1,2
18651,BNS,318,1,3
18652,BNS,310,1,1
18652,BNS,318,1,2
18652,BNS,303,1,3
18653,BNS,303,1,1
18653,BNS,331,1,2
18653,BNS,316,1,3
18654,BNS,103,1,1
18654,BNS,105,1,2
18655,BNS,338,1,1
18655,BNS,318,1,2
18655,IT,66D,1,3
18656,BNS,109,1,1
18657,BNS,111,1,1
18657,BNS,191,1,2
18657,BNS,189,1,3
18658,IT,66,1,1
18658,IT,66C,1,2
18658,IT,66D,1,3
18659,BNS,78,1,1
18659,BNS,85,1,2
18659,BNS,80,1,3
18660,NDPS,21,1,1
18660,ARMS,25,1,2
18660,NDPS,8,1,3
18661,BNS,305,1,1
18662,MV,185,1,1
18663,NDPS,20,1,1
18663,EXCISE,32,1,2
18664,BNS,318,1,1
18664,BNS,303,1,2
18665,BNS,103,1,1
18665,BNS,118,1,2
18665,BNS,109,1,3
18666,BNS,316,1,1
18666,BNS,318,1,2
18666,BNS,303,1,3
18667,BNS,318,1,1
18668,BNS,331,1,1
18668,BNS,303,1,2
18668,BNS,305,1,3
18669,BNS,115,1,1
18669,BNS,105,1,2
18669,BNS,118,1,3
18670,BNS,191,1,1
18670,BNS,196,1,2
18671,IT,66C,1,1
18672,BNS,103,1,1
18673,BNS,316,1,1
18673,BNS,305,1,2
18674,BNS,331,1,1
18674,BNS,303,1,2
18675,BNS,78,1,1
18675,BNS,85,1,2
18675,BNS,74,1,3
18676,BNS,309,1,1
18676,BNS,316,1,2
18676,BNS,310,1,3
18677,BNS,111,1,1
18678,BNS,318,1,1
18678,IT,66D,1,2
18679,BNS,103,1,1
18679,BNS,118,1,2
18679,BNS,105,1,3
18680,BNS,103,1,1
18681,IT,66D,1,1
18681,BNS,338,1,2
18682,BNS,115,1,1
18682,BNS,105,1,2
18683,BNS,303,1,1
18683,BNS,305,1,2
18683,BNS,316,1,3
18684,IT,66D,1,1
18684,IT,66,1,2
18684,IT,66C,1,3
18685,BNS,305,1,1
18686,BNS,310,1,1
18686,BNS,318,1,2
18686,BNS,316,1,3
18687,BNS,310,1,1
18688,BNS,318,1,1
18688,BNS,305,1,2
18688,BNS,316,1,3
18690,EXCISE,32,1,1
18691,MV,185,1,1
18691,MV,184,1,2
18692,BNS,310,1,1
18692,BNS,316,1,2
18692,BNS,303,1,3
18693,EXCISE,32,1,1
18694,BNS,318,1,1
18694,BNS,316,1,2
18695,IT,66D,1,1
18695,IT,66C,1,2
18696,IT,66D,1,1
18696,BNS,338,1,2
18696,BNS,318,1,3
18697,BNS,309,1,1
18697,BNS,310,1,2
18698,MV,185,1,1
18698,MV,184,1,2
18699,PC,7,1,1
18700,BNS,303,1,1
18700,BNS,309,1,2
18700,BNS,305,1,3
18701,BNS,338,1,1
18703,BNS,105,1,1
18703,BNS,118,1,2
18704,BNS,74,1,1
18705,BNS,310,1,1
18705,BNS,318,1,2
18706,IT,66C,1,1
18707,BNS,85,1,1
18707,BNS,140,1,2
18707,BNS,80,1,3
18708,BNS,189,1,1
18708,BNS,112,1,2
18708,BNS,351,1,3
18709,BNS,140,1,1
18709,BNS,85,1,2
18710,MV,185,1,1
18710,MV,184,1,2
18711,BNS,112,1,1
18711,BNS,196,1,2
18712,BNS,305,1,1
18712,BNS,309,1,2
18713,BNS,318,1,1
18713,BNS,303,1,2
18713,BNS,309,1,3
18714,BNS,118,1,1
18714,BNS,105,1,2
18715,BNS,309,1,1
18715,BNS,305,1,2
18715,BNS,331,1,3
18716,MV,184,1,1
18717,ARMS,27,1,1
18717,ARMS,25,1,2
18717,NDPS,21,1,3
18718,ARMS,27,1,1
18718,NDPS,20,1,2
18718,NDPS,8,1,3
18719,MV,185,1,1
18719,MV,184,1,2
18720,BNS,318,1,1
18721,BNS,109,1,1
18722,BNS,303,1,1
18722,BNS,309,1,2
18723,POCSO,4,1,1
18723,POCSO,8,1,2
18723,BNS,140,1,3
18724,BNS,318,1,1
18724,BNS,310,1,2
18724,BNS,305,1,3
18725,BNS,303,1,1
18725,BNS,305,1,2
18725,BNS,310,1,3
18727,BNS,318,1,1
18727,BNS,331,1,2
18728,BNS,318,1,1
18729,BNS,303,1,1
18730,BNS,309,1,1
18731,BNS,316,1,1
18732,BNS,64,1,1
18732,BNS,140,1,2
18733,MV,184,1,1
18733,MV,185,1,2
18734,NDPS,20,1,1
18735,BNS,305,1,1
18735,BNS,303,1,2
18735,BNS,318,1,3
18736,BNS,309,1,1
18737,NDPS,8,1,1
18737,ARMS,25,1,2
18737,EXCISE,32,1,3
18738,BNS,115,1,1
18738,BNS,109,1,2
18739,BNS,196,1,1
18739,BNS,111,1,2
18740,BNS,331,1,1
18740,BNS,316,1,2
18740,BNS,310,1,3
18741,MV,185,1,1
18742,IT,66D,1,1
18742,BNS,338,1,2
18743,BNS,303,1,1
18743,BNS,331,1,2
18743,BNS,309,1,3
18744,MV,184,1,1
18744,MV,185,1,2
18745,BNS,310,1,1
18745,BNS,316,1,2
18746,BNS,303,1,1
18746,BNS,309,1,2
18746,BNS,316,1,3
18747,BNS,318,1,1
18747,IT,66D,1,2
18747,BNS,338,1,3
18748,BNS,303,1,1
18748,BNS,305,1,2
18748,BNS,331,1,3
18749,BNS,303,1,1
18749,BNS,309,1,2
18750,BNS,64,1,1
18750,BNS,80,1,2
18750,BNS,85,1,3
18751,BNS,318,1,1
18751,BNS,310,1,2
18751,BNS,303,1,3
18752,BNS,111,1,1
18752,BNS,189,1,2
18753,MV,185,1,1
18753,MV,184,1,2
18754,MV,185,1,1
18754,MV,184,1,2
18755,BNS,80,1,1
18755,BNS,85,1,2
18756,IT,66D,1,1
18756,BNS,318,1,2
18757,MV,184,1,1
18757,MV,185,1,2
18758,MV,185,1,1
18758,MV,184,1,2
18759,BNS,74,1,1
18759,BNS,80,1,2
18759,BNS,78,1,3
18760,BNS,74,1,1
18760,BNS,64,1,2
18761,BNS,310,1,1
18761,BNS,309,1,2
18761,BNS,331,1,3
18762,BNS,318,1,1
18762,BNS,310,1,2
18763,IT,66D,1,1
18765,BNS,309,1,1
18766,BNS,80,1,1
18766,BNS,74,1,2
18767,BNS,316,1,1
18767,BNS,331,1,2
18767,BNS,310,1,3
18769,BNS,105,1,1
18769,BNS,109,1,2
18769,BNS,103,1,3
18770,BNS,331,1,1
18770,BNS,305,1,2
18772,BNS,310,1,1
18772,BNS,309,1,2
18772,BNS,303,1,3
18773,MV,184,1,1
18773,MV,185,1,2
18774,BNS,305,1,1
18774,BNS,310,1,2
18775,BNS,305,1,1
18776,IT,66D,1,1
18776,BNS,318,1,2
18776,BNS,338,1,3
18777,POCSO,8,1,1
18777,BNS,140,1,2
18777,POCSO,4,1,3
18778,MV,184,1,1
18778,MV,185,1,2
18779,BNS,316,1,1
18779,BNS,310,1,2
18780,NDPS,20,1,1
18781,BNS,118,1,1
18782,ARMS,25,1,1
18783,BNS,309,1,1
18783,BNS,305,1,2
18784,MV,184,1,1
18785,BNS,316,1,1
18785,BNS,331,1,2
18785,BNS,303,1,3
18786,BNS,318,1,1
18787,BNS,318,1,1
18787,BNS,309,1,2
18787,BNS,331,1,3
18788,BNS,318,1,1
18788,BNS,316,1,2
18789,MV,185,1,1
18790,BNS,85,1,1
18790,BNS,80,1,2
18790,BNS,78,1,3
18791,BNS,303,1,1
18792,BNS,85,1,1
18793,BNS,310,1,1
18793,BNS,305,1,2
18793,BNS,318,1,3
18794,BNS,310,1,1
18795,BNS,103,1,1
18795,BNS,109,1,2
18796,BNS,316,1,1
18796,BNS,305,1,2
18796,BNS,318,1,3
18797,BNS,316,1,1
18797,BNS,303,1,2
18797,BNS,305,1,3
18798,MV,184,1,1
18798,MV,185,1,2
18799,IT,66D,1,1
18799,BNS,338,1,2
18800,NDPS,8,1,1
18800,ARMS,27,1,2
18800,NDPS,21,1,3
18801,BNS,310,1,1
18801,BNS,316,1,2
18801,BNS,318,1,3
18803,BNS,331,1,1
18803,BNS,310,1,2
18804,MV,185,1,1
18805,NDPS,21,1,1
18805,EXCISE,32,1,2
18806,MV,184,1,1
18806,MV,185,1,2
18807,BNS,64,1,1
18807,BNS,74,1,2
18808,BNS,316,1,1
18809,BNS,318,1,1
18809,IT,66D,1,2
18809,BNS,338,1,3
18810,BNS,309,1,1
18810,BNS,318,1,2
18811,BNS,109,1,1
18811,BNS,103,1,2
18812,IT,66D,1,1
18812,BNS,318,1,2
18813,BNS,196,1,1
18813,BNS,112,1,2
18814,BNS,191,1,1
18814,BNS,196,1,2
18815,MV,185,1,1
18816,BNS,85,1,1
18816,BNS,78,1,2
18817,BNS,64,1,1
18817,BNS,140,1,2
18818,BNS,318,1,1
18818,IT,66D,1,2
18818,BNS,338,1,3
18819,IT,66D,1,1
18819,IT,66,1,2
18820,BNS,118,1,1
18820,BNS,115,1,2
18820,BNS,105,1,3
18821,BNS,316,1,1
18821,BNS,303,1,2
18822,BNS,191,1,1
18823,MV,184,1,1
18824,NDPS,8,1,1
18825,BNS,109,1,1
18825,BNS,103,1,2
18825,BNS,115,1,3
18826,BNS,318,1,1
18827,MV,184,1,1
18828,BNS,310,1,1
18829,BNS,310,1,1
18830,BNS,80,1,1
18831,BNS,189,1,1
18832,NDPS,20,1,1
18832,ARMS,27,1,2
18832,ARMS,25,1,3
18833,BNS,318,1,1
18834,BNS,111,1,1
18834,BNS,351,1,2
18834,BNS,191,1,3
18835,BNS,112,1,1
18836,BNS,309,1,1
18836,BNS,310,1,2
18837,BNS,111,1,1
18837,BNS,189,1,2
18837,BNS,112,1,3
18838,BNS,310,1,1
18839,BNS,105,1,1
18840,BNS,331,1,1
18840,BNS,310,1,2
18841,BNS,303,1,1
18841,BNS,318,1,2
18841,BNS,331,1,3
18842,BNS,85,1,1
18842,BNS,80,1,2
18842,BNS,140,1,3
18843,BNS,338,1,1
18843,IT,66D,1,2
18844,MV,184,1,1
18845,BNS,305,1,1
18846,BNS,331,1,1
18847,ARMS,25,1,1
18847,ARMS,27,1,2
18848,BNS,318,1,1
18848,BNS,338,1,2
18849,BNS,303,1,1
18850,BNS,310,1,1
18850,BNS,316,1,2
18850,BNS,309,1,3
18851,BNS,140,1,1
18852,EXCISE,32,1,1
18852,ARMS,25,1,2
18852,NDPS,20,1,3
18853,BNS,303,1,1
18853,BNS,318,1,2
18854,BNS,109,1,1
18855,BNS,318,1,1
18856,BNS,140,1,1
18857,BNS,309,1,1
18858,MV,185,1,1
18858,MV,184,1,2
18859,BNS,196,1,1
18860,BNS,310,1,1
18861,PC,7,1,1
18862,MV,185,1,1
18863,BNS,316,1,1
18863,BNS,303,1,2
18864,BNS,74,1,1
18865,BNS,115,1,1
18866,BNS,103,1,1
18866,BNS,105,1,2
18867,BNS,318,1,1
18867,BNS,309,1,2
18867,BNS,305,1,3
18868,IT,66D,1,1
18868,IT,66,1,2
18869,MV,185,1,1
18870,BNS,103,1,1
18871,BNS,64,1,1
18871,BNS,78,1,2
18871,BNS,140,1,3
18872,BNS,189,1,1
18873,BNS,303,1,1
18873,BNS,331,1,2
18873,BNS,318,1,3
18874,MV,185,1,1
18875,ARMS,27,1,1
18875,NDPS,21,1,2
18876,BNS,115,1,1
18877,MV,184,1,1
18878,BNS,310,1,1
18878,BNS,305,1,2
18879,BNS,316,1,1
18880,BNS,305,1,1
18880,BNS,310,1,2
18880,BNS,316,1,3
18881,BNS,305,1,1
18881,BNS,331,1,2
18882,BNS,305,1,1
18882,BNS,316,1,2
18883,BNS,303,1,1
18883,BNS,318,1,2
18883,BNS,331,1,3
18884,BNS,103,1,1
18884,BNS,105,1,2
18885,BNS,331,1,1
18886,BNS,80,1,1
18886,BNS,85,1,2
18887,MV,184,1,1
18887,MV,185,1,2
18888,BNS,309,1,1
18888,BNS,305,1,2
18888,BNS,310,1,3
18889,MV,185,1,1
18889,MV,184,1,2
18890,BNS,309,1,1
18891,BNS,103,1,1
18892,BNS,303,1,1
18893,BNS,196,1,1
18893,BNS,189,1,2
18893,BNS,351,1,3
18894,BNS,338,1,1
18894,BNS,318,1,2
18894,IT,66D,1,3
18895,BNS,310,1,1
18895,BNS,331,1,2
18896,BNS,331,1,1
18897,BNS,318,1,1
18897,IT,66D,1,2
18897,BNS,338,1,3
18898,BNS,305,1,1
18898,BNS,303,1,2
18899,BNS,309,1,1
18900,BNS,303,1,1
18901,BNS,318,1,1
18901,BNS,331,1,2
18902,IT,66D,1,1
18902,BNS,338,1,2
18902,BNS,318,1,3
18903,BNS,310,1,1
18903,BNS,305,1,2
18904,BNS,305,1,1
18904,BNS,310,1,2
18905,BNS,80,1,1
18905,BNS,64,1,2
18905,BNS,74,1,3
18906,BNS,318,1,1
18907,POCSO,4,1,1
18908,NDPS,21,1,1
18908,NDPS,8,1,2
18909,BNS,331,1,1
18909,BNS,318,1,2
18909,BNS,303,1,3
18910,BNS,351,1,1
18911,IT,66C,1,1
18911,IT,66,1,2
18912,BNS,316,1,1
18912,BNS,305,1,2
18912,BNS,331,1,3
18913,BNS,109,1,1
18914,MV,184,1,1
18914,MV,185,1,2
18915,BNS,85,1,1
18915,BNS,80,1,2
18915,BNS,74,1,3
18916,MV,185,1,1
18916,MV,184,1,2
18917,ARMS,25,1,1
18918,BNS,115,1,1
18919,BNS,309,1,1
18919,BNS,316,1,2
18919,BNS,331,1,3
18920,IT,66D,1,1
18921,BNS,189,1,1
18921,BNS,351,1,2
18921,BNS,111,1,3
18922,BNS,318,1,1
18922,BNS,331,1,2
18922,BNS,305,1,3
18923,MV,184,1,1
18923,MV,185,1,2
18924,BNS,196,1,1
18925,BNS,318,1,1
18926,BNS,309,1,1
18927,BNS,331,1,1
18927,BNS,309,1,2
18927,BNS,318,1,3
18928,BNS,140,1,1
18928,POCSO,8,1,2
18928,POCSO,4,1,3
18929,BNS,74,1,1
18930,BNS,189,1,1
18931,BNS,112,1,1
18931,BNS,351,1,2
18931,BNS,189,1,3
18932,ARMS,25,1,1
18932,EXCISE,32,1,2
18933,BNS,316,1,1
18934,BNS,338,1,1
18935,BNS,140,1,1
18936,BNS,105,1,1
18936,BNS,118,1,2
18937,BNS,310,1,1
18937,BNS,309,1,2
18937,BNS,331,1,3
18938,BNS,196,1,1
18938,BNS,191,1,2
18938,BNS,189,1,3
18939,NDPS,21,1,1
18939,NDPS,20,1,2
18939,EXCISE,32,1,3
18940,BNS,316,1,1
18940,BNS,303,1,2
18941,MV,184,1,1
18941,MV,185,1,2
18943,BNS,310,1,1
18943,BNS,318,1,2
18943,BNS,309,1,3
18944,BNS,112,1,1
18944,BNS,351,1,2
18945,BNS,64,1,1
18945,BNS,80,1,2
18946,IT,66D,1,1
18946,BNS,318,1,2
18947,IT,66C,1,1
18947,IT,66,1,2
18947,IT,66D,1,3
18948,BNS,303,1,1
18948,BNS,305,1,2
18948,BNS,309,1,3
18951,BNS,318,1,1
18951,BNS,309,1,2
18952,BNS,338,1,1
18952,IT,66D,1,2
18953,BNS,103,1,1
18953,BNS,115,1,2
18953,BNS,109,1,3
18954,BNS,105,1,1
18954,BNS,118,1,2
18955,BNS,105,1,1
18955,BNS,115,1,2
18956,BNS,309,1,1
18956,BNS,331,1,2
18957,BNS,310,1,1
18958,MV,184,1,1
18958,MV,185,1,2
18959,MV,184,1,1
18959,MV,185,1,2
18960,BNS,74,1,1
18960,BNS,85,1,2
18962,BNS,191,1,1
18962,BNS,111,1,2
18963,MV,185,1,1
18963,MV,184,1,2
18964,BNS,118,1,1
18964,BNS,109,1,2
18965,BNS,316,1,1
18966,ARMS,25,1,1
18966,NDPS,21,1,2
18966,EXCISE,32,1,3
18967,BNS,85,1,1
18968,BNS,305,1,1
18968,BNS,331,1,2
18968,BNS,316,1,3
18969,BNS,111,1,1
18969,BNS,189,1,2
18969,BNS,112,1,3
18970,BNS,305,1,1
18971,BNS,351,1,1
18971,BNS,191,1,2
18972,BNS,78,1,1
18972,BNS,74,1,2
18972,BNS,64,1,3
18973,BNS,331,1,1
18973,BNS,305,1,2
18973,BNS,316,1,3
18974,BNS,318,1,1
18974,BNS,316,1,2
18974,BNS,331,1,3
18975,BNS,351,1,1
18976,BNS,303,1,1
18976,BNS,310,1,2
18976,BNS,318,1,3
18977,BNS,74,1,1
18977,BNS,80,1,2
18978,BNS,103,1,1
18979,BNS,105,1,1
18979,BNS,109,1,2
18980,MV,185,1,1
18980,MV,184,1,2
18981,BNS,78,1,1
18982,NDPS,8,1,1
18983,BNS,331,1,1
18983,BNS,318,1,2
18984,BNS,338,1,1
18985,BNS,78,1,1
18986,BNS,303,1,1
18987,BNS,310,1,1
18988,BNS,303,1,1
18988,BNS,318,1,2
18988,BNS,305,1,3
18990,MV,184,1,1
18990,MV,185,1,2
18991,BNS,338,1,1
18991,IT,66D,1,2
18992,BNS,316,1,1
18992,BNS,318,1,2
18993,BNS,189,1,1
18993,BNS,111,1,2
18994,BNS,140,1,1
18995,ARMS,27,1,1
18995,NDPS,21,1,2
18996,MV,185,1,1
18996,MV,184,1,2
18998,BNS,338,1,1
18998,BNS,318,1,2
18998,IT,66D,1,3
18999,BNS,189,1,1
18999,BNS,351,1,2
19000,BNS,338,1,1
19001,BNS,109,1,1
19001,BNS,115,1,2
19002,IT,66,1,1
19002,IT,66D,1,2
19002,IT,66C,1,3
19003,BNS,303,1,1
19004,NDPS,8,1,1
19005,BNS,109,1,1
19005,BNS,115,1,2
19007,NDPS,20,1,1
19008,NDPS,21,1,1
19008,EXCISE,32,1,2
19008,NDPS,8,1,3
19009,BNS,140,1,1
19010,BNS,305,1,1
19011,BNS,331,1,1
19011,BNS,310,1,2
19011,BNS,305,1,3
19012,MV,185,1,1
19013,BNS,140,1,1
19013,BNS,78,1,2
19013,BNS,80,1,3
19014,BNS,303,1,1
19015,BNS,109,1,1
19016,BNS,115,1,1
19016,BNS,105,1,2
19016,BNS,103,1,3
19017,BNS,118,1,1
19017,BNS,103,1,2
19017,BNS,105,1,3
19018,BNS,316,1,1
19018,BNS,318,1,2
19018,BNS,303,1,3
19019,BNS,318,1,1
19020,BNS,318,1,1
19020,IT,66D,1,2
19021,BNS,331,1,1
19021,BNS,310,1,2
19021,BNS,318,1,3
19022,BNS,105,1,1
19023,BNS,309,1,1
19024,BNS,316,1,1
19024,BNS,305,1,2
19024,BNS,309,1,3
19026,BNS,305,1,1
19027,BNS,196,1,1
19028,BNS,303,1,1
19028,BNS,318,1,2
19028,BNS,331,1,3
19029,BNS,318,1,1
19029,BNS,338,1,2
19029,IT,66D,1,3
19030,BNS,115,1,1
19030,BNS,118,1,2
19030,BNS,103,1,3
19031,BNS,196,1,1
19031,BNS,191,1,2
19031,BNS,189,1,3
19033,BNS,316,1,1
19034,MV,184,1,1
19034,MV,185,1,2
19036,BNS,109,1,1
19036,BNS,103,1,2
19036,BNS,105,1,3
19037,BNS,85,1,1
19037,BNS,140,1,2
19038,MV,184,1,1
19039,IT,66,1,1
19040,MV,185,1,1
19040,MV,184,1,2
19041,MV,184,1,1
19042,NDPS,20,1,1
19042,EXCISE,32,1,2
19043,BNS,191,1,1
19043,BNS,112,1,2
19043,BNS,351,1,3
19044,BNS,318,1,1
19044,BNS,338,1,2
19045,MV,184,1,1
19046,BNS,111,1,1
19046,BNS,196,1,2
19047,MV,184,1,1
19047,MV,185,1,2
19048,MV,184,1,1
19048,MV,185,1,2
19049,IT,66D,1,1
19050,BNS,318,1,1
19050,BNS,305,1,2
19051,BNS,112,1,1
19051,BNS,189,1,2
19052,BNS,338,1,1
19052,IT,66D,1,2
19052,BNS,318,1,3
19053,BNS,351,1,1
19053,BNS,191,1,2
19053,BNS,189,1,3
19054,BNS,318,1,1
19054,IT,66D,1,2
19055,BNS,338,1,1
19055,BNS,318,1,2
19056,BNS,331,1,1
19056,BNS,309,1,2
19056,BNS,303,1,3
19057,BNS,303,1,1
19057,BNS,318,1,2
19057,BNS,316,1,3
19058,BNS,305,1,1
19058,BNS,309,1,2
19058,BNS,318,1,3
19059,BNS,303,1,1
19060,BNS,316,1,1
19060,BNS,305,1,2
19060,BNS,310,1,3
19061,IT,66D,1,1
19061,BNS,338,1,2
19062,BNS,318,1,1
19062,BNS,305,1,2
19063,IT,66,1,1
19063,IT,66D,1,2
19064,BNS,318,1,1
19064,BNS,338,1,2
19065,BNS,318,1,1
19066,BNS,118,1,1
19066,BNS,103,1,2
19067,BNS,318,1,1
19067,BNS,331,1,2
19067,BNS,309,1,3
19068,ARMS,25,1,1
19069,BNS,115,1,1
19069,BNS,109,1,2
19069,BNS,103,1,3
19070,BNS,78,1,1
19071,MV,185,1,1
19071,MV,184,1,2
19072,MV,185,1,1
19073,EXCISE,32,1,1
19073,NDPS,20,1,2
19073,NDPS,8,1,3
19074,EXCISE,32,1,1
19075,BNS,316,1,1
19075,BNS,318,1,2
19075,BNS,331,1,3
19077,BNS,316,1,1
19077,BNS,305,1,2
19077,BNS,331,1,3
19078,BNS,103,1,1
19078,BNS,109,1,2
19079,BNS,118,1,1
19080,BNS,310,1,1
19080,BNS,309,1,2
19080,BNS,303,1,3
19081,BNS,309,1,1
19081,BNS,331,1,2
19082,IT,66D,1,1
19084,BNS,338,1,1
19084,BNS,318,1,2
19084,IT,66D,1,3
19085,BNS,115,1,1
19085,BNS,105,1,2
19085,BNS,109,1,3
19086,IT,66D,1,1
19086,BNS,318,1,2
19086,BNS,338,1,3
19087,BNS,112,1,1
19087,BNS,196,1,2
19087,BNS,351,1,3
19088,BNS,115,1,1
19088,BNS,105,1,2
19089,IT,66D,1,1
19089,BNS,318,1,2
19090,BNS,318,1,1
19090,BNS,303,1,2
19090,BNS,309,1,3
19091,BNS,115,1,1
19092,BNS,310,1,1
19092,BNS,316,1,2
19092,BNS,305,1,3
19093,IT,66C,1,1
19094,BNS,309,1,1
19094,BNS,310,1,2
19095,BNS,338,1,1
19095,BNS,318,1,2
19095,IT,66D,1,3
19097,BNS,309,1,1
19097,BNS,331,1,2
19098,BNS,196,1,1
19098,BNS,189,1,2
19098,BNS,351,1,3
19099,BNS,105,1,1
19099,BNS,115,1,2
19099,BNS,103,1,3
19100,BNS,338,1,1
19100,IT,66D,1,2
19101,BNS,331,1,1
19101,BNS,318,1,2
19102,BNS,80,1,1
19103,BNS,316,1,1
19103,BNS,318,1,2
19103,BNS,310,1,3
19104,BNS,310,1,1
19104,BNS,309,1,2
19104,BNS,305,1,3
19105,BNS,318,1,1
19105,IT,66D,1,2
19105,BNS,338,1,3
19106,BNS,331,1,1
19107,BNS,78,1,1
19108,BNS,115,1,1
19108,BNS,109,1,2
19108,BNS,105,1,3
19110,EXCISE,32,1,1
19111,BNS,80,1,1
19111,BNS,74,1,2
19112,IT,66D,1,1
19112,BNS,318,1,2
19113,BNS,309,1,1
19113,BNS,331,1,2
19113,BNS,316,1,3
19114,MV,184,1,1
19114,MV,185,1,2
19115,BNS,318,1,1
19115,IT,66D,1,2
19115,BNS,338,1,3
19116,BNS,115,1,1
19116,BNS,103,1,2
19117,BNS,140,1,1
19117,POCSO,4,1,2
19118,POCSO,4,1,1
19118,BNS,140,1,2
19118,POCSO,8,1,3
19119,MV,184,1,1
19120,BNS,305,1,1
19121,BNS,310,1,1
19121,BNS,316,1,2
19122,BNS,318,1,1
19122,BNS,338,1,2
19123,BNS,316,1,1
19123,BNS,310,1,2
19124,BNS,103,1,1
19124,BNS,109,1,2
19124,BNS,105,1,3
19125,BNS,318,1,1
19126,BNS,316,1,1
19127,BNS,305,1,1
19127,BNS,318,1,2
19128,ARMS,27,1,1
19128,EXCISE,32,1,2
19128,NDPS,21,1,3
19129,BNS,303,1,1
19130,BNS,109,1,1
19130,BNS,118,1,2
19131,IT,66D,1,1
19131,BNS,318,1,2
19131,BNS,338,1,3
19132,BNS,109,1,1
19132,BNS,103,1,2
19132,BNS,115,1,3
19133,BNS,310,1,1
19133,BNS,331,1,2
19133,BNS,309,1,3
19134,BNS,309,1,1
19134,BNS,303,1,2
19134,BNS,316,1,3
19135,BNS,310,1,1
19135,BNS,316,1,2
19135,BNS,309,1,3
19136,BNS,109,1,1
19137,BNS,74,1,1
19137,BNS,64,1,2
19137,BNS,140,1,3
19138,MV,184,1,1
19138,MV,185,1,2
19139,BNS,331,1,1
19139,BNS,305,1,2
19139,BNS,303,1,3
19140,BNS,74,1,1
19141,BNS,303,1,1
19142,ARMS,27,1,1
19142,EXCISE,32,1,2
19142,ARMS,25,1,3
19143,BNS,303,1,1
19144,BNS,303,1,1
19144,BNS,310,1,2
19144,BNS,309,1,3
19145,MV,184,1,1
19145,MV,185,1,2
19146,BNS,112,1,1
19146,BNS,189,1,2
19146,BNS,111,1,3
19147,NDPS,20,1,1
19148,BNS,115,1,1
19149,BNS,103,1,1
19150,BNS,80,1,1
19150,BNS,85,1,2
19151,MV,184,1,1
19151,MV,185,1,2
19152,BNS,78,1,1
19153,BNS,318,1,1
19153,BNS,338,1,2
19154,BNS,118,1,1
19154,BNS,103,1,2
19154,BNS,105,1,3
19155,BNS,318,1,1
19156,BNS,105,1,1
19156,BNS,109,1,2
19157,BNS,305,1,1
19157,BNS,316,1,2
19157,BNS,310,1,3
19158,NDPS,8,1,1
19158,ARMS,25,1,2
19159,MV,184,1,1
19159,MV,185,1,2
19160,MV,185,1,1
19160,MV,184,1,2
19161,MV,185,1,1
19163,BNS,85,1,1
19163,BNS,80,1,2
19164,BNS,109,1,1
19165,BNS,303,1,1
19166,EXCISE,32,1,1
19167,BNS,338,1,1
19167,BNS,318,1,2
19167,IT,66D,1,3
19168,IT,66D,1,1
19169,POCSO,4,1,1
19169,POCSO,8,1,2
19170,BNS,318,1,1
19170,BNS,305,1,2
19170,BNS,316,1,3
19171,ARMS,27,1,1
19171,NDPS,8,1,2
19172,BNS,105,1,1
19172,BNS,118,1,2
19174,BNS,109,1,1
19174,BNS,118,1,2
19175,BNS,338,1,1
19176,BNS,331,1,1
19177,BNS,115,1,1
19177,BNS,118,1,2
19177,BNS,105,1,3
19178,BNS,331,1,1
19178,BNS,309,1,2
19178,BNS,303,1,3
19179,BNS,140,1,1
19179,POCSO,4,1,2
19179,POCSO,8,1,3
19180,BNS,331,1,1
19181,BNS,64,1,1
19182,BNS,303,1,1
19182,BNS,316,1,2
19182,BNS,331,1,3
19183,BNS,338,1,1
19183,IT,66D,1,2
19183,BNS,318,1,3
19184,BNS,318,1,1
19185,BNS,318,1,1
19185,BNS,338,1,2
19185,IT,66D,1,3
19186,BNS,303,1,1
19186,BNS,309,1,2
19187,BNS,338,1,1
19187,BNS,318,1,2
19188,EXCISE,32,1,1
19189,BNS,111,1,1
19189,BNS,189,1,2
19190,BNS,331,1,1
19190,BNS,303,1,2
19191,BNS,140,1,1
19191,POCSO,8,1,2
19192,BNS,318,1,1
19194,BNS,191,1,1
19194,BNS,351,1,2
19194,BNS,112,1,3
19195,BNS,109,1,1
19195,BNS,105,1,2
19195,BNS,118,1,3
19197,BNS,303,1,1
19197,BNS,309,1,2
19197,BNS,316,1,3
19198,BNS,305,1,1
19198,BNS,316,1,2
19198,BNS,309,1,3
19199,IT,66,1,1
19199,IT,66C,1,2
19200,BNS,338,1,1
19200,IT,66D,1,2
19201,BNS,331,1,1
19201,BNS,316,1,2
19202,BNS,316,1,1
19204,IT,66C,1,1
19204,IT,66D,1,2
19204,IT,66,1,3
19205,MV,184,1,1
19205,MV,185,1,2
19206,IT,66,1,1
19206,IT,66D,1,2
19206,IT,66C,1,3
19207,BNS,309,1,1
19208,BNS,118,1,1
19209,MV,185,1,1
19209,MV,184,1,2
19210,MV,184,1,1
19210,MV,185,1,2
19211,BNS,318,1,1
19211,IT,66D,1,2
19211,BNS,338,1,3
19212,BNS,316,1,1
19213,BNS,309,1,1
19213,BNS,303,1,2
19214,EXCISE,32,1,1
19214,NDPS,21,1,2
19215,BNS,64,1,1
19215,BNS,85,1,2
19215,BNS,80,1,3
19216,BNS,338,1,1
19217,BNS,303,1,1
19217,BNS,331,1,2
19217,BNS,316,1,3
19218,BNS,318,1,1
19219,BNS,118,1,1
19219,BNS,103,1,2
19220,BNS,318,1,1
19220,BNS,331,1,2
19220,BNS,305,1,3
19221,IT,66D,1,1
19221,BNS,338,1,2
19222,BNS,351,1,1
19222,BNS,191,1,2
19223,BNS,64,1,1
19223,BNS,85,1,2
19224,BNS,303,1,1
19224,BNS,331,1,2
19224,BNS,310,1,3
19225,BNS,191,1,1
19225,BNS,196,1,2
19226,MV,184,1,1
19226,MV,185,1,2
19227,BNS,331,1,1
19227,BNS,316,1,2
19229,BNS,109,1,1
19230,BNS,303,1,1
19230,BNS,316,1,2
19231,BNS,351,1,1
19232,BNS,303,1,1
19232,BNS,318,1,2
19232,BNS,331,1,3
19233,BNS,303,1,1
19233,BNS,316,1,2
19233,BNS,309,1,3
19234,ARMS,25,1,1
19234,NDPS,8,1,2
19235,MV,184,1,1
19235,MV,185,1,2
19236,POCSO,4,1,1
19236,POCSO,8,1,2
19237,BNS,303,1,1
19237,BNS,310,1,2
19238,BNS,318,1,1
19238,BNS,331,1,2
19239,BNS,331,1,1
19239,BNS,305,1,2
19240,BNS,309,1,1
19240,BNS,310,1,2
19241,BNS,118,1,1
19241,BNS,115,1,2
19241,BNS,109,1,3
19242,BNS,103,1,1
19242,BNS,118,1,2
19243,BNS,316,1,1
19243,BNS,305,1,2
19243,BNS,310,1,3
19244,BNS,316,1,1
19244,BNS,318,1,2
19244,BNS,310,1,3
19245,BNS,310,1,1
19246,MV,184,1,1
19246,MV,185,1,2
19248,BNS,331,1,1
19248,BNS,305,1,2
19248,BNS,316,1,3
19249,IT,66D,1,1
19249,IT,66C,1,2
19249,IT,66,1,3
19250,BNS,111,1,1
19250,BNS,351,1,2
19250,BNS,189,1,3
19251,BNS,309,1,1
19252,BNS,309,1,1
19252,BNS,310,1,2
19252,BNS,318,1,3
19253,BNS,309,1,1
19253,BNS,303,1,2
19253,BNS,331,1,3
19254,EXCISE,32,1,1
19255,BNS,80,1,1
19256,BNS,303,1,1
19257,MV,184,1,1
19258,BNS,74,1,1
19258,BNS,80,1,2
19259,BNS,303,1,1
19260,MV,185,1,1
19261,BNS,309,1,1
19261,BNS,331,1,2
19261,BNS,303,1,3
19262,BNS,331,1,1
19262,BNS,305,1,2
19262,BNS,309,1,3
19263,PC,7,1,1
19264,BNS,115,1,1
19266,BNS,316,1,1
19267,POCSO,8,1,1
19267,POCSO,4,1,2
19268,BNS,103,1,1
19268,BNS,115,1,2
19269,BNS,305,1,1
19270,BNS,140,1,1
19270,BNS,78,1,2
19271,MV,184,1,1
19272,BNS,309,1,1
19273,BNS,85,1,1
19275,BNS,115,1,1
19276,IT,66D,1,1
19277,BNS,118,1,1
19277,BNS,109,1,2
19277,BNS,105,1,3
19278,NDPS,21,1,1
19278,EXCISE,32,1,2
19280,BNS,310,1,1
19281,NDPS,21,1,1
19281,NDPS,20,1,2
19281,ARMS,27,1,3
19282,BNS,196,1,1
19283,BNS,118,1,1
19284,BNS,318,1,1
19285,BNS,103,1,1
19285,BNS,105,1,2
19286,ARMS,27,1,1
19286,NDPS,21,1,2
19288,BNS,331,1,1
19288,BNS,305,1,2
19289,BNS,338,1,1
19289,BNS,318,1,2
19290,BNS,111,1,1
19291,BNS,78,1,1
19291,BNS,140,1,2
19291,BNS,64,1,3
19292,IT,66D,1,1
19292,BNS,338,1,2
19293,BNS,331,1,1
19293,BNS,305,1,2
19293,BNS,318,1,3
19294,BNS,305,1,1
19294,BNS,331,1,2
19294,BNS,310,1,3
19295,BNS,303,1,1
19295,BNS,316,1,2
19295,BNS,331,1,3
19296,BNS,310,1,1
19297,BNS,338,1,1
19298,BNS,310,1,1
19299,BNS,303,1,1
19300,MV,184,1,1
19301,ARMS,27,1,1
19302,MV,185,1,1
19303,IT,66C,1,1
19303,IT,66D,1,2
19304,BNS,85,1,1
19304,BNS,74,1,2
19304,BNS,140,1,3
19305,MV,184,1,1
19305,MV,185,1,2
19306,BNS,105,1,1
19306,BNS,118,1,2
19306,BNS,115,1,3
19307,MV,185,1,1
19308,BNS,303,1,1
19308,BNS,316,1,2
19309,MV,185,1,1
19310,BNS,303,1,1
19310,BNS,310,1,2
19310,BNS,331,1,3
19311,BNS,318,1,1
19311,BNS,305,1,2
19311,BNS,316,1,3
19312,BNS,64,1,1
19312,BNS,78,1,2
19313,POCSO,8,1,1
19314,BNS,118,1,1
19314,BNS,103,1,2
19315,BNS,305,1,1
19315,BNS,310,1,2
19315,BNS,303,1,3
19316,BNS,351,1,1
19316,BNS,112,1,2
19317,BNS,331,1,1
19317,BNS,305,1,2
19319,BNS,140,1,1
19319,POCSO,4,1,2
19319,POCSO,8,1,3
19320,MV,184,1,1
19320,MV,185,1,2
19321,BNS,105,1,1
19321,BNS,118,1,2
19321,BNS,103,1,3
19322,BNS,303,1,1
19322,BNS,305,1,2
19322,BNS,331,1,3
19323,BNS,78,1,1
19325,BNS,331,1,1
19325,BNS,303,1,2
19326,NDPS,21,1,1
19326,NDPS,20,1,2
19327,BNS,109,1,1
19327,BNS,118,1,2
19328,MV,184,1,1
19328,MV,185,1,2
19329,PC,7,1,1
19330,IT,66D,1,1
19331,BNS,118,1,1
19331,BNS,115,1,2
19332,BNS,64,1,1
19332,BNS,74,1,2
19332,BNS,80,1,3
19333,BNS,105,1,1
19333,BNS,118,1,2
19334,BNS,103,1,1
19335,BNS,318,1,1
19335,IT,66D,1,2
19336,BNS,318,1,1
19336,BNS,331,1,2
19336,BNS,303,1,3
19337,BNS,318,1,1
19337,BNS,310,1,2
19338,BNS,331,1,1
19338,BNS,318,1,2
19339,BNS,309,1,1
19339,BNS,310,1,2
19340,BNS,78,1,1
19340,BNS,74,1,2
19341,PC,7,1,1
19342,BNS,64,1,1
19343,BNS,310,1,1
19343,BNS,318,1,2
19343,BNS,303,1,3
19344,BNS,305,1,1
19345,BNS,318,1,1
19346,BNS,338,1,1
19347,BNS,338,1,1
19347,IT,66D,1,2
19348,IT,66C,1,1
19348,IT,66D,1,2
19348,IT,66,1,3
19349,EXCISE,32,1,1
19349,ARMS,25,1,2
19349,NDPS,8,1,3
19350,BNS,191,1,1
19351,ARMS,25,1,1
19351,NDPS,21,1,2
19351,NDPS,8,1,3
19353,BNS,78,1,1
19354,MV,185,1,1
19355,MV,185,1,1
19355,MV,184,1,2
19356,MV,184,1,1
19357,BNS,309,1,1
19357,BNS,303,1,2
19357,BNS,318,1,3
19358,BNS,191,1,1
19359,MV,184,1,1
19359,MV,185,1,2
19360,BNS,318,1,1
19360,BNS,303,1,2
19360,BNS,310,1,3
19361,BNS,303,1,1
19361,BNS,309,1,2
19361,BNS,305,1,3
19362,BNS,310,1,1
19363,BNS,310,1,1
19364,MV,184,1,1
19364,MV,185,1,2
19365,IT,66C,1,1
19365,IT,66,1,2
19366,BNS,316,1,1
19366,BNS,310,1,2
19367,BNS,74,1,1
19368,MV,184,1,1
19369,IT,66,1,1
19369,IT,66D,1,2
19370,BNS,85,1,1
19370,BNS,140,1,2
19370,BNS,78,1,3
19371,BNS,64,1,1
19371,BNS,78,1,2
19371,BNS,80,1,3
19372,BNS,316,1,1
19372,BNS,310,1,2
19373,BNS,318,1,1
19373,BNS,305,1,2
19373,BNS,316,1,3
19374,BNS,316,1,1
19375,IT,66D,1,1
19375,BNS,318,1,2
19375,BNS,338,1,3
19376,IT,66D,1,1
19376,BNS,318,1,2
19377,POCSO,8,1,1
19377,BNS,140,1,2
19377,POCSO,4,1,3
19378,BNS,310,1,1
19378,BNS,331,1,2
19378,BNS,309,1,3
19379,BNS,309,1,1
19380,BNS,338,1,1
19380,BNS,318,1,2
19381,BNS,331,1,1
19381,BNS,309,1,2
19381,BNS,305,1,3
19382,NDPS,20,1,1
19382,EXCISE,32,1,2
19383,BNS,310,1,1
19383,BNS,331,1,2
19383,BNS,318,1,3
19384,MV,184,1,1
19384,MV,185,1,2
19385,BNS,338,1,1
19386,BNS,74,1,1
19386,BNS,78,1,2
19387,BNS,109,1,1
19388,IT,66,1,1
19389,BNS,115,1,1
19390,BNS,78,1,1
19390,BNS,85,1,2
19392,BNS,310,1,1
19392,BNS,305,1,2
19392,BNS,303,1,3
19394,BNS,309,1,1
19395,MV,184,1,1
19395,MV,185,1,2
19396,BNS,351,1,1
19397,BNS,105,1,1
19397,BNS,109,1,2
19398,BNS,316,1,1
19398,BNS,305,1,2
19398,BNS,303,1,3
19399,BNS,140,1,1
19399,BNS,78,1,2
19399,BNS,80,1,3
19400,BNS,303,1,1
19401,MV,184,1,1
19402,BNS,310,1,1
19403,MV,184,1,1
19404,BNS,316,1,1
19405,BNS,338,1,1
19405,IT,66D,1,2
19406,BNS,303,1,1
19406,BNS,331,1,2
19406,BNS,309,1,3
19407,MV,185,1,1
19408,BNS,331,1,1
19409,BNS,338,1,1
19410,BNS,109,1,1
19410,BNS,103,1,2
19411,MV,185,1,1
19411,MV,184,1,2
19412,BNS,331,1,1
19412,BNS,303,1,2
19413,BNS,318,1,1
19414,BNS,109,1,1
19414,BNS,103,1,2
19415,BNS,74,1,1
19415,BNS,80,1,2
19415,BNS,64,1,3
19416,BNS,338,1,1
19416,BNS,318,1,2
19417,BNS,118,1,1
19417,BNS,109,1,2
19418,BNS,331,1,1
19418,BNS,309,1,2
19418,BNS,305,1,3
19419,BNS,338,1,1
19419,IT,66D,1,2
19419,BNS,318,1,3
19420,BNS,103,1,1
19420,BNS,105,1,2
19420,BNS,109,1,3
19421,ARMS,25,1,1
19422,BNS,316,1,1
19423,BNS,303,1,1
19423,BNS,331,1,2
19424,BNS,105,1,1
19424,BNS,109,1,2
19424,BNS,115,1,3
19425,BNS,310,1,1
19425,BNS,316,1,2
19425,BNS,331,1,3
19426,BNS,303,1,1
19426,BNS,316,1,2
19426,BNS,310,1,3
19427,BNS,80,1,1
19428,BNS,118,1,1
19428,BNS,115,1,2
19428,BNS,103,1,3
19429,BNS,305,1,1
19430,BNS,196,1,1
19430,BNS,112,1,2
19431,BNS,316,1,1
19431,BNS,331,1,2
19432,BNS,318,1,1
19432,IT,66D,1,2
19433,BNS,85,1,1
19433,BNS,78,1,2
19434,BNS,303,1,1
19435,BNS,305,1,1
19436,NDPS,8,1,1
19436,ARMS,27,1,2
19436,EXCISE,32,1,3
19437,MV,185,1,1
19438,POCSO,8,1,1
19438,BNS,140,1,2
19438,POCSO,4,1,3
19439,BNS,331,1,1
19440,BNS,303,1,1
19441,BNS,318,1,1
19441,BNS,338,1,2
19441,IT,66D,1,3
19442,BNS,118,1,1
19442,BNS,115,1,2
19443,MV,185,1,1
19443,MV,184,1,2
19444,ARMS,27,1,1
19444,NDPS,21,1,2
19445,BNS,309,1,1
19445,BNS,305,1,2
19446,BNS,309,1,1
19446,BNS,303,1,2
19446,BNS,331,1,3
19447,BNS,78,1,1
19447,BNS,74,1,2
19447,BNS,85,1,3
19448,BNS,309,1,1
19448,BNS,316,1,2
19449,BNS,318,1,1
19450,BNS,331,1,1
19451,MV,184,1,1
19451,MV,185,1,2
19452,NDPS,8,1,1
19452,NDPS,21,1,2
19453,MV,185,1,1
19454,BNS,338,1,1
19454,IT,66D,1,2
19455,IT,66D,1,1
19455,BNS,338,1,2
19456,BNS,64,1,1
19456,BNS,85,1,2
19458,BNS,316,1,1
19459,MV,185,1,1
19459,MV,184,1,2
19460,MV,184,1,1
19462,BNS,74,1,1
19462,BNS,85,1,2
19462,BNS,64,1,3
19463,POCSO,4,1,1
19464,BNS,310,1,1
19464,BNS,316,1,2
19464,BNS,305,1,3
19465,BNS,318,1,1
19466,BNS,318,1,1
19466,BNS,309,1,2
19467,BNS,303,1,1
19468,MV,185,1,1
19468,MV,184,1,2
19469,BNS,305,1,1
19469,BNS,331,1,2
19469,BNS,316,1,3
19470,BNS,109,1,1
19470,BNS,105,1,2
19471,BNS,316,1,1
19471,BNS,309,1,2
19472,BNS,305,1,1
19473,BNS,303,1,1
19473,BNS,310,1,2
19473,BNS,316,1,3
19475,BNS,316,1,1
19475,BNS,309,1,2
19476,MV,184,1,1
19476,MV,185,1,2
19477,IT,66D,1,1
19477,BNS,318,1,2
19477,BNS,338,1,3
19478,BNS,112,1,1
19478,BNS,196,1,2
19479,BNS,309,1,1
19480,BNS,78,1,1
19481,BNS,309,1,1
19481,BNS,318,1,2
19481,BNS,305,1,3
19482,NDPS,21,1,1
19482,ARMS,27,1,2
19483,BNS,103,1,1
19483,BNS,105,1,2
19485,IT,66D,1,1
19485,IT,66C,1,2
19487,BNS,316,1,1
19488,BNS,109,1,1
19488,BNS,103,1,2
19489,BNS,305,1,1
19490,BNS,331,1,1
19490,BNS,310,1,2
19491,BNS,331,1,1
19492,BNS,310,1,1
19493,BNS,80,1,1
19494,BNS,305,1,1
19494,BNS,309,1,2
19494,BNS,318,1,3
19495,BNS,305,1,1
19495,BNS,331,1,2
19496,BNS,318,1,1
19497,BNS,105,1,1
19498,BNS,305,1,1
19498,BNS,318,1,2
19499,MV,184,1,1
19499,MV,185,1,2
19500,BNS,318,1,1
19500,BNS,305,1,2
19500,BNS,316,1,3
19501,BNS,351,1,1
19501,BNS,189,1,2
19502,BNS,305,1,1
19502,BNS,318,1,2
19502,BNS,309,1,3
19503,NDPS,21,1,1
19503,ARMS,27,1,2
19503,ARMS,25,1,3
19504,BNS,318,1,1
19504,BNS,338,1,2
19505,BNS,109,1,1
19506,MV,185,1,1
19507,IT,66D,1,1
19507,BNS,338,1,2
19508,BNS,111,1,1
19509,BNS,115,1,1
19510,MV,184,1,1
19511,IT,66D,1,1
19511,BNS,338,1,2
19511,BNS,318,1,3
19512,BNS,305,1,1
19512,BNS,303,1,2
19513,BNS,310,1,1
19513,BNS,331,1,2
19513,BNS,318,1,3
19514,BNS,318,1,1
19514,BNS,309,1,2
19515,ARMS,25,1,1
19515,NDPS,21,1,2
19516,BNS,303,1,1
19516,BNS,305,1,2
19516,BNS,331,1,3
19517,BNS,310,1,1
19518,BNS,318,1,1
19518,IT,66D,1,2
19518,BNS,338,1,3
19519,MV,184,1,1
19520,IT,66D,1,1
19520,BNS,318,1,2
19521,BNS,64,1,1
19522,BNS,305,1,1
19522,BNS,331,1,2
19523,BNS,115,1,1
19523,BNS,109,1,2
19524,BNS,318,1,1
19524,BNS,309,1,2
19526,BNS,331,1,1
19526,BNS,310,1,2
19527,BNS,112,1,1
19528,BNS,316,1,1
19530,MV,184,1,1
19530,MV,185,1,2
19531,MV,184,1,1
19532,ARMS,27,1,1
19532,ARMS,25,1,2
19533,MV,184,1,1
19533,MV,185,1,2
19534,BNS,331,1,1
19534,BNS,310,1,2
19534,BNS,303,1,3
19535,BNS,196,1,1
19536,BNS,111,1,1
19536,BNS,351,1,2
19537,MV,185,1,1
19538,IT,66,1,1
19538,IT,66D,1,2
19538,IT,66C,1,3
19540,POCSO,8,1,1
19540,BNS,140,1,2
19540,POCSO,4,1,3
19541,IT,66D,1,1
19541,BNS,318,1,2
19542,BNS,115,1,1
19542,BNS,118,1,2
19542,BNS,109,1,3
19543,BNS,115,1,1
19544,BNS,316,1,1
19544,BNS,331,1,2
19545,BNS,310,1,1
19545,BNS,305,1,2
19546,BNS,331,1,1
19547,BNS,111,1,1
19547,BNS,196,1,2
19547,BNS,191,1,3
19548,BNS,331,1,1
19548,BNS,310,1,2
19549,BNS,74,1,1
19551,BNS,310,1,1
19552,MV,185,1,1
19553,BNS,303,1,1
19553,BNS,318,1,2
19554,IT,66D,1,1
19554,BNS,318,1,2
19555,BNS,316,1,1
19556,MV,184,1,1
19556,MV,185,1,2
19557,BNS,109,1,1
19558,BNS,316,1,1
19559,BNS,189,1,1
19560,BNS,318,1,1
19560,BNS,338,1,2
19561,BNS,316,1,1
19562,ARMS,25,1,1
19562,EXCISE,32,1,2
19563,BNS,115,1,1
19564,MV,185,1,1
19565,BNS,331,1,1
19565,BNS,303,1,2
19566,NDPS,20,1,1
19567,MV,184,1,1
19567,MV,185,1,2
19568,BNS,109,1,1
19568,BNS,115,1,2
19569,ARMS,25,1,1
19569,ARMS,27,1,2
19570,BNS,109,1,1
19571,BNS,318,1,1
19571,BNS,305,1,2
19572,BNS,305,1,1
19572,BNS,318,1,2
19572,BNS,331,1,3
19573,MV,184,1,1
19573,MV,185,1,2
19574,BNS,338,1,1
19575,BNS,316,1,1
19576,POCSO,8,1,1
19576,BNS,140,1,2
19577,BNS,305,1,1
19578,BNS,310,1,1
19578,BNS,331,1,2
19578,BNS,316,1,3
19579,BNS,115,1,1
19579,BNS,105,1,2
19579,BNS,109,1,3
19580,BNS,331,1,1
19580,BNS,303,1,2
19581,BNS,305,1,1
19582,MV,185,1,1
19583,BNS,305,1,1
19583,BNS,310,1,2
19583,BNS,316,1,3
19584,BNS,80,1,1
19585,BNS,64,1,1
19585,BNS,140,1,2
19586,BNS,112,1,1
19586,BNS,111,1,2
19586,BNS,351,1,3
19587,BNS,316,1,1
19587,BNS,310,1,2
19587,BNS,309,1,3
19588,BNS,305,1,1
19588,BNS,331,1,2
19588,BNS,303,1,3
19589,BNS,303,1,1
19589,BNS,331,1,2
19590,BNS,338,1,1
19590,IT,66D,1,2
19591,BNS,109,1,1
19591,BNS,105,1,2
19592,BNS,316,1,1
19592,BNS,305,1,2
19592,BNS,303,1,3
19593,BNS,318,1,1
19594,BNS,310,1,1
19594,BNS,316,1,2
19594,BNS,303,1,3
19595,NDPS,21,1,1
19596,BNS,316,1,1
19596,BNS,303,1,2
19597,BNS,351,1,1
19597,BNS,196,1,2
19598,BNS,303,1,1
19599,MV,184,1,1
19599,MV,185,1,2
19601,MV,185,1,1
19601,MV,184,1,2
19602,IT,66D,1,1
19602,BNS,338,1,2
19602,BNS,318,1,3
19603,ARMS,25,1,1
19603,NDPS,20,1,2
19603,ARMS,27,1,3
19604,BNS,112,1,1
19604,BNS,351,1,2
19605,BNS,316,1,1
19606,PC,7,1,1
19607,BNS,105,1,1
19607,BNS,109,1,2
19607,BNS,103,1,3
19608,BNS,191,1,1
19608,BNS,112,1,2
19609,BNS,103,1,1
19609,BNS,105,1,2
19610,BNS,331,1,1
19610,BNS,316,1,2
19611,BNS,140,1,1
19613,BNS,189,1,1
19614,ARMS,25,1,1
19614,NDPS,21,1,2
19614,NDPS,8,1,3
19615,MV,184,1,1
19615,MV,185,1,2
19616,MV,184,1,1
19617,BNS,111,1,1
19617,BNS,191,1,2
19618,BNS,305,1,1
19620,BNS,331,1,1
19620,BNS,316,1,2
19621,BNS,85,1,1
19621,BNS,140,1,2
19622,POCSO,4,1,1
19622,POCSO,8,1,2
19623,BNS,318,1,1
19623,BNS,331,1,2
19623,BNS,305,1,3
19624,BNS,316,1,1
19624,BNS,318,1,2
19624,BNS,303,1,3
19625,BNS,316,1,1
19625,BNS,309,1,2
19626,BNS,80,1,1
19627,BNS,105,1,1
19627,BNS,109,1,2
19627,BNS,115,1,3
19628,IT,66,1,1
19628,IT,66C,1,2
19628,IT,66D,1,3
19629,NDPS,21,1,1
19629,NDPS,20,1,2
19629,ARMS,25,1,3
19630,BNS,309,1,1
19630,BNS,318,1,2
19630,BNS,316,1,3
19631,BNS,316,1,1
19631,BNS,303,1,2
19631,BNS,305,1,3
19633,BNS,318,1,1
19634,MV,184,1,1
19634,MV,185,1,2
19635,MV,184,1,1
19636,BNS,103,1,1
19637,BNS,318,1,1
19638,BNS,305,1,1
19639,BNS,338,1,1
19639,IT,66D,1,2
19640,BNS,318,1,1
19640,BNS,310,1,2
19641,BNS,331,1,1
19641,BNS,318,1,2
19641,BNS,305,1,3
19642,BNS,316,1,1
19642,BNS,331,1,2
19642,BNS,318,1,3
19643,BNS,309,1,1
19643,BNS,303,1,2
19643,BNS,331,1,3
19644,IT,66D,1,1
19645,BNS,189,1,1
19646,MV,184,1,1
19647,BNS,196,1,1
19647,BNS,191,1,2
19648,BNS,64,1,1
19648,BNS,78,1,2
19649,BNS,310,1,1
19650,MV,184,1,1
19650,MV,185,1,2
19651,BNS,103,1,1
19651,BNS,109,1,2
19652,BNS,196,1,1
19652,BNS,111,1,2
19652,BNS,112,1,3
19653,BNS,103,1,1
19653,BNS,115,1,2
19654,BNS,338,1,1
19654,IT,66D,1,2
19654,BNS,318,1,3
19655,BNS,309,1,1
19655,BNS,316,1,2
19656,BNS,351,1,1
19656,BNS,189,1,2
19656,BNS,111,1,3
19657,BNS,331,1,1
19657,BNS,318,1,2
19658,BNS,331,1,1
19658,BNS,310,1,2
19658,BNS,309,1,3
19659,BNS,140,1,1
19659,BNS,78,1,2
19659,BNS,80,1,3
19660,IT,66D,1,1
19660,IT,66,1,2
19660,IT,66C,1,3
19661,BNS,351,1,1
19661,BNS,111,1,2
19661,BNS,189,1,3
19662,BNS,318,1,1
19662,IT,66D,1,2
19663,BNS,196,1,1
19663,BNS,189,1,2
19664,BNS,316,1,1
19664,BNS,331,1,2
19664,BNS,303,1,3
19665,IT,66D,1,1
19666,BNS,103,1,1
19667,BNS,309,1,1
19667,BNS,303,1,2
19667,BNS,331,1,3
19668,IT,66D,1,1
19669,BNS,85,1,1
19669,BNS,78,1,2
19669,BNS,80,1,3
19670,MV,185,1,1
19670,MV,184,1,2
19671,BNS,309,1,1
19671,BNS,305,1,2
19672,BNS,338,1,1
19672,BNS,318,1,2
19673,BNS,111,1,1
19673,BNS,189,1,2
19674,ARMS,25,1,1
19674,NDPS,20,1,2
19675,MV,185,1,1
19676,BNS,316,1,1
19676,BNS,303,1,2
19677,BNS,140,1,1
19677,BNS,85,1,2
19678,IT,66D,1,1
19679,ARMS,25,1,1
19679,NDPS,21,1,2
19679,ARMS,27,1,3
19680,BNS,303,1,1
19680,BNS,331,1,2
19681,BNS,303,1,1
19681,BNS,316,1,2
19682,MV,184,1,1
19683,BNS,105,1,1
19684,BNS,74,1,1
19684,BNS,80,1,2
19685,BNS,305,1,1
19687,BNS,118,1,1
19687,BNS,115,1,2
19687,BNS,103,1,3
19689,MV,185,1,1
19690,BNS,196,1,1
19690,BNS,189,1,2
19691,BNS,109,1,1
19692,BNS,303,1,1
19692,BNS,318,1,2
19693,BNS,338,1,1
19694,BNS,105,1,1
19695,BNS,103,1,1
19696,BNS,316,1,1
19697,BNS,318,1,1
19697,BNS,338,1,2
19698,BNS,305,1,1
19698,BNS,318,1,2
19698,BNS,309,1,3
19699,BNS,309,1,1
19699,BNS,303,1,2
19699,BNS,305,1,3
19700,BNS,316,1,1
19701,IT,66D,1,1
19701,BNS,318,1,2
19702,MV,184,1,1
19703,BNS,338,1,1
19704,BNS,316,1,1
19704,BNS,318,1,2
19705,BNS,118,1,1
19705,BNS,103,1,2
19705,BNS,109,1,3
19706,MV,185,1,1
19706,MV,184,1,2
19707,BNS,338,1,1
19707,IT,66D,1,2
19707,BNS,318,1,3
19708,ARMS,27,1,1
19708,EXCISE,32,1,2
19709,MV,184,1,1
19710,BNS,85,1,1
19710,BNS,78,1,2
19711,MV,185,1,1
19712,MV,185,1,1
19712,MV,184,1,2
19713,BNS,109,1,1
19713,BNS,115,1,2
19714,BNS,331,1,1
19715,BNS,303,1,1
19715,BNS,331,1,2
19715,BNS,318,1,3
19716,BNS,118,1,1
19716,BNS,105,1,2
19717,MV,185,1,1
19717,MV,184,1,2
19718,BNS,316,1,1
19718,BNS,331,1,2
19718,BNS,305,1,3
19719,BNS,105,1,1
19719,BNS,103,1,2
19720,BNS,351,1,1
19720,BNS,112,1,2
19721,BNS,303,1,1
19721,BNS,318,1,2
19721,BNS,331,1,3
19722,MV,184,1,1
19723,BNS,118,1,1
19723,BNS,103,1,2
19724,MV,184,1,1
19725,MV,185,1,1
19725,MV,184,1,2
19726,BNS,316,1,1
19726,BNS,303,1,2
19726,BNS,331,1,3
19727,BNS,111,1,1
19727,BNS,189,1,2
19727,BNS,196,1,3
19728,BNS,309,1,1
19729,BNS,115,1,1
19730,BNS,318,1,1
19730,BNS,305,1,2
19730,BNS,303,1,3
19731,IT,66D,1,1
19731,BNS,338,1,2
19732,BNS,105,1,1
19734,BNS,112,1,1
19734,BNS,111,1,2
19735,BNS,64,1,1
19735,BNS,74,1,2
19735,BNS,85,1,3
19736,BNS,305,1,1
19736,BNS,310,1,2
19736,BNS,331,1,3
19737,BNS,189,1,1
19738,BNS,316,1,1
19738,BNS,309,1,2
19738,BNS,318,1,3
19739,MV,185,1,1
19740,BNS,316,1,1
19740,BNS,331,1,2
19741,BNS,331,1,1
19741,BNS,318,1,2
19742,BNS,112,1,1
19743,BNS,318,1,1
19744,BNS,109,1,1
19744,BNS,115,1,2
19745,MV,184,1,1
19746,BNS,191,1,1
19746,BNS,196,1,2
19747,BNS,305,1,1
19747,BNS,316,1,2
19747,BNS,331,1,3
19748,BNS,338,1,1
19749,IT,66D,1,1
19749,BNS,318,1,2
19749,BNS,338,1,3
19750,BNS,74,1,1
19750,BNS,80,1,2
19751,BNS,318,1,1
19752,BNS,303,1,1
19753,MV,184,1,1
19754,BNS,74,1,1
19754,BNS,64,1,2
19755,BNS,78,1,1
19755,BNS,80,1,2
19756,NDPS,8,1,1
19756,ARMS,25,1,2
19756,NDPS,21,1,3
19757,MV,185,1,1
19758,BNS,338,1,1
19758,IT,66D,1,2
19758,BNS,318,1,3
19759,BNS,331,1,1
19759,BNS,303,1,2
19759,BNS,310,1,3
19760,BNS,78,1,1
19760,BNS,64,1,2
19760,BNS,74,1,3
19761,BNS,303,1,1
19762,BNS,303,1,1
19762,BNS,318,1,2
19762,BNS,310,1,3
19763,BNS,305,1,1
19763,BNS,316,1,2
19764,BNS,111,1,1
19764,BNS,351,1,2
19764,BNS,112,1,3
19765,MV,185,1,1
19766,BNS,115,1,1
19766,BNS,118,1,2
19766,BNS,109,1,3
19767,BNS,105,1,1
19767,BNS,118,1,2
19768,BNS,351,1,1
19769,BNS,112,1,1
19770,MV,184,1,1
19770,MV,185,1,2
19771,IT,66D,1,1
19771,BNS,338,1,2
19771,BNS,318,1,3
19772,BNS,316,1,1
19772,BNS,305,1,2
19773,BNS,105,1,1
19773,BNS,109,1,2
19774,BNS,74,1,1
19775,BNS,318,1,1
19775,BNS,338,1,2
19776,BNS,331,1,1
19776,BNS,309,1,2
19776,BNS,310,1,3
19777,BNS,309,1,1
19778,BNS,318,1,1
19778,BNS,303,1,2
19778,BNS,316,1,3
19779,MV,185,1,1
19780,MV,185,1,1
19780,MV,184,1,2
19781,BNS,331,1,1
19782,BNS,316,1,1
19783,EXCISE,32,1,1
19783,NDPS,20,1,2
19783,ARMS,27,1,3
19784,BNS,310,1,1
19785,BNS,109,1,1
19785,BNS,103,1,2
19787,BNS,103,1,1
19787,BNS,118,1,2
19787,BNS,109,1,3
19788,MV,185,1,1
19790,BNS,318,1,1
19791,MV,184,1,1
19791,MV,185,1,2
19792,MV,184,1,1
19793,BNS,318,1,1
19795,BNS,318,1,1
19795,IT,66D,1,2
19796,BNS,338,1,1
19797,IT,66D,1,1
19798,BNS,140,1,1
19799,BNS,309,1,1
19799,BNS,303,1,2
19799,BNS,331,1,3
19800,MV,184,1,1
19801,BNS,118,1,1
19801,BNS,105,1,2
19802,MV,185,1,1
19802,MV,184,1,2
19803,BNS,118,1,1
19803,BNS,115,1,2
19804,POCSO,8,1,1
19804,POCSO,4,1,2
19805,BNS,318,1,1
19806,BNS,80,1,1
19806,BNS,64,1,2
19806,BNS,85,1,3
19807,BNS,196,1,1
19807,BNS,191,1,2
19807,BNS,189,1,3
19808,BNS,191,1,1
19809,MV,184,1,1
19809,MV,185,1,2
19810,BNS,115,1,1
19811,BNS,85,1,1
19811,BNS,64,1,2
19812,MV,184,1,1
19812,MV,185,1,2
19813,BNS,118,1,1
19814,BNS,351,1,1
19815,BNS,74,1,1
19815,BNS,85,1,2
19815,BNS,78,1,3
19816,MV,184,1,1
19816,MV,185,1,2
19817,MV,185,1,1
19818,BNS,331,1,1
19818,BNS,305,1,2
19818,BNS,303,1,3
19819,BNS,305,1,1
19820,BNS,310,1,1
19821,BNS,309,1,1
19821,BNS,316,1,2
19821,BNS,331,1,3
19822,MV,185,1,1
19823,BNS,310,1,1
19823,BNS,305,1,2
19823,BNS,318,1,3
19824,BNS,105,1,1
19824,BNS,103,1,2
19824,BNS,109,1,3
19825,BNS,196,1,1
19825,BNS,111,1,2
19825,BNS,189,1,3
19826,BNS,303,1,1
19826,BNS,305,1,2
19826,BNS,309,1,3
19827,BNS,316,1,1
19828,BNS,80,1,1
19828,BNS,85,1,2
19828,BNS,140,1,3
19829,BNS,318,1,1
19829,IT,66D,1,2
19830,BNS,109,1,1
19830,BNS,115,1,2
19830,BNS,118,1,3
19831,BNS,85,1,1
19831,BNS,80,1,2
19832,IT,66D,1,1
19832,BNS,338,1,2
19833,NDPS,21,1,1
19834,BNS,191,1,1
19834,BNS,351,1,2
19835,BNS,310,1,1
19835,BNS,331,1,2
19835,BNS,316,1,3
19836,BNS,318,1,1
19836,BNS,303,1,2
19837,MV,184,1,1
19838,BNS,78,1,1
19838,BNS,64,1,2
19839,POCSO,4,1,1
19839,BNS,140,1,2
19839,POCSO,8,1,3
19840,BNS,103,1,1
19840,BNS,118,1,2
19841,BNS,316,1,1
19841,BNS,303,1,2
19842,BNS,85,1,1
19842,BNS,78,1,2
19844,BNS,303,1,1
19844,BNS,309,1,2
19845,BNS,318,1,1
19845,BNS,338,1,2
19846,BNS,309,1,1
19847,EXCISE,32,1,1
19847,NDPS,21,1,2
19848,BNS,85,1,1
19849,BNS,118,1,1
19850,BNS,78,1,1
19850,BNS,64,1,2
19851,BNS,310,1,1
19852,BNS,74,1,1
19852,BNS,78,1,2
19852,BNS,80,1,3
19853,BNS,305,1,1
19854,IT,66D,1,1
19854,BNS,318,1,2
19855,MV,184,1,1
19856,BNS,310,1,1
19857,BNS,85,1,1
19858,BNS,316,1,1
19858,BNS,305,1,2
19858,BNS,303,1,3
19859,BNS,318,1,1
19859,IT,66D,1,2
19860,BNS,309,1,1
19860,BNS,316,1,2
19860,BNS,303,1,3
19861,BNS,318,1,1
19862,MV,184,1,1
19863,BNS,316,1,1
19864,IT,66,1,1
19864,IT,66D,1,2
19865,EXCISE,32,1,1
19866,BNS,303,1,1
19866,BNS,309,1,2
19866,BNS,305,1,3
19868,BNS,338,1,1
19868,IT,66D,1,2
19869,NDPS,20,1,1
19869,EXCISE,32,1,2
19870,BNS,316,1,1
19871,IT,66,1,1
19871,IT,66D,1,2
19871,IT,66C,1,3
19872,BNS,310,1,1
19872,BNS,318,1,2
19873,BNS,303,1,1
19873,BNS,318,1,2
19873,BNS,309,1,3
19874,MV,184,1,1
19875,BNS,80,1,1
19876,BNS,103,1,1
19876,BNS,118,1,2
19877,MV,185,1,1
19878,MV,184,1,1
19878,MV,185,1,2
19879,EXCISE,32,1,1
19879,ARMS,25,1,2
19880,BNS,189,1,1
19881,MV,184,1,1
19882,BNS,310,1,1
19882,BNS,316,1,2
19883,BNS,115,1,1
19883,BNS,118,1,2
19883,BNS,105,1,3
19884,BNS,310,1,1
19884,BNS,303,1,2
19885,MV,185,1,1
19886,BNS,303,1,1
19886,BNS,316,1,2
19887,PC,7,1,1
19888,BNS,111,1,1
19888,BNS,191,1,2
19889,BNS,316,1,1
19890,MV,185,1,1
19890,MV,184,1,2
19891,BNS,85,1,1
19891,BNS,78,1,2
19891,BNS,64,1,3
19892,BNS,140,1,1
19892,BNS,74,1,2
19893,BNS,309,1,1
19893,BNS,318,1,2
19894,BNS,85,1,1
19894,BNS,64,1,2
19894,BNS,80,1,3
19895,BNS,105,1,1
19895,BNS,118,1,2
19896,BNS,196,1,1
19896,BNS,111,1,2
19897,MV,185,1,1
19897,MV,184,1,2
19898,MV,185,1,1
19898,MV,184,1,2
19900,BNS,196,1,1
19901,BNS,64,1,1
19903,BNS,103,1,1
19903,BNS,118,1,2
19903,BNS,109,1,3
19904,BNS,140,1,1
19904,BNS,85,1,2
19905,MV,185,1,1
19906,BNS,338,1,1
19907,BNS,318,1,1
19907,BNS,309,1,2
19908,BNS,310,1,1
19908,BNS,318,1,2
19909,BNS,105,1,1
19909,BNS,115,1,2
19909,BNS,103,1,3
19910,BNS,318,1,1
19910,BNS,338,1,2
19911,BNS,318,1,1
19911,IT,66D,1,2
19911,BNS,338,1,3
19912,BNS,305,1,1
19912,BNS,331,1,2
19912,BNS,318,1,3
19913,EXCISE,32,1,1
19914,BNS,318,1,1
19914,BNS,338,1,2
19914,IT,66D,1,3
19915,BNS,85,1,1
19915,BNS,74,1,2
19916,BNS,316,1,1
19916,BNS,309,1,2
19917,BNS,303,1,1
19918,BNS,103,1,1
19919,NDPS,8,1,1
19919,NDPS,21,1,2
19920,IT,66D,1,1
19920,BNS,318,1,2
19920,BNS,338,1,3
19922,BNS,351,1,1
19923,BNS,331,1,1
19923,BNS,310,1,2
19924,MV,185,1,1
19924,MV,184,1,2
19925,BNS,331,1,1
19925,BNS,309,1,2
19925,BNS,316,1,3
19927,BNS,78,1,1
19927,BNS,140,1,2
19927,BNS,64,1,3
19928,NDPS,20,1,1
19929,BNS,191,1,1
19929,BNS,111,1,2
19930,BNS,305,1,1
19931,BNS,140,1,1
19932,BNS,310,1,1
19933,BNS,78,1,1
19934,MV,185,1,1
19935,BNS,78,1,1
19935,BNS,80,1,2
19935,BNS,64,1,3
19936,BNS,118,1,1
19936,BNS,109,1,2
19937,BNS,118,1,1
19937,BNS,115,1,2
19937,BNS,109,1,3
19938,BNS,310,1,1
19939,BNS,309,1,1
19940,BNS,118,1,1
19940,BNS,109,1,2
19940,BNS,105,1,3
19941,BNS,310,1,1
19941,BNS,309,1,2
19942,EXCISE,32,1,1
19942,ARMS,27,1,2
19942,ARMS,25,1,3
19943,NDPS,20,1,1
19943,EXCISE,32,1,2
19944,BNS,118,1,1
19945,BNS,318,1,1
19945,BNS,305,1,2
19945,BNS,331,1,3
19946,BNS,109,1,1
19947,BNS,316,1,1
19948,BNS,309,1,1
19949,BNS,338,1,1
19949,BNS,318,1,2
19949,IT,66D,1,3
19950,BNS,351,1,1
19950,BNS,111,1,2
19951,NDPS,8,1,1
19952,BNS,318,1,1
19952,BNS,331,1,2
19953,BNS,316,1,1
19953,BNS,305,1,2
19953,BNS,309,1,3
19954,BNS,80,1,1
19955,BNS,111,1,1
19955,BNS,191,1,2
19956,IT,66D,1,1
19956,BNS,338,1,2
19957,BNS,303,1,1
19957,BNS,318,1,2
19957,BNS,331,1,3
19958,BNS,303,1,1
19958,BNS,305,1,2
19958,BNS,318,1,3
19959,BNS,115,1,1
19959,BNS,109,1,2
19959,BNS,103,1,3
19960,MV,184,1,1
19960,MV,185,1,2
19961,BNS,351,1,1
19961,BNS,111,1,2
19962,BNS,318,1,1
19962,BNS,338,1,2
19963,BNS,140,1,1
19963,BNS,78,1,2
19963,BNS,85,1,3
19964,BNS,309,1,1
19964,BNS,303,1,2
19964,BNS,310,1,3
19965,BNS,318,1,1
19965,BNS,331,1,2
19966,NDPS,8,1,1
19967,BNS,103,1,1
19967,BNS,109,1,2
19967,BNS,105,1,3
19968,BNS,115,1,1
19968,BNS,118,1,2
19968,BNS,103,1,3
19969,BNS,318,1,1
19969,IT,66D,1,2
19970,NDPS,20,1,1
19970,NDPS,8,1,2
19970,EXCISE,32,1,3
19971,BNS,316,1,1
19971,BNS,310,1,2
19972,ARMS,25,1,1
19972,ARMS,27,1,2
19972,EXCISE,32,1,3
19973,BNS,309,1,1
19973,BNS,303,1,2
19973,BNS,331,1,3
19974,BNS,105,1,1
19974,BNS,115,1,2
19975,BNS,303,1,1
19975,BNS,331,1,2
19976,BNS,80,1,1
19977,BNS,191,1,1
19979,BNS,78,1,1
19979,BNS,64,1,2
19980,EXCISE,32,1,1
19982,POCSO,4,1,1
19982,POCSO,8,1,2
19983,BNS,191,1,1
19983,BNS,189,1,2
19983,BNS,196,1,3
19984,MV,185,1,1
19984,MV,184,1,2
19985,BNS,318,1,1
19985,BNS,338,1,2
19985,IT,66D,1,3
19986,NDPS,8,1,1
19986,ARMS,27,1,2
19987,BNS,140,1,1
19988,BNS,303,1,1
19988,BNS,309,1,2
19988,BNS,316,1,3
19989,BNS,310,1,1
19989,BNS,309,1,2
19990,BNS,118,1,1
19990,BNS,103,1,2
19991,BNS,303,1,1
19993,BNS,85,1,1
19994,BNS,111,1,1
19994,BNS,112,1,2
19995,MV,185,1,1
19996,IT,66D,1,1
19996,BNS,338,1,2
19996,BNS,318,1,3
19997,BNS,338,1,1
19998,BNS,85,1,1
19999,MV,185,1,1
20000,IT,66D,1,1
20000,BNS,318,1,2
20000,BNS,338,1,3
20001,BNS,118,1,1
20001,BNS,103,1,2
20002,IT,66C,1,1
20002,IT,66,1,2
20003,BNS,78,1,1
20004,MV,184,1,1
20005,BNS,191,1,1
20006,BNS,310,1,1
20006,BNS,309,1,2
20006,BNS,305,1,3
20008,MV,185,1,1
20009,BNS,316,1,1
20009,BNS,303,1,2
20009,BNS,310,1,3
20010,BNS,351,1,1
20010,BNS,111,1,2
20011,NDPS,8,1,1
20011,NDPS,21,1,2
20012,MV,185,1,1
20012,MV,184,1,2
20013,BNS,303,1,1
20013,BNS,316,1,2
20014,BNS,318,1,1
20015,BNS,140,1,1
20015,POCSO,4,1,2
20015,POCSO,8,1,3
20016,BNS,309,1,1
20016,BNS,316,1,2
20017,BNS,318,1,1
20017,BNS,338,1,2
20018,ARMS,25,1,1
20018,ARMS,27,1,2
20019,BNS,331,1,1
20021,NDPS,20,1,1
20021,ARMS,25,1,2
20021,NDPS,21,1,3
20022,MV,185,1,1
20022,MV,184,1,2
20023,POCSO,4,1,1
20023,POCSO,8,1,2
20023,BNS,140,1,3
20024,MV,185,1,1
20025,BNS,303,1,1
20025,BNS,309,1,2
20025,BNS,305,1,3
20026,BNS,331,1,1
20026,BNS,303,1,2
20027,BNS,310,1,1
20029,BNS,316,1,1
20030,NDPS,20,1,1
20031,MV,184,1,1
20031,MV,185,1,2
20032,MV,184,1,1
20032,MV,185,1,2
20034,BNS,309,1,1
20034,BNS,318,1,2
20035,BNS,316,1,1
20036,BNS,64,1,1
20037,BNS,318,1,1
20037,IT,66D,1,2
20038,BNS,310,1,1
20038,BNS,303,1,2
20038,BNS,331,1,3
20039,IT,66D,1,1
20039,BNS,318,1,2
20040,BNS,118,1,1
20041,PC,7,1,1
20042,MV,184,1,1
20043,BNS,303,1,1
20043,BNS,305,1,2
20043,BNS,310,1,3
20044,BNS,305,1,1
20044,BNS,318,1,2
20044,BNS,316,1,3
20045,MV,185,1,1
20046,BNS,310,1,1
20047,NDPS,8,1,1
20047,ARMS,27,1,2
20047,ARMS,25,1,3
20048,BNS,115,1,1
20048,BNS,109,1,2
20049,BNS,331,1,1
20050,BNS,318,1,1
20051,BNS,118,1,1
20051,BNS,109,1,2
20051,BNS,105,1,3
20052,IT,66D,1,1
20052,BNS,338,1,2
20053,MV,184,1,1
20053,MV,185,1,2
20054,MV,184,1,1
20054,MV,185,1,2
20055,MV,184,1,1
20055,MV,185,1,2
20056,BNS,303,1,1
20056,BNS,310,1,2
20056,BNS,309,1,3
20057,BNS,64,1,1
20057,BNS,85,1,2
20057,BNS,78,1,3
20058,BNS,309,1,1
20059,BNS,318,1,1
20061,BNS,338,1,1
20061,BNS,318,1,2
20061,IT,66D,1,3
20062,MV,185,1,1
20062,MV,184,1,2
20063,BNS,191,1,1
20063,BNS,111,1,2
20063,BNS,112,1,3
20064,BNS,331,1,1
20064,BNS,318,1,2
20064,BNS,316,1,3
20065,BNS,309,1,1
20065,BNS,310,1,2
20066,BNS,309,1,1
20066,BNS,310,1,2
20066,BNS,305,1,3
20067,BNS,303,1,1
20067,BNS,309,1,2
20068,BNS,85,1,1
20068,BNS,140,1,2
20068,BNS,80,1,3
20069,BNS,338,1,1
20070,BNS,105,1,1
20070,BNS,103,1,2
20071,BNS,115,1,1
20071,BNS,109,1,2
20071,BNS,118,1,3
20072,BNS,303,1,1
20072,BNS,318,1,2
20074,BNS,309,1,1
20076,BNS,305,1,1
20076,BNS,310,1,2
20077,BNS,331,1,1
20078,BNS,109,1,1
20078,BNS,105,1,2
20078,BNS,103,1,3
20080,IT,66D,1,1
20081,BNS,318,1,1
20081,IT,66D,1,2
20081,BNS,338,1,3
20082,BNS,309,1,1
20082,BNS,318,1,2
20082,BNS,316,1,3
20083,BNS,318,1,1
20084,MV,184,1,1
20084,MV,185,1,2
20085,BNS,309,1,1
20085,BNS,310,1,2
20086,BNS,140,1,1
20086,BNS,74,1,2
20086,BNS,78,1,3
20087,BNS,303,1,1
20088,BNS,109,1,1
20088,BNS,118,1,2
20088,BNS,105,1,3
20089,BNS,309,1,1
20089,BNS,310,1,2
20090,BNS,309,1,1
20090,BNS,310,1,2
20091,BNS,309,1,1
20092,BNS,331,1,1
20093,IT,66D,1,1
20094,BNS,316,1,1
20094,BNS,318,1,2
20094,BNS,305,1,3
20095,BNS,331,1,1
20095,BNS,309,1,2
20095,BNS,318,1,3
20096,MV,185,1,1
20096,MV,184,1,2
20097,BNS,318,1,1
20098,IT,66D,1,1
20098,BNS,338,1,2
20098,BNS,318,1,3
20099,BNS,80,1,1
20099,BNS,85,1,2
20100,BNS,316,1,1
20100,BNS,305,1,2
20101,BNS,74,1,1
20101,BNS,85,1,2
20101,BNS,64,1,3
20102,MV,184,1,1
20103,BNS,305,1,1
20104,BNS,118,1,1
20104,BNS,115,1,2
20104,BNS,109,1,3
20105,MV,185,1,1
20105,MV,184,1,2
20106,BNS,118,1,1
20106,BNS,115,1,2
20107,BNS,303,1,1
20107,BNS,310,1,2
20107,BNS,331,1,3
20108,BNS,103,1,1
20109,BNS,305,1,1
20109,BNS,318,1,2
20110,BNS,115,1,1
20111,BNS,196,1,1
20112,IT,66D,1,1
20112,BNS,318,1,2
20112,BNS,338,1,3
20113,BNS,115,1,1
20113,BNS,109,1,2
20113,BNS,118,1,3
20114,MV,185,1,1
20115,BNS,191,1,1
20115,BNS,111,1,2
20115,BNS,351,1,3
20117,BNS,318,1,1
20117,BNS,309,1,2
20118,BNS,78,1,1
20118,BNS,85,1,2
20118,BNS,80,1,3
20119,IT,66D,1,1
20119,BNS,338,1,2
20119,BNS,318,1,3
20120,BNS,109,1,1
20120,BNS,103,1,2
20121,MV,185,1,1
20122,BNS,316,1,1
20122,BNS,303,1,2
20122,BNS,305,1,3
20123,MV,184,1,1
20124,ARMS,27,1,1
20126,BNS,309,1,1
20126,BNS,305,1,2
20127,BNS,316,1,1
20127,BNS,303,1,2
20127,BNS,310,1,3
20129,BNS,316,1,1
20129,BNS,318,1,2
20129,BNS,309,1,3
20130,BNS,318,1,1
20130,BNS,309,1,2
20131,BNS,85,1,1
20131,BNS,74,1,2
20131,BNS,78,1,3
20132,BNS,338,1,1
20133,BNS,118,1,1
20133,BNS,115,1,2
20134,BNS,338,1,1
20136,PC,7,1,1
20137,EXCISE,32,1,1
20137,NDPS,8,1,2
20140,ARMS,25,1,1
20141,BNS,109,1,1
20141,BNS,105,1,2
20141,BNS,103,1,3
20143,BNS,103,1,1
20144,BNS,331,1,1
20144,BNS,305,1,2
20145,BNS,78,1,1
20145,BNS,140,1,2
20146,BNS,310,1,1
20146,BNS,318,1,2
20146,BNS,309,1,3
20147,BNS,303,1,1
20147,BNS,310,1,2
20147,BNS,309,1,3
20148,IT,66D,1,1
20148,BNS,318,1,2
20149,BNS,303,1,1
20149,BNS,316,1,2
20149,BNS,305,1,3
20150,MV,184,1,1
20151,BNS,115,1,1
20151,BNS,118,1,2
20152,BNS,316,1,1
20152,BNS,303,1,2
20153,BNS,310,1,1
20154,IT,66D,1,1
20154,BNS,338,1,2
20154,BNS,318,1,3
20155,BNS,310,1,1
20156,BNS,316,1,1
20156,BNS,309,1,2
20156,BNS,318,1,3
20157,IT,66,1,1
20159,BNS,310,1,1
20160,MV,184,1,1
20160,MV,185,1,2
20161,BNS,310,1,1
20163,MV,185,1,1
20164,BNS,109,1,1
20164,BNS,105,1,2
20164,BNS,115,1,3
20165,BNS,331,1,1
20166,BNS,118,1,1
20167,BNS,305,1,1
20167,BNS,303,1,2
20167,BNS,309,1,3
20168,BNS,309,1,1
20169,BNS,318,1,1
20169,BNS,303,1,2
20169,BNS,331,1,3
20171,MV,184,1,1
20172,BNS,109,1,1
20172,BNS,105,1,2
20172,BNS,103,1,3
20173,BNS,115,1,1
20174,BNS,109,1,1
20175,BNS,318,1,1
20175,BNS,331,1,2
20176,BNS,318,1,1
20176,BNS,310,1,2
20177,BNS,303,1,1
20177,BNS,305,1,2
20177,BNS,331,1,3
20178,NDPS,8,1,1
20178,ARMS,25,1,2
20178,NDPS,20,1,3
20179,IT,66D,1,1
20180,BNS,115,1,1
20180,BNS,103,1,2
20180,BNS,118,1,3
20181,PC,7,1,1
20182,BNS,305,1,1
20182,BNS,318,1,2
20182,BNS,303,1,3
20183,BNS,331,1,1
20184,BNS,303,1,1
20185,BNS,305,1,1
20185,BNS,303,1,2
20186,BNS,318,1,1
20186,BNS,309,1,2
20186,BNS,316,1,3
20187,BNS,318,1,1
20188,IT,66D,1,1
20188,BNS,338,1,2
20189,BNS,118,1,1
20189,BNS,115,1,2
20189,BNS,105,1,3
20190,BNS,189,1,1
20190,BNS,196,1,2
20191,BNS,303,1,1
20192,BNS,118,1,1
20193,BNS,303,1,1
20194,BNS,78,1,1
20195,BNS,338,1,1
20195,IT,66D,1,2
20196,BNS,78,1,1
20196,BNS,80,1,2
20196,BNS,64,1,3
20197,BNS,112,1,1
20197,BNS,111,1,2
20198,BNS,316,1,1
20198,BNS,309,1,2
20198,BNS,310,1,3
20199,BNS,305,1,1
20199,BNS,318,1,2
20200,BNS,105,1,1
20200,BNS,103,1,2
20201,BNS,310,1,1
20202,MV,184,1,1
20203,BNS,338,1,1
20203,BNS,318,1,2
20203,IT,66D,1,3
20204,BNS,103,1,1
20204,BNS,105,1,2
20205,IT,66,1,1
20205,IT,66C,1,2
20205,IT,66D,1,3
20206,IT,66D,1,1
20207,IT,66C,1,1
20207,IT,66D,1,2
20208,BNS,318,1,1
20209,IT,66D,1,1
20210,BNS,309,1,1
20210,BNS,310,1,2
20210,BNS,303,1,3
20211,NDPS,21,1,1
20211,NDPS,8,1,2
20211,EXCISE,32,1,3
20212,BNS,316,1,1
20213,BNS,309,1,1
20213,BNS,310,1,2
20213,BNS,305,1,3
20214,BNS,309,1,1
20214,BNS,305,1,2
20215,BNS,310,1,1
20215,BNS,331,1,2
20216,MV,185,1,1
20216,MV,184,1,2
20217,BNS,115,1,1
20217,BNS,118,1,2
20218,BNS,331,1,1
20219,PC,7,1,1
20220,BNS,140,1,1
20220,POCSO,8,1,2
20220,POCSO,4,1,3
20221,MV,185,1,1
20222,MV,185,1,1
20223,BNS,318,1,1
20223,IT,66D,1,2
20223,BNS,338,1,3
20224,POCSO,8,1,1
20225,BNS,316,1,1
20226,BNS,316,1,1
20226,BNS,331,1,2
20226,BNS,310,1,3
20227,BNS,103,1,1
20227,BNS,105,1,2
20228,MV,184,1,1
20228,MV,185,1,2
20229,BNS,318,1,1
20229,BNS,331,1,2
20230,BNS,189,1,1
20231,BNS,111,1,1
20232,BNS,103,1,1
20234,BNS,338,1,1
20234,BNS,318,1,2
20234,IT,66D,1,3
20235,BNS,316,1,1
20236,BNS,111,1,1
20236,BNS,351,1,2
20237,MV,185,1,1
20237,MV,184,1,2
20238,BNS,191,1,1
20238,BNS,112,1,2
20239,BNS,318,1,1
20241,BNS,351,1,1
20241,BNS,189,1,2
20241,BNS,196,1,3
20242,MV,184,1,1
20243,BNS,80,1,1
20245,BNS,118,1,1
20246,BNS,310,1,1
20246,BNS,318,1,2
20247,BNS,309,1,1
20248,IT,66D,1,1
20249,BNS,318,1,1
20249,BNS,338,1,2
20250,BNS,109,1,1
20250,BNS,105,1,2
20251,BNS,318,1,1
20251,BNS,338,1,2
20251,IT,66D,1,3
20252,BNS,196,1,1
20252,BNS,351,1,2
20252,BNS,111,1,3
20253,MV,185,1,1
20253,MV,184,1,2
20254,BNS,331,1,1
20254,BNS,309,1,2
20254,BNS,305,1,3
20255,MV,185,1,1
20255,MV,184,1,2
20256,POCSO,4,1,1
20256,POCSO,8,1,2
20257,BNS,105,1,1
20257,BNS,118,1,2
20258,BNS,318,1,1
20258,BNS,316,1,2
20258,BNS,331,1,3
20259,BNS,109,1,1
20260,BNS,316,1,1
20260,BNS,305,1,2
20261,BNS,303,1,1
20262,BNS,115,1,1
20262,BNS,109,1,2
20262,BNS,118,1,3
20263,PC,7,1,1
20264,BNS,109,1,1
20264,BNS,103,1,2
20264,BNS,118,1,3
20265,MV,185,1,1
20265,MV,184,1,2
20266,BNS,316,1,1
20268,BNS,316,1,1
20269,BNS,109,1,1
20269,BNS,115,1,2
20269,BNS,105,1,3
20270,BNS,103,1,1
20270,BNS,115,1,2
20270,BNS,118,1,3
20271,BNS,318,1,1
20271,BNS,331,1,2
20271,BNS,303,1,3
20272,BNS,309,1,1
20273,BNS,305,1,1
20273,BNS,310,1,2
20274,EXCISE,32,1,1
20274,NDPS,8,1,2
20275,BNS,309,1,1
20275,BNS,305,1,2
20276,POCSO,8,1,1
20276,POCSO,4,1,2
20278,BNS,318,1,1
20279,BNS,318,1,1
20280,BNS,85,1,1
20280,BNS,78,1,2
20280,BNS,140,1,3
20281,BNS,309,1,1
20282,BNS,80,1,1
20283,BNS,85,1,1
20283,BNS,74,1,2
20284,BNS,310,1,1
20284,BNS,303,1,2
20285,BNS,331,1,1
20285,BNS,310,1,2
20286,BNS,105,1,1
20286,BNS,109,1,2
20287,BNS,338,1,1
20287,BNS,318,1,2
20287,IT,66D,1,3
20288,BNS,318,1,1
20288,BNS,316,1,2
20290,BNS,318,1,1
20290,BNS,338,1,2
20290,IT,66D,1,3
20291,BNS,303,1,1
20291,BNS,331,1,2
20291,BNS,309,1,3
20292,BNS,318,1,1
20292,BNS,303,1,2
20292,BNS,331,1,3
20293,BNS,318,1,1
20293,BNS,309,1,2
20293,BNS,316,1,3
20294,BNS,112,1,1
20294,BNS,189,1,2
20296,BNS,331,1,1
20297,BNS,318,1,1
20297,BNS,331,1,2
20298,BNS,310,1,1
20299,BNS,85,1,1
20299,BNS,140,1,2
20299,BNS,64,1,3
20300,BNS,318,1,1
20300,IT,66D,1,2
20301,BNS,316,1,1
20301,BNS,303,1,2
20302,BNS,191,1,1
20302,BNS,189,1,2
20303,BNS,318,1,1
20303,BNS,310,1,2
20304,BNS,305,1,1
20305,MV,184,1,1
20306,BNS,109,1,1
20307,BNS,310,1,1
20307,BNS,303,1,2
20307,BNS,309,1,3
20308,BNS,316,1,1
20309,IT,66D,1,1
20309,BNS,338,1,2
20309,BNS,318,1,3
20310,BNS,118,1,1
20310,BNS,115,1,2
20311,BNS,318,1,1
20312,BNS,303,1,1
20313,BNS,64,1,1
20313,BNS,74,1,2
20314,BNS,303,1,1
20314,BNS,318,1,2
20314,BNS,310,1,3
20315,IT,66D,1,1
20316,BNS,303,1,1
20316,BNS,305,1,2
20317,BNS,109,1,1
20318,BNS,310,1,1
20320,MV,185,1,1
20320,MV,184,1,2
20321,MV,184,1,1
20322,BNS,85,1,1
20323,BNS,338,1,1
20323,IT,66D,1,2
20323,BNS,318,1,3
20324,BNS,105,1,1
20324,BNS,118,1,2
20325,BNS,78,1,1
20326,MV,185,1,1
20327,BNS,118,1,1
20327,BNS,103,1,2
20328,BNS,310,1,1
20328,BNS,318,1,2
20328,BNS,305,1,3
20329,BNS,64,1,1
20330,BNS,115,1,1
20331,BNS,309,1,1
20331,BNS,316,1,2
20331,BNS,331,1,3
20333,BNS,103,1,1
20333,BNS,118,1,2
20334,BNS,318,1,1
20335,BNS,112,1,1
20336,BNS,85,1,1
20337,BNS,351,1,1
20337,BNS,111,1,2
20337,BNS,189,1,3
20339,IT,66C,1,1
20339,IT,66,1,2
20340,BNS,74,1,1
20341,BNS,115,1,1
20341,BNS,118,1,2
20342,BNS,303,1,1
20342,BNS,309,1,2
20343,BNS,303,1,1
20343,BNS,310,1,2
20343,BNS,316,1,3
20344,BNS,316,1,1
20344,BNS,331,1,2
20345,BNS,309,1,1
20345,BNS,318,1,2
20345,BNS,316,1,3
20346,BNS,140,1,1
20347,BNS,64,1,1
20347,BNS,140,1,2
20347,BNS,78,1,3
20348,BNS,310,1,1
20349,MV,184,1,1
20349,MV,185,1,2
20350,BNS,196,1,1
20350,BNS,351,1,2
20350,BNS,189,1,3
20351,IT,66D,1,1
20351,BNS,338,1,2
20351,BNS,318,1,3
20352,BNS,303,1,1
20353,BNS,103,1,1
20354,BNS,80,1,1
20355,BNS,338,1,1
20355,BNS,318,1,2
20355,IT,66D,1,3
20356,BNS,338,1,1
20357,BNS,196,1,1
20357,BNS,112,1,2
20357,BNS,189,1,3
20358,BNS,103,1,1
20358,BNS,118,1,2
20359,MV,185,1,1
20359,MV,184,1,2
20360,MV,185,1,1
20360,MV,184,1,2
20361,MV,184,1,1
20361,MV,185,1,2
20362,BNS,318,1,1
20363,NDPS,21,1,1
20363,NDPS,20,1,2
20364,BNS,331,1,1
20364,BNS,309,1,2
20364,BNS,305,1,3
20365,BNS,191,1,1
20365,BNS,196,1,2
20365,BNS,111,1,3
20366,MV,184,1,1
20366,MV,185,1,2
20367,BNS,303,1,1
20367,BNS,310,1,2
20368,BNS,351,1,1
20368,BNS,191,1,2
20368,BNS,111,1,3
20370,BNS,78,1,1
20370,BNS,85,1,2
20371,MV,185,1,1
20372,MV,185,1,1
20372,MV,184,1,2
20373,BNS,318,1,1
20373,IT,66D,1,2
20374,IT,66D,1,1
20374,BNS,338,1,2
20375,BNS,103,1,1
20375,BNS,115,1,2
20375,BNS,105,1,3
20376,BNS,310,1,1
20377,BNS,140,1,1
20378,BNS,318,1,1
20378,BNS,338,1,2
20378,IT,66D,1,3
20379,BNS,74,1,1
20379,BNS,140,1,2
20379,BNS,78,1,3
20380,IT,66,1,1
20382,BNS,80,1,1
20382,BNS,74,1,2
20383,BNS,118,1,1
20385,BNS,305,1,1
20386,BNS,115,1,1
20387,BNS,118,1,1
20388,BNS,305,1,1
20388,BNS,331,1,2
20389,MV,184,1,1
20390,BNS,331,1,1
20390,BNS,309,1,2
20391,BNS,303,1,1
20392,BNS,140,1,1
20392,BNS,74,1,2
20393,BNS,318,1,1
20394,BNS,310,1,1
20395,MV,184,1,1
20395,MV,185,1,2
20396,BNS,115,1,1
20396,BNS,105,1,2
20397,BNS,318,1,1
20397,BNS,331,1,2
20397,BNS,316,1,3
20398,BNS,105,1,1
20398,BNS,103,1,2
20398,BNS,115,1,3
20399,IT,66D,1,1
20399,BNS,318,1,2
20400,BNS,115,1,1
20401,MV,185,1,1
20402,BNS,85,1,1
20403,MV,184,1,1
20404,BNS,64,1,1
20404,BNS,74,1,2
20404,BNS,80,1,3
20405,BNS,103,1,1
20405,BNS,109,1,2
20406,MV,185,1,1
20406,MV,184,1,2
20407,POCSO,8,1,1
20407,POCSO,4,1,2
20408,MV,185,1,1
20408,MV,184,1,2
20410,BNS,318,1,1
20410,BNS,309,1,2
20411,BNS,111,1,1
20411,BNS,112,1,2
20411,BNS,196,1,3
20412,IT,66,1,1
20412,IT,66C,1,2
20412,IT,66D,1,3
20413,BNS,310,1,1
20413,BNS,305,1,2
20413,BNS,309,1,3
20414,BNS,305,1,1
20414,BNS,303,1,2
20414,BNS,310,1,3
20415,MV,184,1,1
20416,BNS,316,1,1
20416,BNS,305,1,2
20416,BNS,318,1,3
20417,BNS,338,1,1
20418,BNS,109,1,1
20419,IT,66D,1,1
20419,IT,66C,1,2
20419,IT,66,1,3
20420,MV,185,1,1
20420,MV,184,1,2
20421,BNS,303,1,1
20421,BNS,310,1,2
20421,BNS,318,1,3
20422,BNS,310,1,1
20423,BNS,310,1,1
20423,BNS,305,1,2
20423,BNS,316,1,3
20424,BNS,118,1,1
20425,BNS,331,1,1
20425,BNS,318,1,2
20425,BNS,310,1,3
20426,BNS,351,1,1
20427,BNS,310,1,1
20428,BNS,64,1,1
20429,BNS,331,1,1
20429,BNS,310,1,2
20429,BNS,309,1,3
20430,BNS,316,1,1
20430,BNS,303,1,2
20430,BNS,305,1,3
20431,BNS,105,1,1
20431,BNS,109,1,2
20431,BNS,118,1,3
20432,BNS,310,1,1
20432,BNS,331,1,2
20433,IT,66D,1,1
20433,BNS,318,1,2
20434,BNS,78,1,1
20435,BNS,189,1,1
20436,BNS,338,1,1
20436,IT,66D,1,2
20437,BNS,338,1,1
20437,BNS,318,1,2
20437,IT,66D,1,3
20438,BNS,318,1,1
20439,BNS,196,1,1
20439,BNS,189,1,2
20440,BNS,303,1,1
20441,IT,66D,1,1
20441,BNS,318,1,2
20442,BNS,189,1,1
20442,BNS,196,1,2
20443,IT,66C,1,1
20443,IT,66D,1,2
20445,BNS,309,1,1
20446,BNS,351,1,1
20446,BNS,112,1,2
20447,BNS,310,1,1
20448,BNS,305,1,1
20448,BNS,309,1,2
20449,MV,185,1,1
20450,BNS,115,1,1
20450,BNS,103,1,2
20451,BNS,196,1,1
20451,BNS,111,1,2
20451,BNS,351,1,3
20452,BNS,316,1,1
20452,BNS,309,1,2
20453,NDPS,20,1,1
20453,NDPS,21,1,2
20454,NDPS,20,1,1
20454,ARMS,27,1,2
20454,ARMS,25,1,3
20455,MV,184,1,1
20455,MV,185,1,2
20456,BNS,318,1,1
20456,BNS,310,1,2
20457,BNS,140,1,1
20459,EXCISE,32,1,1
20459,NDPS,8,1,2
20460,BNS,351,1,1
20460,BNS,196,1,2
20462,IT,66D,1,1
20462,BNS,338,1,2
20463,MV,185,1,1
20463,MV,184,1,2
20464,BNS,115,1,1
20464,BNS,105,1,2
20464,BNS,109,1,3
20465,BNS,310,1,1
20466,BNS,318,1,1
20466,BNS,316,1,2
20467,BNS,64,1,1
20468,BNS,316,1,1
20469,BNS,109,1,1
20469,BNS,105,1,2
20469,BNS,118,1,3
20470,BNS,318,1,1
20470,BNS,303,1,2
20471,BNS,309,1,1
20472,BNS,338,1,1
20472,BNS,318,1,2
20472,IT,66D,1,3
20473,IT,66D,1,1
20474,MV,185,1,1
20475,ARMS,27,1,1
20476,BNS,115,1,1
20476,BNS,103,1,2
20476,BNS,118,1,3
20477,BNS,103,1,1
20477,BNS,118,1,2
20477,BNS,115,1,3
20478,BNS,85,1,1
20478,BNS,64,1,2
20480,BNS,310,1,1
20480,BNS,305,1,2
20481,BNS,338,1,1
20482,BNS,338,1,1
20483,BNS,64,1,1
20484,BNS,118,1,1
20484,BNS,115,1,2
20484,BNS,103,1,3
20485,MV,184,1,1
20486,PC,7,1,1
20488,BNS,316,1,1
20490,IT,66C,1,1
20494,BNS,316,1,1
20494,BNS,309,1,2
20495,BNS,103,1,1
20495,BNS,105,1,2
20496,BNS,115,1,1
20496,BNS,105,1,2
20497,IT,66D,1,1
20497,BNS,318,1,2
20498,BNS,310,1,1
20498,BNS,318,1,2
20498,BNS,316,1,3
20499,BNS,103,1,1
20500,BNS,310,1,1
20500,BNS,331,1,2
20501,IT,66D,1,1
20501,BNS,318,1,2
20501,BNS,338,1,3
20502,MV,184,1,1
20503,BNS,316,1,1
20503,BNS,318,1,2
20504,IT,66D,1,1
20504,IT,66C,1,2
20505,PC,7,1,1
20506,BNS,303,1,1
20506,BNS,316,1,2
20506,BNS,318,1,3
20507,BNS,303,1,1
20507,BNS,331,1,2
20508,BNS,191,1,1
20508,BNS,196,1,2
20508,BNS,112,1,3
20509,BNS,318,1,1
20509,BNS,310,1,2
20509,BNS,331,1,3
20510,BNS,309,1,1
20510,BNS,316,1,2
20511,BNS,118,1,1
20511,BNS,103,1,2
20511,BNS,105,1,3
20512,BNS,112,1,1
20512,BNS,196,1,2
20512,BNS,191,1,3
20513,IT,66,1,1
20513,IT,66C,1,2
20514,NDPS,21,1,1
20514,ARMS,27,1,2
20515,MV,184,1,1
20516,MV,184,1,1
20517,MV,184,1,1
20518,BNS,78,1,1
20519,BNS,310,1,1
20519,BNS,316,1,2
20520,BNS,331,1,1
20521,BNS,303,1,1
20521,BNS,310,1,2
20521,BNS,305,1,3
20522,BNS,140,1,1
20523,BNS,318,1,1
20524,BNS,109,1,1
20524,BNS,103,1,2
20524,BNS,118,1,3
20525,MV,184,1,1
20526,MV,184,1,1
20526,MV,185,1,2
20527,BNS,64,1,1
20527,BNS,78,1,2
20527,BNS,80,1,3
20528,NDPS,20,1,1
20528,EXCISE,32,1,2
20528,NDPS,21,1,3
20529,ARMS,27,1,1
20529,NDPS,8,1,2
20530,BNS,118,1,1
20531,BNS,115,1,1
20532,BNS,80,1,1
20532,BNS,78,1,2
20532,BNS,74,1,3
20533,BNS,103,1,1
20533,BNS,105,1,2
20533,BNS,109,1,3
20534,BNS,78,1,1
20534,BNS,64,1,2
20534,BNS,74,1,3
20535,BNS,118,1,1
20536,BNS,303,1,1
20537,BNS,316,1,1
20539,BNS,310,1,1
20540,BNS,309,1,1
20540,BNS,316,1,2
20541,EXCISE,32,1,1
20541,ARMS,27,1,2
20541,NDPS,21,1,3
20542,BNS,115,1,1
20542,BNS,105,1,2
20542,BNS,109,1,3
20543,BNS,310,1,1
20544,BNS,338,1,1
20544,IT,66D,1,2
20545,BNS,309,1,1
20546,NDPS,20,1,1
20546,ARMS,27,1,2
20547,BNS,309,1,1
20547,BNS,318,1,2
20547,BNS,303,1,3
20548,BNS,80,1,1
20549,BNS,310,1,1
20550,MV,185,1,1
20550,MV,184,1,2
20551,MV,185,1,1
20552,BNS,310,1,1
20552,BNS,318,1,2
20552,BNS,303,1,3
20553,IT,66D,1,1
20554,BNS,189,1,1
20555,BNS,316,1,1
20555,BNS,318,1,2
20555,BNS,303,1,3
20556,BNS,303,1,1
20557,MV,184,1,1
20558,BNS,109,1,1
20558,BNS,118,1,2
20559,BNS,316,1,1
20559,BNS,305,1,2
20559,BNS,309,1,3
20560,BNS,103,1,1
20560,BNS,118,1,2
20560,BNS,115,1,3
20561,BNS,80,1,1
20562,BNS,103,1,1
20562,BNS,109,1,2
20563,IT,66C,1,1
20563,IT,66,1,2
20564,BNS,310,1,1
20564,BNS,316,1,2
20564,BNS,305,1,3
20565,MV,185,1,1
20566,BNS,309,1,1
20566,BNS,318,1,2
20567,MV,184,1,1
20567,MV,185,1,2
20569,BNS,105,1,1
20569,BNS,115,1,2
20569,BNS,118,1,3
20570,BNS,303,1,1
20570,BNS,316,1,2
20570,BNS,318,1,3
20571,BNS,318,1,1
20571,BNS,316,1,2
20571,BNS,309,1,3
20572,BNS,196,1,1
20573,BNS,64,1,1
20574,BNS,303,1,1
20575,BNS,338,1,1
20575,IT,66D,1,2
20576,BNS,338,1,1
20576,IT,66D,1,2
20576,BNS,318,1,3
20577,BNS,118,1,1
20577,BNS,109,1,2
20577,BNS,115,1,3
20578,PC,7,1,1
20579,MV,185,1,1
20579,MV,184,1,2
20580,IT,66D,1,1
20580,BNS,338,1,2
20580,BNS,318,1,3
20581,BNS,351,1,1
20581,BNS,196,1,2
20581,BNS,189,1,3
20582,BNS,351,1,1
20582,BNS,111,1,2
20583,MV,184,1,1
20584,BNS,78,1,1
20584,BNS,64,1,2
20584,BNS,74,1,3
20585,BNS,318,1,1
20586,BNS,103,1,1
20586,BNS,115,1,2
20587,NDPS,20,1,1
20587,NDPS,21,1,2
20587,ARMS,27,1,3
20588,BNS,310,1,1
20588,BNS,309,1,2
20588,BNS,331,1,3
20589,BNS,140,1,1
20590,MV,184,1,1
20591,BNS,331,1,1
20591,BNS,305,1,2
20592,PC,7,1,1
20593,BNS,309,1,1
20594,BNS,64,1,1
20594,BNS,78,1,2
20594,BNS,140,1,3
20595,BNS,112,1,1
20596,BNS,318,1,1
20596,BNS,338,1,2
20596,IT,66D,1,3
20597,BNS,191,1,1
20597,BNS,196,1,2
20597,BNS,189,1,3
20599,BNS,331,1,1
20600,BNS,305,1,1
20600,BNS,318,1,2
20600,BNS,316,1,3
20601,BNS,338,1,1
20602,NDPS,21,1,1
20602,ARMS,25,1,2
20604,MV,185,1,1
20604,MV,184,1,2
20605,BNS,105,1,1
20605,BNS,103,1,2
20605,BNS,115,1,3
20606,NDPS,20,1,1
20606,NDPS,21,1,2
20606,ARMS,25,1,3
20607,BNS,331,1,1
20607,BNS,316,1,2
20608,ARMS,27,1,1
20608,NDPS,8,1,2
20608,NDPS,20,1,3
20609,IT,66C,1,1
20610,IT,66D,1,1
20611,BNS,309,1,1
20612,IT,66C,1,1
20612,IT,66D,1,2
20612,IT,66,1,3
20614,BNS,316,1,1
20614,BNS,305,1,2
20615,BNS,303,1,1
20615,BNS,310,1,2
20616,BNS,78,1,1
20617,NDPS,20,1,1
20617,NDPS,8,1,2
20617,EXCISE,32,1,3
20619,BNS,310,1,1
20620,BNS,331,1,1
20621,BNS,74,1,1
20621,BNS,85,1,2
20622,BNS,318,1,1
20623,BNS,189,1,1
20623,BNS,196,1,2
20623,BNS,191,1,3
20624,MV,185,1,1
20624,MV,184,1,2
20625,BNS,85,1,1
20626,BNS,331,1,1
20626,BNS,303,1,2
20627,BNS,331,1,1
20630,BNS,318,1,1
20631,BNS,305,1,1
20632,BNS,316,1,1
20633,BNS,118,1,1
20634,IT,66C,1,1
20635,BNS,305,1,1
20635,BNS,316,1,2
20635,BNS,303,1,3
20636,BNS,118,1,1
20637,BNS,316,1,1
20637,BNS,310,1,2
20637,BNS,309,1,3
20638,IT,66D,1,1
20638,IT,66,1,2
20639,BNS,338,1,1
20639,BNS,318,1,2
20639,IT,66D,1,3
20640,IT,66D,1,1
20640,BNS,338,1,2
20640,BNS,318,1,3
20641,NDPS,8,1,1
20641,EXCISE,32,1,2
20641,ARMS,27,1,3
20642,MV,184,1,1
20642,MV,185,1,2
20643,BNS,103,1,1
20644,BNS,338,1,1
20644,BNS,318,1,2
20645,BNS,103,1,1
20646,IT,66C,1,1
20647,BNS,305,1,1
20647,BNS,331,1,2
20648,BNS,310,1,1
20648,BNS,316,1,2
20648,BNS,309,1,3
20649,BNS,309,1,1
20649,BNS,303,1,2
20650,BNS,309,1,1
20650,BNS,316,1,2
20650,BNS,331,1,3
20651,BNS,196,1,1
20652,BNS,74,1,1
20652,BNS,140,1,2
20653,BNS,85,1,1
20653,BNS,140,1,2
20653,BNS,80,1,3
20654,BNS,338,1,1
20655,BNS,351,1,1
20655,BNS,112,1,2
20656,BNS,318,1,1
20656,BNS,316,1,2
20657,BNS,351,1,1
20657,BNS,196,1,2
20659,MV,184,1,1
20659,MV,185,1,2
20660,BNS,196,1,1
20660,BNS,111,1,2
20661,BNS,78,1,1
20661,BNS,64,1,2
20663,BNS,316,1,1
20664,BNS,338,1,1
20664,BNS,318,1,2
20664,IT,66D,1,3
20665,BNS,310,1,1
20665,BNS,316,1,2
20666,BNS,318,1,1
20666,BNS,305,1,2
20667,BNS,310,1,1
20667,BNS,331,1,2
20667,BNS,318,1,3
20668,BNS,303,1,1
20668,BNS,316,1,2
20668,BNS,305,1,3
20669,BNS,109,1,1
20670,BNS,305,1,1
20670,BNS,303,1,2
20670,BNS,310,1,3
20671,NDPS,21,1,1
20671,EXCISE,32,1,2
20672,BNS,118,1,1
20673,BNS,118,1,1
20674,PC,7,1,1
20675,NDPS,20,1,1
20675,NDPS,21,1,2
20676,MV,184,1,1
20676,MV,185,1,2
20677,BNS,115,1,1
20677,BNS,105,1,2
20678,MV,184,1,1
20679,BNS,78,1,1
20679,BNS,85,1,2
20680,BNS,111,1,1
20680,BNS,191,1,2
20681,BNS,331,1,1
20681,BNS,305,1,2
20682,BNS,303,1,1
20683,MV,184,1,1
20683,MV,185,1,2
20684,BNS,305,1,1
20684,BNS,318,1,2
20684,BNS,331,1,3
20685,BNS,309,1,1
20685,BNS,331,1,2
20686,BNS,140,1,1
20687,BNS,338,1,1
20687,BNS,318,1,2
20688,BNS,115,1,1
20688,BNS,103,1,2
20688,BNS,118,1,3
20689,BNS,331,1,1
20689,BNS,309,1,2
20690,BNS,316,1,1
20690,BNS,318,1,2
20690,BNS,309,1,3
20691,BNS,318,1,1
20692,MV,184,1,1
20692,MV,185,1,2
20693,BNS,105,1,1
20693,BNS,115,1,2
20694,NDPS,20,1,1
20695,BNS,105,1,1
20696,BNS,309,1,1
20697,NDPS,20,1,1
20698,ARMS,27,1,1
20698,NDPS,20,1,2
20699,BNS,303,1,1
20699,BNS,318,1,2
20700,BNS,305,1,1
20701,BNS,338,1,1
20702,BNS,78,1,1
20702,BNS,85,1,2
20703,BNS,109,1,1
20703,BNS,118,1,2
20704,BNS,105,1,1
20704,BNS,115,1,2
20704,BNS,118,1,3
20705,BNS,118,1,1
20706,BNS,109,1,1
20706,BNS,115,1,2
20707,BNS,140,1,1
20708,MV,185,1,1
20708,MV,184,1,2
20709,BNS,318,1,1
20709,BNS,338,1,2
20710,BNS,305,1,1
20711,NDPS,21,1,1
20711,ARMS,25,1,2
20712,BNS,109,1,1
20712,BNS,103,1,2
20712,BNS,105,1,3
20713,BNS,305,1,1
20714,BNS,318,1,1
20714,BNS,338,1,2
20714,IT,66D,1,3
20715,BNS,64,1,1
20715,BNS,85,1,2
20716,IT,66D,1,1
20717,BNS,305,1,1
20718,BNS,309,1,1
20718,BNS,316,1,2
20719,BNS,64,1,1
20720,BNS,318,1,1
20720,BNS,309,1,2
20720,BNS,310,1,3
20721,BNS,305,1,1
20721,BNS,309,1,2
20722,BNS,316,1,1
20722,BNS,310,1,2
20723,BNS,140,1,1
20723,POCSO,4,1,2
20723,POCSO,8,1,3
20724,BNS,316,1,1
20724,BNS,305,1,2
20724,BNS,303,1,3
20725,MV,184,1,1
20725,MV,185,1,2
20726,IT,66D,1,1
20726,BNS,338,1,2
20727,POCSO,8,1,1
20728,BNS,105,1,1
20729,BNS,74,1,1
20729,BNS,80,1,2
20729,BNS,85,1,3
20730,BNS,85,1,1
20731,ARMS,27,1,1
20731,ARMS,25,1,2
20732,PC,7,1,1
20733,BNS,191,1,1
20734,BNS,140,1,1
20734,BNS,64,1,2
20734,BNS,74,1,3
20735,BNS,111,1,1
20735,BNS,189,1,2
20736,MV,185,1,1
20736,MV,184,1,2
20738,BNS,309,1,1
20739,BNS,303,1,1
20740,BNS,105,1,1
20741,BNS,331,1,1
20741,BNS,305,1,2
20741,BNS,303,1,3
20742,BNS,331,1,1
20743,BNS,109,1,1
20743,BNS,115,1,2
20744,IT,66D,1,1
20745,BNS,303,1,1
20745,BNS,305,1,2
20745,BNS,331,1,3
20746,BNS,338,1,1
20746,BNS,318,1,2
20747,BNS,111,1,1
20748,BNS,105,1,1
20748,BNS,115,1,2
20749,BNS,351,1,1
20750,BNS,338,1,1
20751,BNS,331,1,1
20751,BNS,318,1,2
20752,BNS,305,1,1
20753,BNS,140,1,1
20753,POCSO,8,1,2
20754,BNS,303,1,1
20755,BNS,105,1,1
20755,BNS,118,1,2
20755,BNS,115,1,3
20756,BNS,305,1,1
20756,BNS,331,1,2
20757,BNS,316,1,1
20758,BNS,309,1,1
20759,BNS,64,1,1
20760,IT,66D,1,1
20761,BNS,118,1,1
20761,BNS,103,1,2
20761,BNS,109,1,3
20762,NDPS,8,1,1
20762,ARMS,27,1,2
20763,ARMS,27,1,1
20763,NDPS,20,1,2
20763,EXCISE,32,1,3
20764,BNS,309,1,1
20764,BNS,331,1,2
20765,BNS,196,1,1
20765,BNS,351,1,2
20765,BNS,191,1,3
20766,IT,66D,1,1
20767,BNS,305,1,1
20767,BNS,310,1,2
20767,BNS,318,1,3
20768,BNS,305,1,1
20770,BNS,112,1,1
20771,BNS,303,1,1
20771,BNS,309,1,2
20772,BNS,140,1,1
20773,BNS,331,1,1
20773,BNS,316,1,2
20774,BNS,64,1,1
20774,BNS,85,1,2
20774,BNS,80,1,3
20775,IT,66C,1,1
20775,IT,66,1,2
20775,IT,66D,1,3
20776,BNS,109,1,1
20776,BNS,115,1,2
20777,BNS,111,1,1
20777,BNS,196,1,2
20778,BNS,331,1,1
20779,NDPS,8,1,1
20779,ARMS,27,1,2
20780,BNS,316,1,1
20780,BNS,309,1,2
20781,BNS,85,1,1
20781,BNS,80,1,2
20781,BNS,78,1,3
20782,BNS,74,1,1
20782,BNS,78,1,2
20782,BNS,80,1,3
20783,MV,185,1,1
20785,BNS,318,1,1
20785,BNS,331,1,2
20785,BNS,309,1,3
20786,BNS,103,1,1
20786,BNS,115,1,2
20788,NDPS,21,1,1
20789,BNS,318,1,1
20790,BNS,316,1,1
20790,BNS,331,1,2
20790,BNS,318,1,3
20791,BNS,316,1,1
20791,BNS,309,1,2
20792,BNS,115,1,1
20793,BNS,331,1,1
20793,BNS,305,1,2
20793,BNS,309,1,3
20794,BNS,331,1,1
20794,BNS,310,1,2
20795,BNS,318,1,1
20795,BNS,310,1,2
20796,IT,66D,1,1
20796,BNS,318,1,2
20797,BNS,310,1,1
20797,BNS,316,1,2
20797,BNS,309,1,3
20798,BNS,318,1,1
20799,BNS,85,1,1
20800,BNS,310,1,1
20801,BNS,318,1,1
20801,BNS,331,1,2
20802,ARMS,25,1,1
20803,NDPS,8,1,1
20804,BNS,318,1,1
20804,BNS,338,1,2
20804,IT,66D,1,3
20805,BNS,140,1,1
20805,BNS,74,1,2
20805,BNS,85,1,3
20806,BNS,140,1,1
20807,BNS,305,1,1
20807,BNS,318,1,2
20808,ARMS,27,1,1
20809,IT,66C,1,1
20810,IT,66D,1,1
20811,BNS,309,1,1
20811,BNS,331,1,2
20811,BNS,305,1,3
20812,BNS,109,1,1
20812,BNS,118,1,2
20813,BNS,140,1,1
20813,BNS,85,1,2
20813,BNS,80,1,3
20814,BNS,318,1,1
20815,BNS,338,1,1
20815,BNS,318,1,2
20815,IT,66D,1,3
20816,IT,66D,1,1
20816,BNS,318,1,2
20816,BNS,338,1,3
20817,BNS,103,1,1
20817,BNS,109,1,2
20817,BNS,105,1,3
20818,MV,184,1,1
20818,MV,185,1,2
20819,BNS,103,1,1
20819,BNS,105,1,2
20819,BNS,109,1,3
20820,NDPS,8,1,1
20820,ARMS,27,1,2
20820,EXCISE,32,1,3
20821,BNS,318,1,1
20821,BNS,338,1,2
20822,IT,66D,1,1
20822,IT,66C,1,2
20823,BNS,331,1,1
20823,BNS,318,1,2
20824,BNS,103,1,1
20824,BNS,105,1,2
20825,IT,66C,1,1
20825,IT,66,1,2
20826,IT,66D,1,1
20826,IT,66C,1,2
20826,IT,66,1,3
20828,BNS,305,1,1
20828,BNS,309,1,2
20829,BNS,305,1,1
20829,BNS,303,1,2
20829,BNS,310,1,3
20830,ARMS,27,1,1
20831,BNS,310,1,1
20832,BNS,115,1,1
20832,BNS,103,1,2
20832,BNS,105,1,3
20833,BNS,103,1,1
20833,BNS,118,1,2
20833,BNS,105,1,3
20834,BNS,331,1,1
20834,BNS,318,1,2
20834,BNS,309,1,3
20835,IT,66D,1,1
20835,BNS,318,1,2
20835,BNS,338,1,3
20836,BNS,305,1,1
20837,BNS,118,1,1
20837,BNS,105,1,2
20838,BNS,64,1,1
20838,BNS,74,1,2
20838,BNS,140,1,3
20839,BNS,118,1,1
20839,BNS,103,1,2
20839,BNS,109,1,3
20840,NDPS,8,1,1
20841,BNS,309,1,1
20841,BNS,318,1,2
20842,BNS,318,1,1
20842,BNS,310,1,2
20843,IT,66D,1,1
20844,BNS,316,1,1
20844,BNS,309,1,2
20845,IT,66D,1,1
20845,BNS,338,1,2
20846,BNS,303,1,1
20846,BNS,331,1,2
20846,BNS,310,1,3
20847,BNS,309,1,1
20848,MV,185,1,1
20848,MV,184,1,2
20849,BNS,318,1,1
20850,BNS,351,1,1
20851,BNS,305,1,1
20851,BNS,310,1,2
20852,BNS,140,1,1
20853,NDPS,8,1,1
20853,EXCISE,32,1,2
20854,BNS,309,1,1
20854,BNS,303,1,2
20854,BNS,305,1,3
20855,BNS,351,1,1
20855,BNS,189,1,2
20855,BNS,196,1,3
20856,ARMS,27,1,1
20856,EXCISE,32,1,2
20856,NDPS,20,1,3
20857,IT,66C,1,1
20857,IT,66D,1,2
20858,BNS,305,1,1
20858,BNS,309,1,2
20858,BNS,316,1,3
20859,MV,184,1,1
20860,BNS,310,1,1
20860,BNS,303,1,2
20861,BNS,310,1,1
20861,BNS,318,1,2
20862,IT,66D,1,1
20862,BNS,338,1,2
20863,BNS,109,1,1
20864,BNS,140,1,1
20864,POCSO,8,1,2
20864,POCSO,4,1,3
20866,BNS,310,1,1
20866,BNS,303,1,2
20866,BNS,331,1,3
20867,BNS,338,1,1
20867,BNS,318,1,2
20868,BNS,331,1,1
20869,BNS,109,1,1
20869,BNS,115,1,2
20869,BNS,103,1,3
20870,BNS,103,1,1
20871,BNS,318,1,1
20871,BNS,309,1,2
20871,BNS,331,1,3
20872,BNS,103,1,1
20872,BNS,105,1,2
20873,MV,185,1,1
20874,NDPS,21,1,1
20874,NDPS,20,1,2
20875,BNS,115,1,1
20875,BNS,109,1,2
20876,BNS,305,1,1
20877,BNS,105,1,1
20877,BNS,115,1,2
20878,IT,66D,1,1
20878,IT,66C,1,2
20878,IT,66,1,3
20879,BNS,80,1,1
20879,BNS,85,1,2
20879,BNS,78,1,3
20880,MV,184,1,1
20880,MV,185,1,2
20881,BNS,303,1,1
20881,BNS,310,1,2
20881,BNS,331,1,3
20882,BNS,316,1,1
20882,BNS,331,1,2
20882,BNS,310,1,3
20883,MV,185,1,1
20883,MV,184,1,2
20884,IT,66D,1,1
20884,BNS,318,1,2
20885,MV,184,1,1
20886,BNS,305,1,1
20887,BNS,309,1,1
20887,BNS,305,1,2
20888,BNS,103,1,1
20888,BNS,109,1,2
20888,BNS,118,1,3
20889,BNS,305,1,1
20890,MV,185,1,1
20891,ARMS,27,1,1
20892,BNS,318,1,1
20892,IT,66D,1,2
20892,BNS,338,1,3
20893,BNS,351,1,1
20893,BNS,111,1,2
20894,BNS,85,1,1
20895,MV,184,1,1
20895,MV,185,1,2
20896,BNS,105,1,1
20896,BNS,109,1,2
20896,BNS,115,1,3
20897,BNS,318,1,1
20897,IT,66D,1,2
20897,BNS,338,1,3
20898,BNS,309,1,1
20898,BNS,318,1,2
20899,BNS,310,1,1
20900,BNS,310,1,1
20900,BNS,305,1,2
20901,BNS,318,1,1
20902,MV,184,1,1
20903,BNS,105,1,1
20903,BNS,118,1,2
20903,BNS,103,1,3
20904,BNS,318,1,1
20904,BNS,310,1,2
20906,BNS,109,1,1
20906,BNS,118,1,2
20907,NDPS,20,1,1
20907,NDPS,21,1,2
20908,IT,66D,1,1
20909,MV,184,1,1
20910,MV,185,1,1
20911,IT,66D,1,1
20913,NDPS,8,1,1
20913,ARMS,27,1,2
20914,BNS,191,1,1
20914,BNS,111,1,2
20915,BNS,303,1,1
20915,BNS,310,1,2
20916,MV,185,1,1
20916,MV,184,1,2
20917,MV,184,1,1
20917,MV,185,1,2
20918,BNS,303,1,1
20918,BNS,305,1,2
20918,BNS,331,1,3
20919,BNS,318,1,1
20919,IT,66D,1,2
20920,BNS,318,1,1
20921,BNS,318,1,1
20921,BNS,303,1,2
20921,BNS,305,1,3
20922,BNS,105,1,1
20922,BNS,103,1,2
20923,BNS,331,1,1
20923,BNS,316,1,2
20924,BNS,189,1,1
20924,BNS,112,1,2
20924,BNS,351,1,3
20925,BNS,140,1,1
20925,POCSO,4,1,2
20926,IT,66,1,1
20926,IT,66C,1,2
20926,IT,66D,1,3
20927,BNS,305,1,1
20927,BNS,303,1,2
20928,IT,66C,1,1
20928,IT,66D,1,2
20929,BNS,74,1,1
20930,MV,185,1,1
20931,POCSO,4,1,1
20931,POCSO,8,1,2
20931,BNS,140,1,3
20932,BNS,115,1,1
20933,BNS,309,1,1
20933,BNS,318,1,2
20933,BNS,331,1,3
20934,BNS,309,1,1
20934,BNS,305,1,2
20935,BNS,331,1,1
20935,BNS,305,1,2
20936,BNS,303,1,1
20936,BNS,316,1,2
20936,BNS,331,1,3
20937,BNS,140,1,1
20938,BNS,316,1,1
20938,BNS,318,1,2
20938,BNS,309,1,3
20939,BNS,189,1,1
20939,BNS,351,1,2
20939,BNS,112,1,3
20940,ARMS,27,1,1
20940,ARMS,25,1,2
20940,NDPS,21,1,3
20941,BNS,74,1,1
20942,BNS,316,1,1
20942,BNS,303,1,2
20943,BNS,115,1,1
20943,BNS,118,1,2
20945,BNS,331,1,1
20945,BNS,309,1,2
20945,BNS,303,1,3
20946,BNS,115,1,1
20946,BNS,109,1,2
20947,BNS,109,1,1
20947,BNS,105,1,2
20947,BNS,103,1,3
20948,BNS,338,1,1
20948,IT,66D,1,2
20948,BNS,318,1,3
20949,BNS,109,1,1
20949,BNS,105,1,2
20949,BNS,115,1,3
20950,BNS,305,1,1
20950,BNS,310,1,2
20950,BNS,316,1,3
20951,BNS,109,1,1
20951,BNS,118,1,2
20952,MV,185,1,1
20952,MV,184,1,2
20953,IT,66D,1,1
20953,IT,66C,1,2
20954,BNS,318,1,1
20955,IT,66,1,1
20955,IT,66D,1,2
20956,BNS,103,1,1
20956,BNS,118,1,2
20957,BNS,309,1,1
20957,BNS,318,1,2
20958,BNS,316,1,1
20959,BNS,103,1,1
20959,BNS,105,1,2
20959,BNS,118,1,3
20960,BNS,303,1,1
20960,BNS,309,1,2
20960,BNS,331,1,3
20961,BNS,318,1,1
20961,IT,66D,1,2
20962,BNS,109,1,1
20962,BNS,103,1,2
20963,BNS,310,1,1
20963,BNS,303,1,2
20964,BNS,305,1,1
20964,BNS,309,1,2
20965,BNS,74,1,1
20965,BNS,64,1,2
20965,BNS,140,1,3
20966,BNS,310,1,1
20966,BNS,318,1,2
20966,BNS,316,1,3
20967,BNS,305,1,1
20967,BNS,316,1,2
20967,BNS,309,1,3
20968,BNS,309,1,1
20968,BNS,305,1,2
20968,BNS,310,1,3
20969,BNS,338,1,1
20970,BNS,303,1,1
20970,BNS,316,1,2
20971,MV,185,1,1
20971,MV,184,1,2
20972,BNS,318,1,1
20972,IT,66D,1,2
20973,BNS,310,1,1
20974,BNS,80,1,1
20974,BNS,64,1,2
20974,BNS,140,1,3
20975,MV,184,1,1
20976,NDPS,21,1,1
20976,ARMS,27,1,2
20977,BNS,318,1,1
20979,BNS,309,1,1
20980,BNS,318,1,1
20980,BNS,305,1,2
20981,BNS,118,1,1
20982,BNS,103,1,1
20982,BNS,105,1,2
20983,BNS,109,1,1
20984,BNS,331,1,1
20985,POCSO,8,1,1
20985,POCSO,4,1,2
20985,BNS,140,1,3
20986,IT,66,1,1
20986,IT,66C,1,2
20986,IT,66D,1,3
20987,MV,184,1,1
20987,MV,185,1,2
20988,BNS,109,1,1
20988,BNS,105,1,2
20989,BNS,316,1,1
20990,BNS,305,1,1
20990,BNS,303,1,2
20990,BNS,331,1,3
20991,MV,184,1,1
20992,BNS,115,1,1
20993,BNS,338,1,1
20993,IT,66D,1,2
20993,BNS,318,1,3
20994,BNS,74,1,1
20995,IT,66,1,1
20995,IT,66C,1,2
20996,BNS,112,1,1
20996,BNS,111,1,2
20996,BNS,196,1,3
20997,MV,184,1,1
20997,MV,185,1,2
20998,BNS,318,1,1
20998,BNS,331,1,2
20999,BNS,140,1,1
20999,BNS,85,1,2
21000,BNS,316,1,1
21000,BNS,331,1,2
21000,BNS,318,1,3
21001,IT,66C,1,1
21001,IT,66,1,2
21002,MV,185,1,1
21003,POCSO,8,1,1
21003,POCSO,4,1,2
21004,BNS,338,1,1
21004,BNS,318,1,2
21005,BNS,189,1,1
21005,BNS,111,1,2
21005,BNS,196,1,3
21006,MV,185,1,1
21006,MV,184,1,2
21007,BNS,309,1,1
21007,BNS,331,1,2
21007,BNS,310,1,3
21008,BNS,85,1,1
21008,BNS,78,1,2
21009,BNS,64,1,1
21010,BNS,318,1,1
21010,BNS,316,1,2
21011,BNS,196,1,1
21011,BNS,189,1,2
21012,BNS,316,1,1
21012,BNS,318,1,2
21012,BNS,305,1,3
21013,BNS,351,1,1
21013,BNS,196,1,2
21013,BNS,191,1,3
21014,IT,66D,1,1
21014,BNS,338,1,2
21015,BNS,318,1,1
21015,IT,66D,1,2
21015,BNS,338,1,3
21016,BNS,105,1,1
21016,BNS,118,1,2
21017,BNS,318,1,1
21017,IT,66D,1,2
21018,IT,66D,1,1
21019,BNS,109,1,1
21019,BNS,118,1,2
21020,IT,66D,1,1
21021,BNS,64,1,1
21021,BNS,140,1,2
21021,BNS,80,1,3
21022,BNS,105,1,1
21023,POCSO,4,1,1
21023,BNS,140,1,2
21023,POCSO,8,1,3
21024,BNS,338,1,1
21024,IT,66D,1,2
21024,BNS,318,1,3
21025,BNS,318,1,1
21025,BNS,316,1,2
21026,MV,184,1,1
21027,BNS,303,1,1
21028,BNS,338,1,1
21028,BNS,318,1,2
21029,MV,184,1,1
21030,BNS,112,1,1
21031,BNS,303,1,1
21032,MV,184,1,1
21033,MV,185,1,1
21034,BNS,118,1,1
21034,BNS,105,1,2
21034,BNS,115,1,3
21035,MV,184,1,1
21035,MV,185,1,2
21037,BNS,316,1,1
21037,BNS,303,1,2
21037,BNS,318,1,3
21038,BNS,338,1,1
21039,BNS,115,1,1
21040,BNS,338,1,1
21041,BNS,310,1,1
21042,BNS,196,1,1
21042,BNS,191,1,2
21042,BNS,189,1,3
21043,BNS,140,1,1
21043,POCSO,4,1,2
21044,BNS,318,1,1
21044,BNS,331,1,2
21044,BNS,309,1,3
21045,BNS,338,1,1
21045,BNS,318,1,2
21045,IT,66D,1,3
21046,BNS,310,1,1
21046,BNS,318,1,2
21048,BNS,318,1,1
21048,BNS,338,1,2
21048,IT,66D,1,3
21049,IT,66C,1,1
21050,MV,185,1,1
21050,MV,184,1,2
21051,BNS,309,1,1
21051,BNS,303,1,2
21051,BNS,305,1,3
21052,BNS,318,1,1
21052,BNS,338,1,2
21052,IT,66D,1,3
21053,BNS,309,1,1
21054,MV,185,1,1
21055,BNS,338,1,1
21056,BNS,105,1,1
21057,BNS,74,1,1
21057,BNS,80,1,2
21058,BNS,310,1,1
21058,BNS,309,1,2
21059,NDPS,21,1,1
21060,BNS,316,1,1
21060,BNS,309,1,2
21061,BNS,310,1,1
21061,BNS,303,1,2
21061,BNS,318,1,3
21062,BNS,118,1,1
21063,IT,66D,1,1
21063,BNS,318,1,2
21064,BNS,303,1,1
21065,BNS,196,1,1
21066,MV,184,1,1
21066,MV,185,1,2
21067,BNS,309,1,1
21067,BNS,310,1,2
21068,MV,185,1,1
21068,MV,184,1,2
21069,NDPS,21,1,1
21069,ARMS,27,1,2
21071,BNS,318,1,1
21071,BNS,310,1,2
21073,BNS,318,1,1
21074,BNS,305,1,1
21075,BNS,118,1,1
21075,BNS,115,1,2
21075,BNS,103,1,3
21076,BNS,111,1,1
21077,NDPS,8,1,1
21077,NDPS,21,1,2
21077,EXCISE,32,1,3
21078,IT,66,1,1
21079,BNS,303,1,1
21079,BNS,331,1,2
21079,BNS,309,1,3
21081,MV,185,1,1
21082,BNS,305,1,1
21082,BNS,316,1,2
21082,BNS,310,1,3
21083,BNS,310,1,1
21084,BNS,103,1,1
21084,BNS,115,1,2
21085,MV,185,1,1
21086,BNS,103,1,1
21088,BNS,140,1,1
21089,BNS,310,1,1
21089,BNS,331,1,2
21089,BNS,303,1,3
21090,BNS,305,1,1
21090,BNS,318,1,2
21090,BNS,310,1,3
21091,BNS,316,1,1
21091,BNS,309,1,2
21091,BNS,310,1,3
21092,BNS,189,1,1
21092,BNS,191,1,2
21092,BNS,111,1,3
21093,IT,66D,1,1
21093,BNS,318,1,2
21093,BNS,338,1,3
21095,BNS,318,1,1
21095,IT,66D,1,2
21096,BNS,310,1,1
21097,BNS,318,1,1
21097,BNS,303,1,2
21098,BNS,105,1,1
21098,BNS,109,1,2
21098,BNS,118,1,3
21099,MV,184,1,1
21100,BNS,85,1,1
21100,BNS,80,1,2
21100,BNS,74,1,3
21101,BNS,105,1,1
21101,BNS,118,1,2
21102,IT,66C,1,1
21103,ARMS,27,1,1
21104,BNS,111,1,1
21104,BNS,191,1,2
21105,NDPS,8,1,1
21105,NDPS,21,1,2
21106,BNS,305,1,1
21106,BNS,309,1,2
21106,BNS,318,1,3
21107,BNS,316,1,1
21107,BNS,305,1,2
21107,BNS,318,1,3
21108,BNS,118,1,1
21108,BNS,115,1,2
21108,BNS,105,1,3
21109,BNS,64,1,1
21110,MV,184,1,1
21111,MV,184,1,1
21112,BNS,118,1,1
21113,MV,184,1,1
21114,IT,66C,1,1
21114,IT,66D,1,2
21115,BNS,80,1,1
21116,BNS,316,1,1
21116,BNS,331,1,2
21116,BNS,318,1,3
21117,BNS,318,1,1
21118,BNS,305,1,1
21119,BNS,64,1,1
21120,NDPS,21,1,1
21120,ARMS,27,1,2
21121,BNS,80,1,1
21121,BNS,140,1,2
21122,IT,66D,1,1
21122,BNS,338,1,2
21123,BNS,318,1,1
21124,BNS,305,1,1
21124,BNS,310,1,2
21125,BNS,305,1,1
21126,ARMS,27,1,1
21127,BNS,103,1,1
21127,BNS,118,1,2
21128,BNS,318,1,1
21128,BNS,310,1,2
21129,BNS,85,1,1
21130,MV,185,1,1
21131,BNS,338,1,1
21131,BNS,318,1,2
21132,BNS,310,1,1
21132,BNS,309,1,2
21132,BNS,303,1,3
21133,BNS,309,1,1
21133,BNS,331,1,2
21135,BNS,318,1,1
21135,BNS,310,1,2
21135,BNS,331,1,3
21136,MV,185,1,1
21137,BNS,64,1,1
21137,BNS,140,1,2
21137,BNS,78,1,3
21138,BNS,309,1,1
21139,BNS,109,1,1
21140,BNS,309,1,1
21140,BNS,305,1,2
21140,BNS,318,1,3
21141,MV,184,1,1
21141,MV,185,1,2
21142,BNS,316,1,1
21142,BNS,305,1,2
21143,BNS,303,1,1
21143,BNS,310,1,2
21144,BNS,140,1,1
21144,BNS,64,1,2
21145,BNS,303,1,1
21145,BNS,309,1,2
21146,BNS,115,1,1
21146,BNS,105,1,2
21148,IT,66D,1,1
21148,BNS,318,1,2
21148,BNS,338,1,3
21149,BNS,318,1,1
21150,BNS,80,1,1
21150,BNS,85,1,2
21150,BNS,74,1,3
21151,BNS,309,1,1
21151,BNS,316,1,2
21151,BNS,331,1,3
21152,EXCISE,32,1,1
21153,MV,184,1,1
21155,IT,66C,1,1
21156,BNS,305,1,1
21156,BNS,316,1,2
21156,BNS,331,1,3
21157,BNS,74,1,1
21157,BNS,85,1,2
21158,BNS,310,1,1
21158,BNS,316,1,2
21158,BNS,303,1,3
21159,MV,185,1,1
21159,MV,184,1,2
21160,IT,66,1,1
21160,IT,66D,1,2
21161,BNS,309,1,1
21162,BNS,318,1,1
21162,BNS,338,1,2
21163,BNS,303,1,1
21163,BNS,310,1,2
21163,BNS,316,1,3
21164,BNS,318,1,1
21164,BNS,303,1,2
21164,BNS,309,1,3
21165,IT,66,1,1
21166,BNS,309,1,1
21166,BNS,331,1,2
21167,EXCISE,32,1,1
21167,NDPS,20,1,2
21168,BNS,305,1,1
21169,BNS,74,1,1
21169,BNS,78,1,2
21169,BNS,140,1,3
21170,BNS,105,1,1
21170,BNS,115,1,2
21170,BNS,103,1,3
21171,BNS,318,1,1
21172,BNS,316,1,1
21173,NDPS,20,1,1
21173,NDPS,8,1,2
21173,ARMS,27,1,3
21174,BNS,115,1,1
21174,BNS,109,1,2
21175,IT,66D,1,1
21175,BNS,338,1,2
21175,BNS,318,1,3
21176,BNS,189,1,1
21177,BNS,310,1,1
21177,BNS,309,1,2
21178,BNS,103,1,1
21178,BNS,118,1,2
21178,BNS,109,1,3
21179,BNS,303,1,1
21179,BNS,310,1,2
21179,BNS,305,1,3
21180,BNS,112,1,1
21181,BNS,309,1,1
21181,BNS,305,1,2
21182,BNS,105,1,1
21182,BNS,109,1,2
21183,BNS,109,1,1
21184,BNS,331,1,1
21185,BNS,338,1,1
21185,BNS,318,1,2
21186,BNS,338,1,1
21187,BNS,112,1,1
21187,BNS,111,1,2
21187,BNS,196,1,3
21188,BNS,310,1,1
21189,BNS,310,1,1
21189,BNS,309,1,2
21189,BNS,303,1,3
21190,BNS,305,1,1
21190,BNS,316,1,2
21191,BNS,109,1,1
21191,BNS,103,1,2
21191,BNS,105,1,3
21192,BNS,310,1,1
21193,MV,185,1,1
21193,MV,184,1,2
21194,IT,66D,1,1
21194,BNS,338,1,2
21195,BNS,309,1,1
21196,BNS,303,1,1
21197,BNS,310,1,1
21198,BNS,338,1,1
21198,BNS,318,1,2
21199,BNS,303,1,1
21199,BNS,331,1,2
21200,BNS,115,1,1
21201,BNS,80,1,1
21201,BNS,140,1,2
21202,BNS,331,1,1
21202,BNS,305,1,2
21203,BNS,331,1,1
21203,BNS,318,1,2
21203,BNS,310,1,3
21204,BNS,309,1,1
21205,BNS,303,1,1
21205,BNS,309,1,2
21205,BNS,318,1,3
21206,BNS,318,1,1
21207,BNS,303,1,1
21207,BNS,305,1,2
21207,BNS,331,1,3
21208,BNS,310,1,1
21209,BNS,118,1,1
21210,BNS,310,1,1
21211,BNS,331,1,1
21212,BNS,309,1,1
21212,BNS,316,1,2
21212,BNS,331,1,3
21213,BNS,309,1,1
21214,BNS,338,1,1
21214,BNS,318,1,2
21214,IT,66D,1,3
21215,BNS,338,1,1
21216,BNS,309,1,1
21216,BNS,318,1,2
21216,BNS,305,1,3
21217,BNS,310,1,1
21217,BNS,303,1,2
21217,BNS,305,1,3
21218,MV,184,1,1
21219,EXCISE,32,1,1
21219,ARMS,27,1,2
21219,NDPS,20,1,3
21221,BNS,331,1,1
21223,BNS,303,1,1
21223,BNS,316,1,2
21223,BNS,305,1,3
21224,BNS,318,1,1
21224,BNS,331,1,2
21224,BNS,305,1,3
21225,BNS,310,1,1
21226,BNS,331,1,1
21226,BNS,305,1,2
21227,BNS,303,1,1
21227,BNS,318,1,2
21228,BNS,338,1,1
21228,BNS,318,1,2
21229,NDPS,8,1,1
21229,EXCISE,32,1,2
21229,ARMS,27,1,3
21230,MV,185,1,1
21231,BNS,196,1,1
21231,BNS,111,1,2
21231,BNS,191,1,3
21232,NDPS,20,1,1
21232,NDPS,21,1,2
21232,NDPS,8,1,3
21233,BNS,189,1,1
21233,BNS,191,1,2
21234,BNS,105,1,1
21234,BNS,118,1,2
21235,BNS,303,1,1
21236,BNS,318,1,1
21237,BNS,316,1,1
21237,BNS,318,1,2
21238,MV,185,1,1
21238,MV,184,1,2
21240,BNS,316,1,1
21240,BNS,318,1,2
21240,BNS,310,1,3
21241,BNS,303,1,1
21241,BNS,331,1,2
21242,MV,184,1,1
21243,BNS,196,1,1
21244,BNS,310,1,1
21244,BNS,303,1,2
21245,BNS,316,1,1
21246,BNS,303,1,1
21246,BNS,305,1,2
21247,MV,184,1,1
21247,MV,185,1,2
21248,BNS,103,1,1
21249,BNS,85,1,1
21249,BNS,80,1,2
21249,BNS,74,1,3
21250,BNS,196,1,1
21250,BNS,189,1,2
21250,BNS,351,1,3
21251,BNS,309,1,1
21251,BNS,310,1,2
21252,ARMS,27,1,1
21253,BNS,310,1,1
21253,BNS,305,1,2
21254,BNS,309,1,1
21254,BNS,305,1,2
21254,BNS,331,1,3
21255,BNS,109,1,1
21256,BNS,115,1,1
21256,BNS,105,1,2
21257,BNS,109,1,1
21258,NDPS,21,1,1
21259,IT,66,1,1
21259,IT,66C,1,2
21259,IT,66D,1,3
21260,BNS,318,1,1
21261,MV,185,1,1
21262,BNS,338,1,1
21262,BNS,318,1,2
21263,BNS,318,1,1
21263,BNS,303,1,2
21264,BNS,303,1,1
21264,BNS,305,1,2
21264,BNS,309,1,3
21265,IT,66D,1,1
21266,BNS,318,1,1
21266,BNS,316,1,2
21266,BNS,331,1,3
21267,BNS,115,1,1
21267,BNS,118,1,2
21267,BNS,105,1,3
21268,MV,185,1,1
21269,BNS,318,1,1
21269,BNS,338,1,2
21269,IT,66D,1,3
21270,NDPS,20,1,1
21270,NDPS,21,1,2
21271,BNS,303,1,1
21271,BNS,318,1,2
21271,BNS,305,1,3
21272,BNS,303,1,1
21272,BNS,305,1,2
21272,BNS,309,1,3
21273,NDPS,21,1,1
21274,IT,66D,1,1
21274,IT,66,1,2
21275,BNS,109,1,1
21275,BNS,115,1,2
21276,BNS,318,1,1
21276,BNS,338,1,2
21276,IT,66D,1,3
21277,BNS,103,1,1
21277,BNS,109,1,2
21278,BNS,331,1,1
21278,BNS,303,1,2
21278,BNS,305,1,3
21279,BNS,303,1,1
21280,POCSO,8,1,1
21280,BNS,140,1,2
21280,POCSO,4,1,3
21281,BNS,316,1,1
21281,BNS,318,1,2
21281,BNS,303,1,3
21282,BNS,318,1,1
21282,BNS,331,1,2
21282,BNS,316,1,3
21283,BNS,318,1,1
21284,BNS,303,1,1
21284,BNS,309,1,2
21285,BNS,310,1,1
21286,BNS,318,1,1
21287,NDPS,21,1,1
21287,ARMS,25,1,2
21288,BNS,78,1,1
21289,BNS,331,1,1
21289,BNS,303,1,2
21290,BNS,316,1,1
21291,BNS,303,1,1
21292,BNS,103,1,1
21292,BNS,115,1,2
21292,BNS,105,1,3
21293,BNS,118,1,1
21293,BNS,103,1,2
21293,BNS,115,1,3
21294,BNS,115,1,1
21294,BNS,103,1,2
21294,BNS,118,1,3
21295,POCSO,4,1,1
21295,BNS,140,1,2
21295,POCSO,8,1,3
21296,BNS,331,1,1
21296,BNS,305,1,2
21296,BNS,303,1,3
21297,BNS,338,1,1
21297,IT,66D,1,2
21297,BNS,318,1,3
21298,BNS,331,1,1
21298,BNS,303,1,2
21299,BNS,74,1,1
21299,BNS,140,1,2
21300,BNS,309,1,1
21300,BNS,305,1,2
21300,BNS,316,1,3
21301,BNS,103,1,1
21301,BNS,109,1,2
21302,BNS,115,1,1
21303,BNS,318,1,1
21303,BNS,303,1,2
21303,BNS,309,1,3
21304,IT,66,1,1
21305,BNS,309,1,1
21305,BNS,331,1,2
21306,IT,66D,1,1
21306,BNS,338,1,2
21306,BNS,318,1,3
21308,BNS,351,1,1
21308,BNS,189,1,2
21309,BNS,310,1,1
21309,BNS,303,1,2
21310,BNS,305,1,1
21310,BNS,316,1,2
21310,BNS,331,1,3
21311,BNS,331,1,1
21311,BNS,318,1,2
21311,BNS,309,1,3
21312,IT,66D,1,1
21313,BNS,309,1,1
21313,BNS,331,1,2
21313,BNS,310,1,3
21314,BNS,103,1,1
21314,BNS,105,1,2
21316,BNS,316,1,1
21317,IT,66D,1,1
21317,IT,66C,1,2
21318,BNS,331,1,1
21318,BNS,318,1,2
21318,BNS,305,1,3
21319,BNS,331,1,1
21319,BNS,305,1,2
21320,BNS,118,1,1
21320,BNS,105,1,2
21320,BNS,115,1,3
21321,BNS,112,1,1
21322,NDPS,21,1,1
21322,EXCISE,32,1,2
21323,MV,184,1,1
21325,BNS,338,1,1
21325,BNS,318,1,2
21325,IT,66D,1,3
21326,BNS,112,1,1
21327,MV,184,1,1
21327,MV,185,1,2
21328,BNS,331,1,1
21329,BNS,78,1,1
21329,BNS,80,1,2
21330,IT,66D,1,1
21330,BNS,318,1,2
21331,BNS,310,1,1
21331,BNS,305,1,2
21332,BNS,191,1,1
21332,BNS,351,1,2
21332,BNS,111,1,3
21333,BNS,338,1,1
21333,IT,66D,1,2
21333,BNS,318,1,3
21334,BNS,338,1,1
21334,IT,66D,1,2
21335,BNS,103,1,1
21335,BNS,118,1,2
21335,BNS,109,1,3
21336,BNS,64,1,1
21337,BNS,309,1,1
21337,BNS,305,1,2
21337,BNS,331,1,3
21338,BNS,309,1,1
21338,BNS,303,1,2
21339,BNS,309,1,1
21339,BNS,303,1,2
21339,BNS,310,1,3
21340,BNS,103,1,1
21340,BNS,118,1,2
21340,BNS,105,1,3
21341,MV,184,1,1
21341,MV,185,1,2
21342,BNS,109,1,1
21343,BNS,305,1,1
21343,BNS,318,1,2
21343,BNS,316,1,3
21344,MV,184,1,1
21345,BNS,309,1,1
21346,POCSO,4,1,1
21346,BNS,140,1,2
21346,POCSO,8,1,3
21347,BNS,318,1,1
21348,BNS,74,1,1
21348,BNS,80,1,2
21349,BNS,78,1,1
21349,BNS,140,1,2
21349,BNS,64,1,3
21350,BNS,303,1,1
21350,BNS,309,1,2
21351,BNS,310,1,1
21352,BNS,303,1,1
21352,BNS,331,1,2
21352,BNS,305,1,3
21353,BNS,305,1,1
21354,BNS,112,1,1
21354,BNS,191,1,2
21355,BNS,338,1,1
21356,IT,66C,1,1
21356,IT,66D,1,2
21357,EXCISE,32,1,1
21357,NDPS,20,1,2
21358,MV,184,1,1
21358,MV,185,1,2
21359,MV,184,1,1
21359,MV,185,1,2
21360,BNS,318,1,1
21360,IT,66D,1,2
21360,BNS,338,1,3
21361,BNS,112,1,1
21361,BNS,196,1,2
21361,BNS,351,1,3
21362,BNS,318,1,1
21362,BNS,303,1,2
21364,IT,66D,1,1
21364,BNS,338,1,2
21364,BNS,318,1,3
21365,NDPS,21,1,1
21365,NDPS,20,1,2
21365,ARMS,27,1,3
21366,MV,184,1,1
21366,MV,185,1,2
21367,BNS,338,1,1
21368,EXCISE,32,1,1
21369,IT,66D,1,1
21369,BNS,318,1,2
21369,BNS,338,1,3
21370,BNS,109,1,1
21370,BNS,118,1,2
21371,BNS,303,1,1
21372,BNS,305,1,1
21373,MV,184,1,1
21374,BNS,309,1,1
21375,BNS,305,1,1
21375,BNS,310,1,2
21375,BNS,303,1,3
21376,BNS,85,1,1
21376,BNS,64,1,2
21376,BNS,78,1,3
21377,IT,66C,1,1
21377,IT,66,1,2
21378,MV,184,1,1
21379,BNS,338,1,1
21380,NDPS,21,1,1
21380,NDPS,8,1,2
21380,ARMS,27,1,3
21381,MV,185,1,1
21382,BNS,305,1,1
21383,BNS,305,1,1
21384,BNS,318,1,1
21384,BNS,331,1,2
21384,BNS,303,1,3
21385,BNS,310,1,1
21385,BNS,316,1,2
21386,BNS,310,1,1
21386,BNS,318,1,2
21387,BNS,338,1,1
21387,BNS,318,1,2
21388,BNS,303,1,1
21388,BNS,316,1,2
21388,BNS,309,1,3
21389,BNS,140,1,1
21389,POCSO,4,1,2
21389,POCSO,8,1,3
21390,BNS,303,1,1
21391,BNS,316,1,1
21391,BNS,318,1,2
21392,BNS,191,1,1
21394,BNS,318,1,1
21395,BNS,351,1,1
21396,BNS,309,1,1
21397,BNS,109,1,1
21397,BNS,103,1,2
21398,BNS,316,1,1
21399,BNS,338,1,1
21399,BNS,318,1,2
21401,BNS,318,1,1
21402,BNS,140,1,1
21403,BNS,318,1,1
21403,BNS,310,1,2
21404,BNS,64,1,1
21404,BNS,140,1,2
21405,BNS,85,1,1
21405,BNS,64,1,2
21405,BNS,140,1,3
21406,NDPS,8,1,1
21407,BNS,140,1,1
21407,BNS,80,1,2
21407,BNS,64,1,3
21408,MV,185,1,1
21408,MV,184,1,2
21409,BNS,303,1,1
21409,BNS,316,1,2
21409,BNS,305,1,3
21410,BNS,309,1,1
21410,BNS,331,1,2
21411,IT,66C,1,1
21411,IT,66,1,2
21411,IT,66D,1,3
21412,BNS,318,1,1
21412,BNS,303,1,2
21412,BNS,310,1,3
21413,BNS,105,1,1
21413,BNS,109,1,2
21414,BNS,112,1,1
21414,BNS,191,1,2
21414,BNS,196,1,3
21415,MV,184,1,1
21415,MV,185,1,2
21416,BNS,338,1,1
21416,IT,66D,1,2
21416,BNS,318,1,3
21417,BNS,318,1,1
21417,BNS,309,1,2
21417,BNS,305,1,3
21418,BNS,85,1,1
21418,BNS,64,1,2
21419,BNS,305,1,1
21419,BNS,318,1,2
21419,BNS,310,1,3
21420,IT,66D,1,1
21420,BNS,318,1,2
21421,IT,66D,1,1
21421,BNS,318,1,2
21421,BNS,338,1,3
21422,IT,66D,1,1
21422,BNS,318,1,2
21423,BNS,112,1,1
21423,BNS,351,1,2
21424,MV,184,1,1
21425,EXCISE,32,1,1
21425,NDPS,20,1,2
21426,BNS,318,1,1
21426,IT,66D,1,2
21426,BNS,338,1,3
21427,MV,185,1,1
21429,BNS,105,1,1
21430,BNS,74,1,1
21430,BNS,64,1,2
21430,BNS,140,1,3
21431,BNS,309,1,1
21431,BNS,316,1,2
21432,NDPS,21,1,1
21432,NDPS,20,1,2
21432,NDPS,8,1,3
21433,IT,66D,1,1
21433,BNS,318,1,2
21433,BNS,338,1,3
21434,BNS,118,1,1
21435,BNS,303,1,1
21436,BNS,115,1,1
21437,ARMS,27,1,1
21437,NDPS,21,1,2
21438,BNS,309,1,1
21438,BNS,316,1,2
21438,BNS,305,1,3
21439,NDPS,21,1,1
21439,NDPS,8,1,2
21440,NDPS,20,1,1
21440,ARMS,25,1,2
21440,NDPS,21,1,3
21441,EXCISE,32,1,1
21441,NDPS,20,1,2
21443,BNS,105,1,1
21443,BNS,103,1,2
21443,BNS,115,1,3
21444,MV,184,1,1
21445,BNS,331,1,1
21446,BNS,309,1,1
21446,BNS,305,1,2
21447,BNS,310,1,1
21447,BNS,309,1,2
21448,MV,184,1,1
21448,MV,185,1,2
21449,BNS,303,1,1
21450,BNS,309,1,1
21451,BNS,338,1,1
21451,IT,66D,1,2
21451,BNS,318,1,3
21452,IT,66D,1,1
21453,BNS,305,1,1
21453,BNS,309,1,2
21453,BNS,331,1,3
21454,BNS,310,1,1
21454,BNS,331,1,2
21454,BNS,318,1,3
21456,IT,66D,1,1
21456,BNS,318,1,2
21457,BNS,316,1,1
21457,BNS,318,1,2
21458,BNS,191,1,1
21458,BNS,111,1,2
21459,BNS,331,1,1
21460,BNS,303,1,1
21460,BNS,309,1,2
21461,BNS,318,1,1
21462,BNS,310,1,1
21462,BNS,309,1,2
21463,BNS,105,1,1
21463,BNS,118,1,2
21464,BNS,318,1,1
21464,BNS,303,1,2
21464,BNS,316,1,3
21465,MV,185,1,1
21466,BNS,196,1,1
21466,BNS,111,1,2
21466,BNS,351,1,3
21467,BNS,189,1,1
21468,BNS,309,1,1
21468,BNS,331,1,2
21468,BNS,303,1,3
21469,MV,184,1,1
21470,BNS,331,1,1
21470,BNS,305,1,2
21471,BNS,331,1,1
21472,BNS,118,1,1
21472,BNS,103,1,2
21473,BNS,305,1,1
21473,BNS,310,1,2
21474,MV,185,1,1
21474,MV,184,1,2
21475,IT,66D,1,1
21475,BNS,318,1,2
21475,BNS,338,1,3
21476,MV,185,1,1
21477,BNS,310,1,1
21477,BNS,303,1,2
21478,IT,66D,1,1
21478,IT,66,1,2
21478,IT,66C,1,3
21479,IT,66D,1,1
21479,IT,66,1,2
21481,BNS,78,1,1
21481,BNS,74,1,2
21481,BNS,80,1,3
21482,PC,7,1,1
21483,MV,185,1,1
21484,BNS,318,1,1
21485,BNS,318,1,1
21486,BNS,74,1,1
21486,BNS,64,1,2
21486,BNS,85,1,3
21487,BNS,338,1,1
21488,IT,66D,1,1
21488,BNS,338,1,2
21489,EXCISE,32,1,1
21490,EXCISE,32,1,1
21490,ARMS,27,1,2
21490,NDPS,21,1,3
21491,BNS,310,1,1
21492,BNS,74,1,1
21493,BNS,309,1,1
21493,BNS,310,1,2
21493,BNS,316,1,3
21494,BNS,331,1,1
21495,BNS,196,1,1
21496,BNS,189,1,1
21496,BNS,111,1,2
21496,BNS,196,1,3
21497,BNS,318,1,1
21497,BNS,305,1,2
21498,BNS,331,1,1
21498,BNS,305,1,2
21498,BNS,318,1,3
21499,BNS,105,1,1
21499,BNS,118,1,2
21499,BNS,115,1,3
21500,BNS,109,1,1
21501,BNS,351,1,1
21503,BNS,351,1,1
21504,BNS,118,1,1
21505,BNS,338,1,1
21506,BNS,338,1,1
21506,IT,66D,1,2
21506,BNS,318,1,3
21507,MV,184,1,1
21507,MV,185,1,2
21508,BNS,115,1,1
21508,BNS,118,1,2
21509,BNS,115,1,1
21510,NDPS,8,1,1
21511,BNS,105,1,1
21511,BNS,115,1,2
21511,BNS,118,1,3
21512,MV,184,1,1
21513,BNS,109,1,1
21513,BNS,118,1,2
21513,BNS,103,1,3
21514,BNS,115,1,1
21514,BNS,103,1,2
21515,BNS,331,1,1
21515,BNS,309,1,2
21516,MV,184,1,1
21516,MV,185,1,2
21517,MV,184,1,1
21517,MV,185,1,2
21518,MV,185,1,1
21518,MV,184,1,2
21519,ARMS,27,1,1
21520,BNS,105,1,1
21521,BNS,105,1,1
21522,BNS,305,1,1
21522,BNS,331,1,2
21523,MV,185,1,1
21524,IT,66D,1,1
21524,BNS,338,1,2
21524,BNS,318,1,3
21525,MV,184,1,1
21525,MV,185,1,2
21526,BNS,318,1,1
21526,BNS,305,1,2
21527,BNS,318,1,1
21527,BNS,303,1,2
21527,BNS,305,1,3
21528,BNS,103,1,1
21529,BNS,303,1,1
21529,BNS,305,1,2
21530,BNS,64,1,1
21530,BNS,74,1,2
21531,BNS,316,1,1
21532,BNS,318,1,1
21532,BNS,338,1,2
21533,IT,66D,1,1
21533,BNS,318,1,2
21533,BNS,338,1,3
21534,BNS,103,1,1
21534,BNS,105,1,2
21534,BNS,118,1,3
21535,BNS,338,1,1
21536,BNS,318,1,1
21537,BNS,309,1,1
21537,BNS,318,1,2
21539,BNS,111,1,1
21539,BNS,191,1,2
21539,BNS,351,1,3
21540,BNS,316,1,1
21540,BNS,318,1,2
21541,BNS,316,1,1
21542,BNS,316,1,1
21542,BNS,331,1,2
21544,MV,185,1,1
21544,MV,184,1,2
21545,BNS,309,1,1
21545,BNS,305,1,2
21545,BNS,310,1,3
21546,ARMS,25,1,1
21546,EXCISE,32,1,2
21547,MV,185,1,1
21548,BNS,118,1,1
21548,BNS,109,1,2
21548,BNS,115,1,3
21549,BNS,310,1,1
21549,BNS,305,1,2
21549,BNS,303,1,3
21550,BNS,331,1,1
21550,BNS,309,1,2
21550,BNS,318,1,3
21551,BNS,318,1,1
21551,BNS,309,1,2
21552,BNS,309,1,1
21553,BNS,331,1,1
21553,BNS,309,1,2
21554,BNS,140,1,1
21555,BNS,338,1,1
21555,BNS,318,1,2
21556,EXCISE,32,1,1
21556,NDPS,8,1,2
21556,ARMS,25,1,3
21557,NDPS,8,1,1
21557,ARMS,27,1,2
21557,ARMS,25,1,3
21558,BNS,305,1,1
21558,BNS,331,1,2
21558,BNS,303,1,3
21559,BNS,318,1,1
21560,BNS,310,1,1
21560,BNS,309,1,2
21560,BNS,318,1,3
21561,IT,66D,1,1
21562,BNS,309,1,1
21563,BNS,303,1,1
21563,BNS,309,1,2
21564,BNS,189,1,1
21564,BNS,111,1,2
21564,BNS,191,1,3
21565,BNS,316,1,1
21565,BNS,318,1,2
21566,NDPS,21,1,1
21566,EXCISE,32,1,2
21566,NDPS,20,1,3
21567,BNS,309,1,1
21567,BNS,310,1,2
21568,BNS,305,1,1
21568,BNS,310,1,2
21568,BNS,303,1,3
21569,BNS,191,1,1
21569,BNS,112,1,2
21570,BNS,310,1,1
21571,BNS,331,1,1
21571,BNS,303,1,2
21572,BNS,310,1,1
21572,BNS,318,1,2
21574,MV,185,1,1
21574,MV,184,1,2
21575,BNS,331,1,1
21575,BNS,303,1,2
21576,BNS,316,1,1
21576,BNS,318,1,2
21576,BNS,331,1,3
21577,BNS,331,1,1
21577,BNS,309,1,2
21578,BNS,118,1,1
21580,BNS,305,1,1
21580,BNS,310,1,2
21581,BNS,309,1,1
21581,BNS,303,1,2
21581,BNS,305,1,3
21582,BNS,318,1,1
21583,BNS,338,1,1
21583,IT,66D,1,2
21583,BNS,318,1,3
21584,BNS,318,1,1
21584,IT,66D,1,2
21585,BNS,115,1,1
21585,BNS,105,1,2
21585,BNS,109,1,3
21587,BNS,318,1,1
21587,BNS,316,1,2
21588,BNS,331,1,1
21589,BNS,331,1,1
21589,BNS,310,1,2
21589,BNS,316,1,3
21590,BNS,303,1,1
21590,BNS,309,1,2
21590,BNS,310,1,3
21591,BNS,305,1,1
21592,BNS,103,1,1
21595,MV,184,1,1
21596,IT,66D,1,1
21597,BNS,305,1,1
21599,BNS,316,1,1
21600,MV,184,1,1
21601,BNS,309,1,1
21601,BNS,305,1,2
21601,BNS,303,1,3
21602,BNS,111,1,1
21602,BNS,351,1,2
21602,BNS,196,1,3
21603,BNS,316,1,1
21603,BNS,303,1,2
21603,BNS,331,1,3
21604,BNS,316,1,1
21604,BNS,331,1,2
21604,BNS,309,1,3
21606,BNS,309,1,1
21606,BNS,318,1,2
21606,BNS,310,1,3
21607,BNS,64,1,1
21607,BNS,80,1,2
21607,BNS,74,1,3
21608,BNS,111,1,1
21608,BNS,189,1,2
21609,MV,184,1,1
21609,MV,185,1,2
21610,MV,184,1,1
21611,BNS,331,1,1
21611,BNS,310,1,2
21611,BNS,318,1,3
21612,BNS,316,1,1
21612,BNS,318,1,2
21613,BNS,316,1,1
21613,BNS,309,1,2
21614,BNS,338,1,1
21615,BNS,303,1,1
21615,BNS,331,1,2
21616,BNS,74,1,1
21616,BNS,85,1,2
21617,BNS,316,1,1
21617,BNS,331,1,2
21618,BNS,316,1,1
21618,BNS,303,1,2
21619,IT,66D,1,1
21621,MV,185,1,1
21622,BNS,109,1,1
21622,BNS,118,1,2
21622,BNS,115,1,3
21623,BNS,109,1,1
21623,BNS,103,1,2
21623,BNS,118,1,3
21624,BNS,80,1,1
21624,BNS,78,1,2
21624,BNS,64,1,3
21625,BNS,331,1,1
21625,BNS,316,1,2
21625,BNS,310,1,3
21626,BNS,191,1,1
21626,BNS,111,1,2
21626,BNS,196,1,3
21627,BNS,310,1,1
21628,BNS,309,1,1
21629,ARMS,27,1,1
21630,BNS,310,1,1
21630,BNS,303,1,2
21630,BNS,318,1,3
21631,BNS,74,1,1
21632,BNS,140,1,1
21633,BNS,303,1,1
21633,BNS,318,1,2
21634,BNS,303,1,1
21634,BNS,316,1,2
21635,NDPS,21,1,1
21636,BNS,305,1,1
21637,BNS,189,1,1
21637,BNS,351,1,2
21637,BNS,196,1,3
21638,BNS,115,1,1
21638,BNS,109,1,2
21639,BNS,310,1,1
21641,MV,185,1,1
21641,MV,184,1,2
21642,BNS,109,1,1
21643,BNS,316,1,1
21644,BNS,303,1,1
21644,BNS,318,1,2
21644,BNS,331,1,3
21645,BNS,109,1,1
21645,BNS,118,1,2
21646,BNS,140,1,1
21646,BNS,85,1,2
21646,BNS,78,1,3
21647,BNS,140,1,1
21647,BNS,85,1,2
21647,BNS,64,1,3
21648,BNS,310,1,1
21648,BNS,303,1,2
21648,BNS,305,1,3
21649,MV,184,1,1
21650,IT,66,1,1
21651,MV,184,1,1
21652,MV,184,1,1
21652,MV,185,1,2
21653,BNS,331,1,1
21653,BNS,316,1,2
21654,BNS,303,1,1
21654,BNS,331,1,2
21655,BNS,318,1,1
21656,IT,66D,1,1
21656,BNS,338,1,2
21656,BNS,318,1,3
21657,BNS,331,1,1
21658,BNS,105,1,1
21658,BNS,115,1,2
21658,BNS,109,1,3
21659,BNS,331,1,1
21660,BNS,318,1,1
21660,BNS,316,1,2
21660,BNS,305,1,3
21661,BNS,112,1,1
21663,BNS,338,1,1
21663,IT,66D,1,2
21663,BNS,318,1,3
21664,BNS,331,1,1
21664,BNS,316,1,2
21664,BNS,309,1,3
21665,BNS,305,1,1
21665,BNS,303,1,2
21666,BNS,103,1,1
21666,BNS,115,1,2
21667,IT,66D,1,1
21667,IT,66C,1,2
21668,BNS,80,1,1
21669,BNS,318,1,1
21670,BNS,303,1,1
21671,MV,185,1,1
21671,MV,184,1,2
21672,BNS,310,1,1
21673,BNS,103,1,1
21673,BNS,115,1,2
21674,IT,66C,1,1
21675,BNS,303,1,1
21676,BNS,310,1,1
21677,BNS,316,1,1
21678,MV,185,1,1
21679,BNS,305,1,1
21679,BNS,331,1,2
21679,BNS,310,1,3
21680,NDPS,21,1,1
21680,ARMS,27,1,2
21681,BNS,309,1,1
21682,BNS,118,1,1
21682,BNS,109,1,2
21682,BNS,115,1,3
21683,BNS,112,1,1
21684,BNS,331,1,1
21684,BNS,318,1,2
21686,BNS,115,1,1
21686,BNS,105,1,2
21687,BNS,305,1,1
21687,BNS,331,1,2
21687,BNS,318,1,3
21688,MV,185,1,1
21689,BNS,118,1,1
21690,ARMS,25,1,1
21690,NDPS,20,1,2
21690,EXCISE,32,1,3
21691,BNS,303,1,1
21691,BNS,305,1,2
21691,BNS,331,1,3
21692,BNS,309,1,1
21692,BNS,331,1,2
21692,BNS,316,1,3
21693,BNS,310,1,1
21694,NDPS,21,1,1
21695,BNS,338,1,1
21696,BNS,318,1,1
21696,BNS,316,1,2
21698,BNS,318,1,1
21698,BNS,310,1,2
21699,BNS,331,1,1
21700,BNS,118,1,1
21701,BNS,316,1,1
21701,BNS,310,1,2
21702,BNS,115,1,1
21702,BNS,105,1,2
21702,BNS,109,1,3
21703,NDPS,20,1,1
21705,BNS,331,1,1
21705,BNS,318,1,2
21705,BNS,316,1,3
21706,BNS,78,1,1
21706,BNS,85,1,2
21706,BNS,80,1,3
21707,BNS,310,1,1
21707,BNS,316,1,2
21708,BNS,105,1,1
21708,BNS,118,1,2
21709,BNS,303,1,1
21709,BNS,310,1,2
21709,BNS,316,1,3
21710,BNS,316,1,1
21710,BNS,310,1,2
21711,BNS,103,1,1
21712,MV,185,1,1
21713,BNS,305,1,1
21714,ARMS,25,1,1
21714,NDPS,20,1,2
21714,NDPS,21,1,3
21715,BNS,310,1,1
21716,BNS,331,1,1
21716,BNS,316,1,2
21718,IT,66D,1,1
21719,BNS,318,1,1
21719,BNS,338,1,2
21720,BNS,64,1,1
21721,MV,184,1,1
21722,BNS,115,1,1
21722,BNS,103,1,2
21722,BNS,109,1,3
21723,MV,185,1,1
21724,BNS,80,1,1
21724,BNS,74,1,2
21724,BNS,140,1,3
21725,BNS,85,1,1
21725,BNS,78,1,2
21726,MV,184,1,1
21726,MV,185,1,2
21727,MV,185,1,1
21728,MV,184,1,1
21728,MV,185,1,2
21729,BNS,115,1,1
21730,BNS,351,1,1
21730,BNS,191,1,2
21730,BNS,189,1,3
21731,BNS,351,1,1
21731,BNS,196,1,2
21732,BNS,331,1,1
21732,BNS,318,1,2
21733,BNS,309,1,1
21733,BNS,331,1,2
21734,BNS,318,1,1
21734,BNS,309,1,2
21736,BNS,318,1,1
21736,BNS,310,1,2
21737,MV,184,1,1
21738,BNS,140,1,1
21739,BNS,118,1,1
21740,BNS,115,1,1
21740,BNS,118,1,2
21740,BNS,109,1,3
21741,BNS,115,1,1
21742,BNS,351,1,1
21742,BNS,111,1,2
21743,BNS,310,1,1
21744,IT,66D,1,1
21744,IT,66,1,2
21744,IT,66C,1,3
21745,BNS,74,1,1
21746,BNS,331,1,1
21746,BNS,305,1,2
21747,BNS,85,1,1
21747,BNS,140,1,2
21747,BNS,80,1,3
21748,NDPS,8,1,1
21748,ARMS,27,1,2
21749,MV,185,1,1
21749,MV,184,1,2
21750,BNS,140,1,1
21750,BNS,64,1,2
21751,MV,185,1,1
21751,MV,184,1,2
21753,BNS,318,1,1
21754,POCSO,4,1,1
21755,IT,66D,1,1
21755,BNS,338,1,2
21755,BNS,318,1,3
21756,BNS,303,1,1
21756,BNS,310,1,2
21756,BNS,316,1,3
21757,MV,184,1,1
21758,IT,66D,1,1
21758,IT,66,1,2
21758,IT,66C,1,3
21759,BNS,64,1,1
21760,BNS,305,1,1
21760,BNS,310,1,2
21760,BNS,303,1,3
21761,BNS,140,1,1
21761,BNS,78,1,2
21761,BNS,85,1,3
21762,NDPS,21,1,1
21763,BNS,305,1,1
21764,BNS,305,1,1
21765,BNS,331,1,1
21766,BNS,338,1,1
21766,BNS,318,1,2
21767,MV,185,1,1
21768,BNS,191,1,1
21768,BNS,189,1,2
21769,BNS,318,1,1
21769,BNS,338,1,2
21769,IT,66D,1,3
21770,IT,66D,1,1
21771,BNS,331,1,1
21772,BNS,316,1,1
21773,BNS,103,1,1
21774,NDPS,8,1,1
21774,ARMS,27,1,2
21775,BNS,331,1,1
21775,BNS,309,1,2
21776,BNS,64,1,1
21776,BNS,78,1,2
21776,BNS,80,1,3
21777,BNS,74,1,1
21778,BNS,305,1,1
21778,BNS,318,1,2
21779,BNS,318,1,1
21779,IT,66D,1,2
21780,BNS,85,1,1
21780,BNS,80,1,2
21780,BNS,78,1,3
21781,BNS,305,1,1
21781,BNS,309,1,2
21781,BNS,303,1,3
21782,BNS,303,1,1
21782,BNS,318,1,2
21782,BNS,310,1,3
21783,BNS,338,1,1
21784,BNS,103,1,1
21785,MV,185,1,1
21786,MV,184,1,1
21786,MV,185,1,2
21787,BNS,331,1,1
21787,BNS,316,1,2
21788,BNS,112,1,1
21788,BNS,189,1,2
21788,BNS,191,1,3
21789,BNS,105,1,1
21789,BNS,118,1,2
21790,ARMS,27,1,1
21791,IT,66D,1,1
21791,IT,66C,1,2
21792,NDPS,8,1,1
21792,ARMS,27,1,2
21794,BNS,331,1,1
21794,BNS,305,1,2
21795,BNS,310,1,1
21795,BNS,318,1,2
21795,BNS,331,1,3
21796,IT,66,1,1
21796,IT,66D,1,2
21796,IT,66C,1,3
21797,IT,66D,1,1
21797,BNS,338,1,2
21798,ARMS,25,1,1
21799,BNS,309,1,1
21800,BNS,318,1,1
21801,MV,185,1,1
21802,BNS,331,1,1
21803,MV,184,1,1
21803,MV,185,1,2
21804,BNS,103,1,1
21804,BNS,115,1,2
21805,BNS,310,1,1
21805,BNS,331,1,2
21806,BNS,118,1,1
21806,BNS,115,1,2
21806,BNS,103,1,3
21807,NDPS,20,1,1
21807,ARMS,27,1,2
21808,BNS,310,1,1
21809,BNS,105,1,1
21809,BNS,109,1,2
21809,BNS,118,1,3
21810,BNS,103,1,1
21810,BNS,115,1,2
21811,BNS,316,1,1
21811,BNS,303,1,2
21812,BNS,111,1,1
21812,BNS,351,1,2
21812,BNS,189,1,3
21813,BNS,331,1,1
21813,BNS,309,1,2
21813,BNS,310,1,3
21814,BNS,305,1,1
21815,BNS,303,1,1
21815,BNS,316,1,2
21815,BNS,305,1,3
21816,BNS,140,1,1
21816,BNS,78,1,2
21816,BNS,85,1,3
21817,IT,66C,1,1
21817,IT,66D,1,2
21817,IT,66,1,3
21819,BNS,189,1,1
21819,BNS,112,1,2
21820,BNS,338,1,1
21821,BNS,112,1,1
21821,BNS,111,1,2
21822,BNS,318,1,1
21822,BNS,331,1,2
21823,BNS,112,1,1
21823,BNS,111,1,2
21824,MV,185,1,1
21825,BNS,103,1,1
21825,BNS,105,1,2
21825,BNS,109,1,3
21826,BNS,338,1,1
21826,IT,66D,1,2
21826,BNS,318,1,3
21827,NDPS,20,1,1
21829,BNS,309,1,1
21829,BNS,318,1,2
21829,BNS,305,1,3
21830,BNS,316,1,1
21831,BNS,316,1,1
21831,BNS,310,1,2
21832,BNS,338,1,1
21832,BNS,318,1,2
21832,IT,66D,1,3
21833,BNS,316,1,1
21834,BNS,305,1,1
21834,BNS,316,1,2
21834,BNS,303,1,3
21835,BNS,338,1,1
21836,BNS,74,1,1
21836,BNS,85,1,2
21837,BNS,64,1,1
21837,BNS,74,1,2
21838,MV,184,1,1
21838,MV,185,1,2
21839,IT,66C,1,1
21839,IT,66,1,2
21840,BNS,80,1,1
21840,BNS,78,1,2
21840,BNS,74,1,3
21841,BNS,318,1,1
21841,BNS,305,1,2
21841,BNS,316,1,3
21842,BNS,309,1,1
21842,BNS,318,1,2
21842,BNS,331,1,3
21843,BNS,140,1,1
21843,BNS,85,1,2
21844,MV,185,1,1
21845,BNS,316,1,1
21845,BNS,331,1,2
21845,BNS,318,1,3
21846,BNS,318,1,1
21847,BNS,103,1,1
21847,BNS,115,1,2
21847,BNS,105,1,3
21848,IT,66D,1,1
21848,BNS,338,1,2
21849,BNS,103,1,1
21849,BNS,115,1,2
21849,BNS,118,1,3
21850,NDPS,21,1,1
21851,IT,66,1,1
21851,IT,66D,1,2
21851,IT,66C,1,3
21852,BNS,310,1,1
21853,BNS,318,1,1
21854,BNS,351,1,1
21855,BNS,85,1,1
21855,BNS,64,1,2
21856,BNS,309,1,1
21856,BNS,305,1,2
21856,BNS,316,1,3
21857,BNS,109,1,1
21859,BNS,78,1,1
21860,MV,184,1,1
21861,BNS,303,1,1
21861,BNS,331,1,2
21862,BNS,309,1,1
21862,BNS,305,1,2
21863,BNS,118,1,1
21864,BNS,196,1,1
21864,BNS,191,1,2
21865,BNS,331,1,1
21866,MV,184,1,1
21867,ARMS,27,1,1
21868,BNS,316,1,1
21869,IT,66D,1,1
21869,IT,66C,1,2
21869,IT,66,1,3
21870,BNS,305,1,1
21870,BNS,310,1,2
21871,BNS,189,1,1
21871,BNS,111,1,2
21871,BNS,112,1,3
21872,BNS,305,1,1
21872,BNS,318,1,2
21872,BNS,310,1,3
21873,BNS,118,1,1
21874,BNS,310,1,1
21875,BNS,316,1,1
21876,MV,184,1,1
21876,MV,185,1,2
21877,BNS,318,1,1
21878,BNS,115,1,1
21879,BNS,85,1,1
21879,BNS,74,1,2
21880,BNS,318,1,1
21880,BNS,338,1,2
21880,IT,66D,1,3
21881,BNS,196,1,1
21881,BNS,112,1,2
21881,BNS,191,1,3
21882,BNS,64,1,1
21882,BNS,140,1,2
21883,IT,66D,1,1
21884,BNS,189,1,1
21885,BNS,305,1,1
21885,BNS,316,1,2
21885,BNS,331,1,3
21886,BNS,191,1,1
21887,NDPS,8,1,1
21888,IT,66,1,1
21888,IT,66D,1,2
21889,BNS,105,1,1
21889,BNS,109,1,2
21889,BNS,118,1,3
21890,BNS,305,1,1
21890,BNS,309,1,2
21890,BNS,310,1,3
21891,BNS,78,1,1
21892,BNS,118,1,1
21894,BNS,331,1,1
21894,BNS,309,1,2
21895,NDPS,21,1,1
21895,NDPS,20,1,2
21896,NDPS,8,1,1
21897,BNS,85,1,1
21897,BNS,140,1,2
21898,IT,66D,1,1
21898,BNS,318,1,2
21898,BNS,338,1,3
21899,BNS,309,1,1
21900,MV,185,1,1
21901,BNS,310,1,1
21901,BNS,305,1,2
21901,BNS,318,1,3
21902,BNS,318,1,1
21902,IT,66D,1,2
21903,BNS,309,1,1
21903,BNS,316,1,2
21904,BNS,338,1,1
21904,BNS,318,1,2
21905,BNS,338,1,1
21906,IT,66C,1,1
21907,BNS,196,1,1
21907,BNS,189,1,2
21908,BNS,115,1,1
21908,BNS,103,1,2
21908,BNS,105,1,3
21909,BNS,305,1,1
21910,BNS,316,1,1
21910,BNS,331,1,2
21911,BNS,303,1,1
21911,BNS,305,1,2
21911,BNS,309,1,3
21912,BNS,318,1,1
21914,BNS,105,1,1
21915,ARMS,27,1,1
21916,BNS,196,1,1
21916,BNS,351,1,2
21916,BNS,191,1,3
21917,IT,66D,1,1
21917,IT,66C,1,2
21918,BNS,118,1,1
21918,BNS,115,1,2
21918,BNS,105,1,3
21919,BNS,338,1,1
21920,IT,66D,1,1
21920,IT,66C,1,2
21920,IT,66,1,3
21921,BNS,316,1,1
21921,BNS,303,1,2
21921,BNS,309,1,3
21922,BNS,318,1,1
21922,BNS,303,1,2
21922,BNS,331,1,3
21923,BNS,103,1,1
21923,BNS,115,1,2
21924,BNS,115,1,1
21924,BNS,105,1,2
21924,BNS,109,1,3
21925,NDPS,8,1,1
21926,MV,184,1,1
21926,MV,185,1,2
21927,BNS,78,1,1
21927,BNS,80,1,2
21928,BNS,305,1,1
21928,BNS,310,1,2
21928,BNS,303,1,3
21929,BNS,115,1,1
21929,BNS,103,1,2
21930,BNS,115,1,1
21930,BNS,109,1,2
21931,IT,66D,1,1
21932,MV,185,1,1
21933,BNS,118,1,1
21934,BNS,310,1,1
21934,BNS,318,1,2
21935,BNS,310,1,1
21935,BNS,305,1,2
21936,BNS,191,1,1
21936,BNS,351,1,2
21936,BNS,196,1,3
21937,BNS,309,1,1
21937,BNS,331,1,2
21938,MV,184,1,1
21938,MV,185,1,2
21939,MV,185,1,1
21940,BNS,85,1,1
21941,MV,185,1,1
21941,MV,184,1,2
21942,BNS,305,1,1
21942,BNS,316,1,2
21942,BNS,318,1,3
21943,BNS,309,1,1
21944,BNS,305,1,1
21944,BNS,310,1,2
21944,BNS,316,1,3
21945,BNS,109,1,1
21945,BNS,105,1,2
21946,BNS,115,1,1
21946,BNS,105,1,2
21946,BNS,109,1,3
21948,BNS,115,1,1
21948,BNS,105,1,2
21948,BNS,109,1,3
21949,BNS,118,1,1
21950,BNS,140,1,1
21950,POCSO,8,1,2
21950,POCSO,4,1,3
21951,IT,66D,1,1
21951,IT,66,1,2
21952,MV,184,1,1
21952,MV,185,1,2
21953,BNS,318,1,1
21953,BNS,338,1,2
21954,BNS,105,1,1
21955,BNS,140,1,1
21955,BNS,80,1,2
21955,BNS,64,1,3
21956,IT,66C,1,1
21957,MV,185,1,1
21958,BNS,85,1,1
21958,BNS,78,1,2
21959,BNS,309,1,1
21960,IT,66D,1,1
21960,BNS,318,1,2
21960,BNS,338,1,3
21961,BNS,316,1,1
21961,BNS,331,1,2
21962,BNS,318,1,1
21962,BNS,338,1,2
21962,IT,66D,1,3
21963,BNS,310,1,1
21963,BNS,309,1,2
21964,IT,66,1,1
21964,IT,66C,1,2
21964,IT,66D,1,3
21965,BNS,331,1,1
21965,BNS,318,1,2
21965,BNS,309,1,3
21966,IT,66D,1,1
21967,BNS,191,1,1
21967,BNS,112,1,2
21967,BNS,196,1,3
21968,BNS,331,1,1
21969,BNS,103,1,1
21969,BNS,105,1,2
21969,BNS,115,1,3
21970,BNS,316,1,1
21970,BNS,310,1,2
21971,IT,66D,1,1
21971,BNS,338,1,2
21972,BNS,310,1,1
21973,BNS,309,1,1
21973,BNS,303,1,2
21974,ARMS,25,1,1
21975,BNS,316,1,1
21975,BNS,331,1,2
21977,BNS,305,1,1
21977,BNS,309,1,2
21977,BNS,310,1,3
21978,BNS,316,1,1
21978,BNS,309,1,2
21979,NDPS,20,1,1
21979,ARMS,27,1,2
21979,NDPS,21,1,3
21980,MV,184,1,1
21981,BNS,318,1,1
21981,BNS,309,1,2
21981,BNS,331,1,3
21982,BNS,103,1,1
21982,BNS,115,1,2
21983,BNS,105,1,1
21983,BNS,109,1,2
21984,BNS,64,1,1
21984,BNS,74,1,2
21985,BNS,85,1,1
21986,BNS,103,1,1
21986,BNS,115,1,2
21986,BNS,109,1,3
21987,BNS,318,1,1
21987,BNS,331,1,2
21987,BNS,303,1,3
21988,BNS,318,1,1
21988,IT,66D,1,2
21990,BNS,111,1,1
21990,BNS,189,1,2
21990,BNS,191,1,3
21991,BNS,331,1,1
21991,BNS,318,1,2
21992,BNS,305,1,1
21992,BNS,310,1,2
21992,BNS,303,1,3
21993,EXCISE,32,1,1
21993,NDPS,21,1,2
21994,BNS,351,1,1
21996,BNS,310,1,1
21997,BNS,305,1,1
21997,BNS,331,1,2
21998,BNS,305,1,1
21999,BNS,85,1,1
21999,BNS,64,1,2
22000,MV,185,1,1
22001,BNS,78,1,1
22001,BNS,64,1,2
22003,BNS,338,1,1
22003,IT,66D,1,2
22004,BNS,338,1,1
22004,IT,66D,1,2
22005,BNS,64,1,1
22006,MV,185,1,1
22007,BNS,318,1,1
22007,IT,66D,1,2
22008,BNS,351,1,1
22010,BNS,309,1,1
22011,BNS,316,1,1
22011,BNS,305,1,2
22013,BNS,111,1,1
22013,BNS,112,1,2
22014,BNS,318,1,1
22016,MV,184,1,1
22016,MV,185,1,2
22017,BNS,115,1,1
22017,BNS,109,1,2
22017,BNS,105,1,3
22018,NDPS,20,1,1
22019,BNS,318,1,1
22019,BNS,316,1,2
22020,BNS,140,1,1
22020,BNS,85,1,2
22021,BNS,140,1,1
22021,BNS,80,1,2
22021,BNS,74,1,3
22022,BNS,64,1,1
22022,BNS,78,1,2
22024,MV,184,1,1
22024,MV,185,1,2
22025,BNS,305,1,1
22025,BNS,309,1,2
22026,BNS,105,1,1
22026,BNS,103,1,2
22027,BNS,303,1,1
22028,IT,66C,1,1
22028,IT,66,1,2
22028,IT,66D,1,3
22029,MV,184,1,1
22030,BNS,118,1,1
22030,BNS,109,1,2
22030,BNS,115,1,3
22031,BNS,305,1,1
22031,BNS,318,1,2
22032,BNS,318,1,1
22032,IT,66D,1,2
22033,BNS,338,1,1
22033,BNS,318,1,2
22033,IT,66D,1,3
22034,BNS,331,1,1
22034,BNS,316,1,2
22034,BNS,303,1,3
22035,BNS,303,1,1
22035,BNS,305,1,2
22035,BNS,310,1,3
22036,BNS,64,1,1
22037,ARMS,27,1,1
22038,BNS,310,1,1
22039,BNS,310,1,1
22039,BNS,331,1,2
22039,BNS,305,1,3
22040,MV,185,1,1
22041,MV,185,1,1
22042,BNS,80,1,1
22042,BNS,85,1,2
22043,BNS,310,1,1
22044,BNS,309,1,1
22045,MV,185,1,1
22045,MV,184,1,2
22046,IT,66,1,1
22046,IT,66D,1,2
22047,BNS,303,1,1
22047,BNS,331,1,2
22048,BNS,74,1,1
22048,BNS,64,1,2
22048,BNS,140,1,3
22049,POCSO,4,1,1
22049,BNS,140,1,2
22049,POCSO,8,1,3
22050,BNS,115,1,1
22050,BNS,103,1,2
22050,BNS,109,1,3
22051,BNS,309,1,1
22051,BNS,318,1,2
22051,BNS,310,1,3
22052,BNS,316,1,1
22053,BNS,331,1,1
22053,BNS,309,1,2
22053,BNS,305,1,3
22054,BNS,331,1,1
22054,BNS,309,1,2
22054,BNS,318,1,3
22055,BNS,303,1,1
22055,BNS,305,1,2
22056,BNS,318,1,1
22057,BNS,115,1,1
22057,BNS,118,1,2
22058,BNS,189,1,1
22058,BNS,111,1,2
22058,BNS,112,1,3
22059,BNS,310,1,1
22060,BNS,338,1,1
22060,IT,66D,1,2
22060,BNS,318,1,3
22061,BNS,318,1,1
22061,BNS,338,1,2
22061,IT,66D,1,3
22062,MV,184,1,1
22062,MV,185,1,2
22063,BNS,316,1,1
22063,BNS,318,1,2
22064,BNS,78,1,1
22064,BNS,140,1,2
22064,BNS,74,1,3
22065,BNS,318,1,1
22065,BNS,310,1,2
22067,BNS,331,1,1
22068,IT,66C,1,1
22068,IT,66D,1,2
22069,BNS,309,1,1
22069,BNS,303,1,2
22070,BNS,318,1,1
22071,BNS,338,1,1
22071,BNS,318,1,2
22071,IT,66D,1,3
22072,IT,66D,1,1
22072,IT,66C,1,2
22073,BNS,331,1,1
22073,BNS,318,1,2
22073,BNS,310,1,3
22075,BNS,331,1,1
22075,BNS,309,1,2
22076,BNS,189,1,1
22076,BNS,191,1,2
22076,BNS,112,1,3
22077,BNS,115,1,1
22077,BNS,103,1,2
22077,BNS,118,1,3
22078,BNS,310,1,1
22078,BNS,303,1,2
22079,BNS,310,1,1
22080,NDPS,21,1,1
22081,BNS,318,1,1
22081,BNS,331,1,2
22082,BNS,305,1,1
22082,BNS,318,1,2
22082,BNS,331,1,3
22083,BNS,303,1,1
22084,BNS,112,1,1
22084,BNS,191,1,2
22085,BNS,196,1,1
22085,BNS,191,1,2
22085,BNS,351,1,3
22086,NDPS,8,1,1
22087,BNS,309,1,1
22088,BNS,105,1,1
22088,BNS,103,1,2
22089,MV,185,1,1
22089,MV,184,1,2
22090,BNS,103,1,1
22090,BNS,115,1,2
22091,MV,185,1,1
22091,MV,184,1,2
22092,BNS,318,1,1
22092,BNS,309,1,2
22092,BNS,316,1,3
22093,BNS,316,1,1
22093,BNS,318,1,2
22094,BNS,318,1,1
22095,BNS,309,1,1
22096,BNS,331,1,1
22096,BNS,316,1,2
22097,BNS,78,1,1
22097,BNS,140,1,2
22097,BNS,74,1,3
22098,MV,185,1,1
22098,MV,184,1,2
22099,NDPS,8,1,1
22099,EXCISE,32,1,2
22100,BNS,331,1,1
22100,BNS,316,1,2
22100,BNS,305,1,3
22101,BNS,309,1,1
22101,BNS,310,1,2
22101,BNS,331,1,3
22102,BNS,140,1,1
22102,BNS,64,1,2
22103,BNS,316,1,1
22103,BNS,309,1,2
22103,BNS,331,1,3
22104,BNS,191,1,1
22105,BNS,310,1,1
22105,BNS,305,1,2
22107,MV,185,1,1
22107,MV,184,1,2
22108,BNS,303,1,1
22108,BNS,309,1,2
22108,BNS,331,1,3
22109,BNS,303,1,1
22110,BNS,351,1,1
22110,BNS,189,1,2
22111,BNS,318,1,1
22111,BNS,338,1,2
22112,BNS,338,1,1
22113,BNS,303,1,1
22113,BNS,310,1,2
22114,BNS,318,1,1
22114,BNS,303,1,2
22114,BNS,309,1,3
22115,BNS,109,1,1
22115,BNS,103,1,2
22115,BNS,105,1,3
22116,BNS,310,1,1
22116,BNS,303,1,2
22117,BNS,189,1,1
22117,BNS,111,1,2
22118,BNS,316,1,1
22118,BNS,303,1,2
22119,BNS,316,1,1
22120,NDPS,20,1,1
22121,BNS,85,1,1
22122,BNS,318,1,1
22122,BNS,309,1,2
22123,BNS,310,1,1
22124,BNS,140,1,1
22124,POCSO,4,1,2
22124,POCSO,8,1,3
22125,BNS,303,1,1
22125,BNS,318,1,2
22125,BNS,310,1,3
22126,MV,185,1,1
22127,BNS,303,1,1
22127,BNS,305,1,2
22127,BNS,310,1,3
22128,MV,185,1,1
22128,MV,184,1,2
22129,BNS,74,1,1
22130,BNS,103,1,1
22130,BNS,118,1,2
22130,BNS,109,1,3
22131,BNS,318,1,1
22131,IT,66D,1,2
22132,BNS,80,1,1
22132,BNS,74,1,2
22133,BNS,303,1,1
22133,BNS,309,1,2
22133,BNS,305,1,3
22134,BNS,111,1,1
22135,BNS,316,1,1
22135,BNS,310,1,2
22135,BNS,331,1,3
22136,MV,184,1,1
22136,MV,185,1,2
22137,MV,185,1,1
22139,NDPS,8,1,1
22139,ARMS,27,1,2
22139,NDPS,21,1,3
22140,BNS,331,1,1
22141,BNS,331,1,1
22142,BNS,318,1,1
22143,BNS,303,1,1
22145,BNS,115,1,1
22146,BNS,140,1,1
22146,BNS,80,1,2
22146,BNS,85,1,3
22147,EXCISE,32,1,1
22148,BNS,112,1,1
22148,BNS,189,1,2
22149,MV,185,1,1
22150,IT,66D,1,1
22151,BNS,78,1,1
22151,BNS,140,1,2
22151,BNS,74,1,3
22152,BNS,112,1,1
22154,MV,184,1,1
22155,BNS,140,1,1
22155,BNS,80,1,2
22156,BNS,310,1,1
22156,BNS,316,1,2
22157,BNS,303,1,1
22157,BNS,309,1,2
22158,BNS,78,1,1
22158,BNS,64,1,2
22159,BNS,303,1,1
22159,BNS,305,1,2
22160,BNS,303,1,1
22162,BNS,318,1,1
22163,IT,66D,1,1
22163,BNS,318,1,2
22163,BNS,338,1,3
22164,BNS,305,1,1
22164,BNS,331,1,2
22165,IT,66C,1,1
22165,IT,66D,1,2
22165,IT,66,1,3
22166,BNS,305,1,1
22167,IT,66D,1,1
22167,BNS,338,1,2
22168,BNS,318,1,1
22168,BNS,305,1,2
22168,BNS,310,1,3
22169,BNS,316,1,1
22169,BNS,310,1,2
22170,BNS,331,1,1
22170,BNS,316,1,2
22170,BNS,310,1,3
22171,BNS,103,1,1
22172,BNS,318,1,1
22172,BNS,338,1,2
22173,BNS,118,1,1
22173,BNS,109,1,2
22173,BNS,103,1,3
22174,MV,184,1,1
22174,MV,185,1,2
22175,BNS,303,1,1
22176,BNS,140,1,1
22176,BNS,74,1,2
22176,BNS,85,1,3
22177,BNS,80,1,1
22178,IT,66D,1,1
22178,BNS,338,1,2
22178,BNS,318,1,3
22179,BNS,85,1,1
22180,BNS,351,1,1
22181,MV,184,1,1
22181,MV,185,1,2
22182,BNS,305,1,1
22183,IT,66D,1,1
22184,BNS,305,1,1
22184,BNS,310,1,2
22185,MV,184,1,1
22186,MV,184,1,1
22187,BNS,115,1,1
22187,BNS,103,1,2
22187,BNS,105,1,3
22188,BNS,318,1,1
22188,BNS,316,1,2
22188,BNS,310,1,3
22189,MV,185,1,1
22190,MV,185,1,1
22191,BNS,191,1,1
22192,BNS,115,1,1
22192,BNS,109,1,2
22193,BNS,115,1,1
22194,IT,66D,1,1
22194,BNS,338,1,2
22195,IT,66C,1,1
22195,IT,66D,1,2
22196,IT,66D,1,1
22196,BNS,318,1,2
22197,MV,185,1,1
22197,MV,184,1,2
22198,BNS,189,1,1
22198,BNS,191,1,2
22199,BNS,85,1,1
22200,MV,184,1,1
22201,BNS,310,1,1
22202,MV,184,1,1
22205,BNS,316,1,1
22207,MV,185,1,1
22208,BNS,64,1,1
22208,BNS,85,1,2
22209,BNS,309,1,1
22209,BNS,303,1,2
22210,BNS,118,1,1
22210,BNS,105,1,2
22211,BNS,318,1,1
22211,IT,66D,1,2
22211,BNS,338,1,3
22212,BNS,64,1,1
22212,BNS,78,1,2
22213,BNS,318,1,1
22213,IT,66D,1,2
22213,BNS,338,1,3
22214,IT,66,1,1
22214,IT,66D,1,2
22214,IT,66C,1,3
22215,BNS,318,1,1
22216,IT,66D,1,1
22217,MV,184,1,1
22217,MV,185,1,2
22218,BNS,191,1,1
22218,BNS,112,1,2
22218,BNS,196,1,3
22219,BNS,310,1,1
22220,BNS,105,1,1
22220,BNS,109,1,2
22220,BNS,115,1,3
22221,IT,66D,1,1
22221,BNS,338,1,2
22222,BNS,318,1,1
22223,MV,185,1,1
22224,BNS,109,1,1
22224,BNS,103,1,2
22224,BNS,115,1,3
22225,BNS,338,1,1
22225,IT,66D,1,2
22225,BNS,318,1,3
22226,BNS,338,1,1
22227,MV,185,1,1
22228,MV,185,1,1
22229,IT,66D,1,1
22230,BNS,318,1,1
22230,BNS,309,1,2
22230,BNS,316,1,3
22231,BNS,305,1,1
22232,BNS,318,1,1
22232,BNS,316,1,2
22233,BNS,318,1,1
22234,BNS,80,1,1
22234,BNS,78,1,2
22235,NDPS,20,1,1
22235,NDPS,21,1,2
22236,NDPS,20,1,1
22237,BNS,74,1,1
22237,BNS,85,1,2
22238,MV,184,1,1
22238,MV,185,1,2
22239,BNS,316,1,1
22240,BNS,118,1,1
22240,BNS,103,1,2
22241,MV,184,1,1
22241,MV,185,1,2
22242,BNS,331,1,1
22243,BNS,109,1,1
22244,POCSO,8,1,1
22244,POCSO,4,1,2
22245,BNS,303,1,1
22245,BNS,305,1,2
22246,IT,66D,1,1
22246,BNS,338,1,2
22247,BNS,338,1,1
22247,IT,66D,1,2
22248,BNS,318,1,1
22249,BNS,309,1,1
22249,BNS,318,1,2
22250,BNS,310,1,1
22250,BNS,318,1,2
22251,MV,185,1,1
22252,NDPS,20,1,1
22252,NDPS,8,1,2
22253,MV,185,1,1
22253,MV,184,1,2
22254,BNS,338,1,1
22254,IT,66D,1,2
22254,BNS,318,1,3
22255,IT,66D,1,1
22255,BNS,318,1,2
22256,BNS,78,1,1
22257,BNS,316,1,1
22258,MV,184,1,1
22259,BNS,103,1,1
22260,IT,66D,1,1
22260,BNS,338,1,2
22260,BNS,318,1,3
22261,MV,184,1,1
22262,BNS,318,1,1
22262,BNS,303,1,2
22263,PC,7,1,1
22264,BNS,103,1,1
22266,BNS,331,1,1
22267,BNS,316,1,1
22267,BNS,331,1,2
22267,BNS,318,1,3
22268,BNS,309,1,1
22268,BNS,318,1,2
22268,BNS,303,1,3
22269,BNS,316,1,1
22269,BNS,309,1,2
22270,BNS,310,1,1
22271,BNS,318,1,1
22271,BNS,303,1,2
22271,BNS,316,1,3
22272,BNS,303,1,1
22272,BNS,318,1,2
22272,BNS,331,1,3
22273,BNS,85,1,1
22273,BNS,64,1,2
22273,BNS,140,1,3
22274,BNS,310,1,1
22275,BNS,109,1,1
22275,BNS,105,1,2
22275,BNS,118,1,3
22276,IT,66D,1,1
22277,BNS,331,1,1
22278,EXCISE,32,1,1
22278,NDPS,20,1,2
22279,BNS,305,1,1
22279,BNS,318,1,2
22279,BNS,309,1,3
22281,MV,185,1,1
22281,MV,184,1,2
22282,BNS,316,1,1
22283,BNS,80,1,1
22283,BNS,78,1,2
22283,BNS,64,1,3
22285,BNS,338,1,1
22285,IT,66D,1,2
22285,BNS,318,1,3
22286,BNS,309,1,1
22286,BNS,331,1,2
22287,BNS,318,1,1
22287,BNS,303,1,2
22287,BNS,316,1,3
22288,BNS,140,1,1
22288,POCSO,8,1,2
22289,MV,184,1,1
22289,MV,185,1,2
22290,BNS,64,1,1
22291,BNS,189,1,1
22291,BNS,111,1,2
22292,BNS,318,1,1
22292,BNS,303,1,2
22292,BNS,309,1,3
22293,BNS,191,1,1
22293,BNS,111,1,2
22293,BNS,112,1,3
22294,BNS,318,1,1
22295,BNS,85,1,1
22295,BNS,140,1,2
22297,BNS,118,1,1
22297,BNS,109,1,2
22298,BNS,316,1,1
22298,BNS,310,1,2
22299,ARMS,25,1,1
22299,EXCISE,32,1,2
22299,ARMS,27,1,3
22300,BNS,338,1,1
22300,BNS,318,1,2
22301,BNS,78,1,1
22302,BNS,112,1,1
22302,BNS,191,1,2
22302,BNS,196,1,3
22304,BNS,111,1,1
22305,BNS,303,1,1
22306,BNS,189,1,1
22306,BNS,191,1,2
22306,BNS,196,1,3
22307,BNS,318,1,1
22307,BNS,310,1,2
22307,BNS,303,1,3
22308,BNS,109,1,1
22308,BNS,103,1,2
22308,BNS,105,1,3
22309,BNS,112,1,1
22310,BNS,309,1,1
22310,BNS,310,1,2
22310,BNS,331,1,3
22311,MV,184,1,1
22312,BNS,310,1,1
22312,BNS,309,1,2
22312,BNS,303,1,3
22313,BNS,310,1,1
22313,BNS,303,1,2
22315,BNS,310,1,1
22315,BNS,331,1,2
22315,BNS,309,1,3
22316,MV,185,1,1
22317,BNS,331,1,1
22317,BNS,318,1,2
22317,BNS,303,1,3
22318,MV,185,1,1
22319,BNS,338,1,1
22320,BNS,316,1,1
22320,BNS,309,1,2
22320,BNS,310,1,3
22322,NDPS,8,1,1
22322,NDPS,21,1,2
22323,ARMS,27,1,1
22324,BNS,74,1,1
22324,BNS,78,1,2
22325,BNS,305,1,1
22325,BNS,303,1,2
22326,BNS,105,1,1
22326,BNS,109,1,2
22326,BNS,115,1,3
22327,BNS,196,1,1
22327,BNS,112,1,2
22327,BNS,191,1,3
22328,BNS,118,1,1
22329,BNS,305,1,1
22329,BNS,316,1,2
22329,BNS,318,1,3
22330,BNS,318,1,1
22330,BNS,305,1,2
22330,BNS,316,1,3
22331,BNS,338,1,1
22331,BNS,318,1,2
22332,NDPS,21,1,1
22332,ARMS,27,1,2
22332,EXCISE,32,1,3
22333,BNS,318,1,1
22333,BNS,309,1,2
22334,NDPS,20,1,1
22334,EXCISE,32,1,2
22334,ARMS,27,1,3
22335,BNS,303,1,1
22335,BNS,305,1,2
22335,BNS,316,1,3
22336,BNS,303,1,1
22336,BNS,305,1,2
22336,BNS,316,1,3
22337,BNS,305,1,1
22338,BNS,78,1,1
22338,BNS,64,1,2
22339,BNS,118,1,1
22340,BNS,305,1,1
22340,BNS,303,1,2
22341,BNS,78,1,1
22341,BNS,80,1,2
22342,BNS,109,1,1
22342,BNS,105,1,2
22342,BNS,118,1,3
22343,BNS,318,1,1
22343,IT,66D,1,2
22343,BNS,338,1,3
22344,NDPS,20,1,1
22344,EXCISE,32,1,2
22344,ARMS,27,1,3
22345,BNS,74,1,1
22346,BNS,64,1,1
22348,BNS,331,1,1
22349,IT,66D,1,1
22349,BNS,338,1,2
22349,BNS,318,1,3
22350,BNS,103,1,1
22351,BNS,118,1,1
22351,BNS,109,1,2
22351,BNS,115,1,3
22352,MV,185,1,1
22352,MV,184,1,2
22353,BNS,338,1,1
22353,IT,66D,1,2
22354,BNS,78,1,1
22354,BNS,140,1,2
22355,BNS,64,1,1
22356,BNS,331,1,1
22356,BNS,318,1,2
22356,BNS,309,1,3
22357,BNS,318,1,1
22358,BNS,331,1,1
22358,BNS,305,1,2
22359,BNS,118,1,1
22359,BNS,103,1,2
22359,BNS,109,1,3
22360,BNS,316,1,1
22360,BNS,309,1,2
22361,BNS,78,1,1
22361,BNS,85,1,2
22362,MV,184,1,1
22362,MV,185,1,2
22363,IT,66C,1,1
22364,BNS,310,1,1
22364,BNS,305,1,2
22365,EXCISE,32,1,1
22366,BNS,310,1,1
22366,BNS,303,1,2
22366,BNS,331,1,3
22367,BNS,191,1,1
22368,BNS,309,1,1
22368,BNS,305,1,2
22369,BNS,331,1,1
22369,BNS,303,1,2
22369,BNS,310,1,3
22370,BNS,196,1,1
22371,MV,184,1,1
22371,MV,185,1,2
22372,BNS,318,1,1
22372,BNS,310,1,2
22373,BNS,78,1,1
22373,BNS,64,1,2
22373,BNS,74,1,3
22374,BNS,115,1,1
22375,BNS,318,1,1
22375,BNS,310,1,2
22376,MV,185,1,1
22377,MV,185,1,1
22378,BNS,331,1,1
22378,BNS,318,1,2
22379,BNS,115,1,1
22379,BNS,109,1,2
22379,BNS,118,1,3
22380,BNS,305,1,1
22381,BNS,338,1,1
22382,BNS,310,1,1
22382,BNS,316,1,2
22382,BNS,318,1,3
22383,BNS,74,1,1
22383,BNS,80,1,2
22383,BNS,64,1,3
22384,BNS,115,1,1
22384,BNS,118,1,2
22384,BNS,103,1,3
22385,MV,184,1,1
22386,BNS,316,1,1
22386,BNS,331,1,2
22386,BNS,318,1,3
22387,BNS,303,1,1
22387,BNS,331,1,2
22387,BNS,310,1,3
22388,POCSO,4,1,1
22388,POCSO,8,1,2
22389,BNS,316,1,1
22390,BNS,303,1,1
22390,BNS,331,1,2
22390,BNS,309,1,3
22391,BNS,318,1,1
22391,BNS,338,1,2
22392,MV,185,1,1
22392,MV,184,1,2
22393,MV,184,1,1
22394,BNS,310,1,1
22394,BNS,305,1,2
22395,NDPS,20,1,1
22396,BNS,318,1,1
22396,BNS,303,1,2
22396,BNS,305,1,3
22397,MV,184,1,1
22398,BNS,74,1,1
22398,BNS,64,1,2
22398,BNS,140,1,3
22399,MV,184,1,1
22400,MV,185,1,1
22401,BNS,105,1,1
22401,BNS,109,1,2
22402,IT,66D,1,1
22402,BNS,338,1,2
22402,BNS,318,1,3
22403,MV,185,1,1
22404,BNS,331,1,1
22404,BNS,316,1,2
22404,BNS,303,1,3
22405,BNS,309,1,1
22406,IT,66D,1,1
22406,BNS,318,1,2
22407,BNS,85,1,1
22407,BNS,80,1,2
22408,BNS,140,1,1
22408,BNS,74,1,2
22409,BNS,310,1,1
22409,BNS,331,1,2
22410,BNS,109,1,1
22410,BNS,103,1,2
22410,BNS,115,1,3
22411,MV,184,1,1
22411,MV,185,1,2
22412,BNS,303,1,1
22412,BNS,309,1,2
22412,BNS,316,1,3
22413,BNS,189,1,1
22413,BNS,111,1,2
22413,BNS,112,1,3
22414,POCSO,8,1,1
22414,BNS,140,1,2
22414,POCSO,4,1,3
22415,BNS,305,1,1
22415,BNS,303,1,2
22415,BNS,331,1,3
22416,BNS,303,1,1
22416,BNS,305,1,2
22418,BNS,310,1,1
22418,BNS,331,1,2
22419,BNS,303,1,1
22419,BNS,318,1,2
22419,BNS,331,1,3
22420,BNS,331,1,1
22420,BNS,303,1,2
22421,BNS,303,1,1
22421,BNS,331,1,2
22422,BNS,140,1,1
22422,POCSO,8,1,2
22422,POCSO,4,1,3
22423,BNS,316,1,1
22423,BNS,305,1,2
22424,BNS,351,1,1
22425,BNS,310,1,1
22425,BNS,318,1,2
22426,IT,66D,1,1
22426,BNS,338,1,2
22426,BNS,318,1,3
22427,BNS,318,1,1
22427,BNS,310,1,2
22427,BNS,303,1,3
22428,BNS,318,1,1
22429,BNS,331,1,1
22429,BNS,309,1,2
22430,BNS,103,1,1
22431,MV,184,1,1
22432,MV,184,1,1
22433,BNS,74,1,1
22433,BNS,80,1,2
22433,BNS,85,1,3
22434,MV,185,1,1
22434,MV,184,1,2
22435,BNS,318,1,1
22436,BNS,64,1,1
22436,BNS,85,1,2
22437,MV,184,1,1
22437,MV,185,1,2
22438,POCSO,8,1,1
22439,BNS,189,1,1
22439,BNS,191,1,2
22440,BNS,85,1,1
22440,BNS,64,1,2
22441,IT,66D,1,1
22441,IT,66,1,2
22442,BNS,85,1,1
22442,BNS,78,1,2
22442,BNS,140,1,3
22443,BNS,310,1,1
22443,BNS,305,1,2
22443,BNS,318,1,3
22444,BNS,316,1,1
22445,MV,185,1,1
22445,MV,184,1,2
22446,IT,66,1,1
22446,IT,66C,1,2
22446,IT,66D,1,3
22447,BNS,115,1,1
22447,BNS,105,1,2
22448,BNS,112,1,1
22448,BNS,191,1,2
22449,BNS,80,1,1
22449,BNS,78,1,2
22451,MV,184,1,1
22452,BNS,303,1,1
22453,BNS,109,1,1
22454,BNS,115,1,1
22455,IT,66D,1,1
22455,BNS,338,1,2
22455,BNS,318,1,3
22456,MV,185,1,1
22457,BNS,338,1,1
22457,BNS,318,1,2
22458,BNS,78,1,1
22458,BNS,80,1,2
22458,BNS,64,1,3
22459,BNS,191,1,1
22459,BNS,189,1,2
22459,BNS,112,1,3
22460,BNS,318,1,1
22460,BNS,303,1,2
22460,BNS,305,1,3
22461,MV,184,1,1
22463,BNS,103,1,1
22463,BNS,115,1,2
22464,BNS,309,1,1
22464,BNS,310,1,2
22464,BNS,331,1,3
22466,BNS,305,1,1
22466,BNS,331,1,2
22466,BNS,318,1,3
22467,BNS,196,1,1
22468,BNS,305,1,1
22469,BNS,80,1,1
22469,BNS,85,1,2
22470,BNS,316,1,1
22470,BNS,309,1,2
22471,BNS,316,1,1
22471,BNS,310,1,2
22472,BNS,310,1,1
22472,BNS,305,1,2
22472,BNS,309,1,3
22473,IT,66D,1,1
22474,MV,184,1,1
22475,BNS,318,1,1
22476,MV,184,1,1
22477,BNS,74,1,1
22478,IT,66D,1,1
22478,BNS,318,1,2
22479,BNS,305,1,1
22480,MV,185,1,1
22481,BNS,318,1,1
22481,IT,66D,1,2
22481,BNS,338,1,3
22482,BNS,305,1,1
22482,BNS,303,1,2
22482,BNS,310,1,3
22483,BNS,331,1,1
22483,BNS,316,1,2
22484,BNS,331,1,1
22484,BNS,318,1,2
22484,BNS,316,1,3
22485,NDPS,8,1,1
22486,BNS,309,1,1
22486,BNS,318,1,2
22486,BNS,305,1,3
22488,BNS,103,1,1
22488,BNS,115,1,2
22488,BNS,109,1,3
22489,MV,184,1,1
22490,BNS,338,1,1
22490,BNS,318,1,2
22490,IT,66D,1,3
22491,IT,66D,1,1
22491,BNS,318,1,2
22492,BNS,112,1,1
22492,BNS,189,1,2
22493,BNS,318,1,1
22493,IT,66D,1,2
22494,PC,7,1,1
22495,IT,66,1,1
22496,BNS,303,1,1
22497,ARMS,27,1,1
22497,NDPS,20,1,2
22498,BNS,303,1,1
22499,ARMS,25,1,1
22499,NDPS,21,1,2
22500,BNS,305,1,1
22500,BNS,309,1,2
22500,BNS,331,1,3
22501,MV,185,1,1
22502,MV,185,1,1
22502,MV,184,1,2
22503,BNS,109,1,1
22505,BNS,118,1,1
22506,MV,184,1,1
22507,IT,66D,1,1
22508,BNS,331,1,1
22509,BNS,303,1,1
22509,BNS,310,1,2
22510,BNS,109,1,1
22511,MV,185,1,1
22512,ARMS,27,1,1
22512,ARMS,25,1,2
22513,MV,185,1,1
22514,BNS,105,1,1
22514,BNS,103,1,2
22515,IT,66D,1,1
22515,BNS,318,1,2
22515,BNS,338,1,3
22516,BNS,331,1,1
22516,BNS,318,1,2
22517,BNS,196,1,1
22517,BNS,191,1,2
22518,BNS,309,1,1
22518,BNS,318,1,2
22519,BNS,78,1,1
22519,BNS,74,1,2
22519,BNS,80,1,3
22520,NDPS,20,1,1
22520,ARMS,27,1,2
22521,BNS,305,1,1
22521,BNS,309,1,2
22522,BNS,74,1,1
22523,BNS,103,1,1
22523,BNS,105,1,2
22523,BNS,118,1,3
22524,MV,185,1,1
22524,MV,184,1,2
22525,NDPS,8,1,1
22526,MV,185,1,1
22527,BNS,196,1,1
22527,BNS,351,1,2
22528,IT,66D,1,1
22528,BNS,318,1,2
22529,EXCISE,32,1,1
22529,NDPS,20,1,2
22529,ARMS,25,1,3
22530,BNS,310,1,1
22530,BNS,318,1,2
22530,BNS,316,1,3
22531,BNS,85,1,1
22531,BNS,78,1,2
22532,BNS,310,1,1
22532,BNS,318,1,2
22533,MV,185,1,1
22533,MV,184,1,2
22534,BNS,305,1,1
22534,BNS,303,1,2
22535,ARMS,27,1,1
22535,ARMS,25,1,2
22535,NDPS,20,1,3
22536,ARMS,27,1,1
22537,BNS,338,1,1
22537,BNS,318,1,2
22537,IT,66D,1,3
22538,MV,184,1,1
22539,BNS,310,1,1
22539,BNS,309,1,2
22539,BNS,318,1,3
22540,NDPS,20,1,1
22540,ARMS,27,1,2
22540,NDPS,8,1,3
22542,MV,185,1,1
22542,MV,184,1,2
22543,BNS,80,1,1
22543,BNS,78,1,2
22543,BNS,85,1,3
22544,MV,185,1,1
22545,MV,184,1,1
22545,MV,185,1,2
22546,MV,185,1,1
22547,BNS,316,1,1
22547,BNS,303,1,2
22547,BNS,310,1,3
22548,BNS,331,1,1
22548,BNS,318,1,2
22549,BNS,351,1,1
22549,BNS,191,1,2
22550,BNS,338,1,1
22550,IT,66D,1,2
22550,BNS,318,1,3
22551,PC,7,1,1
22553,BNS,64,1,1
22553,BNS,85,1,2
22553,BNS,74,1,3
22554,BNS,118,1,1
22555,BNS,338,1,1
22555,BNS,318,1,2
22556,BNS,303,1,1
22556,BNS,331,1,2
22557,MV,184,1,1
22558,BNS,112,1,1
22559,BNS,118,1,1
22560,BNS,103,1,1
22560,BNS,115,1,2
22561,BNS,338,1,1
22561,BNS,318,1,2
22561,IT,66D,1,3
22563,IT,66D,1,1
22563,BNS,338,1,2
22564,BNS,316,1,1
22565,BNS,303,1,1
22565,BNS,305,1,2
22566,BNS,112,1,1
22566,BNS,189,1,2
22566,BNS,196,1,3
22567,MV,184,1,1
22568,BNS,115,1,1
22569,BNS,316,1,1
22569,BNS,310,1,2
22571,BNS,112,1,1
22571,BNS,191,1,2
22572,BNS,310,1,1
22573,BNS,318,1,1
22573,IT,66D,1,2
22573,BNS,338,1,3
22574,BNS,331,1,1
22575,EXCISE,32,1,1
22575,NDPS,20,1,2
22575,ARMS,27,1,3
22576,BNS,118,1,1
22577,BNS,111,1,1
22577,BNS,191,1,2
22577,BNS,189,1,3
22578,BNS,105,1,1
22579,IT,66D,1,1
22579,BNS,318,1,2
22580,BNS,318,1,1
22581,BNS,331,1,1
22582,BNS,351,1,1
22583,BNS,109,1,1
22583,BNS,118,1,2
22584,PC,7,1,1
22585,IT,66D,1,1
22585,BNS,338,1,2
22586,IT,66D,1,1
22586,BNS,318,1,2
22586,BNS,338,1,3
22587,BNS,338,1,1
22588,IT,66,1,1
22588,IT,66C,1,2
22588,IT,66D,1,3
22590,MV,184,1,1
22590,MV,185,1,2
22591,NDPS,20,1,1
22592,BNS,140,1,1
22593,BNS,318,1,1
22594,BNS,80,1,1
22594,BNS,74,1,2
22594,BNS,140,1,3
22595,BNS,310,1,1
22596,IT,66C,1,1
22596,IT,66,1,2
22597,BNS,80,1,1
22597,BNS,74,1,2
22597,BNS,140,1,3
22598,BNS,74,1,1
22599,BNS,309,1,1
22599,BNS,331,1,2
22600,BNS,189,1,1
22600,BNS,191,1,2
22600,BNS,111,1,3
22601,MV,185,1,1
22602,BNS,338,1,1
22602,IT,66D,1,2
22603,POCSO,8,1,1
22604,BNS,105,1,1
22604,BNS,103,1,2
22605,BNS,318,1,1
22606,BNS,318,1,1
22606,BNS,338,1,2
22607,BNS,115,1,1
22607,BNS,118,1,2
22607,BNS,109,1,3
22608,BNS,64,1,1
22608,BNS,78,1,2
22608,BNS,74,1,3
22609,BNS,118,1,1
22609,BNS,115,1,2
22609,BNS,109,1,3
22610,BNS,303,1,1
22612,BNS,318,1,1
22612,BNS,310,1,2
22612,BNS,316,1,3
22613,IT,66D,1,1
22613,BNS,338,1,2
22614,BNS,78,1,1
22614,BNS,64,1,2
22615,MV,184,1,1
22615,MV,185,1,2
22616,BNS,78,1,1
22616,BNS,80,1,2
22616,BNS,140,1,3
22617,BNS,105,1,1
22617,BNS,118,1,2
22617,BNS,103,1,3
22618,BNS,316,1,1
22618,BNS,318,1,2
22619,BNS,318,1,1
22619,BNS,310,1,2
22619,BNS,303,1,3
22620,BNS,310,1,1
22620,BNS,309,1,2
22620,BNS,305,1,3
22621,BNS,318,1,1
22622,BNS,310,1,1
22622,BNS,316,1,2
22622,BNS,331,1,3
22623,BNS,305,1,1
22623,BNS,318,1,2
22624,BNS,64,1,1
22624,BNS,78,1,2
22624,BNS,80,1,3
22625,BNS,303,1,1
22626,BNS,103,1,1
22626,BNS,118,1,2
22627,IT,66D,1,1
22627,BNS,318,1,2
22627,BNS,338,1,3
22628,BNS,318,1,1
22628,BNS,331,1,2
22629,BNS,305,1,1
22630,NDPS,20,1,1
22631,BNS,338,1,1
22631,BNS,318,1,2
22631,IT,66D,1,3
22632,BNS,109,1,1
22632,BNS,105,1,2
22632,BNS,115,1,3
22633,NDPS,20,1,1
22634,BNS,305,1,1
22635,BNS,316,1,1
22635,BNS,318,1,2
22636,BNS,303,1,1
22636,BNS,305,1,2
22637,BNS,338,1,1
22637,IT,66D,1,2
22639,BNS,318,1,1
22641,BNS,318,1,1
22642,IT,66D,1,1
22642,BNS,318,1,2
22642,BNS,338,1,3
22643,BNS,318,1,1
22643,BNS,305,1,2
22644,BNS,310,1,1
22645,BNS,105,1,1
22645,BNS,109,1,2
22646,BNS,115,1,1
22647,IT,66C,1,1
22647,IT,66,1,2
22648,BNS,111,1,1
22648,BNS,191,1,2
22648,BNS,189,1,3
22649,BNS,316,1,1
22650,BNS,331,1,1
22651,MV,185,1,1
22652,BNS,105,1,1
22653,BNS,331,1,1
22654,PC,7,1,1
22655,BNS,331,1,1
22655,BNS,303,1,2
22656,BNS,331,1,1
22656,BNS,305,1,2
22657,BNS,85,1,1
22657,BNS,64,1,2
22657,BNS,74,1,3
22658,BNS,316,1,1
22658,BNS,305,1,2
22659,BNS,351,1,1
22659,BNS,111,1,2
22659,BNS,196,1,3
22660,BNS,105,1,1
22661,MV,185,1,1
22662,IT,66D,1,1
22662,BNS,338,1,2
22662,BNS,318,1,3
22663,BNS,140,1,1
22664,IT,66D,1,1
22665,BNS,140,1,1
22666,BNS,316,1,1
22666,BNS,309,1,2
22667,BNS,305,1,1
22668,BNS,338,1,1
22668,IT,66D,1,2
22668,BNS,318,1,3
22669,MV,185,1,1
22670,BNS,140,1,1
22670,BNS,64,1,2
22671,BNS,78,1,1
22671,BNS,64,1,2
22672,BNS,112,1,1
22672,BNS,189,1,2
22672,BNS,111,1,3
22673,BNS,318,1,1
22673,BNS,309,1,2
22673,BNS,316,1,3
22674,BNS,310,1,1
22675,BNS,189,1,1
22675,BNS,191,1,2
22676,POCSO,4,1,1
22676,POCSO,8,1,2
22677,BNS,191,1,1
22677,BNS,111,1,2
22679,IT,66D,1,1
22679,IT,66C,1,2
22681,BNS,316,1,1
22682,BNS,78,1,1
22682,BNS,64,1,2
22683,BNS,118,1,1
22683,BNS,103,1,2
22684,BNS,80,1,1
22685,BNS,303,1,1
22685,BNS,305,1,2
22685,BNS,316,1,3
22686,BNS,338,1,1
22686,IT,66D,1,2
22686,BNS,318,1,3
22687,IT,66D,1,1
22687,BNS,318,1,2
22687,BNS,338,1,3
22688,BNS,338,1,1
22688,BNS,318,1,2
22689,BNS,109,1,1
22690,BNS,318,1,1
22690,BNS,338,1,2
22690,IT,66D,1,3
22691,BNS,103,1,1
22691,BNS,109,1,2
22692,BNS,318,1,1
22692,BNS,305,1,2
22692,BNS,310,1,3
22693,BNS,103,1,1
22694,BNS,318,1,1
22695,BNS,105,1,1
22695,BNS,115,1,2
22696,BNS,351,1,1
22696,BNS,189,1,2
22696,BNS,112,1,3
22697,MV,184,1,1
22699,MV,184,1,1
22700,BNS,109,1,1
22700,BNS,103,1,2
22700,BNS,118,1,3
22701,BNS,309,1,1
22701,BNS,303,1,2
22703,BNS,316,1,1
22703,BNS,331,1,2
22704,BNS,309,1,1
22705,BNS,351,1,1
22705,BNS,191,1,2
22705,BNS,189,1,3
22706,BNS,331,1,1
22707,BNS,105,1,1
22707,BNS,109,1,2
22707,BNS,118,1,3
22708,IT,66D,1,1
22708,IT,66,1,2
22709,BNS,140,1,1
22709,BNS,85,1,2
22711,BNS,191,1,1
22712,BNS,351,1,1
22713,MV,184,1,1
22714,BNS,305,1,1
22714,BNS,331,1,2
22714,BNS,318,1,3
22716,IT,66D,1,1
22717,BNS,318,1,1
22718,BNS,85,1,1
22719,BNS,310,1,1
22720,BNS,80,1,1
22721,BNS,109,1,1
22721,BNS,115,1,2
22721,BNS,118,1,3
22722,BNS,331,1,1
22722,BNS,316,1,2
22723,POCSO,8,1,1
22723,BNS,140,1,2
22723,POCSO,4,1,3
22724,MV,185,1,1
22725,BNS,331,1,1
22726,IT,66D,1,1
22727,BNS,109,1,1
22728,BNS,338,1,1
22728,IT,66D,1,2
22728,BNS,318,1,3
22729,BNS,310,1,1
22729,BNS,309,1,2
22729,BNS,331,1,3
22731,IT,66D,1,1
22731,IT,66C,1,2
22731,IT,66,1,3
22732,BNS,64,1,1
22732,BNS,74,1,2
22733,BNS,316,1,1
22733,BNS,331,1,2
22734,EXCISE,32,1,1
22734,NDPS,8,1,2
22734,ARMS,25,1,3
22736,MV,185,1,1
22737,BNS,85,1,1
22737,BNS,78,1,2
22739,BNS,115,1,1
22739,BNS,118,1,2
22739,BNS,103,1,3
22740,BNS,331,1,1
22741,BNS,105,1,1
22741,BNS,115,1,2
22742,BNS,331,1,1
22743,BNS,309,1,1
22744,BNS,331,1,1
22744,BNS,309,1,2
22745,BNS,310,1,1
22746,BNS,105,1,1
22746,BNS,115,1,2
22746,BNS,118,1,3
22747,BNS,109,1,1
22747,BNS,105,1,2
22748,BNS,318,1,1
22748,IT,66D,1,2
22748,BNS,338,1,3
22749,BNS,103,1,1
22751,BNS,305,1,1
22751,BNS,331,1,2
22752,BNS,303,1,1
22752,BNS,310,1,2
22752,BNS,331,1,3
22753,ARMS,27,1,1
22753,NDPS,20,1,2
22753,ARMS,25,1,3
22756,BNS,105,1,1
22756,BNS,103,1,2
22757,MV,185,1,1
22758,NDPS,8,1,1
22758,EXCISE,32,1,2
22759,BNS,85,1,1
22760,BNS,318,1,1
22761,BNS,303,1,1
22762,MV,185,1,1
22763,BNS,310,1,1
22764,BNS,303,1,1
22764,BNS,309,1,2
22765,BNS,303,1,1
22765,BNS,310,1,2
22765,BNS,305,1,3
22766,EXCISE,32,1,1
22766,NDPS,8,1,2
22767,BNS,338,1,1
22767,IT,66D,1,2
22767,BNS,318,1,3
22768,BNS,118,1,1
22768,BNS,109,1,2
22768,BNS,115,1,3
22769,BNS,338,1,1
22769,IT,66D,1,2
22770,IT,66D,1,1
22771,BNS,74,1,1
22772,BNS,305,1,1
22772,BNS,303,1,2
22772,BNS,309,1,3
22773,BNS,309,1,1
22773,BNS,305,1,2
22774,BNS,338,1,1
22775,EXCISE,32,1,1
22775,ARMS,25,1,2
22775,ARMS,27,1,3
22776,BNS,105,1,1
22777,BNS,105,1,1
22777,BNS,103,1,2
22777,BNS,109,1,3
22778,BNS,331,1,1
22778,BNS,305,1,2
22778,BNS,309,1,3
22779,BNS,310,1,1
22779,BNS,316,1,2
22779,BNS,305,1,3
22780,BNS,351,1,1
22780,BNS,196,1,2
22780,BNS,112,1,3
22781,BNS,303,1,1
22782,NDPS,20,1,1
22782,ARMS,27,1,2
22782,ARMS,25,1,3
22783,MV,185,1,1
22783,MV,184,1,2
22784,MV,184,1,1
22784,MV,185,1,2
22785,POCSO,8,1,1
22785,POCSO,4,1,2
22786,BNS,109,1,1
22787,IT,66D,1,1
22788,ARMS,27,1,1
22789,MV,185,1,1
22789,MV,184,1,2
22790,BNS,64,1,1
22790,BNS,78,1,2
22791,BNS,310,1,1
22791,BNS,316,1,2
22792,BNS,80,1,1
22792,BNS,64,1,2
22793,BNS,318,1,1
22793,BNS,338,1,2
22794,IT,66D,1,1
22794,IT,66,1,2
22794,IT,66C,1,3
22795,IT,66C,1,1
22795,IT,66D,1,2
22796,BNS,310,1,1
22796,BNS,305,1,2
22796,BNS,316,1,3
22797,BNS,305,1,1
22797,BNS,318,1,2
22798,ARMS,27,1,1
22798,NDPS,20,1,2
22798,ARMS,25,1,3
22799,IT,66D,1,1
22800,BNS,189,1,1
22801,BNS,318,1,1
22802,MV,184,1,1
22802,MV,185,1,2
22803,BNS,111,1,1
22803,BNS,351,1,2
22803,BNS,196,1,3
22804,EXCISE,32,1,1
22804,NDPS,8,1,2
22805,NDPS,20,1,1
22806,MV,184,1,1
22807,BNS,338,1,1
22807,IT,66D,1,2
22808,BNS,310,1,1
22808,BNS,318,1,2
22808,BNS,331,1,3
22809,BNS,318,1,1
22810,BNS,309,1,1
22810,BNS,331,1,2
22811,BNS,105,1,1
22812,BNS,310,1,1
22814,BNS,196,1,1
22815,BNS,64,1,1
22816,BNS,191,1,1
22816,BNS,189,1,2
22816,BNS,351,1,3
22818,BNS,115,1,1
22818,BNS,103,1,2
22818,BNS,109,1,3
22819,BNS,305,1,1
22819,BNS,331,1,2
22819,BNS,309,1,3
22820,BNS,115,1,1
22821,PC,7,1,1
22822,PC,7,1,1
22823,MV,184,1,1
22825,BNS,111,1,1
22825,BNS,191,1,2
22825,BNS,112,1,3
22826,MV,184,1,1
22827,BNS,112,1,1
22827,BNS,189,1,2
22827,BNS,191,1,3
22828,BNS,316,1,1
22828,BNS,309,1,2
22828,BNS,310,1,3
22829,BNS,303,1,1
22830,BNS,305,1,1
22830,BNS,303,1,2
22831,EXCISE,32,1,1
22832,MV,184,1,1
22832,MV,185,1,2
22833,BNS,105,1,1
22834,MV,185,1,1
22834,MV,184,1,2
22835,BNS,351,1,1
22835,BNS,196,1,2
22835,BNS,189,1,3
22836,IT,66D,1,1
22836,BNS,318,1,2
22837,ARMS,25,1,1
22838,BNS,310,1,1
22838,BNS,331,1,2
22839,BNS,318,1,1
22840,MV,184,1,1
22840,MV,185,1,2
22841,MV,185,1,1
22841,MV,184,1,2
22843,IT,66D,1,1
22843,BNS,318,1,2
22843,BNS,338,1,3
22844,BNS,309,1,1
22844,BNS,305,1,2
22845,BNS,318,1,1
22846,BNS,316,1,1
22847,BNS,111,1,1
22848,ARMS,27,1,1
22849,BNS,331,1,1
22850,BNS,318,1,1
22850,BNS,338,1,2
22851,IT,66,1,1
22851,IT,66D,1,2
22852,BNS,310,1,1
22853,BNS,318,1,1
22853,BNS,338,1,2
22855,MV,184,1,1
22856,BNS,196,1,1
22856,BNS,111,1,2
22856,BNS,189,1,3
22857,BNS,318,1,1
22857,BNS,338,1,2
22858,MV,185,1,1
22859,BNS,196,1,1
22859,BNS,351,1,2
22859,BNS,112,1,3
22860,BNS,331,1,1
22861,NDPS,21,1,1
22862,BNS,318,1,1
22862,BNS,331,1,2
22863,BNS,316,1,1
22864,BNS,78,1,1
22865,BNS,310,1,1
22865,BNS,303,1,2
22866,BNS,318,1,1
22866,BNS,338,1,2
22867,MV,185,1,1
22867,MV,184,1,2
22868,BNS,309,1,1
22869,NDPS,8,1,1
22870,MV,184,1,1
22870,MV,185,1,2
22871,IT,66D,1,1
22871,BNS,338,1,2
22871,BNS,318,1,3
22872,IT,66,1,1
22873,BNS,338,1,1
22874,BNS,318,1,1
22874,IT,66D,1,2
22875,BNS,118,1,1
22875,BNS,105,1,2
22876,EXCISE,32,1,1
22876,NDPS,21,1,2
22876,NDPS,8,1,3
22877,BNS,316,1,1
22877,BNS,318,1,2
22878,BNS,303,1,1
22879,ARMS,25,1,1
22880,BNS,109,1,1
22880,BNS,103,1,2
22880,BNS,115,1,3
22881,BNS,109,1,1
22881,BNS,105,1,2
22882,BNS,78,1,1
22883,BNS,78,1,1
22883,BNS,85,1,2
22883,BNS,74,1,3
22884,BNS,103,1,1
22884,BNS,118,1,2
22885,BNS,109,1,1
22885,BNS,115,1,2
22886,EXCISE,32,1,1
22886,NDPS,21,1,2
22886,ARMS,27,1,3
22887,BNS,316,1,1
22887,BNS,318,1,2
22888,MV,184,1,1
22888,MV,185,1,2
22889,BNS,118,1,1
22890,MV,184,1,1
22891,BNS,309,1,1
22891,BNS,318,1,2
22891,BNS,310,1,3
22892,BNS,310,1,1
22893,BNS,338,1,1
22893,BNS,318,1,2
22894,BNS,305,1,1
22894,BNS,318,1,2
22895,BNS,310,1,1
22895,BNS,303,1,2
22895,BNS,316,1,3
22896,BNS,316,1,1
22896,BNS,305,1,2
22896,BNS,309,1,3
22897,BNS,103,1,1
22898,MV,185,1,1
22899,BNS,64,1,1
22899,BNS,74,1,2
22899,BNS,140,1,3
22900,BNS,103,1,1
22900,BNS,109,1,2
22900,BNS,118,1,3
22901,BNS,64,1,1
22901,BNS,74,1,2
22901,BNS,78,1,3
22902,BNS,316,1,1
22902,BNS,305,1,2
22903,BNS,318,1,1
22903,BNS,338,1,2
22903,IT,66D,1,3
22904,BNS,103,1,1
22905,BNS,112,1,1
22906,BNS,85,1,1
22906,BNS,80,1,2
22906,BNS,64,1,3
22907,MV,184,1,1
22907,MV,185,1,2
22908,BNS,115,1,1
22909,BNS,303,1,1
22909,BNS,316,1,2
22910,BNS,351,1,1
22911,BNS,303,1,1
22911,BNS,305,1,2
22912,BNS,109,1,1
22912,BNS,105,1,2
22912,BNS,103,1,3
22913,BNS,318,1,1
22913,IT,66D,1,2
22914,IT,66C,1,1
22914,IT,66D,1,2
22914,IT,66,1,3
22916,BNS,318,1,1
22917,BNS,310,1,1
22918,BNS,310,1,1
22918,BNS,318,1,2
22918,BNS,331,1,3
22919,BNS,318,1,1
22919,BNS,316,1,2
22920,MV,185,1,1
22920,MV,184,1,2
22921,BNS,310,1,1
22922,BNS,309,1,1
22922,BNS,305,1,2
22922,BNS,331,1,3
22923,BNS,309,1,1
22923,BNS,316,1,2
22924,BNS,318,1,1
22924,BNS,303,1,2
22924,BNS,331,1,3
22925,NDPS,21,1,1
22926,BNS,338,1,1
22927,BNS,305,1,1
22927,BNS,309,1,2
22927,BNS,303,1,3
22928,BNS,140,1,1
22929,BNS,310,1,1
22930,BNS,318,1,1
22930,BNS,338,1,2
22930,IT,66D,1,3
22931,BNS,310,1,1
22931,BNS,316,1,2
22931,BNS,318,1,3
22932,BNS,318,1,1
22933,BNS,316,1,1
22933,BNS,331,1,2
22933,BNS,303,1,3
22934,MV,185,1,1
22934,MV,184,1,2
22935,BNS,74,1,1
22935,BNS,80,1,2
22935,BNS,85,1,3
22936,BNS,318,1,1
22937,BNS,331,1,1
22937,BNS,303,1,2
22937,BNS,316,1,3
22938,BNS,318,1,1
22938,BNS,310,1,2
22939,BNS,316,1,1
22939,BNS,331,1,2
22940,BNS,318,1,1
22940,IT,66D,1,2
22941,BNS,338,1,1
22941,IT,66D,1,2
22942,BNS,189,1,1
22942,BNS,111,1,2
22942,BNS,112,1,3
22943,IT,66D,1,1
22943,BNS,318,1,2
22944,EXCISE,32,1,1
22945,BNS,305,1,1
22946,BNS,310,1,1
22946,BNS,303,1,2
22947,BNS,115,1,1
22947,BNS,103,1,2
22947,BNS,105,1,3
22948,BNS,140,1,1
22949,BNS,303,1,1
22950,BNS,305,1,1
22950,BNS,331,1,2
22950,BNS,310,1,3
22951,BNS,140,1,1
22951,BNS,78,1,2
22952,BNS,74,1,1
22952,BNS,140,1,2
22952,BNS,85,1,3
22953,BNS,112,1,1
22953,BNS,189,1,2
22953,BNS,196,1,3
22954,BNS,309,1,1
22955,BNS,305,1,1
22955,BNS,316,1,2
22955,BNS,331,1,3
22956,POCSO,8,1,1
22956,POCSO,4,1,2
22956,BNS,140,1,3
22957,BNS,338,1,1
22958,BNS,305,1,1
22958,BNS,303,1,2
22958,BNS,318,1,3
22959,BNS,331,1,1
22960,BNS,338,1,1
22960,IT,66D,1,2
22961,BNS,305,1,1
22961,BNS,318,1,2
22964,BNS,103,1,1
22964,BNS,105,1,2
22964,BNS,118,1,3
22965,MV,185,1,1
22965,MV,184,1,2
22966,BNS,309,1,1
22966,BNS,331,1,2
22966,BNS,310,1,3
22967,BNS,103,1,1
22968,MV,185,1,1
22968,MV,184,1,2
22969,MV,185,1,1
22969,MV,184,1,2
22970,EXCISE,32,1,1
22970,ARMS,25,1,2
22971,BNS,64,1,1
22971,BNS,78,1,2
22972,BNS,80,1,1
22972,BNS,74,1,2
22972,BNS,140,1,3
22973,BNS,318,1,1
22975,BNS,303,1,1
22976,BNS,85,1,1
22976,BNS,80,1,2
22976,BNS,78,1,3
22977,BNS,316,1,1
22977,BNS,331,1,2
22977,BNS,309,1,3
22978,BNS,64,1,1
22978,BNS,85,1,2
22978,BNS,140,1,3
22979,MV,185,1,1
22979,MV,184,1,2
22980,MV,185,1,1
22980,MV,184,1,2
22981,BNS,305,1,1
22982,BNS,118,1,1
22982,BNS,103,1,2
22982,BNS,115,1,3
22983,IT,66D,1,1
22984,POCSO,4,1,1
22985,IT,66C,1,1
22985,IT,66D,1,2
22986,BNS,189,1,1
22986,BNS,196,1,2
22986,BNS,111,1,3
22987,BNS,105,1,1
22988,BNS,109,1,1
22989,IT,66,1,1
22989,IT,66C,1,2
22989,IT,66D,1,3
22990,BNS,316,1,1
22990,BNS,309,1,2
22990,BNS,331,1,3
22991,BNS,331,1,1
22993,BNS,109,1,1
22994,BNS,140,1,1
22995,BNS,191,1,1
22995,BNS,111,1,2
22995,BNS,189,1,3
22996,BNS,103,1,1
22997,BNS,318,1,1
22997,BNS,338,1,2
22998,BNS,303,1,1
22998,BNS,310,1,2
22999,POCSO,8,1,1
23000,BNS,109,1,1
23000,BNS,118,1,2
23001,MV,185,1,1
23001,MV,184,1,2
23002,BNS,338,1,1
23003,BNS,112,1,1
23003,BNS,351,1,2
23003,BNS,191,1,3
23004,BNS,118,1,1
23005,BNS,318,1,1
23005,BNS,331,1,2
23006,BNS,309,1,1
23007,BNS,85,1,1
23008,BNS,303,1,1
23009,IT,66,1,1
23009,IT,66C,1,2
23010,BNS,109,1,1
23010,BNS,103,1,2
23011,BNS,78,1,1
23011,BNS,64,1,2
23011,BNS,80,1,3
23013,BNS,85,1,1
23013,BNS,64,1,2
23014,IT,66D,1,1
23014,BNS,338,1,2
23014,BNS,318,1,3
23015,MV,184,1,1
23015,MV,185,1,2
23016,BNS,318,1,1
23016,IT,66D,1,2
23017,BNS,338,1,1
23017,IT,66D,1,2
23017,BNS,318,1,3
23018,MV,185,1,1
23019,BNS,318,1,1
23019,IT,66D,1,2
23020,BNS,338,1,1
23020,IT,66D,1,2
23021,BNS,310,1,1
23021,BNS,318,1,2
23022,NDPS,21,1,1
23023,BNS,303,1,1
23023,BNS,331,1,2
23024,MV,185,1,1
23024,MV,184,1,2
23025,BNS,310,1,1
23025,BNS,316,1,2
23026,MV,184,1,1
23026,MV,185,1,2
23027,BNS,105,1,1
23027,BNS,118,1,2
23028,NDPS,20,1,1
23029,BNS,309,1,1
23030,BNS,140,1,1
23031,EXCISE,32,1,1
23031,ARMS,27,1,2
23032,BNS,303,1,1
23032,BNS,305,1,2
23032,BNS,309,1,3
23033,BNS,85,1,1
23033,BNS,64,1,2
23034,BNS,318,1,1
23034,IT,66D,1,2
23034,BNS,338,1,3
23035,NDPS,21,1,1
23035,EXCISE,32,1,2
23035,ARMS,25,1,3
23036,BNS,303,1,1
23037,IT,66D,1,1
23037,BNS,338,1,2
23037,BNS,318,1,3
23038,BNS,318,1,1
23038,BNS,331,1,2
23039,BNS,112,1,1
23039,BNS,189,1,2
23040,BNS,85,1,1
23041,BNS,140,1,1
23041,BNS,64,1,2
23042,MV,184,1,1
23043,BNS,189,1,1
23043,BNS,112,1,2
23043,BNS,196,1,3
23044,IT,66D,1,1
23045,BNS,318,1,1
23046,BNS,338,1,1
23047,MV,184,1,1
23048,BNS,318,1,1
23049,BNS,331,1,1
23050,BNS,74,1,1
23051,BNS,115,1,1
23051,BNS,109,1,2
23051,BNS,103,1,3
23052,BNS,309,1,1
23052,BNS,318,1,2
23053,BNS,78,1,1
23053,BNS,64,1,2
23054,BNS,303,1,1
23054,BNS,305,1,2
23054,BNS,316,1,3
23055,BNS,303,1,1
23055,BNS,318,1,2
23055,BNS,316,1,3
23056,BNS,338,1,1
23057,BNS,78,1,1
23058,BNS,310,1,1
23059,BNS,118,1,1
23060,MV,184,1,1
23060,MV,185,1,2
23061,BNS,80,1,1
23061,BNS,78,1,2
23061,BNS,140,1,3
23062,BNS,118,1,1
23062,BNS,109,1,2
23062,BNS,103,1,3
23063,BNS,196,1,1
23064,BNS,318,1,1
23065,BNS,303,1,1
23065,BNS,309,1,2
23065,BNS,305,1,3
23066,BNS,115,1,1
23067,BNS,118,1,1
23067,BNS,115,1,2
23068,BNS,309,1,1
23069,BNS,109,1,1
23070,ARMS,25,1,1
23071,IT,66D,1,1
23072,BNS,105,1,1
23072,BNS,109,1,2
23073,BNS,305,1,1
23073,BNS,316,1,2
23074,BNS,318,1,1
23074,BNS,303,1,2
23074,BNS,305,1,3
23075,BNS,338,1,1
23076,BNS,331,1,1
23076,BNS,309,1,2
23077,BNS,112,1,1
23079,MV,184,1,1
23079,MV,185,1,2
23080,BNS,111,1,1
23081,IT,66D,1,1
23081,BNS,318,1,2
23082,BNS,112,1,1
23083,BNS,115,1,1
23083,BNS,105,1,2
23083,BNS,118,1,3
23084,BNS,318,1,1
23084,IT,66D,1,2
23084,BNS,338,1,3
23085,BNS,309,1,1
23085,BNS,305,1,2
23085,BNS,303,1,3
23086,NDPS,8,1,1
23086,ARMS,25,1,2
23087,BNS,309,1,1
23087,BNS,303,1,2
23087,BNS,316,1,3
23088,BNS,305,1,1
23089,BNS,331,1,1
23090,NDPS,21,1,1
23091,BNS,318,1,1
23091,BNS,309,1,2
23092,BNS,331,1,1
23093,IT,66D,1,1
23093,BNS,318,1,2
23093,BNS,338,1,3
23094,IT,66C,1,1
23094,IT,66D,1,2
23095,BNS,316,1,1
23095,BNS,305,1,2
23096,BNS,331,1,1
23097,BNS,318,1,1
23097,IT,66D,1,2
23097,BNS,338,1,3
23098,BNS,303,1,1
23099,BNS,318,1,1
23099,IT,66D,1,2
23099,BNS,338,1,3
23100,BNS,303,1,1
23100,BNS,309,1,2
23102,BNS,196,1,1
23102,BNS,112,1,2
23103,BNS,309,1,1
23104,BNS,303,1,1
23105,BNS,103,1,1
23105,BNS,115,1,2
23106,MV,185,1,1
23106,MV,184,1,2
23107,MV,185,1,1
23107,MV,184,1,2
23108,BNS,189,1,1
23109,BNS,305,1,1
23109,BNS,309,1,2
23110,IT,66C,1,1
23111,BNS,316,1,1
23111,BNS,310,1,2
23112,MV,184,1,1
23113,MV,185,1,1
23114,BNS,331,1,1
23114,BNS,316,1,2
23115,BNS,351,1,1
23116,IT,66D,1,1
23116,BNS,318,1,2
23116,BNS,338,1,3
23117,BNS,310,1,1
23117,BNS,309,1,2
23118,BNS,331,1,1
23119,BNS,318,1,1
23119,IT,66D,1,2
23119,BNS,338,1,3
23120,BNS,191,1,1
23121,BNS,112,1,1
23121,BNS,111,1,2
23122,NDPS,8,1,1
23122,NDPS,21,1,2
23123,BNS,74,1,1
23123,BNS,64,1,2
23123,BNS,140,1,3
23124,BNS,191,1,1
23124,BNS,196,1,2
23124,BNS,112,1,3
23125,IT,66,1,1
23125,IT,66C,1,2
23126,IT,66D,1,1
23127,BNS,331,1,1
23128,BNS,109,1,1
23129,ARMS,27,1,1
23130,NDPS,21,1,1
23130,ARMS,25,1,2
23130,ARMS,27,1,3
23131,BNS,316,1,1
23131,BNS,331,1,2
23132,BNS,305,1,1
23132,BNS,318,1,2
23134,MV,185,1,1
23135,BNS,331,1,1
23136,BNS,318,1,1
23137,MV,184,1,1
23138,IT,66D,1,1
23138,IT,66C,1,2
23139,BNS,309,1,1
23139,BNS,303,1,2
23140,MV,184,1,1
23140,MV,185,1,2
23141,BNS,310,1,1
23143,BNS,74,1,1
23144,BNS,305,1,1
23145,BNS,303,1,1
23145,BNS,309,1,2
23146,BNS,318,1,1
23146,BNS,310,1,2
23147,BNS,303,1,1
23148,MV,184,1,1
23148,MV,185,1,2
23149,BNS,318,1,1
23149,BNS,338,1,2
23149,IT,66D,1,3
23150,BNS,318,1,1
23151,BNS,305,1,1
23151,BNS,331,1,2
23152,BNS,310,1,1
23152,BNS,309,1,2
23153,BNS,64,1,1
23153,BNS,80,1,2
23153,BNS,78,1,3
23154,IT,66D,1,1
23155,BNS,338,1,1
23156,MV,184,1,1
23156,MV,185,1,2
23157,IT,66D,1,1
23157,IT,66,1,2
23158,MV,185,1,1
23159,BNS,318,1,1
23160,BNS,105,1,1
23160,BNS,109,1,2
23160,BNS,115,1,3
23161,BNS,303,1,1
23161,BNS,316,1,2
23161,BNS,310,1,3
23162,BNS,305,1,1
23162,BNS,309,1,2
23163,MV,184,1,1
23163,MV,185,1,2
23164,MV,185,1,1
23165,MV,184,1,1
23166,IT,66D,1,1
23166,IT,66,1,2
23168,BNS,109,1,1
23168,BNS,103,1,2
23169,BNS,318,1,1
23169,BNS,303,1,2
23169,BNS,316,1,3
23170,BNS,303,1,1
23170,BNS,318,1,2
23170,BNS,305,1,3
23171,BNS,331,1,1
23172,BNS,318,1,1
23172,BNS,310,1,2
23172,BNS,303,1,3
23173,BNS,303,1,1
23173,BNS,309,1,2
23173,BNS,331,1,3
23174,BNS,111,1,1
23175,MV,185,1,1
23176,BNS,303,1,1
23176,BNS,331,1,2
23176,BNS,310,1,3
23177,BNS,303,1,1
23177,BNS,310,1,2
23178,BNS,318,1,1
23178,BNS,316,1,2
23179,MV,184,1,1
23179,MV,185,1,2
23180,BNS,103,1,1
23180,BNS,109,1,2
23180,BNS,115,1,3
23181,BNS,331,1,1
23181,BNS,310,1,2
23182,BNS,338,1,1
23182,BNS,318,1,2
23183,BNS,338,1,1
23183,IT,66D,1,2
23184,BNS,316,1,1
23184,BNS,310,1,2
23185,BNS,196,1,1
23185,BNS,351,1,2
23185,BNS,189,1,3
23186,BNS,189,1,1
23186,BNS,351,1,2
23187,BNS,103,1,1
23188,BNS,310,1,1
23188,BNS,331,1,2
23189,MV,184,1,1
23190,IT,66D,1,1
23190,BNS,318,1,2
23191,BNS,351,1,1
23191,BNS,196,1,2
23192,BNS,309,1,1
23192,BNS,303,1,2
23193,BNS,310,1,1
23194,BNS,78,1,1
23195,BNS,85,1,1
23195,BNS,140,1,2
23196,BNS,140,1,1
23196,BNS,80,1,2
23196,BNS,64,1,3
23197,MV,185,1,1
23197,MV,184,1,2
23198,NDPS,20,1,1
23198,ARMS,27,1,2
23199,IT,66D,1,1
23199,IT,66,1,2
23200,ARMS,25,1,1
23200,NDPS,21,1,2
23200,NDPS,8,1,3
23201,BNS,338,1,1
23202,BNS,309,1,1
23202,BNS,303,1,2
23202,BNS,318,1,3
23203,IT,66D,1,1
23204,BNS,316,1,1
23204,BNS,303,1,2
23205,BNS,103,1,1
23206,BNS,115,1,1
23207,BNS,305,1,1
23207,BNS,303,1,2
23208,BNS,316,1,1
23208,BNS,303,1,2
23208,BNS,331,1,3
23209,BNS,318,1,1
23209,BNS,305,1,2
23209,BNS,309,1,3
23210,BNS,318,1,1
23210,IT,66D,1,2
23211,IT,66D,1,1
23211,BNS,318,1,2
23211,BNS,338,1,3
23212,MV,184,1,1
23213,BNS,305,1,1
23213,BNS,303,1,2
23213,BNS,318,1,3
23214,BNS,105,1,1
23215,MV,185,1,1
23216,BNS,316,1,1
23216,BNS,303,1,2
23216,BNS,309,1,3
23217,BNS,338,1,1
23217,BNS,318,1,2
23217,IT,66D,1,3
23218,BNS,316,1,1
23218,BNS,305,1,2
23219,BNS,189,1,1
23220,BNS,85,1,1
23220,BNS,64,1,2
23220,BNS,80,1,3
23221,BNS,105,1,1
23223,BNS,318,1,1
23223,BNS,303,1,2
23223,BNS,309,1,3
23224,BNS,309,1,1
23224,BNS,305,1,2
23224,BNS,303,1,3
23225,BNS,109,1,1
23225,BNS,115,1,2
23226,BNS,105,1,1
23227,IT,66D,1,1
23227,BNS,318,1,2
23227,BNS,338,1,3
23228,PC,7,1,1
23229,BNS,316,1,1
23230,BNS,115,1,1
23231,MV,184,1,1
23231,MV,185,1,2
23232,BNS,80,1,1
23232,BNS,85,1,2
23233,BNS,318,1,1
23233,BNS,338,1,2
23233,IT,66D,1,3
23234,BNS,310,1,1
23234,BNS,318,1,2
23234,BNS,309,1,3
23235,BNS,316,1,1
23236,MV,185,1,1
23238,BNS,331,1,1
23238,BNS,318,1,2
23239,BNS,111,1,1
23239,BNS,112,1,2
23240,BNS,85,1,1
23240,BNS,74,1,2
23241,NDPS,8,1,1
23242,BNS,191,1,1
23242,BNS,112,1,2
23243,ARMS,27,1,1
23244,BNS,109,1,1
23244,BNS,105,1,2
23244,BNS,118,1,3
23245,BNS,105,1,1
23246,BNS,78,1,1
23246,BNS,140,1,2
23247,MV,184,1,1
23247,MV,185,1,2
23248,BNS,109,1,1
23248,BNS,103,1,2
23249,BNS,112,1,1
23250,BNS,74,1,1
23250,BNS,80,1,2
23250,BNS,64,1,3
23251,IT,66D,1,1
23251,BNS,338,1,2
23251,BNS,318,1,3
23252,BNS,309,1,1
23253,BNS,103,1,1
23253,BNS,109,1,2
23254,MV,185,1,1
23254,MV,184,1,2
23255,BNS,305,1,1
23256,BNS,338,1,1
23256,BNS,318,1,2
23257,MV,184,1,1
23257,MV,185,1,2
23258,BNS,305,1,1
23258,BNS,303,1,2
23258,BNS,309,1,3
23259,MV,185,1,1
23260,BNS,105,1,1
23260,BNS,115,1,2
23261,BNS,309,1,1
23262,IT,66D,1,1
23263,NDPS,8,1,1
23263,EXCISE,32,1,2
23263,ARMS,27,1,3
23264,BNS,318,1,1
23264,IT,66D,1,2
23264,BNS,338,1,3
23265,MV,184,1,1
23266,IT,66D,1,1
23266,BNS,318,1,2
23266,BNS,338,1,3
23267,BNS,331,1,1
23267,BNS,310,1,2
23268,MV,185,1,1
23268,MV,184,1,2
23269,BNS,80,1,1
23269,BNS,64,1,2
23269,BNS,78,1,3
23270,BNS,305,1,1
23271,BNS,316,1,1
23271,BNS,303,1,2
23272,MV,184,1,1
23272,MV,185,1,2
23273,IT,66D,1,1
23273,IT,66C,1,2
23273,IT,66,1,3
23274,IT,66D,1,1
23274,IT,66C,1,2
23274,IT,66,1,3
23275,BNS,331,1,1
23275,BNS,303,1,2
23276,MV,185,1,1
23276,MV,184,1,2
23277,NDPS,20,1,1
23278,BNS,191,1,1
23278,BNS,111,1,2
23278,BNS,196,1,3
23279,BNS,316,1,1
23279,BNS,305,1,2
23280,BNS,109,1,1
23281,BNS,316,1,1
23282,BNS,316,1,1
23282,BNS,310,1,2
23284,MV,184,1,1
23285,MV,185,1,1
23286,IT,66,1,1
23287,MV,185,1,1
23287,MV,184,1,2
23288,IT,66,1,1
23289,MV,184,1,1
23289,MV,185,1,2
23290,BNS,112,1,1
23290,BNS,191,1,2
23291,BNS,310,1,1
23291,BNS,303,1,2
23291,BNS,331,1,3
23292,BNS,318,1,1
23292,BNS,338,1,2
23293,BNS,103,1,1
23293,BNS,105,1,2
23295,BNS,303,1,1
23295,BNS,309,1,2
23297,NDPS,21,1,1
23297,NDPS,20,1,2
23297,EXCISE,32,1,3
23298,BNS,310,1,1
23299,MV,184,1,1
23300,BNS,331,1,1
23301,BNS,331,1,1
23301,BNS,318,1,2
23302,BNS,338,1,1
23302,IT,66D,1,2
23302,BNS,318,1,3
23303,BNS,189,1,1
23303,BNS,112,1,2
23304,BNS,331,1,1
23304,BNS,303,1,2
23305,BNS,140,1,1
23306,BNS,318,1,1
23307,MV,184,1,1
23307,MV,185,1,2
23308,BNS,105,1,1
23309,BNS,318,1,1
23309,BNS,310,1,2
23309,BNS,316,1,3
23310,BNS,305,1,1
23310,BNS,303,1,2
23310,BNS,310,1,3
23311,BNS,118,1,1
23312,BNS,112,1,1
23312,BNS,196,1,2
23312,BNS,351,1,3
23313,BNS,310,1,1
23314,NDPS,20,1,1
23314,EXCISE,32,1,2
23314,NDPS,8,1,3
23315,POCSO,8,1,1
23315,POCSO,4,1,2
23315,BNS,140,1,3
23316,BNS,338,1,1
23317,BNS,305,1,1
23318,BNS,140,1,1
23319,BNS,140,1,1
23319,BNS,64,1,2
23320,BNS,309,1,1
23320,BNS,303,1,2
23321,BNS,310,1,1
23321,BNS,316,1,2
23322,BNS,303,1,1
23322,BNS,310,1,2
23323,NDPS,21,1,1
23324,BNS,105,1,1
23324,BNS,118,1,2
23325,BNS,331,1,1
23325,BNS,316,1,2
23326,BNS,305,1,1
23326,BNS,303,1,2
23326,BNS,318,1,3
23327,BNS,338,1,1
23328,BNS,118,1,1
23328,BNS,105,1,2
23329,MV,184,1,1
23329,MV,185,1,2
23330,BNS,305,1,1
23330,BNS,309,1,2
23331,IT,66D,1,1
23331,BNS,318,1,2
23332,BNS,331,1,1
23333,BNS,80,1,1
23333,BNS,140,1,2
23334,BNS,331,1,1
23334,BNS,303,1,2
23334,BNS,310,1,3
23335,BNS,310,1,1
23335,BNS,305,1,2
23335,BNS,309,1,3
23337,POCSO,8,1,1
23337,BNS,140,1,2
23337,POCSO,4,1,3
23338,BNS,331,1,1
23338,BNS,309,1,2
23339,BNS,103,1,1
23340,MV,185,1,1
23340,MV,184,1,2
23341,MV,185,1,1
23342,BNS,112,1,1
23342,BNS,191,1,2
23343,MV,185,1,1
23344,IT,66D,1,1
23344,BNS,318,1,2
23345,BNS,338,1,1
23345,BNS,318,1,2
23345,IT,66D,1,3
23346,MV,184,1,1
23347,BNS,318,1,1
23347,IT,66D,1,2
23348,MV,184,1,1
23349,IT,66C,1,1
23349,IT,66D,1,2
23349,IT,66,1,3
23350,BNS,310,1,1
23350,BNS,331,1,2
23350,BNS,303,1,3
23351,IT,66D,1,1
23351,BNS,318,1,2
23352,BNS,318,1,1
23352,BNS,303,1,2
23352,BNS,305,1,3
23353,BNS,316,1,1
23354,BNS,316,1,1
23354,BNS,331,1,2
23354,BNS,305,1,3
23355,BNS,305,1,1
23355,BNS,316,1,2
23356,BNS,74,1,1
23356,BNS,64,1,2
23356,BNS,80,1,3
23357,BNS,310,1,1
23358,BNS,310,1,1
23359,BNS,78,1,1
23359,BNS,140,1,2
23359,BNS,80,1,3
23360,BNS,316,1,1
23360,BNS,310,1,2
23360,BNS,305,1,3
23361,BNS,189,1,1
23361,BNS,112,1,2
23361,BNS,196,1,3
23362,BNS,115,1,1
23363,MV,184,1,1
23363,MV,185,1,2
23364,NDPS,21,1,1
23364,ARMS,25,1,2
23365,IT,66D,1,1
23365,IT,66C,1,2
23365,IT,66,1,3
23366,BNS,80,1,1
23366,BNS,74,1,2
23366,BNS,140,1,3
23367,BNS,331,1,1
23367,BNS,318,1,2
23367,BNS,310,1,3
23368,IT,66D,1,1
23368,BNS,338,1,2
23368,BNS,318,1,3
23369,NDPS,8,1,1
23370,BNS,338,1,1
23371,MV,185,1,1
23371,MV,184,1,2
23372,BNS,318,1,1
23372,BNS,305,1,2
23372,BNS,331,1,3
23373,BNS,318,1,1
23373,IT,66D,1,2
23375,BNS,303,1,1
23375,BNS,316,1,2
23375,BNS,305,1,3
23377,BNS,338,1,1
23377,BNS,318,1,2
23377,IT,66D,1,3
23378,BNS,309,1,1
23378,BNS,318,1,2
23378,BNS,331,1,3
23379,POCSO,8,1,1
23379,BNS,140,1,2
23379,POCSO,4,1,3
23380,BNS,85,1,1
23381,BNS,318,1,1
23381,BNS,338,1,2
23382,BNS,118,1,1
23382,BNS,103,1,2
23382,BNS,115,1,3
23384,ARMS,25,1,1
23384,NDPS,20,1,2
23385,BNS,109,1,1
23385,BNS,118,1,2
23386,BNS,316,1,1
23386,BNS,310,1,2
23387,BNS,78,1,1
23387,BNS,140,1,2
23388,BNS,140,1,1
23388,BNS,78,1,2
23388,BNS,74,1,3
23389,MV,184,1,1
23390,BNS,118,1,1
23391,BNS,310,1,1
23392,BNS,118,1,1
23393,BNS,303,1,1
23394,BNS,305,1,1
23394,BNS,303,1,2
23394,BNS,310,1,3
23395,BNS,310,1,1
23396,BNS,316,1,1
23397,BNS,318,1,1
23397,BNS,305,1,2
23397,BNS,303,1,3
23398,IT,66C,1,1
23399,IT,66D,1,1
23399,BNS,338,1,2
23399,BNS,318,1,3
23400,BNS,338,1,1
23400,BNS,318,1,2
23400,IT,66D,1,3
23401,BNS,331,1,1
23402,MV,184,1,1
23402,MV,185,1,2
23403,BNS,305,1,1
23403,BNS,316,1,2
23404,BNS,338,1,1
23404,IT,66D,1,2
23405,POCSO,8,1,1
23406,IT,66C,1,1
23407,BNS,318,1,1
23408,EXCISE,32,1,1
23408,ARMS,27,1,2
23408,NDPS,8,1,3
23410,BNS,305,1,1
23411,BNS,111,1,1
23412,MV,184,1,1
23413,BNS,351,1,1
23414,BNS,310,1,1
23414,BNS,318,1,2
23415,BNS,318,1,1
23415,BNS,316,1,2
23415,BNS,303,1,3
23416,POCSO,4,1,1
23417,MV,184,1,1
23418,BNS,303,1,1
23418,BNS,331,1,2
23418,BNS,305,1,3
23419,BNS,305,1,1
23419,BNS,303,1,2
23419,BNS,331,1,3
23420,BNS,303,1,1
23420,BNS,331,1,2
23421,NDPS,20,1,1
23421,NDPS,8,1,2
23421,EXCISE,32,1,3
23422,BNS,310,1,1
23423,MV,184,1,1
23423,MV,185,1,2
23424,EXCISE,32,1,1
23424,ARMS,27,1,2
23425,BNS,309,1,1
23426,BNS,318,1,1
23427,BNS,318,1,1
23427,BNS,338,1,2
23427,IT,66D,1,3
23428,BNS,105,1,1
23428,BNS,103,1,2
23428,BNS,109,1,3
23429,BNS,309,1,1
23430,NDPS,20,1,1
23430,EXCISE,32,1,2
23431,BNS,318,1,1
23431,BNS,316,1,2
23431,BNS,303,1,3
23432,MV,184,1,1
23433,BNS,331,1,1
23433,BNS,318,1,2
23433,BNS,309,1,3
23434,MV,185,1,1
23434,MV,184,1,2
23435,BNS,305,1,1
23435,BNS,310,1,2
23436,BNS,309,1,1
23436,BNS,318,1,2
23437,BNS,310,1,1
23437,BNS,303,1,2
23437,BNS,318,1,3
23438,BNS,318,1,1
23438,BNS,305,1,2
23438,BNS,331,1,3
23439,BNS,305,1,1
23440,BNS,318,1,1
23440,BNS,331,1,2
23440,BNS,303,1,3
23441,BNS,303,1,1
23442,MV,184,1,1
23442,MV,185,1,2
23443,BNS,196,1,1
23443,BNS,111,1,2
23443,BNS,189,1,3
23444,BNS,305,1,1
23445,MV,184,1,1
23445,MV,185,1,2
23446,BNS,303,1,1
23446,BNS,318,1,2
23446,BNS,309,1,3
23447,BNS,305,1,1
23447,BNS,309,1,2
23448,POCSO,8,1,1
23448,POCSO,4,1,2
23449,BNS,338,1,1
23449,IT,66D,1,2
23449,BNS,318,1,3
23451,BNS,303,1,1
23451,BNS,310,1,2
23452,IT,66D,1,1
23453,BNS,111,1,1
23454,MV,185,1,1
23454,MV,184,1,2
23455,BNS,305,1,1
23456,IT,66D,1,1
23456,IT,66C,1,2
23457,BNS,115,1,1
23457,BNS,105,1,2
23457,BNS,109,1,3
23458,BNS,305,1,1
23459,BNS,303,1,1
23459,BNS,331,1,2
23460,BNS,115,1,1
23460,BNS,109,1,2
23460,BNS,103,1,3
23461,BNS,140,1,1
23461,BNS,78,1,2
23462,BNS,309,1,1
23462,BNS,316,1,2
23463,BNS,338,1,1
23463,BNS,318,1,2
23463,IT,66D,1,3
23466,IT,66C,1,1
23466,IT,66D,1,2
23467,BNS,309,1,1
23467,BNS,303,1,2
23467,BNS,331,1,3
23468,BNS,305,1,1
23469,BNS,80,1,1
23470,IT,66D,1,1
23470,BNS,318,1,2
23470,BNS,338,1,3
23471,BNS,338,1,1
23471,IT,66D,1,2
23473,BNS,140,1,1
23473,BNS,74,1,2
23473,BNS,78,1,3
23474,BNS,318,1,1
23474,BNS,316,1,2
23475,MV,185,1,1
23476,BNS,109,1,1
23476,BNS,103,1,2
23476,BNS,115,1,3
23477,BNS,316,1,1
23478,NDPS,20,1,1
23478,NDPS,8,1,2
23479,MV,185,1,1
23479,MV,184,1,2
23480,BNS,64,1,1
23480,BNS,140,1,2
23480,BNS,78,1,3
23481,BNS,196,1,1
23481,BNS,191,1,2
23481,BNS,351,1,3
23482,BNS,115,1,1
23482,BNS,118,1,2
23483,BNS,316,1,1
23484,BNS,80,1,1
23485,BNS,74,1,1
23485,BNS,140,1,2
23485,BNS,78,1,3
23486,BNS,196,1,1
23486,BNS,189,1,2
23487,BNS,303,1,1
23487,BNS,331,1,2
23487,BNS,310,1,3
23488,BNS,310,1,1
23488,BNS,316,1,2
23489,BNS,331,1,1
23490,BNS,305,1,1
23490,BNS,309,1,2
23491,IT,66C,1,1
23491,IT,66D,1,2
23491,IT,66,1,3
23492,ARMS,25,1,1
23492,EXCISE,32,1,2
23493,BNS,309,1,1
23493,BNS,305,1,2
23493,BNS,331,1,3
23494,BNS,80,1,1
23494,BNS,78,1,2
23495,BNS,310,1,1
23496,BNS,310,1,1
23497,BNS,305,1,1
23498,BNS,316,1,1
23500,IT,66D,1,1
23501,BNS,305,1,1
23501,BNS,309,1,2
23502,EXCISE,32,1,1
23502,NDPS,8,1,2
23502,NDPS,21,1,3
23503,BNS,74,1,1
23504,IT,66D,1,1
23504,BNS,338,1,2
23505,BNS,316,1,1
23505,BNS,305,1,2
23505,BNS,318,1,3
23506,BNS,140,1,1
23506,POCSO,4,1,2
23506,POCSO,8,1,3
23507,BNS,78,1,1
23507,BNS,85,1,2
23507,BNS,74,1,3
23508,BNS,105,1,1
23509,BNS,310,1,1
23510,BNS,305,1,1
23510,BNS,309,1,2
23511,BNS,305,1,1
23512,BNS,103,1,1
23512,BNS,118,1,2
23513,BNS,309,1,1
23513,BNS,303,1,2
23514,BNS,118,1,1
23515,BNS,118,1,1
23516,BNS,303,1,1
23517,BNS,103,1,1
23517,BNS,118,1,2
23517,BNS,105,1,3
23518,BNS,316,1,1
23519,BNS,85,1,1
23519,BNS,78,1,2
23520,BNS,316,1,1
23521,BNS,303,1,1
23521,BNS,310,1,2
23521,BNS,305,1,3
23522,IT,66D,1,1
23522,IT,66,1,2
23522,IT,66C,1,3
23523,BNS,318,1,1
23524,BNS,85,1,1
23525,BNS,74,1,1
23525,BNS,64,1,2
23526,BNS,318,1,1
23526,BNS,338,1,2
23527,MV,185,1,1
23527,MV,184,1,2
23528,BNS,103,1,1
23528,BNS,109,1,2
23528,BNS,105,1,3
23529,BNS,310,1,1
23529,BNS,305,1,2
23530,BNS,305,1,1
23531,MV,184,1,1
23532,BNS,80,1,1
23532,BNS,78,1,2
23533,BNS,103,1,1
23533,BNS,109,1,2
23533,BNS,115,1,3
23534,BNS,109,1,1
23535,MV,185,1,1
23535,MV,184,1,2
23536,POCSO,8,1,1
23537,MV,184,1,1
23538,NDPS,8,1,1
23538,ARMS,25,1,2
23538,ARMS,27,1,3
23539,BNS,305,1,1
23539,BNS,318,1,2
23540,BNS,305,1,1
23541,BNS,309,1,1
23542,BNS,140,1,1
23542,BNS,74,1,2
23542,BNS,64,1,3
23544,NDPS,21,1,1
23544,ARMS,25,1,2
23544,NDPS,20,1,3
23545,BNS,309,1,1
23545,BNS,303,1,2
23545,BNS,316,1,3
23546,NDPS,20,1,1
23546,ARMS,25,1,2
23546,ARMS,27,1,3
23547,BNS,196,1,1
23548,BNS,331,1,1
23548,BNS,303,1,2
23549,BNS,338,1,1
23549,IT,66D,1,2
23549,BNS,318,1,3
23552,IT,66D,1,1
23553,MV,185,1,1
23554,BNS,318,1,1
23554,BNS,303,1,2
23555,BNS,303,1,1
23556,MV,185,1,1
23556,MV,184,1,2
23558,BNS,318,1,1
23560,EXCISE,32,1,1
23560,ARMS,27,1,2
23561,BNS,309,1,1
23562,BNS,64,1,1
23562,BNS,74,1,2
23563,BNS,316,1,1
23563,BNS,318,1,2
23563,BNS,305,1,3
23564,BNS,64,1,1
23564,BNS,85,1,2
23565,POCSO,8,1,1
23565,POCSO,4,1,2
23566,BNS,316,1,1
23566,BNS,331,1,2
23567,EXCISE,32,1,1
23567,ARMS,25,1,2
23567,NDPS,8,1,3
23568,BNS,338,1,1
23568,BNS,318,1,2
23568,IT,66D,1,3
23569,BNS,310,1,1
23570,BNS,331,1,1
23571,BNS,309,1,1
23571,BNS,303,1,2
23571,BNS,310,1,3
23572,BNS,318,1,1
23572,BNS,338,1,2
23572,IT,66D,1,3
23574,IT,66,1,1
23574,IT,66D,1,2
23575,BNS,115,1,1
23576,BNS,74,1,1
23576,BNS,85,1,2
23577,BNS,191,1,1
23577,BNS,111,1,2
23577,BNS,112,1,3
23578,MV,184,1,1
23578,MV,185,1,2
23579,BNS,318,1,1
23579,BNS,338,1,2
23580,BNS,118,1,1
23581,MV,185,1,1
23581,MV,184,1,2
23582,BNS,316,1,1
23582,BNS,305,1,2
23582,BNS,303,1,3
23583,BNS,316,1,1
23583,BNS,310,1,2
23583,BNS,309,1,3
23584,MV,184,1,1
23584,MV,185,1,2
23585,BNS,303,1,1
23586,BNS,316,1,1
23586,BNS,309,1,2
23586,BNS,331,1,3
23587,BNS,303,1,1
23587,BNS,316,1,2
23587,BNS,309,1,3
23588,BNS,331,1,1
23588,BNS,309,1,2
23588,BNS,316,1,3
23589,BNS,105,1,1
23589,BNS,103,1,2
23590,MV,184,1,1
23591,BNS,309,1,1
23593,MV,184,1,1
23593,MV,185,1,2
23594,POCSO,4,1,1
23594,POCSO,8,1,2
23594,BNS,140,1,3
23595,BNS,111,1,1
23595,BNS,196,1,2
23596,BNS,316,1,1
23596,BNS,303,1,2
23596,BNS,331,1,3
23597,IT,66D,1,1
23598,BNS,189,1,1
23599,BNS,140,1,1
23600,BNS,103,1,1
23600,BNS,105,1,2
23600,BNS,115,1,3
23601,BNS,318,1,1
23601,BNS,310,1,2
23601,BNS,303,1,3
23602,MV,185,1,1
23602,MV,184,1,2
23604,BNS,305,1,1
23605,BNS,111,1,1
23605,BNS,189,1,2
23605,BNS,191,1,3
23606,BNS,111,1,1
23607,BNS,338,1,1
23607,IT,66D,1,2
23608,BNS,351,1,1
23608,BNS,189,1,2
23609,BNS,318,1,1
23609,IT,66D,1,2
23609,BNS,338,1,3
23611,BNS,305,1,1
23611,BNS,309,1,2
23611,BNS,310,1,3
23612,BNS,109,1,1
23612,BNS,118,1,2
23612,BNS,115,1,3
23613,BNS,318,1,1
23614,BNS,316,1,1
23615,BNS,191,1,1
23615,BNS,112,1,2
23616,BNS,112,1,1
23616,BNS,191,1,2
23616,BNS,351,1,3
23617,BNS,331,1,1
23617,BNS,309,1,2
23617,BNS,305,1,3
23618,BNS,112,1,1
23618,BNS,189,1,2
23618,BNS,196,1,3
23619,BNS,303,1,1
23620,BNS,310,1,1
23620,BNS,305,1,2
23620,BNS,331,1,3
23621,BNS,318,1,1
23621,BNS,331,1,2
23622,BNS,331,1,1
23622,BNS,309,1,2
23622,BNS,305,1,3
23623,NDPS,8,1,1
23624,MV,184,1,1
23624,MV,185,1,2
23625,BNS,316,1,1
23625,BNS,310,1,2
23626,BNS,331,1,1
23626,BNS,303,1,2
23626,BNS,309,1,3
23627,NDPS,21,1,1
23628,IT,66,1,1
23628,IT,66C,1,2
23630,BNS,331,1,1
23631,BNS,310,1,1
23631,BNS,318,1,2
23632,BNS,118,1,1
23633,BNS,316,1,1
23634,BNS,310,1,1
23634,BNS,309,1,2
23635,MV,185,1,1
23635,MV,184,1,2
23636,IT,66,1,1
23636,IT,66C,1,2
23637,BNS,316,1,1
23637,BNS,309,1,2
23637,BNS,305,1,3
23638,IT,66D,1,1
23638,BNS,318,1,2
23639,BNS,331,1,1
23639,BNS,305,1,2
23639,BNS,310,1,3
23640,IT,66D,1,1
23641,BNS,316,1,1
23641,BNS,318,1,2
23641,BNS,310,1,3
23642,BNS,338,1,1
23642,IT,66D,1,2
23642,BNS,318,1,3
23643,BNS,191,1,1
23643,BNS,351,1,2
23643,BNS,112,1,3
23644,MV,184,1,1
23645,IT,66D,1,1
23645,IT,66C,1,2
23646,BNS,331,1,1
23647,BNS,303,1,1
23647,BNS,316,1,2
23647,BNS,331,1,3
23648,MV,184,1,1
23648,MV,185,1,2
23649,BNS,309,1,1
23650,BNS,118,1,1
23650,BNS,109,1,2
23650,BNS,115,1,3
23651,EXCISE,32,1,1
23652,MV,184,1,1
23652,MV,185,1,2
23653,MV,184,1,1
23654,BNS,316,1,1
23654,BNS,331,1,2
23655,BNS,303,1,1
23655,BNS,305,1,2
23656,BNS,309,1,1
23656,BNS,331,1,2
23657,BNS,305,1,1
23657,BNS,309,1,2
23657,BNS,303,1,3
23658,BNS,303,1,1
23659,BNS,305,1,1
23661,BNS,303,1,1
23662,BNS,303,1,1
23662,BNS,310,1,2
23662,BNS,309,1,3
23663,BNS,105,1,1
23663,BNS,103,1,2
23664,BNS,318,1,1
23664,BNS,316,1,2
23665,BNS,318,1,1
23666,BNS,305,1,1
23666,BNS,318,1,2
23667,BNS,85,1,1
23667,BNS,78,1,2
23667,BNS,64,1,3
23668,BNS,318,1,1
23668,IT,66D,1,2
23669,BNS,112,1,1
23669,BNS,111,1,2
23670,BNS,103,1,1
23671,BNS,338,1,1
23672,MV,184,1,1
23673,BNS,331,1,1
23674,BNS,316,1,1
23674,BNS,309,1,2
23675,MV,184,1,1
23675,MV,185,1,2
23676,BNS,196,1,1
23676,BNS,191,1,2
23677,MV,185,1,1
23678,BNS,74,1,1
23678,BNS,85,1,2
23680,BNS,112,1,1
23680,BNS,351,1,2
23681,BNS,189,1,1
23681,BNS,191,1,2
23681,BNS,196,1,3
23682,BNS,85,1,1
23682,BNS,140,1,2
23682,BNS,78,1,3
23683,BNS,318,1,1
23684,BNS,85,1,1
23684,BNS,74,1,2
23685,BNS,111,1,1
23686,BNS,112,1,1
23686,BNS,189,1,2
23686,BNS,191,1,3
23687,BNS,109,1,1
23689,BNS,105,1,1
23689,BNS,109,1,2
23690,BNS,305,1,1
23690,BNS,331,1,2
23690,BNS,310,1,3
23691,BNS,303,1,1
23691,BNS,316,1,2
23691,BNS,331,1,3
23692,BNS,318,1,1
23692,BNS,309,1,2
23692,BNS,303,1,3
23693,BNS,331,1,1
23693,BNS,316,1,2
23694,BNS,318,1,1
23695,BNS,338,1,1
23696,MV,184,1,1
23696,MV,185,1,2
23698,BNS,140,1,1
23698,BNS,80,1,2
23698,BNS,78,1,3
23699,BNS,338,1,1
23699,IT,66D,1,2
23699,BNS,318,1,3
23700,BNS,310,1,1
23700,BNS,303,1,2
23701,MV,184,1,1
23701,MV,185,1,2
23702,BNS,305,1,1
23703,BNS,85,1,1
23703,BNS,64,1,2
23703,BNS,78,1,3
23704,BNS,140,1,1
23705,IT,66D,1,1
23705,BNS,318,1,2
23705,BNS,338,1,3
23706,BNS,105,1,1
23707,BNS,305,1,1
23708,BNS,316,1,1
23709,BNS,305,1,1
23709,BNS,318,1,2
23709,BNS,331,1,3
23710,IT,66,1,1
23710,IT,66D,1,2
23710,IT,66C,1,3
23711,BNS,303,1,1
23712,BNS,303,1,1
23712,BNS,309,1,2
23712,BNS,318,1,3
23713,BNS,338,1,1
23713,BNS,318,1,2
23714,BNS,316,1,1
23714,BNS,303,1,2
23715,BNS,338,1,1
23716,IT,66D,1,1
23716,BNS,318,1,2
23716,BNS,338,1,3
23717,BNS,105,1,1
23717,BNS,115,1,2
23718,BNS,318,1,1
23718,BNS,310,1,2
23718,BNS,303,1,3
23719,BNS,331,1,1
23719,BNS,316,1,2
23720,BNS,338,1,1
23720,BNS,318,1,2
23720,IT,66D,1,3
23721,BNS,338,1,1
23722,BNS,303,1,1
23723,MV,184,1,1
23724,BNS,316,1,1
23724,BNS,305,1,2
23724,BNS,303,1,3
23725,BNS,318,1,1
23726,BNS,331,1,1
23727,IT,66D,1,1
23728,IT,66,1,1
23729,BNS,64,1,1
23729,BNS,140,1,2
23729,BNS,80,1,3
23730,MV,185,1,1
23731,BNS,318,1,1
23732,BNS,316,1,1
23732,BNS,331,1,2
23733,BNS,331,1,1
23733,BNS,310,1,2
23733,BNS,318,1,3
23734,BNS,118,1,1
23735,BNS,140,1,1
23735,BNS,80,1,2
23736,BNS,140,1,1
23737,BNS,78,1,1
23737,BNS,80,1,2
23737,BNS,74,1,3
23738,BNS,303,1,1
23738,BNS,310,1,2
23739,BNS,305,1,1
23739,BNS,316,1,2
23739,BNS,310,1,3
23740,BNS,318,1,1
23740,BNS,331,1,2
23740,BNS,316,1,3
23741,BNS,105,1,1
23741,BNS,118,1,2
23741,BNS,115,1,3
23743,BNS,331,1,1
23743,BNS,316,1,2
23743,BNS,309,1,3
23744,BNS,309,1,1
23745,BNS,331,1,1
23746,MV,185,1,1
23747,BNS,309,1,1
23748,IT,66D,1,1
23748,BNS,318,1,2
23748,BNS,338,1,3
23749,NDPS,20,1,1
23750,IT,66C,1,1
23751,BNS,118,1,1
23751,BNS,109,1,2
23752,BNS,105,1,1
23752,BNS,103,1,2
23752,BNS,118,1,3
23754,BNS,105,1,1
23754,BNS,118,1,2
23755,BNS,189,1,1
23755,BNS,196,1,2
23755,BNS,191,1,3
23756,ARMS,27,1,1
23758,BNS,115,1,1
23758,BNS,103,1,2
23758,BNS,118,1,3
23759,BNS,303,1,1
23759,BNS,309,1,2
23760,PC,7,1,1
23762,BNS,105,1,1
23763,BNS,74,1,1
23763,BNS,78,1,2
23763,BNS,140,1,3
23764,BNS,338,1,1
23764,IT,66D,1,2
23765,BNS,310,1,1
23765,BNS,303,1,2
23766,BNS,74,1,1
23767,BNS,318,1,1
23768,IT,66D,1,1
23769,BNS,318,1,1
23769,BNS,309,1,2
23770,BNS,309,1,1
23770,BNS,303,1,2
23771,BNS,109,1,1
23771,BNS,105,1,2
23772,BNS,316,1,1
23772,BNS,303,1,2
23772,BNS,331,1,3
23773,BNS,331,1,1
23773,BNS,309,1,2
23773,BNS,316,1,3
23774,BNS,85,1,1
23774,BNS,78,1,2
23775,BNS,303,1,1
23775,BNS,309,1,2
23777,BNS,305,1,1
23777,BNS,316,1,2
23777,BNS,309,1,3
23778,BNS,338,1,1
23778,IT,66D,1,2
23779,MV,185,1,1
23780,ARMS,25,1,1
23781,BNS,303,1,1
23782,BNS,189,1,1
23782,BNS,191,1,2
23783,BNS,338,1,1
23784,BNS,305,1,1
23785,MV,185,1,1
23785,MV,184,1,2
23786,NDPS,21,1,1
23786,ARMS,27,1,2
23786,NDPS,8,1,3
23787,BNS,305,1,1
23787,BNS,331,1,2
23787,BNS,303,1,3
23788,MV,185,1,1
23789,BNS,316,1,1
23789,BNS,318,1,2
23790,BNS,318,1,1
23790,BNS,303,1,2
23791,MV,185,1,1
23791,MV,184,1,2
23792,BNS,338,1,1
23792,BNS,318,1,2
23792,IT,66D,1,3
23793,NDPS,20,1,1
23793,ARMS,25,1,2
23793,EXCISE,32,1,3
23794,BNS,316,1,1
23794,BNS,305,1,2
23795,BNS,305,1,1
23796,IT,66D,1,1
23797,BNS,310,1,1
23797,BNS,331,1,2
23797,BNS,305,1,3
23799,BNS,303,1,1
23800,BNS,105,1,1
23801,BNS,351,1,1
23801,BNS,196,1,2
23801,BNS,112,1,3
23802,BNS,196,1,1
23803,NDPS,21,1,1
23804,BNS,309,1,1
23805,BNS,309,1,1
23806,BNS,309,1,1
23806,BNS,303,1,2
23806,BNS,310,1,3
23807,BNS,309,1,1
23807,BNS,318,1,2
23807,BNS,316,1,3
23808,BNS,303,1,1
23808,BNS,305,1,2
23809,BNS,310,1,1
23809,BNS,309,1,2
23809,BNS,305,1,3
23810,MV,185,1,1
23810,MV,184,1,2
23811,BNS,64,1,1
23811,BNS,80,1,2
23812,BNS,351,1,1
23812,BNS,111,1,2
23813,BNS,331,1,1
23813,BNS,309,1,2
23814,BNS,316,1,1
23814,BNS,318,1,2
23814,BNS,310,1,3
23815,BNS,318,1,1
23815,BNS,316,1,2
23815,BNS,309,1,3
23816,MV,185,1,1
23817,BNS,318,1,1
23817,BNS,331,1,2
23818,BNS,303,1,1
23818,BNS,305,1,2
23819,BNS,80,1,1
23820,IT,66D,1,1
23820,BNS,318,1,2
23820,BNS,338,1,3
23822,IT,66D,1,1
23823,BNS,318,1,1
23823,BNS,305,1,2
23824,MV,184,1,1
23824,MV,185,1,2
23825,BNS,331,1,1
23826,BNS,309,1,1
23826,BNS,310,1,2
23827,BNS,318,1,1
23827,BNS,309,1,2
23827,BNS,303,1,3
23828,MV,184,1,1
23829,BNS,303,1,1
23830,BNS,318,1,1
23830,BNS,303,1,2
23830,BNS,331,1,3
23831,BNS,305,1,1
23831,BNS,310,1,2
23832,BNS,310,1,1
23833,BNS,318,1,1
23833,IT,66D,1,2
23834,BNS,331,1,1
23834,BNS,316,1,2
23835,BNS,78,1,1
23836,BNS,309,1,1
23837,BNS,331,1,1
23837,BNS,303,1,2
23838,BNS,318,1,1
23838,BNS,316,1,2
23839,BNS,310,1,1
23839,BNS,309,1,2
23840,BNS,309,1,1
23840,BNS,316,1,2
23840,BNS,318,1,3
23841,EXCISE,32,1,1
23843,BNS,309,1,1
23843,BNS,303,1,2
23844,BNS,191,1,1
23844,BNS,351,1,2
23845,BNS,112,1,1
23846,MV,185,1,1
23847,BNS,140,1,1
23847,POCSO,4,1,2
23847,POCSO,8,1,3
23848,BNS,310,1,1
23848,BNS,316,1,2
23848,BNS,318,1,3
23849,BNS,331,1,1
23849,BNS,310,1,2
23849,BNS,318,1,3
23850,BNS,331,1,1
23851,POCSO,8,1,1
23851,POCSO,4,1,2
23853,MV,185,1,1
23854,EXCISE,32,1,1
23854,NDPS,21,1,2
23854,ARMS,27,1,3
23855,MV,185,1,1
23855,MV,184,1,2
23856,MV,184,1,1
23857,MV,185,1,1
23857,MV,184,1,2
23858,MV,185,1,1
23858,MV,184,1,2
23859,MV,184,1,1
23860,BNS,115,1,1
23861,BNS,318,1,1
23861,BNS,303,1,2
23862,BNS,118,1,1
23863,NDPS,20,1,1
23863,NDPS,21,1,2
23864,POCSO,4,1,1
23865,BNS,80,1,1
23865,BNS,78,1,2
23865,BNS,140,1,3
23866,BNS,316,1,1
23867,BNS,109,1,1
23867,BNS,115,1,2
23868,BNS,78,1,1
23868,BNS,140,1,2
23868,BNS,85,1,3
23869,IT,66D,1,1
23869,BNS,318,1,2
23870,BNS,310,1,1
23870,BNS,309,1,2
23870,BNS,331,1,3
23871,BNS,85,1,1
23872,BNS,316,1,1
23872,BNS,310,1,2
23873,BNS,309,1,1
23873,BNS,331,1,2
23873,BNS,303,1,3
23874,BNS,351,1,1
23874,BNS,191,1,2
23874,BNS,111,1,3
23875,BNS,111,1,1
23875,BNS,351,1,2
23876,POCSO,8,1,1
23876,BNS,140,1,2
23876,POCSO,4,1,3
23877,BNS,309,1,1
23877,BNS,303,1,2
23877,BNS,331,1,3
23878,BNS,305,1,1
23878,BNS,316,1,2
23879,BNS,303,1,1
23880,BNS,318,1,1
23881,BNS,305,1,1
23882,BNS,338,1,1
23882,IT,66D,1,2
23882,BNS,318,1,3
23884,MV,185,1,1
23885,BNS,74,1,1
23885,BNS,80,1,2
23885,BNS,64,1,3
23886,BNS,303,1,1
23886,BNS,316,1,2
23887,BNS,112,1,1
23887,BNS,351,1,2
23887,BNS,189,1,3
23888,IT,66,1,1
23889,IT,66C,1,1
23889,IT,66,1,2
23890,IT,66D,1,1
23891,BNS,318,1,1
23891,BNS,331,1,2
23892,BNS,316,1,1
23892,BNS,331,1,2
23892,BNS,309,1,3
23893,MV,185,1,1
23893,MV,184,1,2
23894,BNS,118,1,1
23895,BNS,78,1,1
23896,BNS,105,1,1
23897,BNS,140,1,1
23898,BNS,118,1,1
23899,BNS,118,1,1
23899,BNS,109,1,2
23899,BNS,103,1,3
23900,BNS,303,1,1
23901,BNS,64,1,1
23901,BNS,78,1,2
23902,BNS,310,1,1
23902,BNS,316,1,2
23902,BNS,331,1,3
23903,BNS,303,1,1
23903,BNS,310,1,2
23904,BNS,318,1,1
23904,BNS,338,1,2
23905,BNS,191,1,1
23905,BNS,196,1,2
23905,BNS,351,1,3
23906,BNS,103,1,1
23906,BNS,109,1,2
23907,BNS,310,1,1
23908,BNS,310,1,1
23908,BNS,318,1,2
23908,BNS,331,1,3
23909,MV,185,1,1
23909,MV,184,1,2
23910,BNS,105,1,1
23910,BNS,115,1,2
23911,BNS,310,1,1
23912,BNS,196,1,1
23912,BNS,111,1,2
23913,BNS,189,1,1
23914,MV,184,1,1
23914,MV,185,1,2
23915,BNS,105,1,1
23916,BNS,318,1,1
23916,BNS,310,1,2
23917,MV,185,1,1
23918,BNS,305,1,1
23918,BNS,316,1,2
23918,BNS,310,1,3
23919,BNS,351,1,1
23920,BNS,318,1,1
23921,BNS,112,1,1
23921,BNS,351,1,2
23922,IT,66C,1,1
23923,BNS,338,1,1
23924,BNS,310,1,1
23925,BNS,318,1,1
23926,POCSO,8,1,1
23927,BNS,309,1,1
23927,BNS,305,1,2
23927,BNS,303,1,3
23928,MV,184,1,1
23928,MV,185,1,2
23929,BNS,305,1,1
23930,BNS,303,1,1
23931,BNS,309,1,1
23931,BNS,303,1,2
23931,BNS,331,1,3
23932,BNS,303,1,1
23932,BNS,316,1,2
23933,BNS,351,1,1
23933,BNS,189,1,2
23934,NDPS,8,1,1
23935,BNS,303,1,1
23935,BNS,305,1,2
23935,BNS,318,1,3
23936,BNS,305,1,1
23936,BNS,310,1,2
23936,BNS,318,1,3
23938,BNS,303,1,1
23938,BNS,318,1,2
23938,BNS,331,1,3
23939,BNS,103,1,1
23939,BNS,109,1,2
23940,BNS,303,1,1
23941,BNS,74,1,1
23942,BNS,115,1,1
23942,BNS,118,1,2
23943,BNS,309,1,1
23943,BNS,305,1,2
23945,MV,185,1,1
23946,BNS,316,1,1
23946,BNS,309,1,2
23946,BNS,303,1,3
23947,BNS,331,1,1
23947,BNS,303,1,2
23948,BNS,105,1,1
23948,BNS,115,1,2
23948,BNS,118,1,3
23949,BNS,331,1,1
23949,BNS,305,1,2
23949,BNS,318,1,3
23950,BNS,305,1,1
23950,BNS,331,1,2
23950,BNS,309,1,3
23951,BNS,191,1,1
23951,BNS,111,1,2
23952,MV,184,1,1
23952,MV,185,1,2
23953,BNS,310,1,1
23953,BNS,331,1,2
23954,BNS,318,1,1
23954,BNS,331,1,2
23955,ARMS,25,1,1
23956,MV,184,1,1
23958,BNS,78,1,1
23959,BNS,310,1,1
23959,BNS,305,1,2
23959,BNS,316,1,3
23960,BNS,318,1,1
23961,BNS,303,1,1
23961,BNS,318,1,2
23962,BNS,109,1,1
23962,BNS,105,1,2
23962,BNS,118,1,3
23963,MV,184,1,1
23963,MV,185,1,2
23964,BNS,309,1,1
23964,BNS,303,1,2
23964,BNS,316,1,3
23965,BNS,111,1,1
23967,BNS,140,1,1
23968,BNS,105,1,1
23968,BNS,115,1,2
23969,MV,185,1,1
23970,BNS,310,1,1
23970,BNS,318,1,2
23971,BNS,338,1,1
23971,BNS,318,1,2
23971,IT,66D,1,3
23972,BNS,140,1,1
23972,POCSO,4,1,2
23973,BNS,310,1,1
23974,IT,66D,1,1
23974,BNS,318,1,2
23975,BNS,318,1,1
23975,BNS,331,1,2
23975,BNS,303,1,3
23976,BNS,303,1,1
23976,BNS,310,1,2
23979,BNS,118,1,1
23980,BNS,305,1,1
23980,BNS,318,1,2
23981,BNS,111,1,1
23982,BNS,305,1,1
23982,BNS,303,1,2
23983,BNS,64,1,1
23984,BNS,64,1,1
23985,BNS,338,1,1
23985,BNS,318,1,2
23986,POCSO,8,1,1
23987,ARMS,27,1,1
23987,NDPS,20,1,2
23988,BNS,303,1,1
23989,BNS,140,1,1
23989,BNS,78,1,2
23989,BNS,74,1,3
23990,IT,66C,1,1
23990,IT,66,1,2
23991,BNS,310,1,1
23992,BNS,351,1,1
23992,BNS,191,1,2
23993,BNS,309,1,1
23993,BNS,316,1,2
23993,BNS,318,1,3
23994,BNS,331,1,1
23994,BNS,303,1,2
23995,BNS,318,1,1
23995,BNS,310,1,2
23995,BNS,305,1,3
23996,BNS,305,1,1
23997,IT,66D,1,1
23997,BNS,318,1,2
23998,BNS,115,1,1
23998,BNS,103,1,2
23999,BNS,112,1,1
23999,BNS,111,1,2
24000,BNS,309,1,1
24000,BNS,331,1,2
24001,BNS,196,1,1
24002,MV,184,1,1
24002,MV,185,1,2
24003,POCSO,4,1,1
24004,BNS,316,1,1
24004,BNS,331,1,2
24004,BNS,310,1,3
24005,NDPS,21,1,1
24006,BNS,140,1,1
24006,BNS,74,1,2
24007,MV,185,1,1
24008,BNS,103,1,1
24008,BNS,115,1,2
24009,BNS,74,1,1
24009,BNS,64,1,2
24009,BNS,78,1,3
24010,BNS,109,1,1
24011,EXCISE,32,1,1
24012,EXCISE,32,1,1
24012,NDPS,21,1,2
24013,MV,184,1,1
24014,MV,184,1,1
24015,BNS,338,1,1
24016,MV,185,1,1
24017,NDPS,8,1,1
24019,IT,66,1,1
24019,IT,66C,1,2
24020,BNS,318,1,1
24020,IT,66D,1,2
24021,BNS,318,1,1
24021,BNS,316,1,2
24022,BNS,305,1,1
24023,BNS,318,1,1
24023,BNS,338,1,2
24024,BNS,189,1,1
24025,BNS,85,1,1
24025,BNS,78,1,2
24026,BNS,318,1,1
24026,BNS,338,1,2
24026,IT,66D,1,3
24027,BNS,80,1,1
24027,BNS,140,1,2
24028,MV,185,1,1
24029,BNS,310,1,1
24030,BNS,309,1,1
24030,BNS,310,1,2
24030,BNS,316,1,3
24031,BNS,318,1,1
24031,BNS,338,1,2
24031,IT,66D,1,3
24032,BNS,309,1,1
24033,BNS,118,1,1
24033,BNS,109,1,2
24034,BNS,111,1,1
24034,BNS,191,1,2
24035,BNS,316,1,1
24035,BNS,305,1,2
24035,BNS,331,1,3
24037,BNS,305,1,1
24037,BNS,309,1,2
24037,BNS,316,1,3
24038,BNS,105,1,1
24040,BNS,351,1,1
24040,BNS,189,1,2
24040,BNS,191,1,3
24041,MV,184,1,1
24042,BNS,64,1,1
24042,BNS,85,1,2
24043,IT,66D,1,1
24044,BNS,310,1,1
24044,BNS,305,1,2
24044,BNS,309,1,3
24045,BNS,310,1,1
24045,BNS,303,1,2
24046,BNS,331,1,1
24047,BNS,310,1,1
24048,BNS,338,1,1
24048,BNS,318,1,2
24049,BNS,309,1,1
24049,BNS,310,1,2
24050,BNS,305,1,1
24050,BNS,318,1,2
24051,BNS,316,1,1
24051,BNS,310,1,2
24051,BNS,305,1,3
24052,IT,66D,1,1
24052,IT,66,1,2
24052,IT,66C,1,3
24053,BNS,105,1,1
24054,BNS,303,1,1
24054,BNS,309,1,2
24054,BNS,305,1,3
24055,MV,185,1,1
24056,BNS,303,1,1
24057,BNS,80,1,1
24057,BNS,74,1,2
24058,BNS,316,1,1
24058,BNS,331,1,2
24059,MV,185,1,1
24060,BNS,115,1,1
24061,BNS,78,1,1
24061,BNS,80,1,2
24061,BNS,74,1,3
24062,BNS,105,1,1
24063,BNS,189,1,1
24063,BNS,112,1,2
24063,BNS,191,1,3
24064,BNS,316,1,1
24065,BNS,74,1,1
24065,BNS,140,1,2
24066,BNS,316,1,1
24067,BNS,105,1,1
24068,BNS,305,1,1
24069,BNS,80,1,1
24069,BNS,74,1,2
24070,BNS,303,1,1
24070,BNS,316,1,2
24071,BNS,109,1,1
24071,BNS,103,1,2
24072,BNS,80,1,1
24072,BNS,85,1,2
24072,BNS,64,1,3
24073,IT,66C,1,1
24073,IT,66,1,2
24073,IT,66D,1,3
24074,BNS,78,1,1
24074,BNS,64,1,2
24074,BNS,85,1,3
24075,BNS,316,1,1
24076,BNS,303,1,1
24077,BNS,310,1,1
24077,BNS,303,1,2
24078,BNS,78,1,1
24078,BNS,140,1,2
24079,BNS,338,1,1
24079,IT,66D,1,2
24079,BNS,318,1,3
24080,BNS,191,1,1
24080,BNS,111,1,2
24081,BNS,115,1,1
24083,BNS,103,1,1
24084,IT,66D,1,1
24084,BNS,318,1,2
24084,BNS,338,1,3
24085,BNS,310,1,1
24085,BNS,316,1,2
24086,BNS,303,1,1
24086,BNS,318,1,2
24087,BNS,318,1,1
24087,BNS,310,1,2
24088,BNS,318,1,1
24088,BNS,338,1,2
24088,IT,66D,1,3
24089,BNS,118,1,1
24090,BNS,305,1,1
24090,BNS,316,1,2
24090,BNS,331,1,3
24092,BNS,305,1,1
24092,BNS,316,1,2
24092,BNS,303,1,3
24093,MV,184,1,1
24093,MV,185,1,2
24094,BNS,303,1,1
24094,BNS,331,1,2
24095,BNS,78,1,1
24095,BNS,85,1,2
24095,BNS,140,1,3
24096,IT,66D,1,1
24096,BNS,338,1,2
24096,BNS,318,1,3
24097,BNS,305,1,1
24098,BNS,305,1,1
24099,IT,66,1,1
24099,IT,66D,1,2
24100,MV,184,1,1
24100,MV,185,1,2
24101,MV,184,1,1
24102,BNS,318,1,1
24103,BNS,305,1,1
24103,BNS,318,1,2
24104,BNS,318,1,1
24104,BNS,310,1,2
24104,BNS,331,1,3
24105,BNS,309,1,1
24105,BNS,331,1,2
24105,BNS,305,1,3
24106,MV,185,1,1
24106,MV,184,1,2
24107,IT,66D,1,1
24107,BNS,338,1,2
24108,BNS,105,1,1
24109,BNS,64,1,1
24109,BNS,85,1,2
24109,BNS,78,1,3
24110,BNS,310,1,1
24111,BNS,331,1,1
24111,BNS,318,1,2
24111,BNS,305,1,3
24112,BNS,318,1,1
24113,BNS,64,1,1
24113,BNS,85,1,2
24113,BNS,140,1,3
24114,BNS,191,1,1
24114,BNS,112,1,2
24115,BNS,303,1,1
24115,BNS,316,1,2
24115,BNS,309,1,3
24116,BNS,309,1,1
24117,BNS,305,1,1
24118,BNS,310,1,1
24119,BNS,351,1,1
24119,BNS,189,1,2
24119,BNS,191,1,3
24120,IT,66D,1,1
24120,IT,66C,1,2
24120,IT,66,1,3
24121,NDPS,21,1,1
24121,NDPS,20,1,2
24122,BNS,64,1,1
24122,BNS,85,1,2
24123,MV,184,1,1
24124,BNS,80,1,1
24124,BNS,64,1,2
24125,BNS,338,1,1
24125,BNS,318,1,2
24126,BNS,338,1,1
24126,BNS,318,1,2
24127,BNS,305,1,1
24127,BNS,310,1,2
24128,MV,184,1,1
24129,BNS,338,1,1
24129,IT,66D,1,2
24130,BNS,318,1,1
24130,BNS,331,1,2
24130,BNS,305,1,3
24131,MV,185,1,1
24131,MV,184,1,2
24132,MV,184,1,1
24133,BNS,331,1,1
24133,BNS,305,1,2
24134,BNS,74,1,1
24134,BNS,64,1,2
24134,BNS,140,1,3
24135,BNS,318,1,1
24137,BNS,309,1,1
24138,BNS,115,1,1
24138,BNS,105,1,2
24138,BNS,103,1,3
24139,MV,185,1,1
24140,BNS,316,1,1
24140,BNS,331,1,2
24140,BNS,305,1,3
24141,BNS,305,1,1
24141,BNS,316,1,2
24141,BNS,303,1,3
24142,IT,66D,1,1
24142,BNS,318,1,2
24143,MV,184,1,1
24144,BNS,338,1,1
24144,IT,66D,1,2
24144,BNS,318,1,3
24145,MV,185,1,1
24146,BNS,105,1,1
24146,BNS,115,1,2
24147,BNS,331,1,1
24147,BNS,316,1,2
24148,BNS,191,1,1
24148,BNS,351,1,2
24148,BNS,196,1,3
24149,MV,185,1,1
24149,MV,184,1,2
24150,BNS,318,1,1
24150,BNS,309,1,2
24150,BNS,331,1,3
24151,BNS,105,1,1
24151,BNS,109,1,2
24151,BNS,118,1,3
24152,BNS,331,1,1
24152,BNS,316,1,2
24153,BNS,78,1,1
24154,BNS,318,1,1
24154,BNS,310,1,2
24154,BNS,303,1,3
24155,MV,185,1,1
24155,MV,184,1,2
24156,BNS,303,1,1
24157,MV,184,1,1
24158,BNS,85,1,1
24158,BNS,78,1,2
24159,BNS,305,1,1
24160,BNS,318,1,1
24160,BNS,338,1,2
24160,IT,66D,1,3
24161,NDPS,20,1,1
24161,EXCISE,32,1,2
24161,ARMS,27,1,3
24162,BNS,196,1,1
24163,BNS,118,1,1
24163,BNS,105,1,2
24163,BNS,109,1,3
24164,BNS,196,1,1
24165,BNS,316,1,1
24166,BNS,331,1,1
24167,BNS,318,1,1
24167,BNS,316,1,2
24168,BNS,318,1,1
24168,BNS,338,1,2
24168,IT,66D,1,3
24170,BNS,331,1,1
24171,BNS,64,1,1
24172,BNS,309,1,1
24172,BNS,331,1,2
24173,MV,185,1,1
24173,MV,184,1,2
24174,BNS,80,1,1
24174,BNS,74,1,2
24175,MV,185,1,1
24175,MV,184,1,2
24176,BNS,118,1,1
24176,BNS,103,1,2
24177,BNS,118,1,1
24177,BNS,115,1,2
24178,MV,185,1,1
24178,MV,184,1,2
24179,BNS,303,1,1
24180,BNS,103,1,1
24180,BNS,115,1,2
24181,BNS,303,1,1
24181,BNS,318,1,2
24182,BNS,303,1,1
24182,BNS,309,1,2
24182,BNS,316,1,3
24183,BNS,80,1,1
24183,BNS,74,1,2
24183,BNS,140,1,3
24184,BNS,115,1,1
24184,BNS,103,1,2
24185,BNS,338,1,1
24186,BNS,305,1,1
24186,BNS,331,1,2
24186,BNS,318,1,3
24187,BNS,115,1,1
24187,BNS,118,1,2
24188,BNS,118,1,1
24188,BNS,103,1,2
24188,BNS,115,1,3
24189,BNS,305,1,1
24190,NDPS,8,1,1
24190,NDPS,20,1,2
24190,NDPS,21,1,3
24191,BNS,310,1,1
24191,BNS,318,1,2
24191,BNS,309,1,3
24192,BNS,310,1,1
24192,BNS,318,1,2
24192,BNS,309,1,3
24193,MV,185,1,1
24193,MV,184,1,2
24194,BNS,74,1,1
24194,BNS,85,1,2
24194,BNS,80,1,3
24195,BNS,318,1,1
24195,IT,66D,1,2
24196,NDPS,8,1,1
24196,ARMS,25,1,2
24197,MV,185,1,1
24197,MV,184,1,2
24198,BNS,309,1,1
24198,BNS,310,1,2
24199,BNS,318,1,1
24199,IT,66D,1,2
24199,BNS,338,1,3
24200,MV,185,1,1
24201,POCSO,4,1,1
24201,BNS,140,1,2
24201,POCSO,8,1,3
24202,BNS,189,1,1
24202,BNS,111,1,2
24202,BNS,196,1,3
24203,BNS,105,1,1
24204,BNS,338,1,1
24206,BNS,338,1,1
24206,BNS,318,1,2
24207,BNS,105,1,1
24208,BNS,318,1,1
24209,IT,66D,1,1
24209,BNS,318,1,2
24209,BNS,338,1,3
24210,BNS,303,1,1
24210,BNS,305,1,2
24210,BNS,316,1,3
24211,BNS,115,1,1
24211,BNS,109,1,2
24211,BNS,105,1,3
24212,BNS,111,1,1
24212,BNS,196,1,2
24212,BNS,191,1,3
24213,BNS,331,1,1
24214,BNS,318,1,1
24215,BNS,112,1,1
24215,BNS,196,1,2
24215,BNS,191,1,3
24216,BNS,318,1,1
24217,PC,7,1,1
24218,BNS,310,1,1
24219,MV,184,1,1
24220,MV,184,1,1
24220,MV,185,1,2
24221,PC,7,1,1
24222,MV,184,1,1
24222,MV,185,1,2
24223,MV,185,1,1
24224,BNS,318,1,1
24224,BNS,303,1,2
24224,BNS,331,1,3
24226,MV,184,1,1
24226,MV,185,1,2
24227,EXCISE,32,1,1
24227,ARMS,27,1,2
24227,ARMS,25,1,3
24228,BNS,111,1,1
24229,IT,66D,1,1
24229,IT,66C,1,2
24230,MV,184,1,1
24230,MV,185,1,2
24231,BNS,351,1,1
24231,BNS,191,1,2
24231,BNS,189,1,3
24232,BNS,85,1,1
24232,BNS,78,1,2
24232,BNS,74,1,3
24233,BNS,115,1,1
24233,BNS,103,1,2
24233,BNS,105,1,3
24234,BNS,118,1,1
24235,MV,185,1,1
24235,MV,184,1,2
24236,BNS,318,1,1
24237,BNS,305,1,1
24237,BNS,331,1,2
24237,BNS,318,1,3
24238,BNS,140,1,1
24238,POCSO,4,1,2
24238,POCSO,8,1,3
24239,BNS,112,1,1
24239,BNS,351,1,2
24240,BNS,85,1,1
24240,BNS,64,1,2
24241,BNS,309,1,1
24242,ARMS,25,1,1
24242,NDPS,8,1,2
24242,EXCISE,32,1,3
24243,MV,185,1,1
24244,BNS,303,1,1
24245,IT,66D,1,1
24246,BNS,318,1,1
24246,BNS,305,1,2
24246,BNS,303,1,3
24247,BNS,305,1,1
24247,BNS,331,1,2
24247,BNS,303,1,3
24248,MV,184,1,1
24248,MV,185,1,2
24249,BNS,305,1,1
24249,BNS,331,1,2
24250,BNS,316,1,1
24251,BNS,305,1,1
24251,BNS,309,1,2
24251,BNS,331,1,3
24252,BNS,309,1,1
24252,BNS,331,1,2
24252,BNS,303,1,3
24253,BNS,103,1,1
24253,BNS,118,1,2
24253,BNS,115,1,3
24254,BNS,74,1,1
24254,BNS,64,1,2
24255,NDPS,8,1,1
24256,BNS,310,1,1
24256,BNS,309,1,2
24256,BNS,331,1,3
24257,BNS,338,1,1
24258,BNS,303,1,1
24258,BNS,305,1,2
24258,BNS,309,1,3
24259,BNS,305,1,1
24259,BNS,316,1,2
24260,BNS,338,1,1
24261,IT,66D,1,1
24261,BNS,318,1,2
24262,MV,184,1,1
24263,IT,66D,1,1
24263,BNS,318,1,2
24264,BNS,318,1,1
24264,BNS,338,1,2
24265,BNS,331,1,1
24265,BNS,303,1,2
24266,BNS,318,1,1
24267,BNS,331,1,1
24267,BNS,316,1,2
24267,BNS,305,1,3
24268,IT,66D,1,1
24269,MV,185,1,1
24270,ARMS,25,1,1
24270,NDPS,8,1,2
24271,BNS,118,1,1
24271,BNS,109,1,2
24272,BNS,305,1,1
24272,BNS,310,1,2
24272,BNS,318,1,3
24273,NDPS,21,1,1
24274,BNS,64,1,1
24275,BNS,112,1,1
24275,BNS,351,1,2
24275,BNS,111,1,3
24276,IT,66D,1,1
24276,IT,66C,1,2
24276,IT,66,1,3
24277,MV,185,1,1
24277,MV,184,1,2
24278,IT,66D,1,1
24279,BNS,318,1,1
24279,BNS,309,1,2
24280,BNS,78,1,1
24280,BNS,64,1,2
24281,MV,184,1,1
24281,MV,185,1,2
24283,BNS,305,1,1
24284,BNS,318,1,1
24285,BNS,331,1,1
24286,BNS,105,1,1
24287,BNS,140,1,1
24287,BNS,85,1,2
24288,BNS,316,1,1
24288,BNS,310,1,2
24289,BNS,74,1,1
24289,BNS,140,1,2
24289,BNS,80,1,3
24290,BNS,316,1,1
24291,IT,66C,1,1
24292,BNS,331,1,1
24292,BNS,310,1,2
24293,NDPS,21,1,1
24293,NDPS,8,1,2
24294,BNS,303,1,1
24294,BNS,305,1,2
24295,BNS,111,1,1
24296,BNS,318,1,1
24297,BNS,318,1,1
24297,BNS,331,1,2
24297,BNS,305,1,3
24298,BNS,331,1,1
24299,BNS,105,1,1
24299,BNS,115,1,2
24300,BNS,305,1,1
24300,BNS,318,1,2
24300,BNS,331,1,3
24301,NDPS,21,1,1
24302,BNS,191,1,1
24302,BNS,351,1,2
24303,BNS,338,1,1
24303,BNS,318,1,2
24304,BNS,78,1,1
24305,BNS,103,1,1
24306,IT,66D,1,1
24306,BNS,338,1,2
24307,NDPS,21,1,1
24307,ARMS,25,1,2
24308,BNS,80,1,1
24308,BNS,85,1,2
24309,BNS,189,1,1
24309,BNS,351,1,2
24310,BNS,140,1,1
24310,POCSO,8,1,2
24310,POCSO,4,1,3
24311,BNS,318,1,1
24312,BNS,309,1,1
24312,BNS,331,1,2
24315,BNS,316,1,1
24315,BNS,303,1,2
24315,BNS,309,1,3
24316,BNS,105,1,1
24316,BNS,118,1,2
24317,MV,184,1,1
24317,MV,185,1,2
24320,BNS,305,1,1
24320,BNS,331,1,2
24320,BNS,318,1,3
24321,BNS,103,1,1
24321,BNS,118,1,2
24322,BNS,64,1,1
24322,BNS,140,1,2
24322,BNS,85,1,3
24323,BNS,103,1,1
24323,BNS,118,1,2
24324,BNS,309,1,1
24325,BNS,103,1,1
24325,BNS,105,1,2
24325,BNS,109,1,3
24326,BNS,318,1,1
24326,BNS,309,1,2
24327,MV,184,1,1
24328,BNS,305,1,1
24329,BNS,331,1,1
24329,BNS,305,1,2
24330,BNS,105,1,1
24330,BNS,103,1,2
24331,BNS,109,1,1
24332,IT,66,1,1
24333,IT,66D,1,1
24333,BNS,318,1,2
24334,BNS,318,1,1
24335,BNS,196,1,1
24335,BNS,351,1,2
24336,BNS,338,1,1
24336,IT,66D,1,2
24336,BNS,318,1,3
24337,NDPS,8,1,1
24337,NDPS,21,1,2
24338,BNS,303,1,1
24339,BNS,338,1,1
24340,BNS,318,1,1
24341,BNS,318,1,1
24342,BNS,80,1,1
24342,BNS,64,1,2
24342,BNS,140,1,3
24343,BNS,103,1,1
24343,BNS,115,1,2
24344,BNS,318,1,1
24344,BNS,316,1,2
24344,BNS,305,1,3
24345,BNS,103,1,1
24345,BNS,109,1,2
24345,BNS,115,1,3
24346,BNS,303,1,1
24346,BNS,316,1,2
24347,BNS,309,1,1
24347,BNS,305,1,2
24347,BNS,318,1,3
24348,BNS,318,1,1
24349,BNS,105,1,1
24349,BNS,118,1,2
24350,NDPS,20,1,1
24350,EXCISE,32,1,2
24351,BNS,115,1,1
24351,BNS,105,1,2
24351,BNS,118,1,3
24353,BNS,303,1,1
24353,BNS,309,1,2
24354,BNS,331,1,1
24355,BNS,310,1,1
24355,BNS,316,1,2
24355,BNS,305,1,3
24356,BNS,74,1,1
24356,BNS,64,1,2
24357,BNS,309,1,1
24359,BNS,64,1,1
24360,BNS,64,1,1
24361,MV,185,1,1
24361,MV,184,1,2
24362,NDPS,8,1,1
24362,NDPS,21,1,2
24363,PC,7,1,1
24364,BNS,140,1,1
24365,BNS,305,1,1
24366,BNS,316,1,1
24366,BNS,303,1,2
24366,BNS,318,1,3
24367,POCSO,8,1,1
24368,BNS,309,1,1
24369,BNS,318,1,1
24369,BNS,305,1,2
24370,MV,185,1,1
24372,BNS,331,1,1
24372,BNS,318,1,2
24372,BNS,316,1,3
24373,BNS,105,1,1
24374,BNS,318,1,1
24374,BNS,305,1,2
24375,BNS,140,1,1
24376,BNS,310,1,1
24377,BNS,331,1,1
24377,BNS,305,1,2
24378,IT,66C,1,1
24379,BNS,105,1,1
24380,BNS,109,1,1
24381,MV,185,1,1
24382,BNS,316,1,1
24383,BNS,305,1,1
24383,BNS,309,1,2
24383,BNS,316,1,3
24384,MV,184,1,1
24384,MV,185,1,2
24385,BNS,318,1,1
24385,BNS,309,1,2
24385,BNS,316,1,3
24386,MV,185,1,1
24386,MV,184,1,2
24387,BNS,115,1,1
24387,BNS,109,1,2
24388,MV,184,1,1
24389,BNS,318,1,1
24389,IT,66D,1,2
24389,BNS,338,1,3
24390,BNS,305,1,1
24390,BNS,309,1,2
24390,BNS,318,1,3
24391,BNS,111,1,1
24392,BNS,305,1,1
24392,BNS,303,1,2
24392,BNS,316,1,3
24393,BNS,189,1,1
24394,BNS,105,1,1
24394,BNS,118,1,2
24394,BNS,109,1,3
24395,BNS,318,1,1
24395,BNS,338,1,2
24395,IT,66D,1,3
24396,BNS,318,1,1
24396,BNS,305,1,2
24396,BNS,309,1,3
24397,IT,66D,1,1
24397,BNS,318,1,2
24398,MV,184,1,1
24399,ARMS,27,1,1
24400,BNS,318,1,1
24400,BNS,338,1,2
24401,BNS,109,1,1
24402,BNS,103,1,1
24402,BNS,115,1,2
24402,BNS,105,1,3
24403,BNS,318,1,1
24403,BNS,338,1,2
24403,IT,66D,1,3
24404,BNS,303,1,1
24404,BNS,316,1,2
24405,BNS,103,1,1
24406,BNS,318,1,1
24407,BNS,196,1,1
24407,BNS,189,1,2
24408,BNS,85,1,1
24410,BNS,318,1,1
24410,BNS,309,1,2
24411,BNS,316,1,1
24412,BNS,338,1,1
24413,BNS,310,1,1
24414,BNS,318,1,1
24415,BNS,331,1,1
24416,BNS,303,1,1
24416,BNS,316,1,2
24416,BNS,318,1,3
24417,BNS,85,1,1
24418,BNS,118,1,1
24418,BNS,115,1,2
24419,BNS,318,1,1
24419,BNS,338,1,2
24419,IT,66D,1,3
24420,MV,184,1,1
24420,MV,185,1,2
24422,BNS,112,1,1
24422,BNS,351,1,2
24423,BNS,310,1,1
24423,BNS,309,1,2
24423,BNS,318,1,3
24424,BNS,85,1,1
24424,BNS,78,1,2
24424,BNS,74,1,3
24425,BNS,140,1,1
24425,BNS,80,1,2
24426,BNS,105,1,1
24426,BNS,115,1,2
24426,BNS,103,1,3
24427,IT,66D,1,1
24428,BNS,316,1,1
24428,BNS,303,1,2
24429,BNS,191,1,1
24429,BNS,112,1,2
24430,MV,184,1,1
24430,MV,185,1,2
24431,BNS,196,1,1
24431,BNS,111,1,2
24432,BNS,331,1,1
24433,BNS,303,1,1
24433,BNS,318,1,2
24434,IT,66D,1,1
24434,BNS,318,1,2
24434,BNS,338,1,3
24435,BNS,310,1,1
24435,BNS,303,1,2
24435,BNS,318,1,3
24436,BNS,309,1,1
24437,BNS,191,1,1
24438,IT,66,1,1
24438,IT,66C,1,2
24439,MV,184,1,1
24440,BNS,331,1,1
24440,BNS,309,1,2
24441,BNS,64,1,1
24441,BNS,140,1,2
24442,ARMS,25,1,1
24442,EXCISE,32,1,2
24442,NDPS,8,1,3
24443,BNS,310,1,1
24443,BNS,316,1,2
24443,BNS,331,1,3
24444,BNS,80,1,1
24444,BNS,64,1,2
24444,BNS,78,1,3
24445,IT,66D,1,1
24446,BNS,111,1,1
24446,BNS,189,1,2
24447,BNS,111,1,1
24447,BNS,351,1,2
24447,BNS,191,1,3
24449,MV,184,1,1
24450,BNS,310,1,1
24451,BNS,191,1,1
24451,BNS,351,1,2
24451,BNS,189,1,3
24452,BNS,316,1,1
24453,BNS,316,1,1
24455,BNS,318,1,1
24456,BNS,305,1,1
24457,BNS,310,1,1
24458,BNS,118,1,1
24458,BNS,103,1,2
24459,BNS,118,1,1
24460,BNS,74,1,1
24461,MV,184,1,1
24462,BNS,118,1,1
24462,BNS,105,1,2
24463,IT,66D,1,1
24463,BNS,338,1,2
24464,BNS,80,1,1
24464,BNS,74,1,2
24466,IT,66,1,1
24467,BNS,305,1,1
24467,BNS,316,1,2
24468,IT,66C,1,1
24468,IT,66,1,2
24468,IT,66D,1,3
24469,BNS,74,1,1
24469,BNS,78,1,2
24470,BNS,310,1,1
24470,BNS,316,1,2
24470,BNS,303,1,3
24471,BNS,305,1,1
24471,BNS,303,1,2
24471,BNS,316,1,3
24472,NDPS,21,1,1
24473,EXCISE,32,1,1
24473,ARMS,25,1,2
24474,BNS,64,1,1
24474,BNS,80,1,2
24475,PC,7,1,1
24476,BNS,309,1,1
24476,BNS,318,1,2
24477,BNS,103,1,1
24477,BNS,118,1,2
24477,BNS,115,1,3
24478,BNS,140,1,1
24478,BNS,74,1,2
24479,BNS,310,1,1
24479,BNS,316,1,2
24480,BNS,318,1,1
24480,BNS,303,1,2
24480,BNS,309,1,3
24481,BNS,338,1,1
24481,IT,66D,1,2
24482,BNS,316,1,1
24482,BNS,310,1,2
24483,BNS,140,1,1
24483,POCSO,8,1,2
24483,POCSO,4,1,3
24484,BNS,80,1,1
24485,IT,66D,1,1
24485,BNS,318,1,2
24486,BNS,112,1,1
24487,BNS,318,1,1
24487,BNS,303,1,2
24487,BNS,309,1,3
24488,BNS,189,1,1
24488,BNS,196,1,2
24489,MV,184,1,1
24489,MV,185,1,2
24491,BNS,309,1,1
24491,BNS,305,1,2
24491,BNS,331,1,3
24492,BNS,305,1,1
24492,BNS,310,1,2
24494,BNS,85,1,1
24494,BNS,64,1,2
24494,BNS,78,1,3
24495,BNS,305,1,1
24495,BNS,316,1,2
24495,BNS,310,1,3
24496,BNS,305,1,1
24496,BNS,318,1,2
24497,BNS,80,1,1
24497,BNS,140,1,2
24497,BNS,78,1,3
24498,BNS,310,1,1
24498,BNS,316,1,2
24500,BNS,303,1,1
24501,BNS,303,1,1
24502,BNS,103,1,1
24503,BNS,80,1,1
24503,BNS,74,1,2
24503,BNS,140,1,3
24504,BNS,303,1,1
24504,BNS,309,1,2
24504,BNS,305,1,3
24505,BNS,318,1,1
24505,BNS,303,1,2
24506,ARMS,25,1,1
24506,EXCISE,32,1,2
24506,ARMS,27,1,3
24507,BNS,305,1,1
24507,BNS,309,1,2
24508,BNS,316,1,1
24508,BNS,318,1,2
24509,BNS,338,1,1
24510,BNS,318,1,1
24510,BNS,316,1,2
24510,BNS,305,1,3
24511,BNS,309,1,1
24512,BNS,331,1,1
24512,BNS,318,1,2
24512,BNS,316,1,3
24513,NDPS,20,1,1
24513,NDPS,8,1,2
24514,BNS,80,1,1
24515,BNS,64,1,1
24515,BNS,78,1,2
24516,BNS,305,1,1
24516,BNS,318,1,2
24516,BNS,303,1,3
24517,BNS,316,1,1
24518,BNS,105,1,1
24518,BNS,103,1,2
24519,BNS,351,1,1
24519,BNS,191,1,2
24520,BNS,305,1,1
24521,BNS,74,1,1
24522,BNS,309,1,1
24523,IT,66,1,1
24523,IT,66C,1,2
24523,IT,66D,1,3
24524,BNS,331,1,1
24525,BNS,305,1,1
24526,MV,184,1,1
24526,MV,185,1,2
24528,BNS,351,1,1
24528,BNS,111,1,2
24528,BNS,189,1,3
24530,BNS,305,1,1
24531,BNS,305,1,1
24531,BNS,303,1,2
24532,MV,184,1,1
24532,MV,185,1,2
24533,IT,66D,1,1
24533,BNS,318,1,2
24533,BNS,338,1,3
24534,BNS,103,1,1
24536,IT,66,1,1
24537,BNS,64,1,1
24537,BNS,78,1,2
24538,IT,66D,1,1
24538,IT,66,1,2
24539,IT,66D,1,1
24539,BNS,338,1,2
24540,BNS,338,1,1
24541,IT,66C,1,1
24541,IT,66D,1,2
24542,BNS,310,1,1
24543,BNS,316,1,1
24544,NDPS,21,1,1
24544,NDPS,8,1,2
24545,MV,185,1,1
24545,MV,184,1,2
24546,BNS,80,1,1
24546,BNS,140,1,2
24546,BNS,74,1,3
24547,BNS,318,1,1
24548,BNS,111,1,1
24549,BNS,118,1,1
24550,EXCISE,32,1,1
24551,BNS,140,1,1
24551,BNS,78,1,2
24551,BNS,64,1,3
24552,IT,66C,1,1
24552,IT,66,1,2
24552,IT,66D,1,3
24553,MV,184,1,1
24554,BNS,338,1,1
24554,IT,66D,1,2
24555,BNS,309,1,1
24555,BNS,316,1,2
24555,BNS,305,1,3
24556,NDPS,8,1,1
24556,ARMS,27,1,2
24556,NDPS,21,1,3
24557,BNS,338,1,1
24557,IT,66D,1,2
24558,BNS,109,1,1
24558,BNS,115,1,2
24559,MV,184,1,1
24559,MV,185,1,2
24560,BNS,115,1,1
24561,BNS,331,1,1
24562,BNS,78,1,1
24563,BNS,318,1,1
24563,IT,66D,1,2
24563,BNS,338,1,3
24564,BNS,316,1,1
24564,BNS,318,1,2
24565,BNS,331,1,1
24565,BNS,303,1,2
24566,MV,185,1,1
24567,BNS,64,1,1
24567,BNS,80,1,2
24568,BNS,310,1,1
24568,BNS,303,1,2
24569,BNS,338,1,1
24569,IT,66D,1,2
24570,BNS,318,1,1
24571,BNS,140,1,1
24571,POCSO,4,1,2
24572,BNS,305,1,1
24572,BNS,318,1,2
24573,BNS,303,1,1
24573,BNS,310,1,2
24574,BNS,140,1,1
24574,BNS,80,1,2
24575,PC,7,1,1
24576,BNS,303,1,1
24577,BNS,78,1,1
24577,BNS,64,1,2
24578,IT,66D,1,1
24579,BNS,78,1,1
24580,BNS,103,1,1
24580,BNS,118,1,2
24580,BNS,109,1,3
24581,MV,185,1,1
24582,BNS,351,1,1
24582,BNS,191,1,2
24582,BNS,112,1,3
24583,IT,66C,1,1
24583,IT,66D,1,2
24583,IT,66,1,3
24584,BNS,310,1,1
24584,BNS,331,1,2
24584,BNS,318,1,3
24585,NDPS,8,1,1
24585,NDPS,20,1,2
24586,BNS,74,1,1
24587,BNS,105,1,1
24588,BNS,331,1,1
24589,BNS,316,1,1
24590,BNS,309,1,1
24590,BNS,316,1,2
24590,BNS,303,1,3
24591,MV,184,1,1
24592,PC,7,1,1
24593,BNS,112,1,1
24593,BNS,351,1,2
24594,MV,185,1,1
24594,MV,184,1,2
24595,BNS,310,1,1
24595,BNS,309,1,2
24595,BNS,331,1,3
24596,MV,185,1,1
24597,MV,184,1,1
24598,BNS,303,1,1
24599,BNS,351,1,1
24599,BNS,196,1,2
24599,BNS,112,1,3
24600,MV,185,1,1
24600,MV,184,1,2
24601,IT,66D,1,1
24601,BNS,318,1,2
24601,BNS,338,1,3
24602,NDPS,21,1,1
24603,BNS,338,1,1
24604,BNS,115,1,1
24605,BNS,351,1,1
24605,BNS,196,1,2
24606,BNS,85,1,1
24606,BNS,78,1,2
24607,BNS,338,1,1
24607,IT,66D,1,2
24608,BNS,112,1,1
24608,BNS,189,1,2
24608,BNS,191,1,3
24609,NDPS,21,1,1
24610,BNS,305,1,1
24610,BNS,316,1,2
24611,BNS,309,1,1
24611,BNS,331,1,2
24611,BNS,305,1,3
24612,BNS,74,1,1
24612,BNS,85,1,2
24613,BNS,309,1,1
24614,MV,185,1,1
24615,IT,66D,1,1
24616,IT,66C,1,1
24616,IT,66D,1,2
24617,BNS,318,1,1
24617,BNS,303,1,2
24618,BNS,318,1,1
24619,BNS,316,1,1
24620,NDPS,20,1,1
24621,BNS,118,1,1
24621,BNS,115,1,2
24621,BNS,103,1,3
24622,BNS,318,1,1
24623,BNS,318,1,1
24623,BNS,305,1,2
24624,MV,185,1,1
24624,MV,184,1,2
24625,BNS,318,1,1
24625,BNS,310,1,2
24626,IT,66D,1,1
24626,BNS,338,1,2
24627,MV,184,1,1
24627,MV,185,1,2
24628,BNS,318,1,1
24628,BNS,338,1,2
24629,EXCISE,32,1,1
24629,NDPS,21,1,2
24629,ARMS,25,1,3
24630,BNS,338,1,1
24630,BNS,318,1,2
24630,IT,66D,1,3
24631,BNS,318,1,1
24631,IT,66D,1,2
24632,BNS,318,1,1
24632,BNS,331,1,2
24632,BNS,309,1,3
24633,BNS,64,1,1
24634,BNS,189,1,1
24634,BNS,112,1,2
24634,BNS,351,1,3
24635,BNS,109,1,1
24636,BNS,64,1,1
24636,BNS,78,1,2
24636,BNS,80,1,3
24637,BNS,310,1,1
24638,BNS,316,1,1
24638,BNS,309,1,2
24638,BNS,303,1,3
24639,MV,185,1,1
24640,BNS,303,1,1
24640,BNS,310,1,2
24641,MV,184,1,1
24642,BNS,310,1,1
24642,BNS,331,1,2
24642,BNS,303,1,3
24643,BNS,74,1,1
24643,BNS,140,1,2
24644,BNS,338,1,1
24644,BNS,318,1,2
24644,IT,66D,1,3
24645,IT,66D,1,1
24645,BNS,318,1,2
24645,BNS,338,1,3
24646,BNS,331,1,1
24646,BNS,318,1,2
24647,MV,185,1,1
24648,MV,185,1,1
24648,MV,184,1,2
24649,BNS,303,1,1
24649,BNS,316,1,2
24649,BNS,318,1,3
24650,BNS,140,1,1
24650,BNS,74,1,2
24650,BNS,64,1,3
24651,BNS,318,1,1
24651,BNS,309,1,2
24651,BNS,310,1,3
24652,BNS,331,1,1
24652,BNS,310,1,2
24653,IT,66,1,1
24653,IT,66C,1,2
24653,IT,66D,1,3
24654,BNS,338,1,1
24654,BNS,318,1,2
24654,IT,66D,1,3
24655,MV,184,1,1
24656,BNS,189,1,1
24656,BNS,196,1,2
24657,BNS,338,1,1
24658,BNS,318,1,1
24658,BNS,310,1,2
24659,BNS,331,1,1
24660,BNS,309,1,1
24661,BNS,140,1,1
24661,POCSO,4,1,2
24662,BNS,115,1,1
24662,BNS,118,1,2
24665,BNS,316,1,1
24667,IT,66C,1,1
24668,MV,184,1,1
24669,IT,66D,1,1
24669,BNS,318,1,2
24670,BNS,105,1,1
24671,IT,66D,1,1
24671,IT,66,1,2
24672,BNS,310,1,1
24672,BNS,305,1,2
24673,BNS,331,1,1
24673,BNS,303,1,2
24673,BNS,310,1,3
24674,IT,66C,1,1
24674,IT,66D,1,2
24675,BNS,331,1,1
24675,BNS,309,1,2
24676,BNS,115,1,1
24678,BNS,318,1,1
24679,BNS,103,1,1
24679,BNS,118,1,2
24679,BNS,115,1,3
24680,BNS,318,1,1
24681,MV,184,1,1
24681,MV,185,1,2
24682,MV,184,1,1
24682,MV,185,1,2
24683,BNS,331,1,1
24683,BNS,305,1,2
24684,BNS,105,1,1
24684,BNS,118,1,2
24685,IT,66D,1,1
24686,BNS,309,1,1
24686,BNS,305,1,2
24686,BNS,316,1,3
24687,NDPS,20,1,1
24687,NDPS,21,1,2
24687,EXCISE,32,1,3
24688,BNS,318,1,1
24689,BNS,338,1,1
24689,BNS,318,1,2
24690,BNS,303,1,1
24690,BNS,318,1,2
24691,BNS,316,1,1
24692,BNS,316,1,1
24693,NDPS,8,1,1
24694,BNS,109,1,1
24694,BNS,105,1,2
24694,BNS,118,1,3
24695,BNS,338,1,1
24695,IT,66D,1,2
24696,BNS,318,1,1
24696,BNS,331,1,2
24697,BNS,80,1,1
24697,BNS,85,1,2
24698,BNS,309,1,1
24698,BNS,305,1,2
24698,BNS,316,1,3
24699,BNS,118,1,1
24699,BNS,115,1,2
24700,BNS,318,1,1
24700,IT,66D,1,2
24701,BNS,115,1,1
24702,BNS,140,1,1
24702,BNS,85,1,2
24702,BNS,64,1,3
24703,BNS,103,1,1
24703,BNS,105,1,2
24703,BNS,118,1,3
24706,NDPS,21,1,1
24706,EXCISE,32,1,2
24707,BNS,303,1,1
24707,BNS,331,1,2
24707,BNS,309,1,3
24708,BNS,303,1,1
24709,ARMS,27,1,1
24710,BNS,316,1,1
24711,BNS,109,1,1
24712,BNS,331,1,1
24712,BNS,318,1,2
24714,BNS,318,1,1
24714,BNS,338,1,2
24714,IT,66D,1,3
24715,BNS,105,1,1
24716,BNS,318,1,1
24716,BNS,305,1,2
24716,BNS,310,1,3
24717,BNS,303,1,1
24717,BNS,316,1,2
24718,IT,66D,1,1
24718,BNS,338,1,2
24719,MV,184,1,1
24720,MV,184,1,1
24721,BNS,103,1,1
24721,BNS,115,1,2
24721,BNS,105,1,3
24722,MV,185,1,1
24723,BNS,338,1,1
24723,IT,66D,1,2
24724,BNS,305,1,1
24724,BNS,316,1,2
24724,BNS,310,1,3
24725,BNS,310,1,1
24725,BNS,316,1,2
24725,BNS,305,1,3
24726,BNS,115,1,1
24727,BNS,112,1,1
24727,BNS,196,1,2
24728,BNS,318,1,1
24728,IT,66D,1,2
24728,BNS,338,1,3
24729,BNS,316,1,1
24730,BNS,305,1,1
24730,BNS,310,1,2
24731,MV,184,1,1
24732,IT,66D,1,1
24732,BNS,318,1,2
24733,BNS,78,1,1
24734,BNS,331,1,1
24734,BNS,318,1,2
24734,BNS,303,1,3
24735,BNS,74,1,1
24735,BNS,64,1,2
24736,BNS,140,1,1
24736,BNS,74,1,2
24737,BNS,310,1,1
24737,BNS,331,1,2
24738,IT,66C,1,1
24738,IT,66,1,2
24738,IT,66D,1,3
24739,BNS,309,1,1
24739,BNS,303,1,2
24739,BNS,310,1,3
24740,NDPS,21,1,1
24740,ARMS,27,1,2
24740,NDPS,20,1,3
24741,MV,184,1,1
24741,MV,185,1,2
24742,BNS,331,1,1
24743,BNS,351,1,1
24744,BNS,309,1,1
24744,BNS,318,1,2
24744,BNS,310,1,3
24745,BNS,74,1,1
24745,BNS,140,1,2
24745,BNS,85,1,3
24746,BNS,338,1,1
24747,BNS,103,1,1
24747,BNS,109,1,2
24748,BNS,74,1,1
24749,BNS,112,1,1
24749,BNS,189,1,2
24750,IT,66C,1,1
24750,IT,66,1,2
24750,IT,66D,1,3
24751,IT,66D,1,1
24751,BNS,338,1,2
24751,BNS,318,1,3
24752,IT,66C,1,1
24753,BNS,331,1,1
24754,BNS,64,1,1
24754,BNS,140,1,2
24755,BNS,351,1,1
24755,BNS,112,1,2
24755,BNS,189,1,3
24756,BNS,64,1,1
24757,BNS,331,1,1
24758,MV,184,1,1
24759,IT,66D,1,1
24760,MV,184,1,1
24760,MV,185,1,2
24761,BNS,305,1,1
24761,BNS,303,1,2
24762,ARMS,25,1,1
24762,NDPS,20,1,2
24762,ARMS,27,1,3
24763,IT,66D,1,1
24763,BNS,338,1,2
24764,BNS,140,1,1
24765,IT,66D,1,1
24765,IT,66,1,2
24765,IT,66C,1,3
24766,BNS,309,1,1
24767,IT,66D,1,1
24768,BNS,109,1,1
24769,BNS,85,1,1
24769,BNS,140,1,2
24769,BNS,64,1,3
24770,IT,66D,1,1
24770,BNS,338,1,2
24771,BNS,318,1,1
24771,BNS,309,1,2
24771,BNS,303,1,3
24772,IT,66D,1,1
24772,BNS,318,1,2
24773,IT,66C,1,1
24774,BNS,305,1,1
24774,BNS,331,1,2
24774,BNS,303,1,3
24775,BNS,112,1,1
24775,BNS,196,1,2
24775,BNS,189,1,3
24776,BNS,305,1,1
24777,BNS,351,1,1
24777,BNS,112,1,2
24778,BNS,338,1,1
24778,BNS,318,1,2
24779,BNS,318,1,1
24780,BNS,112,1,1
24780,BNS,196,1,2
24780,BNS,351,1,3
24781,IT,66C,1,1
24781,IT,66D,1,2
24782,BNS,331,1,1
24782,BNS,316,1,2
24782,BNS,309,1,3
24784,BNS,64,1,1
24784,BNS,140,1,2
24784,BNS,85,1,3
24786,MV,185,1,1
24786,MV,184,1,2
24787,IT,66D,1,1
24787,IT,66C,1,2
24788,BNS,74,1,1
24789,BNS,309,1,1
24790,MV,185,1,1
24791,BNS,118,1,1
24791,BNS,105,1,2
24791,BNS,115,1,3
24792,BNS,331,1,1
24792,BNS,310,1,2
24793,BNS,78,1,1
24793,BNS,140,1,2
24794,MV,184,1,1
24795,BNS,303,1,1
24796,BNS,331,1,1
24797,BNS,64,1,1
24797,BNS,78,1,2
24797,BNS,74,1,3
24798,BNS,338,1,1
24798,IT,66D,1,2
24798,BNS,318,1,3
24799,BNS,318,1,1
24800,BNS,351,1,1
24800,BNS,112,1,2
24801,BNS,303,1,1
24802,BNS,318,1,1
24802,BNS,331,1,2
24802,BNS,310,1,3
24803,BNS,305,1,1
24805,BNS,338,1,1
24806,BNS,318,1,1
24806,BNS,310,1,2
24806,BNS,331,1,3
24807,BNS,191,1,1
24807,BNS,196,1,2
24808,IT,66,1,1
24808,IT,66D,1,2
24808,IT,66C,1,3
24809,BNS,331,1,1
24809,BNS,303,1,2
24810,BNS,115,1,1
24810,BNS,118,1,2
24811,BNS,80,1,1
24811,BNS,64,1,2
24812,BNS,140,1,1
24812,BNS,78,1,2
24812,BNS,80,1,3
24813,BNS,64,1,1
24813,BNS,74,1,2
24814,BNS,305,1,1
24815,BNS,85,1,1
24815,BNS,140,1,2
24815,BNS,80,1,3
24816,IT,66D,1,1
24816,BNS,318,1,2
24816,BNS,338,1,3
24817,MV,185,1,1
24818,BNS,140,1,1
24818,POCSO,4,1,2
24818,POCSO,8,1,3
24819,BNS,305,1,1
24819,BNS,310,1,2
24820,MV,184,1,1
24820,MV,185,1,2
24821,BNS,316,1,1
24821,BNS,310,1,2
24821,BNS,309,1,3
24822,IT,66C,1,1
24823,BNS,103,1,1
24823,BNS,115,1,2
24824,BNS,303,1,1
24825,BNS,109,1,1
24825,BNS,115,1,2
24826,BNS,318,1,1
24826,BNS,331,1,2
24826,BNS,309,1,3
24827,BNS,109,1,1
24828,POCSO,8,1,1
24829,NDPS,20,1,1
24829,ARMS,25,1,2
24829,NDPS,21,1,3
24830,BNS,310,1,1
24830,BNS,309,1,2
24830,BNS,331,1,3
24831,BNS,140,1,1
24831,BNS,85,1,2
24832,BNS,305,1,1
24832,BNS,318,1,2
24832,BNS,309,1,3
24833,BNS,140,1,1
24834,MV,185,1,1
24836,BNS,305,1,1
24836,BNS,310,1,2
24836,BNS,303,1,3
24837,BNS,80,1,1
24837,BNS,78,1,2
24837,BNS,140,1,3
24838,BNS,305,1,1
24839,BNS,310,1,1
24839,BNS,331,1,2
24840,BNS,316,1,1
24840,BNS,310,1,2
24840,BNS,331,1,3
24841,IT,66D,1,1
24842,BNS,316,1,1
24843,BNS,118,1,1
24844,BNS,105,1,1
24844,BNS,109,1,2
24844,BNS,118,1,3
24845,BNS,64,1,1
24846,BNS,305,1,1
24846,BNS,331,1,2
24846,BNS,303,1,3
24847,MV,184,1,1
24847,MV,185,1,2
24848,BNS,318,1,1
24848,BNS,316,1,2
24848,BNS,305,1,3
24849,IT,66D,1,1
24849,BNS,338,1,2
24850,BNS,303,1,1
24851,IT,66C,1,1
24851,IT,66D,1,2
24851,IT,66,1,3
24852,BNS,196,1,1
24853,BNS,305,1,1
24853,BNS,303,1,2
24853,BNS,310,1,3
24854,MV,184,1,1
24856,BNS,303,1,1
24856,BNS,309,1,2
24857,BNS,109,1,1
24857,BNS,103,1,2
24858,BNS,80,1,1
24858,BNS,140,1,2
24859,MV,184,1,1
24860,IT,66D,1,1
24861,BNS,64,1,1
24861,BNS,140,1,2
24862,POCSO,8,1,1
24863,BNS,64,1,1
24863,BNS,140,1,2
24864,BNS,316,1,1
24864,BNS,331,1,2
24864,BNS,305,1,3
24865,BNS,80,1,1
24865,BNS,78,1,2
24866,BNS,191,1,1
24867,BNS,303,1,1
24867,BNS,331,1,2
24868,BNS,74,1,1
24868,BNS,140,1,2
24868,BNS,64,1,3
24869,NDPS,8,1,1
24870,IT,66D,1,1
24870,BNS,318,1,2
24870,BNS,338,1,3
24871,BNS,316,1,1
24871,BNS,318,1,2
24872,BNS,316,1,1
24874,BNS,351,1,1
24874,BNS,196,1,2
24875,BNS,318,1,1
24876,BNS,310,1,1
24877,BNS,85,1,1
24877,BNS,80,1,2
24878,BNS,338,1,1
24878,BNS,318,1,2
24878,IT,66D,1,3
24879,BNS,303,1,1
24879,BNS,318,1,2
24880,BNS,318,1,1
24880,BNS,305,1,2
24880,BNS,331,1,3
24881,BNS,309,1,1
24881,BNS,318,1,2
24881,BNS,305,1,3
24883,BNS,111,1,1
24883,BNS,196,1,2
24884,BNS,64,1,1
24885,BNS,316,1,1
24885,BNS,303,1,2
24885,BNS,310,1,3
24886,BNS,191,1,1
24886,BNS,189,1,2
24887,BNS,338,1,1
24887,IT,66D,1,2
24887,BNS,318,1,3
24888,BNS,303,1,1
24888,BNS,316,1,2
24888,BNS,310,1,3
24889,BNS,109,1,1
24889,BNS,103,1,2
24889,BNS,115,1,3
24890,IT,66D,1,1
24891,BNS,338,1,1
24891,IT,66D,1,2
24892,NDPS,20,1,1
24893,MV,184,1,1
24893,MV,185,1,2
24894,BNS,331,1,1
24895,BNS,331,1,1
24895,BNS,318,1,2
24896,IT,66D,1,1
24896,IT,66C,1,2
24897,BNS,191,1,1
24897,BNS,111,1,2
24898,BNS,331,1,1
24899,BNS,78,1,1
24899,BNS,74,1,2
24899,BNS,64,1,3
24900,BNS,310,1,1
24900,BNS,316,1,2
24901,BNS,112,1,1
24902,PC,7,1,1
24903,BNS,310,1,1
24903,BNS,303,1,2
24903,BNS,318,1,3
24904,BNS,331,1,1
24904,BNS,316,1,2
24904,BNS,309,1,3
24905,MV,185,1,1
24906,BNS,309,1,1
24906,BNS,331,1,2
24907,BNS,303,1,1
24907,BNS,305,1,2
24908,NDPS,20,1,1
24908,NDPS,21,1,2
24909,BNS,305,1,1
24909,BNS,303,1,2
24910,BNS,338,1,1
24910,IT,66D,1,2
24910,BNS,318,1,3
24911,BNS,305,1,1
24911,BNS,316,1,2
24911,BNS,318,1,3
24912,MV,185,1,1
24913,BNS,331,1,1
24913,BNS,309,1,2
24915,BNS,338,1,1
24915,BNS,318,1,2
24916,MV,184,1,1
24918,BNS,196,1,1
24919,BNS,351,1,1
24919,BNS,189,1,2
24920,IT,66D,1,1
24921,BNS,351,1,1
24921,BNS,112,1,2
24922,IT,66D,1,1
24923,MV,184,1,1
24923,MV,185,1,2
24924,BNS,318,1,1
24924,BNS,316,1,2
24925,BNS,305,1,1
24926,BNS,74,1,1
24926,BNS,80,1,2
24926,BNS,85,1,3
24927,IT,66D,1,1
24928,BNS,318,1,1
24929,MV,185,1,1
24930,BNS,351,1,1
24931,BNS,64,1,1
24931,BNS,80,1,2
24931,BNS,140,1,3
24932,BNS,316,1,1
24932,BNS,331,1,2
24932,BNS,318,1,3
24933,BNS,338,1,1
24933,BNS,318,1,2
24934,BNS,318,1,1
24934,BNS,338,1,2
24934,IT,66D,1,3
24935,BNS,318,1,1
24936,BNS,303,1,1
24936,BNS,305,1,2
24936,BNS,331,1,3
24937,BNS,103,1,1
24937,BNS,109,1,2
24937,BNS,118,1,3
24938,BNS,331,1,1
24938,BNS,310,1,2
24939,IT,66D,1,1
24940,BNS,78,1,1
24941,MV,184,1,1
24941,MV,185,1,2
24942,BNS,310,1,1
24943,BNS,309,1,1
24943,BNS,310,1,2
24943,BNS,316,1,3
24944,ARMS,27,1,1
24944,ARMS,25,1,2
24944,NDPS,21,1,3
24945,BNS,331,1,1
24946,BNS,303,1,1
24946,BNS,309,1,2
24947,BNS,74,1,1
24948,BNS,80,1,1
24949,ARMS,27,1,1
24949,ARMS,25,1,2
24949,NDPS,8,1,3
24950,MV,184,1,1
24951,BNS,309,1,1
24951,BNS,310,1,2
24952,BNS,318,1,1
24953,BNS,303,1,1
24953,BNS,318,1,2
24955,BNS,309,1,1
24955,BNS,331,1,2
24955,BNS,310,1,3
24956,BNS,338,1,1
24957,BNS,78,1,1
24959,BNS,316,1,1
24960,BNS,112,1,1
24960,BNS,189,1,2
24960,BNS,111,1,3
24961,BNS,303,1,1
24962,BNS,309,1,1
24962,BNS,316,1,2
24963,BNS,310,1,1
24963,BNS,303,1,2
24964,BNS,318,1,1
24966,BNS,309,1,1
24966,BNS,318,1,2
24968,ARMS,25,1,1
24968,EXCISE,32,1,2
24969,BNS,305,1,1
24970,BNS,111,1,1
24970,BNS,189,1,2
24971,IT,66D,1,1
24971,BNS,318,1,2
24971,BNS,338,1,3
24972,ARMS,25,1,1
24972,NDPS,20,1,2
24973,BNS,318,1,1
24973,BNS,303,1,2
24974,BNS,74,1,1
24974,BNS,78,1,2
24975,BNS,310,1,1
24975,BNS,303,1,2
24975,BNS,318,1,3
24976,BNS,303,1,1
24977,MV,185,1,1
24977,MV,184,1,2
24978,MV,185,1,1
24979,BNS,316,1,1
24980,BNS,103,1,1
24980,BNS,118,1,2
24980,BNS,105,1,3
24981,BNS,318,1,1
24982,BNS,305,1,1
24983,BNS,303,1,1
24984,BNS,80,1,1
24985,BNS,338,1,1
24985,IT,66D,1,2
24986,BNS,351,1,1
24986,BNS,112,1,2
24986,BNS,196,1,3
24987,BNS,318,1,1
24988,MV,185,1,1
24989,BNS,112,1,1
24989,BNS,111,1,2
24989,BNS,191,1,3
24990,ARMS,25,1,1
24990,EXCISE,32,1,2
24991,BNS,103,1,1
24991,BNS,105,1,2
24992,BNS,78,1,1
24993,BNS,115,1,1
24993,BNS,109,1,2
24995,NDPS,20,1,1
24996,MV,185,1,1
24997,MV,185,1,1
24997,MV,184,1,2
24998,BNS,303,1,1
24998,BNS,318,1,2
24999,MV,184,1,1
25000,BNS,115,1,1
25001,BNS,109,1,1
25002,IT,66D,1,1
25003,BNS,111,1,1
25004,BNS,118,1,1
25004,BNS,103,1,2
25004,BNS,115,1,3
25005,BNS,318,1,1
25005,BNS,305,1,2
25005,BNS,309,1,3
25006,BNS,331,1,1
25007,ARMS,25,1,1
25007,NDPS,8,1,2
25007,EXCISE,32,1,3
25008,IT,66C,1,1
25009,BNS,118,1,1
25009,BNS,105,1,2
25009,BNS,109,1,3
25010,MV,185,1,1
25010,MV,184,1,2
25011,MV,185,1,1
25012,BNS,80,1,1
25012,BNS,140,1,2
25013,IT,66D,1,1
25014,BNS,105,1,1
25015,BNS,115,1,1
25016,BNS,316,1,1
25016,BNS,303,1,2
25016,BNS,331,1,3
25017,BNS,331,1,1
25017,BNS,318,1,2
25017,BNS,305,1,3
25018,BNS,316,1,1
25018,BNS,310,1,2
25019,BNS,310,1,1
25019,BNS,318,1,2
25020,BNS,338,1,1
25021,BNS,140,1,1
25022,BNS,331,1,1
25022,BNS,318,1,2
25024,BNS,140,1,1
25025,EXCISE,32,1,1
25025,NDPS,20,1,2
25025,ARMS,25,1,3
25026,BNS,318,1,1
25026,BNS,338,1,2
25026,IT,66D,1,3
25027,MV,185,1,1
25027,MV,184,1,2
25028,BNS,318,1,1
25029,POCSO,4,1,1
25029,BNS,140,1,2
25030,MV,184,1,1
25030,MV,185,1,2
25031,BNS,80,1,1
25031,BNS,74,1,2
25032,BNS,74,1,1
25032,BNS,85,1,2
25033,BNS,316,1,1
25033,BNS,305,1,2
25033,BNS,303,1,3
25034,BNS,316,1,1
25035,BNS,303,1,1
25035,BNS,331,1,2
25036,MV,185,1,1
25036,MV,184,1,2
25037,BNS,318,1,1
25037,BNS,310,1,2
25037,BNS,316,1,3
25038,BNS,309,1,1
25038,BNS,303,1,2
25039,BNS,318,1,1
25039,BNS,309,1,2
25040,BNS,310,1,1
25040,BNS,331,1,2
25041,MV,185,1,1
25041,MV,184,1,2
25042,MV,184,1,1
25042,MV,185,1,2
25043,MV,185,1,1
25043,MV,184,1,2
25044,BNS,309,1,1
25045,MV,185,1,1
25045,MV,184,1,2
25046,BNS,112,1,1
25046,BNS,189,1,2
25047,BNS,111,1,1
25047,BNS,189,1,2
25048,BNS,191,1,1
25048,BNS,351,1,2
25048,BNS,196,1,3
25049,BNS,310,1,1
25049,BNS,316,1,2
25050,BNS,80,1,1
25051,EXCISE,32,1,1
25052,EXCISE,32,1,1
25052,ARMS,27,1,2
25052,ARMS,25,1,3
25053,BNS,303,1,1
25054,BNS,303,1,1
25054,BNS,310,1,2
25054,BNS,309,1,3
25055,BNS,78,1,1
25055,BNS,80,1,2
25056,BNS,78,1,1
25057,MV,185,1,1
25058,BNS,64,1,1
25059,BNS,309,1,1
25059,BNS,318,1,2
25059,BNS,331,1,3
25060,BNS,105,1,1
25061,BNS,105,1,1
25061,BNS,115,1,2
25062,BNS,318,1,1
25064,MV,185,1,1
25065,BNS,316,1,1
25065,BNS,318,1,2
25065,BNS,310,1,3
25066,BNS,196,1,1
25067,BNS,105,1,1
25068,BNS,115,1,1
25068,BNS,109,1,2
25069,BNS,309,1,1
25069,BNS,331,1,2
25070,BNS,303,1,1
25070,BNS,331,1,2
25070,BNS,310,1,3
25071,BNS,78,1,1
25071,BNS,64,1,2
25072,BNS,318,1,1
25073,IT,66D,1,1
25073,BNS,318,1,2
25074,BNS,351,1,1
25075,BNS,118,1,1
25075,BNS,109,1,2
25075,BNS,105,1,3
25076,BNS,303,1,1
25077,BNS,331,1,1
25077,BNS,318,1,2
25077,BNS,303,1,3
25079,MV,185,1,1
25080,BNS,310,1,1
25080,BNS,309,1,2
25080,BNS,331,1,3
25081,BNS,118,1,1
25082,BNS,189,1,1
25083,BNS,310,1,1
25083,BNS,331,1,2
25083,BNS,309,1,3
25084,POCSO,8,1,1
25085,BNS,338,1,1
25086,ARMS,25,1,1
25086,NDPS,20,1,2
25087,BNS,115,1,1
25087,BNS,105,1,2
25088,BNS,189,1,1
25088,BNS,351,1,2
25089,BNS,109,1,1
25090,ARMS,27,1,1
25090,NDPS,20,1,2
25091,BNS,78,1,1
25092,BNS,331,1,1
25093,BNS,318,1,1
25094,BNS,316,1,1
25095,BNS,338,1,1
25095,IT,66D,1,2
25095,BNS,318,1,3
25096,IT,66D,1,1
25096,BNS,318,1,2
25097,BNS,112,1,1
25097,BNS,196,1,2
25098,MV,184,1,1
25098,MV,185,1,2
25099,MV,184,1,1
25100,BNS,118,1,1
25100,BNS,115,1,2
25100,BNS,103,1,3
25101,BNS,103,1,1
25102,BNS,316,1,1
25102,BNS,305,1,2
25103,BNS,318,1,1
25103,BNS,305,1,2
25103,BNS,310,1,3
25104,BNS,118,1,1
25105,BNS,105,1,1
25105,BNS,103,1,2
25105,BNS,118,1,3
25106,BNS,316,1,1
25106,BNS,303,1,2
25106,BNS,318,1,3
25107,BNS,331,1,1
25107,BNS,318,1,2
25107,BNS,309,1,3
25108,BNS,196,1,1
25108,BNS,189,1,2
25109,IT,66D,1,1
25109,BNS,338,1,2
25109,BNS,318,1,3
25110,IT,66D,1,1
25110,BNS,338,1,2
25111,BNS,303,1,1
25111,BNS,318,1,2
25111,BNS,316,1,3
25112,BNS,74,1,1
25113,BNS,105,1,1
25113,BNS,109,1,2
25113,BNS,115,1,3
25114,BNS,331,1,1
25114,BNS,309,1,2
25115,BNS,331,1,1
25116,BNS,351,1,1
25117,ARMS,25,1,1
25117,NDPS,21,1,2
25118,NDPS,8,1,1
25118,ARMS,25,1,2
25118,NDPS,21,1,3
25119,BNS,109,1,1
25119,BNS,118,1,2
25120,BNS,303,1,1
25120,BNS,318,1,2
25121,BNS,331,1,1
25121,BNS,303,1,2
25122,NDPS,21,1,1
25122,ARMS,25,1,2
25123,POCSO,8,1,1
25123,BNS,140,1,2
25123,POCSO,4,1,3
25124,BNS,310,1,1
25126,MV,185,1,1
25128,BNS,318,1,1
25128,BNS,305,1,2
25128,BNS,303,1,3
25130,BNS,305,1,1
25130,BNS,318,1,2
25131,BNS,74,1,1
25131,BNS,85,1,2
25131,BNS,64,1,3
25132,BNS,318,1,1
25133,BNS,111,1,1
25133,BNS,351,1,2
25133,BNS,112,1,3
25134,BNS,318,1,1
25135,BNS,111,1,1
25135,BNS,189,1,2
25136,BNS,316,1,1
25136,BNS,331,1,2
25137,BNS,105,1,1
25137,BNS,115,1,2
25137,BNS,118,1,3
25138,BNS,115,1,1
25138,BNS,118,1,2
25139,BNS,111,1,1
25140,MV,185,1,1
25142,BNS,78,1,1
25142,BNS,85,1,2
25143,BNS,316,1,1
25143,BNS,331,1,2
25143,BNS,305,1,3
25144,BNS,331,1,1
25145,BNS,303,1,1
25145,BNS,305,1,2
25146,BNS,305,1,1
25146,BNS,303,1,2
25147,NDPS,8,1,1
25147,NDPS,20,1,2
25148,IT,66D,1,1
25148,IT,66,1,2
25148,IT,66C,1,3
25149,BNS,316,1,1
25149,BNS,303,1,2
25149,BNS,305,1,3
25150,IT,66D,1,1
25150,BNS,338,1,2
25151,BNS,338,1,1
25151,IT,66D,1,2
25151,BNS,318,1,3
25152,BNS,64,1,1
25153,BNS,331,1,1
25154,BNS,309,1,1
25154,BNS,331,1,2
25154,BNS,310,1,3
25155,BNS,305,1,1
25155,BNS,316,1,2
25155,BNS,310,1,3
25156,BNS,105,1,1
25156,BNS,118,1,2
25157,IT,66D,1,1
25158,BNS,318,1,1
25159,BNS,109,1,1
25159,BNS,105,1,2
25159,BNS,115,1,3
25160,BNS,316,1,1
25161,BNS,338,1,1
25162,BNS,316,1,1
25162,BNS,309,1,2
25163,NDPS,8,1,1
25163,ARMS,25,1,2
25164,BNS,318,1,1
25165,BNS,316,1,1
25165,BNS,318,1,2
25165,BNS,331,1,3
25166,BNS,109,1,1
25166,BNS,103,1,2
25167,BNS,303,1,1
25168,BNS,303,1,1
25168,BNS,318,1,2
25168,BNS,310,1,3
25169,BNS,318,1,1
25169,BNS,310,1,2
25169,BNS,331,1,3
25170,IT,66D,1,1
25170,BNS,338,1,2
25170,BNS,318,1,3
25171,BNS,318,1,1
25171,BNS,331,1,2
25171,BNS,305,1,3
25172,BNS,310,1,1
25172,BNS,303,1,2
25172,BNS,318,1,3
25173,BNS,316,1,1
25173,BNS,309,1,2
25174,BNS,105,1,1
25174,BNS,118,1,2
25174,BNS,115,1,3
25175,IT,66C,1,1
25175,IT,66D,1,2
25176,BNS,316,1,1
25176,BNS,310,1,2
25176,BNS,318,1,3
25177,MV,185,1,1
25177,MV,184,1,2
25178,MV,185,1,1
25178,MV,184,1,2
25179,BNS,318,1,1
25180,BNS,118,1,1
25180,BNS,103,1,2
25180,BNS,115,1,3
25181,BNS,310,1,1
25181,BNS,331,1,2
25181,BNS,316,1,3
25182,BNS,318,1,1
25182,BNS,316,1,2
25183,BNS,331,1,1
25183,BNS,303,1,2
25183,BNS,318,1,3
25184,BNS,115,1,1
25184,BNS,105,1,2
25184,BNS,118,1,3
25185,BNS,85,1,1
25185,BNS,78,1,2
25185,BNS,74,1,3
25186,BNS,331,1,1
25187,BNS,331,1,1
25187,BNS,310,1,2
25188,BNS,115,1,1
25188,BNS,118,1,2
25188,BNS,103,1,3
25189,BNS,316,1,1
25189,BNS,305,1,2
25189,BNS,309,1,3
25190,BNS,196,1,1
25191,BNS,310,1,1
25192,BNS,303,1,1
25193,MV,184,1,1
25193,MV,185,1,2
25194,NDPS,21,1,1
25195,MV,184,1,1
25195,MV,185,1,2
25196,BNS,78,1,1
25196,BNS,85,1,2
25197,MV,185,1,1
25197,MV,184,1,2
25198,BNS,331,1,1
25198,BNS,316,1,2
25198,BNS,318,1,3
25199,BNS,331,1,1
25200,BNS,303,1,1
25200,BNS,305,1,2
25200,BNS,331,1,3
25201,IT,66D,1,1
25202,BNS,309,1,1
25202,BNS,316,1,2
25203,BNS,118,1,1
25203,BNS,109,1,2
25203,BNS,105,1,3
25204,BNS,103,1,1
25204,BNS,115,1,2
25205,BNS,318,1,1
25206,BNS,310,1,1
25206,BNS,303,1,2
25206,BNS,331,1,3
25207,BNS,140,1,1
25207,BNS,78,1,2
25207,BNS,74,1,3
25208,BNS,115,1,1
25208,BNS,103,1,2
25209,IT,66D,1,1
25209,BNS,318,1,2
25209,BNS,338,1,3
25210,BNS,103,1,1
25211,MV,185,1,1
25211,MV,184,1,2
25212,BNS,112,1,1
25212,BNS,189,1,2
25212,BNS,111,1,3
25213,BNS,318,1,1
25213,BNS,338,1,2
25214,BNS,112,1,1
25215,BNS,316,1,1
25215,BNS,305,1,2
25215,BNS,309,1,3
25216,BNS,103,1,1
25216,BNS,118,1,2
25216,BNS,115,1,3
25218,MV,184,1,1
25218,MV,185,1,2
25219,BNS,331,1,1
25220,BNS,112,1,1
25220,BNS,191,1,2
25221,BNS,64,1,1
25222,BNS,140,1,1
25223,BNS,310,1,1
25223,BNS,303,1,2
25223,BNS,309,1,3
25224,BNS,80,1,1
25224,BNS,140,1,2
25225,BNS,318,1,1
25225,BNS,338,1,2
25226,MV,184,1,1
25226,MV,185,1,2
25228,BNS,64,1,1
25228,BNS,85,1,2
25229,BNS,331,1,1
25229,BNS,309,1,2
25229,BNS,318,1,3
25230,BNS,140,1,1
25230,POCSO,8,1,2
25231,MV,185,1,1
25232,BNS,303,1,1
25232,BNS,316,1,2
25233,BNS,196,1,1
25233,BNS,189,1,2
25234,BNS,338,1,1
25235,BNS,309,1,1
25235,BNS,303,1,2
25236,MV,185,1,1
25236,MV,184,1,2
25237,BNS,331,1,1
25238,BNS,309,1,1
25239,BNS,318,1,1
25240,MV,185,1,1
25240,MV,184,1,2
25241,BNS,80,1,1
25241,BNS,64,1,2
25242,IT,66,1,1
25243,NDPS,8,1,1
25244,BNS,338,1,1
25245,BNS,316,1,1
25245,BNS,309,1,2
25245,BNS,318,1,3
25246,IT,66D,1,1
25247,BNS,310,1,1
25248,BNS,118,1,1
25248,BNS,109,1,2
25249,BNS,305,1,1
25249,BNS,331,1,2
25249,BNS,303,1,3
25250,BNS,196,1,1
25251,BNS,112,1,1
25251,BNS,191,1,2
25251,BNS,111,1,3
25252,BNS,318,1,1
25252,BNS,310,1,2
25253,IT,66C,1,1
25254,BNS,318,1,1
25254,BNS,303,1,2
25255,BNS,331,1,1
25255,BNS,309,1,2
25256,IT,66D,1,1
25257,BNS,305,1,1
25257,BNS,331,1,2
25258,BNS,318,1,1
25258,IT,66D,1,2
25259,BNS,318,1,1
25259,BNS,303,1,2
25260,MV,184,1,1
25261,BNS,115,1,1
25261,BNS,118,1,2
25262,BNS,338,1,1
25263,BNS,310,1,1
25263,BNS,305,1,2
25263,BNS,303,1,3
25264,BNS,196,1,1
25264,BNS,111,1,2
25264,BNS,191,1,3
25265,BNS,338,1,1
25265,IT,66D,1,2
25265,BNS,318,1,3
25266,BNS,331,1,1
25267,MV,184,1,1
25267,MV,185,1,2
25268,BNS,112,1,1
25268,BNS,196,1,2
25269,BNS,64,1,1
25270,BNS,318,1,1
25270,BNS,305,1,2
25271,BNS,310,1,1
25271,BNS,305,1,2
25272,BNS,351,1,1
25272,BNS,112,1,2
25272,BNS,111,1,3
25274,BNS,109,1,1
25275,BNS,318,1,1
25276,NDPS,8,1,1
25276,ARMS,25,1,2
25277,BNS,310,1,1
25277,BNS,331,1,2
25277,BNS,305,1,3
25278,BNS,105,1,1
25279,ARMS,25,1,1
25279,NDPS,8,1,2
25279,EXCISE,32,1,3
25281,BNS,303,1,1
25281,BNS,331,1,2
25282,BNS,318,1,1
25282,BNS,338,1,2
25282,IT,66D,1,3
25283,MV,185,1,1
25284,BNS,105,1,1
25284,BNS,109,1,2
25284,BNS,103,1,3
25285,MV,184,1,1
25286,BNS,331,1,1
25286,BNS,309,1,2
25286,BNS,316,1,3
25287,BNS,191,1,1
25287,BNS,112,1,2
25288,BNS,338,1,1
25289,BNS,318,1,1
25289,IT,66D,1,2
25290,BNS,191,1,1
25290,BNS,112,1,2
25290,BNS,189,1,3
25292,BNS,303,1,1
25292,BNS,305,1,2
25293,BNS,338,1,1
25294,BNS,338,1,1
25295,IT,66D,1,1
25295,BNS,338,1,2
25296,BNS,316,1,1
25296,BNS,305,1,2
25296,BNS,303,1,3
25297,BNS,103,1,1
25297,BNS,118,1,2
25297,BNS,109,1,3
25298,BNS,310,1,1
25298,BNS,303,1,2
25298,BNS,318,1,3
25299,NDPS,20,1,1
25299,NDPS,8,1,2
25299,NDPS,21,1,3
25300,BNS,318,1,1
25300,BNS,303,1,2
25300,BNS,310,1,3
25301,BNS,80,1,1
25301,BNS,78,1,2
25302,BNS,103,1,1
25302,BNS,109,1,2
25302,BNS,118,1,3
25303,BNS,316,1,1
25303,BNS,305,1,2
25303,BNS,310,1,3
25304,BNS,74,1,1
25305,MV,185,1,1
25306,BNS,305,1,1
25306,BNS,310,1,2
25307,BNS,103,1,1
25307,BNS,115,1,2
25307,BNS,109,1,3
25308,BNS,316,1,1
25309,BNS,78,1,1
25310,BNS,305,1,1
25310,BNS,310,1,2
25310,BNS,309,1,3
25311,EXCISE,32,1,1
25312,BNS,318,1,1
25313,BNS,331,1,1
25313,BNS,303,1,2
25314,BNS,316,1,1
25314,BNS,310,1,2
25315,BNS,309,1,1
25315,BNS,331,1,2
25315,BNS,310,1,3
25316,BNS,310,1,1
25316,BNS,331,1,2
25316,BNS,318,1,3
25317,IT,66D,1,1
25317,BNS,338,1,2
25318,BNS,309,1,1
25318,BNS,310,1,2
25319,NDPS,21,1,1
25319,NDPS,20,1,2
25320,BNS,310,1,1
25320,BNS,309,1,2
25320,BNS,303,1,3
25321,BNS,105,1,1
25321,BNS,103,1,2
25322,BNS,140,1,1
25322,BNS,85,1,2
25324,NDPS,20,1,1
25324,ARMS,25,1,2
25325,MV,185,1,1
25326,BNS,80,1,1
25326,BNS,74,1,2
25327,BNS,191,1,1
25327,BNS,111,1,2
25327,BNS,189,1,3
25328,BNS,310,1,1
25328,BNS,316,1,2
25329,BNS,318,1,1
25330,BNS,338,1,1
25330,IT,66D,1,2
25331,IT,66D,1,1
25331,BNS,338,1,2
25332,BNS,118,1,1
25333,MV,184,1,1
25333,MV,185,1,2
25334,BNS,305,1,1
25334,BNS,331,1,2
25334,BNS,309,1,3
25335,MV,185,1,1
25335,MV,184,1,2
25336,ARMS,25,1,1
25336,NDPS,20,1,2
25336,NDPS,21,1,3
25337,BNS,303,1,1
25337,BNS,331,1,2
25338,BNS,303,1,1
25339,BNS,351,1,1
25340,BNS,310,1,1
25340,BNS,318,1,2
25340,BNS,303,1,3
25341,MV,185,1,1
25342,BNS,140,1,1
25342,BNS,64,1,2
25343,BNS,85,1,1
25344,BNS,316,1,1
25345,POCSO,8,1,1
25346,BNS,338,1,1
25346,IT,66D,1,2
25346,BNS,318,1,3
25347,BNS,309,1,1
25347,BNS,318,1,2
25347,BNS,316,1,3
25348,MV,184,1,1
25348,MV,185,1,2
25349,BNS,85,1,1
25349,BNS,64,1,2
25350,BNS,309,1,1
25350,BNS,318,1,2
25350,BNS,316,1,3
25351,ARMS,27,1,1
25352,BNS,309,1,1
25352,BNS,303,1,2
25353,MV,185,1,1
25354,BNS,338,1,1
25354,IT,66D,1,2
25354,BNS,318,1,3
25355,IT,66D,1,1
25355,IT,66,1,2
25355,IT,66C,1,3
25356,BNS,310,1,1
25357,BNS,318,1,1
25357,IT,66D,1,2
25357,BNS,338,1,3
25358,BNS,196,1,1
25358,BNS,112,1,2
25359,BNS,316,1,1
25359,BNS,310,1,2
25359,BNS,305,1,3
25360,BNS,310,1,1
25360,BNS,331,1,2
25360,BNS,318,1,3
25361,BNS,338,1,1
25361,IT,66D,1,2
25362,BNS,109,1,1
25363,BNS,318,1,1
25363,BNS,338,1,2
25363,IT,66D,1,3
25364,BNS,331,1,1
25364,BNS,318,1,2
25364,BNS,310,1,3
25365,BNS,112,1,1
25366,BNS,303,1,1
25367,BNS,331,1,1
25368,BNS,338,1,1
25368,BNS,318,1,2
25368,IT,66D,1,3
25369,BNS,318,1,1
25369,IT,66D,1,2
25370,BNS,118,1,1
25370,BNS,103,1,2
25371,MV,185,1,1
25372,BNS,140,1,1
25373,BNS,103,1,1
25373,BNS,118,1,2
25374,IT,66D,1,1
25374,IT,66,1,2
25374,IT,66C,1,3
25375,BNS,103,1,1
25375,BNS,105,1,2
25375,BNS,118,1,3
25376,BNS,112,1,1
25377,IT,66D,1,1
25377,BNS,318,1,2
25378,IT,66D,1,1
25378,IT,66C,1,2
25379,EXCISE,32,1,1
25379,ARMS,27,1,2
25379,NDPS,8,1,3
25380,BNS,103,1,1
25381,BNS,316,1,1
25382,BNS,309,1,1
25382,BNS,316,1,2
25382,BNS,331,1,3
25383,BNS,191,1,1
25383,BNS,196,1,2
25384,BNS,112,1,1
25384,BNS,191,1,2
25385,BNS,64,1,1
25385,BNS,78,1,2
25386,PC,7,1,1
25387,BNS,140,1,1
25388,BNS,105,1,1
25388,BNS,118,1,2
25388,BNS,115,1,3
25389,BNS,318,1,1
25389,BNS,305,1,2
25390,MV,184,1,1
25392,BNS,305,1,1
25392,BNS,318,1,2
25392,BNS,303,1,3
25393,BNS,115,1,1
25393,BNS,118,1,2
25393,BNS,105,1,3
25394,BNS,115,1,1
25395,BNS,85,1,1
25396,BNS,331,1,1
25396,BNS,316,1,2
25397,BNS,338,1,1
25397,BNS,318,1,2
25397,IT,66D,1,3
25399,BNS,191,1,1
25399,BNS,351,1,2
25400,BNS,331,1,1
25400,BNS,318,1,2
25401,BNS,305,1,1
25402,BNS,118,1,1
25403,BNS,111,1,1
25404,BNS,309,1,1
25404,BNS,310,1,2
25405,IT,66,1,1
25405,IT,66C,1,2
25406,BNS,309,1,1
25406,BNS,303,1,2
25407,BNS,331,1,1
25409,POCSO,8,1,1
25409,BNS,140,1,2
25409,POCSO,4,1,3
25410,BNS,309,1,1
25411,BNS,338,1,1
25411,BNS,318,1,2
25411,IT,66D,1,3
25412,BNS,115,1,1
25412,BNS,105,1,2
25414,BNS,318,1,1
25415,BNS,310,1,1
25416,BNS,118,1,1
25416,BNS,115,1,2
25416,BNS,109,1,3
25417,BNS,318,1,1
25417,IT,66D,1,2
25418,MV,185,1,1
25419,MV,185,1,1
25420,BNS,318,1,1
25420,IT,66D,1,2
25420,BNS,338,1,3
25421,MV,185,1,1
25422,IT,66D,1,1
25423,BNS,140,1,1
25423,BNS,64,1,2
25423,BNS,78,1,3
25424,BNS,303,1,1
25425,BNS,140,1,1
25425,BNS,64,1,2
25426,BNS,305,1,1
25427,IT,66D,1,1
25427,BNS,318,1,2
25428,BNS,191,1,1
25428,BNS,189,1,2
25429,BNS,318,1,1
25429,BNS,303,1,2
25430,NDPS,8,1,1
25430,ARMS,27,1,2
25431,BNS,103,1,1
25432,BNS,310,1,1
25433,BNS,351,1,1
25433,BNS,111,1,2
25434,BNS,105,1,1
25434,BNS,103,1,2
25434,BNS,109,1,3
25436,BNS,318,1,1
25436,IT,66D,1,2
25437,BNS,309,1,1
25438,BNS,303,1,1
25438,BNS,305,1,2
25439,BNS,78,1,1
25440,BNS,310,1,1
25440,BNS,305,1,2
25440,BNS,309,1,3
25442,BNS,191,1,1
25442,BNS,196,1,2
25443,BNS,74,1,1
25444,MV,185,1,1
25444,MV,184,1,2
25445,BNS,316,1,1
25446,BNS,331,1,1
25447,NDPS,8,1,1
25447,NDPS,21,1,2
25447,NDPS,20,1,3
25448,BNS,103,1,1
25448,BNS,118,1,2
25448,BNS,109,1,3
25449,IT,66D,1,1
25450,BNS,112,1,1
25450,BNS,111,1,2
25451,MV,185,1,1
25452,BNS,331,1,1
25453,BNS,309,1,1
25453,BNS,305,1,2
25453,BNS,331,1,3
25454,BNS,305,1,1
25455,BNS,338,1,1
25455,BNS,318,1,2
25456,BNS,310,1,1
25456,BNS,331,1,2
25457,BNS,303,1,1
25457,BNS,309,1,2
25457,BNS,310,1,3
25458,MV,185,1,1
25458,MV,184,1,2
25459,BNS,310,1,1
25459,BNS,331,1,2
25460,MV,185,1,1
25461,BNS,316,1,1
25461,BNS,310,1,2
25461,BNS,309,1,3
25462,BNS,118,1,1
25462,BNS,109,1,2
25462,BNS,103,1,3
25463,BNS,309,1,1
25463,BNS,331,1,2
25463,BNS,318,1,3
25464,NDPS,8,1,1
25465,BNS,118,1,1
25465,BNS,115,1,2
25466,BNS,316,1,1
25467,BNS,103,1,1
25467,BNS,115,1,2
25467,BNS,109,1,3
25469,BNS,351,1,1
25469,BNS,196,1,2
25470,BNS,85,1,1
25470,BNS,78,1,2
25470,BNS,80,1,3
25471,BNS,305,1,1
25471,BNS,318,1,2
25471,BNS,310,1,3
25472,BNS,105,1,1
25472,BNS,103,1,2
25472,BNS,115,1,3
25473,BNS,109,1,1
25474,BNS,310,1,1
25475,BNS,305,1,1
25475,BNS,316,1,2
25476,BNS,118,1,1
25476,BNS,115,1,2
25476,BNS,103,1,3
25477,BNS,310,1,1
25477,BNS,331,1,2
25477,BNS,316,1,3
25478,BNS,303,1,1
25478,BNS,318,1,2
25478,BNS,316,1,3
25479,MV,185,1,1
25480,BNS,318,1,1
25481,BNS,305,1,1
25481,BNS,316,1,2
25482,BNS,305,1,1
25482,BNS,316,1,2
25483,MV,185,1,1
25484,BNS,105,1,1
25485,BNS,105,1,1
25485,BNS,103,1,2
25485,BNS,115,1,3
25486,IT,66D,1,1
25487,BNS,338,1,1
25487,BNS,318,1,2
25487,IT,66D,1,3
25488,BNS,316,1,1
25489,BNS,331,1,1
25489,BNS,316,1,2
25489,BNS,305,1,3
25490,BNS,305,1,1
25491,BNS,305,1,1
25491,BNS,316,1,2
25492,BNS,118,1,1
25492,BNS,115,1,2
25493,BNS,78,1,1
25493,BNS,74,1,2
25495,BNS,318,1,1
25495,BNS,309,1,2
25495,BNS,305,1,3
25496,BNS,105,1,1
25497,BNS,309,1,1
25498,IT,66C,1,1
25499,BNS,309,1,1
25499,BNS,318,1,2
25499,BNS,316,1,3
25500,POCSO,8,1,1
25501,MV,185,1,1
25502,BNS,196,1,1
25502,BNS,112,1,2
25502,BNS,351,1,3
25503,BNS,318,1,1
25503,BNS,309,1,2
25504,BNS,105,1,1
25504,BNS,109,1,2
25505,BNS,316,1,1
25505,BNS,331,1,2
25505,BNS,318,1,3
25507,BNS,338,1,1
25507,IT,66D,1,2
25508,BNS,103,1,1
25508,BNS,118,1,2
25508,BNS,109,1,3
25509,NDPS,20,1,1
25510,BNS,305,1,1
25510,BNS,331,1,2
25510,BNS,316,1,3
25511,NDPS,21,1,1
25512,PC,7,1,1
25513,BNS,115,1,1
25513,BNS,103,1,2
25513,BNS,109,1,3
25514,BNS,316,1,1
25515,IT,66D,1,1
25516,BNS,309,1,1
25517,ARMS,27,1,1
25517,NDPS,8,1,2
25518,BNS,109,1,1
25518,BNS,105,1,2
25519,ARMS,25,1,1
25519,NDPS,21,1,2
25519,EXCISE,32,1,3
25520,BNS,111,1,1
25521,MV,184,1,1
25521,MV,185,1,2
25522,BNS,331,1,1
25522,BNS,310,1,2
25522,BNS,309,1,3
25523,BNS,109,1,1
25524,MV,185,1,1
25524,MV,184,1,2
25525,BNS,115,1,1
25526,BNS,316,1,1
25526,BNS,310,1,2
25526,BNS,331,1,3
25527,BNS,303,1,1
25527,BNS,310,1,2
25527,BNS,316,1,3
25528,BNS,196,1,1
25528,BNS,111,1,2
25528,BNS,189,1,3
25529,BNS,310,1,1
25529,BNS,303,1,2
25530,BNS,310,1,1
25531,BNS,115,1,1
25532,MV,185,1,1
25533,NDPS,20,1,1
25533,ARMS,25,1,2
25533,NDPS,21,1,3
25535,BNS,309,1,1
25535,BNS,305,1,2
25536,BNS,331,1,1
25537,POCSO,8,1,1
25537,POCSO,4,1,2
25538,BNS,80,1,1
25538,BNS,140,1,2
25538,BNS,74,1,3
25539,BNS,331,1,1
25539,BNS,318,1,2
25540,MV,184,1,1
25540,MV,185,1,2
25541,BNS,103,1,1
25541,BNS,105,1,2
25541,BNS,115,1,3
25542,NDPS,20,1,1
25542,ARMS,25,1,2
25542,ARMS,27,1,3
25544,BNS,305,1,1
25544,BNS,316,1,2
25545,BNS,310,1,1
25546,BNS,318,1,1
25546,IT,66D,1,2
25548,BNS,118,1,1
25549,BNS,316,1,1
25550,BNS,103,1,1
25551,BNS,331,1,1
25551,BNS,318,1,2
25552,ARMS,27,1,1
25553,MV,185,1,1
25553,MV,184,1,2
25554,BNS,309,1,1
25554,BNS,310,1,2
25555,BNS,103,1,1
25557,BNS,310,1,1
25557,BNS,316,1,2
25557,BNS,309,1,3
25558,BNS,318,1,1
25558,IT,66D,1,2
25559,BNS,310,1,1
25559,BNS,331,1,2
25560,BNS,338,1,1
25561,BNS,318,1,1
25561,IT,66D,1,2
25561,BNS,338,1,3
25562,BNS,140,1,1
25562,BNS,78,1,2
25562,BNS,64,1,3
25563,BNS,303,1,1
25564,BNS,318,1,1
25564,BNS,338,1,2
25564,IT,66D,1,3
25565,BNS,303,1,1
25566,BNS,109,1,1
25566,BNS,118,1,2
25567,BNS,196,1,1
25567,BNS,112,1,2
25567,BNS,351,1,3
25568,MV,184,1,1
25569,ARMS,25,1,1
25569,EXCISE,32,1,2
25570,BNS,303,1,1
25570,BNS,310,1,2
25570,BNS,309,1,3
25571,BNS,310,1,1
25571,BNS,305,1,2
25572,BNS,111,1,1
25574,MV,184,1,1
25575,BNS,310,1,1
25575,BNS,303,1,2
25575,BNS,305,1,3
25576,BNS,303,1,1
25577,BNS,309,1,1
25578,BNS,303,1,1
25578,BNS,331,1,2
25579,MV,185,1,1
25579,MV,184,1,2
25580,ARMS,25,1,1
25580,EXCISE,32,1,2
25580,NDPS,8,1,3
25581,BNS,140,1,1
25581,POCSO,8,1,2
25581,POCSO,4,1,3
25582,BNS,310,1,1
25582,BNS,309,1,2
25583,BNS,305,1,1
25584,BNS,64,1,1
25584,BNS,140,1,2
25585,BNS,303,1,1
25586,MV,184,1,1
25587,MV,184,1,1
25588,MV,185,1,1
25589,BNS,316,1,1
25590,BNS,85,1,1
25590,BNS,74,1,2
25590,BNS,78,1,3
25591,NDPS,21,1,1
25592,BNS,316,1,1
25592,BNS,318,1,2
25592,BNS,305,1,3
25593,BNS,338,1,1
25594,BNS,303,1,1
25595,ARMS,27,1,1
25596,BNS,318,1,1
25596,BNS,309,1,2
25596,BNS,331,1,3
25597,BNS,316,1,1
25597,BNS,318,1,2
25598,BNS,338,1,1
25599,BNS,309,1,1
25599,BNS,316,1,2
25599,BNS,310,1,3
25602,IT,66D,1,1
25602,BNS,318,1,2
25602,BNS,338,1,3
25603,BNS,309,1,1
25603,BNS,316,1,2
25604,BNS,316,1,1
25604,BNS,310,1,2
25605,BNS,318,1,1
25605,BNS,310,1,2
25605,BNS,309,1,3
25606,BNS,318,1,1
25606,IT,66D,1,2
25606,BNS,338,1,3
25607,BNS,305,1,1
25607,BNS,309,1,2
25607,BNS,316,1,3
25608,IT,66,1,1
25608,IT,66D,1,2
25608,IT,66C,1,3
25609,BNS,305,1,1
25609,BNS,316,1,2
25609,BNS,318,1,3
25610,BNS,118,1,1
25610,BNS,103,1,2
25611,IT,66D,1,1
25611,BNS,338,1,2
25612,BNS,80,1,1
25612,BNS,78,1,2
25612,BNS,64,1,3
25613,BNS,331,1,1
25613,BNS,305,1,2
25613,BNS,309,1,3
25614,BNS,105,1,1
25614,BNS,103,1,2
25615,BNS,85,1,1
25616,BNS,189,1,1
25616,BNS,191,1,2
25617,BNS,331,1,1
25617,BNS,305,1,2
25617,BNS,318,1,3
25618,BNS,316,1,1
25619,BNS,303,1,1
25620,BNS,103,1,1
25621,BNS,189,1,1
25621,BNS,351,1,2
25621,BNS,196,1,3
25622,BNS,309,1,1
25622,BNS,316,1,2
25623,IT,66D,1,1
25623,IT,66,1,2
25623,IT,66C,1,3
25625,IT,66D,1,1
25625,BNS,318,1,2
25626,BNS,310,1,1
25627,MV,184,1,1
25628,IT,66C,1,1
25628,IT,66D,1,2
25628,IT,66,1,3
25629,BNS,331,1,1
25629,BNS,303,1,2
25630,ARMS,27,1,1
25630,NDPS,8,1,2
25630,NDPS,21,1,3
25631,IT,66D,1,1
25632,EXCISE,32,1,1
25632,NDPS,8,1,2
25632,ARMS,27,1,3
25634,BNS,316,1,1
25634,BNS,310,1,2
25635,BNS,318,1,1
25636,BNS,331,1,1
25637,BNS,189,1,1
25637,BNS,351,1,2
25638,BNS,109,1,1
25638,BNS,115,1,2
25638,BNS,118,1,3
25639,BNS,318,1,1
25639,BNS,309,1,2
25639,BNS,316,1,3
25640,MV,184,1,1
25640,MV,185,1,2
25641,MV,185,1,1
25641,MV,184,1,2
25642,PC,7,1,1
25643,BNS,118,1,1
25643,BNS,109,1,2
25644,BNS,105,1,1
25644,BNS,103,1,2
25645,BNS,309,1,1
25645,BNS,318,1,2
25646,BNS,115,1,1
25646,BNS,103,1,2
25647,BNS,140,1,1
25647,BNS,74,1,2
25648,NDPS,21,1,1
25648,ARMS,25,1,2
25649,BNS,318,1,1
25650,MV,185,1,1
25650,MV,184,1,2
25651,BNS,109,1,1
25651,BNS,118,1,2
25651,BNS,115,1,3
25652,BNS,338,1,1
25652,BNS,318,1,2
25653,POCSO,8,1,1
25653,POCSO,4,1,2
25653,BNS,140,1,3
25654,BNS,305,1,1
25654,BNS,316,1,2
25654,BNS,318,1,3
25655,BNS,318,1,1
25655,BNS,303,1,2
25655,BNS,310,1,3
25656,MV,185,1,1
25656,MV,184,1,2
25657,BNS,310,1,1
25658,BNS,310,1,1
25659,IT,66C,1,1
25659,IT,66D,1,2
25659,IT,66,1,3
25660,MV,185,1,1
25660,MV,184,1,2
25661,BNS,103,1,1
25661,BNS,115,1,2
25661,BNS,109,1,3
25662,BNS,112,1,1
25662,BNS,351,1,2
25663,MV,184,1,1
25663,MV,185,1,2
25664,BNS,338,1,1
25664,IT,66D,1,2
25664,BNS,318,1,3
25665,BNS,74,1,1
25666,BNS,309,1,1
25666,BNS,305,1,2
25666,BNS,310,1,3
25667,BNS,196,1,1
25668,PC,7,1,1
25669,BNS,338,1,1
25670,BNS,140,1,1
25670,BNS,74,1,2
25671,BNS,103,1,1
25672,BNS,189,1,1
25672,BNS,196,1,2
25673,MV,185,1,1
25674,ARMS,25,1,1
25674,NDPS,20,1,2
25675,BNS,351,1,1
25675,BNS,112,1,2
25676,BNS,80,1,1
25677,BNS,331,1,1
25678,BNS,191,1,1
25678,BNS,112,1,2
25678,BNS,111,1,3
25679,BNS,78,1,1
25679,BNS,85,1,2
25679,BNS,140,1,3
25680,BNS,80,1,1
25680,BNS,78,1,2
25680,BNS,85,1,3
25681,PC,7,1,1
25682,BNS,316,1,1
25683,BNS,331,1,1
25684,BNS,305,1,1
25684,BNS,309,1,2
25685,BNS,303,1,1
25685,BNS,305,1,2
25686,BNS,338,1,1
25686,BNS,318,1,2
25687,BNS,105,1,1
25687,BNS,109,1,2
25687,BNS,103,1,3
25688,NDPS,8,1,1
25689,NDPS,21,1,1
25690,BNS,309,1,1
25691,BNS,115,1,1
25691,BNS,109,1,2
25691,BNS,118,1,3
25692,BNS,103,1,1
25693,BNS,316,1,1
25694,BNS,118,1,1
25694,BNS,103,1,2
25695,BNS,331,1,1
25696,BNS,303,1,1
25697,IT,66D,1,1
25698,BNS,318,1,1
25698,BNS,310,1,2
25699,BNS,318,1,1
25699,BNS,303,1,2
25700,BNS,105,1,1
25700,BNS,103,1,2
25701,BNS,310,1,1
25702,BNS,316,1,1
25703,BNS,303,1,1
25703,BNS,316,1,2
25704,BNS,305,1,1
25704,BNS,310,1,2
25704,BNS,331,1,3
25705,BNS,309,1,1
25705,BNS,310,1,2
25705,BNS,331,1,3
25706,IT,66D,1,1
25706,BNS,338,1,2
25706,BNS,318,1,3
25707,BNS,318,1,1
25707,BNS,309,1,2
25708,MV,184,1,1
25709,BNS,118,1,1
25709,BNS,105,1,2
25710,EXCISE,32,1,1
25710,ARMS,25,1,2
25710,ARMS,27,1,3
25711,BNS,316,1,1
25711,BNS,309,1,2
25711,BNS,303,1,3
25712,BNS,105,1,1
25712,BNS,118,1,2
25712,BNS,103,1,3
25713,BNS,310,1,1
25713,BNS,305,1,2
25714,BNS,309,1,1
25714,BNS,303,1,2
25715,BNS,305,1,1
25715,BNS,316,1,2
25716,BNS,112,1,1
25716,BNS,191,1,2
25716,BNS,189,1,3
25717,BNS,191,1,1
25718,BNS,318,1,1
25718,IT,66D,1,2
25719,BNS,111,1,1
25719,BNS,189,1,2
25719,BNS,351,1,3
25721,BNS,80,1,1
25721,BNS,78,1,2
25722,IT,66,1,1
25722,IT,66C,1,2
25723,BNS,318,1,1
25723,IT,66D,1,2
25724,IT,66,1,1
25724,IT,66D,1,2
25725,BNS,331,1,1
25726,MV,185,1,1
25727,BNS,303,1,1
25727,BNS,318,1,2
25727,BNS,316,1,3
25728,BNS,80,1,1
25729,BNS,85,1,1
25729,BNS,64,1,2
25730,BNS,196,1,1
25730,BNS,112,1,2
25730,BNS,111,1,3
25731,BNS,109,1,1
25732,BNS,338,1,1
25733,BNS,310,1,1
25733,BNS,305,1,2
25733,BNS,309,1,3
25734,MV,185,1,1
25735,BNS,331,1,1
25736,BNS,318,1,1
25736,BNS,338,1,2
25737,BNS,316,1,1
25738,NDPS,8,1,1
25738,ARMS,25,1,2
25739,IT,66,1,1
25739,IT,66D,1,2
25739,IT,66C,1,3
25740,BNS,318,1,1
25741,BNS,112,1,1
25742,BNS,310,1,1
25743,BNS,109,1,1
25744,MV,184,1,1
25745,BNS,318,1,1
25745,IT,66D,1,2
25746,BNS,331,1,1
25747,BNS,74,1,1
25747,BNS,64,1,2
25748,MV,185,1,1
25748,MV,184,1,2
25749,BNS,318,1,1
25750,IT,66,1,1
25751,BNS,64,1,1
25752,BNS,74,1,1
25752,BNS,140,1,2
25752,BNS,78,1,3
25753,BNS,338,1,1
25753,BNS,318,1,2
25754,MV,184,1,1
25755,BNS,318,1,1
25756,BNS,74,1,1
25757,MV,184,1,1
25758,BNS,318,1,1
25758,BNS,309,1,2
25758,BNS,310,1,3
25759,BNS,338,1,1
25761,BNS,303,1,1
25762,BNS,118,1,1
25763,IT,66D,1,1
25763,BNS,318,1,2
25763,BNS,338,1,3
25765,BNS,109,1,1
25765,BNS,103,1,2
25765,BNS,105,1,3
25766,BNS,309,1,1
25767,BNS,318,1,1
25767,BNS,331,1,2
25767,BNS,305,1,3
25768,BNS,309,1,1
25768,BNS,331,1,2
25769,BNS,118,1,1
25770,BNS,331,1,1
25770,BNS,316,1,2
25770,BNS,310,1,3
25771,BNS,305,1,1
25771,BNS,316,1,2
25772,BNS,351,1,1
25773,BNS,191,1,1
25774,MV,184,1,1
25774,MV,185,1,2
25775,BNS,338,1,1
25775,IT,66D,1,2
25776,BNS,331,1,1
25777,BNS,316,1,1
25777,BNS,303,1,2
25777,BNS,305,1,3
25778,BNS,310,1,1
25778,BNS,316,1,2
25779,BNS,112,1,1
25779,BNS,189,1,2
25780,BNS,316,1,1
25781,BNS,305,1,1
25782,BNS,316,1,1
25782,BNS,305,1,2
25782,BNS,310,1,3
25783,IT,66,1,1
25784,BNS,305,1,1
25784,BNS,331,1,2
25784,BNS,318,1,3
25785,BNS,338,1,1
25786,BNS,303,1,1
25787,BNS,140,1,1
25787,BNS,78,1,2
25787,BNS,74,1,3
25788,BNS,140,1,1
25789,MV,185,1,1
25789,MV,184,1,2
25790,BNS,189,1,1
25790,BNS,351,1,2
25791,BNS,309,1,1
25791,BNS,303,1,2
25791,BNS,331,1,3
25792,BNS,78,1,1
25792,BNS,74,1,2
25792,BNS,85,1,3
25793,BNS,309,1,1
25793,BNS,305,1,2
25794,BNS,303,1,1
25795,BNS,318,1,1
25796,BNS,318,1,1
25796,BNS,305,1,2
25796,BNS,303,1,3
25797,BNS,115,1,1
25798,BNS,318,1,1
25798,IT,66D,1,2
25798,BNS,338,1,3
25799,BNS,189,1,1
25799,BNS,111,1,2
25800,BNS,316,1,1
25801,IT,66D,1,1
25801,IT,66C,1,2
25803,IT,66D,1,1
25803,BNS,318,1,2
25803,BNS,338,1,3
25804,BNS,105,1,1
25804,BNS,103,1,2
25804,BNS,115,1,3
25805,MV,185,1,1
25806,BNS,80,1,1
25806,BNS,85,1,2
25807,BNS,331,1,1
25807,BNS,305,1,2
25807,BNS,309,1,3
25808,BNS,316,1,1
25808,BNS,309,1,2
25809,BNS,103,1,1
25809,BNS,105,1,2
25810,BNS,189,1,1
25811,BNS,191,1,1
25812,BNS,85,1,1
25813,BNS,112,1,1
25813,BNS,351,1,2
25814,IT,66D,1,1
25814,IT,66C,1,2
25814,IT,66,1,3
25815,IT,66D,1,1
25815,BNS,318,1,2
25815,BNS,338,1,3
25816,MV,185,1,1
25817,BNS,112,1,1
25817,BNS,196,1,2
25818,BNS,115,1,1
25818,BNS,109,1,2
25819,BNS,318,1,1
25819,BNS,316,1,2
25819,BNS,303,1,3
25821,BNS,305,1,1
25821,BNS,310,1,2
25821,BNS,316,1,3
25822,BNS,112,1,1
25823,BNS,305,1,1
25823,BNS,309,1,2
25824,IT,66D,1,1
25825,BNS,351,1,1
25825,BNS,196,1,2
25826,BNS,316,1,1
25826,BNS,309,1,2
25827,MV,184,1,1
25827,MV,185,1,2
25828,NDPS,8,1,1
25828,ARMS,25,1,2
25829,BNS,316,1,1
25829,BNS,318,1,2
25829,BNS,309,1,3
25830,BNS,318,1,1
25831,NDPS,21,1,1
25831,ARMS,25,1,2
25832,BNS,303,1,1
25833,IT,66,1,1
25835,BNS,318,1,1
25835,BNS,331,1,2
25836,BNS,118,1,1
25836,BNS,109,1,2
25836,BNS,115,1,3
25837,BNS,303,1,1
25837,BNS,305,1,2
25837,BNS,331,1,3
25838,BNS,112,1,1
25838,BNS,111,1,2
25839,BNS,310,1,1
25839,BNS,305,1,2
25840,BNS,338,1,1
25840,BNS,318,1,2
25841,BNS,318,1,1
25841,BNS,338,1,2
25842,BNS,64,1,1
25842,BNS,85,1,2
25843,BNS,305,1,1
25843,BNS,316,1,2
25843,BNS,331,1,3
25844,BNS,196,1,1
25844,BNS,351,1,2
25845,BNS,318,1,1
25845,BNS,305,1,2
25845,BNS,331,1,3
25846,BNS,309,1,1
25846,BNS,318,1,2
25848,BNS,316,1,1
25849,BNS,303,1,1
25849,BNS,318,1,2
25849,BNS,310,1,3
25850,BNS,118,1,1
25850,BNS,109,1,2
25850,BNS,115,1,3
25851,BNS,309,1,1
25852,MV,184,1,1
25852,MV,185,1,2
25853,BNS,318,1,1
25853,IT,66D,1,2
25853,BNS,338,1,3
25854,MV,185,1,1
25854,MV,184,1,2
25856,BNS,310,1,1
25856,BNS,305,1,2
25857,BNS,318,1,1
25857,BNS,305,1,2
25857,BNS,303,1,3
25858,BNS,318,1,1
25859,BNS,316,1,1
25860,BNS,74,1,1
25860,BNS,80,1,2
25861,MV,184,1,1
25862,BNS,118,1,1
25863,BNS,338,1,1
25864,BNS,80,1,1
25864,BNS,74,1,2
25864,BNS,64,1,3
25865,BNS,309,1,1
25865,BNS,318,1,2
25865,BNS,305,1,3
25866,BNS,105,1,1
25866,BNS,115,1,2
25867,BNS,331,1,1
25868,IT,66D,1,1
25869,BNS,74,1,1
25869,BNS,78,1,2
25869,BNS,85,1,3
25870,BNS,105,1,1
25870,BNS,118,1,2
25870,BNS,115,1,3
25871,MV,185,1,1
25871,MV,184,1,2
25872,IT,66D,1,1
25873,MV,184,1,1
25874,MV,184,1,1
25874,MV,185,1,2
25875,BNS,318,1,1
25876,BNS,338,1,1
25877,MV,185,1,1
25877,MV,184,1,2
25878,BNS,103,1,1
25878,BNS,115,1,2
25878,BNS,118,1,3
25879,BNS,303,1,1
25880,BNS,112,1,1
25880,BNS,351,1,2
25880,BNS,111,1,3
25881,BNS,64,1,1
25881,BNS,80,1,2
25881,BNS,85,1,3
25882,MV,185,1,1
25884,BNS,118,1,1
25884,BNS,115,1,2
25885,BNS,318,1,1
25886,MV,184,1,1
25887,BNS,74,1,1
25887,BNS,64,1,2
25888,MV,184,1,1
25888,MV,185,1,2
25889,BNS,303,1,1
25889,BNS,316,1,2
25889,BNS,331,1,3
25890,BNS,318,1,1
25890,BNS,309,1,2
25890,BNS,331,1,3
25891,BNS,309,1,1
25891,BNS,305,1,2
25892,BNS,331,1,1
25892,BNS,305,1,2
25892,BNS,303,1,3
25893,IT,66D,1,1
25894,BNS,305,1,1
25894,BNS,309,1,2
25894,BNS,318,1,3
25895,POCSO,4,1,1
25896,BNS,109,1,1
25896,BNS,115,1,2
25897,BNS,115,1,1
25898,BNS,310,1,1
25898,BNS,318,1,2
25899,BNS,309,1,1
25899,BNS,303,1,2
25900,MV,184,1,1
25901,BNS,105,1,1
25902,MV,185,1,1
25903,BNS,103,1,1
25903,BNS,115,1,2
25903,BNS,109,1,3
25904,IT,66D,1,1
25904,BNS,318,1,2
25905,BNS,310,1,1
25905,BNS,309,1,2
25905,BNS,331,1,3
25906,BNS,78,1,1
25906,BNS,74,1,2
25906,BNS,140,1,3
25907,BNS,309,1,1
25907,BNS,310,1,2
25907,BNS,305,1,3
25908,IT,66D,1,1
25909,BNS,316,1,1
25909,BNS,309,1,2
25910,EXCISE,32,1,1
25910,ARMS,25,1,2
25910,NDPS,20,1,3
25911,BNS,318,1,1
25912,BNS,331,1,1
25914,POCSO,8,1,1
25914,BNS,140,1,2
25914,POCSO,4,1,3
25915,BNS,105,1,1
25916,BNS,105,1,1
25916,BNS,115,1,2
25916,BNS,109,1,3
25918,MV,184,1,1
25919,BNS,80,1,1
25919,BNS,64,1,2
25920,BNS,115,1,1
25921,BNS,331,1,1
25921,BNS,310,1,2
25921,BNS,309,1,3
25922,BNS,338,1,1
25924,BNS,318,1,1
25924,IT,66D,1,2
25924,BNS,338,1,3
25925,IT,66D,1,1
25925,BNS,318,1,2
25926,BNS,303,1,1
25926,BNS,305,1,2
25926,BNS,310,1,3
25927,BNS,316,1,1
25929,BNS,316,1,1
25930,BNS,80,1,1
25930,BNS,78,1,2
25931,BNS,316,1,1
25932,BNS,118,1,1
25933,BNS,64,1,1
25934,BNS,309,1,1
25935,BNS,115,1,1
25935,BNS,109,1,2
25936,IT,66C,1,1
25936,IT,66D,1,2
25937,BNS,109,1,1
25938,BNS,331,1,1
25938,BNS,316,1,2
25939,BNS,331,1,1
25940,MV,185,1,1
25940,MV,184,1,2
25941,BNS,191,1,1
25942,BNS,331,1,1
25943,BNS,64,1,1
25943,BNS,78,1,2
25945,BNS,74,1,1
25945,BNS,140,1,2
25946,BNS,64,1,1
25946,BNS,80,1,2
25947,BNS,80,1,1
25947,BNS,78,1,2
25948,IT,66D,1,1
25948,IT,66C,1,2
25948,IT,66,1,3
25949,BNS,318,1,1
25949,BNS,316,1,2
25949,BNS,310,1,3
25950,BNS,309,1,1
25950,BNS,305,1,2
25950,BNS,318,1,3
25951,BNS,309,1,1
25952,MV,184,1,1
25952,MV,185,1,2
25953,BNS,115,1,1
25953,BNS,109,1,2
25953,BNS,103,1,3
25954,BNS,309,1,1
25954,BNS,331,1,2
25954,BNS,318,1,3
25955,BNS,331,1,1
25955,BNS,305,1,2
25955,BNS,309,1,3
25956,BNS,80,1,1
25957,BNS,331,1,1
25958,BNS,318,1,1
25958,BNS,338,1,2
25960,MV,184,1,1
25961,BNS,105,1,1
25961,BNS,118,1,2
25962,MV,185,1,1
25962,MV,184,1,2
25963,BNS,318,1,1
25963,BNS,310,1,2
25964,MV,185,1,1
25965,BNS,103,1,1
25966,BNS,305,1,1
25966,BNS,310,1,2
25966,BNS,309,1,3
25967,IT,66D,1,1
25967,BNS,318,1,2
25969,BNS,140,1,1
25970,BNS,305,1,1
25971,BNS,316,1,1
25971,BNS,305,1,2
25972,BNS,316,1,1
25972,BNS,331,1,2
25972,BNS,305,1,3
25973,BNS,196,1,1
25974,BNS,310,1,1
25975,BNS,318,1,1
25975,BNS,310,1,2
25975,BNS,303,1,3
25976,BNS,303,1,1
25976,BNS,310,1,2
25977,BNS,78,1,1
25978,MV,184,1,1
25978,MV,185,1,2
25980,BNS,338,1,1
25981,MV,185,1,1
25981,MV,184,1,2
25982,BNS,305,1,1
25983,BNS,338,1,1
25984,MV,185,1,1
25985,BNS,140,1,1
25986,BNS,109,1,1
25987,BNS,338,1,1
25987,IT,66D,1,2
25988,BNS,80,1,1
25988,BNS,85,1,2
25989,NDPS,20,1,1
25989,NDPS,8,1,2
25990,BNS,80,1,1
25990,BNS,140,1,2
25990,BNS,74,1,3
25991,BNS,318,1,1
25991,BNS,316,1,2
25992,BNS,109,1,1
25993,BNS,80,1,1
25994,MV,185,1,1
25995,BNS,118,1,1
25995,BNS,105,1,2
25996,BNS,111,1,1
25997,BNS,310,1,1
25998,BNS,305,1,1
25999,BNS,196,1,1
25999,BNS,351,1,2
25999,BNS,191,1,3
26000,NDPS,20,1,1
26000,NDPS,21,1,2
26000,ARMS,25,1,3
26001,MV,185,1,1
26001,MV,184,1,2
26002,BNS,305,1,1
26003,NDPS,8,1,1
26003,NDPS,20,1,2
26004,BNS,80,1,1
26004,BNS,64,1,2
26004,BNS,74,1,3
26005,BNS,351,1,1
26005,BNS,189,1,2
26005,BNS,111,1,3
26006,BNS,303,1,1
26007,BNS,338,1,1
26008,MV,184,1,1
26010,MV,185,1,1
26012,BNS,310,1,1
26012,BNS,331,1,2
26013,BNS,316,1,1
26013,BNS,310,1,2
26014,BNS,318,1,1
26014,BNS,316,1,2
26014,BNS,309,1,3
26015,BNS,103,1,1
26016,BNS,80,1,1
26016,BNS,85,1,2
26018,IT,66D,1,1
26018,BNS,318,1,2
26019,PC,7,1,1
26020,MV,184,1,1
26020,MV,185,1,2
26021,BNS,318,1,1
26021,BNS,316,1,2
26021,BNS,305,1,3
26022,EXCISE,32,1,1
26022,NDPS,21,1,2
26023,MV,185,1,1
26024,BNS,303,1,1
26024,BNS,309,1,2
26025,BNS,318,1,1
26025,IT,66D,1,2
26026,IT,66D,1,1
26026,IT,66,1,2
26026,IT,66C,1,3
26027,BNS,303,1,1
26028,BNS,331,1,1
26029,BNS,338,1,1
26029,BNS,318,1,2
26029,IT,66D,1,3
26030,BNS,318,1,1
26030,BNS,309,1,2
26030,BNS,316,1,3
26031,MV,185,1,1
26031,MV,184,1,2
26032,BNS,318,1,1
26033,BNS,109,1,1
26033,BNS,105,1,2
26034,BNS,74,1,1
26035,IT,66D,1,1
26036,MV,184,1,1
26037,BNS,118,1,1
26037,BNS,115,1,2
26037,BNS,103,1,3
26038,BNS,310,1,1
26038,BNS,331,1,2
26038,BNS,305,1,3
26039,BNS,109,1,1
26039,BNS,105,1,2
26040,BNS,118,1,1
26041,BNS,310,1,1
26042,BNS,305,1,1
26042,BNS,316,1,2
26043,IT,66C,1,1
26044,BNS,189,1,1
26044,BNS,111,1,2
26044,BNS,196,1,3
26045,BNS,305,1,1
26045,BNS,309,1,2
26046,BNS,74,1,1
26047,BNS,74,1,1
26048,BNS,305,1,1
26049,BNS,303,1,1
26049,BNS,310,1,2
26049,BNS,331,1,3
26050,BNS,310,1,1
26051,MV,184,1,1
26051,MV,185,1,2
26053,BNS,74,1,1
26053,BNS,140,1,2
26053,BNS,80,1,3
26054,BNS,115,1,1
26055,MV,185,1,1
26056,MV,184,1,1
26057,MV,184,1,1
26058,NDPS,20,1,1
26058,EXCISE,32,1,2
26058,ARMS,27,1,3
26060,BNS,351,1,1
26060,BNS,189,1,2
26060,BNS,196,1,3
26061,BNS,316,1,1
26061,BNS,331,1,2
26061,BNS,310,1,3
26062,BNS,112,1,1
26063,BNS,80,1,1
26064,IT,66D,1,1
26065,BNS,191,1,1
26066,BNS,64,1,1
26066,BNS,74,1,2
26066,BNS,80,1,3
26067,BNS,303,1,1
26067,BNS,305,1,2
26067,BNS,310,1,3
26068,BNS,351,1,1
26069,BNS,196,1,1
26070,BNS,303,1,1
26071,BNS,338,1,1
26071,IT,66D,1,2
26072,IT,66D,1,1
26072,IT,66,1,2
26072,IT,66C,1,3
26073,BNS,189,1,1
26073,BNS,112,1,2
26074,BNS,318,1,1
26074,BNS,331,1,2
26074,BNS,309,1,3
26075,ARMS,27,1,1
26075,NDPS,20,1,2
26075,NDPS,8,1,3
26076,BNS,305,1,1
26076,BNS,316,1,2
26077,BNS,309,1,1
26077,BNS,316,1,2
26077,BNS,318,1,3
26078,BNS,309,1,1
26078,BNS,318,1,2
26078,BNS,316,1,3
26079,MV,184,1,1
26080,BNS,118,1,1
26081,IT,66C,1,1
26081,IT,66D,1,2
26081,IT,66,1,3
26082,BNS,78,1,1
26082,BNS,85,1,2
26082,BNS,64,1,3
26083,BNS,318,1,1
26084,MV,185,1,1
26085,BNS,318,1,1
26086,BNS,140,1,1
26086,POCSO,4,1,2
26086,POCSO,8,1,3
26087,BNS,64,1,1
26088,MV,185,1,1
26088,MV,184,1,2
26089,MV,185,1,1
26091,MV,184,1,1
26092,BNS,103,1,1
26093,BNS,103,1,1
26094,BNS,105,1,1
26094,BNS,118,1,2
26094,BNS,103,1,3
26095,ARMS,27,1,1
26095,EXCISE,32,1,2
26095,NDPS,20,1,3
26096,BNS,305,1,1
26096,BNS,310,1,2
26097,BNS,309,1,1
26097,BNS,331,1,2
26098,BNS,64,1,1
26098,BNS,78,1,2
26099,BNS,310,1,1
26099,BNS,303,1,2
26099,BNS,305,1,3
26100,BNS,338,1,1
26100,IT,66D,1,2
26100,BNS,318,1,3
26101,BNS,118,1,1
26102,BNS,318,1,1
26103,BNS,331,1,1
26104,BNS,303,1,1
26104,BNS,310,1,2
26105,BNS,103,1,1
26105,BNS,109,1,2
26106,BNS,109,1,1
26106,BNS,105,1,2
26107,BNS,305,1,1
26107,BNS,310,1,2
26108,BNS,85,1,1
26109,BNS,338,1,1
26109,IT,66D,1,2
26110,BNS,115,1,1
26110,BNS,118,1,2
26111,BNS,338,1,1
26112,BNS,105,1,1
26112,BNS,115,1,2
26112,BNS,103,1,3
26114,NDPS,21,1,1
26114,NDPS,8,1,2
26114,ARMS,27,1,3
26115,BNS,103,1,1
26115,BNS,105,1,2
26115,BNS,115,1,3
26116,MV,184,1,1
26117,BNS,316,1,1
26117,BNS,310,1,2
26117,BNS,305,1,3
26118,BNS,309,1,1
26119,MV,184,1,1
26119,MV,185,1,2
26120,IT,66C,1,1
26121,BNS,80,1,1
26121,BNS,78,1,2
26121,BNS,85,1,3
26122,ARMS,25,1,1
26122,NDPS,20,1,2
26123,BNS,118,1,1
26123,BNS,103,1,2
26124,BNS,331,1,1
26125,BNS,105,1,1
26125,BNS,115,1,2
26125,BNS,103,1,3
26126,BNS,351,1,1
26126,BNS,196,1,2
26127,BNS,118,1,1
26128,BNS,318,1,1
26128,BNS,305,1,2
26129,BNS,316,1,1
26129,BNS,303,1,2
26130,MV,185,1,1
26130,MV,184,1,2
26131,BNS,310,1,1
26132,BNS,318,1,1
26132,BNS,331,1,2
26133,MV,184,1,1
26134,NDPS,21,1,1
26134,NDPS,20,1,2
26135,BNS,331,1,1
26135,BNS,303,1,2
26136,MV,184,1,1
26136,MV,185,1,2
26137,MV,184,1,1
26138,BNS,331,1,1
26138,BNS,303,1,2
26138,BNS,318,1,3
26140,BNS,318,1,1
26140,IT,66D,1,2
26141,BNS,331,1,1
26141,BNS,305,1,2
26141,BNS,310,1,3
26143,BNS,305,1,1
26143,BNS,318,1,2
26145,BNS,303,1,1
26145,BNS,305,1,2
26145,BNS,310,1,3
26146,IT,66D,1,1
26146,BNS,318,1,2
26146,BNS,338,1,3
26147,BNS,318,1,1
26147,BNS,309,1,2
26147,BNS,305,1,3
26148,MV,184,1,1
26148,MV,185,1,2
26149,BNS,103,1,1
26149,BNS,118,1,2
26149,BNS,105,1,3
26150,BNS,303,1,1
26150,BNS,310,1,2
26150,BNS,318,1,3
26151,BNS,80,1,1
26151,BNS,140,1,2
26152,BNS,309,1,1
26154,BNS,338,1,1
26154,BNS,318,1,2
26155,BNS,140,1,1
26155,POCSO,4,1,2
26156,BNS,112,1,1
26156,BNS,196,1,2
26157,BNS,118,1,1
26157,BNS,109,1,2
26157,BNS,103,1,3
26158,MV,185,1,1
26158,MV,184,1,2
26159,BNS,310,1,1
26159,BNS,303,1,2
26159,BNS,331,1,3
26160,BNS,316,1,1
26160,BNS,309,1,2
26160,BNS,331,1,3
26161,BNS,310,1,1
26161,BNS,318,1,2
26161,BNS,316,1,3
26162,MV,185,1,1
26163,BNS,111,1,1
26163,BNS,351,1,2
26163,BNS,191,1,3
26164,BNS,74,1,1
26165,BNS,316,1,1
26165,BNS,303,1,2
26166,BNS,316,1,1
26167,BNS,305,1,1
26168,BNS,105,1,1
26168,BNS,118,1,2
26168,BNS,115,1,3
26169,MV,184,1,1
26170,BNS,303,1,1
26171,IT,66D,1,1
26171,IT,66,1,2
26171,IT,66C,1,3
26172,ARMS,25,1,1
26172,NDPS,8,1,2
26172,EXCISE,32,1,3
26173,MV,184,1,1
26174,BNS,318,1,1
26175,BNS,109,1,1
26175,BNS,105,1,2
26175,BNS,103,1,3
26176,BNS,303,1,1
26176,BNS,331,1,2
26176,BNS,310,1,3
26177,BNS,318,1,1
26177,BNS,303,1,2
26178,BNS,303,1,1
26178,BNS,309,1,2
26179,BNS,74,1,1
26179,BNS,80,1,2
26180,BNS,196,1,1
26180,BNS,191,1,2
26180,BNS,351,1,3
26181,MV,184,1,1
26181,MV,185,1,2
26182,BNS,140,1,1
26182,BNS,85,1,2
26183,BNS,189,1,1
26183,BNS,191,1,2
26183,BNS,196,1,3
26184,BNS,318,1,1
26184,BNS,305,1,2
26185,MV,185,1,1
26186,BNS,303,1,1
26187,BNS,105,1,1
26187,BNS,109,1,2
26188,BNS,309,1,1
26189,BNS,303,1,1
26189,BNS,331,1,2
26189,BNS,309,1,3
26190,BNS,140,1,1
26191,BNS,305,1,1
26191,BNS,303,1,2
26192,BNS,338,1,1
26192,BNS,318,1,2
26192,IT,66D,1,3
26193,BNS,331,1,1
26193,BNS,310,1,2
26193,BNS,316,1,3
26194,BNS,140,1,1
26194,BNS,85,1,2
26195,MV,184,1,1
26196,EXCISE,32,1,1
26197,BNS,118,1,1
26197,BNS,103,1,2
26198,BNS,309,1,1
26198,BNS,331,1,2
26199,MV,184,1,1
26199,MV,185,1,2
26200,BNS,303,1,1
26200,BNS,305,1,2
26200,BNS,318,1,3
26202,BNS,310,1,1
26203,BNS,318,1,1
26204,BNS,118,1,1
26205,BNS,103,1,1
26205,BNS,109,1,2
26205,BNS,115,1,3
26206,BNS,105,1,1
26207,BNS,338,1,1
26207,IT,66D,1,2
26208,BNS,338,1,1
26209,MV,184,1,1
26210,IT,66C,1,1
26211,IT,66C,1,1
26211,IT,66D,1,2
26212,BNS,316,1,1
26213,BNS,310,1,1
26213,BNS,305,1,2
26214,BNS,191,1,1
26214,BNS,196,1,2
26215,BNS,316,1,1
26215,BNS,305,1,2
26216,BNS,64,1,1
26216,BNS,78,1,2
26216,BNS,74,1,3
26217,BNS,318,1,1
26218,IT,66D,1,1
26218,IT,66C,1,2
26218,IT,66,1,3
26219,BNS,310,1,1
26219,BNS,331,1,2
26219,BNS,303,1,3
26220,BNS,331,1,1
26220,BNS,310,1,2
26221,BNS,331,1,1
26222,BNS,191,1,1
26222,BNS,111,1,2
26222,BNS,196,1,3
26224,BNS,303,1,1
26224,BNS,318,1,2
26225,BNS,109,1,1
26226,IT,66C,1,1
26226,IT,66,1,2
26227,BNS,78,1,1
26227,BNS,85,1,2
26227,BNS,74,1,3
26228,BNS,316,1,1
26229,BNS,74,1,1
26230,POCSO,4,1,1
26231,BNS,351,1,1
26231,BNS,196,1,2
26231,BNS,111,1,3
26232,IT,66C,1,1
26232,IT,66D,1,2
26233,ARMS,25,1,1
26233,NDPS,21,1,2
26233,EXCISE,32,1,3
26234,BNS,303,1,1
26234,BNS,305,1,2
26235,MV,184,1,1
26235,MV,185,1,2
26236,BNS,109,1,1
26236,BNS,105,1,2
26238,BNS,303,1,1
26238,BNS,316,1,2
26238,BNS,318,1,3
26239,BNS,318,1,1
26239,BNS,338,1,2
26239,IT,66D,1,3
26240,BNS,140,1,1
26241,NDPS,20,1,1
26241,ARMS,27,1,2
26241,NDPS,8,1,3
26242,BNS,318,1,1
26243,BNS,115,1,1
26243,BNS,109,1,2
26243,BNS,118,1,3
26244,BNS,305,1,1
26244,BNS,303,1,2
26245,MV,184,1,1
26245,MV,185,1,2
26246,BNS,85,1,1
26246,BNS,78,1,2
26246,BNS,74,1,3
26247,BNS,105,1,1
26247,BNS,103,1,2
26248,BNS,318,1,1
26249,BNS,318,1,1
26250,IT,66,1,1
26250,IT,66D,1,2
26251,BNS,305,1,1
26251,BNS,318,1,2
26252,BNS,115,1,1
26252,BNS,103,1,2
26253,BNS,310,1,1
26253,BNS,316,1,2
26254,BNS,105,1,1
26254,BNS,103,1,2
26255,BNS,78,1,1
26255,BNS,85,1,2
26255,BNS,64,1,3
26256,BNS,115,1,1
26256,BNS,103,1,2
26257,BNS,64,1,1
26257,BNS,140,1,2
26257,BNS,74,1,3
26258,MV,184,1,1
26258,MV,185,1,2
26259,BNS,318,1,1
26259,IT,66D,1,2
26260,ARMS,27,1,1
26260,EXCISE,32,1,2
26261,BNS,318,1,1
26261,BNS,316,1,2
26262,BNS,316,1,1
26262,BNS,305,1,2
26263,BNS,318,1,1
26264,BNS,338,1,1
26264,BNS,318,1,2
26264,IT,66D,1,3
26266,BNS,305,1,1
26267,BNS,305,1,1
26268,BNS,338,1,1
26269,BNS,316,1,1
26269,BNS,331,1,2
26270,MV,184,1,1
26270,MV,185,1,2
26271,BNS,310,1,1
26272,BNS,338,1,1
26273,BNS,318,1,1
26273,IT,66D,1,2
26273,BNS,338,1,3
26274,BNS,338,1,1
26274,BNS,318,1,2
26275,BNS,305,1,1
26275,BNS,316,1,2
26275,BNS,310,1,3
26276,BNS,305,1,1
26276,BNS,316,1,2
26277,POCSO,8,1,1
26278,BNS,103,1,1
26278,BNS,115,1,2
26278,BNS,109,1,3
26279,BNS,140,1,1
26279,POCSO,8,1,2
26279,POCSO,4,1,3
26280,MV,185,1,1
26280,MV,184,1,2
26281,MV,185,1,1
26283,BNS,331,1,1
26283,BNS,316,1,2
26283,BNS,310,1,3
26284,BNS,191,1,1
26284,BNS,351,1,2
26284,BNS,189,1,3
26285,BNS,191,1,1
26285,BNS,111,1,2
26286,BNS,303,1,1
26286,BNS,318,1,2
26286,BNS,309,1,3
26287,BNS,351,1,1
26287,BNS,196,1,2
26288,BNS,74,1,1
26288,BNS,78,1,2
26288,BNS,64,1,3
26289,BNS,331,1,1
26291,BNS,115,1,1
26291,BNS,103,1,2
26292,BNS,196,1,1
26292,BNS,112,1,2
26292,BNS,111,1,3
26293,BNS,318,1,1
26293,BNS,338,1,2
26293,IT,66D,1,3
26294,BNS,111,1,1
26294,BNS,191,1,2
26294,BNS,351,1,3
26295,BNS,303,1,1
26295,BNS,309,1,2
26295,BNS,305,1,3
26296,BNS,318,1,1
26297,BNS,305,1,1
26298,BNS,78,1,1
26299,BNS,331,1,1
26300,BNS,103,1,1
26300,BNS,105,1,2
26301,IT,66C,1,1
26301,IT,66,1,2
26302,BNS,85,1,1
26303,ARMS,27,1,1
26303,EXCISE,32,1,2
26303,NDPS,8,1,3
26304,BNS,303,1,1
26304,BNS,331,1,2
26304,BNS,316,1,3
26305,IT,66D,1,1
26306,MV,184,1,1
26307,BNS,115,1,1
26308,BNS,316,1,1
26309,NDPS,8,1,1
26310,BNS,318,1,1
26310,BNS,338,1,2
26310,IT,66D,1,3
26311,NDPS,21,1,1
26311,NDPS,20,1,2
26311,EXCISE,32,1,3
26312,BNS,189,1,1
26313,BNS,309,1,1
26313,BNS,318,1,2
26314,BNS,85,1,1
26316,IT,66D,1,1
26317,BNS,309,1,1
26317,BNS,310,1,2
26319,BNS,118,1,1
26319,BNS,103,1,2
26320,NDPS,20,1,1
26320,ARMS,27,1,2
26320,NDPS,21,1,3
26321,BNS,105,1,1
26322,BNS,109,1,1
26323,MV,184,1,1
26323,MV,185,1,2
26324,BNS,196,1,1
26325,BNS,318,1,1
26325,IT,66D,1,2
26325,BNS,338,1,3
26326,BNS,310,1,1
26327,MV,184,1,1
26327,MV,185,1,2
26328,BNS,310,1,1
26329,BNS,111,1,1
26330,BNS,85,1,1
26331,BNS,305,1,1
26332,BNS,309,1,1
26333,IT,66D,1,1
26334,BNS,191,1,1
26334,BNS,112,1,2
26335,IT,66D,1,1
26335,IT,66,1,2
26335,IT,66C,1,3
26336,MV,185,1,1
26336,MV,184,1,2
26337,MV,185,1,1
26337,MV,184,1,2
26338,POCSO,8,1,1
26338,BNS,140,1,2
26339,BNS,109,1,1
26340,NDPS,20,1,1
26340,NDPS,21,1,2
26341,MV,185,1,1
26342,BNS,109,1,1
26342,BNS,105,1,2
26342,BNS,115,1,3
26343,BNS,318,1,1
26343,IT,66D,1,2
26344,BNS,112,1,1
26344,BNS,191,1,2
26344,BNS,351,1,3
26347,BNS,310,1,1
26347,BNS,305,1,2
26347,BNS,318,1,3
26348,BNS,316,1,1
26349,BNS,318,1,1
26349,BNS,338,1,2
26350,BNS,196,1,1
26350,BNS,111,1,2
26350,BNS,351,1,3
26351,BNS,196,1,1
26351,BNS,111,1,2
26352,NDPS,20,1,1
26352,ARMS,27,1,2
26352,NDPS,21,1,3
26353,BNS,305,1,1
26353,BNS,316,1,2
26353,BNS,303,1,3
26354,BNS,303,1,1
26354,BNS,316,1,2
26354,BNS,305,1,3
26355,ARMS,27,1,1
26355,EXCISE,32,1,2
26355,NDPS,21,1,3
26356,MV,184,1,1
26357,BNS,316,1,1
26358,BNS,331,1,1
26358,BNS,316,1,2
26358,BNS,310,1,3
26359,BNS,109,1,1
26359,BNS,105,1,2
26359,BNS,118,1,3
26360,BNS,140,1,1
26360,BNS,78,1,2
26360,BNS,64,1,3
26361,NDPS,21,1,1
26362,BNS,331,1,1
26363,ARMS,25,1,1
26363,ARMS,27,1,2
26364,BNS,303,1,1
26365,BNS,305,1,1
26365,BNS,310,1,2
26366,BNS,303,1,1
26367,IT,66D,1,1
26367,BNS,338,1,2
26367,BNS,318,1,3
26368,BNS,105,1,1
26368,BNS,115,1,2
26369,IT,66D,1,1
26370,BNS,103,1,1
26370,BNS,109,1,2
26370,BNS,105,1,3
26371,BNS,303,1,1
26371,BNS,310,1,2
26371,BNS,309,1,3
26372,BNS,189,1,1
26372,BNS,191,1,2
26372,BNS,351,1,3
26373,BNS,191,1,1
26374,BNS,305,1,1
26374,BNS,331,1,2
26374,BNS,303,1,3
26375,MV,184,1,1
26375,MV,185,1,2
26376,BNS,318,1,1
26377,BNS,310,1,1
26378,MV,185,1,1
26378,MV,184,1,2
26379,BNS,303,1,1
26379,BNS,316,1,2
26381,BNS,309,1,1
26381,BNS,316,1,2
26382,MV,184,1,1
26382,MV,185,1,2
26383,BNS,189,1,1
26383,BNS,111,1,2
26383,BNS,351,1,3
26384,IT,66D,1,1
26385,IT,66D,1,1
26386,BNS,318,1,1
26386,BNS,305,1,2
26386,BNS,303,1,3
26387,BNS,309,1,1
26387,BNS,305,1,2
26387,BNS,331,1,3
26388,MV,185,1,1
26388,MV,184,1,2
26389,BNS,64,1,1
26389,BNS,80,1,2
26389,BNS,140,1,3
26391,BNS,191,1,1
26392,BNS,74,1,1
26392,BNS,140,1,2
26393,BNS,140,1,1
26393,BNS,64,1,2
26393,BNS,85,1,3
26394,BNS,305,1,1
26395,BNS,305,1,1
26395,BNS,303,1,2
26395,BNS,316,1,3
26396,BNS,331,1,1
26396,BNS,305,1,2
26396,BNS,318,1,3
26397,MV,184,1,1
26399,BNS,112,1,1
26399,BNS,191,1,2
26401,BNS,303,1,1
26402,MV,185,1,1
26403,BNS,318,1,1
26403,BNS,303,1,2
26403,BNS,331,1,3
26404,BNS,318,1,1
26405,BNS,309,1,1
26406,BNS,318,1,1
26407,BNS,80,1,1
26408,BNS,196,1,1
26408,BNS,351,1,2
26408,BNS,112,1,3
26409,IT,66D,1,1
26409,BNS,318,1,2
26410,BNS,310,1,1
26410,BNS,318,1,2
26412,BNS,309,1,1
26412,BNS,310,1,2
26414,IT,66D,1,1
26414,BNS,318,1,2
26415,BNS,140,1,1
26415,BNS,85,1,2
26415,BNS,74,1,3
26416,BNS,318,1,1
26417,BNS,85,1,1
26418,BNS,105,1,1
26419,BNS,305,1,1
26419,BNS,309,1,2
26419,BNS,316,1,3
26420,IT,66C,1,1
26421,BNS,118,1,1
26421,BNS,103,1,2
26421,BNS,109,1,3
26422,BNS,103,1,1
26422,BNS,115,1,2
26422,BNS,118,1,3
26423,BNS,78,1,1
26423,BNS,140,1,2
26424,IT,66D,1,1
26425,BNS,196,1,1
26425,BNS,351,1,2
26426,NDPS,8,1,1
26426,ARMS,27,1,2
26426,NDPS,20,1,3
26427,MV,184,1,1
26429,MV,184,1,1
26429,MV,185,1,2
26430,BNS,196,1,1
26430,BNS,189,1,2
26430,BNS,111,1,3
26431,BNS,309,1,1
26431,BNS,305,1,2
26431,BNS,303,1,3
26432,BNS,310,1,1
26432,BNS,305,1,2
26432,BNS,316,1,3
26433,BNS,105,1,1
26433,BNS,103,1,2
26434,EXCISE,32,1,1
26434,NDPS,20,1,2
26434,ARMS,25,1,3
26435,MV,185,1,1
26435,MV,184,1,2
26436,BNS,316,1,1
26437,EXCISE,32,1,1
26437,NDPS,20,1,2
26437,NDPS,21,1,3
26438,BNS,309,1,1
26438,BNS,303,1,2
26438,BNS,318,1,3
26439,BNS,318,1,1
26439,BNS,310,1,2
26439,BNS,305,1,3
26440,BNS,191,1,1
26440,BNS,189,1,2
26441,MV,185,1,1
26442,BNS,318,1,1
26443,BNS,118,1,1
26443,BNS,105,1,2
26444,NDPS,8,1,1
26445,MV,184,1,1
26446,IT,66,1,1
26447,BNS,305,1,1
26447,BNS,318,1,2
26447,BNS,309,1,3
26448,MV,185,1,1
26448,MV,184,1,2
26449,IT,66D,1,1
26449,BNS,338,1,2
26449,BNS,318,1,3
26450,MV,185,1,1
26451,BNS,316,1,1
26452,BNS,109,1,1
26452,BNS,118,1,2
26453,BNS,118,1,1
26454,BNS,338,1,1
26455,IT,66D,1,1
26455,BNS,338,1,2
26455,BNS,318,1,3
26456,MV,185,1,1
26456,MV,184,1,2
26457,BNS,338,1,1
26457,BNS,318,1,2
26457,IT,66D,1,3
26459,IT,66C,1,1
26461,NDPS,21,1,1
26461,ARMS,25,1,2
26462,BNS,303,1,1
26462,BNS,305,1,2
26462,BNS,316,1,3
26463,BNS,310,1,1
26463,BNS,309,1,2
26464,BNS,140,1,1
26464,POCSO,4,1,2
26464,POCSO,8,1,3
26465,BNS,310,1,1
26466,BNS,309,1,1
26466,BNS,316,1,2
26466,BNS,331,1,3
26467,MV,184,1,1
26467,MV,185,1,2
26469,BNS,74,1,1
26470,BNS,331,1,1
26470,BNS,303,1,2
26471,IT,66C,1,1
26472,IT,66C,1,1
26473,BNS,331,1,1
26473,BNS,318,1,2
26474,IT,66D,1,1
26474,BNS,318,1,2
26474,BNS,338,1,3
26475,BNS,331,1,1
26476,BNS,140,1,1
26477,MV,184,1,1
26477,MV,185,1,2
26478,BNS,74,1,1
26479,MV,185,1,1
26479,MV,184,1,2
26480,BNS,112,1,1
26480,BNS,111,1,2
26480,BNS,189,1,3
26481,BNS,109,1,1
26481,BNS,118,1,2
26481,BNS,103,1,3
26482,BNS,310,1,1
26483,BNS,115,1,1
26483,BNS,103,1,2
26483,BNS,105,1,3
26484,BNS,310,1,1
26484,BNS,309,1,2
26484,BNS,331,1,3
26485,BNS,331,1,1
26485,BNS,305,1,2
26486,BNS,316,1,1
26486,BNS,303,1,2
26487,MV,185,1,1
26488,BNS,331,1,1
26489,BNS,310,1,1
26490,BNS,85,1,1
26490,BNS,74,1,2
26491,BNS,191,1,1
26491,BNS,196,1,2
26492,BNS,196,1,1
26492,BNS,189,1,2
26493,MV,184,1,1
26494,BNS,316,1,1
26494,BNS,303,1,2
26494,BNS,318,1,3
26495,BNS,85,1,1
26495,BNS,74,1,2
26496,BNS,85,1,1
26497,BNS,78,1,1
26497,BNS,74,1,2
26497,BNS,85,1,3
26498,MV,184,1,1
26499,BNS,318,1,1
26500,MV,185,1,1
26501,BNS,305,1,1
26501,BNS,331,1,2
26503,BNS,310,1,1
26503,BNS,316,1,2
26504,BNS,331,1,1
26504,BNS,309,1,2
26505,BNS,351,1,1
26505,BNS,112,1,2
26505,BNS,111,1,3
26506,EXCISE,32,1,1
26506,ARMS,25,1,2
26506,NDPS,8,1,3
26507,BNS,85,1,1
26507,BNS,64,1,2
26508,BNS,103,1,1
26509,BNS,331,1,1
26510,BNS,305,1,1
26511,BNS,140,1,1
26511,POCSO,8,1,2
26511,POCSO,4,1,3
26512,IT,66D,1,1
26512,IT,66C,1,2
26512,IT,66,1,3
26513,BNS,318,1,1
26513,IT,66D,1,2
26513,BNS,338,1,3
26514,BNS,118,1,1
26514,BNS,115,1,2
26514,BNS,105,1,3
26515,BNS,309,1,1
26515,BNS,331,1,2
26516,MV,184,1,1
26517,BNS,318,1,1
26517,BNS,309,1,2
26519,BNS,318,1,1
26520,BNS,115,1,1
26520,BNS,109,1,2
26520,BNS,103,1,3
26521,BNS,310,1,1
26521,BNS,303,1,2
26521,BNS,305,1,3
26522,BNS,309,1,1
26522,BNS,331,1,2
26524,BNS,338,1,1
26525,MV,185,1,1
26526,BNS,331,1,1
26527,MV,185,1,1
26527,MV,184,1,2
26528,BNS,318,1,1
26528,BNS,338,1,2
26528,IT,66D,1,3
26529,BNS,338,1,1
26529,IT,66D,1,2
26529,BNS,318,1,3
26530,MV,184,1,1
26530,MV,185,1,2
26531,BNS,316,1,1
26532,BNS,118,1,1
26533,POCSO,8,1,1
26533,POCSO,4,1,2
26534,BNS,309,1,1
26534,BNS,310,1,2
26534,BNS,316,1,3
26535,IT,66D,1,1
26535,BNS,318,1,2
26535,BNS,338,1,3
26536,MV,184,1,1
26537,BNS,85,1,1
26538,BNS,318,1,1
26538,BNS,310,1,2
26539,BNS,305,1,1
26540,BNS,78,1,1
26541,BNS,309,1,1
26541,BNS,310,1,2
26542,MV,184,1,1
26543,BNS,316,1,1
26544,BNS,351,1,1
26544,BNS,189,1,2
26545,BNS,351,1,1
26545,BNS,111,1,2
26545,BNS,196,1,3
26546,BNS,338,1,1
26546,BNS,318,1,2
26547,BNS,109,1,1
26547,BNS,115,1,2
26548,BNS,318,1,1
26548,IT,66D,1,2
26548,BNS,338,1,3
26549,BNS,310,1,1
26550,EXCISE,32,1,1
26551,BNS,140,1,1
26552,MV,184,1,1
26552,MV,185,1,2
26553,BNS,64,1,1
26554,BNS,140,1,1
26554,BNS,85,1,2
26555,MV,185,1,1
26556,BNS,318,1,1
26556,BNS,316,1,2
26557,MV,185,1,1
26558,BNS,305,1,1
26559,NDPS,8,1,1
26559,EXCISE,32,1,2
26560,MV,185,1,1
26560,MV,184,1,2
26561,IT,66,1,1
26561,IT,66C,1,2
26561,IT,66D,1,3
26562,ARMS,25,1,1
26562,NDPS,20,1,2
26563,EXCISE,32,1,1
26564,BNS,303,1,1
26564,BNS,331,1,2
26565,MV,184,1,1
26566,BNS,316,1,1
26566,BNS,310,1,2
26566,BNS,331,1,3
26567,BNS,316,1,1
26567,BNS,303,1,2
26567,BNS,305,1,3
26568,BNS,115,1,1
26569,BNS,331,1,1
26570,IT,66D,1,1
26571,BNS,338,1,1
26572,BNS,109,1,1
26573,BNS,316,1,1
26573,BNS,310,1,2
26573,BNS,331,1,3
26574,IT,66D,1,1
26574,BNS,318,1,2
26575,BNS,316,1,1
26576,IT,66,1,1
26577,BNS,105,1,1
26578,BNS,318,1,1
26578,BNS,338,1,2
26578,IT,66D,1,3
26579,BNS,189,1,1
26580,BNS,74,1,1
26581,BNS,316,1,1
26581,BNS,305,1,2
26582,BNS,310,1,1
26583,BNS,305,1,1
26584,BNS,331,1,1
26585,BNS,118,1,1
26585,BNS,105,1,2
26587,BNS,80,1,1
26587,BNS,140,1,2
26587,BNS,78,1,3
26588,PC,7,1,1
26589,BNS,309,1,1
26589,BNS,303,1,2
26589,BNS,305,1,3
26590,MV,185,1,1
26590,MV,184,1,2
26591,MV,184,1,1
26592,BNS,316,1,1
26592,BNS,310,1,2
26592,BNS,309,1,3
26593,BNS,338,1,1
26594,BNS,105,1,1
26595,IT,66D,1,1
26595,BNS,338,1,2
26597,PC,7,1,1
26598,IT,66D,1,1
26598,IT,66,1,2
26599,MV,184,1,1
26599,MV,185,1,2
26600,MV,184,1,1
26601,BNS,309,1,1
26601,BNS,303,1,2
26601,BNS,318,1,3
26602,ARMS,25,1,1
26603,BNS,318,1,1
26604,MV,184,1,1
26604,MV,185,1,2
26605,BNS,105,1,1
26606,BNS,109,1,1
26606,BNS,103,1,2
26607,BNS,310,1,1
26607,BNS,309,1,2
26608,BNS,309,1,1
26608,BNS,310,1,2
26608,BNS,316,1,3
26609,BNS,74,1,1
26609,BNS,85,1,2
26610,BNS,338,1,1
26610,BNS,318,1,2
26610,IT,66D,1,3
26611,BNS,318,1,1
26611,BNS,338,1,2
26612,BNS,118,1,1
26612,BNS,103,1,2
26612,BNS,105,1,3
26613,BNS,85,1,1
26613,BNS,74,1,2
26613,BNS,78,1,3
26614,BNS,331,1,1
26614,BNS,303,1,2
26614,BNS,318,1,3
26615,BNS,303,1,1
26617,EXCISE,32,1,1
26617,NDPS,20,1,2
26618,BNS,80,1,1
26618,BNS,85,1,2
26618,BNS,74,1,3
26619,BNS,140,1,1
26619,BNS,74,1,2
26620,MV,184,1,1
26620,MV,185,1,2
26621,BNS,103,1,1
26622,BNS,305,1,1
26622,BNS,318,1,2
26622,BNS,303,1,3
26623,MV,185,1,1
26623,MV,184,1,2
26624,BNS,318,1,1
26624,BNS,309,1,2
26625,BNS,310,1,1
26625,BNS,305,1,2
26625,BNS,331,1,3
26626,BNS,105,1,1
26626,BNS,109,1,2
26627,MV,185,1,1
26628,EXCISE,32,1,1
26628,NDPS,20,1,2
26628,NDPS,21,1,3
26629,BNS,118,1,1
26630,BNS,305,1,1
26631,BNS,109,1,1
26631,BNS,105,1,2
26632,BNS,331,1,1
26632,BNS,305,1,2
26632,BNS,303,1,3
26633,BNS,338,1,1
26633,IT,66D,1,2
26633,BNS,318,1,3
26634,BNS,103,1,1
26634,BNS,118,1,2
26635,BNS,118,1,1
26635,BNS,115,1,2
26636,MV,185,1,1
26637,BNS,140,1,1
26638,BNS,118,1,1
26639,BNS,309,1,1
26640,BNS,305,1,1
26640,BNS,310,1,2
26641,IT,66,1,1
26642,BNS,118,1,1
26642,BNS,109,1,2
26642,BNS,103,1,3
26643,BNS,112,1,1
26643,BNS,191,1,2
26644,BNS,303,1,1
26645,MV,184,1,1
26648,NDPS,21,1,1
26649,BNS,118,1,1
26650,POCSO,4,1,1
26650,BNS,140,1,2
26651,BNS,310,1,1
26651,BNS,309,1,2
26651,BNS,305,1,3
26652,IT,66D,1,1
26652,IT,66,1,2
26652,IT,66C,1,3
26653,BNS,74,1,1
26653,BNS,85,1,2
26653,BNS,80,1,3
26654,MV,184,1,1
26655,BNS,191,1,1
26655,BNS,196,1,2
26656,IT,66C,1,1
26657,BNS,78,1,1
26657,BNS,64,1,2
26660,MV,184,1,1
26660,MV,185,1,2
26661,BNS,140,1,1
26662,BNS,115,1,1
26662,BNS,118,1,2
26662,BNS,103,1,3
26663,BNS,64,1,1
26664,BNS,189,1,1
26665,BNS,318,1,1
26665,IT,66D,1,2
26665,BNS,338,1,3
26666,BNS,85,1,1
26666,BNS,80,1,2
26667,BNS,303,1,1
26667,BNS,309,1,2
26668,BNS,85,1,1
26668,BNS,140,1,2
26668,BNS,74,1,3
26669,BNS,80,1,1
26670,BNS,112,1,1
26670,BNS,111,1,2
26671,BNS,310,1,1
26671,BNS,309,1,2
26671,BNS,331,1,3
26672,MV,185,1,1
26673,IT,66,1,1
26673,IT,66D,1,2
26673,IT,66C,1,3
26674,MV,185,1,1
26675,BNS,318,1,1
26675,IT,66D,1,2
26676,BNS,118,1,1
26676,BNS,103,1,2
26677,BNS,112,1,1
26677,BNS,196,1,2
26678,BNS,316,1,1
26678,BNS,305,1,2
26678,BNS,310,1,3
26680,MV,185,1,1
26680,MV,184,1,2
26681,BNS,303,1,1
26681,BNS,305,1,2
26681,BNS,316,1,3
26682,IT,66C,1,1
26683,BNS,338,1,1
26683,BNS,318,1,2
26683,IT,66D,1,3
26684,ARMS,25,1,1
26684,EXCISE,32,1,2
26685,MV,184,1,1
26686,IT,66C,1,1
26687,BNS,115,1,1
26688,BNS,109,1,1
26688,BNS,118,1,2
26689,BNS,103,1,1
26689,BNS,115,1,2
26690,BNS,318,1,1
26690,BNS,338,1,2
26690,IT,66D,1,3
26691,BNS,305,1,1
26691,BNS,331,1,2
26692,BNS,318,1,1
26692,BNS,331,1,2
26692,BNS,305,1,3
26693,BNS,331,1,1
26695,BNS,338,1,1
26696,IT,66D,1,1
26697,BNS,331,1,1
26698,BNS,310,1,1
26699,MV,184,1,1
26700,BNS,305,1,1
26701,BNS,316,1,1
26701,BNS,309,1,2
26702,BNS,338,1,1
26702,IT,66D,1,2
26702,BNS,318,1,3
26703,BNS,105,1,1
26703,BNS,118,1,2
26704,BNS,64,1,1
26705,BNS,338,1,1
26705,IT,66D,1,2
26706,BNS,64,1,1
26706,BNS,78,1,2
26706,BNS,80,1,3
26707,BNS,64,1,1
26707,BNS,140,1,2
26708,BNS,303,1,1
26708,BNS,318,1,2
26708,BNS,305,1,3
26709,ARMS,25,1,1
26710,BNS,310,1,1
26710,BNS,316,1,2
26710,BNS,303,1,3
26711,MV,184,1,1
26712,BNS,115,1,1
26712,BNS,109,1,2
26714,BNS,196,1,1
26715,BNS,140,1,1
26715,BNS,64,1,2
26715,BNS,85,1,3
26716,BNS,331,1,1
26717,BNS,115,1,1
26718,IT,66D,1,1
26718,IT,66C,1,2
26719,NDPS,21,1,1
26720,BNS,318,1,1
26720,BNS,309,1,2
26721,BNS,80,1,1
26722,BNS,309,1,1
26723,BNS,310,1,1
26724,BNS,74,1,1
26724,BNS,78,1,2
26725,MV,184,1,1
26726,BNS,338,1,1
26727,BNS,305,1,1
26727,BNS,303,1,2
26727,BNS,309,1,3
26728,BNS,191,1,1
26728,BNS,351,1,2
26728,BNS,112,1,3
26729,BNS,316,1,1
26729,BNS,318,1,2
26729,BNS,310,1,3
26730,IT,66D,1,1
26730,IT,66C,1,2
26731,BNS,338,1,1
26731,BNS,318,1,2
26732,BNS,305,1,1
26733,MV,185,1,1
26733,MV,184,1,2
26734,BNS,310,1,1
26734,BNS,318,1,2
26734,BNS,305,1,3
26735,NDPS,20,1,1
26736,BNS,140,1,1
26736,POCSO,4,1,2
26738,BNS,80,1,1
26739,BNS,318,1,1
26739,IT,66D,1,2
26740,ARMS,25,1,1
26741,IT,66D,1,1
26741,BNS,318,1,2
26741,BNS,338,1,3
26742,BNS,331,1,1
26742,BNS,318,1,2
26743,IT,66D,1,1
26743,BNS,338,1,2
26744,POCSO,4,1,1
26744,BNS,140,1,2
26744,POCSO,8,1,3
26745,BNS,318,1,1
26745,BNS,331,1,2
26746,BNS,115,1,1
26746,BNS,105,1,2
26746,BNS,118,1,3
26747,BNS,338,1,1
26749,BNS,331,1,1
26749,BNS,318,1,2
26750,BNS,331,1,1
26750,BNS,303,1,2
26750,BNS,316,1,3
26751,BNS,303,1,1
26751,BNS,309,1,2
26751,BNS,310,1,3
26752,BNS,310,1,1
26752,BNS,309,1,2
26752,BNS,318,1,3
26753,BNS,351,1,1
26753,BNS,112,1,2
26753,BNS,196,1,3
26754,BNS,303,1,1
26755,BNS,305,1,1
26755,BNS,309,1,2
26755,BNS,331,1,3
26756,BNS,318,1,1
26757,MV,185,1,1
26757,MV,184,1,2
26758,BNS,305,1,1
26758,BNS,316,1,2
26759,BNS,331,1,1
26759,BNS,318,1,2
26760,BNS,338,1,1
26761,BNS,318,1,1
26761,BNS,305,1,2
26762,BNS,303,1,1
26762,BNS,310,1,2
26762,BNS,316,1,3
26764,BNS,74,1,1
26764,BNS,80,1,2
26764,BNS,85,1,3
26765,BNS,310,1,1
26765,BNS,309,1,2
26765,BNS,316,1,3
26766,BNS,74,1,1
26767,IT,66D,1,1
26767,BNS,318,1,2
26768,BNS,338,1,1
26769,BNS,338,1,1
26770,BNS,305,1,1
26770,BNS,303,1,2
26770,BNS,331,1,3
26771,BNS,351,1,1
26771,BNS,191,1,2
26772,BNS,140,1,1
26772,BNS,85,1,2
26772,BNS,64,1,3
26773,BNS,318,1,1
26773,BNS,316,1,2
26773,BNS,309,1,3
26774,BNS,316,1,1
26774,BNS,310,1,2
26775,ARMS,25,1,1
26775,ARMS,27,1,2
26775,NDPS,21,1,3
26776,BNS,140,1,1
26776,BNS,85,1,2
26777,POCSO,4,1,1
26778,ARMS,27,1,1
26778,NDPS,20,1,2
26779,IT,66D,1,1
26779,BNS,318,1,2
26779,BNS,338,1,3
26780,PC,7,1,1
26781,BNS,305,1,1
26781,BNS,303,1,2
26781,BNS,310,1,3
26782,BNS,309,1,1
26783,BNS,309,1,1
26783,BNS,316,1,2
26783,BNS,318,1,3
26784,BNS,310,1,1
26784,BNS,318,1,2
26786,BNS,318,1,1
26786,IT,66D,1,2
26787,BNS,74,1,1
26788,EXCISE,32,1,1
26788,ARMS,25,1,2
26788,NDPS,21,1,3
26789,EXCISE,32,1,1
26790,MV,184,1,1
26791,BNS,140,1,1
26792,MV,184,1,1
26793,BNS,331,1,1
26793,BNS,316,1,2
26794,BNS,310,1,1
26794,BNS,303,1,2
26794,BNS,305,1,3
26795,BNS,331,1,1
26796,BNS,105,1,1
26796,BNS,115,1,2
26796,BNS,103,1,3
26797,BNS,316,1,1
26798,BNS,309,1,1
26798,BNS,305,1,2
26798,BNS,331,1,3
26799,BNS,310,1,1
26799,BNS,316,1,2
26800,BNS,309,1,1
26801,BNS,191,1,1
26801,BNS,189,1,2
26802,BNS,303,1,1
26802,BNS,318,1,2
26802,BNS,316,1,3
26803,BNS,310,1,1
26804,BNS,109,1,1
26805,BNS,64,1,1
26806,BNS,118,1,1
26806,BNS,105,1,2
26806,BNS,109,1,3
26808,BNS,305,1,1
26808,BNS,303,1,2
26808,BNS,310,1,3
26809,BNS,303,1,1
26810,ARMS,27,1,1
26810,NDPS,8,1,2
26810,NDPS,21,1,3
26811,MV,184,1,1
26812,BNS,316,1,1
26812,BNS,310,1,2
26812,BNS,318,1,3
26813,BNS,303,1,1
26813,BNS,310,1,2
26814,MV,184,1,1
26814,MV,185,1,2
26815,BNS,111,1,1
26815,BNS,189,1,2
26816,IT,66,1,1
26817,MV,184,1,1
26817,MV,185,1,2
26818,BNS,318,1,1
26819,BNS,351,1,1
26819,BNS,189,1,2
26819,BNS,191,1,3
26820,BNS,109,1,1
26821,BNS,191,1,1
26821,BNS,351,1,2
26821,BNS,112,1,3
26822,IT,66,1,1
26823,BNS,85,1,1
26823,BNS,64,1,2
26824,BNS,103,1,1
26825,IT,66,1,1
26825,IT,66C,1,2
26826,BNS,310,1,1
26826,BNS,316,1,2
26827,BNS,338,1,1
26827,BNS,318,1,2
26827,IT,66D,1,3
26828,BNS,112,1,1
26828,BNS,191,1,2
26829,BNS,303,1,1
26829,BNS,318,1,2
26829,BNS,331,1,3
26830,BNS,196,1,1
26830,BNS,112,1,2
26830,BNS,351,1,3
26832,BNS,115,1,1
26832,BNS,105,1,2
26832,BNS,103,1,3
26833,BNS,303,1,1
26833,BNS,310,1,2
26834,IT,66,1,1
26834,IT,66D,1,2
26834,IT,66C,1,3
26835,BNS,316,1,1
26835,BNS,331,1,2
26835,BNS,305,1,3
26836,BNS,118,1,1
26836,BNS,103,1,2
26836,BNS,105,1,3
26837,MV,185,1,1
26837,MV,184,1,2
26838,BNS,303,1,1
26838,BNS,309,1,2
26838,BNS,316,1,3
26839,EXCISE,32,1,1
26839,NDPS,21,1,2
26839,ARMS,25,1,3
26840,BNS,309,1,1
26840,BNS,303,1,2
26840,BNS,318,1,3
26841,NDPS,8,1,1
26841,EXCISE,32,1,2
26842,BNS,140,1,1
26842,POCSO,8,1,2
26842,POCSO,4,1,3
26843,BNS,338,1,1
26843,IT,66D,1,2
26844,BNS,338,1,1
26844,IT,66D,1,2
26844,BNS,318,1,3
26845,BNS,80,1,1
26845,BNS,140,1,2
26846,BNS,318,1,1
26847,IT,66,1,1
26848,BNS,318,1,1
26848,BNS,338,1,2
26848,IT,66D,1,3
26849,BNS,310,1,1
26850,BNS,303,1,1
26850,BNS,318,1,2
26851,ARMS,27,1,1
26852,BNS,191,1,1
26853,PC,7,1,1
26854,BNS,103,1,1
26855,BNS,318,1,1
26855,BNS,338,1,2
26856,IT,66D,1,1
26856,BNS,338,1,2
26857,BNS,318,1,1
26857,BNS,309,1,2
26857,BNS,331,1,3
26858,BNS,303,1,1
26858,BNS,310,1,2
26858,BNS,318,1,3
26859,BNS,305,1,1
26860,PC,7,1,1
26861,BNS,109,1,1
26861,BNS,118,1,2
26862,BNS,316,1,1
26863,BNS,189,1,1
26863,BNS,351,1,2
26863,BNS,111,1,3
26864,BNS,78,1,1
26864,BNS,140,1,2
26865,BNS,191,1,1
26865,BNS,351,1,2
26866,NDPS,20,1,1
26866,EXCISE,32,1,2
26866,NDPS,8,1,3
26867,BNS,318,1,1
26869,BNS,318,1,1
26870,PC,7,1,1
26871,BNS,310,1,1
26871,BNS,331,1,2
26871,BNS,309,1,3
26872,BNS,318,1,1
26873,BNS,85,1,1
26873,BNS,64,1,2
26873,BNS,80,1,3
26874,BNS,318,1,1
26874,IT,66D,1,2
26875,IT,66D,1,1
26876,BNS,105,1,1
26876,BNS,118,1,2
26877,BNS,318,1,1
26877,BNS,331,1,2
26878,BNS,118,1,1
26878,BNS,109,1,2
26879,BNS,331,1,1
26879,BNS,309,1,2
26880,BNS,338,1,1
26880,BNS,318,1,2
26881,ARMS,27,1,1
26881,EXCISE,32,1,2
26881,NDPS,20,1,3
26882,MV,184,1,1
26883,ARMS,27,1,1
26883,ARMS,25,1,2
26883,NDPS,20,1,3
26884,BNS,105,1,1
26884,BNS,118,1,2
26886,BNS,310,1,1
26886,BNS,303,1,2
26886,BNS,318,1,3
26887,BNS,309,1,1
26887,BNS,305,1,2
26887,BNS,310,1,3
26888,BNS,140,1,1
26888,BNS,85,1,2
26889,BNS,105,1,1
26889,BNS,115,1,2
26890,BNS,309,1,1
26890,BNS,318,1,2
26890,BNS,316,1,3
26891,BNS,318,1,1
26892,BNS,74,1,1
26892,BNS,140,1,2
26893,BNS,140,1,1
26893,BNS,64,1,2
26894,BNS,115,1,1
26895,BNS,64,1,1
26896,BNS,118,1,1
26897,BNS,318,1,1
26897,BNS,338,1,2
26898,BNS,331,1,1
26898,BNS,309,1,2
26899,BNS,118,1,1
26899,BNS,105,1,2
26900,IT,66,1,1
26901,BNS,64,1,1
26901,BNS,78,1,2
26901,BNS,74,1,3
26902,BNS,305,1,1
26902,BNS,318,1,2
26902,BNS,316,1,3
26903,BNS,74,1,1
26904,ARMS,27,1,1
26904,NDPS,20,1,2
26905,EXCISE,32,1,1
26906,BNS,305,1,1
26906,BNS,303,1,2
26906,BNS,316,1,3
26907,BNS,103,1,1
26907,BNS,115,1,2
26907,BNS,109,1,3
26908,BNS,111,1,1
26909,BNS,78,1,1
26909,BNS,80,1,2
26909,BNS,74,1,3
26910,BNS,303,1,1
26910,BNS,310,1,2
26911,BNS,310,1,1
26911,BNS,309,1,2
26912,BNS,318,1,1
26912,BNS,331,1,2
26912,BNS,305,1,3
26913,BNS,338,1,1
26914,MV,185,1,1
26914,MV,184,1,2
26915,BNS,316,1,1
26915,BNS,310,1,2
26916,IT,66D,1,1
26917,BNS,309,1,1
26918,BNS,140,1,1
26918,BNS,78,1,2
26919,BNS,140,1,1
26920,BNS,105,1,1
26920,BNS,115,1,2
26920,BNS,103,1,3
26921,IT,66D,1,1
26922,MV,185,1,1
26923,MV,184,1,1
26924,BNS,85,1,1
26924,BNS,80,1,2
26924,BNS,64,1,3
26925,BNS,318,1,1
26925,BNS,338,1,2
26925,IT,66D,1,3
26926,BNS,331,1,1
26926,BNS,310,1,2
26927,BNS,310,1,1
26928,MV,184,1,1
26928,MV,185,1,2
26929,BNS,74,1,1
26930,MV,185,1,1
26931,MV,185,1,1
26932,IT,66D,1,1
26932,BNS,338,1,2
26932,BNS,318,1,3
26933,BNS,140,1,1
26934,BNS,105,1,1
26934,BNS,118,1,2
26935,MV,184,1,1
26935,MV,185,1,2
26936,BNS,303,1,1
26937,NDPS,20,1,1
26938,BNS,338,1,1
26938,BNS,318,1,2
26939,MV,185,1,1
26939,MV,184,1,2
26940,BNS,109,1,1
26941,NDPS,8,1,1
26942,BNS,118,1,1
26942,BNS,103,1,2
26942,BNS,115,1,3
26943,BNS,80,1,1
26944,BNS,309,1,1
26944,BNS,316,1,2
26945,EXCISE,32,1,1
26945,NDPS,8,1,2
26945,ARMS,27,1,3
26946,BNS,316,1,1
26946,BNS,309,1,2
26946,BNS,303,1,3
26947,BNS,316,1,1
26947,BNS,309,1,2
26948,BNS,305,1,1
26948,BNS,309,1,2
26948,BNS,303,1,3
26949,BNS,303,1,1
26950,BNS,305,1,1
26951,BNS,303,1,1
26951,BNS,310,1,2
26951,BNS,305,1,3
26953,BNS,316,1,1
26953,BNS,303,1,2
26953,BNS,309,1,3
26954,BNS,115,1,1
26954,BNS,118,1,2
26954,BNS,109,1,3
26955,BNS,318,1,1
26956,BNS,318,1,1
26957,ARMS,25,1,1
26957,NDPS,21,1,2
26958,BNS,78,1,1
26959,BNS,78,1,1
26960,MV,184,1,1
26961,MV,185,1,1
26961,MV,184,1,2
26962,MV,184,1,1
26963,BNS,331,1,1
26964,IT,66C,1,1
26965,ARMS,27,1,1
26965,ARMS,25,1,2
26965,NDPS,20,1,3
26966,ARMS,27,1,1
26966,NDPS,8,1,2
26966,NDPS,20,1,3
26967,MV,184,1,1
26967,MV,185,1,2
26968,POCSO,4,1,1
26968,BNS,140,1,2
26968,POCSO,8,1,3
26969,BNS,331,1,1
26970,BNS,318,1,1
26971,IT,66D,1,1
26972,BNS,105,1,1
26972,BNS,109,1,2
26973,EXCISE,32,1,1
26974,BNS,309,1,1
26974,BNS,331,1,2
26974,BNS,316,1,3
26975,BNS,310,1,1
26975,BNS,318,1,2
26975,BNS,309,1,3
26976,BNS,338,1,1
26977,BNS,318,1,1
26977,BNS,303,1,2
26978,IT,66,1,1
26978,IT,66C,1,2
26979,BNS,303,1,1
26979,BNS,316,1,2
26979,BNS,305,1,3
26980,BNS,140,1,1
26980,POCSO,8,1,2
26980,POCSO,4,1,3
26981,BNS,191,1,1
26981,BNS,189,1,2
26982,BNS,338,1,1
26982,IT,66D,1,2
26983,MV,184,1,1
26984,MV,184,1,1
26984,MV,185,1,2
26985,BNS,318,1,1
26985,BNS,310,1,2
26985,BNS,305,1,3
26986,IT,66D,1,1
26986,BNS,318,1,2
26986,BNS,338,1,3
26987,NDPS,20,1,1
26988,BNS,105,1,1
26988,BNS,115,1,2
26988,BNS,103,1,3
26989,BNS,105,1,1
26989,BNS,103,1,2
26989,BNS,115,1,3
26991,BNS,316,1,1
26991,BNS,309,1,2
26991,BNS,310,1,3
26992,BNS,318,1,1
26993,IT,66,1,1
26993,IT,66C,1,2
26993,IT,66D,1,3
26994,BNS,331,1,1
26994,BNS,316,1,2
26995,MV,185,1,1
26996,BNS,80,1,1
26997,BNS,309,1,1
26997,BNS,331,1,2
26997,BNS,316,1,3
26998,BNS,196,1,1
26998,BNS,351,1,2
26998,BNS,112,1,3
26999,BNS,74,1,1
26999,BNS,80,1,2
27001,BNS,310,1,1
27001,BNS,318,1,2
27002,BNS,338,1,1
27003,BNS,105,1,1
27004,MV,185,1,1
27005,IT,66D,1,1
27005,BNS,338,1,2
27006,BNS,103,1,1
27007,BNS,316,1,1
27008,BNS,331,1,1
27009,BNS,318,1,1
27009,BNS,331,1,2
27009,BNS,305,1,3
27010,BNS,140,1,1
27011,MV,184,1,1
27012,IT,66,1,1
27012,IT,66C,1,2
27012,IT,66D,1,3
27013,BNS,305,1,1
27013,BNS,331,1,2
27014,MV,184,1,1
27014,MV,185,1,2
27015,BNS,310,1,1
27015,BNS,309,1,2
27015,BNS,316,1,3
27016,NDPS,8,1,1
27016,EXCISE,32,1,2
27016,NDPS,20,1,3
27017,BNS,140,1,1
27017,BNS,78,1,2
27017,BNS,74,1,3
27018,MV,185,1,1
27018,MV,184,1,2
27019,BNS,309,1,1
27020,BNS,318,1,1
27020,BNS,303,1,2
27021,BNS,305,1,1
27021,BNS,303,1,2
27022,MV,184,1,1
27023,BNS,305,1,1
27024,MV,184,1,1
27024,MV,185,1,2
27025,BNS,318,1,1
27026,MV,185,1,1
27026,MV,184,1,2
27027,BNS,318,1,1
27027,BNS,305,1,2
27027,BNS,331,1,3
27028,MV,185,1,1
27029,BNS,331,1,1
27030,BNS,118,1,1
27030,BNS,115,1,2
27031,MV,185,1,1
27031,MV,184,1,2
27032,BNS,310,1,1
27032,BNS,305,1,2
27032,BNS,331,1,3
27033,BNS,310,1,1
27034,BNS,140,1,1
27035,BNS,310,1,1
27036,BNS,318,1,1
27036,BNS,309,1,2
27036,BNS,310,1,3
27037,BNS,338,1,1
27037,IT,66D,1,2
27038,BNS,303,1,1
27038,BNS,305,1,2
27038,BNS,309,1,3
27039,MV,184,1,1
27040,BNS,103,1,1
27041,POCSO,8,1,1
27041,POCSO,4,1,2
27041,BNS,140,1,3
27042,BNS,318,1,1
27042,BNS,303,1,2
27043,BNS,310,1,1
27044,BNS,303,1,1
27045,BNS,191,1,1
27045,BNS,111,1,2
27045,BNS,189,1,3
27046,BNS,309,1,1
27046,BNS,318,1,2
27047,BNS,303,1,1
27048,IT,66D,1,1
27048,BNS,318,1,2
27049,IT,66D,1,1
27049,BNS,318,1,2
27050,BNS,331,1,1
27050,BNS,305,1,2
27050,BNS,316,1,3
27051,BNS,318,1,1
27052,BNS,85,1,1
27052,BNS,80,1,2
27053,BNS,310,1,1
27053,BNS,318,1,2
27054,BNS,112,1,1
27054,BNS,196,1,2
27054,BNS,189,1,3
27055,BNS,140,1,1
27055,BNS,74,1,2
27056,BNS,118,1,1
27056,BNS,115,1,2
27057,BNS,103,1,1
27057,BNS,118,1,2
27058,MV,185,1,1
27058,MV,184,1,2
27059,ARMS,27,1,1
27059,NDPS,8,1,2
27059,NDPS,21,1,3
27060,MV,185,1,1
27061,BNS,309,1,1
27061,BNS,303,1,2
27061,BNS,310,1,3
27062,MV,185,1,1
27062,MV,184,1,2
27063,BNS,74,1,1
27063,BNS,140,1,2
27064,MV,185,1,1
27065,MV,184,1,1
27065,MV,185,1,2
27066,BNS,318,1,1
27068,BNS,310,1,1
27069,BNS,310,1,1
27069,BNS,316,1,2
27069,BNS,305,1,3
27070,MV,185,1,1
27072,BNS,331,1,1
27072,BNS,318,1,2
27072,BNS,316,1,3
27073,BNS,112,1,1
27073,BNS,191,1,2
27074,MV,184,1,1
27074,MV,185,1,2
27075,BNS,309,1,1
27076,BNS,338,1,1
27076,BNS,318,1,2
27077,BNS,140,1,1
27077,POCSO,8,1,2
27078,IT,66D,1,1
27079,BNS,305,1,1
27080,NDPS,20,1,1
27080,NDPS,8,1,2
27081,BNS,310,1,1
27081,BNS,303,1,2
27082,BNS,318,1,1
27083,MV,184,1,1
27084,BNS,316,1,1
27084,BNS,305,1,2
27084,BNS,309,1,3
27085,BNS,111,1,1
27085,BNS,112,1,2
27085,BNS,351,1,3
27086,BNS,140,1,1
27086,BNS,85,1,2
27087,MV,185,1,1
27087,MV,184,1,2
27088,BNS,85,1,1
27088,BNS,80,1,2
27089,BNS,303,1,1
27089,BNS,331,1,2
27090,BNS,316,1,1
27091,BNS,318,1,1
27091,BNS,305,1,2
27091,BNS,316,1,3
27092,IT,66D,1,1
27092,IT,66,1,2
27093,BNS,196,1,1
27093,BNS,191,1,2
27093,BNS,189,1,3
27094,BNS,318,1,1
27096,BNS,309,1,1
27096,BNS,310,1,2
27097,NDPS,20,1,1
27098,IT,66D,1,1
27098,BNS,318,1,2
27098,BNS,338,1,3
27099,BNS,310,1,1
27100,BNS,118,1,1
27100,BNS,105,1,2
27100,BNS,115,1,3
27101,IT,66D,1,1
27101,BNS,338,1,2
27102,BNS,305,1,1
27102,BNS,310,1,2
27102,BNS,331,1,3
27103,BNS,74,1,1
27103,BNS,64,1,2
27103,BNS,85,1,3
27104,BNS,318,1,1
27104,BNS,338,1,2
27105,MV,184,1,1
27106,IT,66D,1,1
27106,BNS,318,1,2
27107,BNS,310,1,1
27107,BNS,318,1,2
27107,BNS,316,1,3
27108,BNS,140,1,1
27108,POCSO,4,1,2
27108,POCSO,8,1,3
27109,MV,184,1,1
27109,MV,185,1,2
27110,BNS,105,1,1
27110,BNS,109,1,2
27111,IT,66D,1,1
27112,MV,184,1,1
27113,ARMS,27,1,1
27113,NDPS,21,1,2
27114,MV,185,1,1
27114,MV,184,1,2
27115,MV,184,1,1
27115,MV,185,1,2
27116,BNS,318,1,1
27116,BNS,331,1,2
27117,IT,66D,1,1
27118,BNS,309,1,1
27119,NDPS,21,1,1
27119,NDPS,20,1,2
27120,BNS,103,1,1
27120,BNS,115,1,2
27120,BNS,109,1,3
27121,PC,7,1,1
27122,BNS,309,1,1
27122,BNS,310,1,2
27123,BNS,316,1,1
27123,BNS,303,1,2
27123,BNS,309,1,3
27125,BNS,316,1,1
27125,BNS,303,1,2
27125,BNS,305,1,3
27126,BNS,338,1,1
27126,IT,66D,1,2
27127,BNS,351,1,1
27127,BNS,191,1,2
27127,BNS,189,1,3
27128,BNS,318,1,1
27128,BNS,303,1,2
27129,BNS,303,1,1
27129,BNS,331,1,2
27130,BNS,351,1,1
27130,BNS,111,1,2
27131,BNS,331,1,1
27131,BNS,316,1,2
27132,BNS,80,1,1
27133,MV,185,1,1
27134,BNS,305,1,1
27135,BNS,331,1,1
27135,BNS,310,1,2
27136,BNS,191,1,1
27137,BNS,316,1,1
27137,BNS,303,1,2
27139,BNS,118,1,1
27140,BNS,318,1,1
27140,BNS,305,1,2
27142,BNS,103,1,1
27142,BNS,105,1,2
27142,BNS,115,1,3
27143,POCSO,4,1,1
27143,POCSO,8,1,2
27144,BNS,103,1,1
27144,BNS,109,1,2
27145,IT,66D,1,1
27145,BNS,338,1,2
27146,MV,184,1,1
27146,MV,185,1,2
27147,BNS,331,1,1
27147,BNS,316,1,2
27148,BNS,303,1,1
27148,BNS,331,1,2
27149,BNS,118,1,1
27150,BNS,331,1,1
27150,BNS,309,1,2
27151,BNS,351,1,1
27151,BNS,111,1,2
27151,BNS,112,1,3
27152,EXCISE,32,1,1
27152,NDPS,20,1,2
27153,BNS,318,1,1
27153,IT,66D,1,2
27154,BNS,310,1,1
27154,BNS,309,1,2
27154,BNS,318,1,3
27155,BNS,80,1,1
27156,BNS,309,1,1
27157,BNS,105,1,1
27158,MV,184,1,1
27158,MV,185,1,2
27159,BNS,338,1,1
27160,ARMS,27,1,1
27160,ARMS,25,1,2
27161,BNS,318,1,1
27161,BNS,338,1,2
27161,IT,66D,1,3
27162,BNS,331,1,1
27163,BNS,316,1,1
27163,BNS,318,1,2
27163,BNS,310,1,3
27164,IT,66D,1,1
27164,BNS,318,1,2
27165,BNS,338,1,1
27165,BNS,318,1,2
27165,IT,66D,1,3
27166,PC,7,1,1
27167,MV,185,1,1
27167,MV,184,1,2
27168,MV,184,1,1
27168,MV,185,1,2
27169,IT,66D,1,1
27169,IT,66C,1,2
27170,BNS,118,1,1
27171,BNS,309,1,1
27171,BNS,310,1,2
27172,BNS,331,1,1
27173,BNS,318,1,1
27173,BNS,310,1,2
27175,BNS,191,1,1
27175,BNS,111,1,2
27176,ARMS,27,1,1
27176,NDPS,20,1,2
27176,NDPS,21,1,3
27177,BNS,338,1,1
27177,IT,66D,1,2
27177,BNS,318,1,3
27178,BNS,338,1,1
27179,BNS,305,1,1
27179,BNS,316,1,2
27180,BNS,105,1,1
27180,BNS,103,1,2
27181,IT,66D,1,1
27181,BNS,318,1,2
27181,BNS,338,1,3
27182,BNS,303,1,1
27182,BNS,305,1,2
27183,BNS,189,1,1
27183,BNS,112,1,2
27184,BNS,305,1,1
27184,BNS,310,1,2
27184,BNS,331,1,3
27185,BNS,309,1,1
27185,BNS,318,1,2
27185,BNS,303,1,3
27186,BNS,115,1,1
27186,BNS,103,1,2
27187,BNS,85,1,1
27188,BNS,303,1,1
27189,BNS,303,1,1
27189,BNS,305,1,2
27190,BNS,115,1,1
27191,BNS,305,1,1
27191,BNS,303,1,2
27193,BNS,310,1,1
27194,MV,184,1,1
27195,BNS,338,1,1
27196,MV,185,1,1
27196,MV,184,1,2
27197,BNS,331,1,1
27197,BNS,310,1,2
27197,BNS,303,1,3
27198,IT,66D,1,1
27198,BNS,338,1,2
27199,IT,66D,1,1
27200,BNS,112,1,1
27201,MV,185,1,1
27202,BNS,105,1,1
27202,BNS,109,1,2
27203,IT,66D,1,1
27203,BNS,318,1,2
27203,BNS,338,1,3
27204,BNS,109,1,1
27204,BNS,115,1,2
27205,BNS,318,1,1
27205,BNS,305,1,2
27205,BNS,303,1,3
27206,BNS,305,1,1
27206,BNS,310,1,2
27206,BNS,331,1,3
27207,MV,184,1,1
27208,IT,66C,1,1
27208,IT,66,1,2
27208,IT,66D,1,3
27210,BNS,309,1,1
27210,BNS,305,1,2
27211,MV,185,1,1
27212,BNS,310,1,1
27212,BNS,318,1,2
27212,BNS,309,1,3
27213,ARMS,25,1,1
27213,NDPS,20,1,2
27214,BNS,303,1,1
27214,BNS,310,1,2
27214,BNS,331,1,3
27215,IT,66C,1,1
27216,BNS,115,1,1
27216,BNS,103,1,2
27217,BNS,303,1,1
27217,BNS,316,1,2
27218,BNS,140,1,1
27218,POCSO,8,1,2
27218,POCSO,4,1,3
27219,BNS,118,1,1
27220,BNS,140,1,1
27220,BNS,78,1,2
27221,BNS,309,1,1
27222,IT,66D,1,1
27222,BNS,318,1,2
27222,BNS,338,1,3
27223,BNS,109,1,1
27224,BNS,80,1,1
27224,BNS,64,1,2
27224,BNS,78,1,3
27225,BNS,318,1,1
27226,BNS,310,1,1
27227,BNS,316,1,1
27227,BNS,310,1,2
27228,BNS,331,1,1
27228,BNS,318,1,2
27228,BNS,303,1,3
27229,BNS,115,1,1
27229,BNS,109,1,2
27230,MV,185,1,1
27231,BNS,331,1,1
27232,BNS,309,1,1
27233,BNS,140,1,1
27234,MV,185,1,1
27234,MV,184,1,2
27235,IT,66D,1,1
27236,IT,66C,1,1
27237,MV,185,1,1
27237,MV,184,1,2
27238,BNS,118,1,1
27238,BNS,105,1,2
27238,BNS,103,1,3
27239,IT,66,1,1
27239,IT,66D,1,2
27239,IT,66C,1,3
27240,MV,185,1,1
27240,MV,184,1,2
27241,POCSO,4,1,1
27242,BNS,338,1,1
27242,BNS,318,1,2
27243,IT,66D,1,1
27243,BNS,338,1,2
27244,BNS,316,1,1
27244,BNS,309,1,2
27244,BNS,310,1,3
27245,IT,66,1,1
27246,BNS,118,1,1
27246,BNS,105,1,2
27246,BNS,115,1,3
27247,IT,66D,1,1
27248,BNS,338,1,1
27249,BNS,303,1,1
27251,BNS,331,1,1
27251,BNS,303,1,2
27252,IT,66D,1,1
27252,BNS,338,1,2
27252,BNS,318,1,3
27253,BNS,309,1,1
27254,BNS,316,1,1
27255,BNS,351,1,1
27256,IT,66D,1,1
27256,BNS,338,1,2
27257,BNS,189,1,1
27257,BNS,191,1,2
27260,BNS,78,1,1
27261,BNS,85,1,1
27262,BNS,115,1,1
27262,BNS,105,1,2
27262,BNS,103,1,3
27263,BNS,310,1,1
27263,BNS,303,1,2
27263,BNS,305,1,3
27264,BNS,111,1,1
27265,BNS,112,1,1
27265,BNS,189,1,2
27266,BNS,318,1,1
27267,BNS,303,1,1
27268,BNS,310,1,1
27268,BNS,318,1,2
27268,BNS,305,1,3
27269,BNS,115,1,1
27270,BNS,85,1,1
27270,BNS,64,1,2
27270,BNS,80,1,3
27271,NDPS,8,1,1
27271,ARMS,27,1,2
27272,MV,184,1,1
27273,BNS,318,1,1
27274,BNS,310,1,1
27274,BNS,305,1,2
27275,BNS,305,1,1
27276,BNS,338,1,1
27277,BNS,109,1,1
27277,BNS,105,1,2
27277,BNS,103,1,3
27278,BNS,309,1,1
27278,BNS,331,1,2
27279,BNS,318,1,1
27279,BNS,310,1,2
27279,BNS,305,1,3
27280,NDPS,20,1,1
27281,BNS,309,1,1
27282,BNS,118,1,1
27282,BNS,115,1,2
27282,BNS,103,1,3
27283,MV,185,1,1
27284,BNS,115,1,1
27284,BNS,103,1,2
27285,BNS,338,1,1
27286,BNS,338,1,1
27286,BNS,318,1,2
27287,BNS,305,1,1
27287,BNS,303,1,2
27287,BNS,309,1,3
27288,BNS,303,1,1
27288,BNS,318,1,2
27289,BNS,115,1,1
27289,BNS,105,1,2
27290,MV,184,1,1
27291,BNS,196,1,1
27291,BNS,191,1,2
27293,BNS,103,1,1
27293,BNS,115,1,2
27294,BNS,105,1,1
27294,BNS,118,1,2
27294,BNS,115,1,3
27295,MV,184,1,1
27295,MV,185,1,2
27296,BNS,109,1,1
27296,BNS,105,1,2
27296,BNS,115,1,3
27298,BNS,196,1,1
27300,BNS,309,1,1
27301,BNS,331,1,1
27301,BNS,318,1,2
27302,BNS,85,1,1
27302,BNS,78,1,2
27302,BNS,80,1,3
27303,BNS,103,1,1
27303,BNS,109,1,2
27304,EXCISE,32,1,1
27305,BNS,331,1,1
27305,BNS,303,1,2
27305,BNS,318,1,3
27306,MV,184,1,1
27308,BNS,115,1,1
27309,MV,184,1,1
27310,BNS,305,1,1
27310,BNS,331,1,2
27310,BNS,310,1,3
27311,BNS,103,1,1
27311,BNS,105,1,2
27312,BNS,309,1,1
27313,EXCISE,32,1,1
27314,ARMS,25,1,1
27315,BNS,191,1,1
27317,BNS,64,1,1
27318,IT,66D,1,1
27318,IT,66,1,2
27319,IT,66D,1,1
27319,BNS,318,1,2
27319,BNS,338,1,3
27320,BNS,331,1,1
27320,BNS,310,1,2
27321,BNS,338,1,1
27323,BNS,316,1,1
27323,BNS,305,1,2
27323,BNS,318,1,3
27324,IT,66D,1,1
27325,EXCISE,32,1,1
27325,NDPS,20,1,2
27326,BNS,338,1,1
27326,BNS,318,1,2
27327,BNS,191,1,1
27327,BNS,351,1,2
27328,BNS,305,1,1
27328,BNS,303,1,2
27328,BNS,316,1,3
27329,MV,185,1,1
27329,MV,184,1,2
27330,MV,185,1,1
27331,BNS,331,1,1
27331,BNS,305,1,2
27331,BNS,309,1,3
27332,BNS,303,1,1
27333,BNS,196,1,1
27333,BNS,191,1,2
27334,BNS,118,1,1
27335,IT,66D,1,1
27335,BNS,338,1,2
27336,BNS,74,1,1
27336,BNS,78,1,2
27336,BNS,80,1,3
27337,BNS,331,1,1
27338,ARMS,27,1,1
27338,NDPS,21,1,2
27340,BNS,305,1,1
27342,BNS,140,1,1
27342,BNS,80,1,2
27342,BNS,64,1,3
27343,MV,184,1,1
27344,BNS,309,1,1
27344,BNS,331,1,2
27345,BNS,309,1,1
27346,IT,66D,1,1
27347,BNS,196,1,1
27349,BNS,303,1,1
27349,BNS,309,1,2
27350,IT,66D,1,1
27350,BNS,318,1,2
27351,BNS,316,1,1
27352,BNS,78,1,1
27352,BNS,85,1,2
27352,BNS,64,1,3
27354,BNS,305,1,1
27355,BNS,318,1,1
27355,BNS,316,1,2
27355,BNS,310,1,3
27356,IT,66D,1,1
27356,BNS,318,1,2
27356,BNS,338,1,3
27358,BNS,338,1,1
27358,IT,66D,1,2
27358,BNS,318,1,3
27359,BNS,310,1,1
27359,BNS,316,1,2
27360,BNS,338,1,1
27360,BNS,318,1,2
27360,IT,66D,1,3
27361,BNS,78,1,1
27361,BNS,85,1,2
27361,BNS,140,1,3
27362,IT,66D,1,1
27362,BNS,338,1,2
27363,IT,66D,1,1
27363,IT,66,1,2
27364,BNS,331,1,1
27364,BNS,318,1,2
27364,BNS,309,1,3
27365,BNS,310,1,1
27366,BNS,78,1,1
27367,BNS,318,1,1
27368,MV,185,1,1
27369,BNS,305,1,1
27370,BNS,85,1,1
27371,BNS,318,1,1
27371,BNS,316,1,2
27372,BNS,196,1,1
27373,BNS,318,1,1
27374,BNS,318,1,1
27374,BNS,310,1,2
27375,IT,66D,1,1
27376,BNS,309,1,1
27376,BNS,318,1,2
27377,BNS,318,1,1
27377,BNS,310,1,2
27378,BNS,196,1,1
27378,BNS,351,1,2
27378,BNS,111,1,3
27379,BNS,109,1,1
27379,BNS,105,1,2
27381,BNS,318,1,1
27382,BNS,318,1,1
27382,IT,66D,1,2
27383,IT,66D,1,1
27383,IT,66C,1,2
27383,IT,66,1,3
27384,BNS,310,1,1
27385,IT,66D,1,1
27386,BNS,109,1,1
27386,BNS,118,1,2
27386,BNS,115,1,3
27387,BNS,103,1,1
27387,BNS,115,1,2
27387,BNS,105,1,3
27388,BNS,303,1,1
27388,BNS,309,1,2
27388,BNS,318,1,3
27389,MV,184,1,1
27389,MV,185,1,2
27390,NDPS,20,1,1
27390,EXCISE,32,1,2
27391,IT,66D,1,1
27391,BNS,338,1,2
27392,BNS,309,1,1
27393,MV,184,1,1
27393,MV,185,1,2
27394,IT,66,1,1
27395,BNS,103,1,1
27395,BNS,118,1,2
27396,BNS,351,1,1
27396,BNS,189,1,2
27397,BNS,305,1,1
27397,BNS,318,1,2
27398,BNS,305,1,1
27398,BNS,309,1,2
27399,IT,66,1,1
27399,IT,66C,1,2
27400,BNS,112,1,1
27400,BNS,111,1,2
27400,BNS,189,1,3
27401,BNS,118,1,1
27401,BNS,115,1,2
27401,BNS,103,1,3
27402,BNS,310,1,1
27403,BNS,118,1,1
27403,BNS,115,1,2
27404,BNS,318,1,1
27404,BNS,309,1,2
27404,BNS,316,1,3
27405,BNS,111,1,1
27405,BNS,196,1,2
27405,BNS,351,1,3
27406,BNS,309,1,1
27407,IT,66D,1,1
27408,BNS,318,1,1
27408,BNS,338,1,2
27409,BNS,103,1,1
27409,BNS,115,1,2
27409,BNS,105,1,3
27410,BNS,318,1,1
27411,BNS,191,1,1
27412,BNS,115,1,1
27413,BNS,310,1,1
27413,BNS,316,1,2
27413,BNS,305,1,3
27414,BNS,74,1,1
27414,BNS,140,1,2
27414,BNS,78,1,3
27415,BNS,196,1,1
27416,BNS,80,1,1
27417,BNS,115,1,1
27418,BNS,309,1,1
27418,BNS,303,1,2
27418,BNS,318,1,3
27419,BNS,331,1,1
27419,BNS,310,1,2
27420,MV,185,1,1
27421,BNS,316,1,1
27422,BNS,316,1,1
27422,BNS,331,1,2
27423,BNS,318,1,1
27423,BNS,309,1,2
27423,BNS,310,1,3
27424,EXCISE,32,1,1
27425,BNS,316,1,1
27425,BNS,318,1,2
27426,BNS,118,1,1
27426,BNS,115,1,2
27426,BNS,109,1,3
27427,BNS,309,1,1
27428,BNS,78,1,1
27429,BNS,303,1,1
27429,BNS,310,1,2
27431,BNS,303,1,1
27431,BNS,310,1,2
27431,BNS,309,1,3
27432,BNS,318,1,1
27432,BNS,338,1,2
27432,IT,66D,1,3
27433,BNS,191,1,1
27433,BNS,196,1,2
27433,BNS,351,1,3
27434,IT,66D,1,1
27434,BNS,338,1,2
27434,BNS,318,1,3
27435,IT,66,1,1
27436,BNS,310,1,1
27436,BNS,303,1,2
27436,BNS,316,1,3
27437,MV,185,1,1
27438,BNS,103,1,1
27439,BNS,318,1,1
27439,BNS,305,1,2
27440,POCSO,8,1,1
27440,POCSO,4,1,2
27440,BNS,140,1,3
27441,IT,66D,1,1
27441,BNS,318,1,2
27441,BNS,338,1,3
27442,ARMS,27,1,1
27442,NDPS,21,1,2
27444,BNS,331,1,1
27444,BNS,303,1,2
27446,BNS,318,1,1
27446,BNS,316,1,2
27447,BNS,115,1,1
27447,BNS,109,1,2
27448,BNS,318,1,1
27448,IT,66D,1,2
27449,BNS,318,1,1
27449,BNS,305,1,2
27449,BNS,310,1,3
27450,MV,184,1,1
27451,PC,7,1,1
27452,MV,185,1,1
27453,BNS,316,1,1
27454,BNS,318,1,1
27455,BNS,109,1,1
27456,IT,66C,1,1
27458,BNS,309,1,1
27459,BNS,191,1,1
27459,BNS,189,1,2
27459,BNS,112,1,3
27460,BNS,111,1,1
27460,BNS,191,1,2
27461,BNS,305,1,1
27462,BNS,196,1,1
27462,BNS,111,1,2
27463,BNS,318,1,1
27463,BNS,303,1,2
27464,BNS,318,1,1
27464,BNS,331,1,2
27464,BNS,310,1,3
27465,BNS,316,1,1
27466,BNS,305,1,1
27466,BNS,303,1,2
27467,ARMS,27,1,1
27467,NDPS,21,1,2
27468,BNS,309,1,1
27468,BNS,310,1,2
27468,BNS,331,1,3
27469,MV,184,1,1
27469,MV,185,1,2
27470,IT,66D,1,1
27471,MV,184,1,1
27472,IT,66D,1,1
27473,BNS,305,1,1
27473,BNS,310,1,2
27474,IT,66,1,1
27474,IT,66D,1,2
27475,BNS,303,1,1
27475,BNS,309,1,2
27476,BNS,331,1,1
27476,BNS,316,1,2
27477,BNS,196,1,1
27478,MV,185,1,1
27478,MV,184,1,2
27479,BNS,318,1,1
27479,BNS,316,1,2
27480,NDPS,8,1,1
27480,ARMS,27,1,2
27480,ARMS,25,1,3
27481,BNS,310,1,1
27482,BNS,316,1,1
27482,BNS,305,1,2
27483,MV,184,1,1
27483,MV,185,1,2
27486,BNS,303,1,1
27487,MV,185,1,1
27487,MV,184,1,2
27488,BNS,109,1,1
27488,BNS,105,1,2
27489,BNS,331,1,1
27490,BNS,305,1,1
27490,BNS,310,1,2
27490,BNS,316,1,3
27491,EXCISE,32,1,1
27492,BNS,305,1,1
27493,BNS,303,1,1
27493,BNS,310,1,2
27493,BNS,316,1,3
27494,BNS,103,1,1
27494,BNS,115,1,2
27495,BNS,140,1,1
27495,BNS,85,1,2
27495,BNS,78,1,3
27496,BNS,310,1,1
27496,BNS,305,1,2
27496,BNS,303,1,3
27497,NDPS,21,1,1
27497,ARMS,25,1,2
27497,EXCISE,32,1,3
27498,IT,66,1,1
27498,IT,66C,1,2
27499,BNS,103,1,1
27499,BNS,118,1,2
27499,BNS,109,1,3
27500,BNS,318,1,1
27500,BNS,338,1,2
27500,IT,66D,1,3
27501,BNS,318,1,1
27502,BNS,303,1,1
27503,BNS,318,1,1
27503,BNS,309,1,2
27504,BNS,331,1,1
27505,BNS,305,1,1
27505,BNS,303,1,2
27506,MV,185,1,1
27506,MV,184,1,2
27507,BNS,118,1,1
27507,BNS,109,1,2
27508,MV,185,1,1
27509,BNS,103,1,1
27509,BNS,105,1,2
27510,BNS,111,1,1
27511,BNS,115,1,1
27511,BNS,105,1,2
27511,BNS,103,1,3
27512,MV,185,1,1
27513,MV,184,1,1
27513,MV,185,1,2
27515,BNS,191,1,1
27515,BNS,351,1,2
27515,BNS,189,1,3
27516,NDPS,21,1,1
27516,ARMS,25,1,2
27516,NDPS,20,1,3
27517,BNS,112,1,1
27517,BNS,111,1,2
27517,BNS,196,1,3
27518,BNS,109,1,1
27518,BNS,105,1,2
27519,NDPS,20,1,1
27519,NDPS,8,1,2
27519,ARMS,27,1,3
27520,BNS,318,1,1
27520,BNS,303,1,2
27520,BNS,309,1,3
27521,BNS,78,1,1
27521,BNS,74,1,2
27523,BNS,80,1,1
27524,BNS,305,1,1
27524,BNS,316,1,2
27525,MV,184,1,1
27526,BNS,309,1,1
27526,BNS,316,1,2
27527,BNS,318,1,1
27528,BNS,140,1,1
27528,POCSO,8,1,2
27528,POCSO,4,1,3
27529,BNS,318,1,1
27529,BNS,338,1,2
27529,IT,66D,1,3
27530,EXCISE,32,1,1
27531,ARMS,27,1,1
27531,ARMS,25,1,2
27532,IT,66D,1,1
27532,BNS,318,1,2
27532,BNS,338,1,3
27533,BNS,118,1,1
27533,BNS,105,1,2
27534,BNS,309,1,1
27534,BNS,303,1,2
27535,BNS,105,1,1
27535,BNS,115,1,2
27535,BNS,103,1,3
27536,BNS,338,1,1
27536,IT,66D,1,2
27537,BNS,310,1,1
27538,MV,184,1,1
27539,MV,185,1,1
27539,MV,184,1,2
27540,BNS,303,1,1
27541,BNS,318,1,1
27541,IT,66D,1,2
27542,BNS,316,1,1
27543,BNS,112,1,1
27544,BNS,118,1,1
27544,BNS,103,1,2
27544,BNS,109,1,3
27545,BNS,316,1,1
27545,BNS,303,1,2
27545,BNS,309,1,3
27546,BNS,331,1,1
27547,BNS,115,1,1
27547,BNS,103,1,2
27548,BNS,316,1,1
27548,BNS,303,1,2
27549,BNS,80,1,1
27550,NDPS,8,1,1
27550,ARMS,25,1,2
27551,BNS,316,1,1
27552,MV,184,1,1
27553,BNS,318,1,1
27553,BNS,338,1,2
27554,BNS,338,1,1
27554,BNS,318,1,2
27554,IT,66D,1,3
27555,BNS,318,1,1
27555,BNS,338,1,2
27556,ARMS,27,1,1
27556,EXCISE,32,1,2
27556,NDPS,8,1,3
27557,BNS,338,1,1
27557,BNS,318,1,2
27559,BNS,303,1,1
27559,BNS,309,1,2
27560,ARMS,25,1,1
27560,EXCISE,32,1,2
27561,BNS,305,1,1
27561,BNS,310,1,2
27561,BNS,309,1,3
27562,NDPS,8,1,1
27562,EXCISE,32,1,2
27562,NDPS,21,1,3
27563,BNS,338,1,1
27563,BNS,318,1,2
27564,BNS,316,1,1
27564,BNS,310,1,2
27565,BNS,309,1,1
27565,BNS,316,1,2
27565,BNS,303,1,3
27567,BNS,303,1,1
27567,BNS,309,1,2
27567,BNS,318,1,3
27568,BNS,115,1,1
27569,IT,66D,1,1
27570,BNS,196,1,1
27571,BNS,189,1,1
27572,IT,66,1,1
27573,BNS,305,1,1
27573,BNS,303,1,2
27574,BNS,103,1,1
27575,BNS,318,1,1
27575,BNS,309,1,2
27575,BNS,303,1,3
27576,BNS,316,1,1
27576,BNS,331,1,2
27577,IT,66D,1,1
27577,BNS,318,1,2
27577,BNS,338,1,3
27578,BNS,78,1,1
27578,BNS,74,1,2
27579,BNS,318,1,1
27580,IT,66D,1,1
27580,BNS,338,1,2
27581,MV,185,1,1
27581,MV,184,1,2
27582,BNS,196,1,1
27582,BNS,189,1,2
27582,BNS,112,1,3
27583,MV,185,1,1
27583,MV,184,1,2
27584,MV,184,1,1
27584,MV,185,1,2
27585,MV,185,1,1
27585,MV,184,1,2
27586,BNS,118,1,1
27586,BNS,105,1,2
27586,BNS,115,1,3
27587,IT,66D,1,1
27587,IT,66C,1,2
27587,IT,66,1,3
27588,BNS,115,1,1
27589,BNS,105,1,1
27590,BNS,318,1,1
27590,IT,66D,1,2
27590,BNS,338,1,3
27591,BNS,351,1,1
27591,BNS,189,1,2
27591,BNS,111,1,3
27592,EXCISE,32,1,1
27593,BNS,103,1,1
27594,BNS,305,1,1
27594,BNS,310,1,2
27594,BNS,318,1,3
27595,BNS,318,1,1
27596,MV,184,1,1
27596,MV,185,1,2
27597,BNS,140,1,1
27597,BNS,85,1,2
27598,BNS,305,1,1
27598,BNS,310,1,2
27598,BNS,331,1,3
27600,BNS,318,1,1
27600,IT,66D,1,2
27600,BNS,338,1,3
27601,IT,66D,1,1
27601,BNS,338,1,2
27601,BNS,318,1,3
27602,BNS,109,1,1
27603,MV,184,1,1
27603,MV,185,1,2
27604,BNS,305,1,1
27604,BNS,316,1,2
27605,BNS,318,1,1
27605,BNS,310,1,2
27605,BNS,331,1,3
27606,IT,66,1,1
27607,BNS,331,1,1
27608,BNS,115,1,1
27610,BNS,118,1,1
27610,BNS,105,1,2
27610,BNS,109,1,3
27611,BNS,189,1,1
27612,BNS,309,1,1
27612,BNS,331,1,2
27612,BNS,303,1,3
27613,IT,66D,1,1
27613,BNS,338,1,2
27614,BNS,105,1,1
27614,BNS,118,1,2
27615,BNS,310,1,1
27615,BNS,305,1,2
27615,BNS,309,1,3
27616,BNS,80,1,1
27618,MV,184,1,1
27618,MV,185,1,2
27619,NDPS,21,1,1
27619,ARMS,27,1,2
27619,NDPS,8,1,3
27620,BNS,305,1,1
27620,BNS,309,1,2
27621,IT,66D,1,1
27622,BNS,111,1,1
27624,MV,184,1,1
27624,MV,185,1,2
27625,BNS,305,1,1
27625,BNS,331,1,2
27625,BNS,318,1,3
27626,BNS,318,1,1
27627,BNS,318,1,1
27627,BNS,305,1,2
27627,BNS,331,1,3
27628,BNS,103,1,1
27628,BNS,105,1,2
27629,BNS,309,1,1
27629,BNS,305,1,2
27629,BNS,331,1,3
27630,BNS,305,1,1
27630,BNS,318,1,2
27631,BNS,316,1,1
27631,BNS,305,1,2
27631,BNS,309,1,3
27632,BNS,318,1,1
27633,BNS,305,1,1
27634,MV,184,1,1
27634,MV,185,1,2
27635,BNS,305,1,1
27636,PC,7,1,1
27637,MV,184,1,1
27638,MV,184,1,1
27639,BNS,305,1,1
27640,BNS,331,1,1
27640,BNS,310,1,2
27640,BNS,316,1,3
27641,BNS,331,1,1
27641,BNS,310,1,2
27642,BNS,303,1,1
27643,BNS,64,1,1
27644,BNS,305,1,1
27644,BNS,318,1,2
27645,BNS,331,1,1
27645,BNS,310,1,2
27646,MV,184,1,1
27646,MV,185,1,2
27647,BNS,191,1,1
27647,BNS,111,1,2
27647,BNS,351,1,3
27648,BNS,318,1,1
27648,BNS,338,1,2
27648,IT,66D,1,3
27649,BNS,309,1,1
27649,BNS,303,1,2
27649,BNS,318,1,3
27650,BNS,309,1,1
27650,BNS,331,1,2
27650,BNS,318,1,3
27651,BNS,318,1,1
27651,BNS,303,1,2
27651,BNS,316,1,3
27652,BNS,309,1,1
27653,BNS,338,1,1
27654,BNS,64,1,1
27654,BNS,80,1,2
27654,BNS,140,1,3
27655,BNS,112,1,1
27655,BNS,189,1,2
27656,BNS,303,1,1
27657,MV,184,1,1
27657,MV,185,1,2
27658,MV,185,1,1
27658,MV,184,1,2
27659,BNS,331,1,1
27660,BNS,331,1,1
27660,BNS,305,1,2
27660,BNS,310,1,3
27661,BNS,305,1,1
27661,BNS,310,1,2
27661,BNS,316,1,3
27662,BNS,118,1,1
27663,BNS,105,1,1
27664,IT,66,1,1
27665,MV,185,1,1
27665,MV,184,1,2
27666,POCSO,8,1,1
27666,BNS,140,1,2
27668,IT,66,1,1
27668,IT,66D,1,2
27669,BNS,309,1,1
27669,BNS,318,1,2
27669,BNS,310,1,3
27670,NDPS,21,1,1
27670,EXCISE,32,1,2
27671,PC,7,1,1
27672,BNS,310,1,1
27672,BNS,331,1,2
27672,BNS,318,1,3
27673,BNS,103,1,1
27673,BNS,109,1,2
27673,BNS,118,1,3
27674,BNS,303,1,1
27674,BNS,318,1,2
27674,BNS,305,1,3
27675,BNS,191,1,1
27675,BNS,112,1,2
27675,BNS,189,1,3
27676,BNS,305,1,1
27678,BNS,318,1,1
27678,IT,66D,1,2
27678,BNS,338,1,3
27679,BNS,305,1,1
27679,BNS,331,1,2
27680,BNS,316,1,1
27681,BNS,309,1,1
27682,BNS,310,1,1
27682,BNS,331,1,2
27683,BNS,111,1,1
27683,BNS,189,1,2
27684,BNS,118,1,1
27685,BNS,103,1,1
27685,BNS,118,1,2
27685,BNS,105,1,3
27686,BNS,310,1,1
27686,BNS,303,1,2
27687,BNS,318,1,1
27687,BNS,338,1,2
27687,IT,66D,1,3
27688,MV,184,1,1
27689,MV,185,1,1
27690,BNS,78,1,1
27690,BNS,85,1,2
27690,BNS,64,1,3
27691,BNS,109,1,1
27692,IT,66D,1,1
27693,BNS,85,1,1
27693,BNS,140,1,2
27694,BNS,309,1,1
27694,BNS,303,1,2
27695,BNS,109,1,1
27695,BNS,105,1,2
27695,BNS,115,1,3
27696,MV,185,1,1
27696,MV,184,1,2
27697,BNS,140,1,1
27697,BNS,74,1,2
27698,BNS,78,1,1
27698,BNS,85,1,2
27699,NDPS,20,1,1
27700,BNS,318,1,1
27700,BNS,316,1,2
27700,BNS,331,1,3
27701,NDPS,8,1,1
27701,NDPS,21,1,2
27702,BNS,109,1,1
27702,BNS,103,1,2
27703,BNS,111,1,1
27703,BNS,189,1,2
27704,BNS,331,1,1
27704,BNS,316,1,2
27704,BNS,310,1,3
27705,BNS,331,1,1
27705,BNS,316,1,2
27705,BNS,318,1,3
27706,BNS,305,1,1
27708,BNS,310,1,1
27708,BNS,331,1,2
27708,BNS,305,1,3
27709,BNS,191,1,1
27710,BNS,316,1,1
27710,BNS,305,1,2
27711,IT,66,1,1
27711,IT,66C,1,2
27712,MV,184,1,1
27713,MV,185,1,1
27714,BNS,309,1,1
27714,BNS,305,1,2
27714,BNS,303,1,3
27715,BNS,64,1,1
27716,BNS,305,1,1
27716,BNS,309,1,2
27717,BNS,309,1,1
27717,BNS,310,1,2
27719,BNS,318,1,1
27719,BNS,310,1,2
27720,BNS,303,1,1
27720,BNS,309,1,2
27720,BNS,331,1,3
27721,BNS,80,1,1
27721,BNS,64,1,2
27721,BNS,78,1,3
27722,BNS,318,1,1
27723,BNS,318,1,1
27723,BNS,338,1,2
27724,BNS,310,1,1
27725,BNS,140,1,1
27725,BNS,78,1,2
27726,BNS,64,1,1
27726,BNS,78,1,2
27726,BNS,140,1,3
27727,BNS,318,1,1
27727,IT,66D,1,2
27727,BNS,338,1,3
27728,BNS,115,1,1
27728,BNS,109,1,2
27729,BNS,316,1,1
27729,BNS,305,1,2
27729,BNS,331,1,3
27730,BNS,305,1,1
27730,BNS,303,1,2
27731,BNS,189,1,1
27731,BNS,111,1,2
27732,BNS,318,1,1
27733,BNS,115,1,1
27733,BNS,118,1,2
27734,MV,185,1,1
27735,BNS,105,1,1
27736,BNS,318,1,1
27736,IT,66D,1,2
27736,BNS,338,1,3
27737,IT,66D,1,1
27737,BNS,318,1,2
27737,BNS,338,1,3
27738,MV,185,1,1
27739,BNS,316,1,1
27739,BNS,309,1,2
27740,BNS,80,1,1
27740,BNS,140,1,2
27741,BNS,316,1,1
27741,BNS,310,1,2
27741,BNS,318,1,3
27742,BNS,338,1,1
27742,IT,66D,1,2
27743,BNS,305,1,1
27743,BNS,309,1,2
27743,BNS,316,1,3
27744,BNS,318,1,1
27744,IT,66D,1,2
27745,BNS,316,1,1
27745,BNS,303,1,2
27747,BNS,305,1,1
27747,BNS,310,1,2
27747,BNS,316,1,3
27748,BNS,310,1,1
27748,BNS,331,1,2
27748,BNS,305,1,3
27749,BNS,316,1,1
27749,BNS,303,1,2
27751,ARMS,25,1,1
27751,NDPS,21,1,2
27752,BNS,316,1,1
27752,BNS,309,1,2
27753,NDPS,8,1,1
27753,NDPS,20,1,2
27754,BNS,331,1,1
27755,BNS,309,1,1
27756,MV,184,1,1
27756,MV,185,1,2
27757,BNS,338,1,1
27757,BNS,318,1,2
27757,IT,66D,1,3
27758,BNS,74,1,1
27758,BNS,64,1,2
27758,BNS,140,1,3
27759,BNS,105,1,1
27759,BNS,118,1,2
27759,BNS,103,1,3
27760,BNS,309,1,1
27760,BNS,305,1,2
27761,BNS,303,1,1
27761,BNS,310,1,2
27762,BNS,303,1,1
27762,BNS,318,1,2
27763,BNS,305,1,1
27763,BNS,303,1,2
27763,BNS,331,1,3
27764,MV,185,1,1
27764,MV,184,1,2
27765,NDPS,20,1,1
27766,MV,185,1,1
27766,MV,184,1,2
27767,BNS,118,1,1
27767,BNS,115,1,2
27768,BNS,309,1,1
27769,BNS,103,1,1
27769,BNS,118,1,2
27769,BNS,115,1,3
27770,BNS,115,1,1
27770,BNS,109,1,2
27771,BNS,338,1,1
27771,IT,66D,1,2
27772,BNS,309,1,1
27773,MV,184,1,1
27773,MV,185,1,2
27774,NDPS,20,1,1
27774,NDPS,21,1,2
27776,BNS,331,1,1
27776,BNS,303,1,2
27777,BNS,140,1,1
27778,BNS,318,1,1
27778,IT,66D,1,2
27778,BNS,338,1,3
27779,BNS,331,1,1
27780,BNS,189,1,1
27780,BNS,351,1,2
27780,BNS,196,1,3
27781,BNS,303,1,1
27781,BNS,310,1,2
27782,IT,66D,1,1
27782,BNS,338,1,2
27783,NDPS,20,1,1
27783,ARMS,27,1,2
27784,BNS,303,1,1
27784,BNS,310,1,2
27785,BNS,305,1,1
27785,BNS,303,1,2
27786,ARMS,25,1,1
27786,NDPS,20,1,2
27787,BNS,303,1,1
27787,BNS,309,1,2
27788,MV,184,1,1
27788,MV,185,1,2
27790,BNS,105,1,1
27790,BNS,118,1,2
27790,BNS,103,1,3
27791,BNS,80,1,1
27791,BNS,74,1,2
27792,BNS,316,1,1
27792,BNS,318,1,2
27792,BNS,331,1,3
27793,BNS,316,1,1
27793,BNS,303,1,2
27793,BNS,309,1,3
27794,BNS,196,1,1
27794,BNS,351,1,2
27795,IT,66D,1,1
27795,IT,66C,1,2
27796,BNS,115,1,1
27796,BNS,105,1,2
27796,BNS,118,1,3
27797,BNS,305,1,1
27797,BNS,316,1,2
27798,BNS,309,1,1
27798,BNS,310,1,2
27799,BNS,310,1,1
27800,BNS,191,1,1
27800,BNS,189,1,2
27801,BNS,338,1,1
27801,IT,66D,1,2
27802,BNS,191,1,1
27802,BNS,111,1,2
27803,IT,66D,1,1
27803,BNS,318,1,2
27803,BNS,338,1,3
27804,BNS,191,1,1
27804,BNS,351,1,2
27804,BNS,111,1,3
27805,BNS,305,1,1
27806,BNS,303,1,1
27806,BNS,318,1,2
27806,BNS,331,1,3
27807,BNS,310,1,1
27807,BNS,331,1,2
27807,BNS,318,1,3
27808,BNS,74,1,1
27808,BNS,80,1,2
27808,BNS,85,1,3
27809,BNS,331,1,1
27810,MV,185,1,1
27810,MV,184,1,2
27811,BNS,331,1,1
27812,POCSO,8,1,1
27812,BNS,140,1,2
27812,POCSO,4,1,3
27813,BNS,310,1,1
27813,BNS,318,1,2
27813,BNS,309,1,3
27814,BNS,303,1,1
27815,BNS,118,1,1
27815,BNS,115,1,2
27816,BNS,310,1,1
27817,BNS,85,1,1
27817,BNS,78,1,2
27818,MV,184,1,1
27818,MV,185,1,2
27819,NDPS,21,1,1
27819,NDPS,8,1,2
27819,EXCISE,32,1,3
27820,BNS,303,1,1
27820,BNS,309,1,2
27821,BNS,305,1,1
27821,BNS,318,1,2
27822,BNS,140,1,1
27822,BNS,74,1,2
27823,MV,184,1,1
27823,MV,185,1,2
27824,BNS,309,1,1
27824,BNS,318,1,2
27825,BNS,316,1,1
27826,BNS,78,1,1
27827,IT,66D,1,1
27828,BNS,303,1,1
27828,BNS,310,1,2
27828,BNS,309,1,3
27829,BNS,303,1,1
27829,BNS,309,1,2
27830,BNS,115,1,1
27830,BNS,105,1,2
27830,BNS,118,1,3
27831,NDPS,20,1,1
27831,EXCISE,32,1,2
27832,BNS,140,1,1
27832,POCSO,4,1,2
27832,POCSO,8,1,3
27833,BNS,338,1,1
27833,IT,66D,1,2
27834,BNS,303,1,1
27834,BNS,310,1,2
27834,BNS,305,1,3
27835,IT,66D,1,1
27835,BNS,318,1,2
27835,BNS,338,1,3
27836,BNS,118,1,1
27836,BNS,115,1,2
27837,ARMS,27,1,1
27839,BNS,309,1,1
27839,BNS,331,1,2
27840,MV,184,1,1
27840,MV,185,1,2
27842,BNS,189,1,1
27843,BNS,318,1,1
27844,BNS,105,1,1
27844,BNS,109,1,2
27844,BNS,103,1,3
27845,BNS,80,1,1
27846,MV,185,1,1
27846,MV,184,1,2
27847,BNS,318,1,1
27847,BNS,309,1,2
27848,MV,184,1,1
27849,BNS,74,1,1
27849,BNS,140,1,2
27850,MV,185,1,1
27850,MV,184,1,2
27851,BNS,316,1,1
27851,BNS,309,1,2
27852,MV,185,1,1
27853,BNS,140,1,1
27854,MV,185,1,1
27854,MV,184,1,2
27855,MV,184,1,1
27857,IT,66D,1,1
27857,BNS,338,1,2
27857,BNS,318,1,3
27858,BNS,74,1,1
27858,BNS,140,1,2
27858,BNS,80,1,3
27859,BNS,318,1,1
27860,BNS,103,1,1
27860,BNS,109,1,2
27860,BNS,105,1,3
27861,BNS,74,1,1
27862,BNS,338,1,1
27862,BNS,318,1,2
27862,IT,66D,1,3
27863,BNS,303,1,1
27864,MV,184,1,1
27865,BNS,103,1,1
27865,BNS,105,1,2
27866,BNS,303,1,1
27866,BNS,309,1,2
27867,MV,184,1,1
27868,BNS,310,1,1
27868,BNS,318,1,2
27869,PC,7,1,1
27870,BNS,140,1,1
27870,BNS,85,1,2
27870,BNS,78,1,3
27871,BNS,310,1,1
27872,BNS,318,1,1
27872,BNS,316,1,2
27872,BNS,310,1,3
27873,BNS,310,1,1
27873,BNS,305,1,2
27873,BNS,309,1,3
27874,MV,185,1,1
27875,MV,185,1,1
27876,PC,7,1,1
27877,POCSO,8,1,1
27877,BNS,140,1,2
27877,POCSO,4,1,3
27880,BNS,74,1,1
27880,BNS,140,1,2
27881,BNS,318,1,1
27881,BNS,309,1,2
27881,BNS,310,1,3
27882,BNS,74,1,1
27882,BNS,85,1,2
27882,BNS,64,1,3
27883,PC,7,1,1
27884,BNS,316,1,1
27885,BNS,331,1,1
27885,BNS,305,1,2
27886,BNS,305,1,1
27886,BNS,309,1,2
27886,BNS,331,1,3
27887,EXCISE,32,1,1
27888,BNS,85,1,1
27888,BNS,74,1,2
27889,BNS,305,1,1
27889,BNS,318,1,2
27889,BNS,309,1,3
27890,IT,66C,1,1
27890,IT,66,1,2
27891,BNS,109,1,1
27891,BNS,118,1,2
27891,BNS,115,1,3
27892,BNS,351,1,1
27892,BNS,112,1,2
27893,BNS,318,1,1
27893,IT,66D,1,2
27894,IT,66C,1,1
27894,IT,66D,1,2
27895,MV,185,1,1
27895,MV,184,1,2
27896,BNS,309,1,1
27896,BNS,316,1,2
27896,BNS,303,1,3
27897,BNS,85,1,1
27897,BNS,80,1,2
27897,BNS,74,1,3
27898,BNS,318,1,1
27898,BNS,338,1,2
27899,BNS,305,1,1
27899,BNS,331,1,2
27899,BNS,318,1,3
27900,BNS,318,1,1
27900,BNS,338,1,2
27900,IT,66D,1,3
27901,BNS,318,1,1
27901,IT,66D,1,2
27902,BNS,331,1,1
27903,BNS,303,1,1
27903,BNS,331,1,2
27903,BNS,310,1,3
27904,BNS,115,1,1
27904,BNS,105,1,2
27905,BNS,309,1,1
27905,BNS,331,1,2
27906,BNS,189,1,1
27906,BNS,196,1,2
27907,BNS,196,1,1
27908,PC,7,1,1
27909,BNS,309,1,1
27910,BNS,118,1,1
27911,BNS,103,1,1
27912,BNS,303,1,1
27912,BNS,316,1,2
27912,BNS,310,1,3
27913,MV,184,1,1
27914,IT,66C,1,1
27914,IT,66,1,2
27915,BNS,309,1,1
27917,EXCISE,32,1,1
27917,ARMS,25,1,2
27918,BNS,318,1,1
27918,BNS,331,1,2
27918,BNS,310,1,3
27919,BNS,140,1,1
27919,POCSO,4,1,2
27919,POCSO,8,1,3
27920,BNS,318,1,1
27921,BNS,191,1,1
27921,BNS,111,1,2
27922,IT,66D,1,1
27922,BNS,338,1,2
27922,BNS,318,1,3
27924,IT,66D,1,1
27924,BNS,318,1,2
27924,BNS,338,1,3
27925,BNS,318,1,1
27926,BNS,310,1,1
27926,BNS,309,1,2
27927,BNS,318,1,1
27928,BNS,140,1,1
27929,BNS,118,1,1
27930,NDPS,8,1,1
27930,NDPS,21,1,2
27931,BNS,189,1,1
27931,BNS,112,1,2
27932,BNS,303,1,1
27933,BNS,303,1,1
27933,BNS,310,1,2
27933,BNS,309,1,3
27934,BNS,103,1,1
27934,BNS,109,1,2
27935,IT,66D,1,1
27936,BNS,305,1,1
27936,BNS,331,1,2
27936,BNS,316,1,3
27938,BNS,303,1,1
27938,BNS,310,1,2
27938,BNS,305,1,3
27939,BNS,309,1,1
27940,BNS,109,1,1
27940,BNS,115,1,2
27940,BNS,103,1,3
27941,BNS,112,1,1
27942,BNS,310,1,1
27943,BNS,74,1,1
27944,BNS,318,1,1
27945,BNS,115,1,1
27946,BNS,78,1,1
27946,BNS,64,1,2
27947,BNS,196,1,1
27949,MV,185,1,1
27949,MV,184,1,2
27950,BNS,331,1,1
27951,BNS,115,1,1
27952,BNS,118,1,1
27952,BNS,105,1,2
27953,BNS,140,1,1
27953,BNS,80,1,2
27953,BNS,74,1,3
27954,IT,66C,1,1
27954,IT,66D,1,2
27954,IT,66,1,3
27955,BNS,316,1,1
27956,IT,66D,1,1
27957,EXCISE,32,1,1
27957,NDPS,21,1,2
27958,MV,185,1,1
27960,IT,66D,1,1
27960,BNS,318,1,2
27961,BNS,303,1,1
27962,MV,185,1,1
27962,MV,184,1,2
27963,BNS,109,1,1
27964,BNS,105,1,1
27964,BNS,103,1,2
27965,BNS,310,1,1
27965,BNS,305,1,2
27965,BNS,318,1,3
27966,BNS,309,1,1
27966,BNS,303,1,2
27966,BNS,316,1,3
27967,BNS,105,1,1
27967,BNS,118,1,2
27968,MV,184,1,1
27968,MV,185,1,2
27969,BNS,316,1,1
27970,BNS,318,1,1
27970,BNS,305,1,2
27970,BNS,310,1,3
27972,BNS,140,1,1
27972,BNS,78,1,2
27973,BNS,305,1,1
27973,BNS,331,1,2
27974,BNS,80,1,1
27974,BNS,140,1,2
27975,BNS,305,1,1
27976,BNS,310,1,1
27977,MV,185,1,1
27978,MV,185,1,1
27978,MV,184,1,2
27980,IT,66,1,1
27980,IT,66D,1,2
27980,IT,66C,1,3
27981,BNS,316,1,1
27981,BNS,310,1,2
27982,IT,66D,1,1
27983,BNS,318,1,1
27984,IT,66D,1,1
27984,BNS,318,1,2
27985,MV,184,1,1
27986,BNS,80,1,1
27986,BNS,74,1,2
27987,BNS,118,1,1
27988,MV,185,1,1
27988,MV,184,1,2
27989,BNS,80,1,1
27989,BNS,140,1,2
27990,MV,184,1,1
27991,BNS,140,1,1
27991,BNS,74,1,2
27993,MV,184,1,1
27994,BNS,318,1,1
27995,BNS,103,1,1
27995,BNS,105,1,2
27997,NDPS,8,1,1
27997,NDPS,21,1,2
27997,EXCISE,32,1,3
27998,BNS,118,1,1
27998,BNS,103,1,2
27998,BNS,109,1,3
28000,BNS,318,1,1
28001,BNS,318,1,1
28001,BNS,316,1,2
28002,BNS,331,1,1
28002,BNS,316,1,2
28002,BNS,310,1,3
28003,BNS,115,1,1
28003,BNS,118,1,2
28004,BNS,118,1,1
28005,BNS,118,1,1
28005,BNS,105,1,2
28006,BNS,310,1,1
28007,POCSO,8,1,1
28008,BNS,305,1,1
28009,BNS,305,1,1
28010,BNS,303,1,1
28010,BNS,318,1,2
28010,BNS,331,1,3
28011,BNS,316,1,1
28011,BNS,331,1,2
28011,BNS,318,1,3
28012,BNS,338,1,1
28013,BNS,305,1,1
28014,BNS,331,1,1
28014,BNS,303,1,2
28014,BNS,305,1,3
28015,BNS,316,1,1
28015,BNS,303,1,2
28015,BNS,310,1,3
28016,BNS,318,1,1
28017,NDPS,21,1,1
28017,EXCISE,32,1,2
28018,BNS,331,1,1
28019,MV,184,1,1
28020,IT,66,1,1
28020,IT,66D,1,2
28020,IT,66C,1,3
28021,BNS,316,1,1
28021,BNS,331,1,2
28021,BNS,318,1,3
28022,BNS,80,1,1
28023,BNS,191,1,1
28024,BNS,351,1,1
28024,BNS,189,1,2
28025,BNS,196,1,1
28026,BNS,338,1,1
28026,BNS,318,1,2
28028,MV,185,1,1
28028,MV,184,1,2
28029,BNS,303,1,1
28029,BNS,316,1,2
28029,BNS,318,1,3
28030,BNS,115,1,1
28030,BNS,118,1,2
28031,MV,185,1,1
28031,MV,184,1,2
28032,BNS,316,1,1
28033,BNS,303,1,1
28034,MV,184,1,1
28035,BNS,318,1,1
28035,BNS,331,1,2
28036,BNS,74,1,1
28037,BNS,303,1,1
28038,BNS,316,1,1
28039,BNS,310,1,1
28039,BNS,318,1,2
28040,BNS,78,1,1
28040,BNS,80,1,2
28041,MV,185,1,1
28041,MV,184,1,2
28042,BNS,310,1,1
28042,BNS,331,1,2
28043,EXCISE,32,1,1
28044,BNS,109,1,1
28045,MV,184,1,1
28046,BNS,338,1,1
28046,IT,66D,1,2
28046,BNS,318,1,3
28047,BNS,316,1,1
28048,BNS,109,1,1
28048,BNS,103,1,2
28049,MV,184,1,1
28050,BNS,309,1,1
28050,BNS,318,1,2
28050,BNS,305,1,3
28051,BNS,109,1,1
28051,BNS,115,1,2
28052,IT,66D,1,1
28053,BNS,331,1,1
28053,BNS,310,1,2
28053,BNS,316,1,3
28054,BNS,103,1,1
28054,BNS,115,1,2
28054,BNS,105,1,3
28055,BNS,115,1,1
28056,BNS,115,1,1
28057,IT,66D,1,1
28058,BNS,318,1,1
28058,BNS,303,1,2
28059,MV,184,1,1
28060,BNS,309,1,1
28060,BNS,316,1,2
28060,BNS,305,1,3
28061,BNS,80,1,1
28061,BNS,140,1,2
28062,BNS,118,1,1
28063,NDPS,21,1,1
28063,NDPS,8,1,2
28064,BNS,309,1,1
28064,BNS,318,1,2
28064,BNS,331,1,3
28065,BNS,318,1,1
28066,EXCISE,32,1,1
28066,ARMS,27,1,2
28068,BNS,338,1,1
28068,BNS,318,1,2
28069,MV,185,1,1
28070,IT,66D,1,1
28070,BNS,318,1,2
28070,BNS,338,1,3
28071,BNS,303,1,1
28071,BNS,309,1,2
28071,BNS,318,1,3
28072,IT,66D,1,1
28073,BNS,80,1,1
28073,BNS,78,1,2
28074,NDPS,8,1,1
28074,NDPS,20,1,2
28075,BNS,112,1,1
28076,MV,185,1,1
28076,MV,184,1,2
28077,BNS,115,1,1
28077,BNS,109,1,2
28078,BNS,318,1,1
28078,IT,66D,1,2
28079,BNS,111,1,1
28080,BNS,303,1,1
28080,BNS,305,1,2
28080,BNS,310,1,3
28081,BNS,310,1,1
28081,BNS,316,1,2
28081,BNS,309,1,3
28082,IT,66D,1,1
28082,BNS,318,1,2
28083,BNS,303,1,1
28083,BNS,309,1,2
28083,BNS,310,1,3
28084,MV,184,1,1
28085,BNS,105,1,1
28085,BNS,118,1,2
28087,BNS,118,1,1
28088,NDPS,20,1,1
28088,ARMS,25,1,2
28089,ARMS,25,1,1
28090,BNS,316,1,1
28090,BNS,310,1,2
28090,BNS,331,1,3
28091,BNS,316,1,1
28092,BNS,103,1,1
28092,BNS,109,1,2
28092,BNS,115,1,3
28093,BNS,318,1,1
28093,BNS,305,1,2
28093,BNS,303,1,3
28094,IT,66D,1,1
28094,IT,66,1,2
28095,EXCISE,32,1,1
28096,BNS,105,1,1
28097,BNS,196,1,1
28098,MV,184,1,1
28099,BNS,318,1,1
28099,BNS,309,1,2
28100,BNS,189,1,1
28100,BNS,112,1,2
28100,BNS,111,1,3
28101,BNS,115,1,1
28101,BNS,109,1,2
28101,BNS,105,1,3
28102,BNS,303,1,1
28103,BNS,109,1,1
28104,BNS,318,1,1
28105,IT,66D,1,1
28105,BNS,318,1,2
28105,BNS,338,1,3
28106,ARMS,27,1,1
28106,ARMS,25,1,2
28107,NDPS,21,1,1
28108,BNS,318,1,1
28108,BNS,338,1,2
28108,IT,66D,1,3
28109,MV,184,1,1
28110,MV,185,1,1
28110,MV,184,1,2
28111,BNS,338,1,1
28111,IT,66D,1,2
28111,BNS,318,1,3
28112,BNS,111,1,1
28112,BNS,191,1,2
28113,PC,7,1,1
28114,BNS,338,1,1
28115,BNS,310,1,1
28115,BNS,331,1,2
28116,BNS,196,1,1
28117,BNS,189,1,1
28118,BNS,303,1,1
28118,BNS,318,1,2
28120,BNS,305,1,1
28121,BNS,105,1,1
28121,BNS,115,1,2
28121,BNS,109,1,3
28122,BNS,109,1,1
28122,BNS,103,1,2
28123,BNS,338,1,1
28123,BNS,318,1,2
28124,IT,66D,1,1
28125,MV,185,1,1
28125,MV,184,1,2
28126,BNS,318,1,1
28126,BNS,316,1,2
28127,PC,7,1,1
28128,BNS,309,1,1
28129,ARMS,25,1,1
28130,BNS,351,1,1
28130,BNS,196,1,2
28130,BNS,189,1,3
28131,BNS,64,1,1
28131,BNS,78,1,2
28131,BNS,140,1,3
28132,BNS,338,1,1
28133,BNS,309,1,1
28133,BNS,331,1,2
28133,BNS,310,1,3
28135,BNS,338,1,1
28135,BNS,318,1,2
28136,BNS,191,1,1
28137,BNS,310,1,1
28137,BNS,316,1,2
28137,BNS,309,1,3
28138,BNS,318,1,1
28138,BNS,303,1,2
28138,BNS,305,1,3
28139,MV,184,1,1
28139,MV,185,1,2
28140,ARMS,27,1,1
28141,ARMS,27,1,1
28141,NDPS,21,1,2
28142,BNS,331,1,1
28143,BNS,80,1,1
28143,BNS,64,1,2
28143,BNS,74,1,3
28144,BNS,303,1,1
28145,BNS,305,1,1
28146,MV,185,1,1
28147,BNS,305,1,1
28147,BNS,331,1,2
28148,BNS,80,1,1
28149,BNS,316,1,1
28150,MV,185,1,1
28150,MV,184,1,2
28151,BNS,109,1,1
28153,BNS,305,1,1
28153,BNS,316,1,2
28154,IT,66D,1,1
28154,BNS,338,1,2
28155,BNS,309,1,1
28155,BNS,331,1,2
28155,BNS,316,1,3
28156,BNS,310,1,1
28156,BNS,305,1,2
28156,BNS,316,1,3
28157,BNS,318,1,1
28158,IT,66D,1,1
28158,BNS,318,1,2
28158,BNS,338,1,3
28159,BNS,331,1,1
28160,BNS,310,1,1
28160,BNS,316,1,2
28161,NDPS,21,1,1
28161,EXCISE,32,1,2
28161,ARMS,27,1,3
28162,IT,66D,1,1
28162,IT,66,1,2
28162,IT,66C,1,3
28163,BNS,303,1,1
28164,BNS,351,1,1
28164,BNS,112,1,2
28165,BNS,115,1,1
28166,IT,66D,1,1
28166,IT,66C,1,2
28166,IT,66,1,3
28167,BNS,118,1,1
28167,BNS,109,1,2
28168,BNS,331,1,1
28169,BNS,316,1,1
28170,BNS,351,1,1
28171,BNS,111,1,1
28171,BNS,112,1,2
28171,BNS,191,1,3
28172,BNS,196,1,1
28172,BNS,351,1,2
28173,MV,184,1,1
28173,MV,185,1,2
28174,BNS,331,1,1
28174,BNS,309,1,2
28174,BNS,310,1,3
28175,BNS,74,1,1
28175,BNS,80,1,2
28175,BNS,140,1,3
28176,BNS,109,1,1
28176,BNS,103,1,2
28176,BNS,105,1,3
28177,BNS,303,1,1
28178,BNS,318,1,1
28178,BNS,310,1,2
28179,BNS,74,1,1
28179,BNS,80,1,2
28180,BNS,103,1,1
28181,BNS,112,1,1
28181,BNS,196,1,2
28181,BNS,351,1,3
28182,BNS,103,1,1
28182,BNS,118,1,2
28183,MV,185,1,1
28183,MV,184,1,2
28184,BNS,103,1,1
28185,BNS,118,1,1
28186,BNS,338,1,1
28187,IT,66D,1,1
28188,MV,185,1,1
28189,IT,66,1,1
28189,IT,66C,1,2
28190,MV,184,1,1
28190,MV,185,1,2
28191,BNS,305,1,1
28191,BNS,309,1,2
28192,BNS,118,1,1
28192,BNS,103,1,2
28193,BNS,103,1,1
28193,BNS,118,1,2
28194,BNS,316,1,1
28194,BNS,310,1,2
28194,BNS,303,1,3
28195,BNS,309,1,1
28195,BNS,305,1,2
28196,BNS,85,1,1
28196,BNS,74,1,2
28197,IT,66D,1,1
28198,BNS,105,1,1
28198,BNS,109,1,2
28199,BNS,309,1,1
28199,BNS,310,1,2
28200,BNS,331,1,1
28200,BNS,310,1,2
28200,BNS,309,1,3
28201,MV,185,1,1
28202,MV,184,1,1
28202,MV,185,1,2
28203,BNS,118,1,1
28203,BNS,105,1,2
28203,BNS,109,1,3
28204,BNS,310,1,1
28205,BNS,112,1,1
28205,BNS,189,1,2
28206,BNS,331,1,1
28206,BNS,316,1,2
28207,BNS,109,1,1
28207,BNS,105,1,2
28207,BNS,103,1,3
28208,BNS,316,1,1
28208,BNS,303,1,2
28209,BNS,316,1,1
28210,BNS,105,1,1
28210,BNS,115,1,2
28212,MV,184,1,1
28213,BNS,338,1,1
28214,IT,66D,1,1
28216,BNS,80,1,1
28217,BNS,331,1,1
28218,BNS,80,1,1
28218,BNS,74,1,2
28218,BNS,78,1,3
28219,BNS,338,1,1
28219,IT,66D,1,2
28220,BNS,309,1,1
28221,BNS,305,1,1
28221,BNS,309,1,2
28221,BNS,318,1,3
28222,MV,184,1,1
28224,BNS,103,1,1
28224,BNS,115,1,2
28224,BNS,118,1,3
28225,BNS,303,1,1
28225,BNS,309,1,2
28226,BNS,305,1,1
28227,BNS,109,1,1
28227,BNS,115,1,2
28227,BNS,118,1,3
28228,BNS,351,1,1
28228,BNS,111,1,2
28229,BNS,111,1,1
28229,BNS,189,1,2
28229,BNS,112,1,3
28230,BNS,331,1,1
28230,BNS,305,1,2
28230,BNS,316,1,3
28231,BNS,351,1,1
28231,BNS,111,1,2
28231,BNS,196,1,3
28232,ARMS,27,1,1
28232,NDPS,8,1,2
28234,BNS,78,1,1
28236,BNS,109,1,1
28237,ARMS,27,1,1
28237,NDPS,8,1,2
28239,MV,184,1,1
28239,MV,185,1,2
28241,BNS,318,1,1
28241,BNS,310,1,2
28241,BNS,303,1,3
28242,BNS,303,1,1
28242,BNS,310,1,2
28244,BNS,310,1,1
28244,BNS,309,1,2
28244,BNS,331,1,3
28245,BNS,115,1,1
28245,BNS,109,1,2
28245,BNS,105,1,3
28246,BNS,80,1,1
28246,BNS,78,1,2
28246,BNS,64,1,3
28247,BNS,115,1,1
28247,BNS,109,1,2
28247,BNS,103,1,3
28248,MV,185,1,1
28249,MV,184,1,1
28249,MV,185,1,2
28250,BNS,310,1,1
28250,BNS,318,1,2
28250,BNS,331,1,3
28251,BNS,103,1,1
28251,BNS,105,1,2
28251,BNS,118,1,3
28252,BNS,309,1,1
28252,BNS,318,1,2
28253,BNS,338,1,1
28254,BNS,305,1,1
28254,BNS,316,1,2
28255,MV,184,1,1
28256,BNS,331,1,1
28257,BNS,189,1,1
28257,BNS,112,1,2
28258,BNS,118,1,1
28259,BNS,318,1,1
28260,BNS,331,1,1
28261,BNS,310,1,1
28261,BNS,316,1,2
28262,IT,66D,1,1
28262,BNS,318,1,2
28263,BNS,103,1,1
28263,BNS,115,1,2
28264,MV,184,1,1
28264,MV,185,1,2
28265,BNS,112,1,1
28265,BNS,351,1,2
28265,BNS,111,1,3
28266,MV,184,1,1
28266,MV,185,1,2
28267,MV,184,1,1
28268,BNS,318,1,1
28268,IT,66D,1,2
28269,BNS,103,1,1
28269,BNS,115,1,2
28270,BNS,303,1,1
28271,BNS,78,1,1
28272,BNS,303,1,1
28273,BNS,103,1,1
28274,BNS,80,1,1
28275,BNS,112,1,1
28275,BNS,191,1,2
28275,BNS,111,1,3
28276,MV,184,1,1
28278,BNS,309,1,1
28279,BNS,331,1,1
28279,BNS,303,1,2
28279,BNS,316,1,3
28280,BNS,105,1,1
28280,BNS,109,1,2
28282,BNS,318,1,1
28282,BNS,310,1,2
28283,BNS,310,1,1
28284,BNS,318,1,1
28284,BNS,338,1,2
28284,IT,66D,1,3
28285,BNS,303,1,1
28285,BNS,305,1,2
28285,BNS,331,1,3
28286,BNS,309,1,1
28286,BNS,318,1,2
28286,BNS,316,1,3
28287,MV,185,1,1
28290,BNS,74,1,1
28290,BNS,140,1,2
28291,BNS,115,1,1
28291,BNS,118,1,2
28291,BNS,109,1,3
28292,POCSO,4,1,1
28292,POCSO,8,1,2
28293,BNS,331,1,1
28295,BNS,309,1,1
28296,BNS,310,1,1
28296,BNS,309,1,2
28297,BNS,64,1,1
28297,BNS,140,1,2
28297,BNS,85,1,3
28298,BNS,331,1,1
28298,BNS,318,1,2
28299,BNS,303,1,1
28299,BNS,309,1,2
28299,BNS,305,1,3
28300,BNS,191,1,1
28300,BNS,351,1,2
28301,BNS,85,1,1
28301,BNS,80,1,2
28301,BNS,64,1,3
28302,BNS,338,1,1
28302,IT,66D,1,2
28302,BNS,318,1,3
28303,BNS,80,1,1
28303,BNS,140,1,2
28303,BNS,85,1,3
28304,BNS,118,1,1
28305,BNS,316,1,1
28305,BNS,310,1,2
28306,BNS,74,1,1
28306,BNS,64,1,2
28306,BNS,80,1,3
28307,BNS,351,1,1
28307,BNS,196,1,2
28307,BNS,111,1,3
28308,BNS,305,1,1
28308,BNS,310,1,2
28309,BNS,64,1,1
28309,BNS,78,1,2
28309,BNS,85,1,3
28310,BNS,310,1,1
28310,BNS,303,1,2
28311,BNS,118,1,1
28312,BNS,140,1,1
28312,BNS,85,1,2
28312,BNS,78,1,3
28313,BNS,331,1,1
28314,BNS,303,1,1
28314,BNS,331,1,2
28314,BNS,316,1,3
28315,BNS,303,1,1
28316,IT,66D,1,1
28317,IT,66,1,1
28317,IT,66D,1,2
28317,IT,66C,1,3
28318,MV,184,1,1
28318,MV,185,1,2
28319,IT,66D,1,1
28319,IT,66,1,2
28319,IT,66C,1,3
28321,BNS,105,1,1
28321,BNS,109,1,2
28321,BNS,115,1,3
28322,BNS,338,1,1
28322,BNS,318,1,2
28323,BNS,305,1,1
28323,BNS,331,1,2
28323,BNS,318,1,3
28324,BNS,310,1,1
28324,BNS,303,1,2
28325,BNS,310,1,1
28326,BNS,331,1,1
28328,BNS,118,1,1
28328,BNS,103,1,2
28328,BNS,105,1,3
28329,BNS,115,1,1
28330,POCSO,4,1,1
28330,POCSO,8,1,2
28330,BNS,140,1,3
28331,POCSO,8,1,1
28331,BNS,140,1,2
28332,NDPS,21,1,1
28332,EXCISE,32,1,2
28332,NDPS,20,1,3
28333,BNS,305,1,1
28333,BNS,316,1,2
28334,NDPS,21,1,1
28335,ARMS,25,1,1
28335,NDPS,8,1,2
28336,BNS,103,1,1
28336,BNS,115,1,2
28336,BNS,105,1,3
28337,MV,184,1,1
28338,BNS,310,1,1
28339,MV,184,1,1
28339,MV,185,1,2
28340,BNS,318,1,1
28341,BNS,189,1,1
28341,BNS,191,1,2
28341,BNS,111,1,3
28342,BNS,103,1,1
28342,BNS,109,1,2
28343,MV,185,1,1
28343,MV,184,1,2
28344,BNS,305,1,1
28344,BNS,310,1,2
28344,BNS,331,1,3
28345,BNS,309,1,1
28345,BNS,331,1,2
28346,MV,185,1,1
28346,MV,184,1,2
28347,BNS,140,1,1
28347,BNS,74,1,2
28348,BNS,316,1,1
28349,BNS,309,1,1
28350,BNS,309,1,1
28350,BNS,310,1,2
28351,BNS,331,1,1
28351,BNS,305,1,2
28352,BNS,111,1,1
28354,NDPS,21,1,1
28355,BNS,331,1,1
28356,BNS,305,1,1
28357,BNS,338,1,1
28358,BNS,305,1,1
28358,BNS,331,1,2
28359,BNS,351,1,1
28359,BNS,112,1,2
28359,BNS,111,1,3
28360,BNS,303,1,1
28361,BNS,310,1,1
28361,BNS,303,1,2
28362,IT,66D,1,1
28362,BNS,318,1,2
28363,BNS,85,1,1
28363,BNS,74,1,2
28364,BNS,309,1,1
28364,BNS,331,1,2
28364,BNS,318,1,3
28365,BNS,318,1,1
28365,BNS,316,1,2
28365,BNS,303,1,3
28366,BNS,112,1,1
28367,BNS,338,1,1
28368,BNS,338,1,1
28369,BNS,74,1,1
28369,BNS,78,1,2
28369,BNS,64,1,3
28370,BNS,109,1,1
28370,BNS,103,1,2
28370,BNS,118,1,3
28371,BNS,318,1,1
28371,BNS,338,1,2
28371,IT,66D,1,3
28372,MV,185,1,1
28373,BNS,305,1,1
28373,BNS,309,1,2
28374,BNS,331,1,1
28374,BNS,310,1,2
28374,BNS,303,1,3
28375,BNS,103,1,1
28375,BNS,115,1,2
28375,BNS,118,1,3
28376,MV,184,1,1
28376,MV,185,1,2
28377,BNS,105,1,1
28377,BNS,109,1,2
28377,BNS,115,1,3
28378,MV,184,1,1
28379,BNS,118,1,1
28379,BNS,109,1,2
28379,BNS,115,1,3
28380,BNS,305,1,1
28380,BNS,318,1,2
28380,BNS,331,1,3
28381,ARMS,27,1,1
28382,IT,66C,1,1
28383,NDPS,8,1,1
28384,BNS,310,1,1
28384,BNS,303,1,2
28384,BNS,305,1,3
28385,MV,184,1,1
28386,IT,66D,1,1
28386,BNS,338,1,2
28386,BNS,318,1,3
28390,IT,66C,1,1
28391,BNS,338,1,1
28391,BNS,318,1,2
28391,IT,66D,1,3
28392,BNS,318,1,1
28392,BNS,303,1,2
28393,BNS,109,1,1
28393,BNS,115,1,2
28393,BNS,105,1,3
28394,BNS,305,1,1
28394,BNS,303,1,2
28395,ARMS,25,1,1
28395,NDPS,21,1,2
28396,BNS,103,1,1
28397,MV,184,1,1
28398,BNS,338,1,1
28399,BNS,115,1,1
28399,BNS,109,1,2
28399,BNS,103,1,3
28400,BNS,105,1,1
28400,BNS,118,1,2
28400,BNS,103,1,3
28401,BNS,115,1,1
28402,BNS,305,1,1
28403,BNS,189,1,1
28404,BNS,338,1,1
28405,MV,185,1,1
28406,MV,184,1,1
28407,BNS,303,1,1
28407,BNS,309,1,2
28408,BNS,305,1,1
28409,BNS,305,1,1
28410,IT,66D,1,1
28410,BNS,338,1,2
28411,BNS,338,1,1
28411,IT,66D,1,2
28412,IT,66D,1,1
28412,BNS,318,1,2
28413,BNS,309,1,1
28413,BNS,310,1,2
28414,EXCISE,32,1,1
28414,NDPS,8,1,2
28414,NDPS,21,1,3
28415,BNS,74,1,1
28415,BNS,140,1,2
28415,BNS,64,1,3
28417,BNS,111,1,1
28418,BNS,310,1,1
28419,IT,66D,1,1
28419,BNS,338,1,2
28421,BNS,331,1,1
28422,BNS,103,1,1
28422,BNS,115,1,2
28422,BNS,109,1,3
28423,IT,66D,1,1
28423,IT,66,1,2
28423,IT,66C,1,3
28424,BNS,196,1,1
28424,BNS,189,1,2
28424,BNS,191,1,3
28425,BNS,305,1,1
28426,BNS,109,1,1
28426,BNS,105,1,2
28427,BNS,115,1,1
28428,BNS,318,1,1
28428,BNS,309,1,2
28428,BNS,305,1,3
28429,BNS,105,1,1
28430,MV,185,1,1
28431,MV,184,1,1
28431,MV,185,1,2
28432,BNS,74,1,1
28433,IT,66D,1,1
28434,BNS,111,1,1
28434,BNS,112,1,2
28434,BNS,191,1,3
28435,MV,185,1,1
28435,MV,184,1,2
28436,BNS,309,1,1
28437,IT,66,1,1
28438,IT,66D,1,1
28439,BNS,331,1,1
28439,BNS,303,1,2
28439,BNS,309,1,3
28440,BNS,103,1,1
28441,MV,185,1,1
28441,MV,184,1,2
28442,BNS,310,1,1
28442,BNS,305,1,2
28442,BNS,303,1,3
28443,BNS,310,1,1
28443,BNS,305,1,2
28444,MV,185,1,1
28444,MV,184,1,2
28445,BNS,64,1,1
28446,BNS,316,1,1
28447,BNS,305,1,1
28447,BNS,318,1,2
28448,NDPS,8,1,1
28448,EXCISE,32,1,2
28448,ARMS,25,1,3
28449,ARMS,25,1,1
28450,BNS,331,1,1
28451,BNS,80,1,1
28452,BNS,310,1,1
28452,BNS,331,1,2
28453,BNS,140,1,1
28453,BNS,80,1,2
28454,BNS,318,1,1
28455,NDPS,20,1,1
28455,NDPS,8,1,2
28456,BNS,303,1,1
28456,BNS,310,1,2
28457,BNS,78,1,1
28458,BNS,105,1,1
28458,BNS,115,1,2
28458,BNS,103,1,3
28459,BNS,309,1,1
28459,BNS,331,1,2
28460,NDPS,20,1,1
28460,ARMS,27,1,2
28461,BNS,318,1,1
28461,BNS,338,1,2
28461,IT,66D,1,3
28462,BNS,309,1,1
28463,BNS,331,1,1
28464,MV,184,1,1
28464,MV,185,1,2
28465,BNS,74,1,1
28465,BNS,140,1,2
28466,BNS,111,1,1
28466,BNS,189,1,2
28467,EXCISE,32,1,1
28467,NDPS,8,1,2
28467,ARMS,25,1,3
28468,BNS,85,1,1
28468,BNS,140,1,2
28469,IT,66,1,1
28469,IT,66D,1,2
28471,BNS,80,1,1
28471,BNS,64,1,2
28472,BNS,338,1,1
28472,BNS,318,1,2
28472,IT,66D,1,3
28473,BNS,112,1,1
28473,BNS,189,1,2
28473,BNS,196,1,3
28474,BNS,115,1,1
28474,BNS,105,1,2
28475,BNS,305,1,1
28475,BNS,331,1,2
28476,BNS,318,1,1
28477,BNS,109,1,1
28478,ARMS,27,1,1
28479,BNS,189,1,1
28479,BNS,111,1,2
28480,BNS,78,1,1
28480,BNS,140,1,2
28481,BNS,303,1,1
28481,BNS,318,1,2
28481,BNS,316,1,3
28482,MV,185,1,1
28482,MV,184,1,2
28483,BNS,305,1,1
28484,BNS,318,1,1
28485,MV,185,1,1
28486,POCSO,4,1,1
28486,POCSO,8,1,2
28487,NDPS,8,1,1
28487,ARMS,25,1,2
28487,NDPS,20,1,3
28488,BNS,310,1,1
28488,BNS,331,1,2
28489,IT,66D,1,1
28489,BNS,338,1,2
28489,BNS,318,1,3
28490,MV,184,1,1
28491,BNS,316,1,1
28491,BNS,331,1,2
28492,BNS,115,1,1
28492,BNS,118,1,2
28492,BNS,105,1,3
28493,BNS,316,1,1
28493,BNS,303,1,2
28493,BNS,318,1,3
28494,PC,7,1,1
28495,BNS,105,1,1
28495,BNS,118,1,2
28495,BNS,115,1,3
28496,BNS,338,1,1
28496,BNS,318,1,2
28497,BNS,78,1,1
28498,BNS,318,1,1
28498,BNS,309,1,2
28499,BNS,305,1,1
28500,BNS,309,1,1
28500,BNS,310,1,2
28500,BNS,318,1,3
28501,BNS,316,1,1
28501,BNS,303,1,2
28502,BNS,80,1,1
28503,PC,7,1,1
28504,BNS,318,1,1
28504,BNS,338,1,2
28504,IT,66D,1,3
28505,BNS,318,1,1
28505,BNS,305,1,2
28505,BNS,316,1,3
28506,BNS,85,1,1
28506,BNS,64,1,2
28507,BNS,338,1,1
28508,BNS,305,1,1
28508,BNS,316,1,2
28508,BNS,309,1,3
28509,BNS,78,1,1
28509,BNS,74,1,2
28510,BNS,305,1,1
28511,IT,66C,1,1
28511,IT,66D,1,2
28511,IT,66,1,3
28512,BNS,309,1,1
28512,BNS,310,1,2
28513,BNS,310,1,1
28514,MV,184,1,1
28515,BNS,118,1,1
28515,BNS,103,1,2
28516,BNS,310,1,1
28517,BNS,310,1,1
28517,BNS,309,1,2
28517,BNS,316,1,3
28518,BNS,305,1,1
28518,BNS,310,1,2
28518,BNS,316,1,3
28519,BNS,309,1,1
28519,BNS,310,1,2
28519,BNS,331,1,3
28521,BNS,318,1,1
28521,BNS,316,1,2
28523,BNS,78,1,1
28523,BNS,64,1,2
28523,BNS,74,1,3
28524,BNS,189,1,1
28524,BNS,111,1,2
28525,ARMS,27,1,1
28525,NDPS,8,1,2
28526,BNS,105,1,1
28527,MV,184,1,1
28527,MV,185,1,2
28528,BNS,316,1,1
28528,BNS,303,1,2
28528,BNS,310,1,3
28529,BNS,103,1,1
28529,BNS,109,1,2
28531,BNS,318,1,1
28531,IT,66D,1,2
28531,BNS,338,1,3
28532,BNS,85,1,1
28532,BNS,140,1,2
28532,BNS,64,1,3
28533,BNS,191,1,1
28534,BNS,310,1,1
28535,BNS,305,1,1
28536,BNS,318,1,1
28536,BNS,310,1,2
28536,BNS,316,1,3
28537,BNS,105,1,1
28537,BNS,115,1,2
28538,BNS,85,1,1
28538,BNS,78,1,2
28538,BNS,64,1,3
28539,BNS,331,1,1
28539,BNS,310,1,2
28539,BNS,316,1,3
28540,BNS,305,1,1
28540,BNS,303,1,2
28541,BNS,305,1,1
28541,BNS,309,1,2
28541,BNS,318,1,3
28542,BNS,140,1,1
28542,POCSO,8,1,2
28543,BNS,64,1,1
28543,BNS,85,1,2
28544,ARMS,25,1,1
28544,NDPS,20,1,2
28544,ARMS,27,1,3
28545,BNS,105,1,1
28546,BNS,303,1,1
28547,NDPS,20,1,1
28547,NDPS,8,1,2
28548,BNS,85,1,1
28549,BNS,331,1,1
28549,BNS,318,1,2
28549,BNS,309,1,3
28550,BNS,331,1,1
28550,BNS,303,1,2
28551,BNS,74,1,1
28551,BNS,140,1,2
28552,BNS,316,1,1
28552,BNS,309,1,2
28552,BNS,303,1,3
28553,BNS,310,1,1
28553,BNS,316,1,2
28553,BNS,305,1,3
28554,BNS,196,1,1
28555,BNS,331,1,1
28555,BNS,309,1,2
28555,BNS,310,1,3
28556,MV,184,1,1
28556,MV,185,1,2
28557,BNS,309,1,1
28558,BNS,316,1,1
28558,BNS,331,1,2
28559,BNS,105,1,1
28559,BNS,118,1,2
28559,BNS,103,1,3
28560,MV,184,1,1
28561,BNS,318,1,1
28561,BNS,305,1,2
28562,BNS,318,1,1
28562,BNS,305,1,2
28562,BNS,316,1,3
28563,IT,66C,1,1
28563,IT,66,1,2
28563,IT,66D,1,3
28564,BNS,105,1,1
28564,BNS,115,1,2
28565,BNS,318,1,1
28565,BNS,310,1,2
28565,BNS,331,1,3
28566,BNS,318,1,1
28567,MV,185,1,1
28567,MV,184,1,2
28568,BNS,64,1,1
28568,BNS,85,1,2
28569,ARMS,25,1,1
28569,NDPS,20,1,2
28570,MV,185,1,1
28571,BNS,316,1,1
28571,BNS,310,1,2
28571,BNS,309,1,3
28572,BNS,318,1,1
28572,BNS,338,1,2
28572,IT,66D,1,3
28573,BNS,318,1,1
28573,BNS,338,1,2
28574,BNS,80,1,1
28574,BNS,85,1,2
28574,BNS,64,1,3
28575,BNS,109,1,1
28575,BNS,118,1,2
28575,BNS,115,1,3
28576,BNS,115,1,1
28577,IT,66C,1,1
28577,IT,66D,1,2
28577,IT,66,1,3
28578,BNS,303,1,1
28579,BNS,109,1,1
28579,BNS,115,1,2
28579,BNS,103,1,3
28580,BNS,85,1,1
28580,BNS,80,1,2
28580,BNS,78,1,3
28582,ARMS,27,1,1
28582,NDPS,20,1,2
28582,ARMS,25,1,3
28583,BNS,338,1,1
28583,IT,66D,1,2
28583,BNS,318,1,3
28584,BNS,318,1,1
28584,BNS,338,1,2
28585,BNS,316,1,1
28585,BNS,305,1,2
28586,BNS,310,1,1
28586,BNS,303,1,2
28587,IT,66D,1,1
28587,IT,66,1,2
28588,BNS,310,1,1
28588,BNS,316,1,2
28588,BNS,309,1,3
28589,BNS,309,1,1
28590,BNS,112,1,1
28590,BNS,196,1,2
28590,BNS,111,1,3
28591,MV,185,1,1
28591,MV,184,1,2
28592,BNS,80,1,1
28592,BNS,140,1,2
28593,BNS,305,1,1
28595,BNS,316,1,1
28595,BNS,331,1,2
28596,BNS,118,1,1
28597,BNS,310,1,1
28597,BNS,318,1,2
28598,BNS,118,1,1
28599,IT,66D,1,1
28599,BNS,318,1,2
28600,NDPS,21,1,1
28600,ARMS,25,1,2
28600,EXCISE,32,1,3
28601,MV,185,1,1
28602,BNS,310,1,1
28603,BNS,115,1,1
28603,BNS,118,1,2
28604,BNS,109,1,1
28604,BNS,105,1,2
28605,NDPS,20,1,1
28605,EXCISE,32,1,2
28606,BNS,316,1,1
28607,BNS,196,1,1
28607,BNS,191,1,2
28608,BNS,316,1,1
28608,BNS,303,1,2
28609,BNS,331,1,1
28609,BNS,316,1,2
28609,BNS,318,1,3
28610,MV,184,1,1
28610,MV,185,1,2
28611,BNS,303,1,1
28611,BNS,316,1,2
28611,BNS,305,1,3
28612,IT,66D,1,1
28612,BNS,338,1,2
28613,BNS,112,1,1
28613,BNS,189,1,2
28613,BNS,191,1,3
28614,IT,66D,1,1
28614,IT,66,1,2
28614,IT,66C,1,3
28615,BNS,105,1,1
28615,BNS,118,1,2
28616,BNS,189,1,1
28616,BNS,111,1,2
28616,BNS,196,1,3
28617,BNS,80,1,1
28617,BNS,85,1,2
28618,BNS,318,1,1
28618,IT,66D,1,2
28618,BNS,338,1,3
28619,BNS,85,1,1
28620,BNS,140,1,1
28620,BNS,64,1,2
28620,BNS,78,1,3
28621,BNS,331,1,1
28623,BNS,303,1,1
28623,BNS,305,1,2
28624,IT,66D,1,1
28624,IT,66,1,2
28624,IT,66C,1,3
28625,NDPS,8,1,1
28626,ARMS,25,1,1
28626,ARMS,27,1,2
28628,BNS,103,1,1
28628,BNS,118,1,2
28629,BNS,331,1,1
28629,BNS,305,1,2
28630,BNS,338,1,1
28630,BNS,318,1,2
28630,IT,66D,1,3
28631,BNS,303,1,1
28632,IT,66,1,1
28632,IT,66D,1,2
28633,BNS,318,1,1
28633,BNS,338,1,2
28633,IT,66D,1,3
28634,BNS,310,1,1
28635,BNS,318,1,1
28635,BNS,305,1,2
28635,BNS,309,1,3
28636,MV,185,1,1
28636,MV,184,1,2
28637,BNS,316,1,1
28638,BNS,196,1,1
28638,BNS,351,1,2
28640,MV,184,1,1
28641,BNS,80,1,1
28641,BNS,64,1,2
28642,MV,185,1,1
28642,MV,184,1,2
28644,IT,66C,1,1
28644,IT,66D,1,2
28644,IT,66,1,3
28645,BNS,303,1,1
28646,EXCISE,32,1,1
28647,BNS,309,1,1
28647,BNS,310,1,2
28648,BNS,318,1,1
28648,BNS,316,1,2
28648,BNS,305,1,3
28649,BNS,64,1,1
28651,BNS,331,1,1
28652,BNS,309,1,1
28652,BNS,303,1,2
28653,BNS,118,1,1
28654,IT,66D,1,1
28655,BNS,318,1,1
28655,IT,66D,1,2
28656,BNS,103,1,1
28656,BNS,105,1,2
28657,MV,185,1,1
28657,MV,184,1,2
28658,BNS,105,1,1
28659,IT,66D,1,1
28659,BNS,338,1,2
28659,BNS,318,1,3
28660,BNS,115,1,1
28661,EXCISE,32,1,1
28661,ARMS,27,1,2
28662,BNS,310,1,1
28663,BNS,80,1,1
28664,BNS,309,1,1
28664,BNS,316,1,2
28665,MV,184,1,1
28665,MV,185,1,2
28666,BNS,318,1,1
28667,BNS,318,1,1
28668,POCSO,8,1,1
28669,BNS,309,1,1
28669,BNS,316,1,2
28669,BNS,310,1,3
28670,ARMS,27,1,1
28670,NDPS,20,1,2
28671,BNS,74,1,1
28671,BNS,80,1,2
28672,BNS,303,1,1
28672,BNS,318,1,2
28673,BNS,351,1,1
28674,BNS,338,1,1
28674,BNS,318,1,2
28675,IT,66D,1,1
28675,IT,66,1,2
28676,BNS,309,1,1
28676,BNS,303,1,2
28676,BNS,318,1,3
28677,BNS,64,1,1
28678,IT,66D,1,1
28679,BNS,338,1,1
28679,IT,66D,1,2
28680,BNS,331,1,1
28681,BNS,303,1,1
28681,BNS,310,1,2
28682,NDPS,21,1,1
28683,BNS,303,1,1
28683,BNS,331,1,2
28685,BNS,305,1,1
28685,BNS,310,1,2
28686,BNS,318,1,1
28686,BNS,316,1,2
28687,MV,184,1,1
28688,BNS,196,1,1
28688,BNS,112,1,2
28688,BNS,111,1,3
28689,BNS,318,1,1
28689,BNS,309,1,2
28689,BNS,316,1,3
28690,IT,66C,1,1
28690,IT,66D,1,2
28691,BNS,318,1,1
28691,BNS,338,1,2
28691,IT,66D,1,3
28692,BNS,316,1,1
28692,BNS,310,1,2
28693,BNS,318,1,1
28693,BNS,331,1,2
28694,IT,66D,1,1
28694,IT,66,1,2
28694,IT,66C,1,3
28695,BNS,305,1,1
28695,BNS,318,1,2
28696,BNS,303,1,1
28697,BNS,318,1,1
28698,BNS,318,1,1
28698,BNS,316,1,2
28699,MV,185,1,1
28699,MV,184,1,2
28700,BNS,305,1,1
28700,BNS,309,1,2
28701,IT,66D,1,1
28702,BNS,105,1,1
28703,BNS,309,1,1
28703,BNS,316,1,2
28703,BNS,305,1,3
28704,BNS,331,1,1
28705,BNS,318,1,1
28706,BNS,109,1,1
28706,BNS,105,1,2
28707,BNS,316,1,1
28709,BNS,310,1,1
28709,BNS,331,1,2
28710,BNS,111,1,1
28711,MV,184,1,1
28712,BNS,318,1,1
28712,BNS,303,1,2
28712,BNS,331,1,3
28713,BNS,303,1,1
28713,BNS,316,1,2
28714,BNS,103,1,1
28714,BNS,109,1,2
28714,BNS,105,1,3
28715,MV,184,1,1
28716,BNS,64,1,1
28716,BNS,85,1,2
28716,BNS,80,1,3
28717,BNS,305,1,1
28717,BNS,310,1,2
28718,BNS,309,1,1
28718,BNS,303,1,2
28718,BNS,316,1,3
28720,BNS,103,1,1
28720,BNS,109,1,2
28720,BNS,118,1,3
28721,BNS,318,1,1
28721,BNS,305,1,2
28722,BNS,318,1,1
28722,BNS,338,1,2
28722,IT,66D,1,3
28724,IT,66,1,1
28724,IT,66D,1,2
28725,BNS,351,1,1
28725,BNS,189,1,2
28726,BNS,303,1,1
28726,BNS,310,1,2
28726,BNS,305,1,3
28727,MV,185,1,1
28727,MV,184,1,2
28728,BNS,305,1,1
28728,BNS,303,1,2
28728,BNS,310,1,3
28729,BNS,105,1,1
28729,BNS,103,1,2
28730,MV,185,1,1
28730,MV,184,1,2
28731,BNS,303,1,1
28732,ARMS,27,1,1
28732,NDPS,21,1,2
28733,IT,66D,1,1
28733,BNS,318,1,2
28734,IT,66D,1,1
28734,BNS,318,1,2
28734,BNS,338,1,3
28735,BNS,103,1,1
28736,BNS,305,1,1
28737,BNS,140,1,1
28738,BNS,112,1,1
28739,BNS,196,1,1
28740,BNS,318,1,1
28741,BNS,310,1,1
28742,BNS,318,1,1
28743,BNS,196,1,1
28744,BNS,111,1,1
28745,BNS,64,1,1
28746,BNS,338,1,1
28747,IT,66,1,1
28747,IT,66D,1,2
28748,IT,66C,1,1
28749,BNS,140,1,1
28749,BNS,80,1,2
28749,BNS,64,1,3
28750,BNS,338,1,1
28750,IT,66D,1,2
28750,BNS,318,1,3
28751,BNS,74,1,1
28751,BNS,140,1,2
28752,BNS,103,1,1
28752,BNS,118,1,2
28753,BNS,318,1,1
28753,IT,66D,1,2
28754,IT,66D,1,1
28754,BNS,318,1,2
28754,BNS,338,1,3
28755,MV,185,1,1
28756,BNS,310,1,1
28757,BNS,85,1,1
28758,IT,66D,1,1
28759,IT,66D,1,1
28760,BNS,310,1,1
28760,BNS,316,1,2
28761,BNS,118,1,1
28761,BNS,105,1,2
28761,BNS,115,1,3
28762,BNS,318,1,1
28763,BNS,78,1,1
28763,BNS,140,1,2
28763,BNS,80,1,3
28764,BNS,140,1,1
28765,MV,184,1,1
28765,MV,185,1,2
28766,MV,185,1,1
28767,BNS,318,1,1
28767,BNS,303,1,2
28768,BNS,303,1,1
28768,BNS,310,1,2
28768,BNS,305,1,3
28769,BNS,318,1,1
28771,MV,184,1,1
28772,BNS,338,1,1
28772,BNS,318,1,2
28773,BNS,303,1,1
28773,BNS,305,1,2
28773,BNS,309,1,3
28774,BNS,338,1,1
28774,BNS,318,1,2
28775,BNS,318,1,1
28776,BNS,196,1,1
28776,BNS,351,1,2
28777,BNS,318,1,1
28777,BNS,331,1,2
28779,BNS,309,1,1
28780,BNS,196,1,1
28780,BNS,191,1,2
28780,BNS,111,1,3
28781,BNS,105,1,1
28781,BNS,118,1,2
28782,BNS,103,1,1
28782,BNS,118,1,2
28782,BNS,105,1,3
28783,ARMS,25,1,1
28784,BNS,318,1,1
28784,BNS,310,1,2
28785,BNS,305,1,1
28785,BNS,316,1,2
28785,BNS,303,1,3
28786,MV,184,1,1
28786,MV,185,1,2
28787,BNS,318,1,1
28787,BNS,310,1,2
28788,BNS,303,1,1
28789,BNS,140,1,1
28789,POCSO,8,1,2
28790,BNS,351,1,1
28792,BNS,310,1,1
28792,BNS,305,1,2
28792,BNS,318,1,3
28793,BNS,74,1,1
28793,BNS,140,1,2
28795,MV,184,1,1
28795,MV,185,1,2
28796,BNS,109,1,1
28797,BNS,112,1,1
28797,BNS,189,1,2
28798,BNS,318,1,1
28798,BNS,338,1,2
28799,POCSO,4,1,1
28799,BNS,140,1,2
28800,MV,185,1,1
28801,BNS,105,1,1
28802,BNS,318,1,1
28802,BNS,305,1,2
28802,BNS,309,1,3
28804,BNS,140,1,1
28805,BNS,118,1,1
28805,BNS,109,1,2
28805,BNS,115,1,3
28806,BNS,112,1,1
28806,BNS,351,1,2
28806,BNS,111,1,3
28807,BNS,105,1,1
28807,BNS,109,1,2
28807,BNS,118,1,3
28808,BNS,115,1,1
28809,MV,185,1,1
28810,BNS,318,1,1
28811,ARMS,27,1,1
28811,NDPS,21,1,2
28813,MV,184,1,1
28814,BNS,105,1,1
28814,BNS,109,1,2
28814,BNS,103,1,3
28815,BNS,309,1,1
28815,BNS,331,1,2
28816,BNS,309,1,1
28817,BNS,305,1,1
28817,BNS,303,1,2
28817,BNS,316,1,3
28818,EXCISE,32,1,1
28819,NDPS,8,1,1
28819,NDPS,21,1,2
28819,ARMS,25,1,3
28820,BNS,305,1,1
28821,BNS,318,1,1
28821,BNS,305,1,2
28821,BNS,310,1,3
28822,BNS,189,1,1
28822,BNS,112,1,2
28822,BNS,351,1,3
28823,BNS,103,1,1
28823,BNS,109,1,2
28824,BNS,318,1,1
28824,BNS,309,1,2
28824,BNS,305,1,3
28825,BNS,318,1,1
28826,MV,184,1,1
28826,MV,185,1,2
28827,BNS,305,1,1
28828,BNS,316,1,1
28828,BNS,318,1,2
28829,IT,66D,1,1
28829,BNS,338,1,2
28830,BNS,338,1,1
28831,BNS,310,1,1
28832,BNS,318,1,1
28832,BNS,303,1,2
28832,BNS,305,1,3
28833,BNS,64,1,1
28834,ARMS,27,1,1
28834,NDPS,8,1,2
28835,EXCISE,32,1,1
28835,ARMS,27,1,2
28836,MV,184,1,1
28837,BNS,316,1,1
28837,BNS,309,1,2
28838,ARMS,25,1,1
28839,BNS,318,1,1
28839,BNS,316,1,2
28840,BNS,318,1,1
28841,BNS,85,1,1
28841,BNS,64,1,2
28842,BNS,310,1,1
28843,BNS,80,1,1
28844,BNS,351,1,1
28844,BNS,111,1,2
28844,BNS,196,1,3
28845,MV,184,1,1
28845,MV,185,1,2
28846,BNS,74,1,1
28846,BNS,85,1,2
28846,BNS,78,1,3
28847,BNS,112,1,1
28848,MV,185,1,1
28848,MV,184,1,2
28849,MV,185,1,1
28849,MV,184,1,2
28850,MV,184,1,1
28851,IT,66D,1,1
28852,BNS,303,1,1
28852,BNS,318,1,2
28854,MV,184,1,1
28855,BNS,105,1,1
28856,BNS,103,1,1
28856,BNS,118,1,2
28857,BNS,351,1,1
28857,BNS,196,1,2
28857,BNS,112,1,3
28858,BNS,85,1,1
28858,BNS,64,1,2
28858,BNS,80,1,3
28859,IT,66C,1,1
28859,IT,66D,1,2
28859,IT,66,1,3
28860,MV,184,1,1
28860,MV,185,1,2
28862,BNS,310,1,1
28862,BNS,305,1,2
28862,BNS,331,1,3
28863,BNS,338,1,1
28863,BNS,318,1,2
28863,IT,66D,1,3
28864,BNS,115,1,1
28864,BNS,109,1,2
28864,BNS,103,1,3
28865,BNS,140,1,1
28866,BNS,309,1,1
28867,BNS,305,1,1
28867,BNS,303,1,2
28867,BNS,316,1,3
28868,BNS,305,1,1
28868,BNS,318,1,2
28868,BNS,316,1,3
28869,BNS,78,1,1
28870,MV,184,1,1
28870,MV,185,1,2
28871,BNS,309,1,1
28871,BNS,331,1,2
28872,BNS,303,1,1
28872,BNS,305,1,2
28873,BNS,309,1,1
28873,BNS,310,1,2
28873,BNS,303,1,3
28874,BNS,105,1,1
28874,BNS,109,1,2
28875,IT,66D,1,1
28875,BNS,338,1,2
28876,BNS,331,1,1
28876,BNS,309,1,2
28877,BNS,310,1,1
28878,BNS,316,1,1
28878,BNS,309,1,2
28879,BNS,309,1,1
28880,BNS,105,1,1
28880,BNS,118,1,2
28880,BNS,109,1,3
28881,BNS,111,1,1
28882,BNS,78,1,1
28882,BNS,80,1,2
28882,BNS,64,1,3
28883,BNS,338,1,1
28883,BNS,318,1,2
28883,IT,66D,1,3
28884,PC,7,1,1
28885,BNS,115,1,1
28885,BNS,105,1,2
28885,BNS,109,1,3
28886,BNS,64,1,1
28886,BNS,140,1,2
28886,BNS,85,1,3
28887,BNS,318,1,1
28887,BNS,303,1,2
28888,BNS,191,1,1
28888,BNS,196,1,2
28889,BNS,318,1,1
28890,IT,66C,1,1
28891,BNS,303,1,1
28891,BNS,318,1,2
28891,BNS,309,1,3
28892,BNS,351,1,1
28893,MV,184,1,1
28893,MV,185,1,2
28894,BNS,196,1,1
28894,BNS,111,1,2
28894,BNS,351,1,3
28895,BNS,318,1,1
28896,BNS,305,1,1
28896,BNS,316,1,2
28896,BNS,318,1,3
28897,MV,185,1,1
28898,MV,185,1,1
28898,MV,184,1,2
28899,BNS,338,1,1
28899,BNS,318,1,2
28900,BNS,140,1,1
28901,BNS,318,1,1
28901,BNS,303,1,2
28901,BNS,310,1,3
28902,IT,66C,1,1
28903,BNS,305,1,1
28903,BNS,303,1,2
28903,BNS,316,1,3
28904,BNS,103,1,1
28904,BNS,105,1,2
28904,BNS,115,1,3
28905,BNS,74,1,1
28905,BNS,85,1,2
28905,BNS,140,1,3
28906,BNS,318,1,1
28906,BNS,331,1,2
28906,BNS,316,1,3
28907,BNS,318,1,1
28907,BNS,338,1,2
28907,IT,66D,1,3
28908,BNS,140,1,1
28908,BNS,74,1,2
28908,BNS,64,1,3
28909,BNS,189,1,1
28909,BNS,196,1,2
28910,EXCISE,32,1,1
28910,NDPS,21,1,2
28910,NDPS,8,1,3
28911,BNS,196,1,1
28911,BNS,191,1,2
28911,BNS,189,1,3
28912,BNS,338,1,1
28912,BNS,318,1,2
28913,BNS,103,1,1
28913,BNS,105,1,2
28913,BNS,118,1,3
28914,BNS,338,1,1
28914,IT,66D,1,2
28914,BNS,318,1,3
28915,BNS,310,1,1
28916,BNS,303,1,1
28917,BNS,103,1,1
28917,BNS,118,1,2
28918,BNS,111,1,1
28919,NDPS,21,1,1
28920,BNS,318,1,1
28920,BNS,338,1,2
28920,IT,66D,1,3
28921,BNS,78,1,1
28921,BNS,64,1,2
28922,MV,185,1,1
28923,BNS,111,1,1
28923,BNS,191,1,2
28924,BNS,80,1,1
28924,BNS,74,1,2
28924,BNS,85,1,3
28926,BNS,305,1,1
28926,BNS,331,1,2
28926,BNS,318,1,3
28927,NDPS,20,1,1
28927,NDPS,8,1,2
28928,BNS,305,1,1
28928,BNS,316,1,2
28928,BNS,303,1,3
28929,BNS,309,1,1
28929,BNS,316,1,2
28930,BNS,109,1,1
28930,BNS,105,1,2
28930,BNS,103,1,3
28931,BNS,115,1,1
28931,BNS,105,1,2
28932,BNS,310,1,1
28933,BNS,331,1,1
28933,BNS,318,1,2
28934,BNS,305,1,1
28935,BNS,318,1,1
28935,BNS,310,1,2
28936,BNS,318,1,1
28936,BNS,338,1,2
28936,IT,66D,1,3
28937,BNS,109,1,1
28938,BNS,318,1,1
28938,BNS,316,1,2
28938,BNS,331,1,3
28939,BNS,331,1,1
28939,BNS,305,1,2
28941,BNS,331,1,1
28942,IT,66D,1,1
28942,BNS,318,1,2
28943,BNS,316,1,1
28944,BNS,318,1,1
28944,IT,66D,1,2
28945,BNS,310,1,1
28945,BNS,331,1,2
28945,BNS,316,1,3
28946,MV,184,1,1
28947,BNS,309,1,1
28948,BNS,318,1,1
28948,IT,66D,1,2
28949,BNS,105,1,1
28950,BNS,318,1,1
28950,BNS,338,1,2
28951,BNS,331,1,1
28952,BNS,64,1,1
28953,BNS,310,1,1
28953,BNS,305,1,2
28953,BNS,331,1,3
28954,BNS,303,1,1
28954,BNS,309,1,2
28955,BNS,318,1,1
28955,IT,66D,1,2
28955,BNS,338,1,3
28956,BNS,303,1,1
28956,BNS,331,1,2
28957,BNS,318,1,1
28957,BNS,316,1,2
28957,BNS,331,1,3
28958,BNS,305,1,1
28959,BNS,309,1,1
28960,IT,66D,1,1
28960,BNS,338,1,2
28960,BNS,318,1,3
28961,BNS,310,1,1
28962,BNS,78,1,1
28962,BNS,74,1,2
28963,BNS,338,1,1
28964,BNS,103,1,1
28964,BNS,118,1,2
28964,BNS,109,1,3
28965,BNS,309,1,1
28965,BNS,318,1,2
28965,BNS,310,1,3
28966,BNS,303,1,1
28966,BNS,316,1,2
28966,BNS,305,1,3
28967,BNS,318,1,1
28968,MV,184,1,1
28969,BNS,316,1,1
28970,BNS,305,1,1
28970,BNS,310,1,2
28970,BNS,309,1,3
28971,BNS,109,1,1
28971,BNS,105,1,2
28971,BNS,103,1,3
28972,BNS,74,1,1
28972,BNS,64,1,2
28972,BNS,80,1,3
28974,BNS,305,1,1
28975,BNS,303,1,1
28976,BNS,80,1,1
28976,BNS,140,1,2
28977,BNS,331,1,1
28977,BNS,305,1,2
28978,BNS,78,1,1
28978,BNS,64,1,2
28979,BNS,310,1,1
28979,BNS,331,1,2
28979,BNS,305,1,3
28981,BNS,309,1,1
28981,BNS,305,1,2
28982,BNS,80,1,1
28982,BNS,64,1,2
28982,BNS,85,1,3
28983,BNS,305,1,1
28983,BNS,316,1,2
28983,BNS,303,1,3
28984,BNS,310,1,1
28984,BNS,305,1,2
28984,BNS,309,1,3
28985,BNS,331,1,1
28985,BNS,303,1,2
28986,NDPS,20,1,1
28986,NDPS,21,1,2
28986,NDPS,8,1,3
28987,BNS,338,1,1
28987,BNS,318,1,2
28988,MV,185,1,1
28989,BNS,331,1,1
28989,BNS,316,1,2
28990,MV,185,1,1
28991,IT,66D,1,1
28991,BNS,338,1,2
28991,BNS,318,1,3
28992,BNS,338,1,1
28992,IT,66D,1,2
28992,BNS,318,1,3
28993,BNS,331,1,1
28993,BNS,309,1,2
28993,BNS,318,1,3
28995,BNS,118,1,1
28995,BNS,103,1,2
28996,BNS,303,1,1
28997,BNS,318,1,1
28997,BNS,338,1,2
28998,BNS,64,1,1
28998,BNS,80,1,2
28998,BNS,74,1,3
28999,BNS,351,1,1
28999,BNS,189,1,2
28999,BNS,191,1,3
29000,BNS,310,1,1
29000,BNS,309,1,2
29001,BNS,196,1,1
29001,BNS,189,1,2
29001,BNS,111,1,3
29002,BNS,316,1,1
29002,BNS,318,1,2
29002,BNS,309,1,3
29003,IT,66C,1,1
29003,IT,66D,1,2
29004,BNS,64,1,1
29006,BNS,103,1,1
29007,MV,184,1,1
29007,MV,185,1,2
29008,IT,66,1,1
29008,IT,66D,1,2
29008,IT,66C,1,3
29009,BNS,318,1,1
29009,BNS,303,1,2
29010,BNS,318,1,1
29010,IT,66D,1,2
29010,BNS,338,1,3
29011,BNS,338,1,1
29011,BNS,318,1,2
29012,BNS,140,1,1
29012,BNS,85,1,2
29012,BNS,78,1,3
29013,BNS,316,1,1
29013,BNS,331,1,2
29013,BNS,309,1,3
29014,BNS,318,1,1
29014,BNS,309,1,2
29015,BNS,310,1,1
29015,BNS,303,1,2
29016,BNS,331,1,1
29017,BNS,305,1,1
29017,BNS,303,1,2
29018,BNS,318,1,1
29018,BNS,316,1,2
29018,BNS,310,1,3
29020,EXCISE,32,1,1
29020,NDPS,20,1,2
29020,ARMS,27,1,3
29021,BNS,118,1,1
29021,BNS,105,1,2
29021,BNS,103,1,3
29022,BNS,109,1,1
29022,BNS,115,1,2
29022,BNS,118,1,3
29023,BNS,111,1,1
29023,BNS,351,1,2
29023,BNS,112,1,3
29024,BNS,318,1,1
29025,BNS,78,1,1
29025,BNS,74,1,2
29026,BNS,305,1,1
29028,MV,184,1,1
29028,MV,185,1,2
29029,BNS,115,1,1
29030,BNS,351,1,1
29031,BNS,338,1,1
29032,BNS,85,1,1
29033,BNS,115,1,1
29033,BNS,118,1,2
29034,MV,185,1,1
29035,BNS,309,1,1
29036,BNS,318,1,1
29037,BNS,310,1,1
29038,BNS,109,1,1
29039,BNS,140,1,1
29039,BNS,85,1,2
29039,BNS,74,1,3
29040,BNS,318,1,1
29040,IT,66D,1,2
29041,BNS,140,1,1
29041,BNS,85,1,2
29042,ARMS,25,1,1
29042,NDPS,8,1,2
29042,NDPS,21,1,3
29043,POCSO,8,1,1
29043,BNS,140,1,2
29043,POCSO,4,1,3
29044,BNS,331,1,1
29044,BNS,318,1,2
29044,BNS,310,1,3
29045,BNS,316,1,1
29046,MV,184,1,1
29047,BNS,318,1,1
29047,BNS,331,1,2
29047,BNS,305,1,3
29048,NDPS,21,1,1
29048,ARMS,25,1,2
29049,BNS,80,1,1
29049,BNS,85,1,2
29049,BNS,64,1,3
29050,ARMS,25,1,1
29051,IT,66D,1,1
29051,BNS,338,1,2
29051,BNS,318,1,3
29052,BNS,331,1,1
29052,BNS,310,1,2
29052,BNS,309,1,3
29053,BNS,115,1,1
29053,BNS,109,1,2
29054,IT,66D,1,1
29055,BNS,105,1,1
29055,BNS,115,1,2
29055,BNS,103,1,3
29056,BNS,318,1,1
29057,BNS,115,1,1
29057,BNS,109,1,2
29058,BNS,191,1,1
29058,BNS,351,1,2
29059,BNS,103,1,1
29060,BNS,105,1,1
29061,BNS,310,1,1
29061,BNS,331,1,2
29061,BNS,309,1,3
29062,IT,66C,1,1
29062,IT,66,1,2
29063,BNS,318,1,1
29063,BNS,310,1,2
29063,BNS,331,1,3
29064,MV,185,1,1
29064,MV,184,1,2
29065,BNS,338,1,1
29065,BNS,318,1,2
29066,MV,184,1,1
29067,NDPS,20,1,1
29067,NDPS,21,1,2
29068,BNS,331,1,1
29068,BNS,309,1,2
29070,BNS,318,1,1
29070,BNS,303,1,2
29070,BNS,316,1,3
29071,IT,66C,1,1
29071,IT,66D,1,2
29072,BNS,191,1,1
29073,BNS,64,1,1
29073,BNS,85,1,2
29075,BNS,310,1,1
29075,BNS,305,1,2
29075,BNS,316,1,3
29076,BNS,196,1,1
29076,BNS,191,1,2
29076,BNS,112,1,3
29077,BNS,303,1,1
29077,BNS,316,1,2
29077,BNS,309,1,3
29078,BNS,191,1,1
29078,BNS,351,1,2
29078,BNS,111,1,3
29079,MV,185,1,1
29079,MV,184,1,2
29080,BNS,305,1,1
29081,BNS,118,1,1
29081,BNS,109,1,2
29082,BNS,331,1,1
29082,BNS,309,1,2
29083,BNS,115,1,1
29084,BNS,331,1,1
29084,BNS,310,1,2
29084,BNS,316,1,3
29085,MV,185,1,1
29085,MV,184,1,2
29086,BNS,303,1,1
29087,BNS,351,1,1
29088,IT,66D,1,1
29088,BNS,318,1,2
29089,IT,66C,1,1
29090,BNS,331,1,1
29090,BNS,316,1,2
29091,BNS,112,1,1
29091,BNS,111,1,2
29091,BNS,351,1,3
29092,NDPS,21,1,1
29092,NDPS,20,1,2
29092,NDPS,8,1,3
29094,BNS,331,1,1
29094,BNS,310,1,2
29095,BNS,305,1,1
29095,BNS,318,1,2
29095,BNS,310,1,3
29096,MV,184,1,1
29096,MV,185,1,2
29097,BNS,316,1,1
29098,BNS,303,1,1
29099,BNS,331,1,1
29099,BNS,310,1,2
29100,BNS,309,1,1
29100,BNS,303,1,2
29100,BNS,318,1,3
29102,BNS,331,1,1
29103,BNS,305,1,1
29104,POCSO,8,1,1
29104,POCSO,4,1,2
29105,EXCISE,32,1,1
29106,MV,185,1,1
29106,MV,184,1,2
29107,BNS,309,1,1
29107,BNS,305,1,2
29108,BNS,118,1,1
29108,BNS,105,1,2
29108,BNS,115,1,3
29109,BNS,118,1,1
29110,BNS,310,1,1
29111,IT,66D,1,1
29111,BNS,338,1,2
29113,EXCISE,32,1,1
29113,NDPS,21,1,2
29114,BNS,109,1,1
29115,BNS,109,1,1
29115,BNS,115,1,2
29115,BNS,105,1,3
29116,BNS,80,1,1
29116,BNS,85,1,2
29117,BNS,318,1,1
29117,IT,66D,1,2
29118,MV,184,1,1
29119,BNS,103,1,1
29119,BNS,109,1,2
29119,BNS,118,1,3
29120,POCSO,8,1,1
29120,POCSO,4,1,2
29121,BNS,318,1,1
29122,BNS,316,1,1
29123,BNS,303,1,1
29123,BNS,331,1,2
29123,BNS,316,1,3
29124,ARMS,25,1,1
29124,NDPS,21,1,2
29125,BNS,303,1,1
29126,BNS,189,1,1
29126,BNS,191,1,2
29127,MV,184,1,1
29127,MV,185,1,2
29128,BNS,191,1,1
29128,BNS,196,1,2
29129,MV,184,1,1
29130,POCSO,4,1,1
29130,BNS,140,1,2
29132,BNS,331,1,1
29132,BNS,305,1,2
29132,BNS,309,1,3
29133,NDPS,21,1,1
29133,ARMS,27,1,2
29134,BNS,338,1,1
29134,BNS,318,1,2
29134,IT,66D,1,3
29135,BNS,318,1,1
29135,BNS,338,1,2
29135,IT,66D,1,3
29136,BNS,112,1,1
29136,BNS,196,1,2
29137,BNS,318,1,1
29137,BNS,309,1,2
29138,BNS,310,1,1
29139,MV,184,1,1
29140,IT,66D,1,1
29140,BNS,338,1,2
29140,BNS,318,1,3
29141,MV,184,1,1
29141,MV,185,1,2
29142,BNS,316,1,1
29142,BNS,309,1,2
29143,BNS,310,1,1
29143,BNS,316,1,2
29143,BNS,305,1,3
29144,BNS,338,1,1
29144,BNS,318,1,2
29145,MV,184,1,1
29145,MV,185,1,2
29146,BNS,85,1,1
29147,BNS,309,1,1
29148,BNS,310,1,1
29148,BNS,305,1,2
29148,BNS,309,1,3
29149,BNS,305,1,1
29149,BNS,310,1,2
29149,BNS,318,1,3
29150,IT,66,1,1
29150,IT,66C,1,2
29150,IT,66D,1,3
29151,PC,7,1,1
29152,BNS,310,1,1
29152,BNS,305,1,2
29152,BNS,331,1,3
29153,BNS,191,1,1
29153,BNS,112,1,2
29153,BNS,111,1,3
29154,BNS,316,1,1
29155,BNS,303,1,1
29155,BNS,316,1,2
29155,BNS,331,1,3
29156,BNS,305,1,1
29157,BNS,351,1,1
29157,BNS,191,1,2
29158,BNS,310,1,1
29159,BNS,331,1,1
29160,MV,185,1,1
29161,IT,66D,1,1
29161,IT,66,1,2
29161,IT,66C,1,3
29162,BNS,103,1,1
29162,BNS,105,1,2
29162,BNS,115,1,3
29163,BNS,303,1,1
29165,BNS,318,1,1
29165,IT,66D,1,2
29166,BNS,318,1,1
29166,BNS,310,1,2
29167,BNS,115,1,1
29167,BNS,118,1,2
29168,BNS,74,1,1
29168,BNS,80,1,2
29168,BNS,64,1,3
29169,MV,184,1,1
29169,MV,185,1,2
29170,BNS,196,1,1
29171,BNS,305,1,1
29171,BNS,318,1,2
29171,BNS,331,1,3
29172,BNS,318,1,1
29172,BNS,316,1,2
29173,BNS,309,1,1
29174,BNS,115,1,1
29174,BNS,105,1,2
29175,BNS,105,1,1
29175,BNS,109,1,2
29175,BNS,115,1,3
29176,NDPS,21,1,1
29176,EXCISE,32,1,2
29176,ARMS,25,1,3
29177,BNS,318,1,1
29177,IT,66D,1,2
29177,BNS,338,1,3
29178,BNS,303,1,1
29178,BNS,309,1,2
29178,BNS,331,1,3
29179,BNS,140,1,1
29179,BNS,85,1,2
29179,BNS,64,1,3
29180,NDPS,8,1,1
29180,EXCISE,32,1,2
29180,NDPS,21,1,3
29181,BNS,118,1,1
29182,BNS,303,1,1
29182,BNS,331,1,2
29183,BNS,331,1,1
29184,BNS,338,1,1
29185,BNS,74,1,1
29186,BNS,303,1,1
29187,BNS,331,1,1
29187,BNS,305,1,2
29189,BNS,318,1,1
29190,MV,185,1,1
29191,MV,184,1,1
29192,BNS,316,1,1
29194,BNS,309,1,1
29194,BNS,316,1,2
29194,BNS,305,1,3
29195,IT,66D,1,1
29195,IT,66,1,2
29195,IT,66C,1,3
29196,BNS,309,1,1
29196,BNS,316,1,2
29196,BNS,310,1,3
29197,BNS,103,1,1
29197,BNS,115,1,2
29198,BNS,115,1,1
29198,BNS,105,1,2
29198,BNS,103,1,3
29199,BNS,118,1,1
29200,BNS,109,1,1
29200,BNS,115,1,2
29200,BNS,118,1,3
29201,ARMS,27,1,1
29201,NDPS,21,1,2
29202,BNS,105,1,1
29203,MV,185,1,1
29203,MV,184,1,2
29204,PC,7,1,1
29205,BNS,140,1,1
29205,BNS,78,1,2
29206,BNS,74,1,1
29206,BNS,64,1,2
29207,BNS,103,1,1
29207,BNS,109,1,2
29209,BNS,196,1,1
29210,IT,66C,1,1
29210,IT,66D,1,2
29210,IT,66,1,3
29211,BNS,189,1,1
29211,BNS,111,1,2
29211,BNS,351,1,3
29212,BNS,64,1,1
29212,BNS,74,1,2
29213,BNS,78,1,1
29215,IT,66C,1,1
29215,IT,66,1,2
29215,IT,66D,1,3
29216,IT,66C,1,1
29216,IT,66,1,2
29216,IT,66D,1,3
29217,BNS,115,1,1
29217,BNS,118,1,2
29218,BNS,85,1,1
29218,BNS,64,1,2
29218,BNS,80,1,3
29219,BNS,112,1,1
29219,BNS,351,1,2
29220,BNS,331,1,1
29220,BNS,309,1,2
29221,BNS,316,1,1
29222,ARMS,25,1,1
29223,BNS,316,1,1
29224,BNS,338,1,1
29224,IT,66D,1,2
29226,BNS,85,1,1
29226,BNS,78,1,2
29226,BNS,74,1,3
29227,MV,185,1,1
29227,MV,184,1,2
29228,IT,66C,1,1
29228,IT,66,1,2
29230,MV,185,1,1
29231,BNS,316,1,1
29231,BNS,309,1,2
29232,BNS,338,1,1
29232,BNS,318,1,2
29232,IT,66D,1,3
29233,MV,185,1,1
29233,MV,184,1,2
29234,BNS,318,1,1
29235,BNS,316,1,1
29235,BNS,303,1,2
29236,BNS,351,1,1
29236,BNS,191,1,2
29236,BNS,112,1,3
29237,BNS,310,1,1
29238,BNS,103,1,1
29238,BNS,118,1,2
29239,BNS,331,1,1
29240,BNS,338,1,1
29241,BNS,318,1,1
29243,BNS,338,1,1
29243,IT,66D,1,2
29244,NDPS,8,1,1
29245,BNS,305,1,1
29246,NDPS,21,1,1
29246,ARMS,27,1,2
29247,BNS,105,1,1
29247,BNS,103,1,2
29247,BNS,109,1,3
29248,BNS,118,1,1
29248,BNS,105,1,2
29248,BNS,103,1,3
29249,MV,185,1,1
29250,BNS,310,1,1
29250,BNS,309,1,2
29250,BNS,318,1,3
29251,BNS,140,1,1
29252,BNS,318,1,1
29252,BNS,331,1,2
29253,BNS,309,1,1
29253,BNS,331,1,2
29253,BNS,318,1,3
29254,BNS,316,1,1
29255,BNS,74,1,1
29255,BNS,140,1,2
29256,BNS,331,1,1
29257,BNS,305,1,1
29257,BNS,318,1,2
29258,BNS,111,1,1
29260,BNS,331,1,1
29260,BNS,310,1,2
29261,BNS,111,1,1
29262,BNS,305,1,1
29263,MV,185,1,1
29263,MV,184,1,2
29264,BNS,109,1,1
29264,BNS,115,1,2
29264,BNS,103,1,3
29265,NDPS,20,1,1
29265,ARMS,25,1,2
29265,EXCISE,32,1,3
29266,IT,66,1,1
29266,IT,66D,1,2
29267,BNS,109,1,1
29267,BNS,105,1,2
29268,BNS,318,1,1
29268,BNS,331,1,2
29269,BNS,109,1,1
29270,ARMS,25,1,1
29270,NDPS,21,1,2
29270,ARMS,27,1,3
29271,IT,66D,1,1
29272,NDPS,21,1,1
29272,ARMS,25,1,2
29272,ARMS,27,1,3
29273,EXCISE,32,1,1
29273,ARMS,25,1,2
29273,NDPS,8,1,3
29274,BNS,118,1,1
29275,BNS,309,1,1
29275,BNS,303,1,2
29276,BNS,316,1,1
29276,BNS,310,1,2
29277,BNS,189,1,1
29277,BNS,111,1,2
29278,BNS,111,1,1
29278,BNS,196,1,2
29278,BNS,189,1,3
29279,MV,185,1,1
29280,BNS,338,1,1
29282,BNS,305,1,1
29283,BNS,305,1,1
29283,BNS,331,1,2
29284,BNS,118,1,1
29284,BNS,105,1,2
29285,MV,185,1,1
29286,IT,66,1,1
29287,BNS,351,1,1
29287,BNS,196,1,2
29288,IT,66C,1,1
29289,BNS,309,1,1
29289,BNS,305,1,2
29289,BNS,316,1,3
29290,BNS,310,1,1
29290,BNS,303,1,2
29290,BNS,331,1,3
29291,BNS,105,1,1
29291,BNS,118,1,2
29291,BNS,103,1,3
29292,BNS,310,1,1
29292,BNS,305,1,2
29292,BNS,309,1,3
29293,NDPS,8,1,1
29294,BNS,331,1,1
29294,BNS,316,1,2
29294,BNS,310,1,3
29295,BNS,103,1,1
29295,BNS,109,1,2
29295,BNS,105,1,3
29296,BNS,191,1,1
29296,BNS,112,1,2
29296,BNS,351,1,3
29297,BNS,310,1,1
29297,BNS,303,1,2
29298,BNS,318,1,1
29298,BNS,310,1,2
29298,BNS,309,1,3
29300,BNS,309,1,1
29300,BNS,316,1,2
29300,BNS,318,1,3
29301,BNS,338,1,1
29302,BNS,78,1,1
29302,BNS,64,1,2
29304,BNS,316,1,1
29304,BNS,303,1,2
29304,BNS,318,1,3
29305,BNS,85,1,1
29305,BNS,140,1,2
29306,NDPS,8,1,1
29306,EXCISE,32,1,2
29307,MV,185,1,1
29308,BNS,74,1,1
29308,BNS,85,1,2
29309,BNS,318,1,1
29310,BNS,318,1,1
29310,IT,66D,1,2
29311,BNS,309,1,1
29311,BNS,318,1,2
29312,BNS,309,1,1
29312,BNS,331,1,2
29313,BNS,331,1,1
29314,BNS,115,1,1
29315,BNS,303,1,1
29315,BNS,310,1,2
29315,BNS,316,1,3
29316,BNS,309,1,1
29316,BNS,331,1,2
29317,BNS,318,1,1
29318,EXCISE,32,1,1
29318,ARMS,25,1,2
29318,ARMS,27,1,3
29319,BNS,78,1,1
29319,BNS,80,1,2
29320,BNS,140,1,1
29320,POCSO,4,1,2
29320,POCSO,8,1,3
29321,BNS,196,1,1
29322,MV,185,1,1
29322,MV,184,1,2
29323,MV,185,1,1
29324,IT,66,1,1
29325,BNS,331,1,1
29325,BNS,309,1,2
29326,BNS,105,1,1
29326,BNS,109,1,2
29327,MV,185,1,1
29328,EXCISE,32,1,1
29328,NDPS,20,1,2
29328,ARMS,25,1,3
29330,BNS,318,1,1
29330,BNS,331,1,2
29331,MV,184,1,1
29332,NDPS,21,1,1
29332,NDPS,8,1,2
29332,EXCISE,32,1,3
29333,BNS,318,1,1
29333,BNS,305,1,2
29333,BNS,310,1,3
29334,BNS,303,1,1
29335,BNS,351,1,1
29335,BNS,189,1,2
29335,BNS,111,1,3
29336,BNS,118,1,1
29336,BNS,105,1,2
29337,POCSO,4,1,1
29337,POCSO,8,1,2
29337,BNS,140,1,3
29338,BNS,74,1,1
29339,BNS,105,1,1
29339,BNS,118,1,2
29339,BNS,103,1,3
29340,BNS,305,1,1
29341,BNS,78,1,1
29341,BNS,140,1,2
29341,BNS,74,1,3
29342,BNS,105,1,1
29342,BNS,115,1,2
29343,BNS,316,1,1
29344,BNS,318,1,1
29344,BNS,331,1,2
29345,IT,66D,1,1
29345,BNS,318,1,2
29346,BNS,338,1,1
29346,IT,66D,1,2
29347,BNS,64,1,1
29347,BNS,85,1,2
29348,BNS,309,1,1
29349,BNS,316,1,1
29350,BNS,316,1,1
29350,BNS,331,1,2
29351,BNS,318,1,1
29351,BNS,338,1,2
29351,IT,66D,1,3
29352,BNS,140,1,1
29352,BNS,64,1,2
29353,BNS,318,1,1
29354,MV,185,1,1
29354,MV,184,1,2
29356,BNS,331,1,1
29357,BNS,303,1,1
29357,BNS,331,1,2
29358,BNS,74,1,1
29358,BNS,78,1,2
29359,BNS,310,1,1
29359,BNS,305,1,2
29360,ARMS,25,1,1
29360,NDPS,8,1,2
29361,BNS,191,1,1
29362,BNS,64,1,1
29362,BNS,74,1,2
29362,BNS,78,1,3
29363,BNS,310,1,1
29363,BNS,305,1,2
29363,BNS,318,1,3
29364,BNS,115,1,1
29364,BNS,109,1,2
29364,BNS,103,1,3
29365,NDPS,20,1,1
29365,NDPS,8,1,2
29365,EXCISE,32,1,3
29366,BNS,85,1,1
29367,BNS,318,1,1
29367,BNS,316,1,2
29368,BNS,74,1,1
29368,BNS,78,1,2
29368,BNS,140,1,3
29369,BNS,303,1,1
29369,BNS,309,1,2
29370,BNS,109,1,1
29371,IT,66D,1,1
29371,BNS,318,1,2
29372,BNS,318,1,1
29372,IT,66D,1,2
29373,BNS,303,1,1
29373,BNS,310,1,2
29373,BNS,316,1,3
29374,BNS,316,1,1
29374,BNS,303,1,2
29374,BNS,309,1,3
29375,BNS,103,1,1
29375,BNS,105,1,2
29375,BNS,115,1,3
29376,MV,184,1,1
29376,MV,185,1,2
29377,BNS,85,1,1
29377,BNS,140,1,2
29378,BNS,85,1,1
29378,BNS,78,1,2
29378,BNS,64,1,3
29379,BNS,305,1,1
29380,MV,184,1,1
29381,ARMS,25,1,1
29382,BNS,115,1,1
29382,BNS,109,1,2
29383,MV,185,1,1
29384,BNS,318,1,1
29384,IT,66D,1,2
29385,BNS,310,1,1
29386,BNS,338,1,1
29386,IT,66D,1,2
29386,BNS,318,1,3
29387,BNS,196,1,1
29387,BNS,189,1,2
29388,BNS,309,1,1
29389,MV,185,1,1
29390,MV,185,1,1
29390,MV,184,1,2
29391,BNS,318,1,1
29391,IT,66D,1,2
29391,BNS,338,1,3
29392,BNS,78,1,1
29392,BNS,85,1,2
29393,BNS,331,1,1
29393,BNS,318,1,2
29393,BNS,310,1,3
29394,BNS,318,1,1
29394,BNS,338,1,2
29395,MV,185,1,1
29396,BNS,115,1,1
29397,BNS,105,1,1
29397,BNS,109,1,2
29397,BNS,103,1,3
29398,BNS,309,1,1
29399,BNS,103,1,1
29399,BNS,115,1,2
29399,BNS,118,1,3
29400,MV,184,1,1
29400,MV,185,1,2
29401,BNS,305,1,1
29401,BNS,303,1,2
29401,BNS,331,1,3
29402,BNS,140,1,1
29402,BNS,64,1,2
29404,BNS,338,1,1
29404,BNS,318,1,2
29404,IT,66D,1,3
29405,BNS,305,1,1
29405,BNS,316,1,2
29407,MV,184,1,1
29408,BNS,140,1,1
29408,BNS,64,1,2
29408,BNS,85,1,3
29409,BNS,309,1,1
29409,BNS,316,1,2
29410,BNS,303,1,1
29411,BNS,331,1,1
29411,BNS,305,1,2
29412,ARMS,25,1,1
29412,ARMS,27,1,2
29413,POCSO,8,1,1
29413,POCSO,4,1,2
29413,BNS,140,1,3
29414,BNS,105,1,1
29415,BNS,80,1,1
29415,BNS,140,1,2
29416,MV,185,1,1
29417,BNS,338,1,1
29418,BNS,103,1,1
29418,BNS,105,1,2
29418,BNS,118,1,3
29419,BNS,115,1,1
29419,BNS,118,1,2
29420,BNS,78,1,1
29421,BNS,305,1,1
29422,MV,185,1,1
29423,NDPS,21,1,1
29423,NDPS,20,1,2
29424,BNS,74,1,1
29424,BNS,80,1,2
29424,BNS,64,1,3
29425,BNS,316,1,1
29425,BNS,331,1,2
29426,BNS,309,1,1
29426,BNS,318,1,2
29427,BNS,310,1,1
29427,BNS,331,1,2
29428,PC,7,1,1
29429,BNS,303,1,1
29429,BNS,309,1,2
29430,BNS,305,1,1
29432,BNS,109,1,1
29433,BNS,115,1,1
29433,BNS,103,1,2
29433,BNS,109,1,3
29434,MV,185,1,1
29435,IT,66C,1,1
29436,IT,66C,1,1
29439,BNS,74,1,1
29439,BNS,64,1,2
29440,MV,185,1,1
29440,MV,184,1,2
29441,BNS,78,1,1
29441,BNS,85,1,2
29444,EXCISE,32,1,1
29445,BNS,310,1,1
29445,BNS,303,1,2
29445,BNS,318,1,3
29446,BNS,305,1,1
29446,BNS,309,1,2
29447,BNS,80,1,1
29448,ARMS,25,1,1
29449,BNS,103,1,1
29450,BNS,303,1,1
29451,BNS,331,1,1
29452,BNS,115,1,1
29452,BNS,118,1,2
29452,BNS,109,1,3
29453,BNS,78,1,1
29453,BNS,80,1,2
29454,BNS,112,1,1
29454,BNS,351,1,2
29454,BNS,196,1,3
29455,BNS,310,1,1
29455,BNS,309,1,2
29455,BNS,303,1,3
29456,BNS,109,1,1
29456,BNS,105,1,2
29456,BNS,115,1,3
29457,BNS,85,1,1
29457,BNS,80,1,2
29458,NDPS,20,1,1
29458,NDPS,8,1,2
29458,EXCISE,32,1,3
29459,BNS,115,1,1
29459,BNS,118,1,2
29459,BNS,103,1,3
29460,BNS,189,1,1
29461,BNS,118,1,1
29461,BNS,115,1,2
29461,BNS,105,1,3
29462,BNS,80,1,1
29462,BNS,85,1,2
29462,BNS,78,1,3
29463,ARMS,25,1,1
29463,ARMS,27,1,2
29464,BNS,305,1,1
29464,BNS,303,1,2
29464,BNS,316,1,3
29465,BNS,318,1,1
29465,IT,66D,1,2
29465,BNS,338,1,3
29466,MV,185,1,1
29467,BNS,196,1,1
29467,BNS,112,1,2
29467,BNS,351,1,3
29468,BNS,310,1,1
29468,BNS,331,1,2
29469,BNS,78,1,1
29469,BNS,140,1,2
29469,BNS,74,1,3
29470,BNS,196,1,1
29471,BNS,309,1,1
29471,BNS,303,1,2
29471,BNS,305,1,3
29472,IT,66D,1,1
29473,MV,184,1,1
29473,MV,185,1,2
29474,BNS,309,1,1
29474,BNS,331,1,2
29474,BNS,303,1,3
29475,ARMS,27,1,1
29476,BNS,191,1,1
29476,BNS,111,1,2
29476,BNS,112,1,3
29477,BNS,112,1,1
29477,BNS,351,1,2
29477,BNS,196,1,3
29478,BNS,309,1,1
29478,BNS,310,1,2
29479,BNS,318,1,1
29480,BNS,318,1,1
29480,BNS,303,1,2
29481,BNS,318,1,1
29481,IT,66D,1,2
29482,MV,185,1,1
29482,MV,184,1,2
29483,MV,185,1,1
29483,MV,184,1,2
29484,BNS,111,1,1
29485,BNS,80,1,1
29485,BNS,85,1,2
29486,IT,66C,1,1
29486,IT,66D,1,2
29487,BNS,111,1,1
29487,BNS,351,1,2
29488,BNS,109,1,1
29488,BNS,118,1,2
29488,BNS,103,1,3
29489,MV,185,1,1
29489,MV,184,1,2
29490,MV,185,1,1
29490,MV,184,1,2
29491,IT,66,1,1
29491,IT,66C,1,2
29491,IT,66D,1,3
29492,BNS,310,1,1
29492,BNS,303,1,2
29492,BNS,309,1,3
29493,BNS,305,1,1
29493,BNS,316,1,2
29493,BNS,331,1,3
29495,BNS,331,1,1
29496,BNS,309,1,1
29496,BNS,310,1,2
29496,BNS,318,1,3
29497,MV,185,1,1
29497,MV,184,1,2
29498,BNS,310,1,1
29499,BNS,310,1,1
29499,BNS,316,1,2
29499,BNS,305,1,3
29500,BNS,331,1,1
29500,BNS,305,1,2
29500,BNS,303,1,3
29501,BNS,140,1,1
29502,BNS,309,1,1
29502,BNS,331,1,2
29503,BNS,118,1,1
29503,BNS,105,1,2
29503,BNS,103,1,3
29504,BNS,316,1,1
29505,BNS,309,1,1
29505,BNS,303,1,2
29505,BNS,305,1,3
29507,MV,184,1,1
29507,MV,185,1,2
29508,IT,66D,1,1
29508,IT,66,1,2
29509,BNS,105,1,1
29509,BNS,109,1,2
29509,BNS,103,1,3
29510,BNS,305,1,1
29511,BNS,309,1,1
29511,BNS,303,1,2
29511,BNS,318,1,3
29512,BNS,310,1,1
29513,MV,185,1,1
29514,BNS,331,1,1
29515,BNS,309,1,1
29516,PC,7,1,1
29517,BNS,309,1,1
29517,BNS,318,1,2
29518,MV,185,1,1
29519,BNS,316,1,1
29520,BNS,85,1,1
29520,BNS,80,1,2
29520,BNS,74,1,3
29521,MV,184,1,1
29522,BNS,338,1,1
29522,IT,66D,1,2
29522,BNS,318,1,3
29523,BNS,196,1,1
29523,BNS,111,1,2
29523,BNS,189,1,3
29524,BNS,115,1,1
29525,BNS,318,1,1
29525,BNS,338,1,2
29525,IT,66D,1,3
29526,NDPS,21,1,1
29526,ARMS,27,1,2
29526,NDPS,8,1,3
29527,BNS,78,1,1
29527,BNS,64,1,2
29528,NDPS,20,1,1
29528,NDPS,21,1,2
29528,NDPS,8,1,3
29529,BNS,310,1,1
29529,BNS,303,1,2
29530,BNS,318,1,1
29530,IT,66D,1,2
29530,BNS,338,1,3
29531,BNS,310,1,1
29531,BNS,331,1,2
29531,BNS,305,1,3
29532,MV,185,1,1
29532,MV,184,1,2
29533,BNS,103,1,1
29533,BNS,105,1,2
29533,BNS,109,1,3
29534,EXCISE,32,1,1
29534,ARMS,25,1,2
29534,NDPS,21,1,3
29535,BNS,305,1,1
29535,BNS,316,1,2
29535,BNS,310,1,3
29536,ARMS,27,1,1
29536,NDPS,21,1,2
29536,ARMS,25,1,3
29537,BNS,303,1,1
29537,BNS,305,1,2
29537,BNS,331,1,3
29539,BNS,118,1,1
29539,BNS,109,1,2
29539,BNS,115,1,3
29540,IT,66D,1,1
29540,BNS,318,1,2
29540,BNS,338,1,3
29541,BNS,316,1,1
29542,BNS,105,1,1
29542,BNS,103,1,2
29543,NDPS,8,1,1
29544,BNS,140,1,1
29544,BNS,64,1,2
29545,BNS,331,1,1
29545,BNS,303,1,2
29545,BNS,316,1,3
29546,BNS,309,1,1
29546,BNS,303,1,2
29547,BNS,85,1,1
29547,BNS,140,1,2
29547,BNS,78,1,3
29548,BNS,318,1,1
29550,BNS,85,1,1
29550,BNS,140,1,2
29551,IT,66D,1,1
29551,BNS,338,1,2
29551,BNS,318,1,3
29552,BNS,318,1,1
29553,IT,66C,1,1
29553,IT,66,1,2
29554,MV,184,1,1
29555,BNS,305,1,1
29556,BNS,309,1,1
29556,BNS,310,1,2
29557,BNS,109,1,1
29558,IT,66D,1,1
29558,BNS,338,1,2
29558,BNS,318,1,3
29559,BNS,305,1,1
29559,BNS,309,1,2
29560,BNS,115,1,1
29560,BNS,109,1,2
29560,BNS,103,1,3
29561,BNS,316,1,1
29561,BNS,305,1,2
29562,MV,185,1,1
29563,BNS,310,1,1
29563,BNS,303,1,2
29564,IT,66D,1,1
29564,BNS,318,1,2
29564,BNS,338,1,3
29565,IT,66C,1,1
29565,IT,66,1,2
29566,BNS,305,1,1
29566,BNS,310,1,2
29568,BNS,318,1,1
29568,BNS,305,1,2
29569,BNS,80,1,1
29569,BNS,64,1,2
29570,BNS,331,1,1
29570,BNS,309,1,2
29570,BNS,310,1,3
29571,BNS,103,1,1
29571,BNS,109,1,2
29572,BNS,316,1,1
29572,BNS,318,1,2
29573,IT,66C,1,1
29573,IT,66D,1,2
29573,IT,66,1,3
29574,BNS,74,1,1
29574,BNS,140,1,2
29575,IT,66D,1,1
29575,BNS,318,1,2
29575,BNS,338,1,3
29576,BNS,338,1,1
29576,IT,66D,1,2
29577,BNS,305,1,1
29578,BNS,318,1,1
29578,BNS,303,1,2
29579,MV,184,1,1
29580,BNS,316,1,1
29580,BNS,309,1,2
29581,MV,185,1,1
29581,MV,184,1,2
29582,BNS,105,1,1
29582,BNS,103,1,2
29582,BNS,118,1,3
29583,BNS,310,1,1
29583,BNS,331,1,2
29583,BNS,309,1,3
29585,BNS,140,1,1
29587,BNS,115,1,1
29587,BNS,118,1,2
29589,BNS,309,1,1
29589,BNS,316,1,2
29590,MV,184,1,1
29590,MV,185,1,2
29591,IT,66D,1,1
29591,BNS,338,1,2
29591,BNS,318,1,3
29592,BNS,85,1,1
29592,BNS,64,1,2
29592,BNS,74,1,3
29593,BNS,115,1,1
29594,BNS,64,1,1
29595,IT,66D,1,1
29595,BNS,338,1,2
29596,BNS,118,1,1
29596,BNS,109,1,2
29597,BNS,303,1,1
29597,BNS,318,1,2
29597,BNS,309,1,3
29598,BNS,316,1,1
29599,BNS,303,1,1
29599,BNS,310,1,2
29599,BNS,305,1,3
29600,BNS,331,1,1
29600,BNS,310,1,2
29601,BNS,318,1,1
29601,BNS,331,1,2
29601,BNS,303,1,3
29602,BNS,318,1,1
29602,BNS,310,1,2
29603,BNS,309,1,1
29603,BNS,331,1,2
29604,BNS,85,1,1
29604,BNS,140,1,2
29605,BNS,310,1,1
29606,BNS,303,1,1
29607,BNS,316,1,1
29608,ARMS,27,1,1
29608,EXCISE,32,1,2
29609,BNS,316,1,1
29609,BNS,331,1,2
29609,BNS,310,1,3
29610,BNS,189,1,1
29610,BNS,111,1,2
29611,BNS,310,1,1
29612,BNS,331,1,1
29613,BNS,351,1,1
29614,BNS,310,1,1
29615,IT,66,1,1
29615,IT,66C,1,2
29616,BNS,74,1,1
29616,BNS,80,1,2
29616,BNS,140,1,3
29617,BNS,105,1,1
29617,BNS,115,1,2
29618,BNS,351,1,1
29618,BNS,112,1,2
29618,BNS,111,1,3
29619,BNS,303,1,1
29619,BNS,309,1,2
29621,MV,184,1,1
29621,MV,185,1,2
29622,MV,185,1,1
29622,MV,184,1,2
29623,MV,185,1,1
29625,BNS,189,1,1
29625,BNS,191,1,2
29626,BNS,140,1,1
29626,BNS,74,1,2
29627,BNS,303,1,1
29627,BNS,316,1,2
29628,POCSO,8,1,1
29628,BNS,140,1,2
29628,POCSO,4,1,3
29629,BNS,118,1,1
29629,BNS,105,1,2
29630,BNS,189,1,1
29631,BNS,316,1,1
29632,BNS,338,1,1
29632,BNS,318,1,2
29632,IT,66D,1,3
29633,BNS,318,1,1
29633,BNS,310,1,2
29634,BNS,64,1,1
29634,BNS,85,1,2
29635,BNS,303,1,1
29635,BNS,316,1,2
29636,BNS,309,1,1
29636,BNS,318,1,2
29636,BNS,316,1,3
29637,BNS,111,1,1
29637,BNS,191,1,2
29637,BNS,351,1,3
29638,IT,66C,1,1
29638,IT,66,1,2
29639,ARMS,27,1,1
29639,EXCISE,32,1,2
29640,BNS,309,1,1
29640,BNS,303,1,2
29641,BNS,115,1,1
29642,BNS,331,1,1
29642,BNS,303,1,2
29642,BNS,305,1,3
29643,BNS,318,1,1
29643,BNS,310,1,2
29643,BNS,303,1,3
29644,BNS,118,1,1
29645,BNS,310,1,1
29645,BNS,305,1,2
29646,BNS,112,1,1
29646,BNS,351,1,2
29648,IT,66D,1,1
29649,BNS,309,1,1
29650,POCSO,8,1,1
29651,BNS,303,1,1
29651,BNS,318,1,2
29652,BNS,331,1,1
29653,MV,184,1,1
29654,BNS,109,1,1
29654,BNS,115,1,2
29655,IT,66D,1,1
29655,BNS,338,1,2
29655,BNS,318,1,3
29656,BNS,331,1,1
29656,BNS,318,1,2
29657,ARMS,25,1,1
29657,NDPS,21,1,2
29659,BNS,111,1,1
29660,BNS,103,1,1
29660,BNS,118,1,2
29661,IT,66D,1,1
29662,BNS,103,1,1
29663,BNS,318,1,1
29663,BNS,303,1,2
29663,BNS,331,1,3
29664,BNS,196,1,1
29664,BNS,189,1,2
29664,BNS,112,1,3
29665,BNS,309,1,1
29665,BNS,305,1,2
29666,BNS,331,1,1
29666,BNS,316,1,2
29666,BNS,310,1,3
29667,MV,184,1,1
29667,MV,185,1,2
29668,MV,185,1,1
29668,MV,184,1,2
29669,PC,7,1,1
29670,BNS,64,1,1
29671,NDPS,8,1,1
29672,NDPS,21,1,1
29672,ARMS,25,1,2
29673,BNS,303,1,1
29674,BNS,331,1,1
29675,EXCISE,32,1,1
29675,NDPS,20,1,2
29676,BNS,309,1,1
29676,BNS,331,1,2
29677,NDPS,8,1,1
29678,BNS,196,1,1
29679,BNS,305,1,1
29680,PC,7,1,1
29681,MV,184,1,1
29681,MV,185,1,2
29682,BNS,118,1,1
29682,BNS,109,1,2
29682,BNS,105,1,3
29683,BNS,310,1,1
29683,BNS,316,1,2
29683,BNS,305,1,3
29684,BNS,109,1,1
29685,POCSO,8,1,1
29685,BNS,140,1,2
29686,BNS,318,1,1
29687,ARMS,27,1,1
29688,BNS,112,1,1
29689,BNS,64,1,1
29690,BNS,189,1,1
29690,BNS,351,1,2
29690,BNS,111,1,3
29691,IT,66D,1,1
29691,BNS,338,1,2
29691,BNS,318,1,3
29692,BNS,331,1,1
29693,IT,66C,1,1
29694,BNS,331,1,1
29696,BNS,305,1,1
29698,ARMS,25,1,1
29698,NDPS,20,1,2
29698,EXCISE,32,1,3
29699,ARMS,27,1,1
29700,NDPS,8,1,1
29700,ARMS,25,1,2
29700,NDPS,20,1,3
29701,BNS,309,1,1
29701,BNS,310,1,2
29701,BNS,318,1,3
29702,BNS,109,1,1
29702,BNS,118,1,2
29702,BNS,105,1,3
29703,BNS,316,1,1
29703,BNS,318,1,2
29703,BNS,305,1,3
29704,IT,66D,1,1
29704,BNS,338,1,2
29704,BNS,318,1,3
29705,IT,66D,1,1
29706,BNS,318,1,1
29707,BNS,112,1,1
29707,BNS,196,1,2
29708,BNS,318,1,1
29708,BNS,331,1,2
29709,BNS,140,1,1
29710,BNS,303,1,1
29711,BNS,338,1,1
29712,BNS,140,1,1
29713,BNS,318,1,1
29713,IT,66D,1,2
29713,BNS,338,1,3
29714,BNS,318,1,1
29715,BNS,318,1,1
29715,BNS,303,1,2
29716,BNS,109,1,1
29716,BNS,115,1,2
29717,BNS,305,1,1
29717,BNS,331,1,2
29717,BNS,316,1,3
29718,MV,184,1,1
29718,MV,185,1,2
29719,BNS,105,1,1
29720,BNS,303,1,1
29720,BNS,309,1,2
29720,BNS,305,1,3
29721,BNS,331,1,1
29722,BNS,109,1,1
29722,BNS,105,1,2
29722,BNS,115,1,3
29723,BNS,338,1,1
29723,IT,66D,1,2
29723,BNS,318,1,3
29724,BNS,316,1,1
29724,BNS,309,1,2
29724,BNS,310,1,3
29725,BNS,109,1,1
29725,BNS,103,1,2
29725,BNS,105,1,3
29726,BNS,109,1,1
29726,BNS,103,1,2
29726,BNS,115,1,3
29727,BNS,196,1,1
29728,MV,184,1,1
29728,MV,185,1,2
29729,BNS,103,1,1
29729,BNS,118,1,2
29730,BNS,316,1,1
29731,BNS,111,1,1
29731,BNS,191,1,2
29732,BNS,309,1,1
29733,BNS,316,1,1
29734,BNS,318,1,1
29734,BNS,305,1,2
29735,BNS,309,1,1
29735,BNS,305,1,2
29736,BNS,316,1,1
29736,BNS,310,1,2
29736,BNS,305,1,3
29737,BNS,103,1,1
29737,BNS,115,1,2
29738,PC,7,1,1
29739,IT,66,1,1
29740,BNS,305,1,1
29740,BNS,309,1,2
29740,BNS,303,1,3
29741,BNS,118,1,1
29741,BNS,103,1,2
29742,IT,66D,1,1
29743,BNS,331,1,1
29744,MV,184,1,1
29745,MV,184,1,1
29745,MV,185,1,2
29746,IT,66C,1,1
29747,BNS,309,1,1
29747,BNS,310,1,2
29748,BNS,331,1,1
29749,BNS,303,1,1
29749,BNS,331,1,2
29749,BNS,309,1,3
29750,MV,185,1,1
29751,IT,66D,1,1
29751,BNS,318,1,2
29752,MV,184,1,1
29752,MV,185,1,2
29753,BNS,305,1,1
29753,BNS,303,1,2
29754,IT,66D,1,1
29754,BNS,338,1,2
29754,BNS,318,1,3
29755,BNS,316,1,1
29756,BNS,316,1,1
29756,BNS,331,1,2
29757,BNS,338,1,1
29757,BNS,318,1,2
29757,IT,66D,1,3
29758,PC,7,1,1
29759,IT,66D,1,1
29760,BNS,309,1,1
29760,BNS,303,1,2
29760,BNS,310,1,3
29761,BNS,303,1,1
29761,BNS,309,1,2
29761,BNS,310,1,3
29762,BNS,318,1,1
29762,BNS,331,1,2
29763,BNS,316,1,1
29763,BNS,303,1,2
29763,BNS,310,1,3
29764,BNS,196,1,1
29765,BNS,305,1,1
29765,BNS,331,1,2
29766,BNS,318,1,1
29767,BNS,310,1,1
29767,BNS,305,1,2
29767,BNS,316,1,3
29768,BNS,191,1,1
29769,BNS,115,1,1
29769,BNS,105,1,2
29770,IT,66D,1,1
29771,BNS,305,1,1
29771,BNS,310,1,2
29771,BNS,316,1,3
29772,BNS,303,1,1
29772,BNS,309,1,2
29772,BNS,318,1,3
29773,BNS,309,1,1
29773,BNS,316,1,2
29774,BNS,318,1,1
29774,IT,66D,1,2
29774,BNS,338,1,3
29775,BNS,303,1,1
29775,BNS,331,1,2
29775,BNS,318,1,3
29776,BNS,316,1,1
29776,BNS,310,1,2
29777,BNS,191,1,1
29777,BNS,112,1,2
29778,BNS,85,1,1
29778,BNS,74,1,2
29778,BNS,80,1,3
29779,BNS,80,1,1
29779,BNS,74,1,2
29780,BNS,331,1,1
29780,BNS,310,1,2
29780,BNS,318,1,3
29781,BNS,196,1,1
29782,IT,66D,1,1
29783,BNS,316,1,1
29783,BNS,309,1,2
29784,BNS,309,1,1
29785,BNS,105,1,1
29785,BNS,115,1,2
29785,BNS,118,1,3
29786,BNS,331,1,1
29786,BNS,305,1,2
29786,BNS,310,1,3
29787,IT,66D,1,1
29788,BNS,303,1,1
29789,BNS,316,1,1
29790,BNS,74,1,1
29791,IT,66D,1,1
29792,NDPS,8,1,1
29792,NDPS,21,1,2
29792,ARMS,25,1,3
29793,IT,66D,1,1
29794,BNS,310,1,1
29794,BNS,305,1,2
29794,BNS,316,1,3
29795,BNS,305,1,1
29795,BNS,331,1,2
29795,BNS,316,1,3
29796,BNS,85,1,1
29796,BNS,64,1,2
29796,BNS,74,1,3
29797,BNS,64,1,1
29797,BNS,80,1,2
29797,BNS,78,1,3
29798,BNS,78,1,1
29798,BNS,85,1,2
29798,BNS,80,1,3
29799,BNS,331,1,1
29799,BNS,318,1,2
29800,BNS,305,1,1
29800,BNS,309,1,2
29801,BNS,316,1,1
29801,BNS,303,1,2
29802,BNS,309,1,1
29802,BNS,331,1,2
29803,MV,184,1,1
29803,MV,185,1,2
29804,BNS,115,1,1
29805,BNS,140,1,1
29805,BNS,78,1,2
29806,ARMS,25,1,1
29806,EXCISE,32,1,2
29807,BNS,305,1,1
29807,BNS,316,1,2
29807,BNS,310,1,3
29808,BNS,331,1,1
29808,BNS,309,1,2
29809,BNS,309,1,1
29809,BNS,331,1,2
29809,BNS,310,1,3
29810,BNS,309,1,1
29810,BNS,316,1,2
29810,BNS,310,1,3
29811,BNS,105,1,1
29811,BNS,118,1,2
29812,BNS,140,1,1
29812,POCSO,4,1,2
29813,ARMS,27,1,1
29814,POCSO,8,1,1
29814,POCSO,4,1,2
29815,BNS,189,1,1
29815,BNS,112,1,2
29815,BNS,351,1,3
29816,BNS,310,1,1
29816,BNS,309,1,2
29816,BNS,305,1,3
29817,MV,185,1,1
29818,NDPS,21,1,1
29818,NDPS,20,1,2
29818,EXCISE,32,1,3
29819,BNS,140,1,1
29819,POCSO,8,1,2
29820,BNS,318,1,1
29820,IT,66D,1,2
29820,BNS,338,1,3
29821,IT,66D,1,1
29821,BNS,318,1,2
29822,BNS,74,1,1
29822,BNS,80,1,2
29822,BNS,78,1,3
29823,MV,185,1,1
29823,MV,184,1,2
29824,BNS,309,1,1
29825,BNS,338,1,1
29825,IT,66D,1,2
29825,BNS,318,1,3
29826,BNS,316,1,1
29827,BNS,305,1,1
29827,BNS,331,1,2
29828,BNS,118,1,1
29828,BNS,109,1,2
29828,BNS,115,1,3
29829,BNS,112,1,1
29829,BNS,351,1,2
29829,BNS,191,1,3
29830,BNS,316,1,1
29830,BNS,331,1,2
29830,BNS,303,1,3
29831,BNS,112,1,1
29832,BNS,303,1,1
29832,BNS,316,1,2
29832,BNS,305,1,3
29833,IT,66D,1,1
29833,IT,66,1,2
29834,BNS,103,1,1
29834,BNS,118,1,2
29834,BNS,109,1,3
29835,BNS,140,1,1
29835,BNS,80,1,2
29836,BNS,310,1,1
29836,BNS,331,1,2
29836,BNS,303,1,3
29837,IT,66D,1,1
29837,BNS,318,1,2
29837,BNS,338,1,3
29838,BNS,303,1,1
29839,BNS,351,1,1
29839,BNS,191,1,2
29840,MV,184,1,1
29840,MV,185,1,2
29841,BNS,118,1,1
29842,BNS,103,1,1
29843,BNS,305,1,1
29844,BNS,109,1,1
29845,MV,184,1,1
29845,MV,185,1,2
29846,EXCISE,32,1,1
29847,BNS,309,1,1
29848,BNS,305,1,1
29848,BNS,303,1,2
29849,BNS,309,1,1
29849,BNS,331,1,2
29849,BNS,316,1,3
29850,ARMS,27,1,1
29850,NDPS,8,1,2
29851,BNS,318,1,1
29852,BNS,309,1,1
29853,BNS,318,1,1
29854,NDPS,21,1,1
29854,EXCISE,32,1,2
29855,BNS,331,1,1
29855,BNS,310,1,2
29856,MV,184,1,1
29857,BNS,78,1,1
29857,BNS,74,1,2
29857,BNS,64,1,3
29858,BNS,103,1,1
29858,BNS,109,1,2
29859,BNS,118,1,1
29859,BNS,105,1,2
29859,BNS,115,1,3
29861,BNS,316,1,1
29861,BNS,303,1,2
29861,BNS,318,1,3
29862,BNS,115,1,1
29863,BNS,331,1,1
29863,BNS,309,1,2
29863,BNS,318,1,3
29864,IT,66D,1,1
29865,BNS,310,1,1
29866,BNS,78,1,1
29866,BNS,140,1,2
29867,BNS,189,1,1
29867,BNS,191,1,2
29868,IT,66D,1,1
29869,EXCISE,32,1,1
29869,ARMS,25,1,2
29870,IT,66D,1,1
29871,BNS,310,1,1
29871,BNS,318,1,2
29872,BNS,191,1,1
29872,BNS,111,1,2
29872,BNS,196,1,3
29873,BNS,309,1,1
29874,BNS,140,1,1
29875,BNS,331,1,1
29875,BNS,310,1,2
29875,BNS,318,1,3
29876,NDPS,21,1,1
29876,NDPS,20,1,2
29877,NDPS,8,1,1
29877,EXCISE,32,1,2
29878,IT,66D,1,1
29878,BNS,318,1,2
29878,BNS,338,1,3
29879,BNS,316,1,1
29879,BNS,309,1,2
29879,BNS,303,1,3
29880,BNS,115,1,1
29881,BNS,331,1,1
29881,BNS,310,1,2
29881,BNS,309,1,3
29882,BNS,196,1,1
29883,BNS,318,1,1
29883,BNS,303,1,2
29883,BNS,310,1,3
29884,BNS,309,1,1
29884,BNS,331,1,2
29884,BNS,318,1,3
29885,BNS,78,1,1
29886,BNS,191,1,1
29886,BNS,189,1,2
29887,BNS,189,1,1
29888,EXCISE,32,1,1
29889,MV,184,1,1
29889,MV,185,1,2
29890,MV,185,1,1
29890,MV,184,1,2
29891,BNS,316,1,1
29892,BNS,338,1,1
29892,BNS,318,1,2
29892,IT,66D,1,3
29893,MV,185,1,1
29893,MV,184,1,2
29894,PC,7,1,1
29895,MV,184,1,1
29896,BNS,316,1,1
29896,BNS,305,1,2
29896,BNS,310,1,3
29897,BNS,303,1,1
29897,BNS,316,1,2
29897,BNS,309,1,3
29898,BNS,196,1,1
29898,BNS,112,1,2
29899,BNS,310,1,1
29900,BNS,318,1,1
29900,IT,66D,1,2
29901,BNS,310,1,1
29902,BNS,318,1,1
29902,BNS,305,1,2
29903,ARMS,27,1,1
29903,EXCISE,32,1,2
29903,NDPS,21,1,3
29904,BNS,74,1,1
29905,MV,184,1,1
29905,MV,185,1,2
29908,NDPS,20,1,1
29908,ARMS,25,1,2
29909,BNS,318,1,1
29909,BNS,338,1,2
29910,BNS,303,1,1
29910,BNS,310,1,2
29911,BNS,303,1,1
29911,BNS,316,1,2
29911,BNS,310,1,3
29912,IT,66D,1,1
29912,BNS,318,1,2
29913,BNS,80,1,1
29913,BNS,64,1,2
29914,ARMS,27,1,1
29914,NDPS,21,1,2
29915,BNS,305,1,1
29916,BNS,310,1,1
29918,BNS,310,1,1
29919,BNS,103,1,1
29919,BNS,109,1,2
29919,BNS,115,1,3
29921,IT,66C,1,1
29922,BNS,316,1,1
29922,BNS,305,1,2
29922,BNS,309,1,3
29923,BNS,305,1,1
29923,BNS,316,1,2
29924,BNS,118,1,1
29924,BNS,103,1,2
29924,BNS,109,1,3
29925,BNS,351,1,1
29926,BNS,318,1,1
29926,BNS,309,1,2
29926,BNS,316,1,3
29927,BNS,318,1,1
29928,MV,185,1,1
29928,MV,184,1,2
29929,BNS,305,1,1
29929,BNS,310,1,2
29930,BNS,310,1,1
29931,BNS,303,1,1
29931,BNS,310,1,2
29931,BNS,305,1,3
29933,BNS,316,1,1
29934,IT,66D,1,1
29934,BNS,318,1,2
29934,BNS,338,1,3
29935,BNS,140,1,1
29935,BNS,74,1,2
29936,BNS,309,1,1
29936,BNS,316,1,2
29937,BNS,351,1,1
29938,BNS,318,1,1
29938,BNS,338,1,2
29938,IT,66D,1,3
29939,BNS,78,1,1
29939,BNS,80,1,2
29939,BNS,140,1,3
29941,BNS,316,1,1
29942,BNS,305,1,1
29943,BNS,78,1,1
29944,BNS,316,1,1
29945,BNS,103,1,1
29945,BNS,115,1,2
29945,BNS,109,1,3
29946,BNS,78,1,1
29946,BNS,64,1,2
29946,BNS,80,1,3
29947,BNS,112,1,1
29947,BNS,189,1,2
29948,BNS,80,1,1
29949,BNS,80,1,1
29949,BNS,85,1,2
29950,BNS,331,1,1
29950,BNS,318,1,2
29951,BNS,318,1,1
29951,BNS,305,1,2
29952,BNS,303,1,1
29954,BNS,103,1,1
29954,BNS,115,1,2
29954,BNS,118,1,3
29955,BNS,310,1,1
29955,BNS,318,1,2
29955,BNS,309,1,3
29956,BNS,111,1,1
29956,BNS,191,1,2
29956,BNS,196,1,3
29958,BNS,338,1,1
29959,BNS,331,1,1
29960,BNS,305,1,1
29960,BNS,309,1,2
29961,BNS,103,1,1
29961,BNS,109,1,2
29961,BNS,118,1,3
29962,BNS,105,1,1
29962,BNS,103,1,2
29962,BNS,115,1,3
29963,BNS,64,1,1
29963,BNS,78,1,2
29963,BNS,74,1,3
29964,BNS,309,1,1
29965,BNS,318,1,1
29965,BNS,305,1,2
29966,BNS,310,1,1
29966,BNS,331,1,2
29966,BNS,316,1,3
29967,BNS,338,1,1
29967,IT,66D,1,2
29967,BNS,318,1,3
29968,BNS,316,1,1
29968,BNS,303,1,2
29969,BNS,305,1,1
29969,BNS,303,1,2
29969,BNS,331,1,3
29970,BNS,85,1,1
29972,BNS,316,1,1
29973,BNS,103,1,1
29973,BNS,109,1,2
29974,MV,185,1,1
29974,MV,184,1,2
29975,BNS,318,1,1
29976,BNS,318,1,1
29976,BNS,310,1,2
29976,BNS,309,1,3
29978,BNS,316,1,1
29978,BNS,318,1,2
29979,BNS,85,1,1
29981,BNS,338,1,1
29981,IT,66D,1,2
29982,MV,184,1,1
29982,MV,185,1,2
29983,BNS,196,1,1
29984,BNS,305,1,1
29985,MV,185,1,1
29986,BNS,191,1,1
29986,BNS,112,1,2
29987,BNS,331,1,1
29987,BNS,309,1,2
29988,BNS,318,1,1
29988,BNS,309,1,2
29988,BNS,303,1,3
29989,IT,66,1,1
29989,IT,66D,1,2
29989,IT,66C,1,3
29990,BNS,316,1,1
29990,BNS,310,1,2
29992,EXCISE,32,1,1
29992,NDPS,20,1,2
29992,NDPS,8,1,3
29993,BNS,140,1,1
29993,BNS,78,1,2
29993,BNS,85,1,3
29994,BNS,80,1,1
29994,BNS,74,1,2
29994,BNS,85,1,3
29995,MV,185,1,1
29996,BNS,303,1,1
29997,BNS,309,1,1
29998,BNS,109,1,1
29998,BNS,115,1,2
29998,BNS,103,1,3
29999,BNS,78,1,1
29999,BNS,85,1,2
30000,BNS,331,1,1
30000,BNS,310,1,2
30000,BNS,316,1,3
