CSID,CaseMasterID,csdate,cstype,PolicePersonID
1,2,2025-12-27,B,11342
2,3,2025-03-01,C,3419
3,4,2025-09-08,C,2205
4,7,2025-06-22,A,9201
5,8,2025-11-28,B,1589
6,9,2026-03-25,A,2405
7,10,2025-08-04,A,9079
8,11,2025-03-16,B,9532
9,12,2025-07-06,A,2667
10,13,2025-12-19,A,1525
11,14,2025-12-30,A,6835
12,15,2026-02-17,C,9298
13,17,2025-09-25,C,4966
14,18,2025-05-13,A,2665
15,19,2025-10-12,A,6227
16,20,2025-10-21,A,1914
17,21,2025-09-14,A,2385
18,22,2025-10-22,A,5423
19,23,2025-08-30,C,11143
20,25,2025-06-06,A,1961
21,26,2025-06-20,B,2205
22,27,2026-01-22,A,9200
23,28,2025-10-21,A,2664
24,29,2025-07-06,A,2571
25,33,2025-04-01,A,4275
26,34,2025-10-02,A,4275
27,36,2026-03-06,A,3402
28,38,2025-09-28,A,2202
29,40,2025-06-13,A,2523
30,41,2025-04-14,A,9650
31,43,2025-11-17,A,11840
32,44,2025-10-24,A,6981
33,45,2025-07-06,C,2258
34,46,2025-07-31,A,10459
35,47,2026-01-05,A,2182
36,49,2025-02-17,A,8482
37,52,2025-11-05,A,3510
38,53,2025-08-02,C,2259
39,54,2025-09-27,A,2451
40,55,2025-06-16,A,2284
41,56,2025-06-08,A,2406
42,57,2025-11-06,A,11553
43,58,2025-06-08,A,3729
44,62,2025-08-18,A,2451
45,63,2025-11-19,A,10069
46,65,2025-03-31,C,2665
47,66,2025-03-31,C,2963
48,67,2025-05-06,A,5638
49,71,2025-08-30,A,9157
50,72,2025-12-28,C,2357
51,73,2025-09-01,A,2791
52,74,2025-03-18,A,8959
53,75,2025-07-27,C,7386
54,76,2025-12-21,A,2984
55,77,2025-06-22,A,9250
56,79,2025-07-09,A,4374
57,80,2025-11-07,A,10028
58,81,2025-07-26,C,4673
59,82,2025-12-13,A,2690
60,83,2025-07-22,C,11650
61,84,2026-01-09,A,8632
62,85,2025-04-21,A,2183
63,86,2025-06-02,A,5187
64,87,2026-01-16,A,2181
65,88,2026-01-24,A,4700
66,89,2025-05-09,A,8936
67,91,2025-08-23,B,6341
68,93,2025-09-04,C,3559
69,94,2026-02-19,A,10305
70,95,2025-11-25,A,8270
71,99,2025-10-17,A,4353
72,100,2025-08-08,A,11889
73,102,2025-06-23,A,10488
74,103,2025-12-03,A,2182
75,105,2025-02-28,A,9901
76,107,2025-04-01,B,3492
77,108,2025-08-29,A,8017
78,110,2025-12-29,A,1888
79,112,2025-11-29,A,4329
80,113,2025-08-08,A,2282
81,114,2025-09-21,A,1139
82,115,2025-07-17,A,4471
83,116,2025-07-25,A,2358
84,117,2025-09-12,A,9077
85,118,2025-02-22,A,2356
86,119,2025-08-12,A,556
87,121,2026-01-01,A,3166
88,122,2025-08-16,C,9691
89,123,2025-10-03,C,5444
90,124,2025-09-03,A,10302
91,125,2025-07-05,A,10944
92,126,2026-04-03,B,1441
93,127,2025-11-24,C,2594
94,128,2025-04-17,A,2202
95,129,2025-08-09,A,11068
96,130,2026-01-05,A,7520
97,132,2026-01-26,A,11511
98,134,2025-07-28,B,10204
99,135,2026-02-14,B,11039
100,136,2025-07-16,A,6298
101,139,2025-10-03,A,4330
102,140,2026-01-26,B,2310
103,141,2025-08-22,A,6812
104,142,2026-01-05,A,1763
105,143,2025-05-14,A,2665
106,144,2025-07-14,A,2666
107,145,2026-03-02,A,9128
108,146,2025-11-30,C,384
109,147,2025-07-14,A,2231
110,148,2025-09-21,A,2203
111,149,2025-08-21,C,6929
112,150,2026-03-13,A,10324
113,151,2025-04-26,A,4374
114,152,2025-06-27,A,9782
115,153,2025-07-02,A,3264
116,154,2025-08-23,A,4401
117,157,2025-07-08,C,10177
118,158,2026-02-08,A,6175
119,159,2025-12-17,A,2433
120,161,2025-07-18,A,2911
121,163,2026-01-19,A,7436
122,164,2025-12-21,A,9669
123,165,2025-06-01,C,6363
124,166,2025-06-10,A,2231
125,168,2025-06-17,A,2451
126,169,2025-08-26,A,2594
127,170,2026-05-04,A,2205
128,171,2026-02-03,A,10091
129,172,2026-01-04,A,9651
130,173,2025-06-08,B,9127
131,174,2025-05-02,C,10771
132,176,2025-12-30,A,2474
133,177,2025-06-03,B,989
134,178,2025-07-04,B,683
135,179,2025-12-21,A,6690
136,180,2025-07-03,A,3010
137,181,2025-07-21,A,5541
138,182,2025-09-03,A,9823
139,183,2025-06-02,A,2205
140,184,2025-12-07,A,2615
141,185,2025-08-21,A,9560
142,186,2025-04-14,C,526
143,187,2025-10-07,A,10943
144,189,2025-05-18,A,810
145,190,2026-02-10,C,2336
146,193,2025-07-28,A,1761
147,194,2025-05-14,A,1287
148,196,2025-06-05,C,2183
149,197,2026-03-27,C,2451
150,198,2026-02-01,A,9006
151,199,2025-06-10,A,3582
152,200,2025-04-02,A,8119
153,201,2025-03-20,B,2643
154,202,2025-07-03,A,2311
155,203,2025-08-24,C,1632
156,204,2025-02-22,A,9709
157,207,2025-11-02,A,2404
158,208,2025-08-03,A,4594
159,209,2025-08-02,A,7573
160,210,2025-07-03,A,4249
161,211,2025-07-02,A,6436
162,214,2025-08-17,A,6382
163,216,2025-06-02,A,2230
164,219,2025-12-16,C,6836
165,221,2025-12-27,B,6783
166,222,2025-07-04,A,7387
167,223,2025-09-26,A,2450
168,224,2025-08-22,C,10919
169,226,2025-08-13,A,2595
170,228,2025-11-23,C,10535
171,229,2025-06-18,A,9950
172,230,2025-08-08,A,5636
173,231,2025-01-27,A,1662
174,232,2025-10-11,B,4159
175,238,2025-06-11,A,7573
176,239,2025-06-17,A,742
177,240,2025-12-23,A,10160
178,241,2025-12-16,A,1961
179,242,2025-06-28,A,9692
180,243,2026-04-04,A,9802
181,246,2025-03-25,A,2181
182,247,2025-07-18,A,2812
183,249,2025-05-26,A,6691
184,251,2025-03-02,A,2180
185,252,2025-06-05,C,11650
186,253,2025-10-19,A,10853
187,254,2025-11-22,A,10636
188,255,2025-10-05,A,11037
189,256,2026-01-21,A,2205
190,257,2025-07-24,C,9922
191,258,2025-10-07,A,7314
192,259,2025-04-01,A,10395
193,260,2025-06-21,A,8147
194,261,2025-07-10,A,9876
195,262,2025-12-21,C,9200
196,263,2025-06-20,A,5608
197,264,2025-06-09,C,7518
198,266,2025-09-05,A,2182
199,267,2025-08-16,C,9127
200,268,2026-01-01,C,1484
201,269,2025-05-13,A,2337
202,271,2025-08-06,A,3936
203,272,2025-10-24,A,1421
204,273,2025-12-29,A,2523
205,275,2025-07-30,A,5402
206,276,2025-07-18,A,5895
207,277,2025-07-19,C,10353
208,279,2025-06-14,C,2667
209,281,2025-05-19,A,4648
210,282,2025-10-29,A,6811
211,283,2025-06-10,A,2080
212,285,2025-04-18,A,11289
213,286,2025-05-20,A,10822
214,288,2025-12-12,A,2159
215,290,2025-10-26,C,4523
216,291,2026-04-08,A,11070
217,292,2026-02-11,A,1090
218,293,2025-10-02,A,5849
219,295,2026-02-09,A,406
220,296,2026-01-07,C,4202
221,299,2025-09-29,C,2616
222,300,2025-06-05,C,7289
223,302,2025-06-04,A,8979
224,303,2025-08-23,A,2572
225,304,2025-12-19,A,8936
226,305,2025-07-19,B,8979
227,307,2025-06-04,C,8534
228,308,2025-05-30,C,767
229,309,2025-04-29,A,2594
230,310,2026-04-17,A,2834
231,311,2025-06-12,B,10851
232,313,2025-09-02,A,6715
233,314,2025-05-23,A,9530
234,315,2025-04-25,A,8197
235,316,2025-03-31,A,1632
236,317,2025-05-29,A,10201
237,318,2026-02-20,A,8789
238,319,2025-07-07,C,2311
239,322,2025-06-29,C,1014
240,323,2025-04-29,A,9278
241,324,2026-03-23,A,2495
242,326,2025-07-29,A,9230
243,327,2025-12-23,A,10750
244,328,2026-01-01,C,4649
245,329,2025-05-11,C,3957
246,331,2025-10-03,A,1862
247,332,2025-11-03,A,8247
248,334,2025-10-13,A,4778
249,335,2025-11-07,A,2522
250,336,2025-08-20,A,9251
251,338,2025-10-17,A,8837
252,339,2025-10-10,A,3535
253,340,2025-07-08,A,8788
254,341,2025-04-26,A,2405
255,342,2025-07-23,C,11268
256,343,2025-12-06,A,4525
257,344,2025-06-03,A,3073
258,345,2026-02-13,A,3381
259,346,2025-08-08,C,2476
260,347,2025-12-23,A,6953
261,348,2026-02-18,B,2495
262,349,2025-05-22,A,2615
263,351,2025-04-09,A,2523
264,352,2026-01-28,C,9230
265,353,2025-06-20,A,1609
266,354,2025-02-13,C,6035
267,355,2025-10-04,A,1815
268,356,2025-09-14,C,2182
269,357,2025-06-23,C,2571
270,358,2025-10-02,A,6229
271,359,2025-06-04,A,578
272,360,2025-12-09,C,2258
273,361,2025-08-09,A,8534
274,362,2025-04-29,A,8659
275,363,2025-11-05,A,9057
276,364,2025-07-11,A,5636
277,365,2025-05-09,A,8484
278,366,2025-06-16,B,3510
279,367,2025-04-30,A,2643
280,368,2025-12-13,A,9231
281,369,2026-01-14,C,2689
282,370,2025-11-13,A,2282
283,371,2025-11-21,A,11068
284,372,2025-04-16,A,2338
285,373,2026-01-15,A,8510
286,374,2026-03-26,A,2258
287,375,2026-02-16,A,9691
288,377,2026-01-02,A,11236
289,379,2026-01-20,A,9878
290,380,2025-08-12,A,4943
291,382,2025-12-04,A,3241
292,383,2025-11-07,A,10853
293,384,2025-05-08,A,6930
294,385,2025-11-27,A,10586
295,386,2026-01-03,A,811
296,387,2025-06-26,A,2335
297,388,2025-05-15,A,10353
298,390,2025-06-12,B,5056
299,392,2025-11-26,A,406
300,393,2025-04-27,C,1014
301,394,2025-06-01,B,4330
302,395,2025-09-15,A,2432
303,396,2025-06-07,A,10302
304,398,2025-08-12,C,2382
305,399,2026-01-04,A,1862
306,400,2025-07-30,A,3263
307,401,2025-12-08,A,11578
308,402,2025-08-14,C,10159
309,403,2025-10-10,A,5281
310,405,2025-09-22,C,6548
311,409,2025-12-15,C,10201
312,410,2025-02-17,A,4038
313,411,2025-05-15,C,2231
314,412,2025-10-27,A,4567
315,413,2025-11-20,A,4850
316,414,2026-01-20,A,2666
317,415,2025-06-29,A,2106
318,416,2026-04-28,B,8338
319,417,2025-03-07,C,10117
320,418,2026-01-26,A,6735
321,419,2025-03-30,A,2258
322,420,2025-11-10,A,3581
323,422,2025-10-29,A,11011
324,424,2025-04-19,A,2667
325,425,2025-11-23,A,6734
326,427,2025-08-27,A,3959
327,428,2025-08-24,A,2204
328,429,2025-04-09,A,3167
329,430,2025-11-03,C,9253
330,431,2025-08-12,A,2183
331,432,2025-06-30,A,2814
332,434,2025-08-16,A,2338
333,435,2025-03-08,A,2258
334,436,2025-05-29,A,4247
335,437,2025-06-02,A,9388
336,438,2025-07-15,A,9079
337,439,2025-07-31,A,2203
338,441,2025-12-14,A,2338
339,442,2025-05-08,A,7103
340,443,2025-10-06,C,8197
341,445,2025-11-01,A,2182
342,446,2025-07-14,A,2385
343,447,2025-03-15,A,11744
344,450,2025-10-22,A,2312
345,454,2025-08-20,A,3402
346,455,2025-10-23,C,9779
347,456,2025-08-31,A,2383
348,457,2025-10-02,A,8320
349,458,2025-12-03,A,2643
350,459,2025-05-29,A,6415
351,460,2025-09-21,A,9975
352,461,2025-08-21,A,2282
353,463,2025-11-30,B,11533
354,464,2025-08-07,A,9389
355,465,2025-05-15,A,10204
356,467,2025-12-21,C,2180
357,469,2025-12-03,A,9691
358,470,2025-03-03,C,2004
359,471,2026-02-26,A,10896
360,472,2025-10-06,A,10852
361,474,2025-09-21,C,8809
362,476,2025-08-21,A,2938
363,477,2025-08-25,A,9824
364,478,2025-10-17,A,5541
365,480,2026-02-02,A,2450
366,481,2025-12-27,A,1834
367,482,2025-05-01,C,6735
368,483,2025-08-08,A,2616
369,484,2025-09-23,A,7386
370,485,2026-01-02,C,3493
371,486,2025-09-23,A,2337
372,487,2025-08-13,A,5689
373,489,2025-10-01,A,11800
374,492,2025-07-22,A,4302
375,494,2025-07-05,B,2180
376,495,2025-05-31,A,2182
377,497,2025-05-31,A,5608
378,498,2026-02-07,B,11839
379,500,2025-12-01,A,8195
380,501,2025-05-01,C,4942
381,503,2026-01-11,A,2451
382,504,2025-06-05,A,11718
383,505,2025-11-16,A,1962
384,507,2025-05-30,A,5352
385,508,2025-12-03,A,11166
386,509,2025-10-16,A,2553
387,510,2025-07-09,A,838
388,511,2025-06-30,A,9998
389,515,2025-05-24,A,2203
390,516,2025-07-17,A,2553
391,517,2025-06-01,A,7006
392,518,2025-10-22,A,2572
393,520,2025-03-28,B,2740
394,521,2025-04-13,A,2710
395,522,2025-11-18,C,1014
396,524,2025-07-15,A,9924
397,525,2025-09-22,A,8511
398,526,2025-08-18,C,7521
399,527,2025-03-14,C,2740
400,528,2025-05-29,A,6782
401,530,2025-08-13,A,8220
402,531,2025-05-28,A,10133
403,532,2025-08-13,C,8934
404,533,2026-03-01,A,8222
405,534,2026-01-17,A,10676
406,535,2025-09-03,A,9278
407,536,2025-10-06,C,2615
408,537,2025-07-18,A,4722
409,538,2025-10-06,A,1568
410,539,2025-06-01,C,3330
411,541,2026-04-13,B,2357
412,542,2025-02-25,A,5586
413,543,2025-05-03,A,2616
414,544,2025-08-28,A,2553
415,545,2025-09-24,A,2358
416,546,2025-11-24,A,5736
417,547,2026-01-31,B,3812
418,548,2026-01-03,A,3704
419,549,2025-10-28,A,8679
420,550,2025-10-18,A,6735
421,551,2025-07-14,A,6078
422,555,2025-05-17,A,1834
423,556,2025-08-17,A,6691
424,557,2025-04-16,A,9922
425,558,2025-06-18,A,8223
426,560,2025-09-22,C,9736
427,564,2026-05-04,C,2357
428,565,2025-10-04,A,646
429,566,2025-12-31,A,10458
430,567,2025-08-30,A,11554
431,568,2025-03-28,A,4523
432,569,2025-11-18,A,5662
433,570,2025-04-10,A,9176
434,572,2025-09-09,A,8412
435,576,2025-06-18,A,9102
436,577,2025-02-22,A,11067
437,580,2025-08-21,A,8248
438,581,2025-04-30,A,6382
439,582,2025-05-05,A,4304
440,583,2025-12-02,A,3010
441,584,2026-04-04,A,1113
442,585,2025-07-03,A,10415
443,586,2025-04-29,C,2338
444,587,2025-04-26,A,862
445,588,2026-01-19,A,1862
446,589,2025-07-29,A,5720
447,590,2025-06-24,A,810
448,591,2026-02-16,A,9006
449,592,2025-07-05,A,8835
450,593,2025-12-02,A,578
451,595,2025-09-07,A,2665
452,597,2025-05-05,A,9670
453,598,2025-12-07,A,1163
454,601,2025-04-26,B,1139
455,603,2026-01-20,A,2572
456,604,2025-11-07,A,2473
457,605,2025-12-12,A,2494
458,606,2025-06-10,A,7740
459,608,2025-07-25,B,7694
460,609,2025-06-05,B,10656
461,611,2026-02-04,A,5375
462,612,2025-10-29,A,2433
463,613,2025-08-19,A,6667
464,614,2025-10-21,A,1525
465,615,2025-08-31,A,2384
466,619,2025-08-22,A,2858
467,620,2025-02-16,A,2338
468,621,2025-06-19,C,4567
469,623,2025-05-10,A,9847
470,624,2025-12-19,A,4993
471,625,2025-06-27,A,11365
472,627,2026-01-09,A,6249
473,628,2025-06-15,A,3418
474,629,2025-03-26,A,2432
475,630,2025-12-05,A,4228
476,631,2025-06-24,A,11939
477,632,2025-05-04,A,2936
478,633,2025-10-12,A,10719
479,634,2025-11-09,C,5305
480,635,2025-05-03,A,3029
481,636,2025-05-05,A,1162
482,637,2025-07-14,A,1570
483,638,2025-01-27,C,9825
484,639,2025-04-04,B,2159
485,640,2025-08-23,A,2335
486,641,2025-06-02,A,2159
487,642,2025-07-07,A,1661
488,643,2026-03-10,A,2665
489,644,2025-10-06,A,2231
490,645,2025-09-19,A,3418
491,646,2025-12-26,A,2310
492,650,2025-06-15,A,2594
493,651,2025-12-25,A,2664
494,653,2025-07-18,A,2790
495,654,2025-06-29,A,2405
496,656,2025-12-31,A,4918
497,657,2025-06-21,C,2665
498,658,2025-10-18,A,2204
499,659,2025-03-13,A,9201
500,661,2025-10-19,C,2205
501,662,2025-12-01,A,11291
502,663,2025-06-21,B,2405
503,664,2025-06-01,A,1632
504,665,2025-07-29,A,2357
505,666,2025-10-09,B,1307
506,667,2025-10-18,A,11403
507,668,2025-05-04,A,2432
508,669,2025-09-18,A,2642
509,670,2025-08-10,C,1813
510,672,2025-10-11,C,5466
511,673,2026-01-05,A,10324
512,674,2025-04-28,C,3073
513,676,2025-05-24,A,4401
514,677,2025-11-17,A,6548
515,678,2025-12-12,A,4522
516,679,2025-08-18,A,2358
517,680,2025-07-07,C,5402
518,681,2025-12-26,A,11121
519,682,2025-05-08,A,5252
520,683,2025-12-16,A,3581
521,684,2026-01-02,C,1141
522,685,2025-05-28,A,11364
523,686,2025-03-22,A,382
524,687,2025-07-29,A,683
525,690,2025-06-25,B,2594
526,692,2026-01-17,A,9691
527,693,2025-03-07,B,2572
528,694,2026-02-17,A,5444
529,695,2025-05-28,A,2283
530,696,2025-08-15,A,9974
531,697,2025-09-21,C,7600
532,698,2025-10-07,A,7316
533,699,2026-01-17,A,6100
534,701,2026-04-06,C,8065
535,702,2025-06-23,C,9736
536,703,2026-04-13,A,2311
537,704,2025-12-29,A,2284
538,705,2026-01-13,C,2615
539,706,2026-01-03,A,8934
540,707,2025-05-27,A,9949
541,709,2025-10-08,A,5421
542,710,2025-06-24,A,9057
543,711,2025-10-28,A,8911
544,712,2025-12-21,A,8737
545,713,2025-10-28,A,4524
546,714,2026-02-03,A,6912
547,715,2025-07-15,A,2664
548,716,2026-01-27,A,4746
549,717,2025-08-12,C,501
550,718,2025-09-28,A,3915
551,719,2025-09-15,A,1984
552,722,2025-12-13,A,6055
553,724,2026-02-24,A,2104
554,726,2025-08-02,A,3263
555,727,2025-09-08,B,8095
556,728,2025-12-03,A,8735
557,729,2025-03-05,B,10720
558,731,2026-02-15,A,5123
559,733,2025-06-28,A,3538
560,734,2025-08-25,A,8247
561,735,2025-08-29,A,4801
562,736,2025-08-05,A,9671
563,737,2025-04-09,A,2160
564,738,2025-09-24,A,8735
565,739,2025-11-02,A,9825
566,740,2026-01-18,A,8147
567,741,2025-11-26,C,2431
568,742,2025-08-30,A,6836
569,744,2025-12-19,A,2642
570,745,2025-11-12,C,11451
571,748,2025-02-21,A,6982
572,750,2025-08-23,A,6276
573,751,2025-06-14,A,3705
574,752,2025-12-01,A,11068
575,753,2025-12-09,A,2615
576,754,2025-05-25,A,4274
577,755,2025-12-17,A,580
578,757,2025-10-12,C,6981
579,758,2025-07-14,A,2181
580,760,2025-10-20,A,8413
581,761,2025-09-07,C,3097
582,763,2025-07-03,C,2553
583,764,2025-07-09,C,431
584,765,2025-12-11,C,8861
585,767,2025-08-18,A,2284
586,770,2025-08-22,A,9924
587,771,2025-03-19,A,2496
588,772,2025-07-22,A,3467
589,774,2025-07-29,A,2616
590,775,2026-04-15,A,3009
591,778,2025-05-29,C,2595
592,779,2025-08-18,A,10873
593,780,2025-11-16,A,8935
594,781,2025-04-01,A,2666
595,783,2025-08-22,C,10202
596,784,2025-11-20,C,8611
597,786,2025-05-07,A,6981
598,787,2026-05-03,A,2451
599,788,2025-09-06,A,2450
600,789,2025-08-09,A,8016
601,790,2025-07-21,C,5422
602,791,2025-12-07,A,6482
603,794,2025-06-27,A,4303
604,795,2025-02-19,A,7573
605,796,2025-04-30,C,11626
606,797,2026-03-04,A,2336
607,800,2026-01-15,B,4470
608,802,2025-09-15,A,11095
609,804,2025-10-29,A,2432
610,805,2026-02-02,A,9410
611,806,2025-08-14,A,5981
612,807,2025-12-03,A,5253
613,809,2026-02-08,A,3676
614,811,2025-11-27,A,2432
615,812,2025-06-17,C,2474
616,813,2025-09-02,A,6952
617,815,2025-11-06,A,2356
618,817,2025-01-24,A,1524
619,819,2025-05-18,A,6810
620,820,2026-02-17,A,9057
621,821,2025-11-18,A,2284
622,822,2026-02-18,C,1568
623,823,2025-11-27,A,2595
624,825,2025-12-30,B,2886
625,826,2025-12-07,A,1015
626,827,2025-06-18,A,9007
627,829,2025-06-28,A,8836
628,830,2025-11-14,C,10657
629,832,2025-02-24,A,2283
630,834,2025-12-03,C,2665
631,835,2025-06-10,A,9974
632,836,2025-09-09,A,10117
633,837,2025-10-24,C,6250
634,838,2025-03-21,A,2259
635,839,2025-03-12,A,6008
636,842,2025-12-24,A,557
637,843,2026-03-28,A,838
638,845,2025-10-20,C,5588
639,846,2026-02-05,C,2938
640,847,2025-08-18,A,9200
641,848,2025-02-14,A,5608
642,850,2025-10-24,A,7622
643,851,2026-01-28,A,3536
644,856,2025-03-19,A,2335
645,857,2025-11-29,A,2003
646,858,2025-09-09,A,2572
647,859,2025-06-11,A,9231
648,860,2025-12-20,C,2358
649,861,2026-03-25,B,1162
650,862,2025-12-20,A,8862
651,863,2025-04-21,A,6461
652,864,2026-01-15,A,8981
653,866,2025-12-16,C,10944
654,867,2025-08-14,A,2356
655,868,2025-12-20,A,9825
656,869,2025-08-17,A,4065
657,870,2025-10-12,C,4112
658,872,2025-04-22,C,10250
659,873,2025-11-10,B,6811
660,874,2025-06-21,A,2712
661,875,2025-02-06,A,1588
662,876,2025-07-15,A,2357
663,877,2025-05-05,A,2475
664,878,2025-04-20,A,6756
665,879,2025-04-10,A,9101
666,880,2025-09-05,B,2404
667,881,2025-04-02,C,2384
668,882,2025-09-27,A,1608
669,883,2025-06-10,A,9923
670,884,2025-07-04,A,2431
671,886,2025-05-03,A,7314
672,887,2025-11-19,C,2384
673,888,2025-12-16,A,2615
674,889,2025-07-19,A,2004
675,890,2025-09-03,A,2356
676,891,2025-11-14,A,8612
677,892,2025-12-16,B,11451
678,895,2026-04-10,A,8768
679,896,2025-11-15,A,6297
680,898,2025-07-01,C,4495
681,899,2025-07-27,A,8063
682,900,2025-05-10,B,2523
683,901,2025-11-07,A,2284
684,902,2026-03-01,C,1399
685,903,2026-02-09,A,9974
686,904,2025-07-21,A,4849
687,905,2025-06-23,A,2335
688,906,2025-06-06,A,10202
689,907,2025-10-06,A,4113
690,908,2025-05-13,C,2180
691,909,2025-12-18,A,1261
692,910,2025-05-20,A,1610
693,911,2025-11-25,B,5585
694,913,2025-03-15,C,9902
695,914,2025-04-29,A,8936
696,915,2025-08-23,A,5329
697,916,2025-07-11,A,2667
698,917,2025-06-19,A,8678
699,918,2025-05-22,A,9316
700,920,2025-07-14,A,6756
701,921,2025-11-03,A,9077
702,922,2025-07-01,A,2404
703,923,2025-09-07,A,5402
704,924,2025-09-11,A,2312
705,925,2025-09-09,A,3466
706,926,2025-04-14,A,2615
707,927,2025-08-04,A,1982
708,928,2025-07-10,A,9156
709,931,2025-05-27,A,10202
710,933,2025-12-06,A,3381
711,934,2025-03-25,A,2258
712,935,2025-06-06,A,4524
713,936,2026-02-03,C,9998
714,937,2025-12-27,A,11343
715,938,2025-03-05,A,11166
716,939,2025-04-07,C,2791
717,940,2026-01-23,A,5689
718,941,2025-10-28,A,1787
719,942,2025-09-14,A,3602
720,944,2025-03-20,A,2181
721,945,2025-06-20,A,2181
722,946,2026-03-18,B,2231
723,947,2025-06-20,C,2183
724,948,2026-02-15,A,2338
725,949,2025-03-31,C,1211
726,950,2025-08-24,A,2404
727,951,2025-06-26,A,2336
728,952,2025-11-10,A,10584
729,953,2025-11-14,A,579
730,954,2025-06-10,B,1113
731,955,2025-07-01,A,2432
732,956,2025-10-25,A,9901
733,957,2025-03-28,A,9671
734,958,2025-12-22,A,2431
735,962,2025-05-27,C,10416
736,963,2025-07-06,A,2935
737,964,2026-02-16,A,4249
738,965,2025-04-11,A,2494
739,966,2025-10-29,C,9079
740,968,2025-10-19,A,9529
741,969,2025-04-07,A,8585
742,970,2025-06-24,A,2740
743,971,2025-06-15,A,1462
744,972,2025-03-09,A,407
745,973,2025-09-13,C,5422
746,975,2025-11-29,A,2230
747,976,2025-07-12,A,2711
748,978,2026-02-19,A,6715
749,979,2025-05-18,B,1288
750,981,2026-03-14,A,2383
751,982,2025-06-03,A,5421
752,983,2025-07-03,B,3510
753,985,2026-01-02,A,4619
754,986,2026-01-11,A,10028
755,987,2025-12-09,A,2496
756,988,2025-06-27,A,684
757,991,2026-02-27,C,1162
758,992,2025-08-01,A,5635
759,993,2025-07-28,C,5517
760,994,2025-08-07,A,2665
761,998,2025-06-29,C,2180
762,999,2025-08-12,A,2358
763,1002,2025-12-26,A,5739
764,1003,2025-12-05,A,2667
765,1005,2025-06-14,A,11491
766,1006,2025-06-09,A,10352
767,1007,2025-03-09,A,3071
768,1009,2025-09-01,A,5610
769,1010,2025-06-27,A,5517
770,1012,2025-11-08,A,1661
771,1013,2025-06-11,A,8093
772,1014,2025-06-25,A,11744
773,1015,2025-06-28,A,2180
774,1016,2025-07-06,A,3213
775,1017,2025-09-13,C,4374
776,1018,2025-10-24,A,10325
777,1019,2025-08-15,A,2182
778,1020,2025-10-19,B,556
779,1021,2025-04-03,A,2357
780,1023,2025-06-18,A,2284
781,1025,2025-07-29,A,7989
782,1026,2025-10-26,A,713
783,1028,2025-07-07,A,4009
784,1031,2025-07-31,A,2183
785,1032,2025-08-22,C,4373
786,1035,2025-10-06,C,9176
787,1038,2025-11-16,A,3535
788,1039,2025-11-04,A,4468
789,1040,2026-01-12,A,5016
790,1041,2026-02-19,A,11424
791,1042,2025-09-07,A,2312
792,1044,2025-05-22,A,8809
793,1045,2025-05-07,A,2984
794,1046,2025-06-30,B,2310
795,1047,2025-10-16,A,1330
796,1048,2025-05-29,A,8933
797,1049,2025-09-14,B,2451
798,1050,2025-04-23,A,3582
799,1051,2025-11-26,B,2160
800,1052,2025-04-11,B,2259
801,1054,2025-05-29,A,6867
802,1055,2025-03-31,A,10279
803,1057,2026-03-08,A,9229
804,1058,2025-07-19,A,9901
805,1059,2025-08-07,A,2666
806,1061,2025-09-03,C,2105
807,1062,2025-12-05,A,5636
808,1063,2025-07-14,A,3072
809,1064,2026-02-18,C,7916
810,1066,2025-10-03,A,6837
811,1067,2025-10-03,A,7574
812,1069,2025-09-21,A,6277
813,1070,2026-01-11,A,5186
814,1071,2025-10-09,A,2643
815,1073,2025-10-28,A,1815
816,1074,2025-08-18,C,8340
817,1075,2025-06-27,B,3727
818,1076,2025-08-12,A,10303
819,1078,2026-05-02,A,9029
820,1079,2025-07-23,B,2433
821,1080,2025-08-15,A,2312
822,1082,2025-07-01,A,9950
823,1085,2025-07-08,A,2230
824,1086,2025-08-03,A,9561
825,1087,2025-06-11,A,3958
826,1090,2025-10-11,A,5103
827,1091,2025-09-18,B,8705
828,1092,2025-03-22,A,8909
829,1093,2025-10-12,A,11606
830,1094,2025-10-20,A,2475
831,1095,2025-02-27,A,11289
832,1097,2025-10-27,A,8120
833,1098,2025-09-01,A,4184
834,1099,2025-08-12,A,4159
835,1101,2025-10-20,A,2337
836,1102,2025-07-12,A,5491
837,1103,2025-11-22,C,2183
838,1105,2026-01-29,A,2205
839,1107,2025-06-12,A,2474
840,1108,2025-11-27,A,7367
841,1109,2025-11-01,A,2476
842,1110,2026-01-25,A,1660
843,1111,2025-06-07,A,11491
844,1112,2025-07-31,A,8558
845,1113,2025-10-29,A,8837
846,1114,2025-08-09,A,9670
847,1115,2025-07-31,C,2258
848,1116,2025-11-06,A,2205
849,1118,2025-08-07,A,2335
850,1119,2025-08-21,A,8611
851,1120,2025-04-29,C,2204
852,1121,2026-01-03,A,11208
853,1123,2025-03-26,A,9691
854,1124,2025-11-22,B,5516
855,1125,2025-11-15,A,5146
856,1126,2025-10-22,A,2183
857,1127,2025-04-22,A,6929
858,1128,2025-12-23,A,3381
859,1129,2025-07-23,A,9364
860,1130,2025-07-02,A,2358
861,1131,2025-07-22,A,1569
862,1132,2025-08-01,C,5444
863,1133,2025-09-30,A,2337
864,1134,2025-04-08,A,2433
865,1136,2025-12-26,A,8766
866,1137,2025-10-24,C,2572
867,1138,2025-06-05,A,3186
868,1139,2025-12-27,B,4700
869,1140,2025-12-23,A,2358
870,1141,2025-07-07,A,2204
871,1142,2025-08-12,A,2358
872,1143,2025-02-19,B,2336
873,1145,2026-01-22,C,9877
874,1147,2025-05-14,B,11535
875,1150,2025-12-11,A,4821
876,1151,2025-05-20,A,10352
877,1152,2025-08-27,A,6098
878,1157,2025-12-04,C,4203
879,1158,2026-04-30,A,10178
880,1159,2025-10-21,A,5465
881,1160,2025-10-08,A,2384
882,1161,2025-07-29,C,7739
883,1162,2025-06-20,A,3728
884,1163,2026-03-19,A,2230
885,1164,2025-07-31,A,8511
886,1165,2025-10-07,A,11717
887,1166,2025-10-03,A,9899
888,1167,2025-04-24,A,6755
889,1168,2025-07-07,A,8884
890,1170,2025-04-12,A,502
891,1171,2025-11-12,A,10561
892,1172,2025-11-21,A,1113
893,1173,2025-04-20,A,1399
894,1174,2025-07-02,A,6951
895,1178,2025-12-14,A,8195
896,1179,2025-11-29,A,2310
897,1180,2025-06-01,A,2433
898,1181,2025-07-23,A,8981
899,1182,2025-10-31,A,6363
900,1183,2025-09-09,A,4373
901,1184,2025-07-26,B,2616
902,1185,2025-11-03,A,2473
903,1186,2026-05-16,A,2666
904,1187,2026-01-09,B,2496
905,1188,2025-04-23,B,2553
906,1190,2025-09-14,A,2553
907,1192,2025-04-30,C,4522
908,1193,2025-08-31,A,3581
909,1194,2025-12-05,C,3786
910,1196,2025-10-10,A,3809
911,1197,2025-10-14,A,9154
912,1198,2025-07-12,A,10025
913,1199,2025-04-24,A,8585
914,1200,2025-11-29,A,2180
915,1201,2025-05-07,A,6754
916,1202,2025-03-03,A,2383
917,1204,2025-10-14,B,11342
918,1205,2025-03-26,A,4496
919,1207,2025-08-25,B,4065
920,1208,2025-06-13,A,6666
921,1209,2025-06-27,A,5444
922,1210,2025-08-29,A,1063
923,1211,2026-01-08,B,2572
924,1212,2026-04-16,A,7790
925,1213,2025-06-16,A,4850
926,1214,2025-09-17,C,9101
927,1216,2025-09-11,A,1689
928,1218,2025-07-22,C,5825
929,1219,2025-09-18,A,6176
930,1223,2025-06-01,B,10279
931,1224,2025-08-01,A,10375
932,1225,2025-11-03,A,8957
933,1226,2026-02-03,C,2642
934,1227,2025-07-02,A,9782
935,1229,2025-10-28,A,11067
936,1231,2025-11-14,A,9006
937,1232,2025-08-07,B,2259
938,1233,2026-02-10,A,2181
939,1235,2025-12-13,A,10046
940,1236,2025-10-20,A,4799
941,1237,2025-12-10,A,4470
942,1238,2025-07-09,A,7842
943,1239,2026-03-09,A,2134
944,1240,2025-08-10,A,3988
945,1241,2025-10-03,A,2665
946,1243,2025-04-15,A,2310
947,1244,2025-12-15,A,9252
948,1245,2026-01-16,A,11533
949,1248,2025-04-22,B,4568
950,1249,2025-05-21,A,2358
951,1251,2025-10-14,A,2383
952,1252,2025-07-29,B,1481
953,1253,2025-10-07,A,5610
954,1256,2025-07-08,A,2858
955,1258,2025-07-31,A,3264
956,1259,2026-04-19,A,5739
957,1260,2025-12-14,A,2159
958,1261,2025-11-30,A,2230
959,1262,2026-03-21,A,5787
960,1263,2026-02-28,B,8246
961,1264,2025-09-30,C,8369
962,1266,2025-07-17,A,1443
963,1267,2025-05-15,A,7692
964,1268,2025-10-12,A,2231
965,1269,2025-07-31,A,1115
966,1270,2025-06-05,C,3936
967,1271,2025-07-14,A,9007
968,1274,2026-01-22,A,7793
969,1279,2025-11-27,A,6595
970,1280,2026-04-05,A,2572
971,1281,2025-07-22,C,8632
972,1283,2025-05-31,A,8369
973,1284,2025-07-04,A,6416
974,1285,2025-11-03,A,10586
975,1286,2025-12-20,B,1814
976,1287,2025-04-07,A,1524
977,1288,2025-08-22,A,11143
978,1290,2025-05-11,C,9230
979,1291,2025-05-13,A,4353
980,1292,2026-05-08,A,1548
981,1293,2025-12-09,A,9007
982,1294,2025-04-03,B,2338
983,1295,2025-10-27,A,4302
984,1297,2025-06-27,A,6691
985,1298,2026-02-07,A,8560
986,1299,2025-07-18,A,6325
987,1300,2026-02-10,C,2337
988,1301,2026-03-18,A,8389
989,1302,2025-06-09,A,2029
990,1303,2025-08-07,A,9649
991,1304,2025-08-11,A,11513
992,1305,2026-02-03,A,9250
993,1306,2026-02-22,A,3705
994,1307,2025-10-11,A,2431
995,1308,2025-12-17,A,10066
996,1309,2025-12-10,A,646
997,1310,2025-07-21,A,10048
998,1311,2025-07-15,A,2551
999,1312,2025-06-23,B,2665
1000,1313,2025-12-01,A,2183
1001,1314,2025-11-25,A,2965
1002,1315,2025-05-22,C,8340
1003,1316,2025-10-13,A,11910
1004,1317,2025-12-08,B,3073
1005,1320,2025-05-01,A,5738
1006,1321,2025-12-26,C,7621
1007,1322,2025-08-27,A,7236
1008,1323,2025-12-22,A,6341
1009,1324,2026-01-19,A,7970
1010,1325,2025-12-09,A,6951
1011,1327,2026-02-27,A,6691
1012,1330,2026-01-19,A,8936
1013,1331,2025-08-29,C,1331
1014,1332,2025-12-13,A,9316
1015,1333,2025-09-20,A,8633
1016,1334,2025-06-14,C,3402
1017,1335,2025-09-01,A,2159
1018,1336,2025-05-11,C,1961
1019,1337,2025-10-12,C,2311
1020,1338,2025-03-06,B,8119
1021,1339,2025-06-07,A,4132
1022,1341,2025-08-13,A,10118
1023,1342,2025-03-26,C,8862
1024,1343,2025-11-23,C,5690
1025,1345,2025-06-04,B,1609
1026,1346,2025-07-13,A,6034
1027,1347,2025-12-09,A,2180
1028,1348,2025-08-07,A,5925
1029,1349,2025-05-27,C,5515
1030,1350,2025-06-27,A,7623
1031,1351,2026-02-22,A,9628
1032,1352,2025-09-08,A,3537
1033,1353,2025-12-31,A,2475
1034,1356,2026-01-07,A,2643
1035,1358,2025-11-26,B,7435
1036,1359,2025-05-31,A,1420
1037,1360,2025-11-20,A,2523
1038,1361,2026-03-29,B,1549
1039,1362,2025-11-10,C,8290
1040,1364,2025-06-23,B,10850
1041,1365,2025-07-22,A,5761
1042,1366,2025-12-14,A,2910
1043,1367,2025-06-29,A,9899
1044,1368,2025-09-27,A,2159
1045,1369,2026-01-31,A,2159
1046,1370,2025-12-23,C,2595
1047,1372,2025-06-26,B,2523
1048,1373,2025-11-07,A,10066
1049,1374,2026-02-21,A,3418
1050,1376,2025-06-09,B,2791
1051,1378,2025-12-25,A,603
1052,1379,2025-11-21,A,1442
1053,1380,2025-05-24,A,9201
1054,1381,2025-10-10,A,3676
1055,1382,2025-07-29,A,10354
1056,1383,2025-09-14,A,2522
1057,1384,2025-03-05,A,2382
1058,1386,2025-03-30,B,5517
1059,1387,2025-12-30,A,10303
1060,1388,2025-11-02,C,9649
1061,1389,2025-07-16,A,5516
1062,1390,2025-07-24,A,7410
1063,1391,2026-02-06,A,11208
1064,1394,2026-03-28,A,9975
1065,1395,2025-09-21,A,1484
1066,1397,2026-03-12,A,4469
1067,1399,2025-12-23,A,3632
1068,1400,2026-02-28,C,4204
1069,1401,2025-06-05,B,603
1070,1402,2026-01-11,A,2571
1071,1403,2025-08-29,A,2496
1072,1405,2025-12-18,A,11578
1073,1406,2025-08-17,A,2202
1074,1407,2025-11-06,C,8411
1075,1408,2026-01-15,B,406
1076,1409,2025-06-01,C,5209
1077,1411,2025-11-24,A,2404
1078,1412,2025-08-11,C,2553
1079,1414,2025-08-04,C,4800
1080,1415,2025-08-16,A,6229
1081,1416,2025-08-14,A,10752
1082,1417,2026-03-08,A,2642
1083,1418,2026-02-17,A,6481
1084,1419,2025-11-14,A,2406
1085,1421,2025-06-26,A,2552
1086,1422,2025-07-30,A,8808
1087,1423,2025-12-09,C,2204
1088,1424,2025-12-31,C,7196
1089,1425,2026-01-12,A,5690
1090,1427,2025-02-04,A,7917
1091,1429,2025-09-10,A,9801
1092,1431,2025-08-10,C,2523
1093,1432,2025-06-05,A,4423
1094,1433,2025-04-22,A,9030
1095,1434,2025-07-24,A,9077
1096,1435,2026-03-06,A,9824
1097,1436,2025-08-24,A,9825
1098,1438,2025-08-13,A,7645
1099,1439,2025-12-01,A,2182
1100,1440,2025-09-30,A,11649
1101,1441,2025-10-07,C,2060
1102,1442,2025-05-27,C,2282
1103,1444,2025-03-27,C,408
1104,1445,2025-12-14,A,2615
1105,1446,2025-03-07,A,10772
1106,1447,2025-04-05,B,2616
1107,1448,2025-12-21,C,6811
1108,1450,2025-10-16,A,1915
1109,1451,2026-03-29,A,7236
1110,1452,2025-06-11,A,8246
1111,1453,2025-11-11,A,10611
1112,1455,2025-07-27,B,6951
1113,1456,2025-10-04,A,5875
1114,1457,2025-07-18,A,7520
1115,1458,2025-07-30,A,5609
1116,1459,2026-01-02,C,10987
1117,1460,2025-05-27,A,10249
1118,1461,2025-12-22,C,2450
1119,1462,2025-06-25,A,3071
1120,1463,2026-01-25,A,2385
1121,1464,2025-12-28,A,10249
1122,1466,2025-05-14,C,11470
1123,1467,2025-03-22,A,525
1124,1468,2025-07-05,A,11745
1125,1469,2025-07-12,A,2552
1126,1470,2025-11-17,A,2664
1127,1473,2025-10-02,B,3705
1128,1475,2026-01-23,C,2937
1129,1477,2025-10-10,A,6666
1130,1478,2025-09-22,A,9032
1131,1479,2025-04-18,A,2571
1132,1480,2025-12-05,A,8535
1133,1481,2025-08-04,A,1962
1134,1482,2025-12-25,A,11268
1135,1483,2025-04-22,A,1355
1136,1485,2025-11-04,A,2312
1137,1488,2025-05-15,A,1113
1138,1489,2026-03-09,A,2311
1139,1490,2025-05-11,C,2202
1140,1491,2025-07-11,A,8510
1141,1493,2025-03-14,A,5329
1142,1494,2025-09-25,A,6812
1143,1495,2025-09-27,C,3419
1144,1497,2025-11-26,A,9710
1145,1499,2025-05-08,A,3241
1146,1500,2025-07-11,A,11553
1147,1501,2026-03-18,B,11578
1148,1502,2025-06-05,A,2311
1149,1503,2025-05-26,A,9846
1150,1504,2025-08-29,A,9229
1151,1505,2025-05-25,A,2181
1152,1507,2025-12-31,A,10969
1153,1509,2026-01-06,A,3580
1154,1510,2025-06-11,A,4303
1155,1511,2025-10-15,A,10047
1156,1512,2025-12-10,A,1941
1157,1513,2025-06-18,A,2494
1158,1514,2025-11-28,C,5925
1159,1515,2025-06-12,A,11912
1160,1516,2025-11-29,A,7387
1161,1518,2025-09-15,A,9230
1162,1521,2025-07-22,A,6692
1163,1523,2025-04-26,C,2641
1164,1525,2026-05-01,A,6980
1165,1526,2025-12-13,A,10750
1166,1527,2025-09-27,A,406
1167,1528,2025-04-29,A,7435
1168,1530,2026-01-08,A,10440
1169,1532,2025-04-23,A,9230
1170,1533,2025-07-10,A,4594
1171,1534,2025-07-12,A,1379
1172,1536,2025-10-03,C,7464
1173,1537,2025-06-01,A,11038
1174,1538,2026-04-30,A,2204
1175,1539,2025-06-27,C,1662
1176,1542,2026-01-14,A,2664
1177,1543,2025-09-26,A,1261
1178,1547,2026-03-12,B,5585
1179,1548,2025-05-06,A,2594
1180,1549,2025-11-18,A,2104
1181,1550,2026-03-01,B,5125
1182,1551,2025-08-03,C,11744
1183,1552,2025-09-27,A,8611
1184,1554,2025-10-14,A,2553
1185,1555,2025-07-21,C,9178
1186,1556,2025-04-20,A,10091
1187,1559,2025-04-11,A,2230
1188,1562,2025-10-07,A,3986
1189,1563,2025-09-04,A,6953
1190,1565,2025-10-06,A,2337
1191,1566,2025-12-12,A,10068
1192,1568,2025-07-05,A,2474
1193,1569,2025-08-26,C,3010
1194,1571,2025-10-24,A,6980
1195,1572,2025-04-01,A,2643
1196,1573,2025-03-31,A,11798
1197,1574,2025-08-13,A,5226
1198,1575,2026-03-19,C,3580
1199,1576,2025-05-09,A,1568
1200,1577,2025-12-21,A,2004
1201,1578,2025-09-05,B,3859
1202,1579,2025-11-24,C,4649
1203,1580,2025-12-14,A,9561
1204,1581,2025-09-27,A,1661
1205,1582,2025-10-20,A,5490
1206,1583,2026-02-04,A,2282
1207,1585,2026-02-25,A,5400
1208,1587,2025-05-31,C,3536
1209,1588,2025-09-06,A,5826
1210,1590,2025-09-27,A,2231
1211,1591,2025-08-11,A,2522
1212,1592,2025-05-29,A,3747
1213,1593,2025-07-25,A,2384
1214,1594,2025-11-01,A,2813
1215,1596,2025-03-14,A,683
1216,1597,2026-03-01,A,11938
1217,1599,2025-11-30,A,2615
1218,1600,2025-10-06,B,9029
1219,1601,2026-02-18,C,2107
1220,1602,2025-09-05,A,6437
1221,1604,2025-03-10,A,2181
1222,1606,2025-08-17,C,5515
1223,1608,2025-04-28,A,1610
1224,1609,2025-08-27,A,2205
1225,1610,2025-12-06,A,9735
1226,1611,2025-07-08,A,1589
1227,1612,2025-05-11,A,6099
1228,1613,2025-06-05,B,11941
1229,1614,2025-05-24,A,1261
1230,1615,2025-03-27,A,2159
1231,1616,2025-12-19,A,4967
1232,1617,2025-03-28,B,2159
1233,1618,2025-10-13,B,11771
1234,1619,2025-05-22,A,11186
1235,1620,2025-07-05,A,10988
1236,1621,2025-06-04,A,2431
1237,1622,2026-03-13,C,9671
1238,1623,2025-12-18,A,5662
1239,1624,2025-02-06,B,3188
1240,1625,2025-08-03,C,7576
1241,1626,2026-01-04,A,4592
1242,1628,2025-08-12,A,526
1243,1629,2025-04-03,C,8535
1244,1630,2025-05-30,A,2183
1245,1632,2025-09-17,A,9296
1246,1633,2025-04-28,A,10970
1247,1635,2025-11-25,A,6867
1248,1636,2025-09-24,A,2337
1249,1637,2025-09-18,C,6717
1250,1639,2025-06-12,C,6363
1251,1640,2025-11-07,A,8482
1252,1641,2025-05-04,A,10026
1253,1642,2026-02-21,C,2059
1254,1643,2025-09-10,A,1261
1255,1644,2025-05-06,A,1233
1256,1645,2025-05-23,A,8042
1257,1646,2026-01-16,A,7765
1258,1647,2025-03-25,A,9076
1259,1649,2025-02-14,A,2356
1260,1650,2025-09-08,C,6230
1261,1651,2025-11-24,A,1608
1262,1652,2026-02-06,C,2431
1263,1653,2025-12-23,A,1914
1264,1655,2025-05-16,A,480
1265,1656,2025-06-04,A,2231
1266,1658,2026-04-16,A,2496
1267,1662,2026-02-18,A,5982
1268,1663,2025-08-29,A,2495
1269,1666,2025-12-17,A,6867
1270,1667,2025-08-04,A,6953
1271,1670,2025-06-02,A,2571
1272,1671,2026-02-01,A,10279
1273,1672,2025-12-01,A,2884
1274,1673,2025-07-16,C,8658
1275,1675,2026-01-27,A,6734
1276,1676,2025-03-07,B,8559
1277,1677,2025-08-25,A,10352
1278,1679,2025-09-14,C,11207
1279,1681,2025-12-16,A,10067
1280,1682,2025-10-10,A,11451
1281,1683,2025-04-30,A,2553
1282,1684,2025-08-05,C,4249
1283,1685,2025-10-27,A,4648
1284,1686,2025-11-10,A,2358
1285,1687,2025-10-15,C,3305
1286,1688,2025-05-04,A,2858
1287,1689,2025-07-16,A,9949
1288,1692,2025-07-08,A,2406
1289,1693,2025-09-08,C,8680
1290,1694,2025-09-01,A,5101
1291,1695,2025-08-17,A,6034
1292,1696,2025-07-11,A,2259
1293,1697,2025-06-28,A,8935
1294,1700,2025-08-15,A,3812
1295,1701,2025-12-12,A,9532
1296,1702,2025-11-08,B,5424
1297,1704,2025-07-05,A,6911
1298,1705,2025-12-15,B,4671
1299,1706,2025-08-15,A,8389
1300,1707,2025-03-31,B,2181
1301,1708,2026-04-01,A,8509
1302,1709,2025-08-06,A,8768
1303,1710,2025-11-25,C,2181
1304,1711,2025-08-14,A,1443
1305,1712,2025-12-03,A,7643
1306,1713,2025-07-15,A,6890
1307,1714,2025-10-27,A,406
1308,1715,2025-09-03,A,6296
1309,1716,2025-10-18,A,8959
1310,1717,2025-06-29,A,3285
1311,1720,2025-12-04,A,3603
1312,1721,2025-06-07,A,3676
1313,1723,2025-07-21,A,3443
1314,1726,2025-11-14,A,10458
1315,1727,2025-11-01,A,2060
1316,1729,2025-06-30,A,2384
1317,1730,2025-10-15,A,2432
1318,1731,2025-12-31,A,4160
1319,1732,2026-03-02,A,3466
1320,1733,2025-04-06,B,4400
1321,1735,2025-04-27,A,5875
1322,1736,2025-06-17,A,646
1323,1737,2025-09-08,C,5227
1324,1740,2026-01-19,A,1160
1325,1741,2025-04-17,A,2134
1326,1742,2025-11-26,B,2667
1327,1743,2025-04-18,A,5515
1328,1744,2025-04-06,A,2432
1329,1746,2025-09-27,A,9899
1330,1748,2025-06-29,A,10852
1331,1749,2025-09-20,A,2551
1332,1750,2025-07-13,A,2180
1333,1751,2025-10-24,A,2338
1334,1752,2025-04-13,A,10458
1335,1753,2025-05-20,A,2105
1336,1756,2025-12-13,A,10658
1337,1757,2025-07-15,A,5851
1338,1758,2025-11-02,A,2641
1339,1760,2025-06-16,A,9253
1340,1761,2026-02-08,A,6811
1341,1763,2025-12-14,A,5225
1342,1764,2025-08-26,A,6756
1343,1766,2026-01-03,A,2310
1344,1767,2025-03-09,A,2666
1345,1768,2025-07-13,A,8909
1346,1769,2025-06-09,C,6643
1347,1771,2025-08-16,A,2337
1348,1772,2025-09-12,A,11095
1349,1773,2025-09-25,A,5635
1350,1774,2026-02-26,A,1261
1351,1775,2025-04-11,A,7367
1352,1777,2025-11-20,A,3510
1353,1778,2025-05-28,A,2711
1354,1779,2025-06-15,A,11553
1355,1780,2025-07-11,A,4968
1356,1783,2025-12-05,B,10025
1357,1784,2025-10-06,A,2310
1358,1785,2026-02-02,A,6891
1359,1786,2025-04-21,B,5330
1360,1787,2025-08-16,A,2494
1361,1788,2025-05-26,A,9077
1362,1789,2026-01-08,B,10874
1363,1791,2025-08-21,C,8291
1364,1792,2025-06-27,A,9651
1365,1793,2026-01-31,A,2406
1366,1794,2025-11-09,A,1714
1367,1795,2025-07-06,A,2258
1368,1796,2026-01-16,A,8612
1369,1800,2025-06-15,A,2643
1370,1801,2025-11-15,A,2385
1371,1802,2026-01-26,A,2181
1372,1803,2025-09-11,A,3988
1373,1804,2025-11-17,C,5763
1374,1805,2025-06-17,C,8340
1375,1807,2025-04-04,C,2338
1376,1808,2025-05-04,A,4399
1377,1809,2025-06-20,A,6152
1378,1810,2025-12-22,A,10719
1379,1811,2025-09-12,B,9735
1380,1812,2025-07-26,A,9923
1381,1817,2025-07-08,A,11773
1382,1818,2025-11-13,A,8911
1383,1819,2025-08-04,A,2496
1384,1820,2025-06-14,A,5124
1385,1821,2025-12-23,A,2664
1386,1823,2025-04-24,A,1941
1387,1824,2025-11-27,A,8610
1388,1825,2025-09-17,A,2764
1389,1826,2025-10-03,A,2667
1390,1827,2026-01-28,A,2552
1391,1828,2025-03-16,A,2029
1392,1829,2026-02-14,A,7970
1393,1830,2025-12-30,A,3884
1394,1831,2026-01-09,A,11207
1395,1834,2025-05-21,A,3538
1396,1836,2025-12-11,A,11067
1397,1837,2026-01-11,A,2451
1398,1838,2025-10-29,B,9076
1399,1840,2025-08-14,A,3676
1400,1841,2025-07-17,A,6298
1401,1842,2025-06-23,A,2183
1402,1843,2026-01-01,A,6953
1403,1844,2025-07-03,A,2382
1404,1845,2025-12-12,A,10612
1405,1846,2025-09-21,A,967
1406,1847,2025-09-30,A,2356
1407,1848,2026-05-14,A,3785
1408,1849,2025-08-03,A,8679
1409,1850,2025-05-13,A,2813
1410,1852,2026-02-09,C,10201
1411,1853,2025-09-27,A,6547
1412,1854,2025-07-21,A,5254
1413,1855,2025-08-10,A,5254
1414,1856,2025-08-07,A,4111
1415,1857,2025-07-12,A,2383
1416,1859,2025-08-20,A,2336
1417,1860,2025-06-03,A,2405
1418,1863,2025-09-23,A,8510
1419,1864,2025-07-31,A,1160
1420,1866,2025-10-16,A,4134
1421,1867,2025-05-10,A,8632
1422,1868,2025-09-11,B,11512
1423,1869,2025-07-23,A,2202
1424,1870,2025-05-16,A,11424
1425,1871,2025-07-02,A,6716
1426,1872,2025-07-27,A,5423
1427,1873,2025-11-07,A,2283
1428,1874,2026-01-11,A,712
1429,1875,2026-01-07,A,8485
1430,1877,2025-06-29,C,8935
1431,1878,2025-10-10,A,3602
1432,1880,2025-07-25,A,6755
1433,1881,2025-06-10,C,1715
1434,1882,2025-07-15,A,2203
1435,1883,2025-08-03,A,5377
1436,1884,2025-04-15,C,6911
1437,1885,2025-07-09,A,9878
1438,1886,2025-06-16,A,2858
1439,1887,2025-07-11,C,2336
1440,1888,2025-07-23,A,2523
1441,1889,2025-06-10,A,4159
1442,1890,2025-05-05,A,11718
1443,1891,2025-12-04,A,5489
1444,1892,2025-10-10,A,9670
1445,1893,2026-01-05,A,2643
1446,1894,2025-05-26,A,3655
1447,1895,2025-09-28,A,7623
1448,1897,2025-11-14,A,9337
1449,1898,2025-12-02,A,6277
1450,1899,2025-07-23,C,6735
1451,1900,2025-05-25,B,2616
1452,1901,2025-04-10,A,11167
1453,1903,2025-07-02,A,579
1454,1904,2025-11-13,A,862
1455,1905,2025-09-06,A,4648
1456,1906,2025-10-11,A,3936
1457,1908,2025-06-26,A,2571
1458,1910,2025-07-19,C,6867
1459,1912,2025-08-22,A,7196
1460,1913,2025-10-29,C,6867
1461,1914,2025-07-20,A,7891
1462,1915,2025-10-09,A,6837
1463,1918,2025-11-13,A,2433
1464,1920,2025-07-16,A,9154
1465,1921,2025-07-14,B,8768
1466,1922,2025-04-08,A,9298
1467,1924,2026-01-09,A,2180
1468,1925,2025-07-09,A,11771
1469,1926,2025-10-31,A,937
1470,1930,2026-03-31,A,6756
1471,1931,2025-10-21,A,2205
1472,1933,2025-08-01,B,11364
1473,1935,2025-04-23,A,1525
1474,1936,2025-05-24,A,2230
1475,1937,2025-11-07,A,4302
1476,1939,2025-09-02,C,3912
1477,1940,2025-12-22,C,2522
1478,1941,2025-12-22,B,9629
1479,1943,2025-06-11,A,2551
1480,1944,2025-05-08,A,2182
1481,1946,2025-10-08,A,11770
1482,1947,2025-03-29,A,1634
1483,1948,2025-11-18,A,1524
1484,1951,2025-03-11,A,5954
1485,1952,2025-07-15,B,6342
1486,1954,2025-07-18,A,1163
1487,1956,2025-06-21,A,5635
1488,1957,2025-09-12,A,8147
1489,1963,2026-03-11,C,3535
1490,1964,2026-03-17,A,6836
1491,1965,2025-09-27,A,7102
1492,1968,2026-01-07,C,2385
1493,1969,2025-06-18,B,11238
1494,1970,2025-06-19,A,9127
1495,1971,2025-06-20,A,5804
1496,1972,2025-04-21,A,2405
1497,1973,2025-12-10,A,2965
1498,1975,2026-02-09,A,7315
1499,1976,2026-05-18,B,2405
1500,1978,2025-03-27,A,2384
1501,1980,2025-04-08,A,2204
1502,1981,2026-01-25,A,11186
1503,1982,2025-11-20,A,7289
1504,1983,2025-08-23,A,9154
1505,1984,2025-10-28,C,9154
1506,1985,2025-04-26,A,2552
1507,1986,2025-09-04,B,5956
1508,1988,2025-08-01,A,10612
1509,1989,2025-04-30,A,2258
1510,1990,2025-08-01,A,8412
1511,1991,2025-10-13,C,2475
1512,1992,2026-05-20,A,2664
1513,1993,2026-02-04,B,6643
1514,1994,2025-07-11,A,5609
1515,1995,2025-09-26,A,2594
1516,1996,2025-10-05,B,2615
1517,1997,2025-06-04,B,2432
1518,1999,2025-07-05,A,6101
1519,2000,2025-05-23,A,2060
1520,2002,2025-06-03,A,9690
1521,2004,2025-12-08,A,3653
1522,2005,2025-07-20,A,1062
1523,2006,2025-05-17,A,2476
1524,2007,2025-06-01,C,9709
1525,2008,2026-03-22,A,10025
1526,2009,2025-05-16,C,7695
1527,2010,2025-09-20,A,3330
1528,2011,2025-06-02,A,11238
1529,2013,2026-04-06,A,8634
1530,2014,2025-12-05,C,2312
1531,2015,2025-07-10,C,8559
1532,2017,2025-10-02,A,7890
1533,2018,2025-06-07,C,2496
1534,2019,2025-07-14,A,9651
1535,2022,2025-11-20,A,3009
1536,2023,2026-02-16,A,2180
1537,2025,2025-09-21,A,2284
1538,2027,2025-07-11,A,7411
1539,2028,2025-07-17,A,2616
1540,2029,2025-07-01,C,2432
1541,2031,2026-01-02,A,2105
1542,2032,2025-07-13,A,2433
1543,2033,2026-02-16,C,10117
1544,2035,2025-07-24,C,8660
1545,2036,2025-11-05,A,2616
1546,2037,2025-07-26,C,9155
1547,2039,2026-01-29,A,6809
1548,2040,2025-07-11,A,5663
1549,2041,2025-12-20,A,1089
1550,2042,2025-08-17,C,7864
1551,2044,2025-06-25,A,1834
1552,2045,2025-10-31,A,9758
1553,2046,2025-06-22,C,2312
1554,2047,2025-11-18,A,2494
1555,2049,2025-12-29,A,1861
1556,2050,2025-04-18,A,430
1557,2051,2026-04-28,A,6298
1558,2052,2025-04-09,C,4495
1559,2053,2025-05-06,A,683
1560,2054,2025-02-21,C,6341
1561,2056,2026-01-06,A,2284
1562,2057,2025-10-25,A,8806
1563,2058,2025-10-08,A,8369
1564,2059,2025-04-24,A,2202
1565,2060,2026-01-20,A,2643
1566,2061,2025-09-24,A,8660
1567,2064,2025-05-22,C,2473
1568,2065,2025-06-17,A,3535
1569,2066,2025-12-03,A,7646
1570,2068,2025-09-03,C,6503
1571,2069,2026-01-24,A,4872
1572,2071,2025-08-14,A,1634
1573,2072,2025-07-30,A,2476
1574,2074,2025-08-09,C,11799
1575,2075,2025-03-20,C,6055
1576,2076,2025-11-25,A,3988
1577,2077,2025-06-30,A,9737
1578,2078,2025-05-31,C,6480
1579,2079,2025-10-08,A,4471
1580,2080,2026-04-09,A,2258
1581,2081,2026-01-03,A,2406
1582,2082,2025-03-20,A,1441
1583,2083,2025-06-04,A,6980
1584,2084,2025-05-19,A,7197
1585,2085,2026-03-12,C,1461
1586,2086,2025-09-29,A,2258
1587,2088,2025-05-04,A,2552
1588,2089,2025-07-15,A,4111
1589,2090,2025-05-13,B,2450
1590,2091,2025-12-18,A,7942
1591,2092,2026-02-27,C,7197
1592,2093,2025-08-07,A,5609
1593,2096,2025-07-31,A,5281
1594,2097,2025-03-27,A,3704
1595,2098,2026-02-09,A,1712
1596,2099,2025-12-06,A,1763
1597,2100,2026-02-18,A,9878
1598,2101,2025-05-06,C,2572
1599,2102,2025-08-25,A,2336
1600,2103,2025-09-24,A,1398
1601,2104,2025-04-15,A,454
1602,2105,2026-01-26,C,1814
1603,2109,2025-09-01,A,2203
1604,2110,2025-07-27,A,3602
1605,2111,2025-11-01,B,5122
1606,2112,2025-12-20,A,3071
1607,2113,2025-04-06,A,9176
1608,2114,2025-11-21,A,5610
1609,2116,2025-12-21,A,9251
1610,2117,2026-01-05,A,6782
1611,2118,2025-10-01,C,8560
1612,2119,2026-05-02,C,11095
1613,2121,2025-08-23,A,9030
1614,2122,2025-09-27,B,2357
1615,2125,2025-05-31,A,9252
1616,2126,2025-11-05,A,2553
1617,2127,2026-02-07,A,2431
1618,2128,2025-05-17,A,2258
1619,2129,2025-11-05,A,6982
1620,2130,2026-02-18,B,9253
1621,2131,2025-06-07,A,4799
1622,2132,2025-06-21,A,2963
1623,2133,2025-10-31,B,3243
1624,2134,2026-02-05,A,2182
1625,2135,2025-08-18,C,8887
1626,2137,2025-12-23,A,2159
1627,2138,2026-01-26,A,11187
1628,2139,2025-08-21,A,9709
1629,2141,2026-02-05,A,7141
1630,2142,2025-06-08,A,2475
1631,2143,2025-08-26,C,1689
1632,2145,2025-04-30,A,1016
1633,2146,2025-05-12,A,9277
1634,2147,2026-01-13,A,791
1635,2148,2025-06-17,A,2357
1636,2149,2025-07-27,A,3493
1637,2150,2025-08-04,A,3654
1638,2152,2025-12-17,A,9031
1639,2153,2025-11-21,A,8935
1640,2154,2025-08-18,A,4353
1641,2155,2025-10-02,A,8171
1642,2158,2025-10-26,A,6152
1643,2159,2025-07-05,C,9736
1644,2160,2025-09-12,A,6568
1645,2163,2025-11-08,C,7622
1646,2164,2026-02-25,A,10441
1647,2165,2025-10-21,A,11188
1648,2166,2025-06-07,A,6569
1649,2167,2025-05-10,A,11207
1650,2168,2025-08-27,C,2358
1651,2169,2025-10-27,A,1331
1652,2170,2026-02-10,A,2335
1653,2171,2025-09-28,A,1861
1654,2172,2025-07-22,A,10488
1655,2173,2025-08-24,A,2284
1656,2176,2026-03-06,A,6735
1657,2178,2025-02-17,A,8457
1658,2179,2025-06-02,A,6100
1659,2180,2025-12-21,A,1570
1660,2183,2025-02-27,B,2337
1661,2188,2025-11-02,A,3704
1662,2191,2025-08-23,C,11511
1663,2192,2025-02-18,B,6951
1664,2194,2025-05-17,B,1525
1665,2196,2025-07-12,B,2183
1666,2197,2026-01-15,A,2551
1667,2198,2025-04-25,A,10750
1668,2199,2025-08-12,A,1833
1669,2201,2025-12-18,A,2642
1670,2202,2026-02-02,A,2337
1671,2203,2025-09-20,A,7600
1672,2204,2025-02-18,A,406
1673,2205,2025-10-06,A,2203
1674,2207,2025-12-14,A,2282
1675,2208,2025-08-25,A,711
1676,2210,2025-06-07,A,2204
1677,2211,2025-12-05,A,11770
1678,2213,2025-03-24,A,6666
1679,2216,2025-09-02,A,2283
1680,2217,2025-07-09,A,9975
1681,2218,2025-11-06,A,6953
1682,2219,2025-05-18,C,6250
1683,2220,2025-11-16,A,5543
1684,2221,2025-11-04,A,1586
1685,2222,2025-06-19,A,6913
1686,2223,2025-10-20,C,9876
1687,2224,2025-08-19,A,8222
1688,2225,2026-02-26,A,407
1689,2226,2025-10-26,C,2182
1690,2227,2025-06-20,A,2335
1691,2229,2025-09-24,A,10325
1692,2232,2025-06-15,A,4568
1693,2233,2025-08-02,C,2641
1694,2234,2025-11-09,C,8270
1695,2235,2025-05-23,A,8196
1696,2236,2025-06-03,C,8388
1697,2237,2026-05-10,A,1420
1698,2238,2025-08-19,A,8861
1699,2239,2025-04-13,A,1090
1700,2240,2025-07-02,B,2335
1701,2241,2026-02-22,B,10584
1702,2243,2025-10-22,A,2358
1703,2244,2025-10-28,A,9317
1704,2245,2026-03-20,C,1015
1705,2246,2025-12-22,A,2404
1706,2249,2025-11-13,C,2911
1707,2250,2025-05-12,A,2711
1708,2251,2025-07-26,A,2476
1709,2252,2026-03-04,A,10852
1710,2253,2025-09-24,C,10048
1711,2255,2025-10-13,A,3491
1712,2256,2025-05-21,A,2204
1713,2257,2026-02-21,A,4700
1714,2260,2026-03-23,A,10352
1715,2261,2025-11-06,C,9671
1716,2262,2026-01-17,A,2312
1717,2266,2025-06-16,A,8808
1718,2269,2025-11-20,A,5953
1719,2271,2025-07-22,C,1663
1720,2272,2025-05-02,A,2473
1721,2273,2026-01-31,B,1660
1722,2274,2025-10-07,A,7141
1723,2275,2025-05-21,A,8536
1724,2276,2025-04-12,A,2259
1725,2277,2025-11-14,B,3401
1726,2278,2025-06-21,A,9651
1727,2279,2025-08-05,A,11940
1728,2280,2025-06-17,A,5225
1729,2281,2025-09-05,A,5608
1730,2282,2025-06-27,A,5719
1731,2283,2025-06-18,A,3215
1732,2284,2025-09-25,A,8292
1733,2285,2025-09-19,A,10117
1734,2286,2025-07-19,A,2494
1735,2288,2025-10-17,B,9996
1736,2289,2026-03-03,A,4113
1737,2290,2025-08-05,A,10488
1738,2291,2025-05-23,C,9578
1739,2293,2025-10-04,A,2183
1740,2294,2025-04-22,A,5720
1741,2295,2025-06-21,A,2383
1742,2296,2025-06-22,C,2856
1743,2297,2025-11-04,A,2356
1744,2298,2025-09-18,A,9760
1745,2299,2025-11-01,A,2259
1746,2301,2025-06-06,A,6692
1747,2302,2026-02-21,C,2475
1748,2303,2025-12-28,A,11604
1749,2304,2025-06-16,A,1505
1750,2306,2025-10-15,A,2494
1751,2308,2025-09-09,A,10302
1752,2309,2025-07-03,C,9899
1753,2310,2025-11-14,A,5763
1754,2312,2026-01-06,B,2496
1755,2313,2025-01-31,A,9030
1756,2314,2025-06-11,A,2282
1757,2315,2025-03-18,A,2105
1758,2318,2025-03-17,A,11554
1759,2319,2025-08-24,A,5057
1760,2320,2025-05-19,A,2231
1761,2321,2025-05-07,C,10702
1762,2322,2025-07-07,A,10873
1763,2323,2025-04-06,A,3537
1764,2324,2025-11-22,A,2107
1765,2325,2026-01-04,A,1816
1766,2326,2025-03-23,A,6913
1767,2327,2026-01-27,A,6837
1768,2328,2025-10-27,A,2473
1769,2332,2025-06-25,A,11067
1770,2334,2025-07-10,C,6668
1771,2336,2025-07-02,A,11237
1772,2338,2025-11-06,A,5374
1773,2339,2025-10-18,C,3986
1774,2340,2026-02-04,A,10046
1775,2341,2025-07-25,A,11143
1776,2343,2025-11-04,C,5788
1777,2344,2025-07-31,C,9736
1778,2345,2026-01-31,A,10823
1779,2348,2025-12-25,A,8705
1780,2349,2025-08-07,A,2203
1781,2350,2026-01-18,C,1211
1782,2351,2025-10-21,A,5125
1783,2353,2026-02-24,A,9649
1784,2356,2025-12-20,C,2160
1785,2357,2025-08-26,A,8339
1786,2358,2025-04-20,C,7575
1787,2359,2026-01-21,A,6276
1788,2361,2026-03-18,A,11187
1789,2363,2025-07-26,C,1788
1790,2364,2026-03-01,B,4822
1791,2365,2025-11-18,A,2432
1792,2366,2026-01-22,A,3073
1793,2368,2025-09-11,A,1211
1794,2371,2026-03-05,A,5690
1795,2372,2025-09-11,A,2312
1796,2373,2026-01-31,A,10394
1797,2374,2025-08-18,A,8511
1798,2375,2026-03-05,A,11291
1799,2376,2025-04-29,A,4820
1800,2377,2025-08-09,A,1504
1801,2378,2025-07-07,A,5424
1802,2380,2025-08-26,C,2450
1803,2382,2025-04-28,A,2553
1804,2383,2025-10-04,C,11554
1805,2384,2025-06-28,C,6098
1806,2385,2025-05-02,B,2160
1807,2386,2025-03-18,A,2496
1808,2387,2025-05-14,A,3811
1809,2388,2025-09-25,A,1398
1810,2389,2025-06-27,C,2496
1811,2390,2025-03-03,C,9948
1812,2391,2025-06-03,A,666
1813,2392,2025-07-28,A,2433
1814,2394,2025-12-05,A,2571
1815,2396,2026-01-06,A,2284
1816,2397,2025-10-02,A,3401
1817,2399,2025-07-29,B,3186
1818,2401,2025-10-11,A,8767
1819,2402,2025-08-12,A,8534
1820,2403,2026-02-20,A,2571
1821,2404,2026-01-14,A,666
1822,2405,2025-05-20,C,2230
1823,2406,2025-04-29,A,939
1824,2407,2025-06-27,A,2382
1825,2411,2025-07-25,C,10117
1826,2413,2026-02-24,C,9363
1827,2414,2025-08-18,A,8368
1828,2416,2025-04-19,A,3071
1829,2417,2025-08-05,C,2552
1830,2419,2025-10-25,A,1261
1831,2420,2025-09-05,C,2571
1832,2422,2025-10-21,A,7573
1833,2423,2026-02-18,A,4273
1834,2424,2026-02-02,C,5104
1835,2425,2025-09-29,A,10971
1836,2426,2025-05-08,A,3071
1837,2427,2025-11-01,B,10720
1838,2428,2025-07-25,A,10159
1839,2429,2025-10-22,A,7289
1840,2430,2026-03-09,A,8511
1841,2431,2025-06-13,A,5803
1842,2432,2025-08-01,C,2450
1843,2433,2025-08-07,A,9201
1844,2434,2025-08-07,B,2431
1845,2435,2025-03-29,C,6154
1846,2436,2025-04-18,C,3913
1847,2440,2025-07-26,A,7987
1848,2442,2025-11-30,A,2450
1849,2444,2025-05-01,A,2181
1850,2445,2025-08-26,A,7102
1851,2447,2025-06-22,C,10026
1852,2449,2025-09-10,A,4355
1853,2450,2025-11-01,B,7622
1854,2451,2025-10-27,A,9669
1855,2452,2025-07-28,A,10225
1856,2453,2025-06-03,A,2204
1857,2457,2026-01-14,C,6951
1858,2461,2025-10-18,A,2495
1859,2462,2025-06-13,A,3493
1860,2463,2025-12-14,A,3832
1861,2464,2025-07-20,A,4203
1862,2466,2025-09-04,A,646
1863,2467,2025-05-17,B,2338
1864,2469,2025-08-22,A,10067
1865,2470,2025-04-29,C,5541
1866,2474,2025-05-29,A,11470
1867,2477,2025-05-09,A,2522
1868,2478,2025-07-15,A,6363
1869,2479,2025-11-13,A,8836
1870,2480,2025-08-14,A,2551
1871,2481,2025-09-20,A,5228
1872,2483,2026-01-04,A,5081
1873,2485,2026-01-01,B,2312
1874,2486,2025-05-03,A,2282
1875,2488,2025-08-24,A,1608
1876,2491,2025-02-15,A,8885
1877,2492,2026-01-02,B,11268
1878,2493,2025-04-18,A,1331
1879,2495,2025-10-06,C,3443
1880,2496,2025-10-10,A,10203
1881,2498,2025-10-25,C,2383
1882,2499,2025-10-02,C,2908
1883,2500,2026-02-17,A,11820
1884,2502,2025-09-02,A,9154
1885,2503,2026-02-01,C,1163
1886,2504,2025-09-12,A,11909
1887,2505,2025-09-25,A,5691
1888,2506,2025-10-06,A,2382
1889,2507,2025-06-11,C,4822
1890,2508,2025-09-21,A,8788
1891,2509,2025-12-15,B,2357
1892,2510,2025-03-23,A,3884
1893,2512,2025-07-19,A,2284
1894,2513,2026-03-04,A,1261
1895,2514,2025-10-01,A,10585
1896,2515,2025-09-12,B,11890
1897,2516,2025-05-19,A,8558
1898,2517,2026-01-15,C,6009
1899,2518,2026-03-11,A,2384
1900,2519,2025-07-28,A,2204
1901,2520,2025-05-04,A,10751
1902,2521,2025-04-09,A,9388
1903,2522,2025-06-02,C,1662
1904,2523,2025-06-10,A,2335
1905,2524,2025-06-11,A,9007
1906,2525,2025-07-23,A,5516
1907,2528,2025-09-20,A,9975
1908,2529,2026-03-04,A,9692
1909,2530,2025-12-24,A,7644
1910,2532,2026-04-14,A,5849
1911,2533,2026-01-20,A,1163
1912,2534,2025-05-10,A,3535
1913,2536,2025-11-03,A,4992
1914,2539,2025-11-26,A,10585
1915,2540,2025-10-26,C,2383
1916,2541,2025-07-11,A,6692
1917,2542,2025-10-30,A,3466
1918,2543,2026-04-23,C,9178
1919,2544,2026-02-21,C,4400
1920,2545,2026-02-18,B,2337
1921,2546,2025-06-10,A,2664
1922,2547,2025-07-03,A,10028
1923,2549,2025-08-17,A,2405
1924,2550,2025-09-12,A,7386
1925,2552,2025-11-09,C,4850
1926,2553,2025-06-22,A,2180
1927,2555,2025-02-23,C,6865
1928,2556,2025-05-03,A,1504
1929,2557,2026-02-14,A,1160
1930,2558,2025-08-19,C,8414
1931,2559,2025-03-19,A,9824
1932,2560,2025-11-09,A,8886
1933,2561,2025-04-02,A,7236
1934,2562,2025-11-20,A,3580
1935,2563,2025-08-20,C,5466
1936,2564,2025-03-20,A,623
1937,2567,2025-04-04,A,9779
1938,2568,2025-07-27,A,2432
1939,2569,2025-12-05,B,2594
1940,2570,2025-06-16,A,10658
1941,2571,2025-03-07,A,8339
1942,2572,2025-03-30,A,2451
1943,2573,2025-09-22,A,11387
1944,2574,2025-08-20,A,3117
1945,2575,2025-05-28,B,682
1946,2576,2025-10-05,C,684
1947,2577,2025-05-16,A,5226
1948,2578,2025-10-08,A,8559
1949,2580,2025-06-15,A,2595
1950,2581,2025-07-16,A,1917
1951,2583,2025-10-31,C,4649
1952,2584,2025-10-24,C,2107
1953,2585,2025-03-19,A,2551
1954,2586,2025-08-19,A,7576
1955,2587,2025-05-28,A,1962
1956,2588,2025-04-24,A,1040
1957,2590,2025-10-08,A,3747
1958,2592,2025-12-17,A,5515
1959,2593,2025-06-23,C,917
1960,2596,2025-03-21,A,8809
1961,2597,2025-08-06,C,2203
1962,2598,2026-05-25,A,9231
1963,2600,2025-03-08,A,2003
1964,2601,2025-04-25,A,3116
1965,2602,2025-08-04,A,2358
1966,2603,2025-02-17,A,3243
1967,2604,2025-11-14,A,9007
1968,2605,2025-09-19,A,9297
1969,2606,2025-03-07,C,2572
1970,2607,2025-07-31,A,2203
1971,2608,2025-12-12,A,5209
1972,2609,2025-06-08,A,1161
1973,2613,2026-01-28,C,2180
1974,2614,2025-08-16,A,2356
1975,2615,2025-09-16,A,2404
1976,2616,2025-10-06,C,5036
1977,2617,2025-04-22,A,2595
1978,2618,2025-11-22,A,2496
1979,2619,2025-04-30,A,6810
1980,2620,2025-05-13,A,3284
1981,2621,2026-03-28,A,2523
1982,2622,2025-10-08,A,1211
1983,2623,2025-04-05,A,1548
1984,2624,2025-04-13,A,2202
1985,2625,2025-07-26,A,1355
1986,2626,2025-12-08,A,9252
1987,2627,2025-12-26,A,2522
1988,2628,2026-02-12,A,2494
1989,2629,2025-04-13,B,4248
1990,2630,2026-02-03,C,10091
1991,2631,2025-11-30,A,9503
1992,2632,2025-11-27,C,5925
1993,2633,2025-05-13,C,1261
1994,2634,2025-12-06,A,3285
1995,2636,2025-03-20,A,3883
1996,2637,2025-10-05,B,2183
1997,2638,2026-02-01,A,2405
1998,2639,2025-09-23,C,5423
1999,2641,2025-03-19,A,3029
2000,2643,2025-08-15,A,1914
2001,2644,2025-04-02,A,9102
2002,2645,2025-06-23,B,4401
2003,2646,2025-08-16,A,6692
2004,2649,2025-07-13,C,8979
2005,2650,2025-05-24,A,2450
2006,2651,2025-06-30,A,4274
2007,2652,2025-05-23,A,2061
2008,2654,2026-03-22,B,6715
2009,2655,2025-07-24,A,6667
2010,2657,2025-09-08,A,1662
2011,2663,2025-09-10,A,2594
2012,2666,2025-06-30,C,3418
2013,2669,2025-07-16,B,6692
2014,2670,2025-10-19,B,2202
2015,2674,2025-04-30,A,2311
2016,2675,2025-09-15,A,2282
2017,2677,2025-08-06,A,7547
2018,2680,2026-01-14,A,4202
2019,2681,2025-07-17,A,7844
2020,2682,2025-11-20,A,2572
2021,2684,2025-05-10,A,9031
2022,2685,2025-05-19,A,8389
2023,2686,2025-09-18,A,2431
2024,2687,2025-05-10,A,9337
2025,2689,2026-01-04,A,478
2026,2690,2025-12-31,A,6296
2027,2693,2025-11-02,A,603
2028,2694,2025-10-30,A,9232
2029,2695,2025-09-03,C,711
2030,2698,2025-09-02,A,2335
2031,2699,2025-08-29,B,2282
2032,2701,2025-08-24,C,4723
2033,2702,2025-12-05,C,9156
2034,2703,2025-09-19,A,11650
2035,2704,2025-04-16,A,3704
2036,2705,2025-11-09,A,2335
2037,2708,2025-12-29,A,1916
2038,2709,2025-07-29,A,3303
2039,2711,2025-11-19,C,2311
2040,2713,2025-07-14,A,3330
2041,2715,2026-02-02,A,5104
2042,2716,2026-03-02,A,4649
2043,2717,2025-05-31,C,4722
2044,2718,2026-02-02,A,1039
2045,2719,2025-07-09,B,6415
2046,2720,2026-03-16,A,2643
2047,2721,2025-06-02,A,8041
2048,2722,2026-04-08,C,10513
2049,2723,2025-08-16,A,6228
2050,2724,2025-11-06,C,6755
2051,2726,2025-09-06,A,11512
2052,2727,2026-01-22,A,6524
2053,2728,2026-03-31,C,916
2054,2729,2025-05-13,A,2312
2055,2730,2025-03-07,A,2615
2056,2731,2025-10-29,A,6524
2057,2732,2025-09-18,A,5638
2058,2733,2025-12-22,B,2282
2059,2734,2026-04-12,A,2406
2060,2735,2025-07-11,A,10457
2061,2737,2025-06-10,A,2643
2062,2738,2026-02-15,C,2259
2063,2739,2025-07-15,C,2643
2064,2740,2025-03-31,A,5491
2065,2741,2025-06-29,A,1609
2066,2743,2025-10-08,A,6227
2067,2744,2025-07-05,A,2433
2068,2745,2025-04-24,A,10585
2069,2746,2025-09-27,A,5401
2070,2747,2025-07-20,A,5145
2071,2749,2025-07-14,A,11039
2072,2750,2025-07-28,A,11120
2073,2752,2025-07-12,A,1634
2074,2754,2025-08-17,C,383
2075,2755,2025-11-08,C,10251
2076,2756,2025-09-28,C,10396
2077,2757,2025-06-17,A,3030
2078,2758,2025-06-08,C,10027
2079,2759,2025-06-23,A,2553
2080,2760,2025-11-19,A,7547
2081,2761,2025-04-21,A,4354
2082,2763,2026-04-05,A,2259
2083,2764,2025-11-14,A,6595
2084,2767,2025-11-06,C,10203
2085,2768,2025-10-08,A,9975
2086,2769,2025-11-12,A,9077
2087,2771,2025-10-15,A,1814
2088,2773,2026-02-24,A,4353
2089,2774,2025-11-23,A,1116
2090,2775,2025-06-13,C,6715
2091,2776,2026-02-10,A,11364
2092,2777,2025-04-05,A,5351
2093,2778,2025-07-12,A,2595
2094,2779,2025-10-24,A,1038
2095,2780,2025-11-11,B,1568
2096,2781,2025-04-03,A,8509
2097,2782,2025-10-28,A,2259
2098,2783,2026-01-08,B,5466
2099,2784,2025-06-05,A,4593
2100,2785,2025-06-13,C,9388
2101,2788,2025-07-14,C,2005
2102,2789,2025-07-09,A,6867
2103,2790,2025-10-05,A,11187
2104,2791,2026-03-10,B,409
2105,2792,2025-09-22,A,8862
2106,2796,2025-09-03,A,5145
2107,2797,2025-01-31,A,2383
2108,2798,2025-10-13,A,6782
2109,2799,2025-08-08,B,479
2110,2800,2025-11-30,C,2495
2111,2801,2025-10-10,A,2431
2112,2802,2025-02-26,A,5689
2113,2803,2025-10-18,A,9200
2114,2805,2025-06-17,A,2690
2115,2806,2025-06-11,C,3418
2116,2807,2025-06-26,A,5850
2117,2809,2025-06-25,A,1062
2118,2810,2025-08-20,A,6275
2119,2811,2025-03-22,A,10354
2120,2814,2025-05-01,A,2205
2121,2815,2026-01-11,C,9902
2122,2816,2025-08-29,C,4064
2123,2817,2025-06-17,A,9576
2124,2818,2025-04-04,A,382
2125,2819,2025-12-25,C,6462
2126,2820,2025-10-14,A,2404
2127,2821,2025-09-20,C,4568
2128,2822,2026-05-10,A,2356
2129,2823,2025-06-27,A,454
2130,2824,2025-04-23,A,11576
2131,2825,2025-09-16,A,11038
2132,2826,2025-10-06,C,11167
2133,2828,2025-09-09,A,601
2134,2829,2025-07-21,A,3186
2135,2830,2025-07-27,A,5637
2136,2831,2025-02-20,C,603
2137,2832,2025-11-06,A,3958
2138,2833,2025-04-24,C,9411
2139,2834,2025-06-23,A,7668
2140,2835,2025-10-05,A,3604
2141,2837,2025-12-28,A,4134
2142,2838,2025-09-30,A,3509
2143,2839,2025-04-22,A,2384
2144,2840,2025-05-12,A,2553
2145,2842,2025-09-26,B,11533
2146,2844,2025-12-05,A,2310
2147,2847,2025-06-09,C,384
2148,2850,2025-10-13,A,6735
2149,2851,2026-03-22,C,8483
2150,2852,2025-02-20,C,5635
2151,2853,2025-04-05,C,1505
2152,2854,2025-07-17,A,4593
2153,2855,2026-04-10,C,1833
2154,2857,2025-03-21,A,502
2155,2858,2025-10-30,A,7386
2156,2859,2025-04-24,C,2203
2157,2860,2025-10-14,A,5351
2158,2861,2026-01-01,A,6201
2159,2862,2025-06-23,A,4374
2160,2863,2025-08-07,A,5330
2161,2864,2025-08-13,A,2205
2162,2866,2025-10-26,A,3809
2163,2867,2025-04-01,A,10201
2164,2868,2025-06-16,B,1163
2165,2870,2025-11-05,A,8290
2166,2875,2025-12-27,A,578
2167,2876,2025-08-12,C,1016
2168,2877,2025-08-16,A,2159
2169,2878,2025-09-16,A,8434
2170,2879,2025-05-16,A,2358
2171,2880,2025-08-18,B,2553
2172,2881,2025-08-11,B,11424
2173,2882,2025-10-03,A,8861
2174,2883,2026-03-26,A,6951
2175,2885,2025-07-26,A,2473
2176,2887,2025-05-31,C,2572
2177,2888,2025-05-05,A,4593
2178,2889,2025-06-03,A,10159
2179,2890,2025-08-18,A,5444
2180,2891,2025-02-23,A,1307
2181,2893,2026-01-22,A,1787
2182,2895,2025-05-08,A,556
2183,2896,2026-01-13,A,1160
2184,2897,2025-08-18,A,11207
2185,2898,2025-05-12,A,9157
2186,2899,2025-06-28,A,9157
2187,2900,2026-01-21,A,9736
2188,2903,2025-06-21,A,8291
2189,2905,2025-05-21,C,11166
2190,2906,2026-02-05,A,1307
2191,2908,2025-11-21,A,2180
2192,2909,2025-07-16,C,2310
2193,2910,2026-03-16,A,9462
2194,2911,2025-11-28,C,5635
2195,2912,2025-06-14,A,2385
2196,2913,2025-06-26,A,1917
2197,2915,2025-12-15,A,9483
2198,2917,2025-06-29,C,2160
2199,2918,2025-09-06,A,6568
2200,2919,2026-02-18,C,2615
2201,2920,2025-11-14,A,1421
2202,2921,2025-11-11,C,2665
2203,2922,2025-07-16,A,11012
2204,2923,2025-10-10,B,2204
2205,2925,2025-12-13,A,9736
2206,2926,2025-09-11,A,2594
2207,2927,2025-11-15,A,2385
2208,2928,2026-01-03,A,2231
2209,2929,2025-09-08,B,2282
2210,2933,2026-01-13,A,2643
2211,2935,2025-12-20,A,1689
2212,2936,2026-01-13,A,10513
2213,2937,2025-11-25,A,7792
2214,2938,2025-06-10,C,5588
2215,2939,2026-02-17,C,6569
2216,2941,2025-12-29,C,10793
2217,2942,2025-05-19,A,1887
2218,2943,2025-11-24,C,11364
2219,2944,2026-02-04,C,9030
2220,2945,2025-11-01,A,682
2221,2946,2026-03-11,A,11067
2222,2949,2025-10-13,B,1356
2223,2950,2025-09-23,A,7622
2224,2951,2025-12-17,A,2405
2225,2952,2025-09-23,B,2202
2226,2954,2025-03-05,B,5739
2227,2955,2025-11-09,A,4303
2228,2956,2025-07-27,A,9692
2229,2958,2025-02-28,A,6756
2230,2960,2025-05-29,C,10046
2231,2961,2025-05-01,B,3166
2232,2962,2025-12-01,C,2494
2233,2963,2025-11-21,A,2984
2234,2964,2025-09-18,A,5081
2235,2965,2026-02-03,C,10585
2236,2966,2026-02-28,A,4159
2237,2967,2025-08-12,A,2312
2238,2968,2025-12-06,A,8339
2239,2969,2025-07-03,A,2282
2240,2970,2025-08-28,A,11068
2241,2971,2025-08-17,A,6867
2242,2972,2025-11-02,A,7892
2243,2973,2025-06-10,A,2667
2244,2975,2025-03-21,A,2473
2245,2976,2025-05-15,C,9801
2246,2977,2025-07-02,C,2336
2247,2978,2025-09-29,A,5376
2248,2979,2025-06-01,A,2180
2249,2981,2026-02-20,A,6481
2250,2984,2025-06-16,A,2310
2251,2985,2025-10-21,A,2594
2252,2987,2025-04-25,A,11490
2253,2988,2025-10-15,A,2910
2254,2991,2025-03-02,A,2494
2255,2992,2025-08-28,A,9736
2256,2994,2025-09-05,A,1814
2257,2995,2025-06-16,A,2450
2258,2996,2025-11-14,A,2385
2259,2997,2025-09-17,A,2572
2260,2998,2026-01-13,A,8321
2261,2999,2025-05-14,A,9231
2262,3001,2025-12-09,A,645
2263,3002,2025-08-26,B,5208
2264,3003,2025-06-17,B,2475
2265,3005,2025-11-30,A,5304
2266,3006,2025-10-31,C,4248
2267,3007,2025-08-29,C,839
2268,3008,2026-02-24,A,5207
2269,3009,2025-08-24,C,8455
2270,3011,2026-02-20,C,6101
2271,3012,2025-06-12,C,2495
2272,3013,2025-08-21,A,8320
2273,3014,2026-02-08,A,3603
2274,3017,2025-08-16,A,9803
2275,3019,2025-06-12,A,2594
2276,3021,2025-09-22,C,1916
2277,3022,2025-08-16,A,5610
2278,3025,2025-10-13,A,2160
2279,3028,2026-01-02,B,454
2280,3029,2026-01-03,A,6504
2281,3030,2025-05-30,A,1570
2282,3032,2025-06-29,A,9627
2283,3033,2025-12-07,A,7314
2284,3034,2025-06-05,C,2135
2285,3035,2026-03-05,A,1160
2286,3036,2025-08-17,A,10116
2287,3038,2025-07-30,A,7436
2288,3039,2026-02-18,A,2615
2289,3040,2025-07-01,A,2494
2290,3043,2025-10-14,A,11012
2291,3044,2025-06-02,C,1714
2292,3045,2025-08-08,A,11319
2293,3046,2025-11-21,B,2284
2294,3047,2025-05-14,C,7196
2295,3048,2025-07-23,C,8247
2296,3049,2025-08-24,C,4274
2297,3050,2026-01-17,B,3704
2298,3051,2025-11-14,A,8835
2299,3053,2025-12-31,C,11554
2300,3054,2025-02-16,C,11167
2301,3055,2026-04-25,A,11366
2302,3057,2025-05-20,A,2358
2303,3058,2025-07-17,A,9825
2304,3059,2025-09-23,A,9296
2305,3060,2025-12-10,A,5330
2306,3061,2025-12-09,A,2382
2307,3062,2025-07-17,C,3915
2308,3064,2025-09-14,C,6890
2309,3065,2025-05-01,A,555
2310,3066,2025-09-26,A,5517
2311,3067,2025-11-06,B,6099
2312,3068,2025-08-11,A,4566
2313,3069,2025-06-18,A,8434
2314,3070,2025-08-21,A,2180
2315,3071,2025-10-16,A,10067
2316,3072,2025-12-03,C,4089
2317,3073,2025-08-05,A,6812
2318,3074,2025-07-15,A,3329
2319,3076,2025-04-28,A,2282
2320,3077,2025-06-28,A,10971
2321,3078,2026-03-15,A,10224
2322,3079,2025-10-06,A,2404
2323,3080,2025-08-01,A,2384
2324,3086,2025-04-28,A,2666
2325,3087,2025-09-07,A,2642
2326,3089,2025-08-13,A,2641
2327,3094,2025-03-30,A,2231
2328,3096,2025-12-08,A,2405
2329,3097,2025-07-23,A,2204
2330,3098,2025-06-29,A,2105
2331,3099,2025-06-16,A,3746
2332,3100,2025-11-28,A,2385
2333,3101,2025-04-09,A,3604
2334,3103,2026-01-31,A,1162
2335,3104,2026-01-21,A,3786
2336,3105,2026-01-05,A,8586
2337,3107,2025-08-23,A,10323
2338,3110,2025-06-03,A,8610
2339,3111,2025-04-04,A,6343
2340,3112,2025-06-15,A,9032
2341,3113,2026-03-25,A,11268
2342,3115,2026-01-01,A,4966
2343,3116,2025-12-24,A,9711
2344,3117,2025-03-06,A,4424
2345,3118,2025-09-11,A,7435
2346,3119,2025-08-06,A,4649
2347,3120,2025-08-03,A,6523
2348,3121,2026-04-05,C,2616
2349,3123,2025-09-27,A,1040
2350,3124,2025-09-19,A,2522
2351,3126,2025-08-07,C,5587
2352,3127,2026-04-17,A,557
2353,3128,2026-02-15,A,2205
2354,3129,2025-03-23,A,9924
2355,3130,2025-05-03,A,9650
2356,3131,2025-11-13,A,2432
2357,3132,2025-06-16,C,3728
2358,3133,2025-08-09,A,1787
2359,3134,2026-04-09,C,1815
2360,3136,2026-01-21,A,2311
2361,3137,2025-05-15,A,8679
2362,3138,2025-10-01,B,2284
2363,3139,2025-07-13,A,7791
2364,3140,2025-08-21,A,8247
2365,3141,2025-06-18,C,10675
2366,3143,2026-04-06,A,2182
2367,3144,2026-01-01,A,6481
2368,3147,2026-01-20,A,8195
2369,3148,2026-01-22,A,2450
2370,3149,2025-06-28,A,11012
2371,3150,2025-08-08,A,2473
2372,3151,2025-05-28,A,2259
2373,3152,2025-06-29,A,11650
2374,3153,2025-07-07,C,6128
2375,3155,2025-12-16,A,9129
2376,3156,2025-11-16,C,9901
2377,3157,2025-04-17,A,2204
2378,3158,2025-06-28,A,3655
2379,3159,2025-08-05,A,10302
2380,3160,2025-02-24,C,1786
2381,3161,2025-06-13,C,8436
2382,3163,2025-09-12,A,4375
2383,3164,2025-08-26,A,5825
2384,3165,2025-11-27,A,2667
2385,3166,2025-05-17,B,11289
2386,3167,2025-12-10,A,9483
2387,3171,2025-11-01,A,5125
2388,3172,2026-02-04,A,8223
2389,3173,2025-12-02,A,11424
2390,3174,2025-10-17,A,6929
2391,3177,2025-07-19,A,5016
2392,3179,2025-06-09,A,7667
2393,3181,2025-11-22,A,10028
2394,3182,2025-10-27,A,10204
2395,3183,2025-06-30,A,2571
2396,3185,2026-01-26,A,10944
2397,3188,2025-06-02,A,3831
2398,3190,2025-06-23,A,2666
2399,3192,2025-05-20,A,8585
2400,3193,2025-06-07,A,2616
2401,3194,2025-09-15,A,1632
2402,3195,2025-10-06,C,1420
2403,3196,2025-11-13,A,1788
2404,3197,2026-01-10,A,11471
2405,3198,2025-10-29,A,7740
2406,3199,2025-08-30,A,2666
2407,3200,2025-05-09,A,2357
2408,3202,2025-04-03,A,9949
2409,3204,2025-07-09,A,3987
2410,3205,2025-12-24,A,11771
2411,3206,2025-08-17,A,4039
2412,3207,2025-08-02,A,8934
2413,3208,2025-09-04,A,6735
2414,3209,2025-06-07,C,2005
2415,3210,2026-03-24,A,6277
2416,3212,2025-04-22,A,6812
2417,3213,2025-10-22,C,6126
2418,3214,2025-07-20,A,3655
2419,3215,2025-07-14,A,1332
2420,3216,2025-09-01,A,10585
2421,3217,2025-08-19,B,2552
2422,3218,2025-06-09,A,6153
2423,3219,2026-03-23,B,2474
2424,3221,2026-02-07,A,2203
2425,3222,2025-11-14,A,1941
2426,3224,2025-03-28,A,2384
2427,3225,2025-07-13,A,6641
2428,3227,2025-12-05,B,10305
2429,3228,2025-09-06,A,6929
2430,3230,2025-10-20,A,2336
2431,3233,2026-02-10,C,2553
2432,3235,2025-01-28,A,2571
2433,3236,2025-05-19,A,10487
2434,3239,2025-06-13,A,9200
2435,3240,2026-04-24,B,9232
2436,3241,2025-11-02,A,10439
2437,3242,2025-10-06,B,10354
2438,3243,2026-01-01,C,2935
2439,3244,2026-03-13,A,8767
2440,3248,2025-08-31,A,8456
2441,3250,2025-04-09,A,9202
2442,3252,2025-05-01,A,2473
2443,3253,2025-12-12,A,2551
2444,3254,2025-12-19,A,429
2445,3255,2025-06-29,B,8934
2446,3256,2026-01-24,A,1355
2447,3257,2026-01-04,A,10457
2448,3258,2025-10-26,A,11838
2449,3260,2025-07-19,A,3937
2450,3261,2025-04-15,C,1420
2451,3263,2025-10-12,A,6504
2452,3264,2025-06-21,C,10459
2453,3265,2025-12-20,A,2450
2454,3266,2025-07-11,B,2551
2455,3268,2025-10-15,A,9202
2456,3269,2025-12-12,C,8321
2457,3270,2025-01-31,A,2885
2458,3271,2026-02-27,A,2552
2459,3272,2025-10-24,A,4569
2460,3274,2026-03-20,A,2664
2461,3275,2025-08-13,C,11424
2462,3276,2025-06-23,A,2404
2463,3277,2025-12-15,B,7236
2464,3278,2025-09-08,B,5543
2465,3279,2025-03-16,A,2431
2466,3280,2025-07-21,A,6753
2467,3282,2025-07-24,A,2910
2468,3284,2025-05-27,A,9251
2469,3285,2025-05-26,A,9032
2470,3286,2025-09-15,A,2790
2471,3287,2025-08-03,A,11069
2472,3288,2025-06-23,A,4400
2473,3289,2025-11-20,A,2202
2474,3292,2025-12-08,A,9230
2475,3293,2025-03-29,A,6569
2476,3295,2026-01-29,C,2183
2477,3296,2025-07-26,A,3809
2478,3299,2025-12-16,A,11535
2479,3300,2025-07-26,C,2060
2480,3301,2025-12-11,A,2283
2481,3302,2025-04-09,A,10749
2482,3303,2026-01-22,A,1570
2483,3304,2025-03-14,C,2496
2484,3306,2025-06-07,C,2358
2485,3307,2025-07-13,A,3491
2486,3308,2025-04-01,A,1962
2487,3309,2025-08-06,A,4248
2488,3310,2025-10-23,C,11626
2489,3311,2025-11-08,A,3242
2490,3312,2026-02-07,A,2338
2491,3313,2026-03-15,A,2180
2492,3317,2025-12-10,C,2473
2493,3318,2025-05-14,A,9154
2494,3321,2025-05-13,A,7865
2495,3322,2026-01-03,A,4619
2496,3323,2025-10-17,A,3604
2497,3324,2025-09-17,A,2183
2498,3325,2025-12-19,A,10353
2499,3326,2025-04-13,B,4182
2500,3327,2026-02-14,A,2595
2501,3328,2025-07-27,A,5586
2502,3329,2025-09-02,A,10534
2503,3330,2025-10-14,A,4303
2504,3331,2025-07-08,A,2358
2505,3332,2026-03-08,C,6101
2506,3333,2025-11-03,A,6929
2507,3334,2025-06-22,C,2522
2508,3335,2025-11-08,B,1814
2509,3338,2025-09-21,A,4039
2510,3339,2025-05-03,A,9253
2511,3340,2025-07-23,A,3419
2512,3341,2026-03-02,A,10750
2513,3343,2025-09-18,A,3704
2514,3344,2025-12-22,A,10069
2515,3345,2025-04-21,A,4304
2516,3347,2025-11-13,A,4592
2517,3348,2025-03-17,B,2476
2518,3349,2025-05-22,C,6835
2519,3350,2026-02-24,A,2385
2520,3352,2026-01-19,A,10488
2521,3353,2025-11-27,B,1140
2522,3354,2025-11-18,A,4037
2523,3355,2025-08-07,B,8558
2524,3356,2025-07-16,A,10852
2525,3358,2025-08-27,A,11037
2526,3360,2025-09-19,A,2551
2527,3361,2025-10-14,A,6641
2528,3362,2025-10-09,A,6715
2529,3363,2025-12-16,A,711
2530,3365,2025-10-16,A,2496
2531,3366,2025-12-14,A,5014
2532,3367,2025-08-06,A,790
2533,3368,2025-03-21,A,2642
2534,3369,2025-12-08,A,4400
2535,3370,2025-05-31,A,6753
2536,3371,2025-09-20,A,9030
2537,3372,2025-06-06,A,2284
2538,3373,2025-05-23,A,11555
2539,3374,2025-08-18,C,1399
2540,3375,2025-09-12,A,1740
2541,3378,2025-04-08,C,683
2542,3379,2025-11-08,A,838
2543,3380,2025-11-08,A,1589
2544,3381,2025-09-27,C,2616
2545,3382,2025-12-14,A,3727
2546,3383,2025-10-16,A,4182
2547,3384,2026-04-10,A,9758
2548,3386,2025-10-24,A,9178
2549,3387,2025-10-25,A,9201
2550,3388,2025-04-23,A,11141
2551,3389,2026-03-12,A,2615
2552,3390,2025-12-27,A,3442
2553,3391,2025-05-07,A,5955
2554,3392,2025-09-22,C,10771
2555,3395,2025-12-25,C,5147
2556,3396,2025-03-24,C,7622
2557,3397,2025-09-24,A,4184
2558,3398,2025-05-14,A,1889
2559,3399,2025-09-02,A,2571
2560,3400,2025-10-25,A,5252
2561,3401,2025-04-17,A,2572
2562,3402,2026-04-13,A,8197
2563,3404,2026-01-10,A,10201
2564,3406,2025-08-06,A,2284
2565,3407,2025-07-12,C,4329
2566,3408,2025-12-26,B,10323
2567,3409,2025-11-07,A,7863
2568,3410,2025-09-30,A,4274
2569,3411,2025-11-01,B,5588
2570,3412,2026-04-06,A,2385
2571,3414,2026-01-05,A,11386
2572,3417,2025-09-28,B,2385
2573,3418,2025-05-04,C,5330
2574,3419,2025-06-09,A,8706
2575,3420,2025-11-24,A,810
2576,3423,2026-01-25,A,2476
2577,3424,2025-05-24,A,10225
2578,3425,2025-08-19,A,6382
2579,3428,2025-07-08,A,3958
2580,3429,2025-10-02,A,11187
2581,3430,2025-04-18,A,10486
2582,3431,2025-07-19,A,7695
2583,3432,2025-06-14,A,578
2584,3433,2025-09-05,A,9128
2585,3434,2025-12-24,B,7971
2586,3435,2025-03-08,C,9878
2587,3436,2025-09-18,A,2383
2588,3437,2025-06-14,A,3705
2589,3440,2025-08-28,A,1089
2590,3441,2025-04-30,A,2711
2591,3443,2025-12-23,C,2382
2592,3447,2025-08-23,A,2936
2593,3449,2025-02-09,A,5761
2594,3450,2025-06-17,A,1040
2595,3451,2025-05-08,A,3559
2596,3453,2025-07-10,A,4276
2597,3455,2025-07-24,A,406
2598,3456,2026-03-17,A,8015
2599,3459,2025-11-19,A,9032
2600,3460,2025-11-11,A,5826
2601,3461,2025-06-16,A,3420
2602,3463,2025-06-27,A,9758
2603,3464,2025-05-16,B,3536
2604,3465,2025-06-16,A,2814
2605,3466,2025-06-12,B,10066
2606,3467,2025-08-06,A,8936
2607,3469,2026-01-18,A,2356
2608,3470,2025-04-15,A,6099
2609,3471,2025-05-22,A,2667
2610,3472,2026-04-05,B,3703
2611,3473,2025-10-06,A,11513
2612,3476,2025-04-22,C,5125
2613,3477,2025-12-24,A,3071
2614,3478,2025-12-17,A,10352
2615,3479,2025-12-02,B,6325
2616,3480,2025-10-21,A,10488
2617,3481,2025-03-03,C,2230
2618,3482,2025-11-29,A,9759
2619,3483,2025-05-12,B,2523
2620,3484,2025-08-02,A,2385
2621,3485,2025-05-05,A,9389
2622,3486,2025-07-14,A,5122
2623,3487,2026-03-22,A,1016
2624,3488,2025-10-25,A,6715
2625,3489,2025-08-17,A,9711
2626,3490,2026-01-30,A,10513
2627,3491,2026-02-24,A,6175
2628,3492,2025-09-11,A,2473
2629,3493,2025-11-21,A,6980
2630,3494,2026-03-27,B,2473
2631,3495,2026-02-09,A,10611
2632,3497,2025-10-14,A,6755
2633,3499,2025-11-30,A,6981
2634,3500,2025-09-28,A,2432
2635,3502,2025-07-19,A,2406
2636,3503,2025-06-01,A,7546
2637,3505,2025-06-16,A,6616
2638,3506,2025-08-12,A,9101
2639,3507,2025-12-23,A,1331
2640,3509,2025-11-24,A,6865
2641,3510,2025-11-07,A,11555
2642,3511,2025-11-15,A,4569
2643,3512,2025-05-02,A,2382
2644,3513,2025-05-17,A,2230
2645,3514,2025-09-27,A,8585
2646,3515,2025-07-30,A,8766
2647,3516,2025-04-10,A,8435
2648,3517,2025-03-08,A,4648
2649,3518,2025-09-15,A,3810
2650,3520,2025-11-11,A,11207
2651,3521,2025-07-05,A,2552
2652,3522,2025-03-21,A,10352
2653,3523,2025-08-17,A,8269
2654,3524,2025-08-23,A,6009
2655,3525,2025-10-28,A,2259
2656,3526,2025-08-30,A,6837
2657,3527,2025-08-27,A,9129
2658,3528,2025-12-03,A,767
2659,3529,2025-04-29,C,6952
2660,3532,2026-03-21,A,4541
2661,3535,2025-11-26,B,6176
2662,3537,2025-05-30,A,10750
2663,3539,2025-04-27,A,10874
2664,3541,2026-03-05,C,2384
2665,3542,2025-09-13,A,2404
2666,3544,2025-05-16,A,9823
2667,3545,2025-04-19,C,8807
2668,3546,2025-10-20,A,2382
2669,3547,2025-08-16,A,5351
2670,3548,2025-07-16,A,3442
2671,3549,2025-08-13,A,4160
2672,3551,2025-07-19,A,9130
2673,3552,2025-05-21,A,2712
2674,3553,2025-07-01,A,4183
2675,3554,2025-07-13,A,3580
2676,3555,2025-05-15,A,2473
2677,3556,2025-12-20,A,2183
2678,3557,2025-06-17,A,6753
2679,3558,2025-06-19,A,7602
2680,3560,2025-09-01,C,2571
2681,3561,2025-06-14,A,10987
2682,3562,2025-08-10,A,2473
2683,3563,2025-05-25,C,1524
2684,3564,2025-06-24,A,915
2685,3566,2025-07-09,A,9576
2686,3568,2025-08-24,A,10047
2687,3569,2025-11-17,A,11471
2688,3571,2025-09-16,B,9899
2689,3572,2025-07-29,A,2812
2690,3573,2025-03-25,A,2571
2691,3574,2025-12-16,A,10793
2692,3575,2025-12-15,A,11403
2693,3576,2025-06-21,A,937
2694,3578,2026-04-02,A,5057
2695,3579,2025-09-03,A,2594
2696,3580,2025-05-20,A,9298
2697,3581,2025-11-24,A,5953
2698,3582,2025-04-11,A,11096
2699,3583,2025-08-01,A,2181
2700,3584,2025-09-17,C,6230
2701,3585,2026-01-07,C,2336
2702,3586,2026-01-29,A,6296
2703,3589,2026-01-01,A,11039
2704,3590,2025-11-25,A,5515
2705,3591,2025-09-28,A,11491
2706,3593,2025-06-23,A,2159
2707,3595,2025-09-30,C,1962
2708,3596,2025-06-16,A,6690
2709,3597,2025-11-14,A,10133
2710,3600,2026-01-24,B,1982
2711,3601,2025-04-23,A,3510
2712,3602,2025-08-11,A,2231
2713,3604,2025-06-27,A,2311
2714,3605,2025-07-16,A,8482
2715,3608,2025-02-11,A,2595
2716,3610,2026-01-08,A,9973
2717,3611,2025-10-08,B,2641
2718,3612,2025-06-13,C,1356
2719,3613,2025-12-24,A,2496
2720,3614,2025-12-26,A,8171
2721,3615,2025-07-10,A,3913
2722,3616,2026-04-04,A,2059
2723,3617,2026-02-23,A,11798
2724,3618,2025-09-08,A,4618
2725,3619,2025-08-14,A,10069
2726,3620,2026-01-23,A,8559
2727,3621,2025-05-31,C,11121
2728,3622,2025-05-30,A,7491
2729,3623,2025-10-03,A,2476
2730,3625,2025-04-26,A,5146
2731,3626,2025-10-11,A,3303
2732,3627,2025-04-14,C,2107
2733,3629,2025-08-16,C,890
2734,3631,2025-09-11,A,5209
2735,3633,2025-09-10,A,1115
2736,3634,2025-05-12,A,4966
2737,3635,2025-07-13,A,6715
2738,3636,2025-03-27,A,2159
2739,3637,2026-04-29,A,10305
2740,3639,2026-03-04,A,7843
2741,3640,2025-03-06,A,10250
2742,3641,2025-11-14,C,2431
2743,3643,2025-05-24,A,8095
2744,3644,2025-11-04,A,7519
2745,3645,2025-07-22,A,5186
2746,3646,2025-09-02,C,3809
2747,3647,2025-08-25,C,1180
2748,3648,2025-03-29,A,8935
2749,3649,2025-10-07,A,2433
2750,3651,2026-04-10,C,9846
2751,3652,2025-06-25,A,1379
2752,3653,2025-04-20,A,2450
2753,3654,2025-12-23,C,9876
2754,3655,2025-12-24,A,5402
2755,3657,2025-10-28,A,5663
2756,3658,2025-05-04,B,4373
2757,3660,2025-10-31,A,6152
2758,3661,2025-05-17,A,6460
2759,3662,2025-06-17,A,2358
2760,3663,2025-10-19,C,4943
2761,3664,2025-07-07,A,7970
2762,3665,2025-09-25,A,2641
2763,3666,2025-04-22,A,5691
2764,3668,2025-04-17,A,6125
2765,3669,2026-02-01,A,2081
2766,3670,2025-08-04,A,968
2767,3672,2025-09-20,A,2473
2768,3673,2025-11-23,A,2594
2769,3674,2025-06-09,A,2259
2770,3675,2025-06-12,A,5122
2771,3676,2025-04-28,A,1915
2772,3677,2026-04-08,A,2204
2773,3678,2025-06-28,A,406
2774,3680,2025-06-20,A,2338
2775,3681,2026-02-01,C,7102
2776,3683,2026-02-11,A,5444
2777,3685,2025-05-14,A,2337
2778,3686,2025-10-25,A,7316
2779,3687,2025-08-02,A,1356
2780,3688,2025-03-15,A,10873
2781,3689,2025-12-07,A,2475
2782,3690,2025-12-26,A,9253
2783,3691,2025-07-05,A,8535
2784,3692,2025-08-26,C,3633
2785,3693,2025-09-22,C,10585
2786,3694,2025-10-28,A,2003
2787,3695,2025-03-14,A,11069
2788,3698,2025-08-24,A,2473
2789,3699,2026-02-18,A,2553
2790,3700,2025-06-23,A,11387
2791,3702,2025-12-02,A,1887
2792,3703,2025-06-26,A,9780
2793,3704,2025-07-11,C,2259
2794,3705,2025-05-14,A,2523
2795,3706,2026-02-19,A,4133
2796,3708,2025-06-27,A,6715
2797,3709,2025-04-15,A,8835
2798,3710,2025-06-06,A,2231
2799,3711,2025-07-15,A,2160
2800,3713,2025-10-23,A,2451
2801,3714,2025-08-18,A,11387
2802,3716,2025-08-28,A,11578
2803,3717,2025-06-02,C,2204
2804,3718,2025-11-13,C,9692
2805,3719,2025-04-02,A,2205
2806,3720,2025-11-20,A,2552
2807,3721,2025-12-22,A,2181
2808,3722,2025-09-01,A,7463
2809,3724,2025-05-15,A,6911
2810,3725,2025-09-24,A,5637
2811,3726,2025-07-23,A,9338
2812,3727,2025-12-08,A,2616
2813,3729,2025-10-25,A,4966
2814,3730,2025-11-13,A,9231
2815,3731,2025-07-01,C,2205
2816,3732,2025-04-07,C,2615
2817,3733,2026-02-24,A,2496
2818,3735,2025-09-10,B,968
2819,3740,2025-05-19,C,2642
2820,3741,2025-12-13,A,1441
2821,3742,2025-10-12,A,11719
2822,3744,2026-01-10,A,5638
2823,3746,2025-04-24,A,6504
2824,3747,2025-09-09,A,5823
2825,3748,2025-08-13,A,3491
2826,3749,2025-06-07,A,11187
2827,3751,2025-03-05,A,5465
2828,3752,2025-07-11,A,1400
2829,3753,2026-01-30,C,1715
2830,3754,2025-11-01,A,2667
2831,3755,2025-06-12,A,1762
2832,3756,2025-05-06,A,2474
2833,3758,2025-12-18,C,2594
2834,3760,2025-02-25,A,11012
2835,3761,2025-10-30,A,8960
2836,3762,2025-04-26,C,4184
2837,3764,2025-11-01,A,11535
2838,3765,2025-11-19,A,4746
2839,3766,2025-05-28,A,6297
2840,3767,2025-02-23,B,10177
2841,3768,2025-08-14,B,2664
2842,3769,2025-08-28,A,6891
2843,3770,2026-01-17,A,10069
2844,3772,2026-01-07,C,1589
2845,3774,2026-02-20,A,1569
2846,3775,2026-04-27,B,1589
2847,3777,2025-08-29,A,11647
2848,3778,2025-10-16,A,1788
2849,3779,2025-12-29,A,8291
2850,3782,2025-04-04,A,6297
2851,3783,2025-06-07,A,10771
2852,3784,2025-07-22,A,2312
2853,3785,2026-01-06,A,1482
2854,3787,2025-07-04,A,5489
2855,3788,2025-08-01,A,2572
2856,3790,2025-07-15,A,5423
2857,3792,2025-11-01,C,8678
2858,3794,2026-01-27,B,2404
2859,3796,2025-08-18,C,2666
2860,3797,2025-08-20,A,2382
2861,3798,2025-06-06,A,713
2862,3799,2025-09-07,A,1739
2863,3801,2025-09-06,A,5014
2864,3802,2025-11-03,A,9101
2865,3803,2025-07-18,C,8119
2866,3804,2025-07-23,C,3763
2867,3805,2025-05-11,A,10772
2868,3806,2025-04-03,A,4183
2869,3807,2025-07-22,A,2665
2870,3809,2026-02-14,A,6524
2871,3810,2025-06-23,A,1814
2872,3812,2025-12-04,C,2666
2873,3813,2025-04-17,A,11451
2874,3814,2025-07-04,A,2258
2875,3815,2026-01-02,A,5015
2876,3816,2025-09-19,A,2160
2877,3817,2025-12-30,A,2356
2878,3819,2025-08-22,B,9670
2879,3821,2026-02-05,B,10068
2880,3822,2025-07-23,A,2522
2881,3824,2025-10-13,A,8789
2882,3825,2025-05-04,A,1141
2883,3827,2025-11-29,A,5401
2884,3828,2026-01-20,B,3861
2885,3829,2025-03-18,A,2311
2886,3830,2025-09-14,A,2433
2887,3832,2025-03-19,A,2202
2888,3833,2025-12-20,A,2451
2889,3836,2025-09-11,A,4993
2890,3838,2025-12-03,C,6099
2891,3839,2025-10-02,A,3418
2892,3840,2025-08-15,A,7029
2893,3842,2025-12-24,A,9824
2894,3843,2025-06-26,A,11910
2895,3844,2025-10-26,C,11237
2896,3845,2025-06-22,C,2358
2897,3846,2025-05-27,A,5564
2898,3847,2025-10-20,A,2405
2899,3850,2025-10-01,A,1113
2900,3851,2025-04-10,A,3859
2901,3853,2025-08-01,A,9599
2902,3856,2025-08-10,A,8455
2903,3857,2025-11-19,A,2984
2904,3858,2025-03-27,B,9200
2905,3859,2025-09-17,C,2310
2906,3860,2025-05-02,B,2312
2907,3861,2025-06-24,A,2642
2908,3862,2026-02-19,A,5304
2909,3865,2025-09-29,A,8884
2910,3867,2025-05-23,A,5145
2911,3868,2025-09-22,C,1262
2912,3869,2025-09-05,A,10025
2913,3870,2025-10-31,A,6175
2914,3871,2025-07-01,A,556
2915,3873,2025-06-30,A,2183
2916,3874,2025-12-10,A,2337
2917,3875,2025-08-02,A,4871
2918,3877,2025-10-28,A,4038
2919,3878,2025-07-20,A,2595
2920,3879,2025-12-16,C,4302
2921,3880,2025-06-14,A,6981
2922,3881,2026-04-20,A,8737
2923,3882,2025-07-10,A,8558
2924,3883,2025-07-07,C,2404
2925,3884,2026-01-10,A,3535
2926,3885,2025-09-16,A,3214
2927,3886,2025-06-13,C,8290
2928,3887,2025-12-08,A,5689
2929,3889,2025-10-01,B,2474
2930,3890,2025-12-30,A,10875
2931,3891,2025-06-17,C,3959
2932,3892,2025-10-08,A,8806
2933,3895,2025-11-06,C,3360
2934,3896,2025-08-30,A,5225
2935,3897,2025-07-16,A,1482
2936,3898,2026-01-01,A,11626
2937,3899,2025-09-07,A,525
2938,3900,2025-06-19,A,2496
2939,3901,2025-09-12,A,8807
2940,3902,2025-11-10,A,2553
2941,3903,2025-04-18,A,6127
2942,3904,2026-02-07,A,2383
2943,3905,2025-10-03,A,5586
2944,3906,2025-08-04,A,2476
2945,3907,2025-05-08,B,2432
2946,3908,2026-01-21,A,6809
2947,3909,2026-03-10,B,6200
2948,3910,2025-04-17,A,4304
2949,3911,2025-07-20,A,2259
2950,3912,2026-02-01,A,1984
2951,3913,2025-05-26,A,6416
2952,3914,2025-07-10,A,8611
2953,3915,2026-03-22,A,1505
2954,3917,2025-09-28,A,11743
2955,3919,2025-02-28,B,1462
2956,3920,2025-03-10,A,10971
2957,3921,2025-06-13,A,10177
2958,3922,2025-04-24,A,9389
2959,3924,2025-10-13,A,2616
2960,3926,2025-09-22,A,2405
2961,3927,2026-03-05,C,8633
2962,3928,2025-03-05,A,2385
2963,3931,2025-07-14,A,4569
2964,3932,2025-07-07,A,9154
2965,3933,2026-03-10,A,1763
2966,3934,2025-05-19,A,4569
2967,3935,2025-11-04,A,5636
2968,3936,2025-08-16,A,6812
2969,3938,2026-03-16,A,8456
2970,3939,2025-10-11,A,2667
2971,3942,2025-10-01,A,2159
2972,3943,2025-11-05,B,9156
2973,3944,2025-06-29,A,9780
2974,3946,2025-10-27,B,5585
2975,3947,2026-05-11,A,4374
2976,3948,2025-12-17,A,2356
2977,3949,2025-06-22,C,2283
2978,3950,2025-11-02,A,8660
2979,3951,2025-07-20,A,768
2980,3952,2025-12-16,C,5145
2981,3953,2025-09-15,A,2523
2982,3954,2025-10-29,B,5690
2983,3955,2026-01-19,A,4469
2984,3957,2026-01-06,A,2284
2985,3958,2025-08-05,C,6547
2986,3959,2025-12-05,A,8981
2987,3961,2025-09-03,B,4618
2988,3962,2025-09-02,A,9317
2989,3964,2025-08-03,A,10353
2990,3965,2025-07-02,A,11237
2991,3966,2025-10-11,A,11070
2992,3967,2025-07-12,A,4522
2993,3968,2026-01-25,C,6617
2994,3969,2026-01-01,A,2615
2995,3970,2025-04-22,A,3492
2996,3971,2025-09-19,A,2356
2997,3972,2026-04-28,C,2741
2998,3973,2025-04-27,A,2181
2999,3974,2025-08-05,A,5226
3000,3975,2025-06-28,A,8766
3001,3976,2025-07-01,C,8247
3002,3977,2026-02-12,A,2495
3003,3978,2025-05-24,A,4593
3004,3979,2025-10-23,B,2230
3005,3980,2026-03-31,B,6891
3006,3981,2025-06-12,B,2451
3007,3983,2025-05-13,A,10375
3008,3984,2026-03-04,A,1787
3009,3987,2026-01-29,A,9759
3010,3988,2025-10-05,A,5329
3011,3989,2026-02-04,A,6692
3012,3990,2025-02-21,A,11625
3013,3991,2025-09-28,A,11470
3014,3992,2025-10-11,A,1834
3015,3993,2025-05-16,A,5803
3016,3994,2025-06-23,A,7863
3017,3995,2025-03-22,A,2641
3018,3996,2026-01-18,B,9950
3019,3998,2025-05-30,B,2182
3020,3999,2025-06-06,B,9336
3021,4001,2025-12-07,C,2689
3022,4002,2025-08-17,A,8147
3023,4004,2025-07-18,C,6930
3024,4005,2026-01-21,C,1787
3025,4006,2025-07-04,A,6416
3026,4007,2025-04-20,A,4354
3027,4008,2025-11-03,C,2159
3028,4009,2025-06-29,C,578
3029,4010,2025-10-23,A,7463
3030,4012,2026-02-20,A,1180
3031,4013,2025-11-17,A,2938
3032,4014,2025-08-09,A,2432
3033,4015,2025-11-10,A,9899
3034,4016,2026-02-04,A,10853
3035,4018,2025-11-30,A,740
3036,4021,2026-02-02,A,9899
3037,4022,2025-03-13,A,5228
3038,4023,2025-06-06,A,10750
3039,4024,2025-07-22,A,2689
3040,4026,2025-12-09,A,4849
3041,4027,2025-03-02,A,2358
3042,4028,2025-05-06,A,2523
3043,4029,2025-11-15,B,8809
3044,4030,2025-06-09,A,2665
3045,4032,2025-08-19,A,7366
3046,4033,2025-11-07,A,5489
3047,4035,2025-03-03,A,1443
3048,4036,2025-06-03,A,3915
3049,4037,2025-02-16,A,6929
3050,4038,2026-01-25,A,4248
3051,4039,2026-02-27,B,1690
3052,4040,2026-05-23,B,2159
3053,4041,2025-08-27,A,10224
3054,4042,2025-06-13,A,9669
3055,4043,2025-08-14,A,4112
3056,4044,2025-07-06,A,8247
3057,4045,2026-01-16,A,2571
3058,4046,2026-04-08,A,11553
3059,4047,2025-12-19,A,9127
3060,4048,2025-09-23,A,9129
3061,4049,2025-02-19,A,2336
3062,4050,2025-07-12,A,4919
3063,4052,2025-05-23,A,2383
3064,4053,2025-05-10,A,2643
3065,4054,2025-07-20,A,6667
3066,4055,2025-04-28,C,2383
3067,4057,2025-03-28,A,2310
3068,4059,2025-06-13,C,2181
3069,4060,2025-09-11,A,602
3070,4061,2025-06-07,A,2282
3071,4063,2025-07-20,A,2312
3072,4064,2025-09-29,C,6980
3073,4066,2025-08-07,A,9823
3074,4067,2025-05-24,A,1524
3075,4068,2025-08-16,A,9079
3076,4069,2025-08-31,A,10822
3077,4070,2025-07-09,A,2356
3078,4071,2026-02-24,A,2312
3079,4072,2025-05-19,A,7843
3080,4073,2025-06-15,C,2406
3081,4074,2025-07-14,A,9922
3082,4075,2025-07-07,A,2357
3083,4076,2026-02-03,A,9973
3084,4077,2025-05-06,A,9801
3085,4078,2026-01-02,A,2283
3086,4079,2026-01-30,A,3215
3087,4080,2025-07-09,A,6911
3088,4082,2025-08-21,C,624
3089,4083,2025-09-26,A,10091
3090,4084,2025-03-19,A,9671
3091,4085,2025-10-08,A,2337
3092,4086,2025-08-05,A,5637
3093,4087,2025-05-23,A,2572
3094,4088,2025-12-25,A,8736
3095,4089,2025-07-01,C,2107
3096,4090,2025-08-23,A,8585
3097,4092,2025-06-17,A,1442
3098,4093,2025-10-18,A,2282
3099,4094,2025-06-02,A,9997
3100,4095,2025-05-21,A,2474
3101,4096,2025-05-02,A,5875
3102,4097,2026-01-28,A,10046
3103,4098,2026-01-18,A,2202
3104,4099,2025-05-11,A,1505
3105,4100,2025-08-20,C,480
3106,4101,2025-08-07,A,6755
3107,4102,2026-01-05,A,666
3108,4103,2025-07-06,A,9410
3109,4104,2025-11-10,A,2475
3110,4105,2025-06-21,A,11188
3111,4106,2025-12-23,A,7843
3112,4107,2025-04-14,A,4065
3113,4108,2026-02-09,A,5304
3114,4109,2025-12-01,C,2642
3115,4111,2025-08-10,A,2451
3116,4112,2025-12-30,A,4468
3117,4113,2025-10-05,B,1088
3118,4114,2025-03-19,A,9252
3119,4116,2025-03-13,A,6809
3120,4117,2026-02-07,A,8634
3121,4119,2025-07-22,A,9710
3122,4120,2025-06-07,A,4134
3123,4122,2025-07-06,C,1398
3124,4123,2025-07-08,A,8220
3125,4125,2025-06-22,A,3537
3126,4126,2025-04-15,A,8093
3127,4128,2025-06-07,B,838
3128,4129,2025-09-23,A,8934
3129,4130,2025-06-15,A,8414
3130,4134,2025-05-23,A,2615
3131,4135,2025-06-27,A,6811
3132,4136,2025-09-21,C,2181
3133,4137,2025-10-02,A,2203
3134,4139,2025-07-03,C,2338
3135,4142,2026-02-11,A,1587
3136,4143,2025-10-25,A,3419
3137,4144,2026-03-14,C,2982
3138,4146,2025-10-20,C,11513
3139,4148,2025-11-27,C,7575
3140,4150,2025-10-07,A,2230
3141,4151,2026-02-27,C,1461
3142,4152,2025-07-15,A,6734
3143,4153,2025-11-28,A,8063
3144,4154,2025-10-25,B,9201
3145,4156,2025-05-27,A,5922
3146,4158,2026-04-16,A,9505
3147,4159,2026-04-26,A,2665
3148,4161,2025-11-06,A,2594
3149,4163,2025-11-20,A,3560
3150,4165,2025-12-03,A,9077
3151,4167,2026-04-06,A,2337
3152,4168,2025-04-15,C,4374
3153,4169,2025-07-22,A,3634
3154,4170,2025-09-06,A,3167
3155,4173,2025-12-06,A,10047
3156,4176,2025-07-15,C,2382
3157,4177,2025-06-27,A,3602
3158,4178,2025-09-26,C,2159
3159,4179,2025-10-06,A,10851
3160,4180,2026-01-01,A,6911
3161,4181,2025-05-20,A,5738
3162,4182,2026-01-08,B,4302
3163,4183,2025-03-26,A,3746
3164,4186,2025-10-21,A,7287
3165,4187,2025-04-12,C,2160
3166,4188,2025-07-05,B,2431
3167,4189,2025-05-23,A,4276
3168,4190,2025-07-24,C,1916
3169,4191,2025-07-31,A,3763
3170,4192,2025-08-02,A,916
3171,4193,2025-11-12,A,1524
3172,4194,2025-11-14,A,3441
3173,4195,2025-08-15,C,2495
3174,4196,2025-09-30,A,7435
3175,4197,2025-08-09,A,11798
3176,4201,2025-11-30,A,3118
3177,4202,2026-04-10,C,2594
3178,4203,2025-06-19,C,10325
3179,4204,2025-05-06,A,1983
3180,4205,2025-10-19,B,2450
3181,4206,2025-10-29,B,2857
3182,4207,2025-05-01,A,2259
3183,4208,2025-08-17,A,10750
3184,4210,2025-08-24,A,6125
3185,4211,2026-01-22,A,11533
3186,4212,2025-04-14,A,10280
3187,4213,2025-05-09,A,2474
3188,4214,2025-12-16,A,3861
3189,4217,2025-09-11,A,7546
3190,4218,2025-10-07,A,1483
3191,4219,2026-03-18,A,2406
3192,4220,2025-09-19,B,7264
3193,4221,2025-06-17,C,2310
3194,4222,2025-09-19,A,6098
3195,4223,2025-08-21,A,11491
3196,4225,2025-09-14,A,2571
3197,4226,2026-02-15,A,6054
3198,4227,2025-02-22,A,2338
3199,4228,2025-05-15,A,9781
3200,4231,2026-03-24,A,10943
3201,4232,2025-09-28,A,3728
3202,4233,2025-07-12,A,9735
3203,4234,2025-03-29,A,2382
3204,4235,2025-09-17,A,2496
3205,4236,2025-10-09,C,3009
3206,4237,2025-06-07,A,10512
3207,4238,2025-07-13,C,2282
3208,4239,2026-03-20,A,8612
3209,4240,2025-12-30,A,8658
3210,4241,2025-06-08,A,742
3211,4243,2025-10-06,A,4227
3212,4245,2025-08-07,C,2258
3213,4247,2025-05-13,A,9876
3214,4248,2026-02-10,C,10067
3215,4249,2026-05-09,A,8885
3216,4250,2025-09-14,A,4568
3217,4251,2025-03-11,A,7819
3218,4252,2025-06-25,A,7436
3219,4253,2025-05-09,A,5564
3220,4254,2025-10-27,A,2571
3221,4255,2025-08-19,C,2433
3222,4256,2025-12-16,C,2963
3223,4260,2025-04-29,A,2523
3224,4261,2025-06-14,A,10944
3225,4262,2026-01-18,C,1398
3226,4263,2025-08-17,A,10988
3227,4264,2025-12-14,A,10305
3228,4265,2026-01-02,A,5564
3229,4266,2025-09-02,A,5635
3230,4268,2025-05-02,A,4966
3231,4270,2025-11-02,A,4470
3232,4271,2026-01-09,A,5491
3233,4272,2025-07-24,C,10487
3234,4273,2025-07-28,B,9802
3235,4274,2025-11-29,C,2357
3236,4276,2025-04-05,A,6951
3237,4277,2025-03-05,A,3402
3238,4278,2026-01-30,C,1483
3239,4279,2025-06-15,C,3383
3240,4280,2025-04-27,A,9156
3241,4281,2025-10-30,C,2473
3242,4282,2025-12-01,A,1715
3243,4283,2025-04-10,C,2666
3244,4284,2025-06-25,A,4304
3245,4285,2025-09-15,A,3030
3246,4286,2026-03-02,A,1569
3247,4287,2026-01-16,C,8807
3248,4288,2026-03-05,A,2523
3249,4289,2025-03-20,C,9690
3250,4290,2025-06-17,A,6436
3251,4291,2025-06-09,A,4204
3252,4292,2025-06-22,A,2405
3253,4293,2025-07-31,A,10177
3254,4294,2025-07-26,A,2473
3255,4295,2025-08-19,A,478
3256,4296,2025-06-21,A,10325
3257,4297,2026-02-01,A,1016
3258,4298,2025-04-06,A,10612
3259,4299,2025-10-06,A,9878
3260,4300,2025-07-15,A,2642
3261,4301,2026-04-26,A,8484
3262,4302,2025-09-21,A,811
3263,4303,2025-09-11,A,11577
3264,4304,2025-11-23,A,793
3265,4305,2025-11-19,A,9781
3266,4306,2025-10-16,C,7056
3267,4307,2025-04-13,C,5542
3268,4308,2025-03-25,A,9317
3269,4309,2025-03-02,A,4353
3270,4310,2025-09-20,C,2616
3271,4311,2026-02-10,A,3303
3272,4312,2025-04-27,A,2642
3273,4314,2025-09-24,A,5825
3274,4315,2025-07-01,A,9760
3275,4317,2025-04-25,A,10249
3276,4318,2025-04-03,A,2180
3277,4319,2025-04-12,A,2003
3278,4320,2025-10-04,C,11267
3279,4321,2026-01-14,A,5488
3280,4322,2025-08-11,C,2451
3281,4323,2025-06-07,A,2496
3282,4324,2025-05-03,B,1568
3283,4325,2025-05-02,A,4399
3284,4327,2026-01-13,C,1917
3285,4328,2026-03-14,A,4671
3286,4330,2025-07-30,A,453
3287,4331,2025-09-04,C,2571
3288,4332,2025-12-05,A,2665
3289,4333,2025-06-30,A,2181
3290,4335,2026-01-11,A,9077
3291,4336,2025-11-29,A,2385
3292,4337,2026-04-11,A,990
3293,4338,2025-11-09,A,8320
3294,4339,2026-02-21,A,2451
3295,4340,2025-09-24,A,2337
3296,4341,2025-09-27,A,6324
3297,4342,2025-07-03,A,8195
3298,4343,2025-05-30,A,5080
3299,4344,2025-06-09,C,5057
3300,4345,2026-01-01,C,6364
3301,4346,2025-10-14,A,2496
3302,4347,2025-08-17,B,6837
3303,4348,2025-07-21,A,2203
3304,4349,2025-03-18,A,9923
3305,4350,2026-01-23,A,10225
3306,4351,2026-03-04,C,2553
3307,4352,2026-02-21,A,2404
3308,4353,2025-05-13,B,2005
3309,4355,2025-06-19,A,6910
3310,4357,2025-10-06,A,2337
3311,4358,2025-10-12,C,1504
3312,4360,2025-12-20,A,5895
3313,4362,2025-12-01,A,3745
3314,4363,2025-06-05,C,2231
3315,4364,2025-09-18,A,10440
3316,4365,2026-02-26,C,384
3317,4366,2025-10-04,A,11237
3318,4367,2026-01-09,C,5401
3319,4368,2025-06-05,C,10457
3320,4369,2025-09-29,A,8706
3321,4370,2025-04-02,A,1288
3322,4373,2025-09-09,A,9076
3323,4374,2025-10-25,A,9031
3324,4376,2026-01-03,A,4569
3325,4377,2026-01-07,A,10224
3326,4378,2025-10-31,A,2432
3327,4379,2025-11-05,A,2522
3328,4382,2025-06-22,A,2476
3329,4383,2025-06-17,A,5104
3330,4384,2025-07-21,A,2450
3331,4385,2026-02-09,C,2160
3332,4386,2025-09-06,A,10028
3333,4387,2025-06-13,A,2594
3334,4388,2025-03-28,A,1917
3335,4389,2025-05-20,A,9433
3336,4391,2025-11-28,C,2496
3337,4392,2025-02-25,A,2160
3338,4393,2025-12-28,A,4542
3339,4394,2026-03-21,A,2383
3340,4395,2025-11-17,C,3986
3341,4396,2025-03-27,C,382
3342,4397,2025-04-03,A,11187
3343,4398,2025-07-13,A,2160
3344,4399,2025-09-13,C,11911
3345,4400,2025-08-04,A,2552
3346,4402,2025-07-01,C,2571
3347,4403,2025-06-02,A,5924
3348,4404,2025-07-01,A,10203
3349,4405,2025-03-30,A,1762
3350,4406,2025-03-02,A,6076
3351,4407,2025-10-24,A,8173
3352,4408,2025-09-05,A,862
3353,4415,2025-09-21,A,9628
3354,4416,2025-08-08,A,2667
3355,4417,2026-01-18,C,645
3356,4418,2025-08-28,A,2616
3357,4419,2025-09-11,A,4009
3358,4420,2025-12-25,A,4541
3359,4421,2026-01-17,A,2180
3360,4422,2025-08-24,A,4822
3361,4423,2025-09-27,A,1610
3362,4424,2026-02-14,A,1306
3363,4427,2026-03-04,C,4353
3364,4428,2025-07-19,A,6953
3365,4430,2026-02-15,A,9878
3366,4432,2026-01-01,C,5209
3367,4433,2025-02-27,A,2552
3368,4435,2026-01-30,A,9434
3369,4436,2025-07-18,A,11343
3370,4437,2025-06-14,A,6837
3371,4438,2026-03-17,A,2205
3372,4441,2025-05-09,A,2181
3373,4442,2025-11-10,B,11839
3374,4443,2025-11-05,B,1761
3375,4445,2026-03-18,B,2615
3376,4446,2025-11-26,C,2571
3377,4447,2025-05-07,A,2615
3378,4449,2025-08-08,A,1608
3379,4450,2026-02-13,B,10354
3380,4451,2025-08-09,A,11120
3381,4452,2025-11-05,A,6929
3382,4454,2025-11-24,A,2202
3383,4455,2025-10-13,A,2183
3384,4458,2025-12-27,A,4648
3385,4461,2025-03-29,C,2202
3386,4462,2025-06-03,A,8837
3387,4463,2025-08-28,A,6836
3388,4465,2026-01-02,A,10488
3389,4466,2026-01-09,A,4159
3390,4467,2025-11-22,A,6276
3391,4468,2025-04-26,A,5610
3392,4469,2026-02-01,A,3537
3393,4470,2025-07-09,A,622
3394,4471,2026-04-14,B,683
3395,4474,2026-01-16,A,6812
3396,4475,2026-01-13,A,8092
3397,4480,2025-11-25,A,11577
3398,4481,2025-07-27,A,5104
3399,4482,2026-01-09,A,11838
3400,4483,2025-12-16,A,2450
3401,4484,2025-10-05,A,7843
3402,4485,2026-02-19,A,2356
3403,4487,2026-02-12,C,2496
3404,4489,2025-12-07,A,2405
3405,4490,2025-06-02,A,4400
3406,4491,2025-12-01,A,2383
3407,4492,2025-11-02,A,2432
3408,4493,2025-11-09,A,9781
3409,4494,2025-04-13,A,406
3410,4495,2026-01-07,A,9560
3411,4497,2026-02-19,A,2259
3412,4499,2025-12-28,A,2181
3413,4500,2025-12-03,A,862
3414,4501,2026-01-11,A,2312
3415,4502,2025-06-02,A,2159
3416,4504,2025-11-17,A,4918
3417,4505,2025-10-12,A,8936
3418,4506,2025-07-07,C,6127
3419,4509,2025-03-28,A,11236
3420,4510,2025-10-20,A,6689
3421,4512,2025-12-12,A,666
3422,4513,2025-11-16,A,6715
3423,4514,2025-07-11,A,2282
3424,4515,2025-06-25,C,1483
3425,4517,2025-09-12,A,2203
3426,4518,2025-08-07,A,2107
3427,4519,2025-07-09,C,4723
3428,4520,2025-04-21,B,11450
3429,4521,2025-09-11,A,2337
3430,4522,2025-12-25,A,2711
3431,4523,2026-02-28,A,6127
3432,4524,2025-11-04,A,10943
3433,4525,2025-12-11,C,9627
3434,4526,2026-02-07,A,1442
3435,4528,2025-08-09,C,6128
3436,4529,2025-07-29,A,6324
3437,4531,2025-08-27,A,1162
3438,4532,2025-03-25,A,2571
3439,4533,2025-07-28,C,7766
3440,4535,2025-04-23,A,6152
3441,4536,2025-02-01,A,5466
3442,4537,2025-05-18,A,11095
3443,4538,2025-11-01,A,2474
3444,4539,2025-08-03,A,2522
3445,4542,2026-01-05,A,742
3446,4543,2025-11-05,A,3263
3447,4544,2025-05-28,A,2134
3448,4546,2025-11-25,A,6593
3449,4550,2025-09-17,A,9599
3450,4551,2025-04-18,A,5689
3451,4553,2025-11-02,A,6912
3452,4554,2025-09-04,A,2666
3453,4556,2025-06-03,A,2594
3454,4557,2025-07-25,B,1763
3455,4558,2025-07-27,A,6952
3456,4559,2025-06-10,A,2383
3457,4561,2025-06-16,A,2080
3458,4562,2025-08-29,A,6382
3459,4564,2026-02-14,A,8485
3460,4565,2025-12-29,A,6753
3461,4566,2025-06-13,A,6931
3462,4568,2025-03-06,A,889
3463,4569,2025-04-05,A,1504
3464,4570,2025-08-29,C,8960
3465,4572,2025-08-30,A,2595
3466,4573,2025-08-06,A,2259
3467,4574,2025-10-03,A,9709
3468,4575,2025-08-21,A,4010
3469,4576,2025-09-12,B,10091
3470,4577,2025-08-07,A,4568
3471,4578,2025-04-28,A,10134
3472,4579,2025-06-30,A,6836
3473,4580,2025-11-12,A,1763
3474,4582,2025-11-12,B,1355
3475,4583,2025-09-27,C,8705
3476,4585,2025-10-21,A,2433
3477,4586,2025-04-17,A,3703
3478,4587,2025-03-28,A,3185
3479,4588,2025-09-26,A,2616
3480,4589,2025-12-01,A,2338
3481,4590,2025-09-26,B,6175
3482,4591,2025-09-12,A,3560
3483,4592,2025-08-13,A,6077
3484,4593,2025-05-01,A,2160
3485,4594,2025-11-27,A,2180
3486,4595,2025-05-25,C,8197
3487,4596,2025-05-17,A,2643
3488,4597,2025-10-18,C,10720
3489,4600,2025-05-18,A,5610
3490,4601,2025-08-14,A,4468
3491,4602,2025-10-06,B,2642
3492,4603,2025-03-16,C,7492
3493,4604,2025-08-03,A,11745
3494,4605,2025-04-30,C,9202
3495,4606,2025-09-25,C,2494
3496,4607,2026-01-30,A,6363
3497,4608,2025-05-29,A,2764
3498,4609,2026-03-29,A,4228
3499,4610,2025-08-11,A,4649
3500,4611,2025-12-17,A,11067
3501,4612,2025-06-17,A,5825
3502,4613,2025-11-25,A,6929
3503,4614,2025-11-27,B,9692
3504,4615,2026-01-12,C,2664
3505,4616,2025-06-14,A,2572
3506,4617,2025-05-29,A,8558
3507,4619,2025-03-12,A,1610
3508,4620,2025-09-14,A,11770
3509,4622,2025-08-18,A,10133
3510,4623,2025-09-17,C,10160
3511,4625,2025-05-06,A,3884
3512,4627,2025-06-22,A,5897
3513,4628,2025-08-19,A,6617
3514,4629,2025-05-23,A,3745
3515,4630,2025-07-02,B,10751
3516,4632,2025-07-17,C,9711
3517,4634,2025-08-26,A,3492
3518,4635,2025-11-12,A,11940
3519,4636,2025-04-05,C,2551
3520,4638,2026-01-02,A,11941
3521,4639,2026-03-27,A,2641
3522,4640,2025-07-03,A,791
3523,4641,2026-01-20,C,4182
3524,4642,2025-08-01,A,2641
3525,4643,2025-06-14,A,8934
3526,4644,2025-06-27,A,4671
3527,4645,2025-09-12,A,1714
3528,4647,2025-09-01,B,2203
3529,4648,2025-11-14,A,407
3530,4650,2025-07-23,C,10513
3531,4651,2026-03-20,A,10069
3532,4652,2025-06-21,A,6325
3533,4653,2025-05-20,A,863
3534,4654,2025-12-15,B,6152
3535,4655,2026-04-12,A,4943
3536,4657,2025-10-30,A,3491
3537,4658,2025-05-20,A,6668
3538,4661,2025-10-22,A,3958
3539,4663,2025-11-22,C,2450
3540,4664,2025-07-19,A,9316
3541,4665,2025-10-26,A,2202
3542,4667,2025-08-02,A,9505
3543,4668,2025-04-04,A,2180
3544,4669,2025-11-11,B,8705
3545,4670,2025-09-19,C,9409
3546,4672,2025-10-22,A,554
3547,4673,2025-12-07,A,4777
3548,4675,2026-01-01,A,2030
3549,4676,2025-03-22,A,6891
3550,4677,2025-09-04,A,2202
3551,4678,2025-10-27,B,11187
3552,4680,2025-06-02,A,4522
3553,4681,2025-11-09,A,5444
3554,4682,2026-01-29,C,645
3555,4683,2025-08-14,A,2160
3556,4685,2025-06-21,A,2383
3557,4686,2025-09-05,C,6363
3558,4687,2026-01-11,A,2642
3559,4688,2026-02-02,A,10177
3560,4691,2026-02-27,A,1712
3561,4694,2026-02-04,A,4065
3562,4695,2025-10-19,A,8558
3563,4696,2025-09-28,A,8909
3564,4697,2025-08-05,A,4330
3565,4698,2025-06-10,A,6953
3566,4699,2025-10-01,A,891
3567,4700,2025-03-26,A,2202
3568,4701,2026-01-29,A,2283
3569,4702,2025-06-29,A,5954
3570,4703,2025-04-01,A,8658
3571,4704,2026-02-12,A,2385
3572,4705,2025-05-20,C,2641
3573,4706,2026-02-04,A,10133
3574,4707,2025-08-20,A,4700
3575,4709,2026-03-07,A,9671
3576,4710,2025-09-15,A,6230
3577,4711,2025-08-04,A,3401
3578,4712,2025-08-02,A,1483
3579,4713,2026-03-08,A,2202
3580,4717,2026-03-05,A,2160
3581,4718,2025-05-26,A,9529
3582,4719,2025-12-11,B,3418
3583,4720,2025-09-04,B,11745
3584,4721,2025-05-21,C,9031
3585,4723,2026-01-13,A,6911
3586,4724,2025-04-14,A,811
3587,4725,2025-12-28,A,2406
3588,4726,2025-05-19,C,10676
3589,4728,2025-05-07,A,8679
3590,4729,2025-10-07,A,8585
3591,4730,2025-09-15,A,2522
3592,4732,2025-12-01,A,2005
3593,4733,2025-08-11,A,9230
3594,4734,2025-03-24,B,11121
3595,4735,2025-05-15,A,6715
3596,4738,2026-03-26,A,2496
3597,4739,2025-10-14,A,2337
3598,4741,2025-07-04,A,2856
3599,4742,2025-07-31,A,2474
3600,4743,2025-06-03,B,10460
3601,4744,2025-04-12,A,10202
3602,4745,2025-06-02,A,4064
3603,4746,2026-03-15,A,1462
3604,4747,2026-01-19,A,2523
3605,4748,2025-05-27,A,2666
3606,4749,2025-07-16,A,2474
3607,4750,2025-04-03,A,2159
3608,4752,2026-01-18,A,2405
3609,4753,2025-08-10,A,7314
3610,4755,2025-11-08,A,9802
3611,4756,2025-12-27,A,3213
3612,4757,2025-11-08,A,2642
3613,4758,2026-01-27,C,6952
3614,4759,2026-01-24,C,11533
3615,4760,2025-08-03,A,9949
3616,4761,2025-03-30,A,1063
3617,4762,2025-10-14,A,2205
3618,4763,2026-01-05,A,3214
3619,4765,2025-10-27,A,525
3620,4766,2025-06-30,A,8414
3621,4767,2025-06-21,A,2310
3622,4768,2025-07-19,A,3653
3623,4769,2026-02-25,A,4822
3624,4770,2026-04-12,A,8388
3625,4771,2025-10-27,A,9847
3626,4772,2026-01-02,A,5662
3627,4776,2026-04-18,A,2357
3628,4777,2025-06-07,A,5103
3629,4778,2025-07-08,A,2551
3630,4779,2025-08-20,A,10067
3631,4781,2025-07-24,A,2522
3632,4782,2026-01-28,C,2641
3633,4784,2025-12-22,C,10459
3634,4785,2025-07-19,A,2382
3635,4786,2025-12-02,A,2405
3636,4787,2025-08-20,A,4204
3637,4788,2026-02-27,B,8936
3638,4789,2025-05-08,A,11940
3639,4790,2025-04-04,A,3763
3640,4791,2026-01-02,C,5587
3641,4792,2026-04-15,A,9202
3642,4794,2025-09-09,A,1015
3643,4795,2025-10-27,A,6811
3644,4796,2025-08-05,A,5164
3645,4798,2025-03-12,A,10048
3646,4800,2026-03-14,A,10046
3647,4801,2025-12-19,A,3831
3648,4802,2025-07-29,A,5226
3649,4803,2025-11-23,A,5209
3650,4804,2026-03-21,B,4746
3651,4805,2025-08-20,A,2551
3652,4806,2025-09-01,A,6910
3653,4807,2025-06-14,A,9847
3654,4809,2026-02-05,A,9157
3655,4810,2025-10-01,A,2475
3656,4811,2025-03-31,C,7411
3657,4812,2025-10-03,A,2450
3658,4813,2025-06-27,A,2792
3659,4814,2025-11-28,A,11236
3660,4815,2025-09-22,A,2107
3661,4816,2025-06-09,A,8809
3662,4817,2025-11-09,A,9411
3663,4818,2025-09-10,A,5225
3664,4819,2025-05-05,A,8611
3665,4820,2025-12-12,A,2231
3666,4821,2025-05-06,A,9229
3667,4822,2025-07-29,A,5490
3668,4823,2026-04-18,A,8934
3669,4824,2025-08-25,A,7819
3670,4826,2025-08-13,A,6415
3671,4827,2025-12-12,A,2283
3672,4828,2025-04-15,A,11207
3673,4829,2025-08-07,A,6055
3674,4830,2025-04-19,C,11268
3675,4832,2025-09-24,C,1287
3676,4833,2025-10-29,A,2357
3677,4835,2025-06-09,B,7315
3678,4836,2025-06-24,A,4468
3679,4837,2026-04-08,A,2202
3680,4838,2025-12-06,A,4593
3681,4840,2026-01-06,A,6229
3682,4841,2025-10-21,A,2230
3683,4842,2025-05-23,B,9006
3684,4844,2025-02-18,C,2791
3685,4845,2025-03-25,C,2160
3686,4846,2025-03-20,A,2231
3687,4849,2025-03-17,A,2311
3688,4850,2025-03-10,C,8658
3689,4851,2025-09-11,C,2522
3690,4854,2025-07-22,B,2496
3691,4855,2025-05-14,C,11343
3692,4856,2026-04-21,A,6277
3693,4859,2025-03-31,C,10873
3694,4860,2025-05-13,A,503
3695,4862,2025-12-08,A,5895
3696,4863,2025-08-24,A,10488
3697,4864,2025-09-01,A,3357
3698,4865,2026-04-06,A,6461
3699,4867,2025-11-24,A,1689
3700,4871,2025-11-01,A,2431
3701,4872,2026-04-01,A,3097
3702,4873,2025-05-17,A,8766
3703,4874,2025-11-13,A,9128
3704,4875,2025-06-27,A,8534
3705,4876,2026-02-11,A,2205
3706,4877,2025-08-13,C,1662
3707,4878,2025-10-04,A,1288
3708,4880,2025-09-23,C,9007
3709,4881,2025-06-04,C,4248
3710,4882,2025-05-31,B,7819
3711,4884,2025-07-31,A,9202
3712,4886,2025-12-01,A,6716
3713,4887,2025-04-06,C,6755
3714,4888,2025-06-13,A,9737
3715,4889,2026-04-12,A,9824
3716,4890,2025-05-16,A,6570
3717,4891,2025-08-13,A,6228
3718,4892,2025-08-30,C,2496
3719,4893,2025-10-06,A,8790
3720,4895,2025-05-31,A,2911
3721,4896,2025-10-08,A,3937
3722,4897,2025-10-14,A,3097
3723,4898,2025-03-27,A,1985
3724,4899,2026-01-24,A,10118
3725,4902,2025-11-01,A,1443
3726,4903,2025-10-28,A,2495
3727,4904,2025-07-26,B,684
3728,4905,2025-10-29,A,3243
3729,4907,2025-05-28,A,9998
3730,4910,2025-03-22,A,2496
3731,4911,2025-07-21,B,9690
3732,4912,2025-06-12,A,2382
3733,4914,2026-01-02,A,8737
3734,4915,2025-10-12,A,10225
3735,4916,2025-06-28,A,5635
3736,4917,2025-08-29,C,11604
3737,4918,2025-03-14,A,2496
3738,4919,2025-10-19,A,6176
3739,4920,2025-05-24,C,682
3740,4921,2025-04-01,A,9824
3741,4922,2025-07-07,B,2384
3742,4923,2025-06-03,A,9950
3743,4924,2025-12-24,A,4065
3744,4926,2025-08-23,A,6616
3745,4927,2026-03-18,A,940
3746,4928,2025-06-17,A,6952
3747,4930,2025-09-10,B,4495
3748,4931,2026-03-25,B,2553
3749,4932,2025-03-06,A,2666
3750,4933,2025-07-18,A,2259
3751,4935,2025-04-19,A,5422
3752,4936,2025-10-16,A,8737
3753,4937,2025-07-29,A,2553
3754,4938,2025-06-13,A,4777
3755,4939,2025-10-06,A,2180
3756,4940,2025-11-04,C,2431
3757,4941,2025-06-19,A,2311
3758,4943,2025-03-27,A,2259
3759,4944,2025-11-01,A,8536
3760,4945,2025-12-17,A,5421
3761,4946,2025-09-25,A,8320
3762,4947,2025-04-12,B,6250
3763,4948,2025-07-18,A,1161
3764,4949,2025-10-20,B,2282
3765,4950,2025-05-24,A,6460
3766,4951,2025-09-26,A,6666
3767,4952,2025-04-23,A,3604
3768,4953,2025-05-30,A,1504
3769,4954,2025-03-28,C,4801
3770,4955,2025-06-23,A,11207
3771,4957,2025-11-07,A,2431
3772,4959,2025-05-23,A,10586
3773,4961,2025-12-11,A,4064
3774,4962,2025-06-15,A,2283
3775,4963,2025-05-14,B,11166
3776,4964,2026-02-21,A,2571
3777,4965,2026-04-10,A,6689
3778,4966,2025-05-28,B,7026
3779,4968,2025-04-16,A,5423
3780,4969,2025-06-19,A,9576
3781,4970,2025-05-25,A,2595
3782,4971,2025-03-19,B,2259
3783,4972,2025-06-07,A,4373
3784,4974,2025-08-13,A,2183
3785,4977,2025-09-09,A,2666
3786,4978,2025-08-12,A,1162
3787,4980,2025-10-07,A,2739
3788,4981,2025-11-29,C,6756
3789,4983,2025-05-24,A,9031
3790,4985,2025-08-31,A,8809
3791,4987,2025-06-16,A,2182
3792,4989,2025-10-09,A,767
3793,4990,2025-11-03,C,2135
3794,4991,2026-01-26,A,5541
3795,4992,2025-11-11,A,1762
3796,4993,2025-06-17,A,11067
3797,4994,2025-07-08,A,11319
3798,4995,2025-09-05,C,9846
3799,4996,2025-12-14,C,2383
3800,4997,2025-07-28,A,6275
3801,4998,2025-06-09,A,2666
3802,5000,2025-07-28,A,9974
3803,5001,2025-12-13,A,7080
3804,5002,2025-07-01,A,3936
3805,5003,2025-08-30,A,2641
3806,5004,2025-08-05,A,5444
3807,5006,2025-08-10,A,2937
3808,5007,2025-08-24,A,2405
3809,5008,2025-05-11,A,1355
3810,5009,2025-07-20,A,2202
3811,5010,2025-11-13,A,8246
3812,5011,2025-12-09,C,5663
3813,5012,2025-09-21,A,2338
3814,5013,2025-09-10,A,6382
3815,5014,2026-02-28,A,7666
3816,5015,2026-01-23,A,2358
3817,5016,2025-09-27,A,2665
3818,5019,2025-08-03,A,3763
3819,5020,2026-01-19,A,4273
3820,5021,2025-10-09,A,9711
3821,5023,2026-02-20,A,455
3822,5024,2025-03-14,C,9627
3823,5025,2025-06-15,A,2180
3824,5026,2026-01-01,A,9056
3825,5027,2026-03-07,A,5922
3826,5028,2025-12-21,A,5488
3827,5029,2025-11-29,A,2106
3828,5032,2026-03-31,A,2180
3829,5033,2025-03-22,B,2765
3830,5036,2025-07-01,A,3989
3831,5037,2025-04-20,A,1332
3832,5038,2025-05-27,B,4494
3833,5039,2025-09-22,A,2405
3834,5040,2025-09-22,C,2310
3835,5041,2025-12-12,A,890
3836,5042,2025-12-08,A,4249
3837,5043,2025-05-12,A,2886
3838,5045,2025-04-07,A,4522
3839,5046,2025-08-29,A,1984
3840,5051,2025-10-09,A,9460
3841,5052,2025-11-04,C,8290
3842,5053,2025-05-28,C,9032
3843,5055,2025-03-02,A,11343
3844,5056,2025-04-14,A,5826
3845,5057,2025-12-07,C,1262
3846,5059,2025-07-31,A,6154
3847,5060,2025-05-29,A,5739
3848,5061,2025-08-02,A,1861
3849,5062,2026-03-21,C,10374
3850,5063,2025-03-11,A,2404
3851,5064,2025-07-24,B,2204
3852,5065,2025-06-13,A,9337
3853,5066,2026-01-16,A,4569
3854,5067,2025-08-04,C,10353
3855,5068,2025-10-03,A,5329
3856,5069,2025-10-15,A,4800
3857,5070,2025-07-10,C,2641
3858,5071,2026-02-15,B,2833
3859,5072,2026-01-13,A,2258
3860,5073,2025-12-15,A,9201
3861,5074,2025-10-16,A,8485
3862,5075,2025-05-08,A,2431
3863,5076,2025-12-29,A,10656
3864,5077,2026-02-03,A,2615
3865,5078,2026-04-24,A,2551
3866,5079,2026-02-14,A,4184
3867,5080,2025-06-11,C,3538
3868,5081,2025-11-08,A,9057
3869,5082,2025-09-20,A,6483
3870,5083,2025-06-30,A,1834
3871,5086,2025-12-26,A,1762
3872,5088,2025-11-11,A,9923
3873,5091,2025-12-05,A,6866
3874,5093,2026-01-05,A,7695
3875,5095,2025-04-22,A,9650
3876,5097,2026-01-16,C,2357
3877,5099,2025-09-16,C,7519
3878,5100,2025-12-19,A,8586
3879,5101,2025-10-25,A,7864
3880,5103,2025-12-01,B,5352
3881,5104,2026-01-30,A,2356
3882,5105,2025-06-11,A,1378
3883,5106,2025-05-27,A,9056
3884,5108,2025-06-14,C,2667
3885,5109,2026-01-11,A,4775
3886,5110,2025-05-28,C,666
3887,5111,2025-09-24,B,6524
3888,5113,2025-11-20,A,8338
3889,5114,2025-08-28,A,2230
3890,5115,2025-07-29,C,5374
3891,5116,2025-09-02,A,862
3892,5117,2025-07-20,A,10823
3893,5118,2026-01-23,B,2134
3894,5119,2025-08-12,A,6753
3895,5120,2025-07-29,C,11513
3896,5121,2025-06-24,A,8016
3897,5123,2025-07-03,C,8737
3898,5124,2026-02-22,A,6811
3899,5125,2025-04-09,C,6982
3900,5126,2025-06-13,A,1355
3901,5127,2025-10-17,A,10091
3902,5129,2025-06-28,A,2643
3903,5130,2025-05-09,C,3745
3904,5131,2025-04-09,A,1691
3905,5132,2025-03-31,C,2104
3906,5134,2025-05-27,A,2382
3907,5135,2026-02-10,A,1379
3908,5137,2026-04-08,A,7493
3909,5139,2026-04-05,A,10896
3910,5141,2025-08-12,A,8413
3911,5142,2025-09-12,A,2384
3912,5143,2025-08-04,A,8585
3913,5144,2025-10-16,A,6910
3914,5145,2025-04-29,A,6547
3915,5149,2025-04-06,A,9779
3916,5150,2025-05-20,A,10089
3917,5151,2025-07-19,B,4248
3918,5152,2025-10-04,A,2311
3919,5153,2025-07-20,A,2105
3920,5154,2025-01-25,A,10702
3921,5156,2025-10-06,C,7971
3922,5157,2026-01-26,A,7865
3923,5159,2025-03-04,A,2616
3924,5161,2025-09-22,C,1038
3925,5162,2026-03-09,A,1634
3926,5163,2025-08-11,A,10325
3927,5164,2025-12-05,A,10417
3928,5165,2025-03-27,B,4009
3929,5166,2025-12-14,A,2792
3930,5167,2025-07-23,A,9847
3931,5168,2025-12-21,A,2495
3932,5170,2025-11-07,C,8957
3933,5171,2025-12-07,B,9824
3934,5172,2025-12-18,A,2382
3935,5173,2025-08-13,A,4542
3936,5174,2025-09-08,A,1116
3937,5175,2025-04-01,A,2765
3938,5176,2025-05-20,A,3072
3939,5177,2025-05-09,C,1462
3940,5178,2025-07-05,A,2856
3941,5179,2025-12-10,A,2183
3942,5180,2025-02-03,A,712
3943,5182,2025-06-28,C,4871
3944,5183,2025-09-14,A,3703
3945,5184,2026-01-06,A,3510
3946,5186,2026-03-04,A,2667
3947,5187,2025-05-17,C,11343
3948,5188,2025-09-04,A,2080
3949,5189,2025-12-04,A,11208
3950,5191,2026-01-18,C,2643
3951,5193,2026-04-23,C,2357
3952,5194,2025-08-21,A,2283
3953,5196,2025-03-09,A,4038
3954,5198,2025-12-26,C,4010
3955,5199,2025-06-18,A,11471
3956,5200,2025-08-02,A,5588
3957,5201,2025-09-22,A,2572
3958,5202,2025-03-08,A,9154
3959,5203,2025-09-21,A,10226
3960,5204,2025-12-31,C,2203
3961,5205,2025-11-15,A,9078
3962,5206,2025-05-25,A,10701
3963,5207,2025-09-16,C,9801
3964,5208,2025-08-04,A,6384
3965,5210,2025-11-19,A,2384
3966,5211,2025-08-19,A,792
3967,5212,2025-12-20,C,6364
3968,5213,2025-08-25,A,5122
3969,5214,2025-12-28,A,455
3970,5215,2025-07-06,A,2182
3971,5216,2025-08-29,A,3535
3972,5219,2025-08-09,C,6176
3973,5222,2025-06-20,C,5252
3974,5225,2025-10-02,A,2664
3975,5226,2025-12-05,C,2384
3976,5228,2025-09-07,A,10089
3977,5229,2026-04-13,A,2337
3978,5230,2025-08-30,C,6616
3979,5231,2026-02-04,A,2552
3980,5232,2025-06-06,A,6569
3981,5233,2025-04-23,A,2667
3982,5234,2025-10-28,C,4303
3983,5235,2025-10-12,A,6342
3984,5238,2025-11-29,A,8457
3985,5239,2025-06-16,A,2812
3986,5240,2025-07-02,A,6364
3987,5242,2025-05-11,C,10202
3988,5243,2025-08-23,A,2711
3989,5244,2025-06-12,A,7601
3990,5245,2025-03-31,A,9759
3991,5247,2026-02-02,A,4111
3992,5248,2025-12-19,A,8482
3993,5250,2025-08-13,A,6783
3994,5251,2025-06-21,A,2231
3995,5252,2025-08-22,C,11647
3996,5253,2025-09-24,A,2080
3997,5254,2025-09-04,C,2667
3998,5256,2026-05-02,B,10514
3999,5257,2025-08-23,A,7518
4000,5258,2025-08-05,C,5101
4001,5261,2025-08-31,C,2384
4002,5263,2026-04-25,C,3357
4003,5264,2025-10-14,A,6667
4004,5266,2025-07-31,A,11773
4005,5267,2025-10-23,B,2553
4006,5268,2025-08-21,A,557
4007,5269,2025-06-18,A,7289
4008,5270,2025-08-15,C,2667
4009,5271,2025-07-03,B,10067
4010,5272,2025-05-14,A,6981
4011,5273,2025-07-31,C,6641
4012,5275,2025-05-24,A,4941
4013,5276,2025-09-22,A,5787
4014,5278,2025-09-08,A,11067
4015,5279,2025-06-14,A,2283
4016,5280,2025-02-27,A,6008
4017,5282,2025-08-13,A,6931
4018,5283,2025-10-29,A,8660
4019,5284,2025-07-26,A,2475
4020,5287,2025-10-22,B,1633
4021,5288,2025-02-03,A,10224
4022,5289,2025-05-19,A,2616
4023,5292,2025-09-26,A,6981
4024,5294,2025-12-21,B,4227
4025,5297,2025-03-24,C,3581
4026,5298,2025-11-15,C,2181
4027,5299,2025-10-31,A,1442
4028,5300,2025-05-30,A,1815
4029,5301,2025-05-14,A,7288
4030,5302,2025-04-05,A,3358
4031,5303,2025-12-02,A,9485
4032,5304,2025-10-17,A,2159
4033,5306,2025-07-10,C,10089
4034,5307,2025-09-06,A,5015
4035,5308,2025-06-04,A,2495
4036,5309,2026-01-06,A,10066
4037,5310,2025-12-07,A,11863
4038,5311,2025-12-10,A,9560
4039,5312,2025-06-12,C,7493
4040,5313,2025-08-26,A,8737
4041,5314,2025-06-18,A,8768
4042,5315,2025-10-16,A,4065
4043,5317,2025-05-27,A,1763
4044,5318,2025-05-25,A,8807
4045,5319,2025-07-24,A,3186
4046,5320,2026-01-17,C,5186
4047,5321,2025-08-27,A,9692
4048,5322,2025-06-12,C,10535
4049,5323,2025-06-08,A,2450
4050,5324,2025-05-24,A,382
4051,5327,2025-10-02,C,11120
4052,5328,2025-08-15,A,3653
4053,5329,2026-04-23,A,2765
4054,5332,2025-08-17,C,8248
4055,5334,2025-08-27,C,9127
4056,5336,2025-06-07,A,8511
4057,5339,2025-10-11,B,2615
4058,5341,2025-05-21,A,8457
4059,5342,2025-11-30,A,2258
4060,5343,2025-05-16,A,4273
4061,5344,2025-09-05,A,2432
4062,5347,2025-11-10,A,2357
4063,5348,2025-05-17,A,1739
4064,5349,2025-07-17,A,889
4065,5350,2026-02-11,A,5401
4066,5352,2025-05-31,A,2522
4067,5354,2025-12-23,A,2667
4068,5355,2025-12-11,A,2180
4069,5357,2025-10-08,A,2813
4070,5358,2025-08-02,C,917
4071,5359,2025-06-11,C,7366
4072,5360,2025-05-22,A,8767
4073,5362,2025-10-20,C,11343
4074,5363,2025-06-27,A,2937
4075,5364,2025-09-29,A,9779
4076,5366,2025-10-13,A,2616
4077,5368,2025-08-21,A,10046
4078,5369,2025-09-26,A,9950
4079,5371,2025-10-13,A,6201
4080,5372,2025-05-19,A,6325
4081,5373,2025-03-27,A,9007
4082,5374,2025-09-03,A,1661
4083,5375,2025-09-26,A,2433
4084,5376,2025-07-20,A,839
4085,5377,2025-12-06,A,3493
4086,5378,2025-07-28,A,9177
4087,5379,2025-08-17,A,2384
4088,5380,2025-11-23,A,8704
4089,5381,2025-09-06,A,2665
4090,5382,2025-05-17,A,2616
4091,5383,2025-07-02,C,2335
4092,5384,2025-07-30,A,9877
4093,5385,2025-04-27,A,10067
4094,5386,2026-02-07,C,10852
4095,5387,2026-02-15,A,429
4096,5388,2025-10-11,A,7493
4097,5389,2025-05-25,A,1116
4098,5390,2025-07-19,A,2283
4099,5392,2025-06-24,A,8455
4100,5393,2025-08-23,C,7694
4101,5394,2025-05-11,C,2385
4102,5395,2025-12-03,A,7863
4103,5396,2026-04-29,B,10487
4104,5398,2025-08-01,A,2384
4105,5399,2025-07-26,A,2358
4106,5400,2025-12-04,C,2641
4107,5401,2025-03-31,A,10459
4108,5403,2025-10-13,C,2312
4109,5405,2025-12-22,A,9650
4110,5406,2026-01-29,A,11269
4111,5407,2025-09-29,A,2003
4112,5408,2025-11-17,A,6982
4113,5410,2025-06-30,A,6009
4114,5411,2025-06-15,A,11555
4115,5414,2025-08-03,A,1378
4116,5415,2026-03-29,A,2571
4117,5416,2026-01-10,A,2858
4118,5417,2025-10-24,C,8885
4119,5418,2025-08-16,A,7739
4120,5419,2026-01-20,A,2312
4121,5420,2025-11-22,A,4304
4122,5421,2025-12-21,C,2080
4123,5422,2025-05-23,A,7546
4124,5423,2025-07-23,C,2358
4125,5424,2025-08-14,A,8612
4126,5425,2025-07-03,A,5876
4127,5427,2026-03-16,A,1632
4128,5428,2025-02-19,A,989
4129,5430,2025-07-03,C,10874
4130,5431,2025-08-13,A,2384
4131,5432,2025-11-25,A,2523
4132,5433,2025-10-09,A,4304
4133,5434,2025-10-05,A,5564
4134,5435,2025-06-30,A,6298
4135,5436,2025-05-04,A,11387
4136,5437,2025-09-17,A,3070
4137,5439,2025-08-30,A,3859
4138,5440,2025-11-11,B,10970
4139,5441,2025-12-11,A,2522
4140,5443,2025-02-11,A,3050
4141,5445,2025-07-10,A,6569
4142,5447,2025-05-30,A,5564
4143,5448,2025-03-02,A,2283
4144,5449,2025-12-26,B,10304
4145,5450,2025-05-20,A,10720
4146,5451,2025-07-21,A,9923
4147,5453,2025-08-17,C,10823
4148,5454,2025-08-08,B,8292
4149,5455,2025-09-15,A,2180
4150,5456,2025-09-12,B,4227
4151,5458,2025-12-05,A,5516
4152,5460,2025-12-19,A,4183
4153,5462,2026-03-27,C,4202
4154,5463,2025-08-05,C,9128
4155,5465,2025-03-13,A,11889
4156,5466,2026-01-29,A,4673
4157,5469,2025-11-29,B,11119
4158,5470,2025-10-29,A,10512
4159,5471,2025-03-08,A,2641
4160,5474,2025-07-25,A,4250
4161,5475,2025-04-02,A,10117
4162,5477,2025-03-23,A,1961
4163,5479,2025-07-11,B,6810
4164,5480,2025-09-05,A,2060
4165,5481,2025-07-27,B,11939
4166,5482,2025-09-23,A,2642
4167,5483,2025-06-15,A,6460
4168,5484,2025-07-12,A,2182
4169,5485,2025-04-29,A,937
4170,5486,2025-07-03,C,2204
4171,5491,2025-08-14,A,4425
4172,5493,2025-07-15,A,10068
4173,5494,2026-01-09,A,2283
4174,5496,2025-07-17,C,9974
4175,5497,2025-06-27,C,7793
4176,5498,2025-12-13,A,6504
4177,5499,2026-03-01,A,4943
4178,5501,2025-08-31,A,2357
4179,5503,2025-12-27,A,2358
4180,5504,2025-08-30,A,2310
4181,5505,2025-12-23,B,10177
4182,5507,2025-06-01,A,4566
4183,5509,2025-10-03,A,454
4184,5511,2025-04-20,A,3305
4185,5512,2026-03-13,A,2553
4186,5513,2026-02-07,C,5253
4187,5514,2025-04-12,A,8933
4188,5515,2025-06-10,A,9229
4189,5516,2025-05-11,A,5691
4190,5518,2026-01-20,A,1609
4191,5520,2025-09-14,A,6910
4192,5521,2025-04-26,A,6200
4193,5522,2025-04-29,A,9782
4194,5526,2025-07-20,A,3581
4195,5528,2025-08-05,C,891
4196,5529,2025-10-28,A,5305
4197,5530,2025-06-29,A,7987
4198,5531,2026-02-27,C,11534
4199,5532,2025-11-25,A,5609
4200,5533,2025-07-30,A,11890
4201,5535,2025-08-20,A,1917
4202,5537,2026-04-16,A,2642
4203,5539,2025-11-08,A,6783
4204,5543,2026-02-13,C,2665
4205,5544,2026-01-16,A,11166
4206,5546,2025-04-14,C,6054
4207,5547,2026-04-25,A,1039
4208,5548,2025-02-02,A,1816
4209,5549,2025-12-07,A,7340
4210,5550,2026-01-13,A,2910
4211,5551,2025-04-04,A,3116
4212,5554,2025-10-26,A,2450
4213,5555,2025-05-14,C,8806
4214,5556,2025-06-01,A,10201
4215,5557,2025-06-20,C,2571
4216,5561,2025-07-05,A,2358
4217,5562,2026-01-09,A,10352
4218,5563,2025-08-15,A,7387
4219,5564,2025-10-23,A,4523
4220,5565,2025-09-25,C,6383
4221,5567,2025-09-11,C,4009
4222,5568,2026-01-31,A,503
4223,5569,2025-04-18,A,478
4224,5570,2026-01-20,A,10066
4225,5572,2025-10-14,B,1441
4226,5573,2025-09-03,A,11490
4227,5574,2025-11-12,A,10280
4228,5575,2025-03-23,A,916
4229,5576,2025-08-04,C,10116
4230,5577,2025-08-05,C,2202
4231,5578,2025-08-03,A,917
4232,5580,2025-11-04,A,11425
4233,5581,2025-05-12,C,11910
4234,5582,2026-05-17,A,2356
4235,5583,2025-10-22,C,7410
4236,5584,2025-04-17,A,3655
4237,5585,2025-10-22,A,10460
4238,5586,2026-01-12,A,2283
4239,5591,2025-07-13,A,2552
4240,5592,2025-06-09,A,9779
4241,5595,2026-01-11,A,5035
4242,5598,2025-02-01,C,4113
4243,5600,2025-04-17,A,5635
4244,5602,2025-09-29,A,9710
4245,5603,2025-12-24,C,5102
4246,5604,2025-06-23,A,2476
4247,5605,2026-02-03,A,6594
4248,5606,2025-03-03,A,10323
4249,5607,2025-02-12,A,2160
4250,5608,2025-06-29,A,10657
4251,5609,2026-01-05,C,4967
4252,5611,2026-03-26,A,7463
4253,5612,2025-03-12,A,2357
4254,5613,2025-08-22,A,2666
4255,5615,2026-01-14,C,4354
4256,5616,2025-07-29,A,1015
4257,5617,2026-01-20,A,3633
4258,5618,2025-10-25,A,3383
4259,5620,2025-06-18,C,2105
4260,5623,2025-08-04,A,2451
4261,5624,2025-06-12,A,3811
4262,5625,2025-11-09,A,9669
4263,5626,2025-07-08,A,4746
4264,5627,2025-11-27,A,2983
4265,5628,2025-05-08,A,6983
4266,5629,2025-10-20,A,6340
4267,5631,2025-08-18,A,1460
4268,5632,2025-09-05,B,5491
4269,5633,2025-08-05,A,11167
4270,5634,2025-06-22,A,1568
4271,5636,2025-11-04,A,6250
4272,5637,2025-05-13,A,8678
4273,5638,2025-09-05,A,2475
4274,5639,2025-10-03,A,11938
4275,5640,2025-07-24,C,10970
4276,5641,2025-04-25,C,2911
4277,5644,2025-04-28,A,4524
4278,5645,2025-05-06,A,2594
4279,5648,2025-09-18,A,2572
4280,5650,2025-03-31,A,2282
4281,5651,2025-11-12,A,6009
4282,5652,2025-10-28,A,2258
4283,5653,2025-07-15,C,2494
4284,5656,2025-11-20,A,8195
4285,5657,2025-12-16,B,8809
4286,5658,2025-05-07,A,5123
4287,5659,2025-03-14,A,8634
4288,5660,2025-11-26,A,2338
4289,5662,2025-08-17,A,2450
4290,5663,2025-09-14,A,3284
4291,5664,2025-10-26,A,8509
4292,5666,2025-05-07,A,383
4293,5667,2025-09-28,A,2739
4294,5668,2025-12-12,C,2183
4295,5669,2026-05-05,A,556
4296,5670,2025-06-21,C,8340
4297,5671,2025-06-29,B,2358
4298,5672,2025-12-27,A,11038
4299,5673,2026-02-20,A,5281
4300,5674,2025-09-06,B,2494
4301,5675,2025-04-30,C,1834
4302,5676,2025-12-19,A,406
4303,5677,2025-09-15,A,2205
4304,5680,2025-11-10,A,2160
4305,5682,2026-04-25,A,6865
4306,5683,2025-06-30,B,8248
4307,5684,2025-04-16,A,6504
4308,5685,2026-01-07,A,1399
4309,5687,2025-06-11,A,2572
4310,5690,2025-05-27,A,2667
4311,5691,2025-08-20,C,1814
4312,5692,2026-03-04,B,5056
4313,5694,2025-10-23,A,2616
4314,5695,2025-06-14,A,7518
4315,5696,2025-04-15,A,9876
4316,5697,2025-02-06,A,2382
4317,5698,2025-11-20,A,8292
4318,5699,2025-10-21,A,1212
4319,5700,2025-11-24,C,4399
4320,5702,2025-09-12,A,8678
4321,5703,2025-09-10,C,10352
4322,5704,2025-04-29,A,10395
4323,5705,2025-11-20,C,10354
4324,5706,2025-09-29,A,1505
4325,5708,2025-10-01,A,2159
4326,5710,2026-03-29,A,2665
4327,5711,2025-08-27,A,4541
4328,5712,2026-01-10,A,11142
4329,5714,2025-07-09,A,2642
4330,5715,2026-01-09,A,2475
4331,5716,2026-01-03,C,5849
4332,5717,2025-07-22,A,6691
4333,5718,2026-01-26,C,2474
4334,5719,2025-03-25,A,1115
4335,5720,2025-07-05,A,9155
4336,5721,2025-12-26,A,2451
4337,5722,2026-02-28,A,10635
4338,5723,2025-06-24,A,4698
4339,5724,2025-05-03,A,524
4340,5727,2025-09-14,A,8368
4341,5729,2025-11-20,A,2643
4342,5731,2026-03-27,A,11938
4343,5732,2025-11-02,A,4009
4344,5733,2026-01-02,A,11318
4345,5734,2025-12-26,A,11864
4346,5735,2025-08-06,A,8980
4347,5736,2025-11-26,A,7167
4348,5738,2025-08-15,A,2183
4349,5739,2025-07-23,C,1038
4350,5740,2025-03-09,A,2595
4351,5741,2025-05-14,A,480
4352,5742,2025-10-27,A,9691
4353,5743,2025-06-07,A,3139
4354,5744,2025-12-23,A,1524
4355,5745,2025-11-06,A,2181
4356,5747,2025-06-09,B,5102
4357,5749,2025-06-18,A,2383
4358,5751,2025-06-10,B,2312
4359,5752,2025-09-26,A,9900
4360,5754,2025-10-19,A,11387
4361,5755,2025-04-27,A,3070
4362,5758,2025-03-08,A,6982
4363,5759,2025-08-01,A,7643
4364,5760,2025-07-04,C,2358
4365,5761,2025-04-25,A,4823
4366,5762,2025-09-02,A,7793
4367,5763,2025-07-06,A,10823
4368,5764,2025-11-24,A,9780
4369,5766,2025-08-06,A,7576
4370,5767,2025-06-27,A,2522
4371,5770,2025-08-30,A,11068
4372,5771,2025-12-04,A,4010
4373,5772,2025-07-12,A,578
4374,5774,2025-07-08,C,4567
4375,5775,2025-09-29,A,10160
4376,5777,2026-01-27,A,1064
4377,5778,2026-05-01,C,1610
4378,5779,2025-07-13,A,2258
4379,5782,2026-05-05,A,9690
4380,5785,2025-10-15,C,11069
4381,5786,2025-09-02,A,4775
4382,5787,2025-10-13,A,2405
4383,5788,2025-11-19,A,8510
4384,5789,2025-10-23,A,8369
4385,5790,2025-10-02,B,6809
4386,5792,2026-03-12,A,8511
4387,5794,2026-03-03,A,9760
4388,5795,2025-08-04,A,10177
4389,5796,2025-06-07,A,4133
4390,5797,2025-06-16,C,4568
4391,5798,2025-05-19,A,2282
4392,5800,2025-10-13,A,4525
4393,5801,2025-08-08,C,8808
4394,5802,2025-08-06,A,4276
4395,5803,2025-08-24,B,9253
4396,5805,2025-04-12,A,7103
4397,5806,2025-12-11,A,2616
4398,5807,2025-04-19,A,9250
4399,5808,2025-09-30,A,10415
4400,5809,2026-04-12,A,5662
4401,5810,2026-02-14,A,2571
4402,5811,2025-10-04,A,3884
4403,5812,2025-09-26,A,3071
4404,5813,2025-08-08,A,2336
4405,5814,2026-01-22,A,3419
4406,5815,2025-10-19,A,7341
4407,5816,2025-10-23,A,9737
4408,5817,2025-09-23,A,6890
4409,5819,2025-09-14,A,2030
4410,5820,2025-08-20,A,9298
4411,5822,2025-07-14,C,2202
4412,5825,2025-03-05,A,7547
4413,5826,2025-09-06,A,8768
4414,5827,2026-02-26,A,6913
4415,5828,2025-05-22,C,11864
4416,5830,2025-11-07,A,1548
4417,5831,2025-06-09,A,5016
4418,5832,2025-08-31,A,2451
4419,5833,2025-06-20,A,624
4420,5834,2026-01-23,A,8414
4421,5835,2025-07-20,A,2357
4422,5836,2025-12-13,A,1689
4423,5837,2025-10-15,C,8934
4424,5839,2025-07-17,A,2356
4425,5840,2025-06-05,A,8388
4426,5841,2025-09-02,A,9389
4427,5843,2025-12-07,A,938
4428,5844,2025-08-25,A,1038
4429,5845,2025-08-06,A,3419
4430,5847,2025-11-06,A,1941
4431,5849,2026-02-15,B,8120
4432,5850,2026-01-04,A,5402
4433,5851,2025-07-22,C,6250
4434,5852,2025-11-25,A,6643
4435,5853,2025-02-04,A,5015
4436,5856,2026-04-23,A,4849
4437,5857,2025-07-28,A,9901
4438,5858,2025-10-08,A,11343
4439,5860,2026-01-13,A,4567
4440,5861,2026-01-10,C,7792
4441,5862,2025-03-07,C,3831
4442,5863,2026-04-06,A,6735
4443,5864,2025-11-04,C,2432
4444,5866,2025-07-02,A,2474
4445,5868,2025-09-22,C,10354
4446,5869,2025-04-20,A,6667
4447,5874,2025-10-29,A,8789
4448,5875,2025-04-17,A,1588
4449,5876,2025-11-13,A,11318
4450,5877,2025-08-15,B,2183
4451,5878,2025-03-22,A,4849
4452,5879,2026-02-13,A,2310
4453,5880,2025-08-29,A,4566
4454,5881,2025-12-12,A,6716
4455,5882,2026-01-26,A,2572
4456,5883,2025-06-28,B,2641
4457,5884,2025-11-01,A,2739
4458,5885,2025-10-31,A,9077
4459,5886,2025-07-14,A,6692
4460,5887,2025-07-05,C,4943
4461,5888,2025-10-25,A,10394
4462,5889,2025-07-06,A,2385
4463,5890,2025-03-06,A,2431
4464,5894,2025-05-11,A,4672
4465,5895,2025-10-23,A,9032
4466,5896,2026-04-17,A,4248
4467,5897,2025-05-15,A,6127
4468,5898,2025-05-18,A,2005
4469,5899,2025-06-07,C,4353
4470,5900,2025-03-30,A,10657
4471,5901,2025-12-15,B,8015
4472,5903,2025-10-07,A,2450
4473,5904,2026-03-06,A,8706
4474,5905,2025-11-21,A,684
4475,5906,2026-01-11,A,2182
4476,5907,2025-09-30,A,2615
4477,5908,2025-09-19,A,9007
4478,5909,2026-01-31,A,2230
4479,5910,2026-03-12,B,11404
4480,5911,2025-11-01,A,6249
4481,5912,2025-03-15,A,6524
4482,5913,2025-10-17,A,6756
4483,5914,2025-08-01,A,9296
4484,5915,2025-10-31,B,7436
4485,5916,2025-11-14,B,2311
4486,5917,2025-03-22,C,2357
4487,5918,2025-04-30,A,5542
4488,5919,2025-12-29,A,5692
4489,5920,2025-03-03,A,480
4490,5921,2025-05-28,B,9737
4491,5922,2025-06-27,A,7217
4492,5924,2025-03-02,A,10118
4493,5925,2025-09-09,A,9157
4494,5926,2025-12-26,A,2230
4495,5927,2025-05-28,A,4113
4496,5929,2025-10-15,A,2522
4497,5930,2025-06-09,A,2258
4498,5931,2026-01-24,A,2432
4499,5932,2025-06-18,A,11238
4500,5933,2025-01-31,A,1161
4501,5934,2025-07-04,A,4671
4502,5935,2025-06-20,A,8911
4503,5936,2026-01-25,B,9975
4504,5937,2026-01-08,A,2451
4505,5938,2026-03-18,A,1162
4506,5939,2025-11-06,A,6809
4507,5940,2026-03-15,A,6666
4508,5941,2026-02-01,A,2205
4509,5942,2025-11-28,A,9671
4510,5944,2025-08-21,A,1548
4511,5947,2025-04-25,A,2571
4512,5948,2025-07-26,A,2643
4513,5949,2025-11-21,A,2337
4514,5954,2025-08-09,B,2310
4515,5955,2025-07-04,A,767
4516,5956,2025-06-15,A,11364
4517,5957,2025-08-13,A,8790
4518,5958,2025-10-20,C,791
4519,5960,2025-07-05,A,622
4520,5961,2025-12-28,C,10534
4521,5962,2025-05-25,B,10416
4522,5963,2025-11-02,A,10850
4523,5964,2025-12-23,A,8862
4524,5968,2025-07-27,A,11820
4525,5969,2025-10-15,A,2311
4526,5970,2025-05-14,A,2029
4527,5971,2025-04-18,C,8339
4528,5972,2025-06-07,A,2594
4529,5976,2025-04-21,B,2310
4530,5981,2025-10-01,A,2615
4531,5982,2025-06-06,B,11068
4532,5983,2025-11-17,C,5541
4533,5984,2025-11-29,C,4722
4534,5985,2026-03-02,B,11386
4535,5986,2025-08-04,A,11208
4536,5987,2025-03-25,C,8535
4537,5988,2025-12-07,A,4304
4538,5989,2026-01-14,C,8737
4539,5990,2025-12-06,A,2495
4540,5991,2025-08-03,C,2431
4541,5992,2025-03-05,A,5102
4542,5994,2025-02-12,A,4941
4543,5995,2025-12-16,B,6668
4544,5996,2025-11-14,A,2431
4545,5998,2025-06-17,A,7643
4546,5999,2025-10-27,B,2552
4547,6000,2026-03-10,A,2404
4548,6001,2026-01-12,A,5662
4549,6004,2025-08-30,A,9485
4550,6005,2025-10-19,C,8632
4551,6007,2025-12-10,C,8634
4552,6009,2025-12-24,C,1262
4553,6010,2025-06-01,A,2383
4554,6013,2025-12-13,A,11404
4555,6014,2026-02-14,B,2665
4556,6015,2025-06-23,C,2282
4557,6016,2025-04-27,A,10201
4558,6018,2025-07-06,A,9155
4559,6020,2025-11-10,A,5209
4560,6021,2025-05-14,A,2311
4561,6023,2025-04-29,A,2204
4562,6024,2025-06-17,A,8095
4563,6025,2025-08-27,C,4775
4564,6026,2025-07-23,A,431
4565,6027,2025-07-10,B,7029
4566,6028,2025-08-29,A,6099
4567,6029,2025-05-15,A,1550
4568,6030,2025-07-30,C,4872
4569,6032,2025-09-20,A,2551
4570,6034,2025-09-16,A,8290
4571,6036,2025-07-29,B,9317
4572,6037,2025-04-28,C,2310
4573,6038,2026-01-07,A,7600
4574,6039,2025-07-20,A,2382
4575,6040,2025-09-27,A,8320
4576,6041,2025-05-22,A,1689
4577,6042,2025-09-17,A,9709
4578,6043,2025-09-21,A,10969
4579,6044,2025-06-05,A,9877
4580,6045,2025-10-14,A,6866
4581,6046,2025-06-09,A,3492
4582,6047,2025-11-20,A,10895
4583,6048,2025-11-14,A,10116
4584,6049,2026-02-06,A,2310
4585,6052,2026-02-09,A,4722
4586,6054,2026-02-14,A,2180
4587,6055,2025-12-19,A,9922
4588,6057,2025-08-11,A,2182
4589,6059,2025-10-26,A,9996
4590,6060,2025-12-28,A,10224
4591,6061,2025-12-19,A,2405
4592,6062,2026-02-14,A,6952
4593,6065,2025-06-23,A,10853
4594,6067,2025-10-26,B,2666
4595,6068,2026-02-12,A,2664
4596,6069,2025-11-01,A,8837
4597,6070,2025-12-15,C,9671
4598,6071,2025-07-10,A,2791
4599,6072,2025-02-18,A,4354
4600,6073,2025-11-07,A,9997
4601,6074,2026-03-10,A,2965
4602,6075,2026-04-02,A,5015
4603,6076,2025-11-02,A,6716
4604,6077,2025-07-01,A,6201
4605,6078,2025-04-04,A,2282
4606,6082,2025-08-13,A,9078
4607,6083,2025-07-13,A,3360
4608,6085,2026-03-07,A,11188
4609,6086,2025-03-28,C,9006
4610,6087,2025-05-27,C,6891
4611,6088,2025-08-15,A,8558
4612,6089,2026-02-01,A,11121
4613,6090,2025-08-26,A,2259
4614,6091,2025-10-14,C,5637
4615,6092,2025-12-01,A,3283
4616,6095,2026-03-09,A,2523
4617,6096,2025-09-12,A,2616
4618,6097,2025-05-04,C,7340
4619,6098,2025-12-12,A,2357
4620,6099,2025-10-23,A,7436
4621,6100,2025-10-12,B,1460
4622,6101,2025-09-19,A,11698
4623,6102,2025-11-13,A,8270
4624,6103,2025-10-23,C,10560
4625,6104,2025-04-14,A,10989
4626,6105,2025-11-02,C,480
4627,6106,2026-01-06,A,2433
4628,6108,2026-03-05,B,3243
4629,6109,2026-03-16,A,1182
4630,6110,2025-10-23,A,2666
4631,6112,2025-10-29,A,2476
4632,6113,2026-02-26,A,6865
4633,6114,2025-05-15,A,2765
4634,6115,2025-10-12,A,6930
4635,6116,2025-08-07,A,10303
4636,6117,2025-05-18,A,11424
4637,6118,2025-07-26,A,3675
4638,6119,2025-08-27,A,2336
4639,6121,2025-05-20,A,2615
4640,6122,2025-02-23,A,2523
4641,6123,2025-08-07,A,5252
4642,6124,2025-08-07,A,10792
4643,6125,2025-11-10,B,10969
4644,6126,2025-06-12,A,2666
4645,6127,2025-10-28,A,8196
4646,6128,2025-10-10,A,2522
4647,6129,2025-08-14,A,2231
4648,6131,2025-06-15,A,2813
4649,6132,2025-06-26,A,11187
4650,6133,2025-08-29,A,2494
4651,6134,2025-04-30,A,4524
4652,6135,2025-08-23,A,5422
4653,6136,2025-08-26,A,2311
4654,6138,2026-02-04,A,8885
4655,6140,2025-12-02,C,2005
4656,6141,2025-04-24,A,1813
4657,6142,2026-01-28,C,2335
4658,6143,2025-06-10,A,4723
4659,6144,2025-08-29,C,1962
4660,6145,2025-08-20,C,2710
4661,6146,2025-03-10,A,6101
4662,6147,2025-07-12,A,9316
4663,6148,2025-06-21,A,2134
4664,6149,2025-06-27,A,6482
4665,6150,2025-08-27,A,8862
4666,6151,2025-06-30,B,2181
4667,6153,2025-07-20,A,6461
4668,6154,2026-03-09,A,4941
4669,6155,2025-06-14,A,11938
4670,6156,2025-09-09,A,2495
4671,6157,2025-07-18,A,7519
4672,6158,2025-03-30,A,1288
4673,6159,2025-12-05,A,2160
4674,6160,2025-12-29,A,2553
4675,6161,2025-07-28,A,6953
4676,6162,2025-05-04,A,3746
4677,6163,2026-01-08,C,1379
4678,6165,2025-10-07,A,10822
4679,6166,2025-11-24,A,2203
4680,6167,2025-03-06,A,9975
4681,6168,2025-12-28,A,4525
4682,6171,2025-11-12,C,2431
4683,6176,2025-04-30,A,5056
4684,6177,2025-03-22,A,11404
4685,6178,2025-06-29,C,6325
4686,6179,2025-04-27,A,2473
4687,6180,2025-12-24,C,3381
4688,6181,2025-08-02,A,7055
4689,6182,2025-09-16,A,8222
4690,6183,2025-06-11,A,2059
4691,6184,2026-01-08,A,2404
4692,6185,2025-08-02,A,4302
4693,6186,2025-07-02,A,3704
4694,6187,2025-11-12,A,6667
4695,6188,2025-12-18,A,10822
4696,6189,2025-12-06,A,2641
4697,6191,2025-09-10,C,9277
4698,6192,2025-11-13,A,2666
4699,6193,2025-03-19,A,2690
4700,6194,2025-10-26,A,11470
4701,6195,2026-02-15,A,2615
4702,6196,2025-10-21,A,9878
4703,6197,2025-10-25,A,10204
4704,6198,2025-08-10,A,11719
4705,6199,2025-11-05,A,9127
4706,6200,2026-01-24,A,11673
4707,6201,2025-10-17,A,2450
4708,6203,2025-05-25,A,9229
4709,6204,2025-12-14,A,4619
4710,6205,2025-12-03,A,9231
4711,6207,2025-05-18,A,1915
4712,6210,2026-01-07,A,4778
4713,6212,2025-08-06,A,7140
4714,6216,2025-09-27,A,2205
4715,6217,2025-06-11,A,1587
4716,6219,2025-03-17,A,2615
4717,6220,2026-03-08,A,2205
4718,6221,2025-12-27,C,7969
4719,6223,2026-01-27,A,6277
4720,6224,2025-06-08,A,2523
4721,6225,2025-02-13,A,6364
4722,6228,2025-09-04,A,3285
4723,6229,2026-01-08,A,2383
4724,6230,2025-05-18,A,2433
4725,6231,2025-06-06,A,2204
4726,6232,2026-01-10,A,2476
4727,6233,2025-07-07,A,2595
4728,6235,2025-11-19,B,4494
4729,6236,2025-09-19,A,2615
4730,6237,2026-03-31,A,712
4731,6238,2025-09-01,A,4569
4732,6239,2025-09-24,A,5517
4733,6240,2025-06-10,A,6415
4734,6241,2025-12-12,A,2030
4735,6243,2025-08-18,A,10585
4736,6244,2025-11-13,C,740
4737,6246,2025-12-25,A,6547
4738,6247,2025-07-18,C,7669
4739,6248,2025-12-06,A,9780
4740,6249,2025-03-31,A,2311
4741,6250,2025-10-08,A,5424
4742,6251,2025-09-08,A,2667
4743,6252,2025-06-09,A,2181
4744,6253,2025-04-05,A,9691
4745,6254,2025-03-13,C,4202
4746,6256,2025-07-05,A,1962
4747,6257,2025-10-12,C,4617
4748,6260,2026-02-16,A,8612
4749,6262,2026-03-12,A,2641
4750,6263,2025-03-12,A,6911
4751,6264,2026-02-16,A,792
4752,6266,2025-09-22,A,11119
4753,6268,2026-01-11,A,2357
4754,6269,2025-07-27,A,10047
4755,6270,2025-04-27,A,5585
4756,6271,2025-04-24,A,4228
4757,6272,2025-03-26,C,2983
4758,6273,2025-06-03,A,6890
4759,6276,2025-05-18,A,7437
4760,6277,2025-05-08,C,11142
4761,6278,2025-08-12,A,2665
4762,6279,2025-12-08,A,1662
4763,6280,2025-02-09,A,10027
4764,6282,2025-12-20,C,6716
4765,6284,2026-02-13,A,4649
4766,6285,2026-03-08,A,4373
4767,6287,2025-11-02,A,1984
4768,6288,2025-06-05,A,2595
4769,6291,2025-08-31,A,4374
4770,6292,2025-06-08,A,11576
4771,6293,2025-12-14,A,1587
4772,6294,2025-08-24,A,6324
4773,6295,2025-09-07,C,6668
4774,6296,2025-07-10,A,7287
4775,6297,2026-02-09,A,3705
4776,6298,2026-01-04,A,5517
4777,6300,2025-12-29,A,3603
4778,6301,2025-08-07,B,9760
4779,6302,2025-11-05,A,2204
4780,6303,2025-03-16,C,2475
4781,6304,2026-04-02,A,10090
4782,6305,2025-05-06,A,9076
4783,6307,2025-04-26,C,2475
4784,6309,2025-09-06,A,713
4785,6310,2026-02-07,C,3957
4786,6311,2025-12-03,C,2571
4787,6312,2025-11-12,A,8119
4788,6313,2025-11-12,C,2282
4789,6314,2025-05-07,A,6227
4790,6315,2025-12-09,C,9156
4791,6316,2026-03-03,A,7289
4792,6317,2026-02-21,A,9711
4793,6318,2025-11-30,B,11404
4794,6319,2025-07-07,A,11366
4795,6321,2026-04-26,A,4673
4796,6322,2025-06-25,A,4112
4797,6323,2025-07-24,A,1587
4798,6324,2025-08-16,A,6890
4799,6325,2025-12-18,A,2523
4800,6326,2025-08-02,A,9127
4801,6327,2025-08-29,B,1814
4802,6328,2025-11-24,A,1887
4803,6330,2025-11-19,A,9801
4804,6332,2025-08-02,C,2664
4805,6334,2025-10-04,C,1141
4806,6335,2025-03-31,A,11718
4807,6336,2025-10-22,A,6343
4808,6337,2025-12-19,A,938
4809,6338,2026-03-07,A,3491
4810,6339,2025-12-19,A,2258
4811,6340,2025-10-28,C,2338
4812,6341,2025-06-17,A,2203
4813,6342,2025-11-28,A,5739
4814,6343,2026-01-26,A,10302
4815,6344,2025-02-20,B,2451
4816,6345,2026-03-31,B,10701
4817,6346,2025-10-19,B,2230
4818,6347,2025-07-12,A,383
4819,6348,2025-10-04,A,2553
4820,6349,2025-10-18,A,2284
4821,6351,2025-11-14,A,5080
4822,6352,2025-04-10,A,9007
4823,6353,2025-07-17,A,4672
4824,6355,2025-12-11,C,5515
4825,6356,2025-05-31,A,9177
4826,6357,2026-01-21,A,4619
4827,6358,2025-12-01,A,3859
4828,6359,2025-03-23,A,11770
4829,6361,2026-01-15,A,9316
4830,6362,2025-09-20,C,2405
4831,6363,2025-12-16,C,2664
4832,6364,2025-07-22,A,1462
4833,6365,2025-07-26,A,7103
4834,6366,2025-08-17,A,384
4835,6367,2025-07-03,A,578
4836,6368,2025-10-03,A,2338
4837,6370,2025-07-27,A,3653
4838,6371,2025-07-21,A,5804
4839,6372,2026-02-19,A,524
4840,6374,2025-05-04,A,2337
4841,6375,2025-07-19,A,7623
4842,6376,2025-06-04,A,10635
4843,6377,2025-12-26,B,10512
4844,6378,2025-09-02,A,11606
4845,6379,2025-04-04,C,2572
4846,6381,2025-08-21,A,4450
4847,6382,2025-04-18,C,3511
4848,6383,2025-03-08,A,454
4849,6385,2025-04-19,A,3812
4850,6386,2025-12-10,A,8611
4851,6387,2025-11-21,A,6413
4852,6388,2025-08-28,A,11941
4853,6389,2025-09-04,A,11533
4854,6390,2025-09-15,A,1162
4855,6392,2025-07-05,A,6716
4856,6393,2026-02-02,C,1443
4857,6394,2025-08-06,A,2335
4858,6395,2025-07-16,A,3509
4859,6396,2025-05-08,A,3186
4860,6397,2025-06-11,A,1379
4861,6398,2025-08-03,C,9670
4862,6401,2025-10-07,A,5981
4863,6402,2025-06-29,C,6480
4864,6403,2025-08-30,A,2182
4865,6405,2025-10-19,A,2029
4866,6407,2026-02-23,C,2551
4867,6408,2025-11-17,A,3811
4868,6409,2025-06-09,A,2357
4869,6410,2025-12-23,C,3747
4870,6411,2025-11-10,A,6983
4871,6412,2025-06-01,A,11451
4872,6414,2025-06-16,A,2337
4873,6415,2026-03-05,C,8482
4874,6417,2025-06-16,A,2476
4875,6418,2025-11-10,C,2312
4876,6420,2025-07-08,A,2595
4877,6421,2025-10-14,A,2523
4878,6422,2025-09-11,A,1984
4879,6424,2026-01-27,A,8936
4880,6426,2025-05-16,C,2311
4881,6427,2025-08-01,A,8788
4882,6428,2025-05-12,C,2551
4883,6430,2025-12-29,A,5981
4884,6432,2026-01-09,B,7141
4885,6433,2025-11-17,A,2134
4886,6434,2026-04-21,A,5491
4887,6436,2025-09-12,A,6438
4888,6437,2025-11-21,A,5225
4889,6438,2026-01-25,A,4566
4890,6439,2026-02-12,A,2433
4891,6443,2025-05-19,A,645
4892,6444,2026-01-20,A,2475
4893,6445,2026-03-06,A,7196
4894,6446,2025-10-16,A,1914
4895,6448,2025-03-08,C,4009
4896,6449,2025-06-07,A,8862
4897,6450,2025-05-23,A,6983
4898,6451,2025-11-14,A,4273
4899,6452,2025-11-09,A,2358
4900,6453,2025-05-12,A,3402
4901,6454,2025-09-04,A,2450
4902,6455,2025-04-06,A,6931
4903,6457,2025-07-10,A,9503
4904,6458,2025-06-20,B,5541
4905,6459,2025-09-06,C,2385
4906,6460,2025-12-25,A,10586
4907,6461,2025-10-22,A,1398
4908,6462,2025-04-23,C,2231
4909,6463,2025-11-03,A,6035
4910,6464,2025-04-30,A,9846
4911,6465,2025-10-29,B,811
4912,6467,2026-02-26,C,6298
4913,6470,2025-10-01,A,2284
4914,6471,2026-01-07,A,6228
4915,6472,2026-05-16,A,2595
4916,6473,2025-10-03,A,2664
4917,6474,2025-09-02,A,5376
4918,6475,2025-07-03,A,2641
4919,6476,2025-06-23,A,792
4920,6477,2026-02-01,A,623
4921,6478,2025-03-30,A,4064
4922,6479,2026-01-30,C,5850
4923,6480,2025-03-22,A,2476
4924,6481,2025-04-30,C,11188
4925,6482,2025-07-21,A,3401
4926,6483,2025-08-04,A,2181
4927,6484,2025-09-13,A,9711
4928,6486,2025-04-08,A,8560
4929,6488,2025-05-07,A,6715
4930,6489,2025-05-25,A,1984
4931,6490,2025-10-25,A,4569
4932,6491,2025-07-03,A,5763
4933,6492,2025-10-04,A,1714
4934,6493,2026-02-03,A,9178
4935,6494,2025-10-01,A,10610
4936,6495,2025-09-16,A,6594
4937,6496,2026-01-13,C,8041
4938,6499,2025-06-04,C,2495
4939,6500,2025-08-12,A,6100
4940,6502,2026-02-22,A,2258
4941,6505,2025-08-21,A,2433
4942,6506,2025-06-30,A,5081
4943,6509,2025-12-02,A,1063
4944,6510,2025-10-09,A,8959
4945,6511,2025-04-02,A,2383
4946,6512,2025-07-27,A,2710
4947,6513,2025-08-20,A,8220
4948,6514,2025-10-29,A,2664
4949,6515,2025-09-21,A,6054
4950,6516,2025-04-10,A,6912
4951,6517,2025-06-12,C,2202
4952,6518,2025-05-24,A,6810
4953,6519,2025-05-06,A,2337
4954,6520,2025-09-05,A,1914
4955,6521,2025-05-02,B,10178
4956,6522,2025-03-31,A,8911
4957,6523,2025-08-01,A,2384
4958,6524,2025-08-20,A,2336
4959,6525,2025-08-10,B,3862
4960,6526,2025-08-26,C,4248
4961,6527,2025-08-01,A,10534
4962,6528,2025-05-27,A,2475
4963,6529,2025-08-17,A,6480
4964,6530,2025-08-30,C,4425
4965,6531,2025-11-14,A,2833
4966,6532,2025-12-08,A,1016
4967,6534,2026-03-31,A,864
4968,6535,2025-04-07,B,2615
4969,6537,2025-09-28,B,10177
4970,6538,2025-05-10,A,3359
4971,6539,2025-05-11,C,2935
4972,6540,2025-09-30,A,10772
4973,6541,2025-10-07,A,2356
4974,6542,2025-04-23,A,10851
4975,6543,2025-10-02,A,1714
4976,6544,2025-09-27,C,3213
4977,6545,2025-07-15,C,1548
4978,6546,2026-02-28,A,8679
4979,6549,2025-09-20,A,3167
4980,6550,2025-06-13,C,8414
4981,6551,2025-02-20,B,1739
4982,6554,2025-09-29,A,2433
4983,6555,2025-07-08,C,2182
4984,6556,2025-08-28,A,4449
4985,6557,2025-10-20,A,9561
4986,6558,2025-05-22,A,3729
4987,6559,2025-10-14,A,11012
4988,6561,2025-07-18,A,4673
4989,6563,2025-09-22,B,864
4990,6564,2025-11-02,A,2030
4991,6565,2025-04-07,A,2283
4992,6566,2025-11-02,A,5207
4993,6567,2025-12-20,C,5306
4994,6568,2025-06-05,C,2159
4995,6569,2025-08-07,A,2665
4996,6571,2025-06-26,A,11451
4997,6572,2025-10-21,A,5587
4998,6573,2025-06-24,A,10203
4999,6574,2025-05-22,A,2572
5000,6575,2025-12-01,A,8887
5001,6576,2025-04-14,C,2741
5002,6577,2025-04-19,C,6127
5003,6579,2026-01-21,A,9877
5004,6581,2025-07-30,A,9532
5005,6582,2025-12-29,A,10895
5006,6583,2025-09-25,A,5351
5007,6584,2025-06-04,A,2284
5008,6586,2025-07-22,A,7646
5009,6587,2026-02-12,A,3654
5010,6588,2025-03-11,A,3884
5011,6591,2025-06-24,A,6951
5012,6592,2025-09-03,B,683
5013,6593,2025-07-29,A,2180
5014,6594,2025-02-17,A,5638
5015,6595,2025-06-23,A,2159
5016,6596,2026-03-09,C,3883
5017,6597,2026-03-16,A,4113
5018,6599,2025-08-07,A,6461
5019,6600,2025-09-27,A,2258
5020,6601,2025-07-18,A,8197
5021,6602,2025-11-15,B,2180
5022,6603,2025-10-04,C,9365
5023,6604,2025-12-28,A,7545
5024,6606,2025-06-09,A,2551
5025,6607,2025-10-11,B,8094
5026,6608,2025-05-06,A,5400
5027,6609,2025-09-05,A,602
5028,6610,2025-10-06,A,11269
5029,6611,2025-09-16,A,10852
5030,6612,2025-02-21,A,3029
5031,6613,2025-12-04,C,11290
5032,6615,2025-10-28,C,3466
5033,6616,2025-12-26,C,2616
5034,6617,2025-04-24,A,11940
5035,6618,2025-12-11,A,2335
5036,6619,2025-09-12,C,5588
5037,6620,2026-04-01,A,2230
5038,6621,2025-12-08,A,2495
5039,6622,2025-12-31,C,11386
5040,6623,2025-04-08,A,10534
5041,6624,2025-07-23,A,712
5042,6625,2025-09-10,A,10586
5043,6626,2025-02-23,A,7739
5044,6627,2026-02-22,C,7601
5045,6628,2025-10-07,A,8041
5046,6629,2025-11-03,A,2551
5047,6630,2025-07-18,A,9155
5048,6631,2025-11-22,A,7645
5049,6633,2025-12-28,A,8196
5050,6634,2025-05-17,A,7520
5051,6635,2025-12-22,C,2432
5052,6636,2025-09-07,A,8960
5053,6638,2025-12-01,A,3538
5054,6639,2025-08-13,A,10226
5055,6640,2026-01-06,A,7410
5056,6642,2025-05-25,A,4994
5057,6643,2025-06-22,A,6913
5058,6644,2025-10-27,A,11143
5059,6645,2025-06-19,C,6910
5060,6647,2025-05-04,A,2202
5061,6649,2025-08-02,B,9317
5062,6652,2025-11-07,A,6809
5063,6653,2025-09-22,C,10562
5064,6654,2025-12-17,A,1140
5065,6655,2025-06-11,A,11143
5066,6657,2025-06-03,A,2259
5067,6658,2025-12-16,A,1982
5068,6660,2025-09-04,A,8611
5069,6662,2025-02-14,A,2664
5070,6663,2025-07-07,A,1916
5071,6664,2025-05-11,A,8886
5072,6665,2025-04-11,A,7791
5073,6667,2025-11-11,B,4112
5074,6668,2025-11-13,C,2572
5075,6669,2026-02-15,A,2357
5076,6670,2026-01-07,A,2665
5077,6671,2026-03-11,A,502
5078,6672,2025-11-29,A,11555
5079,6673,2025-08-28,A,2203
5080,6674,2025-03-29,A,5849
5081,6675,2025-11-20,A,7892
5082,6676,2025-04-22,A,2284
5083,6678,2026-03-16,A,646
5084,6680,2025-03-30,A,8457
5085,6681,2025-10-08,B,2311
5086,6683,2025-07-23,C,10676
5087,6684,2026-03-04,A,8370
5088,6685,2025-12-27,C,11512
5089,6686,2025-11-17,A,2450
5090,6687,2026-01-12,A,2135
5091,6688,2025-10-19,A,4698
5092,6692,2025-08-15,A,10586
5093,6693,2025-11-25,A,2180
5094,6695,2025-12-20,C,8933
5095,6696,2025-08-24,A,2231
5096,6697,2025-08-19,A,2594
5097,6698,2025-07-06,A,6837
5098,6699,2025-06-05,A,5122
5099,6700,2025-07-20,A,2356
5100,6701,2025-09-16,A,10561
5101,6702,2025-08-20,A,2405
5102,6703,2025-05-10,A,9232
5103,6704,2025-05-03,B,4330
5104,6705,2025-08-14,A,6756
5105,6706,2025-02-12,A,2310
5106,6707,2025-10-18,A,10719
5107,6708,2026-02-05,B,2160
5108,6710,2025-10-20,A,1330
5109,6711,2025-11-22,A,9780
5110,6713,2025-06-07,A,5281
5111,6716,2025-06-05,A,2433
5112,6717,2025-06-20,A,5587
5113,6718,2025-10-21,C,2473
5114,6720,2025-08-23,A,2641
5115,6721,2025-07-18,A,2258
5116,6722,2025-05-31,A,10090
5117,6723,2025-09-03,A,2475
5118,6724,2025-03-20,A,9030
5119,6726,2025-11-11,A,890
5120,6727,2025-12-28,C,3703
5121,6728,2025-03-29,A,6342
5122,6729,2025-08-14,A,811
5123,6732,2025-06-10,A,1916
5124,6733,2025-11-12,A,6668
5125,6735,2025-11-24,A,8658
5126,6736,2025-07-28,A,501
5127,6737,2025-10-13,A,3861
5128,6738,2025-06-24,A,1941
5129,6740,2025-11-03,A,1441
5130,6742,2025-06-03,A,5588
5131,6746,2025-11-28,A,9670
5132,6748,2025-11-30,C,8485
5133,6749,2025-08-12,A,2764
5134,6750,2025-10-31,C,11011
5135,6753,2025-12-03,A,2450
5136,6754,2025-09-22,A,2615
5137,6755,2025-03-06,C,2451
5138,6757,2025-09-14,C,2432
5139,6759,2025-11-22,A,8370
5140,6760,2025-06-06,A,2666
5141,6762,2026-01-16,A,1211
5142,6763,2025-08-10,A,11268
5143,6764,2025-12-01,A,10067
5144,6765,2025-03-13,A,2551
5145,6766,2025-05-03,A,10792
5146,6767,2025-06-17,A,8935
5147,6768,2025-05-21,A,5164
5148,6770,2025-07-14,A,2356
5149,6772,2026-04-02,B,6692
5150,6773,2025-04-08,A,2476
5151,6774,2025-08-21,A,2337
5152,6776,2026-01-08,C,10919
5153,6777,2025-06-28,A,2552
5154,6778,2025-08-09,C,2310
5155,6780,2025-04-17,A,3381
5156,6782,2025-07-31,A,9758
5157,6783,2025-11-06,A,6340
5158,6784,2025-07-28,A,8959
5159,6785,2025-08-23,A,1062
5160,6787,2026-03-11,A,11167
5161,6788,2026-02-01,A,8884
5162,6789,2025-12-31,A,2642
5163,6792,2025-04-06,C,8119
5164,6793,2025-07-24,A,9760
5165,6794,2025-09-09,C,3632
5166,6795,2025-07-14,A,4183
5167,6796,2025-06-25,A,1763
5168,6797,2025-07-25,A,4329
5169,6798,2025-12-13,A,11094
5170,6799,2026-03-11,A,5565
5171,6800,2025-09-06,A,2061
5172,6801,2025-05-18,A,9252
5173,6803,2026-04-23,A,10946
5174,6805,2025-10-28,C,11187
5175,6807,2025-06-30,C,2494
5176,6808,2025-10-25,A,2283
5177,6810,2025-09-08,A,2337
5178,6811,2025-11-26,A,9949
5179,6812,2026-01-24,B,2666
5180,6813,2025-08-24,A,4618
5181,6814,2025-05-24,A,6812
5182,6815,2025-06-27,A,4849
5183,6816,2025-05-21,A,9711
5184,6817,2025-04-15,A,9629
5185,6818,2025-03-26,A,7892
5186,6819,2025-09-10,C,2283
5187,6820,2025-11-01,A,3215
5188,6821,2025-10-31,A,2180
5189,6822,2025-11-26,C,1762
5190,6823,2025-10-23,A,10353
5191,6825,2025-06-22,A,4967
5192,6826,2025-04-19,A,2594
5193,6827,2025-07-29,C,8735
5194,6828,2025-06-16,A,5400
5195,6830,2025-12-17,A,3986
5196,6831,2025-04-08,A,3832
5197,6832,2025-11-02,A,2475
5198,6833,2026-01-16,A,2476
5199,6835,2025-04-24,A,2641
5200,6836,2025-08-20,C,1356
5201,6838,2025-08-06,A,11069
5202,6839,2025-08-27,A,5516
5203,6840,2025-10-17,A,6482
5204,6841,2026-01-02,C,6152
5205,6844,2025-10-13,C,6414
5206,6845,2025-05-05,A,4331
5207,6846,2025-11-08,A,11069
5208,6847,2025-12-11,A,10561
5209,6848,2026-01-02,A,1210
5210,6851,2025-08-20,A,10304
5211,6852,2026-01-06,A,10875
5212,6853,2025-04-13,A,2338
5213,6854,2025-07-01,A,2356
5214,6857,2025-12-12,A,3009
5215,6858,2025-11-22,A,2404
5216,6859,2025-04-26,A,6931
5217,6861,2025-05-19,A,2858
5218,6864,2025-03-10,A,10375
5219,6865,2025-07-21,A,11576
5220,6866,2025-08-31,A,2204
5221,6867,2025-03-30,A,2552
5222,6868,2025-12-22,A,9076
5223,6869,2025-09-10,A,5805
5224,6870,2025-10-23,C,7865
5225,6871,2026-05-03,A,767
5226,6873,2025-10-13,A,9781
5227,6874,2025-09-21,B,4353
5228,6875,2025-12-04,A,6716
5229,6876,2025-05-30,A,2551
5230,6878,2025-04-05,A,2384
5231,6879,2025-04-21,A,2616
5232,6880,2025-09-18,A,2615
5233,6881,2025-07-03,A,3360
5234,6882,2026-01-02,C,2404
5235,6885,2025-02-23,C,2616
5236,6886,2026-02-23,A,10374
5237,6888,2025-07-28,A,2385
5238,6889,2025-06-22,C,1398
5239,6892,2026-01-31,A,2641
5240,6893,2025-06-23,A,1762
5241,6894,2025-10-24,A,7315
5242,6895,2025-12-28,A,1984
5243,6896,2025-07-23,A,7602
5244,6897,2025-05-26,B,3987
5245,6898,2026-05-01,A,2909
5246,6899,2025-12-13,A,8146
5247,6900,2025-08-24,A,5636
5248,6902,2026-01-05,A,9250
5249,6904,2025-06-17,A,3419
5250,6905,2025-07-19,A,2553
5251,6907,2026-01-01,C,5102
5252,6908,2025-07-25,A,4354
5253,6909,2025-12-28,A,1442
5254,6910,2025-06-24,B,1610
5255,6912,2025-09-16,C,8767
5256,6913,2025-03-28,A,8063
5257,6914,2026-01-11,C,8705
5258,6916,2026-03-18,C,6890
5259,6917,2026-01-10,C,1483
5260,6918,2025-06-13,A,4133
5261,6920,2025-10-28,A,2335
5262,6921,2025-11-17,A,7944
5263,6922,2025-02-18,A,1549
5264,6923,2025-07-20,A,4010
5265,6924,2025-04-24,C,5056
5266,6925,2025-06-30,A,5104
5267,6926,2025-11-09,A,10116
5268,6927,2026-03-21,A,2666
5269,6929,2025-03-26,A,9949
5270,6930,2026-01-16,A,501
5271,6931,2026-02-18,C,8863
5272,6932,2025-12-01,A,3913
5273,6934,2025-10-05,A,2432
5274,6935,2025-07-06,A,2641
5275,6937,2025-11-07,C,1462
5276,6938,2025-07-20,A,9504
5277,6940,2025-10-29,A,2572
5278,6942,2025-05-13,C,6811
5279,6943,2025-10-07,A,2551
5280,6945,2026-03-16,A,2450
5281,6946,2026-02-23,A,503
5282,6948,2025-12-18,A,601
5283,6949,2025-09-19,A,2182
5284,6953,2025-04-23,A,2282
5285,6956,2025-05-25,A,10657
5286,6958,2025-05-22,A,4567
5287,6960,2025-11-01,A,10225
5288,6961,2025-10-05,A,6616
5289,6962,2025-05-06,A,3989
5290,6963,2026-01-04,A,10118
5291,6964,2026-01-15,B,2202
5292,6966,2025-03-05,A,1739
5293,6967,2025-11-07,A,1287
5294,6969,2025-04-25,A,2205
5295,6970,2025-07-12,A,2523
5296,6971,2025-11-14,A,6866
5297,6972,2025-09-14,A,2641
5298,6973,2025-08-11,A,2551
5299,6974,2025-11-27,A,10375
5300,6975,2025-03-15,C,1443
5301,6976,2026-01-23,A,2311
5302,6977,2025-10-07,C,6755
5303,6978,2026-02-11,A,10091
5304,6979,2025-09-28,A,1161
5305,6981,2025-10-11,A,1306
5306,6982,2026-02-10,A,2433
5307,6983,2026-01-19,B,10637
5308,6984,2025-06-13,A,2908
5309,6985,2025-08-20,A,9176
5310,6986,2025-06-07,A,10026
5311,6987,2025-07-23,A,6756
5312,6988,2026-02-27,A,6616
5313,6989,2025-08-09,A,1632
5314,6990,2026-04-17,A,1483
5315,6991,2025-07-03,A,2496
5316,6993,2025-07-25,A,3030
5317,6995,2026-01-27,A,2551
5318,6996,2025-05-17,A,3602
5319,6997,2025-06-05,A,5691
5320,6998,2025-03-22,C,7007
5321,6999,2025-09-08,C,4918
5322,7000,2025-12-11,A,1549
5323,7001,2025-08-31,A,792
5324,7002,2025-06-27,A,1287
5325,7003,2025-10-11,A,2311
5326,7004,2025-06-11,A,5896
5327,7006,2025-11-10,A,10988
5328,7007,2026-03-15,A,2857
5329,7008,2026-02-18,A,1661
5330,7010,2025-11-18,A,5876
5331,7012,2025-05-02,A,1740
5332,7013,2025-11-23,C,3049
5333,7015,2025-04-27,A,9847
5334,7016,2025-12-03,A,10701
5335,7017,2026-01-13,A,2522
5336,7018,2025-10-30,A,5226
5337,7019,2025-09-03,A,2495
5338,7021,2025-06-14,C,7841
5339,7022,2025-10-28,A,7387
5340,7024,2025-10-16,A,2910
5341,7025,2025-11-19,A,6891
5342,7026,2026-01-01,A,6175
5343,7028,2025-11-17,A,10177
5344,7029,2025-10-15,A,1040
5345,7030,2026-01-22,A,8146
5346,7031,2025-11-01,B,9154
5347,7032,2025-08-17,A,11912
5348,7033,2026-01-21,B,579
5349,7034,2025-08-17,A,6734
5350,7035,2025-11-12,A,1889
5351,7036,2025-03-04,A,2474
5352,7037,2026-01-21,A,10204
5353,7039,2025-06-11,A,8980
5354,7040,2025-11-02,A,7622
5355,7041,2025-05-04,A,4250
5356,7042,2025-09-02,A,1141
5357,7043,2025-07-05,A,3810
5358,7044,2025-12-13,A,2310
5359,7045,2025-11-21,A,8886
5360,7046,2025-08-06,A,2642
5361,7047,2025-07-24,A,8835
5362,7048,2025-06-16,A,3511
5363,7049,2025-04-30,A,10636
5364,7050,2025-08-08,C,2337
5365,7051,2025-11-01,A,1356
5366,7052,2025-05-16,A,11236
5367,7053,2025-05-22,A,2282
5368,7054,2025-10-30,A,3602
5369,7056,2025-05-19,A,6128
5370,7057,2026-01-10,A,5281
5371,7058,2025-11-22,A,2356
5372,7059,2025-03-21,A,2312
5373,7060,2025-07-27,A,2910
5374,7061,2025-07-23,A,10069
5375,7062,2025-05-04,C,11771
5376,7063,2025-07-28,A,10873
5377,7067,2025-08-01,A,6931
5378,7069,2026-02-20,A,10374
5379,7070,2025-10-04,A,5516
5380,7071,2025-05-03,A,11319
5381,7072,2025-11-14,A,7645
5382,7074,2026-01-31,A,2641
5383,7075,2025-12-08,C,11141
5384,7076,2025-06-07,A,11186
5385,7078,2025-12-21,A,4918
5386,7079,2025-11-26,A,6152
5387,7081,2025-09-03,A,3602
5388,7083,2025-04-23,A,2642
5389,7084,2026-03-17,A,3049
5390,7087,2025-08-25,A,2615
5391,7088,2025-08-17,A,1181
5392,7089,2025-11-27,A,2572
5393,7090,2026-03-01,C,2336
5394,7093,2025-11-03,A,2336
5395,7094,2025-10-06,A,8536
5396,7096,2026-02-08,A,2552
5397,7099,2026-01-26,A,9824
5398,7100,2025-03-30,A,2230
5399,7101,2025-07-27,C,3118
5400,7102,2025-07-02,A,2665
5401,7103,2025-12-21,A,6277
5402,7104,2025-10-22,A,9922
5403,7105,2026-02-21,A,5208
5404,7106,2026-01-25,C,7491
5405,7107,2025-05-14,A,2230
5406,7108,2026-01-02,C,2616
5407,7110,2025-09-11,A,11119
5408,7111,2026-01-16,A,8369
5409,7113,2025-12-03,A,5543
5410,7117,2026-02-09,A,455
5411,7118,2025-10-22,A,3537
5412,7120,2026-02-06,A,7865
5413,7122,2025-09-05,C,2405
5414,7123,2025-05-19,A,8806
5415,7124,2025-08-22,A,2450
5416,7125,2025-05-28,A,11770
5417,7126,2025-07-16,A,2160
5418,7127,2025-08-19,A,6836
5419,7130,2025-06-07,A,2666
5420,7131,2025-07-24,A,9692
5421,7134,2025-10-27,A,8339
5422,7136,2026-01-18,A,2594
5423,7137,2025-07-17,A,11167
5424,7138,2025-07-14,C,9296
5425,7139,2025-04-05,A,1162
5426,7140,2025-11-26,A,2496
5427,7142,2025-08-24,A,9995
5428,7143,2025-05-29,A,2230
5429,7144,2026-01-28,A,1889
5430,7147,2025-06-15,A,9824
5431,7149,2025-09-09,A,1262
5432,7150,2025-07-29,C,2231
5433,7151,2025-05-16,A,2432
5434,7152,2026-02-09,C,2551
5435,7153,2025-06-28,A,2183
5436,7155,2025-07-16,A,2642
5437,7156,2026-01-28,A,6343
5438,7157,2025-07-25,A,8936
5439,7158,2025-06-30,C,8292
5440,7160,2025-10-29,A,6692
5441,7161,2025-06-21,A,7518
5442,7162,2025-12-15,A,7463
5443,7163,2025-07-29,C,2183
5444,7164,2025-11-22,A,3809
5445,7165,2025-10-18,A,2475
5446,7168,2025-09-19,A,9846
5447,7169,2025-05-02,A,6865
5448,7170,2025-05-22,A,1421
5449,7171,2026-01-05,C,3072
5450,7173,2025-04-20,A,4399
5451,7174,2025-06-28,A,5588
5452,7175,2025-06-28,B,2474
5453,7176,2025-07-28,A,2283
5454,7178,2025-04-10,A,8660
5455,7179,2025-05-12,B,2202
5456,7180,2026-01-05,A,3536
5457,7181,2025-05-18,A,2231
5458,7185,2025-12-31,A,9505
5459,7186,2025-11-28,C,9974
5460,7188,2025-11-07,A,8016
5461,7189,2025-07-24,A,9077
5462,7191,2025-10-11,A,3536
5463,7193,2025-04-25,A,1588
5464,7194,2025-11-16,A,3912
5465,7195,2025-07-06,A,916
5466,7196,2025-08-07,A,10026
5467,7199,2025-09-10,C,2312
5468,7202,2025-06-22,A,9780
5469,7203,2025-05-04,C,2666
5470,7205,2025-08-10,A,2203
5471,7206,2025-07-02,A,2572
5472,7207,2026-03-14,A,8935
5473,7208,2025-09-06,C,2384
5474,7209,2025-09-02,C,2202
5475,7211,2025-07-05,A,383
5476,7212,2025-07-10,A,2666
5477,7213,2025-12-15,A,2160
5478,7214,2026-01-12,A,9102
5479,7215,2025-12-06,A,11187
5480,7216,2025-09-21,C,2572
5481,7217,2025-10-24,A,2474
5482,7218,2026-01-04,A,2641
5483,7220,2025-07-29,A,8981
5484,7223,2025-08-26,A,6201
5485,7224,2026-01-16,A,1210
5486,7225,2025-06-22,A,11291
5487,7226,2025-10-31,A,10611
5488,7227,2025-07-30,A,3986
5489,7228,2025-10-08,A,2180
5490,7229,2025-07-28,A,1088
5491,7230,2025-09-24,A,1421
5492,7231,2025-09-27,A,3264
5493,7232,2025-07-19,A,5186
5494,7234,2025-09-08,A,2335
5495,7235,2025-06-10,A,8269
5496,7236,2025-07-21,A,2385
5497,7237,2025-12-30,C,9709
5498,7238,2025-12-06,A,3727
5499,7241,2025-06-06,A,579
5500,7242,2026-03-28,B,1962
5501,7243,2025-03-08,A,2667
5502,7244,2025-04-30,A,6008
5503,7245,2025-06-01,A,1400
5504,7246,2026-01-07,B,2180
5505,7247,2025-09-30,A,9154
5506,7248,2025-09-04,C,791
5507,7250,2025-10-29,A,6276
5508,7251,2025-09-14,A,8658
5509,7252,2025-10-02,A,2552
5510,7253,2025-11-02,A,4569
5511,7254,2025-06-23,A,2494
5512,7255,2025-08-14,A,5401
5513,7256,2025-09-17,A,2856
5514,7257,2026-02-09,B,1332
5515,7259,2025-10-22,C,1689
5516,7260,2025-10-24,A,4822
5517,7261,2026-01-04,A,6734
5518,7262,2025-12-17,A,646
5519,7263,2026-01-08,C,408
5520,7264,2025-10-21,A,8660
5521,7265,2025-11-05,A,11289
5522,7266,2026-01-06,A,8434
5523,7267,2025-09-21,A,2474
5524,7268,2025-05-21,A,9670
5525,7269,2025-09-18,C,3419
5526,7270,2025-09-30,A,2135
5527,7271,2025-10-21,A,7891
5528,7274,2025-12-22,A,7739
5529,7275,2026-01-25,A,11940
5530,7276,2025-05-04,A,11513
5531,7277,2025-04-26,A,10323
5532,7279,2025-04-25,A,2404
5533,7280,2025-08-22,A,2230
5534,7282,2025-05-18,A,6436
5535,7284,2025-06-13,A,11341
5536,7285,2025-03-31,A,2451
5537,7286,2025-06-17,C,2258
5538,7287,2025-10-12,A,455
5539,7289,2025-08-31,A,968
5540,7292,2025-10-21,C,1379
5541,7296,2025-04-12,A,8319
5542,7298,2025-05-02,A,6200
5543,7300,2025-11-14,A,1162
5544,7302,2026-03-03,A,2522
5545,7303,2025-04-22,A,2572
5546,7305,2025-06-01,A,2572
5547,7306,2025-11-09,C,6227
5548,7308,2026-01-29,A,2159
5549,7309,2025-08-15,A,2358
5550,7311,2025-06-17,A,9077
5551,7314,2025-04-05,A,2356
5552,7316,2025-08-16,B,5254
5553,7317,2025-11-17,A,10853
5554,7322,2025-10-06,A,2384
5555,7323,2025-04-24,A,480
5556,7324,2025-05-17,B,8414
5557,7325,2025-08-03,B,10251
5558,7326,2025-04-29,A,1398
5559,7327,2026-03-12,A,6437
5560,7330,2025-11-19,A,9670
5561,7331,2025-10-20,A,9902
5562,7333,2025-06-09,A,5897
5563,7334,2025-07-06,A,5956
5564,7335,2025-06-24,B,2664
5565,7336,2025-12-01,A,8933
5566,7337,2025-05-15,A,2642
5567,7338,2025-05-09,A,3859
5568,7339,2025-03-17,A,4133
5569,7340,2025-10-17,A,2496
5570,7341,2025-05-30,A,2382
5571,7343,2025-07-12,A,7575
5572,7344,2025-10-16,C,9298
5573,7345,2025-09-14,A,4966
5574,7346,2026-02-13,C,10133
5575,7347,2025-08-01,A,7547
5576,7348,2025-09-14,A,6836
5577,7351,2025-12-08,A,11343
5578,7352,2026-02-09,A,9410
5579,7353,2025-02-25,A,2338
5580,7354,2025-10-15,A,2551
5581,7355,2025-03-14,A,2282
5582,7356,2025-04-23,A,2496
5583,7358,2025-04-26,A,4375
5584,7359,2025-05-26,A,10046
5585,7360,2026-03-23,A,1234
5586,7361,2025-06-13,C,2494
5587,7362,2025-10-31,C,9364
5588,7363,2025-04-10,A,6931
5589,7364,2025-06-30,A,2551
5590,7366,2026-02-22,A,6810
5591,7367,2025-08-22,C,11291
5592,7368,2025-06-11,A,5608
5593,7369,2025-08-21,A,6055
5594,7370,2025-08-15,A,9711
5595,7372,2025-07-31,A,3244
5596,7373,2026-02-08,A,3049
5597,7374,2025-03-25,C,8706
5598,7375,2025-08-19,A,9503
5599,7377,2025-07-02,A,11471
5600,7378,2025-11-23,A,5585
5601,7379,2025-11-29,A,4723
5602,7380,2025-07-29,A,5823
5603,7381,2025-06-07,A,9337
5604,7384,2025-12-15,A,10068
5605,7386,2026-01-29,A,1399
5606,7387,2025-11-30,A,4822
5607,7389,2025-11-18,C,2571
5608,7390,2025-03-17,B,2404
5609,7391,2025-08-14,A,4823
5610,7392,2026-02-28,A,2431
5611,7393,2025-03-24,A,2664
5612,7394,2025-12-07,A,1062
5613,7396,2025-07-14,A,6715
5614,7397,2025-05-05,B,1982
5615,7399,2025-11-09,A,3957
5616,7400,2025-05-04,A,8017
5617,7401,2025-10-22,A,7916
5618,7405,2025-03-26,A,5826
5619,7406,2026-03-09,A,10302
5620,7408,2025-04-11,A,6438
5621,7409,2026-01-16,A,1787
5622,7410,2025-05-16,A,8042
5623,7411,2025-09-03,A,2616
5624,7412,2025-10-25,A,2642
5625,7415,2025-05-28,A,1712
5626,7416,2025-11-01,A,1288
5627,7417,2025-08-14,A,2134
5628,7418,2025-04-06,A,8788
5629,7419,2025-07-28,B,1712
5630,7421,2026-03-29,C,2665
5631,7423,2025-12-26,A,5103
5632,7424,2025-12-15,A,5637
5633,7425,2025-10-17,C,1015
5634,7427,2026-05-22,A,2183
5635,7428,2025-12-01,A,10486
5636,7429,2025-10-22,C,2571
5637,7430,2025-05-24,A,1161
5638,7431,2025-11-22,A,2495
5639,7432,2025-06-15,A,6343
5640,7433,2025-07-12,A,2885
5641,7434,2026-01-29,A,8766
5642,7436,2025-12-17,A,5981
5643,7437,2025-03-07,A,4723
5644,7438,2025-09-27,A,6055
5645,7439,2026-03-30,A,5805
5646,7440,2025-08-29,C,5466
5647,7441,2025-10-12,A,3655
5648,7445,2025-07-12,A,8509
5649,7446,2026-01-03,A,2382
5650,7448,2025-07-31,A,623
5651,7449,2025-10-08,A,5304
5652,7450,2025-12-31,A,1524
5653,7451,2025-10-26,A,7435
5654,7453,2026-01-05,B,4673
5655,7454,2025-11-19,A,7622
5656,7456,2025-08-16,A,8934
5657,7457,2025-05-29,A,7518
5658,7458,2025-02-11,A,7027
5659,7459,2025-11-04,A,10251
5660,7460,2025-11-19,A,4820
5661,7462,2025-05-16,A,6297
5662,7463,2025-06-09,A,2312
5663,7464,2025-06-15,A,9824
5664,7465,2025-10-28,A,9201
5665,7466,2025-09-19,A,2312
5666,7467,2025-09-08,A,5516
5667,7468,2025-09-26,A,5254
5668,7469,2025-05-28,A,11387
5669,7470,2025-09-07,A,3704
5670,7471,2025-11-19,A,9056
5671,7472,2025-11-05,B,454
5672,7473,2025-05-11,A,11094
5673,7474,2025-06-28,A,3330
5674,7475,2025-06-23,C,2432
5675,7477,2026-01-02,A,6913
5676,7478,2026-01-08,A,4495
5677,7479,2025-07-07,A,10874
5678,7480,2025-06-02,C,10048
5679,7482,2025-09-27,A,10280
5680,7483,2025-05-27,A,2494
5681,7484,2026-02-09,B,4820
5682,7485,2026-01-24,A,8223
5683,7486,2025-06-18,C,2790
5684,7487,2026-01-07,A,2135
5685,7488,2025-10-12,A,6982
5686,7489,2025-09-06,A,6865
5687,7491,2026-01-07,A,10635
5688,7492,2025-07-01,A,8171
5689,7493,2025-11-07,A,2523
5690,7494,2025-05-13,A,6735
5691,7495,2025-04-29,A,8836
5692,7497,2025-05-27,A,6811
5693,7499,2025-10-25,B,5953
5694,7500,2025-08-24,C,5635
5695,7501,2025-12-29,A,7863
5696,7502,2025-11-14,A,6436
5697,7503,2025-06-02,A,11743
5698,7504,2025-10-16,A,741
5699,7505,2025-10-04,A,6837
5700,7506,2025-07-12,A,1888
5701,7508,2026-05-04,C,10046
5702,7509,2025-07-15,A,8806
5703,7510,2025-09-30,A,622
5704,7513,2025-09-30,A,2259
5705,7514,2025-12-28,A,603
5706,7515,2025-07-31,A,9922
5707,7516,2025-11-06,A,5542
5708,7517,2025-04-10,A,524
5709,7518,2025-11-13,B,3402
5710,7519,2025-04-08,A,2384
5711,7520,2026-01-24,A,5102
5712,7522,2026-02-24,A,2336
5713,7523,2025-04-13,A,3420
5714,7524,2025-04-28,A,3305
5715,7526,2025-03-11,A,2338
5716,7527,2025-07-25,A,7692
5717,7529,2025-07-01,A,2553
5718,7530,2025-11-14,A,7601
5719,7532,2025-09-07,A,3283
5720,7533,2025-11-22,A,9650
5721,7534,2025-12-07,A,2641
5722,7535,2025-03-31,A,1484
5723,7538,2025-07-02,A,2642
5724,7539,2025-09-18,A,2311
5725,7541,2025-11-12,A,1378
5726,7542,2025-05-17,A,8270
5727,7543,2025-06-17,A,11068
5728,7544,2026-04-24,A,9949
5729,7545,2025-09-16,A,1088
5730,7546,2026-01-05,A,5564
5731,7547,2025-04-23,A,2160
5732,7549,2025-10-12,A,9461
5733,7550,2026-05-21,A,5280
5734,7551,2026-03-13,A,2551
5735,7553,2025-03-19,C,5147
5736,7558,2025-05-17,A,2282
5737,7559,2026-01-12,B,2204
5738,7560,2025-09-02,A,10657
5739,7562,2025-10-03,A,2595
5740,7563,2025-07-16,C,7366
5741,7564,2025-07-17,C,2450
5742,7567,2025-07-19,C,11450
5743,7568,2025-11-12,A,2642
5744,7569,2026-01-20,A,2451
5745,7570,2025-06-30,A,2259
5746,7571,2025-09-21,A,6641
5747,7572,2025-06-19,C,5488
5748,7573,2025-06-12,B,2522
5749,7574,2025-09-29,A,4722
5750,7576,2025-06-24,A,6931
5751,7577,2025-11-19,A,2384
5752,7579,2025-07-20,A,7168
5753,7581,2025-03-05,A,2404
5754,7582,2025-07-11,A,8221
5755,7584,2026-04-20,A,2571
5756,7585,2025-09-23,A,8768
5757,7586,2026-02-24,A,2312
5758,7588,2025-10-08,A,9923
5759,7589,2025-05-21,B,8788
5760,7590,2025-03-20,A,6983
5761,7591,2025-11-19,A,8389
5762,7593,2025-12-26,C,7646
5763,7595,2025-06-24,A,4064
5764,7596,2025-05-16,A,10353
5765,7597,2025-09-30,C,4994
5766,7598,2025-11-05,A,5123
5767,7603,2025-11-17,A,10047
5768,7605,2025-09-18,A,9690
5769,7606,2025-05-13,C,2433
5770,7607,2025-07-04,A,2451
5771,7608,2025-08-17,A,2711
5772,7609,2025-12-13,A,2474
5773,7610,2025-04-20,B,2476
5774,7612,2025-05-23,A,2523
5775,7613,2025-12-25,A,1915
5776,7615,2025-08-11,A,10676
5777,7616,2025-06-09,A,6416
5778,7617,2026-03-19,C,3884
5779,7618,2025-05-17,C,9578
5780,7619,2025-09-27,A,2473
5781,7620,2025-10-11,B,1887
5782,7621,2025-08-18,A,2552
5783,7622,2025-05-27,A,6836
5784,7623,2025-11-01,A,2595
5785,7625,2026-01-30,C,2283
5786,7626,2025-06-22,A,9737
5787,7627,2025-11-02,A,9102
5788,7629,2025-07-07,A,454
5789,7630,2025-02-21,C,454
5790,7631,2025-05-15,C,7547
5791,7632,2025-12-18,A,4065
5792,7633,2025-10-19,A,11291
5793,7634,2025-09-30,A,3167
5794,7636,2025-03-27,A,9232
5795,7637,2025-10-21,C,2180
5796,7638,2025-08-14,A,4778
5797,7640,2026-01-26,A,7386
5798,7642,2025-11-22,A,1714
5799,7644,2025-05-29,C,2382
5800,7645,2025-05-11,A,9651
5801,7646,2025-10-04,A,11120
5802,7647,2025-08-10,A,2180
5803,7648,2025-05-05,A,3492
5804,7649,2025-04-14,C,4994
5805,7651,2025-08-10,B,3785
5806,7652,2025-07-23,A,2356
5807,7653,2025-05-30,A,2571
5808,7654,2026-03-23,A,9801
5809,7655,2025-10-10,C,9760
5810,7660,2025-05-04,A,6689
5811,7661,2026-04-05,A,2105
5812,7663,2025-10-16,C,5056
5813,7664,2025-04-04,C,10612
5814,7665,2025-04-22,A,3443
5815,7667,2025-09-03,A,8559
5816,7668,2025-10-26,A,7666
5817,7669,2025-12-01,A,6809
5818,7670,2025-09-26,A,11491
5819,7671,2025-08-11,A,2665
5820,7673,2025-10-14,A,2666
5821,7674,2025-09-17,C,10067
5822,7675,2025-09-10,A,11577
5823,7676,2025-09-26,A,10046
5824,7677,2025-09-08,A,10374
5825,7680,2025-09-06,A,9297
5826,7681,2025-08-26,A,8534
5827,7682,2025-08-11,A,2385
5828,7683,2025-11-06,C,3285
5829,7684,2025-07-21,C,7971
5830,7686,2025-07-20,A,6812
5831,7687,2025-11-21,C,9155
5832,7690,2025-05-30,A,2523
5833,7693,2025-06-29,A,5304
5834,7694,2025-04-12,A,5164
5835,7695,2025-10-31,A,1443
5836,7696,2025-04-15,C,2283
5837,7697,2025-03-03,B,2204
5838,7698,2025-10-03,C,7315
5839,7699,2025-03-24,A,8836
5840,7700,2025-05-20,A,3914
5841,7701,2025-12-26,B,8146
5842,7702,2025-12-04,A,1332
5843,7703,2025-08-10,A,3304
5844,7704,2025-11-26,A,1114
5845,7705,2025-11-23,A,8958
5846,7706,2025-05-10,A,3419
5847,7708,2026-01-30,B,3632
5848,7709,2025-12-17,A,2405
5849,7711,2025-11-28,C,11838
5850,7712,2026-01-16,A,10090
5851,7713,2025-07-03,A,8220
5852,7714,2025-05-20,A,7864
5853,7715,2025-04-21,C,711
5854,7717,2025-11-19,A,382
5855,7718,2025-11-08,A,6812
5856,7719,2025-09-02,A,8414
5857,7720,2026-01-10,A,2664
5858,7721,2025-06-21,A,2739
5859,7722,2025-07-02,A,6251
5860,7723,2026-03-11,A,2183
5861,7724,2025-05-28,C,5081
5862,7726,2025-11-11,A,2385
5863,7727,2025-04-24,B,5057
5864,7728,2025-06-05,A,2965
5865,7730,2025-09-19,A,524
5866,7731,2025-04-29,C,8885
5867,7732,2026-04-09,A,10988
5868,7733,2025-05-23,A,2433
5869,7734,2026-01-28,C,2205
5870,7735,2025-05-11,A,6480
5871,7737,2025-06-16,A,2594
5872,7738,2025-08-31,A,9692
5873,7740,2026-01-19,A,2642
5874,7743,2025-12-22,C,4799
5875,7744,2025-05-26,A,1400
5876,7745,2025-08-03,B,889
5877,7746,2026-05-04,C,890
5878,7747,2025-11-13,C,10752
5879,7748,2025-09-19,C,8680
5880,7749,2025-08-10,A,5586
5881,7751,2025-06-17,A,3676
5882,7752,2025-05-31,C,1548
5883,7753,2026-01-23,A,5423
5884,7754,2025-07-24,A,1982
5885,7755,2025-05-28,B,6951
5886,7757,2026-05-29,A,11838
5887,7758,2025-11-12,A,602
5888,7759,2026-03-30,A,4822
5889,7761,2025-06-17,A,7167
5890,7762,2025-05-14,A,6523
5891,7763,2025-06-14,A,8171
5892,7764,2025-05-28,A,8610
5893,7766,2025-12-08,A,2202
5894,7768,2025-09-19,A,3071
5895,7769,2025-12-25,A,2230
5896,7770,2025-08-23,A,1941
5897,7771,2025-07-13,A,554
5898,7772,2025-12-21,A,7916
5899,7775,2025-10-04,A,10353
5900,7776,2025-03-12,B,8981
5901,7777,2026-02-15,C,1504
5902,7778,2025-07-03,A,5720
5903,7779,2025-07-22,A,2336
5904,7780,2025-09-25,C,916
5905,7782,2026-02-02,A,2451
5906,7783,2026-01-26,A,11533
5907,7784,2025-12-04,A,3704
5908,7785,2025-08-03,A,4329
5909,7787,2026-03-09,A,2495
5910,7788,2025-09-02,A,557
5911,7789,2025-05-01,C,1421
5912,7791,2025-06-14,A,1139
5913,7793,2025-10-12,C,6324
5914,7794,2025-12-15,A,3073
5915,7795,2026-02-23,A,2406
5916,7798,2025-06-25,A,2496
5917,7799,2025-11-07,A,4775
5918,7800,2025-04-17,C,3861
5919,7802,2025-09-10,A,6809
5920,7803,2025-10-27,A,2259
5921,7804,2025-12-30,B,2282
5922,7805,2025-09-01,A,9297
5923,7806,2026-01-13,A,2494
5924,7807,2025-02-04,A,9948
5925,7808,2025-10-17,A,1163
5926,7809,2025-09-28,A,3072
5927,7810,2025-10-03,C,2553
5928,7811,2025-02-16,A,5662
5929,7812,2025-05-23,A,2643
5930,7814,2026-03-05,A,8680
5931,7815,2025-09-27,A,2432
5932,7816,2025-06-21,A,6570
5933,7817,2025-04-10,A,889
5934,7818,2025-09-14,A,2664
5935,7819,2025-10-15,A,5253
5936,7820,2026-04-07,A,8414
5937,7821,2025-02-27,A,6126
5938,7822,2025-07-24,A,3958
5939,7823,2025-07-15,A,6690
5940,7824,2025-06-05,A,9651
5941,7825,2025-05-17,A,2258
5942,7826,2025-12-10,C,4568
5943,7827,2025-07-05,A,6035
5944,7830,2026-01-21,A,6460
5945,7831,2025-05-01,C,2203
5946,7832,2025-12-20,A,2496
5947,7835,2025-10-21,A,5564
5948,7836,2025-05-14,C,9130
5949,7837,2025-10-09,A,8659
5950,7838,2026-01-19,A,2451
5951,7839,2025-02-10,A,2495
5952,7840,2025-06-25,A,2553
5953,7841,2025-05-17,A,2160
5954,7844,2025-06-19,A,2205
5955,7846,2025-06-01,A,2474
5956,7847,2025-08-14,A,8885
5957,7848,2025-07-21,A,6812
5958,7849,2025-03-29,A,2231
5959,7851,2025-04-24,A,2553
5960,7852,2025-06-07,A,10416
5961,7853,2025-07-15,A,889
5962,7855,2025-11-29,A,2382
5963,7858,2025-04-19,A,2790
5964,7859,2026-02-24,C,6548
5965,7860,2025-11-17,C,8981
5966,7861,2025-10-26,C,1331
5967,7863,2025-12-09,C,2404
5968,7864,2025-07-11,A,11403
5969,7865,2026-01-03,A,3936
5970,7866,2025-05-01,A,9201
5971,7868,2025-10-02,C,4249
5972,7869,2026-01-01,A,2182
5973,7870,2025-06-20,A,2523
5974,7871,2025-09-10,A,2474
5975,7875,2025-11-23,C,11471
5976,7876,2025-12-29,A,3763
5977,7877,2025-08-24,A,4698
5978,7880,2025-10-19,A,9803
5979,7881,2025-02-26,B,2494
5980,7882,2025-06-05,A,3117
5981,7883,2025-12-03,A,2643
5982,7885,2025-08-16,A,5610
5983,7886,2025-08-08,A,4037
5984,7887,2025-12-17,A,3560
5985,7888,2025-08-08,A,3746
5986,7889,2025-08-12,A,3604
5987,7890,2025-11-17,A,9482
5988,7891,2025-02-22,A,1550
5989,7892,2025-05-10,A,6249
5990,7895,2025-03-05,A,5516
5991,7896,2025-06-10,A,11511
5992,7897,2026-01-03,A,9847
5993,7898,2025-06-05,A,3383
5994,7899,2025-03-06,A,6568
5995,7900,2025-10-20,B,10439
5996,7901,2025-09-16,C,9692
5997,7903,2025-12-13,B,9629
5998,7905,2025-03-14,A,9923
5999,7906,2025-05-24,A,9779
6000,7907,2025-10-09,B,1569
6001,7909,2025-07-25,A,2552
6002,7910,2025-06-03,C,8808
6003,7911,2025-02-20,A,1712
6004,7915,2025-12-27,A,10584
6005,7916,2025-06-22,C,2105
6006,7917,2025-09-27,A,2523
6007,7918,2025-11-04,A,2667
6008,7919,2025-04-23,A,4304
6009,7920,2026-01-08,A,2282
6010,7921,2025-10-01,A,11511
6011,7922,2025-05-28,A,2404
6012,7923,2025-06-14,A,1787
6013,7924,2025-07-12,A,11238
6014,7925,2025-07-30,A,2205
6015,7927,2025-06-29,A,4592
6016,7928,2025-12-14,A,2594
6017,7929,2025-05-29,A,2202
6018,7930,2025-11-15,C,2522
6019,7931,2025-04-08,B,11094
6020,7932,2025-08-06,A,6296
6021,7933,2025-11-12,A,9692
6022,7935,2025-11-24,A,6689
6023,7936,2025-05-13,A,431
6024,7939,2025-12-28,A,453
6025,7940,2025-12-18,C,2182
6026,7941,2025-10-29,A,812
6027,7943,2025-03-28,A,2433
6028,7944,2026-01-21,B,11236
6029,7945,2026-01-27,A,4183
6030,7946,2025-10-01,B,2181
6031,7947,2025-10-07,A,6782
6032,7948,2025-02-26,A,11068
6033,7949,2026-04-22,C,3070
6034,7950,2025-05-21,C,2432
6035,7952,2025-07-27,A,8909
6036,7953,2025-11-01,A,11119
6037,7954,2025-07-21,A,2029
6038,7955,2025-04-15,A,10134
6039,7956,2025-08-01,A,9670
6040,7959,2026-03-19,A,9824
6041,7961,2025-09-24,A,7493
6042,7962,2025-05-19,C,1985
6043,7964,2025-09-05,A,11450
6044,7965,2025-06-28,A,5466
6045,7967,2025-09-10,A,2553
6046,7971,2026-01-12,C,989
6047,7976,2025-12-07,C,9532
6048,7977,2025-12-25,A,10674
6049,7981,2026-01-09,A,9949
6050,7982,2025-12-08,A,7739
6051,7983,2025-10-25,C,8788
6052,7984,2025-08-31,A,1787
6053,7985,2025-09-27,A,10719
6054,7986,2025-04-14,C,6483
6055,7987,2026-04-22,B,2180
6056,7988,2025-06-25,A,6341
6057,7989,2025-08-25,A,1306
6058,7991,2025-11-11,A,2474
6059,7992,2025-10-13,A,1690
6060,7993,2025-05-01,A,2406
6061,7995,2025-08-25,A,3381
6062,7996,2026-01-05,A,8269
6063,7997,2025-07-12,A,2473
6064,8003,2025-10-27,A,2552
6065,8006,2026-02-28,A,9950
6066,8008,2025-05-04,A,9030
6067,8009,2025-07-26,C,10944
6068,8010,2025-09-12,C,11067
6069,8011,2026-02-19,A,2432
6070,8012,2025-09-06,A,8735
6071,8013,2025-05-29,B,3703
6072,8015,2025-05-30,A,2384
6073,8016,2026-01-24,C,2572
6074,8017,2025-07-22,C,11342
6075,8018,2026-01-23,A,6617
6076,8019,2025-07-23,A,2615
6077,8020,2025-10-22,A,7942
6078,8021,2025-07-19,A,2690
6079,8022,2025-05-12,A,2764
6080,8024,2025-11-19,C,9101
6081,8026,2025-09-03,B,6275
6082,8027,2025-05-21,A,2431
6083,8029,2025-06-19,A,2551
6084,8030,2026-02-27,C,6363
6085,8031,2025-07-05,A,5689
6086,8032,2025-08-25,C,792
6087,8034,2025-08-29,A,4089
6088,8035,2025-10-20,B,6735
6089,8036,2026-03-08,A,1332
6090,8037,2025-06-25,C,5016
6091,8039,2025-05-19,A,2642
6092,8041,2025-05-24,C,11364
6093,8042,2025-08-17,C,6033
6094,8045,2025-05-31,C,5489
6095,8046,2025-09-13,A,10394
6096,8047,2025-07-26,C,2666
6097,8048,2025-04-20,A,1306
6098,8050,2026-01-06,A,2476
6099,8051,2025-07-22,C,2475
6100,8052,2025-12-23,B,2312
6101,8053,2025-11-03,A,2615
6102,8054,2025-06-05,A,5608
6103,8055,2025-02-09,A,2551
6104,8056,2026-02-18,C,7792
6105,8058,2025-04-19,A,6866
6106,8062,2025-02-13,A,3538
6107,8063,2025-12-09,A,8612
6108,8064,2025-05-02,B,7545
6109,8065,2025-07-14,A,1834
6110,8066,2025-08-10,A,7411
6111,8067,2025-02-16,C,2667
6112,8068,2025-11-19,A,6642
6113,8071,2025-10-18,A,2337
6114,8072,2025-04-13,C,6782
6115,8075,2025-10-02,A,1763
6116,8076,2025-12-24,A,8767
6117,8078,2025-07-21,A,3359
6118,8079,2026-02-26,B,2476
6119,8080,2025-04-17,C,9876
6120,8081,2026-02-25,A,2937
6121,8082,2025-10-05,B,3915
6122,8083,2025-06-13,A,1589
6123,8084,2025-07-17,A,5163
6124,8085,2026-01-15,A,10945
6125,8086,2025-05-10,A,939
6126,8087,2025-11-15,A,2572
6127,8088,2025-12-30,A,7287
6128,8089,2025-10-08,A,8370
6129,8090,2025-11-07,C,2406
6130,8091,2025-07-18,A,480
6131,8092,2026-02-28,A,2642
6132,8093,2025-09-08,A,2615
6133,8094,2025-10-03,A,2522
6134,8095,2025-09-04,A,9801
6135,8096,2025-06-26,C,9006
6136,8097,2025-12-19,A,4273
6137,8098,2025-07-10,A,10225
6138,8099,2025-06-22,A,6277
6139,8100,2025-09-22,C,4425
6140,8101,2025-10-09,A,9157
6141,8102,2025-10-10,A,9031
6142,8103,2025-12-24,A,7463
6143,8105,2026-02-26,A,8434
6144,8106,2025-03-31,C,4302
6145,8108,2025-06-06,A,2203
6146,8110,2025-09-03,A,9899
6147,8112,2025-09-29,A,9902
6148,8113,2025-08-01,C,6461
6149,8114,2025-08-31,C,11555
6150,8115,2025-03-26,C,4248
6151,8117,2025-11-30,A,6911
6152,8118,2025-05-19,B,2432
6153,8119,2025-07-14,A,2595
6154,8120,2025-10-28,A,8339
6155,8122,2025-06-03,A,8270
6156,8123,2025-06-02,A,1330
6157,8124,2025-12-30,A,1212
6158,8125,2025-05-28,A,8957
6159,8126,2025-10-05,A,11038
6160,8127,2025-07-21,A,8536
6161,8128,2025-09-04,A,2311
6162,8131,2025-11-05,A,2312
6163,8133,2025-07-06,B,406
6164,8135,2025-10-01,A,2450
6165,8137,2025-12-03,A,5225
6166,8138,2025-09-28,A,1441
6167,8139,2025-04-18,A,4968
6168,8140,2025-06-27,A,478
6169,8141,2026-01-11,A,11403
6170,8142,2026-02-05,A,2383
6171,8144,2025-05-08,A,2134
6172,8145,2026-01-29,A,2572
6173,8146,2026-01-03,A,2405
6174,8148,2025-08-01,A,6689
6175,8149,2025-10-28,A,7102
6176,8150,2025-05-25,A,6811
6177,8151,2025-11-11,B,2259
6178,8154,2025-06-04,A,2474
6179,8155,2025-10-10,A,2080
6180,8156,2025-12-20,B,1961
6181,8158,2025-05-05,A,8835
6182,8160,2026-01-19,A,9338
6183,8163,2025-04-20,C,4228
6184,8164,2025-05-14,A,2183
6185,8166,2025-06-26,A,11425
6186,8167,2025-08-13,A,1962
6187,8173,2025-05-20,A,579
6188,8174,2025-08-04,A,9779
6189,8175,2025-03-30,A,2616
6190,8177,2025-06-03,A,2431
6191,8179,2025-07-26,A,1889
6192,8180,2025-05-12,A,10089
6193,8181,2025-09-20,A,5227
6194,8182,2026-01-04,A,11553
6195,8184,2025-07-19,B,2258
6196,8185,2025-06-24,A,2664
6197,8186,2025-05-27,A,3493
6198,8187,2025-07-31,A,8457
6199,8188,2025-07-13,A,4700
6200,8189,2025-09-03,A,3070
6201,8190,2025-11-08,A,1113
6202,8194,2025-12-01,C,3989
6203,8195,2025-07-18,A,2909
6204,8196,2025-08-16,C,6835
6205,8197,2025-05-14,A,2616
6206,8198,2026-01-28,A,1524
6207,8199,2025-11-06,A,812
6208,8200,2025-09-29,C,2552
6209,8201,2025-03-21,A,9878
6210,8202,2025-07-23,A,2338
6211,8203,2026-01-28,C,4355
6212,8205,2025-06-11,C,2180
6213,8207,2025-04-15,A,2496
6214,8210,2025-11-10,A,1861
6215,8211,2025-08-16,A,2595
6216,8212,2025-09-11,A,968
6217,8213,2025-06-11,A,5329
6218,8215,2025-04-16,A,9628
6219,8216,2025-06-02,C,2182
6220,8217,2025-10-16,A,10674
6221,8218,2025-11-13,C,4184
6222,8219,2025-12-19,A,11167
6223,8220,2025-07-16,A,2711
6224,8221,2025-10-30,B,2643
6225,8225,2025-09-23,B,2666
6226,8226,2025-11-18,A,5636
6227,8227,2025-09-23,A,2572
6228,8229,2025-07-05,A,2551
6229,8230,2025-08-01,A,5587
6230,8231,2025-05-24,B,2983
6231,8232,2025-09-18,A,8485
6232,8233,2025-03-20,A,7645
6233,8234,2026-01-28,A,9253
6234,8236,2026-01-03,C,5207
6235,8238,2026-03-04,A,9950
6236,8240,2025-10-04,A,1088
6237,8241,2025-09-04,A,6523
6238,8242,2025-08-29,A,9388
6239,8243,2025-08-21,A,1739
6240,8244,2025-08-15,C,4567
6241,8245,2025-06-16,A,3509
6242,8246,2025-08-07,C,2552
6243,8247,2025-06-19,C,2230
6244,8248,2025-09-18,A,2965
6245,8249,2025-09-28,A,2641
6246,8250,2025-04-08,A,7464
6247,8251,2026-01-24,A,11343
6248,8252,2025-11-05,B,11040
6249,8253,2025-11-01,A,2474
6250,8254,2025-03-23,A,2615
6251,8255,2025-09-06,A,2356
6252,8256,2025-05-03,B,2496
6253,8257,2026-01-10,A,9336
6254,8258,2025-11-15,A,1262
6255,8259,2025-07-21,A,2336
6256,8260,2025-11-15,C,938
6257,8262,2025-04-05,A,684
6258,8263,2025-06-28,C,6504
6259,8264,2025-08-28,A,9649
6260,8266,2025-07-09,A,1610
6261,8267,2025-09-21,A,9079
6262,8268,2025-10-01,A,2205
6263,8269,2025-06-08,A,8339
6264,8270,2025-03-25,A,4354
6265,8271,2025-06-20,A,2284
6266,8272,2025-10-02,A,10874
6267,8273,2025-12-20,A,10852
6268,8274,2026-01-25,A,9484
6269,8275,2025-06-24,A,5103
6270,8276,2025-05-25,A,6980
6271,8277,2025-09-11,A,9876
6272,8278,2025-05-26,A,968
6273,8279,2026-04-20,A,2336
6274,8280,2025-07-16,A,2641
6275,8281,2025-07-18,A,2572
6276,8285,2025-09-06,A,10823
6277,8286,2025-10-07,A,3509
6278,8288,2026-03-30,A,5491
6279,8289,2025-07-07,A,11555
6280,8290,2025-11-04,B,9297
6281,8292,2025-04-05,A,11267
6282,8293,2026-02-02,A,11291
6283,8294,2025-05-26,A,11269
6284,8296,2026-01-03,A,11365
6285,8298,2025-06-07,A,2338
6286,8299,2025-09-19,C,7387
6287,8301,2025-04-14,A,10305
6288,8305,2026-02-21,C,5146
6289,8306,2025-10-20,A,862
6290,8308,2025-12-05,C,2433
6291,8309,2025-06-04,A,10226
6292,8310,2026-04-23,C,5875
6293,8315,2025-03-20,A,10116
6294,8316,2025-07-04,A,2496
6295,8317,2025-09-16,A,3466
6296,8319,2025-06-10,A,2180
6297,8320,2025-07-07,A,11424
6298,8321,2025-11-01,A,2551
6299,8323,2025-04-09,A,4111
6300,8325,2026-01-29,A,2203
6301,8326,2025-10-23,A,3420
6302,8327,2025-10-01,A,2667
6303,8328,2025-12-10,A,11511
6304,8329,2025-08-08,A,2433
6305,8330,2025-11-10,A,2553
6306,8331,2025-11-09,A,6782
6307,8332,2025-10-06,A,2385
6308,8333,2025-10-18,A,9996
6309,8334,2025-11-06,A,9201
6310,8335,2025-06-10,A,2338
6311,8336,2025-12-27,A,6324
6312,8337,2026-03-05,A,2522
6313,8338,2026-02-20,A,2357
6314,8340,2026-01-23,A,2433
6315,8341,2026-01-20,A,2159
6316,8343,2025-07-07,A,2183
6317,8345,2025-12-09,A,1460
6318,8347,2025-05-26,A,2571
6319,8349,2026-01-04,B,2552
6320,8351,2025-08-21,A,11166
6321,8353,2025-11-08,A,4619
6322,8354,2025-04-13,A,8065
6323,8355,2025-10-03,A,1287
6324,8356,2025-06-07,A,601
6325,8359,2026-01-12,A,7621
6326,8360,2025-10-08,A,8414
6327,8361,2025-03-24,A,4699
6328,8362,2025-08-05,A,1088
6329,8363,2025-09-02,A,8934
6330,8365,2025-09-29,A,1040
6331,8367,2025-05-15,A,683
6332,8369,2025-07-21,A,2473
6333,8370,2025-09-26,A,7989
6334,8371,2025-07-08,A,6754
6335,8372,2026-01-17,C,2311
6336,8373,2025-03-14,A,555
6337,8374,2025-07-04,A,10719
6338,8375,2025-09-30,A,5635
6339,8376,2025-06-23,A,11839
6340,8378,2025-04-24,A,2642
6341,8379,2025-07-25,A,2667
6342,8381,2025-12-05,A,6325
6343,8382,2025-07-04,A,9130
6344,8383,2025-10-27,A,2180
6345,8384,2025-12-31,A,9006
6346,8388,2025-06-07,A,2283
6347,8389,2025-05-07,A,4892
6348,8390,2025-12-26,A,6416
6349,8391,2025-06-03,A,2405
6350,8392,2025-08-09,A,10117
6351,8393,2025-09-03,A,2284
6352,8394,2025-06-10,C,10046
6353,8395,2025-06-06,A,3381
6354,8396,2025-10-22,A,2666
6355,8397,2025-08-05,A,10415
6356,8398,2026-01-11,A,4182
6357,8399,2025-08-22,C,2104
6358,8400,2026-03-20,A,4495
6359,8401,2025-12-24,A,6912
6360,8404,2025-04-22,C,2642
6361,8405,2025-08-23,A,11366
6362,8406,2025-10-31,C,2357
6363,8408,2025-10-15,A,11554
6364,8409,2025-03-08,A,10066
6365,8410,2025-06-21,A,2337
6366,8411,2025-05-12,A,2710
6367,8412,2026-03-01,C,2231
6368,8413,2025-09-22,A,1113
6369,8414,2025-07-16,C,9298
6370,8415,2025-07-09,A,11577
6371,8416,2025-04-02,A,4227
6372,8417,2025-07-23,C,2204
6373,8418,2025-04-14,A,2666
6374,8419,2025-07-07,A,6228
6375,8422,2025-10-06,A,2258
6376,8423,2025-04-09,A,7493
6377,8424,2026-02-20,A,7081
6378,8425,2025-05-12,C,1306
6379,8427,2025-03-11,A,3704
6380,8428,2026-02-05,A,5662
6381,8429,2025-06-03,C,2594
6382,8430,2025-04-21,A,9973
6383,8431,2025-08-05,C,3703
6384,8432,2025-08-03,A,2258
6385,8433,2025-11-15,A,10201
6386,8435,2025-10-19,A,10751
6387,8436,2025-04-25,A,6437
6388,8438,2025-08-22,C,6981
6389,8439,2025-09-13,A,11207
6390,8440,2025-08-10,A,2258
6391,8441,2025-07-11,A,10178
6392,8445,2025-04-06,A,6460
6393,8446,2025-04-19,C,7165
6394,8447,2025-04-16,C,9711
6395,8452,2025-08-26,A,5803
6396,8453,2025-07-21,A,4992
6397,8454,2025-08-19,A,9825
6398,8455,2025-11-04,A,2495
6399,8456,2025-11-14,A,8171
6400,8457,2026-03-01,A,1140
6401,8458,2025-03-09,A,6480
6402,8459,2025-05-26,A,9669
6403,8460,2025-05-29,A,9253
6404,8461,2025-07-20,A,2335
6405,8462,2025-11-26,A,10067
6406,8463,2025-12-18,A,2451
6407,8465,2026-02-20,A,8535
6408,8466,2025-02-26,A,10067
6409,8467,2025-03-12,A,2813
6410,8469,2025-06-22,A,382
6411,8470,2025-06-17,A,9078
6412,8471,2025-07-21,A,1568
6413,8472,2025-06-16,A,741
6414,8474,2025-08-06,A,2180
6415,8475,2025-07-05,A,2406
6416,8476,2025-11-04,A,11451
6417,8477,2025-10-16,A,479
6418,8478,2025-08-26,A,916
6419,8479,2025-12-02,A,7314
6420,8483,2025-08-11,A,10514
6421,8485,2025-08-04,B,8863
6422,8486,2026-01-07,C,9336
6423,8487,2025-06-08,C,3304
6424,8488,2025-06-07,A,2451
6425,8489,2025-12-20,A,2473
6426,8490,2025-09-09,A,2284
6427,8491,2026-01-16,A,2183
6428,8492,2025-10-21,A,5489
6429,8493,2025-11-05,A,864
6430,8494,2025-09-03,A,6438
6431,8495,2025-05-29,A,2284
6432,8497,2025-08-07,A,8509
6433,8499,2025-05-03,C,10352
6434,8500,2025-07-04,A,3809
6435,8501,2025-10-13,A,1482
6436,8503,2026-01-06,A,2182
6437,8504,2026-01-13,C,10944
6438,8505,2026-01-12,A,9296
6439,8506,2025-11-30,A,10971
6440,8508,2025-09-20,A,2476
6441,8509,2025-12-30,C,9900
6442,8510,2026-01-18,C,8457
6443,8511,2026-03-07,B,10204
6444,8512,2025-08-11,C,6524
6445,8513,2025-10-31,A,966
6446,8514,2025-06-21,C,10302
6447,8515,2025-09-17,C,1356
6448,8516,2025-03-17,A,9277
6449,8517,2026-02-19,C,8863
6450,8518,2025-03-14,A,1914
6451,8520,2025-06-02,A,11037
6452,8522,2025-07-16,A,2665
6453,8523,2025-05-28,A,7971
6454,8525,2025-09-26,A,8679
6455,8526,2025-08-04,C,8806
6456,8528,2025-05-11,C,2284
6457,8529,2025-08-15,A,2406
6458,8530,2026-03-14,A,11208
6459,8531,2025-11-28,A,11424
6460,8532,2025-11-22,A,2284
6461,8533,2025-12-11,A,9129
6462,8535,2025-08-21,A,2572
6463,8536,2025-11-24,A,7644
6464,8538,2026-04-27,B,2615
6465,8539,2025-11-24,C,5663
6466,8540,2025-08-03,A,1441
6467,8541,2025-07-09,C,1482
6468,8542,2025-03-18,A,8534
6469,8543,2025-09-05,A,8510
6470,8544,2026-02-15,A,2710
6471,8545,2025-06-27,A,2160
6472,8547,2025-09-07,A,10946
6473,8548,2025-04-29,A,2496
6474,8549,2025-08-11,C,2230
6475,8550,2025-11-22,A,6811
6476,8551,2025-06-16,A,384
6477,8552,2026-03-19,A,713
6478,8553,2025-12-24,C,11425
6479,8554,2025-09-10,A,3727
6480,8555,2026-05-06,A,5720
6481,8556,2025-11-26,A,8340
6482,8557,2025-04-13,C,2180
6483,8559,2025-08-18,A,11037
6484,8560,2025-07-29,A,7643
6485,8562,2025-07-29,A,9251
6486,8563,2025-05-17,A,4355
6487,8564,2026-02-04,A,2451
6488,8565,2026-01-11,A,3418
6489,8566,2025-11-04,B,11912
6490,8568,2025-09-11,A,1713
6491,8569,2025-04-06,A,2182
6492,8571,2025-09-08,A,11011
6493,8572,2025-10-11,A,11697
6494,8573,2025-10-30,C,11207
6495,8576,2025-05-11,A,2641
6496,8577,2025-08-26,A,2205
6497,8578,2025-07-25,A,6384
6498,8583,2025-04-17,A,4619
6499,8584,2025-12-21,A,3358
6500,8585,2025-05-29,A,2284
6501,8586,2026-02-23,A,6341
6502,8587,2025-02-12,C,2311
6503,8588,2025-11-07,A,1588
6504,8589,2025-12-19,B,4275
6505,8590,2025-09-17,A,6951
6506,8591,2025-09-19,A,8290
6507,8593,2025-11-27,B,2335
6508,8595,2025-09-10,A,8959
6509,8596,2025-10-14,C,2180
6510,8597,2025-05-05,A,9649
6511,8599,2025-03-29,A,9825
6512,8600,2025-01-29,C,9709
6513,8601,2025-12-20,C,2551
6514,8603,2026-01-09,C,2311
6515,8604,2025-12-13,A,8511
6516,8605,2025-09-25,A,4648
6517,8606,2025-06-03,A,2552
6518,8607,2025-05-02,A,839
6519,8608,2025-12-29,C,9229
6520,8610,2025-09-09,A,2572
6521,8611,2025-11-05,B,10028
6522,8614,2025-05-25,A,6363
6523,8615,2025-11-27,C,4849
6524,8616,2025-07-08,A,2571
6525,8618,2025-08-06,A,2335
6526,8619,2025-03-27,C,5635
6527,8620,2025-11-08,C,10459
6528,8622,2025-06-22,A,2259
6529,8623,2025-03-29,A,9782
6530,8624,2025-12-06,A,4111
6531,8625,2025-04-09,A,2404
6532,8627,2026-01-26,A,8094
6533,8628,2025-09-30,A,2335
6534,8629,2025-10-11,A,1982
6535,8630,2026-02-08,C,2384
6536,8631,2025-06-30,A,8094
6537,8632,2025-12-09,A,2159
6538,8634,2025-07-16,A,2615
6539,8635,2025-09-16,A,2383
6540,8636,2025-07-06,A,10970
6541,8637,2026-04-10,C,2384
6542,8638,2025-06-24,A,6201
6543,8639,2026-02-24,A,2383
6544,8640,2025-10-27,A,8936
6545,8641,2025-11-28,A,9559
6546,8642,2025-11-02,A,5443
6547,8643,2025-08-03,A,9029
6548,8644,2026-03-06,C,9157
6549,8646,2025-08-13,B,1569
6550,8647,2025-12-23,A,2641
6551,8648,2025-12-28,A,5253
6552,8649,2025-08-29,A,8884
6553,8651,2025-11-04,A,4203
6554,8652,2025-12-01,A,2451
6555,8653,2025-03-08,B,8223
6556,8654,2025-10-28,C,1916
6557,8655,2025-05-24,C,6077
6558,8656,2025-07-23,A,8065
6559,8658,2025-07-27,A,9031
6560,8659,2025-12-06,A,2283
6561,8660,2025-04-10,A,8679
6562,8661,2026-01-14,A,2666
6563,8662,2026-03-23,A,2740
6564,8663,2025-09-18,C,2792
6565,8664,2025-06-29,A,5692
6566,8665,2025-03-08,C,9876
6567,8666,2025-05-12,A,2476
6568,8667,2026-02-05,A,10945
6569,8669,2025-03-01,A,9737
6570,8670,2025-05-19,B,2450
6571,8673,2025-04-17,C,2432
6572,8674,2025-03-07,C,9433
6573,8676,2026-03-20,C,4918
6574,8677,2026-01-26,A,6343
6575,8678,2026-01-14,A,5587
6576,8679,2025-07-19,A,1524
6577,8682,2025-09-14,A,6912
6578,8683,2025-08-10,C,1262
6579,8685,2026-01-12,A,4618
6580,8686,2025-10-10,A,525
6581,8688,2025-10-19,A,2688
6582,8689,2025-09-04,A,2523
6583,8690,2026-01-18,C,8835
6584,8692,2025-12-04,B,3357
6585,8693,2025-05-23,B,6153
6586,8694,2025-05-30,A,1815
6587,8695,2026-02-22,A,712
6588,8696,2025-06-13,A,6865
6589,8697,2025-04-12,B,2356
6590,8700,2026-03-07,A,2765
6591,8701,2025-10-31,C,9627
6592,8702,2025-04-24,A,711
6593,8703,2026-03-09,A,2336
6594,8704,2025-08-18,B,792
6595,8705,2025-08-05,A,5956
6596,8706,2025-09-16,A,5465
6597,8709,2025-06-13,C,7519
6598,8710,2025-11-16,A,11425
6599,8711,2025-09-29,A,5014
6600,8712,2026-03-13,A,3675
6601,8714,2025-09-10,A,2496
6602,8717,2025-05-14,C,2312
6603,8718,2025-12-28,A,2312
6604,8719,2025-11-26,A,2858
6605,8721,2025-10-28,C,1379
6606,8723,2025-06-26,A,8482
6607,8724,2025-07-15,B,4304
6608,8725,2025-08-25,C,5543
6609,8726,2025-07-04,C,4247
6610,8727,2025-07-19,A,2384
6611,8728,2025-11-09,C,2473
6612,8729,2025-07-20,C,9178
6613,8730,2025-06-13,A,938
6614,8732,2025-08-21,A,8220
6615,8733,2025-02-23,A,11403
6616,8735,2025-05-11,A,2203
6617,8736,2025-05-25,C,10853
6618,8737,2025-10-24,C,9737
6619,8738,2025-03-23,A,4065
6620,8740,2025-08-02,A,10116
6621,8741,2025-07-12,A,3536
6622,8742,2026-01-05,C,3580
6623,8744,2025-08-09,A,6866
6624,8745,2025-09-26,A,2571
6625,8747,2025-06-22,A,11911
6626,8748,2025-10-07,A,2474
6627,8750,2025-05-03,B,10873
6628,8751,2025-09-09,A,7521
6629,8753,2025-09-09,C,1816
6630,8755,2025-10-20,C,8511
6631,8756,2025-03-19,A,5588
6632,8757,2025-12-19,A,6734
6633,8758,2025-07-14,A,5585
6634,8759,2025-04-02,A,10280
6635,8760,2025-04-24,A,7574
6636,8762,2025-08-01,A,6980
6637,8763,2025-06-17,A,4872
6638,8764,2025-11-11,A,1288
6639,8765,2026-02-15,A,8320
6640,8766,2025-09-09,C,3560
6641,8767,2026-02-21,A,3937
6642,8768,2025-04-25,A,2476
6643,8769,2025-04-10,A,2203
6644,8770,2025-08-25,A,2475
6645,8772,2025-08-19,A,4184
6646,8773,2025-05-22,A,4524
6647,8774,2026-02-06,A,2060
6648,8777,2025-06-03,A,966
6649,8778,2026-03-17,A,3241
6650,8779,2025-12-31,A,2180
6651,8780,2025-08-02,C,1420
6652,8781,2025-10-22,B,5588
6653,8782,2026-03-12,A,8958
6654,8783,2025-12-20,A,2182
6655,8785,2025-08-28,C,1983
6656,8786,2025-06-16,A,2283
6657,8787,2026-03-05,C,11207
6658,8788,2025-10-30,A,10851
6659,8789,2025-08-15,C,10068
6660,8790,2025-12-25,A,2571
6661,8791,2025-04-04,C,2230
6662,8792,2026-01-12,C,4399
6663,8793,2025-10-16,A,10655
6664,8794,2025-10-15,A,6667
6665,8795,2025-10-06,A,11366
6666,8796,2025-10-20,A,8041
6667,8797,2025-06-24,A,2335
6668,8798,2025-06-30,A,1961
6669,8799,2025-06-27,A,1587
6670,8800,2025-07-17,A,454
6671,8801,2025-11-11,A,1460
6672,8802,2025-05-17,A,579
6673,8803,2025-06-01,A,2494
6674,8804,2025-11-13,A,3812
6675,8805,2025-09-30,A,2061
6676,8808,2025-06-15,A,5692
6677,8809,2025-06-30,C,9737
6678,8810,2025-09-05,A,2522
6679,8811,2026-03-10,A,6911
6680,8812,2025-05-19,A,6983
6681,8814,2025-05-27,A,1609
6682,8815,2026-03-27,A,11186
6683,8816,2025-07-12,A,2474
6684,8818,2025-06-15,A,2383
6685,8820,2025-08-19,A,3493
6686,8823,2026-02-22,A,2594
6687,8824,2025-06-02,A,2451
6688,8826,2025-03-27,A,645
6689,8827,2025-05-22,A,8456
6690,8828,2025-06-05,A,6782
6691,8829,2026-01-03,C,10852
6692,8831,2025-08-23,B,2494
6693,8832,2025-11-09,A,2643
6694,8834,2025-04-18,A,666
6695,8835,2025-04-25,A,8837
6696,8836,2025-06-17,A,11450
6697,8839,2025-10-10,A,10134
6698,8840,2025-05-16,A,11186
6699,8841,2025-07-28,A,9076
6700,8842,2025-11-04,A,8457
6701,8843,2025-11-20,A,2405
6702,8844,2025-12-12,C,7519
6703,8845,2025-07-16,B,2494
6704,8846,2025-07-29,C,1982
6705,8847,2025-12-06,A,7055
6706,8848,2025-10-21,A,2835
6707,8849,2025-04-10,B,11553
6708,8850,2025-12-20,A,3418
6709,8851,2025-11-18,A,3914
6710,8852,2025-05-14,A,5804
6711,8853,2025-11-24,A,4567
6712,8854,2025-12-09,A,6734
6713,8855,2025-08-22,C,11490
6714,8856,2025-10-02,A,8388
6715,8858,2025-10-12,A,5925
6716,8859,2025-03-28,C,429
6717,8860,2025-07-14,A,1038
6718,8861,2025-09-17,C,2004
6719,8862,2025-09-12,B,5690
6720,8863,2025-11-01,A,11577
6721,8864,2025-09-21,B,2358
6722,8865,2025-06-20,B,8861
6723,8866,2025-08-29,B,2202
6724,8868,2025-10-19,C,2616
6725,8869,2025-09-20,C,3118
6726,8870,2025-04-25,C,3401
6727,8872,2025-12-29,A,2105
6728,8873,2025-07-27,A,8220
6729,8876,2025-10-22,A,2230
6730,8877,2026-01-04,A,1211
6731,8879,2025-11-17,A,2405
6732,8881,2025-05-21,B,2357
6733,8882,2025-08-27,A,2432
6734,8883,2025-11-07,A,1663
6735,8884,2025-05-13,A,455
6736,8886,2025-11-28,A,840
6737,8888,2025-09-20,C,5329
6738,8889,2026-02-08,A,10280
6739,8890,2026-02-25,A,2433
6740,8891,2025-12-06,A,1288
6741,8892,2025-09-11,A,4111
6742,8893,2025-09-18,A,6981
6743,8894,2025-05-10,A,4304
6744,8895,2025-03-21,C,8612
6745,8896,2026-05-01,A,2522
6746,8898,2025-11-09,C,6891
6747,8899,2026-04-30,A,2282
6748,8900,2025-07-08,C,2337
6749,8901,2025-04-28,A,2282
6750,8902,2025-04-26,A,8788
6751,8903,2025-11-22,C,2385
6752,8904,2025-06-05,A,9998
6753,8905,2025-11-27,A,10134
6754,8906,2026-02-07,A,2283
6755,8909,2025-03-18,A,1483
6756,8910,2025-06-02,A,1462
6757,8911,2026-01-09,B,3166
6758,8912,2026-03-17,A,1420
6759,8913,2025-05-22,A,5102
6760,8918,2026-02-09,C,10133
6761,8919,2025-09-22,A,3957
6762,8924,2026-01-12,A,2284
6763,8925,2026-01-18,A,9922
6764,8926,2026-02-11,A,1461
6765,8928,2025-05-20,A,6753
6766,8929,2025-07-14,A,2664
6767,8930,2025-12-04,A,1834
6768,8932,2025-06-21,A,10561
6769,8933,2025-07-09,A,7573
6770,8935,2026-01-27,A,2523
6771,8936,2025-10-25,A,2205
6772,8937,2025-12-04,A,8737
6773,8939,2025-05-31,A,4968
6774,8940,2025-07-30,A,2615
6775,8942,2025-11-03,A,5953
6776,8943,2025-04-08,A,6414
6777,8944,2025-11-10,A,8119
6778,8945,2025-05-10,A,6811
6779,8946,2025-04-25,C,940
6780,8947,2025-05-13,A,10066
6781,8949,2025-08-10,A,2473
6782,8951,2025-12-09,A,10458
6783,8953,2026-01-18,A,9782
6784,8954,2025-05-09,A,2494
6785,8955,2026-05-09,C,7436
6786,8958,2025-11-13,A,5402
6787,8959,2025-07-29,A,5164
6788,8962,2025-10-20,C,790
6789,8964,2026-03-09,A,11343
6790,8966,2025-12-20,A,2450
6791,8967,2026-01-11,A,1569
6792,8968,2025-10-02,A,2311
6793,8969,2026-03-27,A,7545
6794,8971,2025-08-12,A,6667
6795,8972,2025-08-09,A,7435
6796,8973,2025-12-05,B,9504
6797,8975,2026-02-20,A,384
6798,8976,2025-06-23,A,1917
6799,8977,2025-07-23,A,9950
6800,8978,2025-05-23,A,6296
6801,8979,2025-10-28,A,1712
6802,8980,2025-12-30,A,6753
6803,8981,2025-12-14,C,4203
6804,8984,2026-01-22,A,10177
6805,8985,2025-06-16,A,5489
6806,8988,2025-03-23,A,8247
6807,8989,2026-01-26,A,2312
6808,8990,2025-08-05,C,1090
6809,8992,2025-09-18,A,10204
6810,8993,2025-09-10,A,10116
6811,8994,2025-09-23,A,2572
6812,8998,2025-08-16,A,6127
6813,8999,2025-08-16,A,602
6814,9001,2025-07-20,A,7576
6815,9002,2025-08-27,A,7765
6816,9003,2025-05-14,C,2029
6817,9004,2025-09-21,A,4401
6818,9005,2025-10-27,A,6783
6819,9006,2025-06-18,A,2231
6820,9007,2025-11-25,A,2667
6821,9009,2025-08-15,C,8768
6822,9010,2026-01-22,A,2552
6823,9012,2026-03-07,A,6837
6824,9013,2026-01-05,A,9251
6825,9014,2025-07-31,C,6951
6826,9015,2026-01-29,A,9338
6827,9016,2025-08-31,A,9129
6828,9020,2025-06-27,C,6913
6829,9021,2025-11-07,A,4203
6830,9022,2025-08-13,A,2160
6831,9023,2025-06-15,A,1861
6832,9024,2025-09-01,A,1090
6833,9025,2025-10-07,A,4523
6834,9026,2025-06-29,A,2181
6835,9029,2025-12-03,A,2812
6836,9030,2025-10-26,A,2616
6837,9031,2026-02-11,C,2311
6838,9032,2025-12-31,B,8768
6839,9034,2026-01-19,C,3186
6840,9036,2025-10-28,A,10323
6841,9038,2025-06-19,A,2451
6842,9040,2025-11-27,C,2282
6843,9042,2025-07-16,A,8736
6844,9043,2025-06-28,C,7970
6845,9045,2025-04-28,C,8321
6846,9049,2025-11-03,C,8610
6847,9051,2025-06-05,A,11512
6848,9052,2026-02-02,A,6981
6849,9053,2025-09-30,A,3676
6850,9054,2025-06-07,A,6340
6851,9055,2025-06-21,A,2338
6852,9056,2026-02-03,C,2551
6853,9057,2025-09-16,A,6951
6854,9061,2026-03-09,C,2282
6855,9062,2025-10-17,C,2356
6856,9063,2025-07-01,A,2202
6857,9065,2025-09-02,C,2259
6858,9066,2026-02-18,C,989
6859,9067,2025-09-25,A,5079
6860,9069,2025-07-28,B,939
6861,9070,2025-11-11,A,3284
6862,9072,2025-10-24,A,2335
6863,9074,2025-10-19,C,5609
6864,9078,2025-11-28,A,5443
6865,9079,2026-01-11,A,9736
6866,9080,2025-08-08,A,9901
6867,9081,2025-07-27,A,10701
6868,9082,2026-03-18,A,2336
6869,9084,2025-12-07,A,6782
6870,9086,2025-06-11,A,1113
6871,9087,2025-12-28,A,8321
6872,9089,2025-11-09,B,2203
6873,9090,2025-04-01,A,4276
6874,9091,2025-07-28,A,7196
6875,9092,2025-08-16,A,10874
6876,9094,2025-09-03,A,11070
6877,9095,2025-11-28,A,9759
6878,9096,2025-07-01,A,5851
6879,9098,2025-09-30,A,10611
6880,9099,2025-12-07,C,5875
6881,9100,2025-05-07,A,3029
6882,9101,2025-08-03,A,5491
6883,9102,2025-03-01,C,2338
6884,9103,2025-02-27,A,6982
6885,9104,2025-04-10,A,1442
6886,9105,2025-02-27,A,7520
6887,9108,2025-08-22,A,2383
6888,9109,2025-11-08,C,11365
6889,9113,2025-10-22,C,5252
6890,9114,2026-03-08,B,2160
6891,9115,2025-04-06,A,4568
6892,9116,2025-04-30,A,2571
6893,9117,2025-03-16,A,2336
6894,9118,2025-06-15,A,2282
6895,9119,2025-11-12,A,2231
6896,9120,2025-09-07,C,5608
6897,9121,2025-05-08,C,2475
6898,9122,2025-12-21,A,501
6899,9123,2025-05-02,A,6753
6900,9124,2025-06-23,C,11269
6901,9125,2025-07-24,A,3381
6902,9126,2025-07-15,A,2384
6903,9127,2025-01-24,A,5488
6904,9128,2025-10-13,B,742
6905,9129,2025-04-21,A,2664
6906,9130,2026-02-25,C,6754
6907,9131,2025-06-20,A,2385
6908,9132,2025-10-08,A,10721
6909,9133,2025-05-28,A,8248
6910,9134,2025-12-05,A,2552
6911,9135,2025-04-13,A,2204
6912,9136,2025-04-07,B,990
6913,9137,2026-03-10,C,2473
6914,9138,2025-11-12,C,1481
6915,9139,2025-05-14,A,2383
6916,9140,2025-10-06,A,5056
6917,9141,2025-06-04,A,9461
6918,9142,2026-01-05,A,2181
6919,9143,2025-06-18,A,1587
6920,9144,2025-10-18,A,2382
6921,9145,2025-08-13,A,9950
6922,9146,2025-07-14,C,6364
6923,9147,2025-06-14,C,11578
6924,9148,2025-05-29,A,1400
6925,9149,2025-05-05,A,10323
6926,9150,2025-09-20,A,2474
6927,9151,2026-02-08,C,2552
6928,9152,2025-07-09,A,4778
6929,9153,2025-06-17,A,1786
6930,9154,2025-06-07,A,2406
6931,9155,2025-04-29,C,10720
6932,9156,2025-10-13,A,2202
6933,9157,2025-11-22,A,9759
6934,9158,2025-03-28,A,9846
6935,9159,2026-01-24,A,2667
6936,9160,2025-11-17,A,5466
6937,9161,2025-03-03,B,2551
6938,9163,2025-12-07,A,11365
6939,9164,2025-12-23,A,6154
6940,9165,2025-10-24,A,6866
6941,9166,2025-10-16,A,8535
6942,9167,2025-08-17,A,3138
6943,9169,2025-05-01,A,2522
6944,9170,2025-07-21,A,3727
6945,9171,2025-06-20,C,602
6946,9172,2025-06-14,A,6865
6947,9174,2025-11-24,A,4919
6948,9175,2026-01-12,C,6227
6949,9176,2025-10-11,C,8934
6950,9177,2025-03-23,C,602
6951,9179,2025-05-11,B,4992
6952,9180,2025-12-13,A,2337
6953,9182,2025-10-08,C,3187
6954,9183,2025-08-12,A,8790
6955,9185,2025-06-23,A,2474
6956,9186,2025-12-14,A,3703
6957,9187,2026-01-19,C,1162
6958,9189,2025-08-09,C,3244
6959,9190,2026-02-08,A,5444
6960,9191,2025-08-02,C,10091
6961,9192,2026-01-07,B,9298
6962,9193,2025-12-26,A,3727
6963,9194,2025-07-31,A,2230
6964,9195,2025-03-25,C,9782
6965,9196,2025-10-22,A,9825
6966,9197,2025-07-08,A,2495
6967,9198,2026-01-06,A,3167
6968,9199,2025-09-03,A,7989
6969,9202,2026-02-13,A,9973
6970,9204,2025-11-27,A,2356
6971,9206,2025-12-26,C,2059
6972,9207,2025-09-18,A,10752
6973,9208,2025-06-25,C,9782
6974,9209,2025-07-20,A,8678
6975,9211,2025-07-14,C,7765
6976,9212,2025-09-06,A,10721
6977,9214,2025-08-17,B,8195
6978,9215,2025-10-06,B,10636
6979,9216,2025-06-28,A,6930
6980,9217,2026-01-01,A,2180
6981,9218,2025-09-04,C,3493
6982,9220,2025-12-21,A,6866
6983,9221,2025-07-27,A,8016
6984,9223,2026-03-23,A,11451
6985,9224,2025-08-01,A,2594
6986,9225,2025-06-22,A,5635
6987,9226,2025-12-08,A,9878
6988,9228,2025-07-25,A,2230
6989,9229,2026-03-10,A,2202
6990,9230,2025-06-02,A,11067
6991,9231,2026-03-22,A,2571
6992,9232,2025-11-15,A,11578
6993,9235,2025-05-15,A,5488
6994,9236,2026-02-05,A,6035
6995,9238,2025-08-28,A,2202
6996,9239,2025-09-09,A,9157
6997,9243,2025-09-25,A,2159
6998,9244,2026-02-27,A,4134
6999,9246,2025-03-06,C,3580
7000,9247,2025-07-05,A,2666
7001,9248,2025-09-20,A,9996
7002,9249,2025-10-14,A,2571
7003,9250,2026-01-25,A,1162
7004,9251,2025-07-26,C,11095
7005,9252,2026-01-19,A,2160
7006,9254,2025-04-21,B,2571
7007,9255,2025-06-10,A,1916
7008,9256,2025-07-05,A,2522
7009,9257,2025-11-27,A,8634
7010,9258,2025-07-01,A,11208
7011,9260,2025-05-17,A,2258
7012,9261,2026-01-12,A,9156
7013,9262,2026-01-18,B,2382
7014,9263,2026-02-05,A,6154
7015,9264,2025-12-23,A,4132
7016,9266,2025-03-09,A,6809
7017,9267,2025-08-31,A,5252
7018,9268,2025-05-09,C,10204
7019,9270,2025-04-18,B,9781
7020,9271,2025-12-02,A,8412
7021,9273,2025-06-30,A,8958
7022,9275,2025-09-27,A,2382
7023,9276,2026-01-25,C,8789
7024,9277,2025-12-27,B,6837
7025,9278,2025-09-19,B,9129
7026,9280,2025-06-22,A,3832
7027,9281,2025-07-30,A,9129
7028,9283,2026-01-06,B,2383
7029,9285,2025-07-26,C,10178
7030,9286,2025-05-18,B,10353
7031,9287,2025-11-27,A,1633
7032,9289,2025-09-20,B,2231
7033,9290,2025-10-09,A,2664
7034,9292,2025-05-09,A,4275
7035,9293,2025-05-09,A,3604
7036,9294,2025-11-08,A,4202
7037,9296,2025-08-14,C,8482
7038,9297,2025-06-19,A,11187
7039,9298,2026-01-20,A,2202
7040,9299,2025-09-19,A,2284
7041,9300,2025-07-28,A,11534
7042,9303,2026-03-10,B,7238
7043,9305,2025-10-25,B,503
7044,9306,2025-06-25,A,2475
7045,9307,2025-05-16,A,2357
7046,9309,2025-07-19,A,2160
7047,9311,2025-07-22,A,1608
7048,9312,2025-08-29,A,2571
7049,9313,2025-08-11,A,2181
7050,9314,2025-07-08,A,4872
7051,9315,2025-11-22,C,556
7052,9317,2025-12-05,A,8660
7053,9318,2025-10-02,A,2494
7054,9319,2025-09-11,A,11911
7055,9320,2025-10-12,A,9802
7056,9322,2025-07-14,A,9531
7057,9323,2025-10-02,A,2180
7058,9325,2025-09-07,A,9155
7059,9327,2025-05-31,A,2964
7060,9328,2025-06-19,A,2857
7061,9330,2025-07-17,A,9996
7062,9331,2025-11-10,A,647
7063,9333,2025-05-09,B,2405
7064,9335,2025-06-03,A,2259
7065,9336,2025-12-05,A,4449
7066,9337,2025-09-21,C,2965
7067,9338,2025-11-24,B,8223
7068,9340,2026-03-03,A,11555
7069,9342,2025-09-25,A,2553
7070,9343,2025-04-09,A,8611
7071,9345,2025-10-12,A,2910
7072,9346,2025-09-24,A,9532
7073,9347,2026-01-05,A,11269
7074,9348,2025-05-02,A,2259
7075,9349,2025-05-06,A,7863
7076,9355,2025-04-29,A,4496
7077,9357,2026-01-17,A,2311
7078,9360,2025-12-30,A,1331
7079,9361,2025-09-09,A,9129
7080,9362,2025-10-12,A,9296
7081,9363,2025-08-04,A,6340
7082,9364,2025-06-01,A,2982
7083,9365,2026-01-15,A,2182
7084,9366,2025-11-24,A,11068
7085,9367,2025-06-14,A,2310
7086,9368,2026-01-08,A,4618
7087,9370,2025-10-08,A,9230
7088,9371,2025-11-14,A,1814
7089,9372,2025-08-19,A,2404
7090,9374,2026-01-07,A,4355
7091,9376,2025-10-27,C,10250
7092,9377,2026-01-06,C,3467
7093,9380,2025-10-30,A,3359
7094,9382,2026-02-24,A,9231
7095,9383,2025-09-13,C,11889
7096,9384,2025-10-08,C,9129
7097,9385,2025-10-08,A,4160
7098,9387,2025-07-06,A,7493
7099,9393,2025-04-20,A,2385
7100,9394,2025-09-23,A,4872
7101,9397,2025-09-26,A,8483
7102,9399,2025-11-28,A,3655
7103,9401,2025-12-26,A,2284
7104,9402,2025-10-09,A,2404
7105,9403,2026-01-16,A,1163
7106,9404,2025-10-20,A,1420
7107,9406,2025-08-23,A,2937
7108,9408,2025-10-17,A,2284
7109,9409,2025-05-02,A,2259
7110,9410,2025-12-28,C,8015
7111,9411,2025-09-16,A,11864
7112,9412,2025-11-04,A,622
7113,9413,2025-10-24,A,11289
7114,9414,2025-07-13,A,10752
7115,9416,2025-05-16,C,7646
7116,9419,2026-03-09,A,2259
7117,9421,2025-06-22,A,4184
7118,9422,2025-08-03,A,2336
7119,9423,2025-06-15,A,2664
7120,9424,2026-01-01,B,10719
7121,9425,2025-05-24,A,11838
7122,9426,2025-12-13,A,8704
7123,9427,2025-06-25,C,1739
7124,9429,2025-06-03,A,2571
7125,9430,2026-03-23,C,2594
7126,9431,2025-07-25,B,2983
7127,9432,2025-11-08,A,2258
7128,9433,2025-05-09,A,5375
7129,9435,2025-10-02,A,2284
7130,9437,2025-07-21,C,6812
7131,9438,2025-10-29,A,4134
7132,9439,2025-06-18,A,891
7133,9440,2026-01-19,A,6982
7134,9441,2025-05-13,A,2666
7135,9442,2025-11-01,A,1663
7136,9443,2025-11-09,A,2384
7137,9444,2026-01-17,A,6343
7138,9445,2025-10-25,A,9847
7139,9446,2025-09-11,A,7365
7140,9447,2025-08-01,B,1014
7141,9448,2025-10-28,A,2496
7142,9449,2025-06-28,A,6913
7143,9451,2025-10-20,A,1691
7144,9452,2025-10-08,C,10353
7145,9453,2025-08-30,A,2311
7146,9456,2025-06-30,A,1379
7147,9457,2025-12-22,A,9691
7148,9458,2025-04-03,A,8319
7149,9461,2025-08-20,B,4275
7150,9462,2025-08-24,A,2384
7151,9463,2025-08-09,A,6953
7152,9464,2025-12-23,A,9735
7153,9465,2025-07-21,C,6076
7154,9466,2025-09-27,A,8223
7155,9467,2025-12-14,C,1861
7156,9468,2026-01-15,A,2552
7157,9469,2025-10-04,A,453
7158,9470,2025-10-14,C,11511
7159,9471,2025-09-05,C,2357
7160,9473,2025-07-23,C,2496
7161,9474,2025-06-29,A,1525
7162,9476,2025-05-21,A,5102
7163,9478,2025-10-20,A,2202
7164,9479,2025-10-19,C,9154
7165,9480,2025-08-03,B,5102
7166,9481,2025-05-26,A,10702
7167,9482,2025-09-17,A,2553
7168,9483,2025-11-14,A,7721
7169,9484,2025-04-20,A,2180
7170,9485,2025-04-04,A,6382
7171,9486,2025-05-12,A,2474
7172,9487,2026-02-28,A,2404
7173,9488,2025-04-06,A,6951
7174,9489,2025-04-13,A,2431
7175,9490,2025-06-13,B,6715
7176,9491,2025-03-10,A,2473
7177,9492,2025-02-20,A,3466
7178,9494,2026-01-18,A,1016
7179,9495,2025-08-05,A,10822
7180,9496,2026-01-29,B,4994
7181,9500,2026-01-08,A,2450
7182,9501,2026-03-10,A,3215
7183,9502,2025-12-12,A,2571
7184,9503,2025-07-05,A,5254
7185,9504,2025-12-29,A,11471
7186,9506,2025-12-13,A,11069
7187,9508,2025-06-09,C,6835
7188,9510,2025-08-05,A,10702
7189,9511,2025-11-09,A,2336
7190,9512,2025-11-01,A,4568
7191,9513,2025-08-04,C,2642
7192,9514,2025-05-22,B,1786
7193,9517,2025-11-03,A,1400
7194,9518,2025-06-16,A,2358
7195,9519,2026-01-15,A,2081
7196,9520,2025-07-05,A,2181
7197,9521,2025-12-12,B,4038
7198,9522,2025-04-18,B,10874
7199,9524,2025-08-12,A,3117
7200,9525,2025-05-03,C,4542
7201,9527,2025-08-26,A,2594
7202,9528,2025-12-26,B,8863
7203,9529,2026-02-04,B,8222
7204,9530,2025-12-14,A,3914
7205,9531,2025-07-08,A,6177
7206,9532,2025-10-05,A,6416
7207,9534,2025-05-12,A,8911
7208,9535,2025-09-29,A,5662
7209,9536,2025-10-23,A,1632
7210,9537,2025-06-10,A,5402
7211,9538,2025-11-28,A,11534
7212,9539,2025-08-07,A,6809
7213,9540,2025-07-01,A,11094
7214,9542,2025-07-30,A,6298
7215,9543,2026-01-14,A,8610
7216,9546,2025-08-10,A,2312
7217,9547,2025-04-30,A,647
7218,9548,2025-11-07,A,4303
7219,9549,2025-12-01,A,11512
7220,9551,2025-07-06,C,2312
7221,9553,2025-03-30,A,9156
7222,9554,2026-01-03,A,3653
7223,9555,2026-02-06,A,384
7224,9556,2025-08-02,A,7721
7225,9557,2025-06-01,A,8485
7226,9558,2025-07-02,A,8737
7227,9559,2025-05-23,A,10374
7228,9560,2026-03-31,A,6692
7229,9562,2025-09-25,A,9365
7230,9563,2025-11-25,A,11238
7231,9565,2025-07-23,B,1287
7232,9566,2025-06-21,C,6755
7233,9567,2026-01-24,B,623
7234,9568,2025-11-11,A,6201
7235,9570,2025-07-12,A,5565
7236,9571,2025-10-05,C,10535
7237,9572,2025-02-06,A,10028
7238,9573,2025-11-18,A,2159
7239,9574,2025-10-12,A,890
7240,9575,2025-04-02,A,9669
7241,9576,2025-06-24,B,4967
7242,9577,2026-02-17,A,9878
7243,9578,2025-09-07,A,683
7244,9579,2025-07-29,A,5329
7245,9581,2025-09-23,A,2282
7246,9583,2026-01-07,C,5638
7247,9584,2025-08-06,A,8806
7248,9586,2025-08-01,A,3559
7249,9587,2025-06-12,A,2183
7250,9588,2025-07-10,C,2181
7251,9589,2025-10-09,A,6413
7252,9590,2025-10-05,A,1116
7253,9591,2025-08-29,A,2310
7254,9594,2025-07-16,A,11490
7255,9595,2025-08-08,C,4919
7256,9596,2025-08-09,A,11236
7257,9597,2025-09-16,A,2553
7258,9599,2025-09-12,C,2641
7259,9600,2025-03-05,B,3538
7260,9601,2025-03-21,A,2231
7261,9602,2025-09-21,A,2181
7262,9604,2025-04-01,A,7601
7263,9605,2025-05-15,C,9948
7264,9606,2025-05-21,A,9710
7265,9607,2025-05-09,A,11068
7266,9609,2026-02-11,A,2433
7267,9610,2025-09-16,A,4450
7268,9611,2025-09-25,A,939
7269,9613,2025-10-10,B,2182
7270,9614,2025-10-05,A,406
7271,9616,2025-09-27,A,11366
7272,9617,2025-12-20,A,8610
7273,9618,2025-08-14,A,2551
7274,9619,2026-03-24,C,10090
7275,9620,2025-05-05,A,11605
7276,9621,2025-07-10,C,3746
7277,9622,2025-09-28,A,3729
7278,9623,2025-04-01,A,10025
7279,9624,2025-05-27,A,2552
7280,9625,2025-02-25,C,8957
7281,9626,2025-12-15,A,11237
7282,9627,2025-04-12,A,4111
7283,9629,2025-05-18,A,2134
7284,9630,2025-05-09,A,2382
7285,9631,2026-02-08,C,3360
7286,9632,2025-11-11,A,8093
7287,9633,2025-11-21,A,3762
7288,9634,2025-12-07,A,3745
7289,9635,2025-04-09,A,1962
7290,9637,2025-10-24,A,3915
7291,9638,2025-02-25,A,10396
7292,9639,2025-07-08,A,2910
7293,9640,2025-10-20,A,6809
7294,9641,2026-01-18,A,6098
7295,9642,2025-06-30,A,7818
7296,9643,2025-11-28,A,2284
7297,9644,2025-08-25,A,9156
7298,9645,2025-07-11,A,4424
7299,9646,2026-02-15,A,8884
7300,9648,2025-11-10,A,3958
7301,9649,2025-05-02,A,2432
7302,9650,2025-12-30,B,11067
7303,9652,2025-08-25,B,2522
7304,9653,2025-06-03,A,2450
7305,9655,2025-10-08,A,9780
7306,9657,2026-01-22,C,8483
7307,9658,2025-06-30,A,6753
7308,9659,2026-02-17,A,5543
7309,9660,2025-12-28,A,2357
7310,9661,2025-09-01,A,11490
7311,9662,2025-07-07,A,6837
7312,9664,2026-02-26,A,3602
7313,9665,2025-08-11,C,2159
7314,9666,2025-03-03,A,8319
7315,9667,2025-10-27,A,5692
7316,9668,2025-09-21,C,3402
7317,9671,2025-03-28,A,940
7318,9672,2026-04-08,A,9924
7319,9673,2025-10-27,A,2182
7320,9675,2025-07-12,A,3305
7321,9679,2026-01-28,A,2908
7322,9681,2025-06-16,A,6981
7323,9682,2026-02-03,A,11267
7324,9683,2026-01-06,A,10091
7325,9684,2025-06-15,C,8806
7326,9686,2025-11-06,A,967
7327,9687,2025-05-30,A,10091
7328,9688,2026-02-11,C,555
7329,9689,2025-08-10,A,2311
7330,9690,2025-12-28,A,9231
7331,9691,2025-05-03,A,3634
7332,9692,2025-12-20,A,4821
7333,9694,2025-04-18,A,10160
7334,9695,2025-08-19,A,2475
7335,9696,2025-10-02,A,429
7336,9698,2025-08-17,A,3466
7337,9699,2025-09-29,A,4850
7338,9700,2025-03-10,C,554
7339,9701,2025-10-08,A,2432
7340,9702,2025-06-25,C,3861
7341,9704,2025-05-02,A,1834
7342,9707,2026-01-07,A,3676
7343,9708,2025-12-26,C,2571
7344,9709,2025-12-26,A,2474
7345,9710,2025-10-12,A,406
7346,9711,2026-02-19,A,5609
7347,9712,2025-08-29,C,1815
7348,9713,2025-08-11,A,10701
7349,9714,2025-12-14,C,665
7350,9716,2025-10-12,A,6982
7351,9717,2025-09-21,A,3988
7352,9718,2025-08-25,C,10823
7353,9719,2025-12-09,A,9155
7354,9720,2025-12-03,A,10749
7355,9723,2025-12-19,A,6593
7356,9724,2025-08-25,A,6735
7357,9725,2025-12-29,C,601
7358,9726,2025-07-08,A,11067
7359,9727,2025-07-07,A,1982
7360,9728,2026-02-01,A,1982
7361,9729,2025-03-14,C,10458
7362,9730,2025-09-17,B,8221
7363,9731,2025-08-17,A,8483
7364,9734,2025-04-19,C,1663
7365,9735,2025-03-28,A,9252
7366,9736,2025-03-16,C,6276
7367,9737,2025-03-29,A,8339
7368,9738,2026-02-15,A,1524
7369,9739,2025-07-23,A,1690
7370,9740,2025-04-16,A,2405
7371,9741,2026-04-07,A,2385
7372,9742,2025-12-26,A,9030
7373,9743,2025-11-21,C,6175
7374,9744,2025-06-17,A,2160
7375,9745,2026-01-31,A,9948
7376,9746,2025-12-13,C,7491
7377,9747,2025-10-26,C,6296
7378,9749,2025-07-13,A,6866
7379,9750,2025-08-26,A,11604
7380,9751,2025-11-26,A,8789
7381,9752,2025-07-27,A,9924
7382,9753,2025-06-05,A,8435
7383,9754,2025-09-18,A,10118
7384,9757,2025-03-29,A,11166
7385,9758,2025-08-24,A,9408
7386,9760,2025-11-21,A,11470
7387,9761,2025-03-04,A,2938
7388,9762,2025-03-23,C,6229
7389,9763,2025-07-31,A,2935
7390,9765,2025-10-23,A,10203
7391,9766,2025-10-27,A,5690
7392,9767,2025-06-06,C,9411
7393,9768,2025-04-16,A,3401
7394,9770,2026-01-23,A,3632
7395,9771,2025-05-09,A,4276
7396,9772,2025-07-10,A,5424
7397,9773,2025-07-27,A,5101
7398,9774,2025-10-07,A,10067
7399,9775,2025-08-04,A,937
7400,9776,2025-11-09,A,3703
7401,9777,2025-11-16,A,4746
7402,9779,2025-08-15,A,4494
7403,9780,2025-08-14,B,8863
7404,9782,2026-02-01,A,1941
7405,9783,2025-11-08,A,10852
7406,9784,2026-01-14,A,7493
7407,9785,2025-11-06,A,1181
7408,9786,2025-02-07,A,9157
7409,9787,2025-10-24,A,2495
7410,9790,2026-04-06,A,3937
7411,9791,2025-07-18,A,2473
7412,9792,2026-02-10,A,10204
7413,9793,2025-08-02,A,9433
7414,9794,2025-07-22,C,1714
7415,9795,2025-12-16,A,8434
7416,9796,2026-01-11,A,6595
7417,9797,2025-06-27,B,9825
7418,9798,2025-11-21,C,6867
7419,9799,2025-05-04,C,2813
7420,9800,2025-09-17,A,2666
7421,9801,2025-03-10,A,1288
7422,9802,2025-10-08,A,4184
7423,9803,2025-12-31,A,11470
7424,9806,2026-01-25,A,2311
7425,9807,2025-09-07,C,9032
7426,9808,2025-08-30,A,1663
7427,9809,2025-12-03,A,2495
7428,9810,2025-12-31,A,6930
7429,9811,2026-02-12,A,1262
7430,9812,2025-06-28,C,11889
7431,9814,2025-09-05,A,9252
7432,9815,2025-08-23,A,2666
7433,9816,2025-05-25,A,2357
7434,9817,2026-01-28,C,11039
7435,9818,2025-06-04,A,2791
7436,9819,2026-03-16,A,2080
7437,9820,2026-02-26,A,9056
7438,9821,2025-04-06,A,7765
7439,9822,2025-05-02,A,10203
7440,9823,2025-11-17,A,3676
7441,9824,2025-11-02,B,8660
7442,9825,2025-06-13,A,2357
7443,9826,2026-01-22,A,5517
7444,9827,2025-05-23,C,11940
7445,9828,2025-07-07,A,1861
7446,9831,2026-04-28,C,1015
7447,9832,2025-10-09,A,7315
7448,9833,2025-03-10,A,4648
7449,9834,2026-02-07,A,3029
7450,9835,2025-06-08,A,2406
7451,9836,2025-12-08,A,4329
7452,9837,2025-11-11,A,5956
7453,9838,2026-01-04,B,2336
7454,9840,2025-09-13,A,2496
7455,9841,2025-10-01,A,8172
7456,9842,2025-10-18,A,2385
7457,9843,2025-07-17,A,4112
7458,9844,2025-08-27,A,5035
7459,9845,2025-12-02,C,1915
7460,9846,2025-06-02,A,9462
7461,9847,2025-03-20,A,4373
7462,9848,2025-09-11,A,6981
7463,9852,2025-11-05,A,2572
7464,9853,2025-11-16,C,9923
7465,9854,2025-10-26,A,2358
7466,9855,2025-08-22,B,2160
7467,9858,2026-01-21,A,2405
7468,9860,2026-01-07,A,2615
7469,9861,2026-01-11,C,3728
7470,9862,2025-03-08,C,2311
7471,9863,2025-09-30,A,501
7472,9864,2025-12-25,A,9781
7473,9865,2025-11-30,A,2594
7474,9866,2026-03-07,A,2336
7475,9867,2025-07-04,A,4183
7476,9868,2025-10-26,B,4776
7477,9869,2025-04-08,B,2182
7478,9872,2025-09-06,A,2258
7479,9873,2026-02-20,A,2450
7480,9874,2025-06-09,A,10089
7481,9875,2025-11-03,A,2451
7482,9877,2025-08-07,C,2385
7483,9878,2025-03-30,A,6177
7484,9879,2026-03-21,A,966
7485,9881,2026-02-11,A,10324
7486,9882,2025-12-02,A,6715
7487,9883,2025-10-03,A,10823
7488,9884,2025-08-31,B,5635
7489,9885,2026-02-19,A,2552
7490,9886,2025-09-15,A,11511
7491,9888,2025-04-11,A,1761
7492,9889,2025-11-08,A,8269
7493,9890,2025-08-14,A,2337
7494,9892,2025-05-26,C,10280
7495,9893,2026-03-20,C,9900
7496,9894,2025-03-24,A,2358
7497,9895,2025-09-23,A,4248
7498,9896,2025-04-21,A,2572
7499,9898,2025-11-21,A,8835
7500,9901,2025-12-31,A,9846
7501,9903,2025-07-13,A,409
7502,9904,2025-06-19,C,1942
7503,9905,2025-12-02,A,2159
7504,9907,2025-07-18,B,7695
7505,9908,2025-06-19,A,10090
7506,9909,2025-08-21,B,5125
7507,9910,2026-02-21,A,2230
7508,9911,2025-05-27,A,9737
7509,9912,2025-10-28,B,10226
7510,9913,2025-03-17,A,5329
7511,9914,2025-11-19,A,8705
7512,9916,2025-10-26,A,2204
7513,9917,2026-01-18,B,2204
7514,9918,2025-10-04,A,2473
7515,9919,2026-02-07,A,917
7516,9920,2025-05-25,A,9155
7517,9921,2025-06-07,A,4275
7518,9923,2025-10-21,B,2356
7519,9924,2026-03-23,A,2282
7520,9925,2025-08-12,C,624
7521,9926,2025-11-10,A,10118
7522,9927,2025-09-28,A,10224
7523,9928,2025-03-25,A,2335
7524,9929,2026-01-30,A,2665
7525,9930,2025-06-06,A,2310
7526,9931,2025-06-24,A,10177
7527,9932,2025-10-28,B,11069
7528,9933,2025-08-10,C,11471
7529,9934,2025-05-07,A,2571
7530,9935,2025-08-09,A,9102
7531,9936,2026-01-12,C,11821
7532,9937,2025-07-03,A,2432
7533,9938,2025-08-26,A,2336
7534,9939,2025-09-02,A,4700
7535,9940,2025-05-20,A,2335
7536,9941,2025-11-19,A,2886
7537,9942,2025-07-25,A,2432
7538,9943,2026-04-13,A,9899
7539,9944,2026-03-07,C,3139
7540,9945,2025-06-19,C,7236
7541,9948,2026-01-22,A,7666
7542,9949,2025-08-18,B,9503
7543,9952,2026-03-09,A,1915
7544,9953,2025-06-08,A,8679
7545,9956,2025-06-25,A,4374
7546,9958,2025-09-24,C,10611
7547,9959,2025-10-16,A,4112
7548,9960,2025-06-29,A,2553
7549,9962,2025-04-09,A,1609
7550,9963,2025-10-08,C,2180
7551,9964,2025-07-03,A,4132
7552,9965,2026-02-14,A,6690
7553,9966,2025-08-17,B,2205
7554,9968,2025-10-04,A,5515
7555,9969,2025-08-13,A,10488
7556,9970,2025-07-18,C,4822
7557,9971,2025-05-16,A,5543
7558,9972,2026-04-09,A,429
7559,9973,2025-10-11,A,9924
7560,9974,2025-11-26,A,2203
7561,9975,2025-05-11,A,2383
7562,9977,2025-07-23,C,2856
7563,9978,2025-05-21,A,2336
7564,9982,2025-07-16,A,1985
7565,9983,2025-10-28,C,1525
7566,9984,2025-06-22,C,11424
7567,9986,2025-06-01,B,10028
7568,9987,2025-03-25,A,430
7569,9988,2026-05-10,C,8321
7570,9989,2025-05-06,A,3509
7571,9990,2025-07-08,A,9101
7572,9992,2025-08-11,A,4159
7573,9994,2025-12-26,A,10375
7574,9995,2025-11-20,A,11366
7575,9997,2025-12-24,C,9231
7576,9998,2026-01-29,A,7287
7577,9999,2025-07-02,C,2230
7578,10000,2025-10-28,C,9177
7579,10002,2025-04-12,A,2203
7580,10005,2025-10-24,C,1549
7581,10007,2025-09-11,A,6229
7582,10008,2025-07-26,C,4113
7583,10010,2025-11-15,A,8934
7584,10011,2025-06-14,C,2666
7585,10012,2025-07-16,A,2230
7586,10013,2025-05-31,A,5328
7587,10015,2026-01-20,A,9232
7588,10017,2025-07-12,C,7970
7589,10018,2025-05-19,C,9433
7590,10019,2025-09-09,A,9559
7591,10021,2025-11-05,A,11237
7592,10026,2025-07-30,A,5689
7593,10029,2025-03-15,A,10987
7594,10030,2026-03-05,A,967
7595,10031,2025-08-30,A,6754
7596,10032,2025-11-09,A,8246
7597,10033,2025-07-05,A,9782
7598,10034,2025-08-09,A,2311
7599,10036,2025-10-22,C,2202
7600,10038,2025-05-19,A,431
7601,10039,2025-07-06,B,1182
7602,10040,2025-08-15,A,683
7603,10041,2025-04-27,C,10752
7604,10043,2025-10-23,A,3188
7605,10044,2025-07-15,A,2642
7606,10045,2025-04-14,A,2160
7607,10046,2025-07-16,A,6716
7608,10047,2026-01-08,A,502
7609,10048,2025-10-01,A,1889
7610,10049,2025-12-11,C,2615
7611,10050,2025-07-28,A,2572
7612,10051,2026-02-19,B,4248
7613,10052,2025-04-24,A,9901
7614,10056,2025-06-16,C,5015
7615,10057,2026-02-15,B,8340
7616,10059,2025-10-10,A,1787
7617,10060,2025-08-15,A,2183
7618,10061,2025-11-17,A,1420
7619,10062,2025-07-16,A,812
7620,10064,2025-07-12,A,9710
7621,10065,2025-11-29,A,11121
7622,10067,2026-02-11,A,6227
7623,10068,2026-01-19,A,2259
7624,10070,2025-05-26,A,9485
7625,10071,2025-10-05,A,10118
7626,10072,2025-07-02,B,2664
7627,10073,2025-06-14,A,11799
7628,10074,2025-11-10,B,1483
7629,10075,2025-09-21,A,7436
7630,10076,2025-09-26,A,1212
7631,10077,2025-10-01,A,9232
7632,10078,2025-11-22,A,6835
7633,10079,2025-04-02,A,9338
7634,10080,2025-05-11,A,4523
7635,10081,2025-09-16,C,7645
7636,10082,2026-01-30,A,9253
7637,10083,2025-08-04,A,2204
7638,10085,2025-02-15,C,2338
7639,10086,2025-06-26,A,2665
7640,10087,2025-03-14,B,3420
7641,10089,2025-05-14,A,8092
7642,10090,2025-04-08,A,1398
7643,10093,2025-07-31,C,2665
7644,10095,2025-08-07,A,6340
7645,10097,2026-03-07,A,10302
7646,10098,2025-08-14,A,9128
7647,10100,2025-03-10,B,7492
7648,10101,2025-11-27,A,7056
7649,10105,2026-01-04,A,7287
7650,10108,2025-04-30,A,8414
7651,10109,2025-05-21,C,2205
7652,10111,2025-03-04,A,8789
7653,10113,2026-03-13,A,4183
7654,10114,2025-06-18,B,9130
7655,10115,2025-08-24,A,11119
7656,10116,2025-09-07,C,2522
7657,10117,2025-06-22,B,9531
7658,10118,2025-04-19,A,2494
7659,10119,2025-11-27,A,2385
7660,10121,2025-04-08,A,1115
7661,10122,2025-03-11,A,2616
7662,10123,2026-02-05,C,8482
7663,10124,2025-12-04,A,2385
7664,10126,2026-02-13,A,2182
7665,10127,2025-08-09,A,1914
7666,10128,2025-08-10,C,2433
7667,10129,2025-04-03,A,4965
7668,10130,2025-09-03,C,3745
7669,10131,2025-04-28,A,2665
7670,10132,2025-02-10,C,2337
7671,10133,2025-08-15,A,2476
7672,10134,2025-10-02,A,9975
7673,10135,2025-08-28,C,2383
7674,10136,2025-05-04,C,8147
7675,10137,2025-09-05,A,768
7676,10139,2025-10-25,A,1889
7677,10140,2025-09-29,A,3914
7678,10141,2025-09-09,A,8737
7679,10142,2025-09-25,A,5400
7680,10143,2025-05-11,A,10751
7681,10144,2025-06-26,B,9824
7682,10145,2026-01-23,A,9317
7683,10146,2025-08-20,A,683
7684,10147,2025-09-19,C,11290
7685,10148,2025-09-21,A,11512
7686,10150,2025-11-26,C,9973
7687,10151,2025-12-05,A,11343
7688,10152,2025-12-21,A,3603
7689,10153,2025-11-03,A,2551
7690,10154,2025-09-27,A,9435
7691,10155,2025-06-04,C,9232
7692,10157,2025-12-06,A,3632
7693,10159,2025-04-19,A,8861
7694,10160,2025-09-28,A,3442
7695,10162,2025-04-19,A,646
7696,10164,2025-11-19,A,3634
7697,10167,2025-06-21,A,2385
7698,10168,2025-11-08,A,6034
7699,10170,2025-06-24,A,8093
7700,10171,2025-05-21,A,2642
7701,10175,2025-10-04,A,1663
7702,10176,2026-01-18,B,8611
7703,10178,2025-10-09,A,6643
7704,10179,2025-10-09,A,7218
7705,10180,2025-03-07,A,1586
7706,10181,2025-06-23,A,10719
7707,10182,2025-04-01,A,2384
7708,10183,2026-04-17,A,11070
7709,10185,2026-01-30,C,6836
7710,10186,2025-11-27,C,1115
7711,10187,2025-09-01,A,2551
7712,10189,2026-01-26,C,10560
7713,10193,2025-09-25,A,10792
7714,10194,2025-12-04,A,5377
7715,10195,2025-02-13,A,10946
7716,10198,2025-06-09,C,2384
7717,10199,2025-12-26,A,2310
7718,10200,2026-01-07,A,2183
7719,10201,2025-10-27,A,384
7720,10202,2025-04-11,A,10486
7721,10203,2025-12-08,B,6482
7722,10204,2025-09-11,A,2474
7723,10205,2025-05-12,C,10203
7724,10206,2026-02-01,C,10353
7725,10207,2025-10-18,A,3242
7726,10208,2025-10-18,A,5586
7727,10210,2025-05-31,A,9031
7728,10211,2025-07-10,A,3244
7729,10212,2026-01-21,C,9948
7730,10213,2025-08-18,A,2311
7731,10215,2025-11-24,A,9154
7732,10218,2025-04-18,A,10719
7733,10219,2025-10-10,B,2450
7734,10220,2025-10-11,A,8835
7735,10222,2025-08-07,A,3958
7736,10223,2025-04-21,A,9316
7737,10225,2025-06-11,A,7843
7738,10226,2025-09-07,A,3860
7739,10227,2025-08-05,A,9737
7740,10228,2026-03-05,C,3401
7741,10230,2026-02-23,A,1524
7742,10231,2025-02-11,A,6691
7743,10232,2025-09-05,A,2258
7744,10233,2025-07-05,A,8934
7745,10234,2026-01-17,A,9735
7746,10235,2025-08-10,A,8933
7747,10236,2026-01-18,C,4801
7748,10237,2025-06-15,A,9948
7749,10238,2026-02-01,A,1288
7750,10239,2025-09-13,B,2312
7751,10240,2025-12-21,C,8706
7752,10241,2025-12-05,A,7007
7753,10242,2025-10-26,B,7238
7754,10243,2025-05-21,A,3536
7755,10244,2025-07-13,A,2432
7756,10245,2025-03-27,A,2551
7757,10246,2025-08-24,A,2523
7758,10247,2025-07-28,A,6325
7759,10248,2025-11-12,A,10353
7760,10249,2025-08-06,B,2475
7761,10250,2025-12-01,C,6754
7762,10251,2025-05-10,A,3185
7763,10252,2025-06-14,A,11577
7764,10253,2025-07-17,A,2338
7765,10254,2025-04-02,A,10178
7766,10255,2025-07-27,A,4468
7767,10257,2026-02-10,C,2382
7768,10259,2025-06-21,A,2594
7769,10261,2025-11-18,A,2431
7770,10262,2025-04-01,A,2641
7771,10263,2025-08-17,A,623
7772,10264,2025-04-15,C,480
7773,10265,2025-03-10,A,2202
7774,10266,2025-06-13,A,10896
7775,10267,2026-01-22,A,2473
7776,10272,2025-07-18,A,4993
7777,10273,2025-07-03,A,2384
7778,10274,2026-01-03,A,1568
7779,10275,2025-10-08,A,2473
7780,10276,2025-05-15,C,2356
7781,10277,2025-05-10,A,5079
7782,10278,2025-12-09,C,10090
7783,10279,2025-05-30,A,8196
7784,10280,2025-11-07,A,1331
7785,10281,2025-06-01,A,2282
7786,10282,2025-08-24,A,1040
7787,10283,2025-08-04,A,2910
7788,10284,2025-10-09,A,2495
7789,10285,2025-05-20,A,10396
7790,10286,2025-06-09,A,8413
7791,10287,2026-02-20,A,10852
7792,10288,2025-05-19,A,8979
7793,10289,2025-11-12,A,8736
7794,10290,2025-11-26,A,10988
7795,10291,2025-11-23,C,5102
7796,10292,2025-05-20,A,4134
7797,10294,2025-10-11,C,5352
7798,10295,2025-04-10,A,623
7799,10296,2025-11-04,A,7316
7800,10297,2026-04-29,A,1570
7801,10299,2025-04-09,A,3070
7802,10301,2025-03-11,A,11387
7803,10302,2025-07-21,C,8768
7804,10303,2025-06-05,A,3989
7805,10305,2025-12-18,A,2431
7806,10307,2026-01-15,C,8536
7807,10308,2025-09-27,A,1482
7808,10310,2026-02-19,B,5227
7809,10311,2026-04-21,A,2259
7810,10312,2025-10-12,A,2616
7811,10313,2025-10-12,A,8340
7812,10314,2025-11-07,A,8434
7813,10315,2025-12-22,A,9760
7814,10316,2026-01-21,A,4132
7815,10318,2025-12-04,B,2312
7816,10320,2025-10-24,C,7721
7817,10321,2025-08-31,C,9601
7818,10322,2025-12-13,A,4227
7819,10325,2025-08-15,A,8934
7820,10328,2025-10-11,C,2431
7821,10329,2026-01-04,A,1483
7822,10330,2025-05-20,A,10068
7823,10332,2025-10-29,C,839
7824,10333,2025-09-13,A,2475
7825,10335,2025-10-25,A,2357
7826,10336,2026-04-24,C,2405
7827,10337,2026-03-08,A,2282
7828,10338,2025-08-07,A,4089
7829,10339,2025-03-16,A,10134
7830,10340,2025-03-06,A,2311
7831,10341,2025-06-23,C,2180
7832,10342,2025-07-18,A,7740
7833,10343,2025-11-25,A,2160
7834,10344,2025-07-01,A,5691
7835,10345,2025-06-02,A,5443
7836,10346,2025-04-30,A,4331
7837,10347,2025-04-29,A,2406
7838,10349,2025-10-30,A,1588
7839,10350,2025-03-29,A,6930
7840,10351,2025-07-01,A,11534
7841,10352,2025-04-03,A,5489
7842,10353,2025-04-05,A,2335
7843,10355,2025-12-02,A,10675
7844,10356,2025-09-16,B,8659
7845,10358,2025-12-08,A,6524
7846,10359,2025-09-20,C,5423
7847,10360,2025-06-20,C,4775
7848,10361,2026-01-12,A,6480
7849,10362,2025-06-13,B,9317
7850,10363,2025-09-05,A,2643
7851,10364,2025-09-24,A,1816
7852,10365,2026-01-21,C,9006
7853,10366,2025-07-09,A,11863
7854,10367,2026-02-22,A,4494
7855,10368,2025-04-24,C,9779
7856,10369,2025-03-16,A,9434
7857,10375,2025-05-07,A,3214
7858,10376,2025-02-16,A,9411
7859,10377,2025-05-03,A,7545
7860,10378,2026-03-22,A,10721
7861,10380,2025-08-08,C,11745
7862,10383,2025-07-19,A,5517
7863,10384,2026-02-24,A,9650
7864,10385,2025-09-01,A,2159
7865,10388,2025-08-22,C,9410
7866,10391,2025-10-25,A,2356
7867,10392,2025-10-15,A,2312
7868,10393,2025-07-18,A,10118
7869,10396,2026-03-20,C,2182
7870,10397,2026-01-07,C,8435
7871,10398,2025-07-26,A,1420
7872,10399,2025-09-27,A,2106
7873,10400,2025-03-18,A,4249
7874,10401,2025-12-27,B,2494
7875,10402,2026-01-17,A,9505
7876,10404,2025-05-30,C,2160
7877,10407,2025-05-25,A,10279
7878,10408,2025-04-06,C,6913
7879,10409,2026-03-04,B,9056
7880,10410,2025-04-24,A,2230
7881,10413,2025-09-03,A,5226
7882,10415,2025-06-15,C,5488
7883,10417,2025-07-04,A,9669
7884,10418,2025-12-22,A,1233
7885,10419,2025-09-09,A,9736
7886,10420,2025-04-01,A,2432
7887,10423,2025-07-31,B,1761
7888,10425,2025-09-25,A,2181
7889,10426,2025-08-17,A,666
7890,10428,2025-11-13,A,11772
7891,10429,2026-02-13,A,11291
7892,10430,2025-03-10,A,11773
7893,10431,2025-11-20,A,3493
7894,10432,2025-08-09,A,2494
7895,10433,2025-05-25,A,9252
7896,10434,2026-02-19,A,2283
7897,10435,2025-09-20,A,2474
7898,10436,2025-08-02,A,7411
7899,10437,2025-09-20,A,8222
7900,10438,2025-12-19,A,10896
7901,10439,2025-10-31,A,2338
7902,10440,2025-09-13,A,8389
7903,10441,2025-12-13,A,430
7904,10442,2025-08-29,C,8788
7905,10443,2025-11-21,A,3467
7906,10444,2025-03-04,A,6692
7907,10445,2025-07-25,C,8659
7908,10447,2025-10-08,C,5443
7909,10448,2025-08-10,A,1662
7910,10450,2025-12-18,B,2203
7911,10451,2026-01-30,A,454
7912,10452,2025-11-05,C,479
7913,10454,2025-08-10,A,2283
7914,10456,2026-03-09,C,6570
7915,10459,2025-08-24,B,940
7916,10460,2025-10-18,C,2203
7917,10461,2026-01-22,A,2335
7918,10462,2025-07-04,A,2616
7919,10463,2026-01-09,C,8248
7920,10467,2026-02-16,C,2406
7921,10468,2025-07-11,C,2337
7922,10469,2025-10-22,A,2664
7923,10470,2025-11-26,A,2107
7924,10471,2025-12-17,A,4184
7925,10472,2025-09-18,A,2909
7926,10473,2025-03-24,A,2495
7927,10474,2025-12-10,A,2476
7928,10475,2026-02-03,A,2183
7929,10476,2025-05-16,A,430
7930,10478,2025-06-22,A,7316
7931,10479,2026-04-20,A,10302
7932,10480,2025-10-17,A,4594
7933,10482,2026-02-11,A,7265
7934,10483,2026-03-02,A,2384
7935,10484,2026-05-17,A,5737
7936,10485,2025-12-25,A,2284
7937,10486,2025-06-15,A,1160
7938,10487,2025-10-25,A,1787
7939,10488,2025-11-17,A,6101
7940,10490,2026-02-13,C,938
7941,10491,2025-09-04,A,9901
7942,10493,2025-05-24,C,3810
7943,10494,2025-07-28,A,11451
7944,10495,2025-06-11,A,8705
7945,10496,2025-09-05,A,2385
7946,10497,2025-06-28,B,10895
7947,10498,2025-06-03,A,1915
7948,10499,2025-05-01,A,2231
7949,10500,2025-06-08,A,2310
7950,10501,2025-06-21,A,8340
7951,10502,2025-05-23,A,5305
7952,10503,2026-01-03,A,2230
7953,10506,2025-03-01,A,7547
7954,10507,2025-07-27,A,7971
7955,10508,2025-09-07,A,7739
7956,10510,2025-12-24,C,11939
7957,10511,2025-08-03,A,8246
7958,10512,2025-07-14,A,3884
7959,10513,2025-12-04,A,10513
7960,10514,2025-07-31,A,917
7961,10515,2025-10-14,A,2739
7962,10516,2025-08-31,A,3304
7963,10520,2025-07-23,A,5850
7964,10522,2025-04-16,A,2283
7965,10524,2025-08-20,A,5586
7966,10525,2025-05-16,B,6230
7967,10526,2025-06-03,A,7340
7968,10527,2025-11-21,A,791
7969,10528,2025-09-02,A,5443
7970,10529,2025-08-17,B,2523
7971,10530,2025-09-14,A,7236
7972,10531,2025-05-14,A,8558
7973,10532,2025-04-05,A,10850
7974,10533,2026-01-29,B,8735
7975,10534,2025-12-05,A,1064
7976,10536,2026-01-20,A,6931
7977,10537,2025-04-19,C,2553
7978,10538,2026-01-18,B,9735
7979,10540,2025-09-19,A,2595
7980,10542,2026-01-01,A,5761
7981,10543,2025-07-15,A,1180
7982,10547,2025-06-06,B,6034
7983,10548,2025-09-06,A,3381
7984,10550,2025-04-16,C,10514
7985,10551,2025-04-19,C,5281
7986,10552,2025-06-11,A,5035
7987,10554,2025-10-31,A,2473
7988,10556,2025-11-03,A,2383
7989,10557,2025-07-10,A,2310
7990,10558,2025-08-09,A,3937
7991,10560,2025-12-19,A,8909
7992,10561,2025-07-05,C,6594
7993,10562,2025-11-22,C,9076
7994,10563,2025-06-06,A,11554
7995,10564,2025-11-28,A,11697
7996,10565,2026-01-20,A,2572
7997,10568,2025-08-14,A,2572
7998,10569,2025-08-04,A,2183
7999,10570,2025-09-19,B,2643
8000,10573,2025-11-19,B,1088
8001,10574,2025-06-19,A,8980
8002,10575,2025-03-05,A,3560
8003,10576,2025-05-13,A,8290
8004,10577,2025-12-23,A,1833
8005,10578,2026-02-11,C,9232
8006,10579,2025-11-24,A,5423
8007,10580,2025-09-13,A,2384
8008,10583,2025-08-24,A,1663
8009,10584,2025-11-14,A,2258
8010,10585,2025-11-08,A,1234
8011,10587,2026-01-28,C,9253
8012,10590,2025-07-06,A,8981
8013,10591,2025-11-10,A,7573
8014,10592,2025-06-20,A,4303
8015,10593,2025-09-24,A,2203
8016,10594,2025-05-12,A,7692
8017,10595,2025-07-12,A,10225
8018,10596,2025-09-22,C,8980
8019,10598,2025-07-18,A,2182
8020,10599,2026-01-12,A,8980
8021,10600,2025-04-28,A,4182
8022,10601,2025-11-25,A,9825
8023,10602,2025-11-24,A,3912
8024,10603,2025-08-06,A,1331
8025,10604,2025-07-11,A,11040
8026,10605,2026-04-15,A,1261
8027,10606,2026-04-02,A,10178
8028,10607,2025-07-15,A,915
8029,10608,2025-06-03,A,2384
8030,10609,2025-06-14,A,1815
8031,10611,2025-03-05,A,6812
8032,10612,2026-03-26,B,10636
8033,10613,2026-01-27,C,10226
8034,10615,2025-08-25,A,1982
8035,10616,2025-08-29,A,2552
8036,10617,2025-11-03,A,8680
8037,10618,2026-02-08,A,2884
8038,10619,2026-01-27,A,8980
8039,10621,2025-05-29,C,3655
8040,10622,2025-10-13,A,554
8041,10623,2025-05-31,A,4038
8042,10625,2025-09-01,A,8790
8043,10627,2025-05-17,A,2385
8044,10628,2025-05-07,A,10637
8045,10629,2025-06-26,A,9735
8046,10630,2025-08-24,A,11343
8047,10635,2025-10-13,A,4541
8048,10636,2025-10-28,A,5400
8049,10637,2025-05-22,A,2312
8050,10638,2025-04-10,A,2338
8051,10639,2026-01-13,A,8735
8052,10640,2025-06-25,A,8339
8053,10641,2026-01-13,A,4822
8054,10642,2025-06-28,A,2382
8055,10643,2025-04-22,B,3401
8056,10644,2026-01-16,A,6200
8057,10645,2025-10-18,C,4204
8058,10649,2026-01-21,A,6810
8059,10650,2025-06-01,A,11187
8060,10651,2025-12-24,A,2182
8061,10652,2026-04-24,A,2282
8062,10653,2026-02-24,A,11318
8063,10654,2025-08-12,A,2432
8064,10655,2025-03-15,A,7545
8065,10656,2025-09-23,A,2666
8066,10657,2025-08-03,A,2594
8067,10658,2025-06-29,A,1761
8068,10659,2025-04-28,A,2205
8069,10661,2025-12-19,A,2571
8070,10664,2025-03-24,A,7289
8071,10665,2026-02-02,A,1661
8072,10667,2025-09-09,A,2792
8073,10668,2025-08-31,A,4247
8074,10669,2025-09-03,A,4227
8075,10670,2025-09-12,C,2384
8076,10672,2025-12-31,A,1570
8077,10673,2026-03-26,A,2284
8078,10675,2025-03-05,B,10305
8079,10676,2025-10-27,C,8247
8080,10678,2025-08-04,A,10895
8081,10679,2025-09-16,A,2433
8082,10680,2025-06-10,A,6342
8083,10682,2026-02-10,A,3582
8084,10683,2025-10-22,A,10487
8085,10685,2025-05-06,A,2552
8086,10686,2026-03-08,A,2335
8087,10687,2025-12-15,A,1589
8088,10688,2026-02-16,C,6643
8089,10689,2025-06-01,C,2202
8090,10690,2025-08-10,A,7314
8091,10692,2025-07-13,A,1234
8092,10693,2025-12-09,A,1089
8093,10694,2025-07-26,A,2643
8094,10695,2026-02-13,A,11207
8095,10698,2026-02-26,A,2665
8096,10699,2025-05-14,A,5691
8097,10700,2026-02-03,A,6201
8098,10701,2026-02-18,A,646
8099,10702,2025-03-30,A,2383
8100,10704,2026-03-19,A,407
8101,10705,2025-05-13,A,2551
8102,10706,2025-07-22,A,5376
8103,10707,2025-10-21,C,4247
8104,10709,2025-07-03,B,8041
8105,10713,2025-08-30,C,4567
8106,10714,2025-11-25,A,1691
8107,10715,2025-08-24,A,10117
8108,10718,2025-03-22,A,6340
8109,10719,2025-11-08,C,2522
8110,10721,2025-09-09,A,839
8111,10722,2025-05-09,A,3050
8112,10723,2025-10-26,A,11941
8113,10724,2025-05-09,B,2183
8114,10725,2025-09-11,A,2833
8115,10726,2025-06-08,A,968
8116,10727,2025-12-13,A,9030
8117,10729,2025-07-28,A,11491
8118,10732,2025-10-18,A,2059
8119,10733,2025-10-24,A,10584
8120,10735,2025-08-25,B,11577
8121,10736,2026-02-05,A,9229
8122,10737,2025-05-06,A,2474
8123,10738,2025-06-07,A,11513
8124,10739,2025-05-22,A,5515
8125,10740,2025-11-18,A,1482
8126,10741,2025-12-19,A,6548
8127,10742,2025-04-22,A,7314
8128,10745,2025-06-02,A,8173
8129,10746,2025-05-22,A,9803
8130,10747,2025-06-28,C,9338
8131,10748,2025-03-15,A,4542
8132,10749,2025-09-22,A,11770
8133,10751,2025-10-08,C,10324
8134,10752,2025-11-22,C,9101
8135,10753,2025-06-05,C,2311
8136,10754,2025-10-29,A,2476
8137,10755,2025-12-20,A,11187
8138,10756,2025-08-17,C,1504
8139,10757,2026-04-18,A,2311
8140,10758,2026-03-06,C,2181
8141,10759,2026-02-22,A,479
8142,10760,2025-08-25,A,2405
8143,10761,2025-11-12,A,8611
8144,10762,2025-07-14,A,4373
8145,10763,2025-06-19,A,6480
8146,10764,2025-06-05,A,7518
8147,10765,2025-08-11,A,2283
8148,10766,2025-09-01,A,6717
8149,10770,2025-11-28,A,2450
8150,10771,2025-08-01,A,1662
8151,10772,2025-08-06,B,8680
8152,10773,2025-08-02,A,1210
8153,10774,2025-06-06,A,2385
8154,10775,2025-07-24,A,2984
8155,10776,2025-12-27,A,1985
8156,10777,2025-08-06,A,9736
8157,10778,2025-10-08,A,2475
8158,10779,2026-01-04,A,2476
8159,10780,2025-07-16,A,9129
8160,10781,2025-07-01,C,8736
8161,10786,2025-05-06,A,2061
8162,10787,2025-04-25,A,9782
8163,10789,2025-09-21,A,1378
8164,10790,2025-10-10,A,2450
8165,10792,2025-04-30,A,4304
8166,10795,2025-08-05,A,5402
8167,10797,2025-10-09,A,10675
8168,10798,2025-09-02,C,2642
8169,10802,2025-10-04,A,10324
8170,10803,2025-12-13,A,3264
8171,10806,2025-05-07,A,2283
8172,10807,2025-04-11,A,11040
8173,10808,2025-06-23,C,1570
8174,10810,2026-01-18,A,10251
8175,10811,2025-12-14,C,8558
8176,10812,2026-03-26,A,2335
8177,10814,2025-11-08,A,10354
8178,10815,2025-04-04,A,2553
8179,10816,2025-12-03,A,9779
8180,10817,2025-09-29,A,5851
8181,10818,2025-06-25,A,6951
8182,10819,2025-08-07,A,11188
8183,10821,2026-01-28,C,11491
8184,10822,2025-05-17,A,2382
8185,10823,2025-11-02,A,2496
8186,10824,2025-11-08,A,6642
8187,10825,2025-09-05,A,3812
8188,10827,2025-07-05,C,9758
8189,10828,2025-12-03,C,10134
8190,10829,2026-03-28,A,6569
8191,10830,2025-08-13,C,7987
8192,10831,2025-03-27,C,2159
8193,10832,2025-06-02,A,11067
8194,10833,2026-01-02,B,4160
8195,10834,2025-07-10,B,11450
8196,10835,2025-10-21,A,5465
8197,10836,2025-03-08,A,525
8198,10837,2025-12-15,A,7793
8199,10839,2025-10-25,A,10560
8200,10842,2025-02-28,A,8680
8201,10844,2025-09-07,C,2183
8202,10845,2025-10-24,A,2336
8203,10846,2025-10-29,A,3675
8204,10847,2025-11-03,A,2383
8205,10848,2025-04-29,A,3862
8206,10849,2025-03-11,A,2473
8207,10850,2025-12-26,A,11554
8208,10851,2026-03-30,A,4849
8209,10852,2026-01-31,A,2765
8210,10855,2025-12-01,A,2496
8211,10856,2025-09-06,A,1942
8212,10857,2025-08-14,A,7989
8213,10858,2025-11-20,C,3186
8214,10860,2025-12-03,A,4993
8215,10861,2025-05-24,B,2382
8216,10862,2025-07-19,B,5402
8217,10863,2025-07-29,A,2476
8218,10864,2025-09-06,A,5925
8219,10865,2025-07-27,A,2335
8220,10866,2025-03-12,A,2404
8221,10869,2025-07-05,A,2553
8222,10870,2025-11-14,A,2383
8223,10871,2026-01-06,A,2432
8224,10873,2025-11-18,B,683
8225,10874,2025-07-10,A,8120
8226,10876,2025-06-27,A,5490
8227,10877,2025-04-18,A,4133
8228,10878,2025-10-01,A,8560
8229,10879,2025-09-27,A,8934
8230,10880,2025-05-22,C,2107
8231,10881,2025-11-29,A,10946
8232,10882,2025-09-14,A,8767
8233,10883,2025-11-27,A,3510
8234,10884,2025-12-10,C,11188
8235,10887,2025-09-24,A,3009
8236,10888,2026-01-26,A,8197
8237,10889,2025-08-27,A,7646
8238,10890,2025-12-14,A,9297
8239,10892,2025-06-30,A,6483
8240,10893,2026-02-14,C,2337
8241,10894,2026-01-22,A,9692
8242,10895,2025-12-30,A,7819
8243,10896,2025-02-16,A,4355
8244,10897,2026-01-12,C,5690
8245,10898,2025-12-22,A,8910
8246,10900,2025-05-24,A,1162
8247,10901,2025-04-26,A,4822
8248,10902,2026-01-22,A,10396
8249,10904,2026-01-02,A,4799
8250,10905,2025-11-05,A,7602
8251,10907,2025-09-22,C,2204
8252,10910,2025-09-16,A,2382
8253,10911,2026-02-01,A,6383
8254,10912,2026-02-11,A,3536
8255,10913,2025-10-14,A,2204
8256,10914,2025-05-18,C,8320
8257,10915,2026-02-19,C,6100
8258,10916,2026-02-02,A,10090
8259,10917,2026-01-22,A,2641
8260,10918,2025-08-31,A,7197
8261,10919,2025-05-10,A,3242
8262,10920,2025-09-08,A,2282
8263,10921,2025-09-09,A,2641
8264,10922,2025-09-14,A,11534
8265,10923,2025-07-26,C,7669
8266,10924,2025-12-09,A,1040
8267,10925,2026-03-07,A,2643
8268,10926,2025-10-08,A,480
8269,10927,2025-10-16,A,6692
8270,10930,2025-03-27,A,4330
8271,10931,2025-10-16,A,1524
8272,10932,2025-07-09,A,2336
8273,10933,2025-12-22,A,2553
8274,10936,2025-07-28,A,6128
8275,10937,2025-10-06,C,9901
8276,10938,2025-06-04,A,10415
8277,10940,2025-11-29,A,5489
8278,10941,2025-05-23,A,6176
8279,10942,2025-04-13,A,1443
8280,10944,2025-08-04,A,6734
8281,10945,2025-07-02,A,2182
8282,10946,2025-08-04,A,2404
8283,10947,2025-10-25,A,1113
8284,10948,2025-06-08,A,6690
8285,10949,2025-11-17,A,2312
8286,10950,2025-08-14,A,5663
8287,10951,2025-11-07,A,8147
8288,10952,2026-03-17,A,2181
8289,10953,2026-03-21,A,8736
8290,10954,2025-05-04,A,8248
8291,10955,2025-06-24,B,8789
8292,10956,2025-08-14,A,10513
8293,10958,2025-12-13,A,5736
8294,10959,2025-08-04,A,9710
8295,10960,2025-03-07,A,1985
8296,10961,2025-04-25,A,6911
8297,10962,2025-11-08,C,2666
8298,10963,2025-04-05,A,7340
8299,10965,2025-06-26,A,5692
8300,10966,2025-10-19,A,2357
8301,10967,2025-05-26,C,2284
8302,10968,2025-11-09,A,501
8303,10970,2025-10-03,A,2710
8304,10971,2025-11-28,A,2230
8305,10973,2025-09-23,A,6867
8306,10974,2025-06-06,A,1660
8307,10975,2025-05-08,A,2205
8308,10977,2026-04-15,A,480
8309,10978,2025-10-08,A,7891
8310,10979,2025-12-13,C,2203
8311,10980,2025-09-12,A,7720
8312,10981,2026-01-21,A,2283
8313,10983,2026-02-06,A,8484
8314,10984,2025-03-11,A,9974
8315,10985,2025-02-09,A,2474
8316,10986,2026-03-06,A,9825
8317,10987,2025-12-13,C,4893
8318,10988,2025-08-19,A,2311
8319,10989,2025-03-13,A,7341
8320,10990,2025-07-04,C,9923
8321,10991,2025-08-06,A,2385
8322,10992,2025-12-07,A,11365
8323,10993,2025-11-20,A,8861
8324,10995,2025-12-29,A,3580
8325,10996,2025-07-26,C,10752
8326,10997,2025-05-29,C,2060
8327,10998,2025-05-05,A,3305
8328,11001,2025-06-18,A,2357
8329,11002,2025-03-21,A,6342
8330,11003,2025-08-27,A,2358
8331,11004,2025-04-14,A,2431
8332,11005,2026-01-19,C,2335
8333,11006,2025-07-04,C,2337
8334,11011,2026-03-18,A,10657
8335,11012,2026-04-01,B,7601
8336,11013,2025-07-12,A,7007
8337,11014,2026-02-26,A,2616
8338,11015,2025-04-15,A,2572
8339,11016,2025-06-25,A,5663
8340,11017,2026-02-14,C,2258
8341,11018,2025-08-12,C,8534
8342,11019,2025-10-21,C,10792
8343,11021,2026-02-08,A,8484
8344,11022,2025-09-02,A,11626
8345,11023,2025-12-21,C,10969
8346,11024,2025-05-15,C,11207
8347,11025,2025-12-01,A,382
8348,11027,2026-02-09,A,2231
8349,11028,2025-11-19,A,5401
8350,11030,2025-12-08,A,623
8351,11032,2025-07-05,B,2406
8352,11034,2025-10-16,A,2431
8353,11035,2025-02-18,A,4943
8354,11036,2025-05-12,B,3811
8355,11037,2025-09-16,A,5541
8356,11038,2025-04-07,A,3603
8357,11039,2026-01-21,A,10116
8358,11041,2025-05-30,A,9803
8359,11042,2025-06-16,C,6342
8360,11043,2025-04-21,C,5081
8361,11044,2026-03-04,A,2937
8362,11045,2025-09-09,A,5638
8363,11047,2025-12-27,A,6866
8364,11048,2025-06-01,A,6437
8365,11049,2025-09-22,A,9032
8366,11050,2025-03-25,A,4274
8367,11051,2026-03-11,A,10323
8368,11052,2025-11-26,A,7545
8369,11053,2025-02-10,C,8222
8370,11054,2025-10-20,B,2159
8371,11055,2025-06-08,A,2160
8372,11057,2025-11-16,A,8413
8373,11058,2025-07-14,C,11011
8374,11059,2025-11-16,A,7265
8375,11060,2025-10-15,A,7666
8376,11062,2025-04-30,A,11269
8377,11064,2025-05-21,A,4227
8378,11065,2025-05-24,A,9690
8379,11067,2026-01-12,A,4722
8380,11068,2025-11-02,A,1062
8381,11069,2025-05-14,A,2689
8382,11070,2025-09-21,A,3418
8383,11072,2025-10-30,A,2203
8384,11073,2025-11-08,A,2284
8385,11074,2025-05-08,A,5491
8386,11075,2025-12-06,A,839
8387,11076,2025-09-07,C,6930
8388,11077,2025-06-19,A,10535
8389,11078,2025-11-11,A,5491
8390,11079,2026-04-21,B,2473
8391,11080,2025-05-11,A,10302
8392,11083,2025-10-24,A,4469
8393,11084,2025-09-29,B,11341
8394,11085,2025-12-13,A,2337
8395,11086,2025-10-25,A,2553
8396,11087,2025-12-18,A,6504
8397,11088,2025-05-17,A,2473
8398,11089,2025-11-06,B,891
8399,11090,2025-10-04,A,8270
8400,11091,2025-06-16,A,3633
8401,11092,2026-01-13,A,2433
8402,11094,2025-03-01,A,6126
8403,11095,2026-02-19,A,1982
8404,11098,2025-11-13,C,525
8405,11100,2025-11-27,A,9760
8406,11101,2026-03-01,A,3536
8407,11103,2025-10-02,A,6811
8408,11104,2025-06-11,A,5636
8409,11105,2025-09-20,A,2337
8410,11109,2025-09-13,A,5663
8411,11110,2025-05-13,A,3727
8412,11111,2025-10-22,A,9628
8413,11112,2026-01-10,A,2451
8414,11115,2025-05-11,C,10352
8415,11116,2025-12-15,A,2475
8416,11117,2026-01-28,B,10850
8417,11119,2026-02-07,A,10203
8418,11120,2025-06-27,A,2030
8419,11121,2025-07-12,A,8064
8420,11122,2026-01-09,A,2551
8421,11123,2025-04-28,C,2311
8422,11124,2025-06-16,C,5586
8423,11125,2025-04-08,A,8247
8424,11127,2025-10-06,A,2080
8425,11128,2025-09-30,A,8934
8426,11129,2025-11-21,A,1740
8427,11130,2025-08-26,C,2688
8428,11131,2025-07-02,A,4648
8429,11133,2025-10-16,A,9651
8430,11135,2025-11-09,A,2641
8431,11136,2026-01-29,A,6812
8432,11138,2025-07-18,A,4673
8433,11141,2025-10-24,A,1661
8434,11142,2026-01-29,A,1861
8435,11143,2025-05-28,A,9781
8436,11144,2025-12-17,A,4112
8437,11145,2025-12-27,A,6982
8438,11146,2025-06-03,A,9948
8439,11147,2025-08-20,A,4111
8440,11148,2025-12-13,A,2405
8441,11150,2025-10-04,B,4541
8442,11152,2025-07-15,A,384
8443,11154,2025-07-14,A,2571
8444,11155,2025-12-14,A,2312
8445,11159,2025-05-29,A,9923
8446,11160,2026-01-01,C,2616
8447,11161,2025-11-21,A,10637
8448,11162,2025-11-03,A,10417
8449,11164,2025-07-31,A,9102
8450,11165,2025-08-22,A,4010
8451,11166,2026-01-21,C,8610
8452,11168,2025-12-06,A,2551
8453,11169,2025-07-07,A,2496
8454,11170,2025-05-18,A,9923
8455,11171,2025-06-30,A,10280
8456,11172,2025-03-18,A,9031
8457,11173,2025-10-02,B,1569
8458,11174,2025-08-15,A,2595
8459,11175,2025-10-02,A,666
8460,11176,2025-07-22,B,2711
8461,11177,2025-04-04,A,8861
8462,11179,2025-02-11,A,2282
8463,11180,2025-08-25,A,9691
8464,11184,2025-05-27,C,2451
8465,11186,2026-02-19,A,9077
8466,11187,2025-12-21,A,9176
8467,11188,2025-11-30,A,742
8468,11189,2025-08-21,A,6364
8469,11190,2025-07-16,B,5956
8470,11191,2025-09-23,A,8806
8471,11192,2025-12-05,C,2284
8472,11194,2025-09-12,A,10969
8473,11195,2025-07-21,A,2357
8474,11196,2025-11-09,A,2284
8475,11197,2025-07-08,A,6078
8476,11198,2025-11-24,A,2710
8477,11199,2025-06-09,A,2666
8478,11201,2025-06-27,A,1483
8479,11202,2025-06-15,B,1288
8480,11203,2025-08-06,A,3511
8481,11206,2026-03-08,A,2474
8482,11207,2026-01-21,A,5057
8483,11208,2025-09-22,A,5635
8484,11209,2026-01-17,A,8679
8485,11211,2025-09-17,A,2385
8486,11213,2025-06-07,C,4522
8487,11214,2025-04-07,A,6809
8488,11217,2026-02-07,C,1887
8489,11218,2026-03-28,A,4134
8490,11219,2025-11-03,A,5762
8491,11221,2025-05-27,A,2404
8492,11223,2025-11-08,A,11513
8493,11224,2026-01-23,A,10415
8494,11225,2025-11-16,C,429
8495,11230,2025-04-23,C,2494
8496,11231,2025-11-19,A,8092
8497,11233,2025-06-01,A,2451
8498,11234,2025-11-08,C,382
8499,11235,2025-08-11,C,2231
8500,11237,2026-02-09,A,9336
8501,11238,2025-05-23,A,4746
8502,11239,2025-09-01,A,6952
8503,11241,2025-06-19,A,1762
8504,11242,2025-09-14,A,1548
8505,11243,2026-01-10,A,2643
8506,11245,2025-07-23,A,3861
8507,11246,2025-09-16,A,4496
8508,11247,2025-05-19,A,11167
8509,11248,2025-05-28,A,2284
8510,11249,2025-12-30,A,2551
8511,11250,2025-11-06,A,2451
8512,11252,2026-04-08,A,10027
8513,11253,2025-09-12,C,1569
8514,11254,2026-03-19,A,1288
8515,11255,2025-03-31,A,1786
8516,11256,2025-09-09,A,5823
8517,11257,2025-12-03,B,4648
8518,11258,2025-09-19,A,10303
8519,11259,2026-04-01,A,10279
8520,11260,2025-09-01,A,2494
8521,11261,2025-09-21,A,8737
8522,11262,2025-08-12,A,2856
8523,11263,2025-08-11,A,2258
8524,11264,2025-11-15,A,1330
8525,11266,2026-01-10,A,2664
8526,11268,2025-10-28,A,6910
8527,11269,2026-03-03,A,5608
8528,11270,2025-07-20,A,6865
8529,11271,2025-10-12,A,2180
8530,11272,2025-10-20,A,11237
8531,11273,2026-01-03,A,4850
8532,11275,2025-10-23,A,2311
8533,11277,2025-07-10,A,1861
8534,11279,2025-09-12,A,2335
8535,11280,2025-07-11,A,1139
8536,11282,2026-02-02,C,9758
8537,11283,2025-12-15,C,3762
8538,11284,2026-01-22,B,4799
8539,11285,2025-12-26,A,7865
8540,11286,2025-07-06,A,9670
8541,11288,2025-10-30,A,3402
8542,11289,2026-02-08,A,2476
8543,11291,2025-09-16,A,7521
8544,11293,2025-06-12,C,5738
8545,11294,2025-12-09,C,1961
8546,11296,2026-01-02,A,4722
8547,11297,2025-03-27,A,3049
8548,11298,2025-09-25,A,4088
8549,11299,2026-01-27,A,645
8550,11300,2025-02-07,A,3809
8551,11301,2025-09-19,A,2494
8552,11303,2025-09-13,A,6951
8553,11304,2025-10-10,A,8768
8554,11305,2025-08-10,A,1763
8555,11306,2025-09-01,A,5825
8556,11307,2025-07-02,C,2664
8557,11308,2025-11-14,A,2231
8558,11309,2025-08-20,A,2338
8559,11312,2025-10-04,C,7692
8560,11313,2025-08-14,A,1568
8561,11314,2025-07-05,B,2382
8562,11316,2025-03-04,A,11647
8563,11321,2025-08-03,A,2642
8564,11323,2025-10-09,C,2258
8565,11324,2025-05-24,A,2405
8566,11325,2025-09-08,A,1262
8567,11326,2025-02-09,C,2159
8568,11327,2025-06-07,A,2523
8569,11328,2025-04-16,A,5805
8570,11330,2025-12-16,A,3913
8571,11331,2026-01-16,A,646
8572,11332,2025-07-23,A,7491
8573,11333,2025-09-02,C,2476
8574,11334,2025-07-20,A,2358
8575,11335,2025-06-10,A,2181
8576,11336,2025-10-23,B,5542
8577,11337,2026-02-10,A,2282
8578,11341,2025-03-05,A,10586
8579,11342,2026-01-05,C,10751
8580,11343,2025-08-03,A,6616
8581,11344,2025-06-06,B,2406
8582,11345,2025-02-08,A,431
8583,11346,2025-09-02,A,2029
8584,11347,2025-10-28,A,1505
8585,11349,2025-09-07,A,409
8586,11350,2025-08-04,A,8768
8587,11352,2025-07-17,A,2451
8588,11353,2025-04-27,A,9974
8589,11354,2025-06-15,A,5252
8590,11356,2025-06-28,A,2180
8591,11357,2025-11-04,A,9231
8592,11358,2025-05-31,A,10118
8593,11360,2025-11-24,A,6230
8594,11361,2025-06-16,A,10676
8595,11362,2025-03-25,A,1113
8596,11363,2025-09-06,C,2357
8597,11364,2025-08-25,A,682
8598,11365,2025-04-21,A,3602
8599,11366,2025-09-14,A,2282
8600,11367,2025-10-10,C,11069
8601,11368,2025-12-13,C,5636
8602,11370,2025-10-10,A,8388
8603,11373,2025-05-24,C,1862
8604,11374,2025-12-16,A,2450
8605,11375,2025-08-07,A,1161
8606,11379,2026-02-23,A,9461
8607,11380,2025-12-14,A,10944
8608,11381,2025-07-30,A,8887
8609,11382,2025-11-14,C,4424
8610,11383,2025-04-21,A,2338
8611,11384,2025-09-04,A,10325
8612,11385,2025-05-13,A,2937
8613,11387,2025-09-16,A,9779
8614,11388,2026-03-27,A,11237
8615,11389,2025-08-02,A,8338
8616,11390,2025-09-11,A,3188
8617,11391,2025-07-20,A,2433
8618,11394,2025-11-22,C,1763
8619,11395,2025-11-30,A,10875
8620,11396,2025-02-21,A,8017
8621,11397,2025-11-19,A,11404
8622,11398,2026-02-15,A,6735
8623,11399,2025-09-25,A,6891
8624,11400,2026-02-01,A,1460
8625,11401,2026-01-21,A,11186
8626,11402,2025-07-21,A,7989
8627,11404,2025-10-12,A,1548
8628,11405,2025-08-24,A,8981
8629,11406,2025-10-18,A,6436
8630,11407,2025-06-03,C,4037
8631,11408,2025-07-28,A,6641
8632,11410,2025-06-27,C,2258
8633,11411,2025-05-08,A,2615
8634,11412,2025-07-28,C,2205
8635,11413,2025-06-20,A,9949
8636,11414,2025-09-04,C,4672
8637,11415,2025-10-14,A,5490
8638,11416,2025-10-27,A,4065
8639,11417,2026-01-03,C,7667
8640,11418,2025-04-03,C,6911
8641,11419,2025-05-13,A,742
8642,11420,2025-02-24,A,2312
8643,11422,2025-06-21,A,2432
8644,11423,2025-12-29,A,1610
8645,11424,2026-01-05,A,1787
8646,11425,2025-04-27,A,11068
8647,11426,2025-08-16,C,9995
8648,11427,2025-07-05,C,10374
8649,11428,2025-04-26,A,5691
8650,11429,2025-10-02,C,1442
8651,11431,2025-10-09,C,11553
8652,11432,2025-09-16,A,2594
8653,11434,2025-11-13,A,2230
8654,11437,2025-09-13,A,9735
8655,11438,2026-02-15,A,2909
8656,11439,2025-04-02,B,10353
8657,11440,2025-07-11,C,11771
8658,11441,2025-10-12,A,2282
8659,11442,2025-07-02,C,431
8660,11444,2025-11-17,A,478
8661,11445,2025-06-15,A,3492
8662,11447,2025-06-01,C,8678
8663,11448,2025-10-09,A,2357
8664,11449,2025-12-21,A,2711
8665,11450,2025-11-15,A,2884
8666,11451,2025-04-10,A,5280
8667,11453,2025-11-10,C,501
8668,11454,2026-01-17,A,2310
8669,11456,2025-07-20,C,11011
8670,11457,2025-11-30,A,2030
8671,11458,2026-02-04,A,11554
8672,11459,2025-08-08,A,524
8673,11460,2025-08-01,A,8658
8674,11461,2025-07-12,A,916
8675,11462,2025-05-16,A,7865
8676,11463,2025-09-07,A,10026
8677,11464,2025-07-03,A,4183
8678,11465,2025-11-28,A,1713
8679,11466,2025-02-18,A,9950
8680,11468,2025-08-14,C,6482
8681,11469,2026-03-16,A,10324
8682,11470,2025-09-11,A,2406
8683,11471,2025-04-12,A,6570
8684,11472,2025-07-29,A,1763
8685,11473,2025-04-17,A,9671
8686,11475,2025-08-14,A,2182
8687,11478,2025-10-28,A,5374
8688,11483,2025-10-02,A,3989
8689,11485,2025-10-17,A,8680
8690,11487,2025-04-16,A,9876
8691,11488,2026-01-25,C,2283
8692,11489,2026-04-16,A,2643
8693,11490,2025-04-29,A,5982
8694,11491,2025-10-23,C,11291
8695,11492,2026-03-30,A,7463
8696,11493,2025-08-24,A,2230
8697,11495,2025-04-28,A,2814
8698,11496,2025-08-11,C,11067
8699,11497,2025-05-12,A,4801
8700,11498,2025-11-27,B,10249
8701,11499,2025-07-08,C,11626
8702,11500,2025-06-20,C,2182
8703,11501,2025-07-30,C,2496
8704,11502,2025-05-12,A,2405
8705,11504,2025-10-24,C,3537
8706,11505,2025-09-27,A,9297
8707,11506,2026-03-07,A,2641
8708,11507,2025-12-01,A,9760
8709,11508,2026-01-20,C,453
8710,11509,2025-06-20,A,2572
8711,11510,2026-02-23,A,2405
8712,11511,2025-08-29,A,9692
8713,11512,2026-02-15,A,9561
8714,11513,2026-01-14,A,2450
8715,11515,2025-05-17,A,11839
8716,11516,2025-03-01,C,6890
8717,11519,2025-08-28,A,11094
8718,11520,2025-03-18,A,6913
8719,11521,2025-06-04,A,2081
8720,11522,2025-08-26,A,4038
8721,11524,2025-10-14,A,3419
8722,11525,2025-12-17,A,9901
8723,11526,2025-07-03,A,7518
8724,11527,2025-12-16,A,580
8725,11528,2025-12-01,A,4113
8726,11530,2026-03-05,A,526
8727,11534,2025-09-20,A,3729
8728,11535,2025-06-28,C,9825
8729,11536,2025-09-22,A,2594
8730,11537,2025-08-28,A,10987
8731,11538,2026-03-01,A,406
8732,11539,2025-06-23,C,6715
8733,11540,2026-04-29,C,7289
8734,11541,2025-10-29,A,2451
8735,11542,2025-02-06,A,3559
8736,11543,2025-10-24,A,2159
8737,11544,2025-08-29,A,6953
8738,11545,2025-08-31,A,1443
8739,11547,2025-10-08,A,10852
8740,11548,2025-12-25,C,6324
8741,11549,2025-08-07,A,7314
8742,11550,2025-06-16,A,2282
8743,11551,2025-02-10,A,2641
8744,11553,2025-05-12,A,8041
8745,11554,2025-02-17,A,10374
8746,11555,2025-08-22,A,1141
8747,11556,2025-12-21,A,8510
8748,11557,2025-09-14,A,2030
8749,11558,2025-11-07,C,11207
8750,11559,2026-03-22,C,2382
8751,11561,2025-10-22,A,10852
8752,11564,2025-07-16,C,2616
8753,11565,2025-11-15,A,10823
8754,11566,2025-07-11,C,4355
8755,11567,2025-08-01,A,2358
8756,11568,2026-01-03,A,1161
8757,11569,2025-09-16,A,11269
8758,11570,2025-08-24,C,8836
8759,11571,2026-01-15,A,2431
8760,11572,2025-11-27,A,4039
8761,11574,2025-04-22,A,524
8762,11575,2025-09-19,A,2643
8763,11576,2025-02-22,A,503
8764,11577,2025-06-07,A,8979
8765,11578,2025-07-09,A,9847
8766,11580,2025-06-28,A,2643
8767,11581,2025-07-02,A,10971
8768,11583,2025-08-15,A,8340
8769,11584,2025-05-10,A,10946
8770,11585,2025-11-27,A,3580
8771,11586,2026-03-05,A,6101
8772,11587,2025-07-31,C,9177
8773,11588,2025-10-19,A,9529
8774,11589,2025-04-20,A,4134
8775,11590,2025-04-30,A,2474
8776,11591,2025-07-02,A,1462
8777,11592,2025-05-15,A,8246
8778,11593,2026-01-20,A,10943
8779,11594,2026-03-06,A,2496
8780,11595,2025-08-08,A,2105
8781,11596,2025-09-23,A,2338
8782,11599,2026-01-02,C,2406
8783,11600,2025-05-08,A,6809
8784,11602,2026-01-28,A,2406
8785,11604,2025-04-18,A,11673
8786,11605,2025-02-25,A,7387
8787,11608,2025-05-26,A,7123
8788,11609,2026-01-10,A,4227
8789,11611,2025-06-22,C,8511
8790,11614,2025-11-30,A,3358
8791,11615,2025-02-27,B,2885
8792,11616,2026-01-21,A,2664
8793,11617,2025-06-13,A,2666
8794,11619,2025-06-29,A,3305
8795,11620,2025-07-27,A,4776
8796,11623,2025-03-25,A,4799
8797,11624,2025-06-04,A,11095
8798,11625,2025-05-17,A,4065
8799,11626,2026-02-22,A,7122
8800,11627,2025-10-22,B,6891
8801,11629,2026-01-10,A,3602
8802,11630,2025-10-09,A,8368
8803,11632,2025-06-19,A,9251
8804,11633,2025-08-02,A,6503
8805,11634,2025-10-08,A,2473
8806,11637,2025-06-27,A,4649
8807,11638,2025-05-25,A,9056
8808,11640,2025-11-05,A,1505
8809,11641,2025-06-08,A,2404
8810,11642,2026-04-12,C,502
8811,11643,2025-07-25,A,2283
8812,11645,2025-06-20,A,10134
8813,11646,2026-02-26,A,4248
8814,11648,2025-04-20,A,6200
8815,11649,2025-07-09,C,9759
8816,11650,2025-05-12,B,5692
8817,11651,2025-05-07,A,6340
8818,11652,2025-06-22,C,5228
8819,11656,2025-11-08,A,2572
8820,11658,2026-02-03,A,2205
8821,11659,2025-05-13,C,2258
8822,11660,2025-10-16,A,11513
8823,11661,2025-12-21,B,8290
8824,11663,2025-07-02,A,8340
8825,11664,2025-09-03,A,6691
8826,11665,2025-03-10,A,968
8827,11667,2025-05-23,A,8960
8828,11669,2025-10-12,B,2204
8829,11670,2025-07-22,B,8270
8830,11671,2025-05-29,A,2595
8831,11672,2026-01-18,A,2405
8832,11673,2026-02-15,A,6099
8833,11675,2025-12-16,A,10177
8834,11676,2025-05-21,A,741
8835,11677,2026-01-08,A,2382
8836,11678,2025-05-25,B,4204
8837,11680,2025-05-04,A,2474
8838,11681,2026-04-11,A,5515
8839,11682,2025-07-21,A,2205
8840,11683,2025-09-22,A,2404
8841,11684,2025-05-17,A,11451
8842,11685,2025-06-17,A,1379
8843,11686,2026-02-02,A,2405
8844,11687,2025-05-29,A,2384
8845,11688,2025-05-12,A,4823
8846,11689,2025-02-22,C,9156
8847,11691,2025-12-16,A,6865
8848,11692,2025-09-22,C,2204
8849,11693,2026-02-06,A,1116
8850,11694,2025-06-27,A,4203
8851,11696,2025-09-26,A,6690
8852,11697,2025-05-30,A,6735
8853,11698,2025-12-17,A,2552
8854,11699,2025-12-22,B,6460
8855,11700,2025-09-10,A,5466
8856,11701,2025-11-03,A,2160
8857,11703,2026-03-20,C,9102
8858,11704,2025-11-16,C,2357
8859,11705,2025-09-17,A,10047
8860,11706,2026-01-03,C,3860
8861,11707,2025-06-14,A,11403
8862,11709,2025-10-09,C,989
8863,11710,2025-11-02,C,2474
8864,11711,2025-06-13,A,6504
8865,11713,2025-07-08,C,9079
8866,11714,2025-03-30,B,7103
8867,11715,2025-12-13,B,7386
8868,11717,2026-02-11,C,11291
8869,11718,2025-08-21,C,5636
8870,11720,2026-01-25,A,9949
8871,11721,2025-06-15,C,9316
8872,11722,2025-09-16,A,9032
8873,11723,2025-07-29,C,4569
8874,11724,2025-09-08,A,11070
8875,11725,2025-07-04,C,9389
8876,11728,2025-10-16,C,9669
8877,11729,2025-12-31,A,790
8878,11730,2025-08-23,C,6483
8879,11731,2025-08-08,B,8485
8880,11732,2025-07-17,A,9337
8881,11733,2025-09-11,A,7644
8882,11734,2025-05-11,A,6756
8883,11735,2025-06-26,A,2494
8884,11737,2026-02-22,A,11236
8885,11738,2025-05-23,B,1114
8886,11739,2025-12-31,A,2595
8887,11740,2025-04-25,A,2572
8888,11741,2025-10-20,C,966
8889,11743,2025-09-02,A,9690
8890,11744,2025-08-20,B,11386
8891,11746,2025-06-11,A,8147
8892,11747,2025-09-12,A,11167
8893,11749,2025-06-27,C,2284
8894,11750,2025-06-22,A,5400
8895,11754,2025-08-03,C,11673
8896,11755,2026-01-06,C,2159
8897,11756,2025-12-21,A,4203
8898,11757,2025-08-25,C,2258
8899,11758,2025-08-05,A,2553
8900,11759,2025-03-15,A,11696
8901,11761,2025-07-08,A,2451
8902,11762,2025-06-19,A,1740
8903,11767,2025-02-21,A,2159
8904,11768,2025-09-09,A,8585
8905,11769,2026-01-05,A,5253
8906,11771,2025-09-10,B,9737
8907,11772,2025-03-05,A,9338
8908,11773,2025-09-24,A,2641
8909,11774,2026-03-30,A,1984
8910,11775,2025-03-24,B,1570
8911,11776,2026-01-01,A,2431
8912,11777,2025-08-26,A,5124
8913,11778,2026-02-15,A,4469
8914,11779,2025-03-12,C,8511
8915,11780,2025-03-03,B,5823
8916,11781,2025-07-16,A,9997
8917,11782,2025-06-13,A,9079
8918,11783,2025-12-25,A,5101
8919,11784,2025-11-07,A,9709
8920,11785,2025-04-29,A,580
8921,11786,2025-02-25,A,2310
8922,11787,2025-11-16,A,4893
8923,11788,2025-07-18,C,11237
8924,11789,2025-06-18,A,2204
8925,11790,2025-09-12,C,4943
8926,11791,2025-10-24,C,7622
8927,11792,2026-02-02,A,2282
8928,11795,2025-12-07,A,6754
8929,11796,2025-07-24,A,1210
8930,11798,2025-11-24,A,6342
8931,11799,2026-02-07,A,4941
8932,11800,2025-05-12,A,8678
8933,11801,2025-07-10,C,6125
8934,11802,2025-08-02,A,742
8935,11803,2025-08-28,A,2983
8936,11805,2025-03-27,C,2473
8937,11806,2025-05-31,A,2615
8938,11807,2025-11-24,A,2571
8939,11808,2025-06-22,A,9154
8940,11809,2025-08-19,A,6483
8941,11810,2025-07-12,A,2183
8942,11811,2025-08-27,C,11773
8943,11812,2025-09-07,A,10720
8944,11813,2025-05-29,C,2909
8945,11814,2025-03-05,A,3729
8946,11815,2025-06-10,A,6783
8947,11816,2025-05-17,A,7519
8948,11817,2025-12-08,A,3359
8949,11818,2025-10-02,A,1985
8950,11819,2025-06-01,A,11040
8951,11820,2025-06-25,B,1786
8952,11821,2025-04-16,C,2385
8953,11823,2025-11-29,A,6867
8954,11824,2025-06-17,A,1211
8955,11825,2026-01-02,A,8735
8956,11827,2025-07-29,C,7463
8957,11828,2025-10-16,A,2572
8958,11829,2025-10-29,B,556
8959,11830,2026-01-03,C,10751
8960,11831,2025-05-20,B,8041
8961,11833,2025-05-19,A,2616
8962,11834,2025-02-26,A,2181
8963,11835,2026-01-22,A,9155
8964,11836,2025-09-20,A,8536
8965,11838,2026-01-24,A,1862
8966,11839,2025-05-24,A,2231
8967,11840,2025-03-08,A,5209
8968,11842,2025-05-30,A,9847
8969,11843,2025-12-28,A,4568
8970,11844,2026-01-15,A,5187
8971,11845,2025-10-26,C,839
8972,11846,2025-05-04,A,2476
8973,11847,2025-04-24,A,10658
8974,11848,2025-09-06,A,2551
8975,11849,2025-09-16,A,3360
8976,11854,2025-08-08,B,453
8977,11855,2025-05-15,B,2494
8978,11856,2025-10-30,A,9801
8979,11857,2025-06-04,A,3987
8980,11858,2026-01-16,C,2202
8981,11859,2025-08-16,A,11404
8982,11861,2025-02-23,A,6298
8983,11862,2025-08-19,A,2475
8984,11863,2025-09-07,C,1420
8985,11864,2025-10-11,A,11069
8986,11866,2025-03-14,C,1763
8987,11867,2025-07-24,A,11119
8988,11868,2025-08-24,B,4111
8989,11869,2025-09-10,A,11236
8990,11872,2026-03-11,A,2258
8991,11873,2026-02-05,C,6462
8992,11874,2025-07-25,A,11576
8993,11876,2025-07-23,A,1505
8994,11877,2025-05-11,A,3536
8995,11878,2025-08-29,A,6812
8996,11880,2025-06-10,C,2357
8997,11881,2025-06-21,A,2667
8998,11885,2025-06-05,A,10584
8999,11887,2025-12-25,A,2643
9000,11888,2026-04-07,A,1914
9001,11889,2026-03-04,A,9601
9002,11891,2025-07-03,A,6911
9003,11892,2025-04-23,A,1163
9004,11893,2025-04-25,A,2474
9005,11894,2025-07-22,A,5254
9006,11895,2025-02-19,A,11166
9007,11896,2025-08-15,A,2496
9008,11897,2025-04-03,A,2451
9009,11898,2025-10-22,A,9253
9010,11900,2025-10-02,C,11119
9011,11901,2025-11-05,A,11268
9012,11904,2025-07-18,A,10047
9013,11906,2025-08-26,A,8705
9014,11907,2025-04-29,A,5925
9015,11909,2025-06-23,A,1210
9016,11910,2026-02-12,C,2283
9017,11912,2026-03-23,A,11096
9018,11913,2025-10-02,A,4375
9019,11914,2025-04-05,C,2282
9020,11915,2025-07-22,C,2405
9021,11916,2026-02-11,A,5444
9022,11917,2025-08-20,B,2204
9023,11918,2025-06-22,A,2594
9024,11919,2025-11-13,A,8767
9025,11920,2025-08-15,A,2385
9026,11921,2026-02-21,A,9781
9027,11922,2025-03-28,A,1961
9028,11923,2026-01-07,A,11425
9029,11925,2025-07-30,B,10354
9030,11926,2025-10-07,A,1182
9031,11927,2026-01-27,B,5738
9032,11929,2025-12-21,A,2230
9033,11930,2025-08-28,A,503
9034,11931,2025-10-15,A,2643
9035,11932,2025-09-11,A,9899
9036,11933,2025-06-15,A,8980
9037,11934,2025-10-08,A,3538
9038,11935,2025-08-23,A,2356
9039,11936,2025-05-06,A,2740
9040,11937,2025-06-24,C,2433
9041,11938,2025-08-30,C,7218
9042,11939,2025-08-29,A,4203
9043,11940,2025-10-20,A,10279
9044,11941,2025-09-22,A,6890
9045,11942,2025-08-10,A,1115
9046,11943,2025-11-24,B,6835
9047,11944,2025-06-27,C,10226
9048,11945,2025-09-20,B,1549
9049,11947,2025-05-08,C,8585
9050,11948,2025-05-11,A,4160
9051,11949,2025-04-11,A,2405
9052,11950,2025-09-05,A,9997
9053,11951,2025-07-31,A,9649
9054,11952,2025-08-22,B,5517
9055,11955,2025-06-28,A,10895
9056,11956,2025-06-15,A,9902
9057,11959,2025-03-11,C,2552
9058,11961,2025-09-20,A,9101
9059,11962,2025-05-25,A,3655
9060,11964,2025-12-09,A,6715
9061,11966,2026-01-19,C,2641
9062,11967,2026-01-26,A,10177
9063,11968,2025-06-05,A,524
9064,11969,2025-09-25,A,666
9065,11970,2025-11-09,A,2522
9066,11971,2025-04-12,A,2641
9067,11972,2025-06-01,A,2551
9068,11974,2025-08-04,C,10027
9069,11975,2025-08-27,A,8735
9070,11976,2025-10-23,A,7942
9071,11980,2025-07-31,A,5588
9072,11981,2025-11-10,A,480
9073,11982,2025-12-27,A,10352
9074,11983,2026-02-01,A,10066
9075,11984,2026-02-25,A,4248
9076,11985,2025-05-12,A,2283
9077,11986,2025-08-21,C,1586
9078,11988,2025-10-09,A,2522
9079,11989,2025-07-10,A,1813
9080,11991,2025-07-07,A,4569
9081,11992,2026-03-13,C,2358
9082,11993,2025-12-25,A,6342
9083,11994,2025-05-26,C,11941
9084,11996,2026-01-03,A,2664
9085,11997,2025-05-16,A,2936
9086,11998,2025-12-20,A,6951
9087,11999,2025-07-13,A,10946
9088,12000,2025-11-02,A,9230
9089,12003,2025-07-26,C,3602
9090,12004,2026-03-13,A,10441
9091,12005,2025-06-04,A,3284
9092,12007,2025-05-02,A,1505
9093,12009,2025-08-23,A,6524
9094,12010,2026-03-13,A,8290
9095,12014,2025-05-21,A,8836
9096,12016,2025-05-17,A,10636
9097,12017,2025-04-07,C,7463
9098,12019,2025-08-07,A,2523
9099,12021,2025-07-22,A,11513
9100,12022,2025-10-13,A,1233
9101,12023,2025-10-06,B,4182
9102,12024,2025-12-12,C,8586
9103,12025,2025-08-29,B,4303
9104,12026,2025-08-28,A,2357
9105,12027,2025-08-18,A,9056
9106,12028,2025-09-03,A,9995
9107,12029,2026-02-07,A,3244
9108,12031,2025-09-23,A,8094
9109,12032,2025-07-26,A,1040
9110,12033,2025-10-04,A,2358
9111,12034,2025-10-18,A,624
9112,12035,2025-12-18,C,8146
9113,12036,2025-04-06,A,2205
9114,12037,2025-07-27,B,2595
9115,12039,2026-01-29,C,2523
9116,12040,2025-05-17,A,2338
9117,12041,2025-08-01,A,2405
9118,12043,2025-06-21,A,4747
9119,12045,2025-12-02,C,10251
9120,12046,2025-09-21,B,11343
9121,12047,2025-06-29,C,8223
9122,12048,2026-01-20,C,8836
9123,12050,2026-03-20,A,1233
9124,12053,2025-06-06,A,5374
9125,12054,2025-10-16,A,2080
9126,12056,2025-04-02,A,6276
9127,12058,2026-04-13,C,10225
9128,12059,2025-10-28,A,6362
9129,12060,2025-05-31,A,2963
9130,12061,2025-06-23,A,9760
9131,12063,2026-01-05,A,5254
9132,12065,2026-02-25,A,3811
9133,12068,2025-11-17,A,2357
9134,12069,2025-06-11,A,8120
9135,12070,2025-10-20,A,6666
9136,12071,2025-03-24,B,2310
9137,12072,2025-11-15,A,6461
9138,12074,2025-08-25,C,2384
9139,12075,2025-08-26,A,6413
9140,12077,2025-03-23,C,5374
9141,12078,2025-04-08,C,2182
9142,12079,2026-01-10,A,4801
9143,12080,2025-09-13,A,8270
9144,12081,2025-10-21,A,2385
9145,12082,2025-12-04,A,7864
9146,12083,2026-03-09,A,9277
9147,12084,2025-10-02,A,2180
9148,12087,2025-07-06,A,9824
9149,12088,2025-05-02,A,7340
9150,12090,2025-08-25,A,2431
9151,12092,2025-09-17,A,3073
9152,12093,2025-06-13,B,2616
9153,12094,2025-08-08,A,6980
9154,12096,2025-11-03,A,2496
9155,12098,2025-09-26,C,1262
9156,12099,2025-05-12,A,7694
9157,12100,2025-11-28,C,1740
9158,12101,2025-10-18,A,665
9159,12102,2025-06-12,B,4009
9160,12103,2025-08-02,A,8933
9161,12104,2025-09-04,A,3915
9162,12105,2025-09-19,C,9127
9163,12106,2025-10-11,A,6481
9164,12109,2025-05-28,A,502
9165,12110,2025-05-29,A,2496
9166,12112,2026-02-20,B,10945
9167,12113,2025-08-19,C,9057
9168,12114,2025-06-26,A,2160
9169,12115,2025-03-12,B,1715
9170,12116,2025-05-20,A,4542
9171,12119,2025-11-08,A,6754
9172,12120,2025-10-27,A,2310
9173,12121,2025-07-08,A,2473
9174,12122,2025-08-09,A,8736
9175,12123,2026-01-06,A,6912
9176,12124,2025-04-11,A,11799
9177,12125,2025-03-29,C,9781
9178,12126,2025-07-07,A,2450
9179,12127,2026-01-05,A,2642
9180,12128,2025-12-08,A,2080
9181,12129,2025-08-03,A,9651
9182,12130,2025-05-30,B,2431
9183,12131,2025-08-13,A,2496
9184,12132,2026-01-03,A,3676
9185,12133,2025-12-15,A,2473
9186,12135,2025-08-22,A,6643
9187,12137,2025-11-29,C,3603
9188,12138,2025-07-25,C,5146
9189,12140,2025-07-28,A,2406
9190,12141,2025-02-12,C,1861
9191,12142,2026-01-11,A,11341
9192,12143,2025-06-05,A,4249
9193,12144,2025-07-10,A,9627
9194,12146,2025-12-03,A,6077
9195,12149,2026-01-08,A,2183
9196,12150,2026-03-05,B,557
9197,12152,2025-06-25,A,2523
9198,12153,2025-05-14,C,10560
9199,12154,2026-01-26,A,10066
9200,12156,2025-07-28,A,2338
9201,12157,2025-06-30,B,2475
9202,12158,2025-07-25,A,9974
9203,12160,2026-04-28,C,2886
9204,12161,2025-11-16,A,2230
9205,12163,2025-12-26,A,2382
9206,12165,2025-10-12,B,2230
9207,12166,2025-07-13,A,6460
9208,12168,2026-01-07,A,2615
9209,12169,2026-04-02,C,2335
9210,12170,2025-07-12,A,5014
9211,12171,2025-04-24,A,6176
9212,12174,2025-11-04,B,5304
9213,12175,2026-02-05,A,11533
9214,12177,2025-07-02,A,2615
9215,12178,2025-03-07,C,4375
9216,12181,2026-01-10,A,9780
9217,12182,2026-01-08,A,711
9218,12184,2025-06-23,B,2357
9219,12185,2025-05-30,A,8934
9220,12186,2026-02-02,A,8660
9221,12187,2025-10-25,B,3358
9222,12190,2025-12-29,A,2666
9223,12191,2025-11-08,A,2284
9224,12193,2025-12-31,A,1332
9225,12194,2025-08-24,A,2104
9226,12196,2025-12-30,C,7123
9227,12197,2025-05-13,B,9878
9228,12198,2025-07-25,C,8388
9229,12199,2025-06-06,A,4850
9230,12200,2026-02-15,C,1163
9231,12202,2025-04-22,C,4541
9232,12203,2025-03-28,A,11269
9233,12204,2026-01-29,A,9650
9234,12205,2026-02-09,C,11121
9235,12209,2025-04-20,B,5422
9236,12210,2025-07-16,A,5690
9237,12211,2026-02-18,A,9948
9238,12214,2025-09-13,C,5491
9239,12216,2026-02-13,A,2310
9240,12217,2025-07-04,A,8586
9241,12218,2025-04-28,A,4594
9242,12219,2025-11-17,A,1212
9243,12221,2026-04-20,A,7574
9244,12225,2025-10-01,C,2552
9245,12227,2025-02-04,A,11366
9246,12228,2025-12-31,A,8340
9247,12229,2025-10-20,A,2258
9248,12232,2025-08-04,A,2182
9249,12234,2025-08-24,A,1570
9250,12235,2025-05-28,A,5225
9251,12236,2025-05-16,C,10658
9252,12237,2025-08-23,A,4132
9253,12239,2026-01-07,A,8042
9254,12240,2025-11-01,A,8768
9255,12241,2025-10-03,C,10251
9256,12243,2025-06-15,A,9460
9257,12244,2025-04-16,C,9056
9258,12245,2025-05-22,A,3139
9259,12246,2025-03-18,B,5209
9260,12247,2025-10-02,A,5328
9261,12248,2025-09-10,A,5691
9262,12249,2026-01-26,A,2183
9263,12250,2025-11-09,A,2356
9264,12252,2025-05-12,A,8835
9265,12253,2025-06-23,A,8885
9266,12255,2025-08-05,A,2356
9267,12257,2025-07-26,A,8436
9268,12258,2025-12-19,A,10417
9269,12259,2025-10-03,A,2643
9270,12261,2026-02-06,A,6783
9271,12262,2025-07-25,B,1813
9272,12263,2026-01-19,B,2283
9273,12265,2025-10-06,A,7574
9274,12267,2025-10-09,A,10202
9275,12268,2025-07-10,C,11743
9276,12270,2025-07-24,A,3467
9277,12271,2025-06-04,C,3097
9278,12274,2025-05-25,A,9801
9279,12275,2025-08-16,A,2160
9280,12276,2025-12-25,A,6437
9281,12277,2025-12-07,A,2204
9282,12278,2025-07-11,A,3745
9283,12279,2025-11-14,A,9560
9284,12280,2025-06-25,A,2204
9285,12281,2025-07-23,A,2202
9286,12282,2025-08-24,A,6691
9287,12283,2025-09-01,C,8678
9288,12286,2025-12-20,A,3419
9289,12287,2025-08-09,A,10134
9290,12289,2025-12-21,A,8172
9291,12290,2025-11-03,A,11268
9292,12293,2025-12-21,A,1306
9293,12294,2026-03-24,A,6715
9294,12295,2026-01-11,A,9690
9295,12296,2025-06-18,A,1288
9296,12297,2025-06-07,A,10375
9297,12298,2025-12-01,A,2984
9298,12301,2025-07-22,A,9779
9299,12302,2025-06-26,A,3243
9300,12304,2025-06-05,C,2284
9301,12305,2025-11-06,A,2337
9302,12306,2025-06-19,A,8339
9303,12310,2025-08-20,C,9459
9304,12313,2025-11-29,A,3675
9305,12314,2025-05-05,A,501
9306,12316,2026-01-13,A,9692
9307,12317,2025-02-09,A,8064
9308,12318,2025-09-05,A,2432
9309,12319,2025-12-24,A,9461
9310,12320,2025-04-18,A,5057
9311,12326,2025-04-30,A,11938
9312,12327,2025-11-19,A,5424
9313,12329,2025-09-12,A,1378
9314,12330,2025-03-22,C,10752
9315,12331,2025-03-28,A,10251
9316,12332,2025-10-18,B,10374
9317,12333,2026-01-19,A,5147
9318,12334,2025-06-11,A,10793
9319,12335,2025-12-14,C,2450
9320,12336,2026-04-10,A,6570
9321,12338,2025-03-19,A,3491
9322,12339,2025-11-27,A,8221
9323,12340,2026-01-27,A,6298
9324,12341,2026-01-31,A,2284
9325,12342,2025-03-02,C,3187
9326,12343,2025-08-28,C,10354
9327,12344,2025-06-30,A,3491
9328,12345,2025-06-01,A,711
9329,12346,2026-03-05,A,10612
9330,12347,2025-10-14,A,3401
9331,12348,2025-11-14,A,1917
9332,12349,2025-12-10,A,10250
9333,12350,2026-04-10,B,8634
9334,12352,2025-08-31,A,2404
9335,12353,2025-08-14,A,8807
9336,12355,2025-05-30,A,2180
9337,12358,2025-11-11,A,8935
9338,12359,2025-11-01,A,9710
9339,12361,2026-01-21,B,9078
9340,12363,2026-01-27,A,9924
9341,12364,2026-02-04,A,2404
9342,12365,2026-03-21,A,2571
9343,12366,2025-07-30,A,2739
9344,12367,2025-12-10,A,10068
9345,12369,2025-10-22,A,2552
9346,12370,2025-08-15,A,9278
9347,12371,2025-07-05,A,8370
9348,12372,2025-09-24,C,7166
9349,12373,2025-04-18,A,4801
9350,12375,2025-11-01,C,5330
9351,12377,2025-10-24,A,429
9352,12378,2025-05-09,A,11070
9353,12381,2025-06-28,A,6866
9354,12382,2026-04-19,C,2231
9355,12383,2025-02-26,A,5081
9356,12384,2026-03-22,A,6462
9357,12385,2025-12-05,A,4850
9358,12386,2025-11-22,A,2310
9359,12387,2025-05-26,C,2937
9360,12389,2025-06-23,C,9802
9361,12391,2025-08-02,C,10226
9362,12392,2025-12-07,A,2357
9363,12394,2025-08-29,C,10025
9364,12395,2025-07-02,A,2081
9365,12396,2025-05-05,C,3862
9366,12401,2025-03-12,A,1115
9367,12402,2025-05-21,B,6100
9368,12403,2025-05-20,A,8934
9369,12404,2026-01-28,C,7314
9370,12405,2025-05-26,A,9801
9371,12406,2026-01-05,A,5207
9372,12408,2025-05-03,A,863
9373,12409,2025-07-27,C,10561
9374,12410,2025-05-10,A,1462
9375,12411,2025-05-21,B,8321
9376,12412,2025-08-20,C,2204
9377,12413,2025-08-08,A,8790
9378,12414,2025-05-19,A,666
9379,12415,2025-03-27,C,2159
9380,12416,2025-12-10,A,6483
9381,12417,2025-06-05,C,2182
9382,12418,2025-04-22,A,5689
9383,12419,2025-03-07,A,2231
9384,12420,2025-08-06,A,6523
9385,12421,2025-05-30,A,1762
9386,12422,2026-01-25,A,4065
9387,12423,2025-11-15,C,812
9388,12425,2025-07-03,A,8558
9389,12426,2025-03-03,B,10251
9390,12428,2025-08-11,A,2572
9391,12429,2025-12-14,A,480
9392,12431,2026-01-25,B,8369
9393,12432,2025-04-23,B,2643
9394,12433,2025-09-06,A,1163
9395,12434,2026-02-19,A,4919
9396,12435,2025-12-20,A,3634
9397,12436,2025-10-25,A,1162
9398,12438,2025-09-12,C,6983
9399,12439,2025-11-27,A,5610
9400,12440,2025-06-11,A,2181
9401,12441,2025-07-14,A,6982
9402,12442,2025-09-10,A,1212
9403,12443,2025-09-06,A,2523
9404,12445,2025-04-25,C,2284
9405,12446,2025-06-10,C,2594
9406,12447,2025-11-04,A,5515
9407,12448,2025-08-18,A,10488
9408,12449,2025-09-26,A,10203
9409,12450,2026-02-17,A,7841
9410,12451,2026-01-25,A,624
9411,12452,2025-06-19,A,9651
9412,12455,2025-03-16,A,6230
9413,12456,2025-12-17,C,7666
9414,12457,2025-09-05,A,2081
9415,12460,2025-09-03,A,2475
9416,12461,2025-12-04,A,1160
9417,12462,2026-02-14,A,4355
9418,12463,2025-09-22,A,6717
9419,12464,2025-08-24,A,10325
9420,12465,2025-07-25,A,8611
9421,12466,2025-11-12,C,2180
9422,12467,2025-04-02,A,966
9423,12469,2025-06-10,A,2336
9424,12470,2025-04-02,A,1586
9425,12471,2025-10-06,A,5226
9426,12472,2025-06-18,A,11820
9427,12473,2025-04-09,A,8678
9428,12474,2025-11-26,A,10439
9429,12475,2026-03-26,A,1441
9430,12476,2025-09-04,A,1917
9431,12477,2025-09-02,A,4302
9432,12479,2025-07-08,A,8535
9433,12480,2025-08-07,A,6717
9434,12484,2025-05-01,C,5104
9435,12485,2025-11-19,A,2180
9436,12486,2025-06-30,A,9408
9437,12490,2025-08-10,A,1443
9438,12491,2025-03-02,A,6810
9439,12492,2025-11-25,A,9922
9440,12493,2026-01-04,A,2230
9441,12494,2025-08-29,A,2595
9442,12496,2025-11-02,A,2494
9443,12497,2025-07-30,A,9296
9444,12498,2026-01-30,A,8413
9445,12499,2025-11-06,A,8146
9446,12500,2025-09-14,A,9823
9447,12502,2026-01-09,A,10719
9448,12503,2025-03-15,A,7264
9449,12504,2025-10-19,C,1569
9450,12505,2026-01-25,A,10028
9451,12506,2025-07-09,A,2495
9452,12507,2025-08-10,C,8612
9453,12509,2026-02-03,A,1262
9454,12511,2025-05-01,A,7944
9455,12514,2025-11-26,A,2311
9456,12515,2025-08-21,A,5515
9457,12516,2026-01-16,A,10459
9458,12517,2025-10-15,A,11237
9459,12520,2025-03-15,C,1287
9460,12521,2025-03-26,C,3704
9461,12522,2026-03-14,A,11318
9462,12523,2025-06-03,C,1062
9463,12524,2025-08-07,A,6126
9464,12525,2025-09-22,A,5981
9465,12526,2025-04-15,A,2910
9466,12529,2025-11-18,A,6810
9467,12530,2025-06-02,A,2885
9468,12531,2025-10-22,A,2382
9469,12532,2026-02-02,C,2791
9470,12533,2025-07-26,C,6930
9471,12534,2026-01-02,C,5187
9472,12535,2026-04-13,C,10752
9473,12536,2025-03-22,C,1210
9474,12537,2025-10-21,C,10026
9475,12538,2025-10-19,B,3071
9476,12539,2025-08-28,A,9691
9477,12540,2025-02-03,A,1483
9478,12541,2025-09-17,A,2984
9479,12542,2025-09-10,A,2357
9480,12543,2026-01-31,C,1014
9481,12544,2025-11-21,C,9532
9482,12547,2025-05-14,A,6717
9483,12548,2025-12-24,A,3050
9484,12549,2026-01-18,C,9973
9485,12550,2025-11-20,A,2451
9486,12551,2026-01-27,A,6364
9487,12552,2025-11-25,A,3676
9488,12554,2025-06-16,A,5186
9489,12557,2025-07-16,C,8172
9490,12560,2026-04-25,A,3987
9491,12562,2026-02-24,A,1262
9492,12563,2025-04-30,A,7314
9493,12564,2025-12-12,A,8534
9494,12565,2025-08-26,A,1504
9495,12566,2026-04-16,A,9129
9496,12568,2025-10-11,A,7435
9497,12569,2025-11-08,A,2764
9498,12571,2026-01-11,A,1330
9499,12572,2025-05-20,A,6910
9500,12573,2025-07-24,C,9388
9501,12574,2025-12-01,A,3442
9502,12575,2025-06-05,A,2551
9503,12577,2025-06-12,A,2312
9504,12578,2025-06-19,C,8559
9505,12579,2025-08-15,A,2433
9506,12580,2026-01-12,A,2642
9507,12581,2025-08-17,C,3987
9508,12584,2025-07-15,A,2311
9509,12585,2025-10-06,A,1233
9510,12586,2026-02-19,B,5374
9511,12587,2025-04-04,A,2311
9512,12589,2025-06-19,A,5516
9513,12590,2025-11-12,C,2833
9514,12592,2025-05-01,A,11697
9515,12595,2026-03-06,A,2312
9516,12596,2026-01-25,C,7621
9517,12597,2026-01-02,A,1442
9518,12598,2026-02-17,A,6594
9519,12601,2026-01-08,B,8535
9520,12602,2026-02-27,A,2383
9521,12603,2025-12-22,A,8680
9522,12604,2025-10-16,A,2181
9523,12605,2025-08-12,A,9157
9524,12606,2025-09-09,A,10026
9525,12607,2025-11-27,A,1740
9526,12608,2026-01-11,A,3118
9527,12610,2025-10-19,A,5400
9528,12611,2025-07-23,A,10028
9529,12612,2025-10-06,A,1160
9530,12615,2025-02-13,C,11940
9531,12616,2025-07-19,C,2205
9532,12617,2025-06-13,A,3603
9533,12621,2025-11-10,A,2404
9534,12622,2025-03-15,A,8861
9535,12623,2025-05-16,A,2474
9536,12624,2025-08-28,A,1916
9537,12625,2025-07-24,A,2664
9538,12626,2025-06-19,A,5351
9539,12628,2025-06-08,A,9691
9540,12629,2025-10-06,C,5488
9541,12631,2025-08-06,A,1816
9542,12632,2025-11-27,A,524
9543,12633,2025-09-30,A,1888
9544,12635,2025-10-08,A,2495
9545,12636,2025-02-28,C,7668
9546,12637,2025-06-09,A,2813
9547,12639,2025-07-25,C,11119
9548,12640,2026-04-22,A,7844
9549,12641,2025-08-24,A,2664
9550,12642,2025-11-02,A,2432
9551,12643,2025-08-14,A,2406
9552,12644,2025-12-30,A,2666
9553,12646,2025-08-28,A,8659
9554,12647,2025-05-10,A,7287
9555,12649,2025-11-18,B,9670
9556,12650,2025-07-28,A,10203
9557,12653,2025-06-07,A,11404
9558,12655,2025-03-17,A,9032
9559,12656,2025-06-16,A,10561
9560,12657,2025-04-12,A,2283
9561,12658,2025-08-31,A,501
9562,12659,2025-12-05,A,2336
9563,12660,2025-11-01,A,2432
9564,12661,2026-03-22,A,2030
9565,12662,2025-10-04,C,6078
9566,12663,2025-08-30,A,4495
9567,12664,2025-06-17,A,5281
9568,12666,2026-02-04,A,2283
9569,12668,2025-09-27,B,2594
9570,12670,2025-08-10,A,580
9571,12671,2025-05-20,A,1482
9572,12672,2025-07-28,B,2385
9573,12673,2026-01-21,A,5402
9574,12674,2025-05-20,A,8369
9575,12675,2025-10-15,A,6251
9576,12677,2026-03-06,C,4542
9577,12678,2026-03-02,A,11143
9578,12679,2025-07-23,A,10134
9579,12680,2025-06-30,A,812
9580,12682,2026-01-23,A,1139
9581,12683,2025-10-05,A,2405
9582,12685,2026-02-28,A,2494
9583,12686,2025-11-27,A,7167
9584,12687,2025-06-04,A,6782
9585,12689,2025-03-11,A,2643
9586,12692,2025-09-01,C,2571
9587,12693,2026-02-18,A,3510
9588,12694,2025-12-05,A,1889
9589,12695,2025-10-16,B,2385
9590,12696,2026-01-24,A,2310
9591,12697,2025-05-15,A,2666
9592,12699,2026-01-28,A,603
9593,12700,2025-03-18,C,2664
9594,12701,2025-05-06,C,5689
9595,12702,2025-09-05,C,4302
9596,12705,2025-06-03,A,2450
9597,12707,2025-11-09,A,2080
9598,12708,2025-08-17,A,2666
9599,12709,2025-12-10,C,2358
9600,12714,2026-01-03,A,4450
9601,12719,2025-07-07,A,5608
9602,12721,2025-12-12,A,11745
9603,12722,2025-07-15,A,3360
9604,12723,2025-05-01,A,647
9605,12725,2025-04-17,A,2523
9606,12728,2025-11-12,A,8861
9607,12730,2026-01-12,C,2310
9608,12731,2025-02-06,A,2404
9609,12732,2025-07-29,A,6735
9610,12733,2025-09-08,C,11142
9611,12734,2025-05-02,B,2356
9612,12735,2025-08-31,A,4159
9613,12736,2025-12-18,A,2791
9614,12737,2025-08-12,A,7740
9615,12738,2025-12-07,C,9007
9616,12739,2025-08-14,A,8223
9617,12740,2025-11-03,A,6735
9618,12741,2025-12-10,A,6890
9619,12744,2025-06-27,A,2551
9620,12745,2025-06-03,A,1442
9621,12746,2025-07-28,A,2282
9622,12747,2025-02-20,A,11038
9623,12748,2025-06-26,A,4943
9624,12750,2025-08-28,A,3654
9625,12753,2025-11-07,A,2666
9626,12754,2025-04-05,A,8788
9627,12755,2025-12-11,A,9231
9628,12756,2025-03-18,A,6077
9629,12757,2026-02-18,A,5352
9630,12758,2026-01-09,A,3602
9631,12759,2026-01-28,A,3491
9632,12762,2025-04-14,A,2665
9633,12763,2025-03-15,C,2203
9634,12764,2026-03-22,A,4228
9635,12765,2026-03-10,A,2643
9636,12767,2025-11-01,A,10674
9637,12768,2026-02-05,C,1834
9638,12769,2026-01-06,A,11208
9639,12770,2025-07-05,B,6982
9640,12772,2026-05-09,A,10676
9641,12773,2025-12-14,A,2642
9642,12775,2025-05-30,A,2383
9643,12776,2025-06-29,A,10969
9644,12777,2025-12-23,A,1548
9645,12779,2025-07-12,A,8957
9646,12780,2025-09-11,A,8016
9647,12782,2026-02-06,B,4037
9648,12783,2025-10-29,A,1917
9649,12785,2025-05-04,A,4355
9650,12786,2025-09-07,C,8737
9651,12788,2025-12-01,C,3511
9652,12789,2025-08-09,A,6735
9653,12791,2025-06-01,A,1016
9654,12792,2025-09-08,C,10611
9655,12793,2025-10-31,A,2496
9656,12794,2025-03-14,A,7601
9657,12795,2025-12-24,A,8836
9658,12797,2025-04-23,A,2572
9659,12798,2025-10-22,A,2404
9660,12799,2026-01-28,B,3936
9661,12800,2025-09-01,B,5351
9662,12801,2025-08-10,A,3072
9663,12803,2025-04-24,B,8436
9664,12804,2026-04-03,A,1064
9665,12807,2025-06-25,A,4893
9666,12810,2025-08-04,C,11533
9667,12811,2025-10-16,A,5488
9668,12814,2025-12-01,A,4799
9669,12816,2025-10-06,B,2494
9670,12818,2025-06-22,A,7316
9671,12819,2025-11-05,C,6126
9672,12820,2026-01-10,A,2204
9673,12822,2025-03-13,C,2572
9674,12823,2025-09-24,A,10133
9675,12824,2025-12-15,A,2283
9676,12825,2025-06-16,A,9782
9677,12827,2025-11-14,A,10353
9678,12828,2026-01-28,A,8863
9679,12829,2025-09-24,A,6951
9680,12830,2025-03-11,A,2382
9681,12832,2026-04-06,A,6865
9682,12835,2025-04-30,A,5352
9683,12836,2025-12-10,A,2641
9684,12837,2025-06-18,A,1714
9685,12838,2025-05-22,A,5423
9686,12840,2026-01-05,A,1398
9687,12843,2025-10-24,C,2641
9688,12844,2026-03-01,A,8484
9689,12845,2025-04-06,A,1016
9690,12846,2025-08-20,A,8339
9691,12849,2025-09-02,A,10303
9692,12850,2025-04-16,B,2551
9693,12851,2025-04-16,A,2433
9694,12854,2026-01-28,A,11533
9695,12856,2025-04-24,A,5280
9696,12858,2025-10-09,A,2572
9697,12859,2025-04-27,A,8960
9698,12861,2025-06-13,A,7316
9699,12862,2025-06-29,A,8887
9700,12863,2025-09-28,C,2182
9701,12864,2025-09-30,A,453
9702,12865,2026-01-20,A,1210
9703,12866,2025-09-06,B,2356
9704,12867,2025-05-31,A,11039
9705,12868,2025-07-16,A,1549
9706,12869,2025-12-22,A,1568
9707,12870,2025-04-09,A,3511
9708,12872,2025-05-02,A,2385
9709,12873,2025-06-19,A,2642
9710,12874,2025-06-22,C,2283
9711,12875,2025-07-15,C,453
9712,12876,2025-07-31,A,11387
9713,12878,2025-07-16,B,6438
9714,12879,2025-10-18,A,6911
9715,12880,2025-10-26,C,2964
9716,12881,2025-08-22,A,2496
9717,12882,2026-03-17,A,10656
9718,12883,2025-10-03,A,2431
9719,12884,2025-10-12,A,6980
9720,12885,2026-03-11,A,8509
9721,12886,2025-08-21,A,2384
9722,12887,2025-09-30,A,6503
9723,12889,2026-02-02,C,526
9724,12892,2025-09-10,A,1331
9725,12893,2025-11-03,C,5720
9726,12894,2025-05-01,A,9974
9727,12896,2025-05-15,A,1661
9728,12897,2025-08-02,C,11535
9729,12898,2026-01-24,A,9434
9730,12900,2025-10-06,A,5692
9731,12901,2025-09-28,C,2180
9732,12903,2026-03-06,C,6953
9733,12904,2025-08-19,A,11342
9734,12905,2025-09-04,A,2432
9735,12907,2025-07-28,C,9735
9736,12908,2025-03-15,A,3914
9737,12909,2025-06-21,A,5330
9738,12910,2025-11-18,A,9298
9739,12911,2025-02-26,A,7464
9740,12914,2025-04-12,A,8319
9741,12915,2025-05-14,A,1942
9742,12916,2025-07-23,A,2664
9743,12917,2025-11-11,A,2475
9744,12918,2026-02-08,A,4401
9745,12919,2025-07-18,A,9877
9746,12920,2025-09-16,A,2432
9747,12921,2026-03-12,C,5490
9748,12923,2025-12-19,C,5081
9749,12924,2025-10-08,A,9178
9750,12925,2025-12-30,A,2666
9751,12926,2025-08-09,A,4450
9752,12927,2025-06-14,A,2450
9753,12928,2026-02-17,A,10117
9754,12932,2025-07-28,A,4649
9755,12933,2025-05-06,A,2641
9756,12934,2025-12-12,C,6667
9757,12935,2025-08-11,C,2551
9758,12936,2025-05-27,A,2337
9759,12940,2025-07-05,B,5488
9760,12941,2025-08-29,C,9710
9761,12942,2026-01-02,A,7693
9762,12944,2025-12-20,A,5663
9763,12945,2025-03-12,A,2664
9764,12946,2025-05-28,B,1763
9765,12947,2026-02-25,A,712
9766,12948,2025-08-12,C,11697
9767,12949,2026-02-13,A,6175
9768,12953,2026-01-27,A,2004
9769,12955,2025-08-21,A,3729
9770,12956,2025-07-12,A,7864
9771,12957,2025-07-01,A,2571
9772,12960,2025-03-28,A,9178
9773,12964,2025-02-23,A,2259
9774,12965,2025-12-14,A,3604
9775,12969,2025-07-02,A,7643
9776,12971,2025-11-29,C,8705
9777,12972,2025-09-25,A,11534
9778,12973,2025-11-26,A,2615
9779,12974,2025-10-08,C,3634
9780,12975,2025-10-22,A,2791
9781,12976,2025-09-03,A,2522
9782,12977,2025-08-04,A,11237
9783,12978,2026-01-29,A,11120
9784,12979,2026-02-01,A,9411
9785,12981,2025-11-11,A,4872
9786,12982,2026-05-10,A,8612
9787,12983,2025-09-23,C,4329
9788,12984,2025-07-25,A,1814
9789,12985,2025-08-12,A,5635
9790,12986,2025-09-15,C,1569
9791,12987,2025-08-07,A,6055
9792,12988,2025-09-20,C,2667
9793,12991,2025-10-08,C,4469
9794,12992,2025-10-04,B,2335
9795,12994,2025-08-16,A,4822
9796,12995,2026-02-21,A,9847
9797,12996,2025-11-13,A,2404
9798,12998,2025-04-25,C,6099
9799,13000,2025-10-18,A,11096
9800,13003,2025-04-01,A,9781
9801,13005,2025-04-18,A,1063
9802,13006,2025-04-14,A,10204
9803,13007,2026-01-07,A,2522
9804,13009,2026-01-19,C,3559
9805,13011,2026-02-01,A,11605
9806,13012,2025-11-23,A,11512
9807,13013,2025-12-19,A,6054
9808,13015,2026-01-13,A,1961
9809,13017,2026-01-23,A,8269
9810,13018,2025-07-11,A,8536
9811,13019,2026-05-14,C,2107
9812,13020,2025-07-17,A,4523
9813,13024,2025-07-31,C,2203
9814,13025,2025-09-30,A,6438
9815,13026,2025-05-17,A,5402
9816,13027,2025-11-08,A,2522
9817,13028,2026-01-25,C,4649
9818,13029,2025-02-25,A,5305
9819,13031,2025-10-05,A,2336
9820,13032,2025-06-15,A,3492
9821,13033,2025-07-21,A,2283
9822,13034,2026-05-05,A,9996
9823,13035,2026-04-23,A,2476
9824,13036,2025-07-08,A,2311
9825,13037,2026-02-28,A,4088
9826,13038,2025-11-29,A,6276
9827,13039,2026-02-09,C,666
9828,13041,2025-09-06,A,2404
9829,13042,2026-05-03,A,11553
9830,13043,2025-06-06,A,8221
9831,13044,2025-08-27,A,5824
9832,13045,2026-01-28,C,4273
9833,13047,2025-09-11,A,8485
9834,13049,2025-09-12,C,3419
9835,13050,2026-02-02,A,11491
9836,13051,2025-10-21,A,10750
9837,13053,2025-09-05,A,10091
9838,13054,2025-10-11,A,5850
9839,13055,2025-03-21,A,6891
9840,13056,2025-05-02,C,5875
9841,13057,2025-06-24,A,9997
9842,13058,2025-08-19,A,2405
9843,13059,2026-02-14,A,3510
9844,13060,2025-08-04,A,2205
9845,13061,2025-10-29,A,1985
9846,13062,2025-08-24,A,4648
9847,13064,2025-12-31,C,556
9848,13065,2025-09-12,A,409
9849,13066,2025-08-13,C,1568
9850,13067,2025-08-05,B,6755
9851,13068,2025-08-12,B,6753
9852,13071,2025-11-28,A,7435
9853,13073,2026-03-24,A,2406
9854,13074,2025-03-05,B,838
9855,13076,2026-02-01,A,7545
9856,13077,2025-05-01,A,5739
9857,13078,2025-05-26,C,10988
9858,13079,2025-04-16,A,2551
9859,13080,2025-05-16,A,2451
9860,13081,2025-09-13,C,9057
9861,13082,2026-02-10,A,2336
9862,13083,2025-08-25,A,2431
9863,13085,2025-08-29,A,4113
9864,13086,2025-09-20,A,2231
9865,13087,2025-10-29,A,2107
9866,13090,2025-08-15,A,4037
9867,13091,2025-07-29,A,11821
9868,13092,2025-11-06,A,8535
9869,13093,2025-10-09,C,2230
9870,13094,2025-10-14,A,3914
9871,13095,2025-07-08,C,11512
9872,13096,2026-04-06,A,384
9873,13099,2025-06-14,A,10969
9874,13100,2026-01-01,A,5588
9875,13102,2025-02-28,A,6033
9876,13103,2025-04-05,C,9801
9877,13105,2025-06-05,A,6176
9878,13106,2025-08-03,A,2282
9879,13107,2025-09-05,B,2335
9880,13108,2025-06-10,C,6100
9881,13112,2025-04-25,A,2476
9882,13113,2025-11-19,A,9231
9883,13114,2025-12-28,A,5638
9884,13115,2026-02-18,A,1356
9885,13116,2025-09-10,A,4182
9886,13117,2025-06-12,A,6643
9887,13119,2025-08-08,A,9232
9888,13121,2025-04-08,A,1461
9889,13122,2025-12-25,B,5517
9890,13123,2025-10-26,A,2357
9891,13124,2026-02-11,A,6009
9892,13125,2025-02-27,A,3559
9893,13126,2025-08-23,A,2181
9894,13127,2025-06-14,A,6078
9895,13130,2026-03-22,C,2433
9896,13131,2026-01-29,B,8414
9897,13132,2025-06-04,A,2259
9898,13133,2025-06-06,A,11512
9899,13135,2025-06-16,A,1524
9900,13136,2025-10-21,B,8290
9901,13139,2025-07-30,C,792
9902,13142,2025-11-22,C,2522
9903,13144,2025-07-18,C,9409
9904,13145,2025-04-02,A,2405
9905,13147,2025-05-18,A,9007
9906,13148,2025-06-24,A,2451
9907,13150,2025-08-25,C,2791
9908,13151,2025-12-24,A,2335
9909,13153,2025-05-02,A,3187
9910,13154,2025-08-08,A,11342
9911,13155,2025-12-22,A,10226
9912,13156,2026-01-24,C,9902
9913,13157,2025-12-23,A,3418
9914,13158,2025-07-09,A,10304
9915,13159,2026-01-10,B,10225
9916,13161,2025-04-02,A,1181
9917,13162,2025-05-03,A,8015
9918,13163,2025-07-02,B,9823
9919,13164,2025-12-21,A,9200
9920,13165,2025-11-11,A,9365
9921,13166,2025-08-05,A,4592
9922,13167,2025-10-12,A,11268
9923,13168,2026-01-15,B,646
9924,13169,2026-03-02,A,1914
9925,13171,2026-03-04,A,2664
9926,13174,2025-11-06,A,3491
9927,13175,2025-05-25,C,2337
9928,13176,2025-06-04,A,1914
9929,13177,2025-12-18,A,3420
9930,13181,2025-06-25,A,8936
9931,13183,2026-05-03,A,7669
9932,13184,2025-12-19,A,7916
9933,13185,2025-03-22,A,6384
9934,13186,2025-08-31,A,889
9935,13187,2025-09-06,A,665
9936,13188,2025-07-20,C,8338
9937,13189,2025-07-29,C,11577
9938,13190,2025-05-24,A,7842
9939,13191,2025-03-06,A,2615
9940,13192,2025-05-21,A,9032
9941,13193,2026-01-09,A,5691
9942,13194,2025-06-21,C,11364
9943,13195,2025-04-18,B,2181
9944,13196,2026-01-09,A,1548
9945,13197,2025-12-21,A,8338
9946,13198,2025-08-16,A,2666
9947,13199,2025-12-23,A,6952
9948,13202,2025-11-30,A,8704
9949,13203,2025-10-19,A,8455
9950,13204,2025-04-13,A,6837
9951,13206,2025-07-25,A,1691
9952,13208,2026-03-25,A,2159
9953,13209,2026-01-31,A,2551
9954,13210,2025-09-16,A,2205
9955,13211,2025-12-06,C,6913
9956,13213,2026-03-15,C,11364
9957,13214,2025-07-04,A,11404
9958,13215,2026-01-24,A,9922
9959,13216,2025-08-02,A,684
9960,13217,2025-05-22,A,3492
9961,13218,2025-12-08,A,4202
9962,13219,2026-01-28,A,2615
9963,13220,2025-08-26,B,9433
9964,13221,2025-10-16,A,11166
9965,13222,2025-09-04,A,5876
9966,13223,2026-01-22,A,6866
9967,13224,2025-07-27,A,10323
9968,13228,2025-06-03,A,10304
9969,13229,2025-06-17,A,2134
9970,13230,2025-11-22,A,11863
9971,13231,2025-10-08,A,1985
9972,13232,2025-05-05,C,713
9973,13233,2026-02-05,A,5739
9974,13234,2025-06-26,A,3809
9975,13235,2025-09-15,A,2358
9976,13236,2025-06-10,A,4113
9977,13240,2025-04-08,A,5443
9978,13241,2025-12-02,C,5014
9979,13245,2025-03-01,A,2552
9980,13247,2025-06-04,A,10655
9981,13248,2025-05-15,A,10354
9982,13250,2025-07-04,A,5692
9983,13253,2025-03-07,A,5424
9984,13254,2025-09-28,A,4355
9985,13255,2025-11-05,A,5543
9986,13256,2025-08-24,A,6296
9987,13257,2025-09-03,A,1356
9988,13258,2025-08-25,A,2404
9989,13259,2025-07-31,A,9802
9990,13260,2025-06-29,A,555
9991,13261,2025-02-26,A,6594
9992,13262,2025-09-27,A,6983
9993,13264,2025-08-07,A,2310
9994,13265,2025-10-11,A,9277
9995,13266,2025-06-05,B,2553
9996,13267,2026-02-06,C,406
9997,13269,2025-04-06,B,1983
9998,13270,2025-05-01,B,5163
9999,13271,2025-04-13,A,9802
10000,13272,2025-06-01,A,2571
10001,13273,2025-05-30,A,2664
10002,13274,2025-03-26,A,2231
10003,13275,2025-10-12,A,2643
10004,13276,2025-02-15,A,6754
10005,13277,2026-01-30,B,7056
10006,13278,2025-11-01,A,3653
10007,13281,2026-01-18,A,4375
10008,13282,2025-12-06,A,2160
10009,13284,2025-12-26,A,2406
10010,13288,2026-02-02,A,2282
10011,13289,2025-06-01,A,2474
10012,13290,2025-09-15,C,3653
10013,13292,2025-09-03,A,2336
10014,13293,2025-10-19,A,10637
10015,13294,2025-07-09,A,2283
10016,13295,2026-02-03,A,8909
10017,13296,2025-05-11,A,7463
10018,13297,2025-11-20,A,6911
10019,13301,2026-01-29,C,9231
10020,13302,2025-12-03,A,406
10021,13304,2026-01-12,A,10637
10022,13305,2025-11-07,A,2382
10023,13306,2025-10-25,A,4183
10024,13307,2025-06-10,A,3466
10025,13310,2026-03-16,A,4992
10026,13311,2025-08-13,A,9973
10027,13312,2025-09-05,A,6911
10028,13313,2025-05-26,A,9336
10029,13314,2025-08-31,A,6008
10030,13315,2025-09-30,C,11649
10031,13316,2025-10-09,A,8092
10032,13317,2025-05-11,A,9599
10033,13318,2025-10-17,A,2282
10034,13319,2025-07-08,A,10822
10035,13321,2025-12-29,A,9251
10036,13322,2025-10-20,C,9737
10037,13325,2026-05-15,A,3418
10038,13328,2025-06-10,A,6275
10039,13329,2026-02-08,C,9846
10040,13330,2025-04-10,C,9669
10041,13331,2026-01-07,A,3728
10042,13334,2025-05-31,A,10353
10043,13335,2026-02-21,A,11533
10044,13336,2025-12-07,A,5466
10045,13337,2026-03-02,A,2312
10046,13338,2026-02-10,A,2310
10047,13339,2025-11-06,A,7547
10048,13340,2025-04-13,C,967
10049,13342,2025-09-13,C,2356
10050,13343,2025-05-01,A,2616
10051,13345,2025-10-23,C,4775
10052,13346,2025-06-04,A,7601
10053,13347,2025-05-13,A,3580
10054,13348,2026-03-27,A,2180
10055,13351,2025-11-25,A,2282
10056,13352,2025-11-27,C,4227
10057,13353,2025-10-23,C,966
10058,13355,2025-10-03,A,2258
10059,13356,2025-07-20,B,603
10060,13357,2025-06-29,A,2552
10061,13358,2025-08-19,B,8220
10062,13361,2026-03-27,A,8017
10063,13362,2025-09-25,A,1306
10064,13363,2025-09-28,C,5280
10065,13364,2025-12-30,C,1888
10066,13365,2025-07-13,C,6929
10067,13368,2026-01-23,C,2258
10068,13370,2026-01-12,A,11269
10069,13374,2025-03-30,A,7667
10070,13375,2025-06-06,C,2476
10071,13378,2025-06-03,C,2476
10072,13380,2025-05-15,A,4160
10073,13381,2025-05-12,A,10417
10074,13383,2026-03-12,C,9974
10075,13384,2025-07-23,A,10159
10076,13385,2025-08-12,A,5691
10077,13386,2026-02-26,A,2938
10078,13387,2025-08-25,C,3187
10079,13390,2025-07-14,A,1040
10080,13391,2025-02-14,A,8735
10081,13392,2025-12-25,A,7316
10082,13393,2025-10-08,A,5636
10083,13395,2025-09-27,A,6296
10084,13396,2025-07-10,A,11207
10085,13397,2026-02-10,A,3785
10086,13399,2025-11-30,A,3050
10087,13400,2025-03-09,A,8434
10088,13402,2025-02-23,A,2312
10089,13403,2025-11-14,A,917
10090,13404,2025-06-23,A,2205
10091,13407,2025-06-02,A,9876
10092,13408,2025-11-23,C,2202
10093,13410,2025-03-20,A,5187
10094,13411,2025-07-19,A,2282
10095,13412,2025-06-12,A,9877
10096,13413,2025-07-30,A,2910
10097,13414,2025-11-08,C,2337
10098,13416,2025-06-15,C,11648
10099,13418,2025-05-12,A,1761
10100,13419,2025-06-12,A,8511
10101,13420,2025-08-01,A,2474
10102,13422,2025-10-24,A,3116
10103,13423,2025-07-11,A,5956
10104,13424,2025-09-09,C,2474
10105,13425,2026-01-11,A,3883
10106,13426,2025-08-03,A,3186
10107,13427,2025-06-23,A,7121
10108,13428,2025-10-29,C,2494
10109,13430,2025-07-27,A,8808
10110,13432,2025-06-01,A,2616
10111,13433,2025-06-23,A,3604
10112,13435,2025-10-29,C,1062
10113,13436,2025-10-13,A,2258
10114,13437,2025-09-19,C,3537
10115,13438,2025-05-25,A,2183
10116,13439,2025-03-05,A,10069
10117,13440,2025-07-23,A,10637
10118,13441,2025-03-19,A,6128
10119,13442,2025-05-22,C,7121
10120,13443,2025-10-09,A,2552
10121,13444,2025-03-30,A,5079
10122,13448,2026-01-23,A,4449
10123,13449,2025-05-26,C,2204
10124,13450,2025-03-26,A,2338
10125,13451,2025-08-03,B,5057
10126,13452,2025-05-09,A,5541
10127,13456,2025-02-23,B,2710
10128,13457,2025-07-03,A,8457
10129,13458,2025-03-07,A,5610
10130,13459,2025-05-13,C,10178
10131,13460,2025-08-15,C,2405
10132,13461,2025-05-28,B,5488
10133,13462,2025-09-06,A,11291
10134,13463,2025-11-08,A,11554
10135,13465,2025-08-18,A,7669
10136,13466,2025-12-10,A,2594
10137,13468,2025-05-11,A,7238
10138,13470,2025-11-26,A,9229
10139,13471,2025-05-17,A,4850
10140,13472,2025-07-27,C,3303
10141,13473,2026-01-31,B,6032
10142,13474,2025-03-01,A,1504
10143,13475,2026-01-25,A,6277
10144,13476,2025-04-28,A,2473
10145,13477,2025-05-05,A,9846
10146,13478,2025-04-21,A,2337
10147,13481,2025-10-02,A,3511
10148,13482,2025-08-27,B,2231
10149,13484,2025-09-29,A,9101
10150,13485,2025-04-12,A,8809
10151,13487,2025-03-10,A,8934
10152,13489,2025-06-16,C,8788
10153,13490,2025-08-07,A,1815
10154,13493,2025-08-09,C,3604
10155,13494,2025-10-07,A,3071
10156,13495,2025-02-24,A,6054
10157,13497,2025-06-11,C,2451
10158,13498,2025-06-07,A,1589
10159,13499,2025-11-11,C,2667
10160,13500,2026-03-13,A,4942
10161,13501,2025-11-15,A,7493
10162,13502,2025-09-20,A,1038
10163,13504,2025-08-22,A,2474
10164,13507,2026-04-02,A,2180
10165,13508,2025-07-06,A,11533
10166,13510,2025-11-15,A,10251
10167,13512,2025-10-01,A,1398
10168,13514,2025-12-02,A,2356
10169,13517,2025-07-01,A,11067
10170,13518,2025-06-04,A,3402
10171,13519,2025-11-13,A,7917
10172,13521,2025-07-05,A,9924
10173,13522,2025-12-27,C,2553
10174,13523,2026-02-07,C,3049
10175,13524,2025-05-09,C,11450
10176,13525,2025-07-09,C,4801
10177,13526,2025-09-30,A,11143
10178,13527,2025-06-05,A,9154
10179,13529,2025-10-31,A,1211
10180,13530,2025-04-29,B,8835
10181,13531,2025-05-06,A,10324
10182,13532,2025-11-12,A,8248
10183,13533,2025-02-23,A,5374
10184,13536,2025-08-10,A,5103
10185,13538,2025-09-29,A,3785
10186,13540,2025-12-22,A,2496
10187,13542,2025-10-23,A,3303
10188,13544,2025-07-12,A,1306
10189,13545,2025-09-13,B,3492
10190,13546,2025-02-15,B,8789
10191,13548,2025-10-07,A,2180
10192,13549,2026-01-05,C,1608
10193,13550,2025-09-14,A,2553
10194,13551,2025-04-20,A,2496
10195,13552,2025-04-20,A,2335
10196,13554,2025-08-18,C,10224
10197,13559,2025-12-10,A,3072
10198,13560,2025-11-05,A,3560
10199,13561,2025-10-05,A,8220
10200,13562,2025-07-20,A,624
10201,13563,2025-09-24,A,2183
10202,13565,2025-04-03,C,9252
10203,13566,2025-04-15,A,1160
10204,13567,2025-10-09,A,2643
10205,13568,2025-05-14,A,3243
10206,13569,2025-07-20,A,5586
10207,13570,2025-04-17,A,10026
10208,13571,2025-09-04,C,1862
10209,13572,2025-10-04,C,4700
10210,13573,2025-07-04,A,3582
10211,13575,2026-02-03,A,2664
10212,13576,2025-06-10,B,2642
10213,13578,2025-10-21,A,2643
10214,13579,2025-09-11,A,7491
10215,13580,2025-07-28,C,11187
10216,13581,2026-02-05,A,2357
10217,13582,2025-08-20,A,3492
10218,13585,2025-12-21,C,9651
10219,13586,2025-12-24,A,1040
10220,13588,2025-11-06,A,8704
10221,13589,2025-12-21,A,2476
10222,13590,2025-07-01,B,7971
10223,13591,2025-09-09,A,9824
10224,13592,2025-09-28,C,6981
10225,13593,2025-04-03,A,2404
10226,13594,2025-05-12,A,2594
10227,13595,2025-11-03,A,2311
10228,13596,2025-07-27,B,2643
10229,13597,2026-01-27,A,2641
10230,13598,2026-04-26,A,9995
10231,13600,2026-03-19,C,11068
10232,13603,2025-07-26,A,2385
10233,13604,2025-07-13,A,5692
10234,13605,2025-09-23,A,666
10235,13606,2025-07-10,A,1141
10236,13607,2026-01-05,A,3213
10237,13608,2025-04-02,A,2259
10238,13609,2025-04-27,A,3883
10239,13610,2025-09-30,A,2182
10240,13611,2025-04-17,C,6782
10241,13613,2025-12-29,A,2338
10242,13615,2025-05-21,A,6595
10243,13616,2025-09-22,B,4160
10244,13617,2025-05-23,B,4524
10245,13618,2025-07-10,A,9078
10246,13619,2025-09-27,A,2384
10247,13620,2025-09-10,A,1739
10248,13621,2025-03-30,C,11119
10249,13624,2025-06-25,C,8612
10250,13627,2025-09-30,A,9600
10251,13628,2025-08-16,A,2432
10252,13629,2025-05-27,A,5635
10253,13630,2025-11-21,B,2475
10254,13634,2025-08-26,A,8960
10255,13636,2025-08-24,A,1786
10256,13638,2025-06-12,B,9178
10257,13639,2025-05-22,A,683
10258,13643,2025-11-29,A,8884
10259,13644,2025-10-22,A,3559
10260,13645,2025-11-30,B,2739
10261,13646,2025-09-28,A,2615
10262,13649,2025-09-19,B,11318
10263,13650,2025-10-24,A,3862
10264,13651,2025-12-02,A,5517
10265,13652,2026-04-02,A,11554
10266,13653,2025-12-04,A,8482
10267,13654,2025-12-10,A,11166
10268,13655,2025-11-10,C,2231
10269,13656,2026-04-26,C,1182
10270,13657,2025-07-10,C,2312
10271,13659,2025-08-03,A,9078
10272,13661,2025-11-24,A,2552
10273,13662,2026-02-22,A,8320
10274,13663,2025-06-12,A,3603
10275,13664,2025-12-03,A,2406
10276,13666,2026-02-04,B,2284
10277,13667,2025-11-15,A,384
10278,13668,2025-10-22,A,10047
10279,13669,2025-05-14,B,8094
10280,13670,2025-10-28,A,4471
10281,13671,2025-07-06,A,8788
10282,13672,2025-05-04,B,1887
10283,13673,2025-07-18,A,2552
10284,13674,2025-11-26,A,5638
10285,13675,2025-11-10,A,2284
10286,13677,2026-03-08,A,2338
10287,13678,2025-07-24,A,11187
10288,13679,2025-12-02,A,6127
10289,13680,2025-07-03,A,10090
10290,13681,2025-12-04,A,501
10291,13682,2025-07-24,A,10089
10292,13683,2025-08-04,C,1608
10293,13684,2025-11-16,A,3884
10294,13685,2026-02-15,A,1740
10295,13686,2025-10-12,A,578
10296,13687,2025-10-28,A,9155
10297,13689,2025-05-19,B,8511
10298,13691,2025-10-14,A,1331
10299,13692,2025-06-08,C,9759
10300,13694,2025-05-18,A,3187
10301,13695,2025-05-03,A,8911
10302,13696,2026-01-09,A,2451
10303,13697,2025-07-29,A,3763
10304,13699,2025-06-03,A,10895
10305,13700,2025-09-17,A,9801
10306,13701,2026-01-03,A,8247
10307,13702,2025-09-18,A,8809
10308,13703,2025-06-06,A,2385
10309,13704,2025-05-31,C,4941
10310,13705,2025-02-09,A,8482
10311,13706,2025-09-04,B,9298
10312,13708,2025-08-13,A,2180
10313,13710,2025-11-05,A,2553
10314,13711,2026-01-24,A,2231
10315,13712,2026-03-01,B,2104
10316,13713,2025-09-19,A,10302
10317,13715,2025-03-19,C,4276
10318,13718,2025-07-04,B,9950
10319,13720,2026-04-19,A,4994
10320,13723,2026-02-11,A,8220
10321,13724,2025-08-31,A,2814
10322,13725,2026-01-25,A,7521
10323,13727,2025-11-13,A,11625
10324,13728,2025-06-11,A,5955
10325,13729,2025-11-10,A,1888
10326,13730,2025-10-13,A,11403
10327,13731,2025-05-18,A,2202
10328,13736,2026-01-04,C,2230
10329,13738,2025-09-03,A,2134
10330,13739,2026-01-04,A,2338
10331,13740,2025-04-17,A,2494
10332,13741,2025-07-24,A,8660
10333,13742,2025-10-09,A,5254
10334,13745,2025-09-02,A,6340
10335,13746,2025-04-21,A,2231
10336,13747,2025-10-24,C,9801
10337,13748,2025-10-20,A,2552
10338,13749,2025-06-03,A,3070
10339,13750,2026-02-26,B,741
10340,13751,2025-10-22,A,10091
10341,13752,2025-09-05,A,2202
10342,13753,2025-05-19,A,2667
10343,13754,2026-03-02,A,2160
10344,13756,2025-12-07,C,2283
10345,13758,2025-06-03,A,2107
10346,13760,2025-09-23,A,2494
10347,13761,2025-05-21,A,2183
10348,13762,2025-04-07,A,8321
10349,13764,2025-11-05,A,3831
10350,13766,2025-10-25,A,7694
10351,13767,2025-09-27,A,5517
10352,13768,2025-06-24,A,8586
10353,13769,2025-12-01,A,9461
10354,13770,2025-09-07,B,3704
10355,13771,2025-10-11,A,3604
10356,13772,2025-06-12,A,2616
10357,13773,2025-04-03,A,9078
10358,13775,2026-02-25,A,6809
10359,13777,2025-12-30,A,5352
10360,13778,2025-12-11,A,8321
10361,13780,2025-05-18,C,1740
10362,13781,2025-06-01,A,2357
10363,13782,2025-04-08,A,2474
10364,13783,2025-11-15,B,8319
10365,13784,2025-01-24,C,9651
10366,13785,2025-11-24,C,1941
10367,13786,2025-11-10,A,4038
10368,13787,2025-09-13,C,9278
10369,13788,2025-11-29,C,2310
10370,13791,2025-03-23,C,3492
10371,13793,2025-10-28,C,2937
10372,13794,2025-07-14,A,6692
10373,13795,2025-08-28,A,8147
10374,13796,2025-11-07,A,2572
10375,13798,2025-05-09,C,9006
10376,13799,2025-11-01,B,2180
10377,13800,2025-04-07,A,2357
10378,13802,2025-12-18,A,9901
10379,13803,2025-10-20,C,6982
10380,13805,2025-12-15,A,8558
10381,13806,2025-02-08,A,7140
10382,13809,2025-12-29,C,9101
10383,13811,2025-12-13,A,11070
10384,13812,2025-03-04,A,11290
10385,13814,2025-07-14,A,4009
10386,13815,2025-10-14,A,2383
10387,13816,2026-02-14,A,3603
10388,13817,2025-10-09,A,3989
10389,13818,2025-10-17,A,2159
10390,13819,2026-04-16,B,9278
10391,13823,2025-11-10,A,5489
10392,13824,2025-02-16,A,5924
10393,13825,2025-12-04,C,2433
10394,13826,2025-10-18,C,11095
10395,13827,2025-07-08,A,2358
10396,13828,2025-05-27,A,2203
10397,13830,2025-09-06,A,11717
10398,13831,2026-03-17,A,713
10399,13833,2025-05-16,A,3188
10400,13835,2025-10-02,A,1399
10401,13838,2025-06-29,A,4893
10402,13840,2025-10-05,A,8270
10403,13841,2026-01-13,B,3263
10404,13842,2025-05-14,A,2594
10405,13843,2025-08-07,A,9032
10406,13844,2025-07-31,A,4523
10407,13846,2025-09-21,A,622
10408,13847,2025-11-26,C,10656
10409,13849,2025-10-26,A,8094
10410,13851,2025-07-06,A,916
10411,13852,2025-09-25,B,8836
10412,13854,2025-06-07,A,6755
10413,13855,2025-12-09,A,10486
10414,13857,2025-08-04,B,2765
10415,13858,2025-03-23,A,11513
10416,13859,2025-09-14,B,6691
10417,13860,2026-03-10,C,4494
10418,13862,2025-06-16,C,4871
10419,13864,2025-11-16,A,1713
10420,13865,2025-03-23,A,10354
10421,13866,2025-03-31,C,5517
10422,13867,2025-08-26,A,2935
10423,13868,2025-11-03,A,2205
10424,13871,2025-10-14,A,2553
10425,13872,2026-02-04,A,1861
10426,13874,2025-06-17,A,2494
10427,13875,2025-09-29,C,2665
10428,13876,2026-01-01,A,3603
10429,13877,2025-11-27,A,5491
10430,13878,2025-10-23,C,5146
10431,13879,2025-06-27,A,7054
10432,13880,2025-08-11,C,10873
10433,13881,2025-08-30,C,8413
10434,13883,2025-11-21,C,8092
10435,13884,2025-04-24,A,5081
10436,13886,2025-08-16,A,8457
10437,13887,2025-07-17,A,1483
10438,13890,2026-02-12,A,2431
10439,13891,2025-12-25,A,2666
10440,13892,2025-06-01,A,1141
10441,13893,2026-02-08,A,8369
10442,13896,2025-11-09,A,5689
10443,13899,2026-02-12,A,2450
10444,13900,2025-08-29,A,1015
10445,13901,2025-11-27,C,2202
10446,13902,2026-03-27,A,8735
10447,13903,2025-04-23,A,2474
10448,13904,2026-01-22,C,1064
10449,13905,2026-02-03,B,2475
10450,13906,2026-01-21,A,7890
10451,13907,2025-09-20,C,2061
10452,13909,2025-06-01,C,1140
10453,13910,2025-09-30,C,1787
10454,13911,2025-09-19,A,2202
10455,13912,2025-04-05,A,2258
10456,13914,2025-07-19,A,6952
10457,13915,2025-12-05,A,2258
10458,13916,2025-06-28,A,2404
10459,13917,2025-12-13,A,2311
10460,13918,2026-02-06,A,3213
10461,13919,2025-11-14,A,2595
10462,13920,2025-07-07,A,2594
10463,13922,2026-01-29,A,6481
10464,13923,2025-08-27,C,8837
10465,13924,2025-07-07,A,7892
10466,13925,2025-06-21,A,2357
10467,13926,2026-01-29,A,2641
10468,13927,2025-11-04,A,5329
10469,13928,2026-01-07,A,10989
10470,13929,2025-06-10,C,1261
10471,13930,2025-08-22,B,5763
10472,13932,2025-07-03,A,10460
10473,13934,2025-12-15,C,8319
10474,13935,2025-03-17,A,10460
10475,13936,2026-01-19,A,1443
10476,13937,2025-04-19,A,2522
10477,13938,2025-07-20,C,6503
10478,13940,2025-05-16,C,8434
10479,13941,2026-04-10,B,9030
10480,13943,2025-02-02,A,11648
10481,13945,2025-09-01,C,6811
10482,13946,2025-08-13,A,1014
10483,13947,2026-01-31,A,2665
10484,13948,2025-05-25,A,11186
10485,13950,2025-07-14,A,5924
10486,13951,2025-05-30,A,3603
10487,13953,2025-12-30,A,11120
10488,13954,2025-09-09,A,2258
10489,13955,2025-10-29,A,4373
10490,13957,2025-12-12,A,4160
10491,13958,2025-12-14,A,5036
10492,13959,2026-02-20,A,5147
10493,13960,2026-01-09,A,1861
10494,13961,2026-01-05,A,5662
10495,13962,2026-03-02,A,9736
10496,13964,2025-12-14,A,10635
10497,13965,2025-05-11,A,2553
10498,13966,2025-08-07,A,9176
10499,13967,2025-07-13,A,2432
10500,13970,2025-07-06,A,8706
10501,13971,2025-05-17,C,2311
10502,13973,2026-01-22,A,2473
10503,13974,2025-05-06,C,3010
10504,13975,2026-02-27,A,2259
10505,13978,2026-01-29,A,11533
10506,13979,2025-04-12,A,4354
10507,13982,2026-04-17,A,9577
10508,13983,2025-05-30,A,11342
10509,13984,2026-01-17,B,5564
10510,13985,2025-11-26,B,683
10511,13986,2025-04-08,B,602
10512,13987,2025-08-03,A,2336
10513,13988,2026-02-15,A,602
10514,13989,2025-08-19,A,8196
10515,13991,2026-01-24,C,2181
10516,13992,2025-08-19,A,2106
10517,13993,2026-02-07,A,2357
10518,13994,2025-05-10,B,3096
10519,13995,2025-09-18,C,3535
10520,13996,2025-05-27,A,2551
10521,13999,2025-09-17,A,9670
10522,14000,2026-04-21,A,9032
10523,14001,2025-07-14,A,9316
10524,14006,2025-04-23,A,2182
10525,14007,2025-08-25,A,1287
10526,14008,2026-02-13,A,2909
10527,14009,2025-06-13,A,3604
10528,14010,2025-09-23,A,4304
10529,14011,2025-12-21,A,9576
10530,14012,2025-11-26,A,4470
10531,14015,2025-05-02,C,2282
10532,14016,2026-02-25,A,5490
10533,14017,2025-02-25,B,3632
10534,14018,2025-11-02,A,1420
10535,14019,2025-11-20,A,2494
10536,14020,2025-05-12,A,2911
10537,14022,2026-01-19,C,2431
10538,14025,2025-11-24,A,11343
10539,14026,2026-01-08,A,2180
10540,14028,2025-04-11,A,2231
10541,14029,2025-09-04,C,1915
10542,14032,2025-08-02,A,1942
10543,14033,2025-06-11,C,2496
10544,14034,2025-05-14,A,5465
10545,14035,2025-09-02,A,2572
10546,14036,2025-04-09,A,2450
10547,14037,2025-10-29,A,1212
10548,14038,2025-11-30,B,3582
10549,14039,2025-12-03,B,1861
10550,14040,2025-09-10,A,2495
10551,14041,2025-04-18,A,4892
10552,14042,2025-04-30,A,2664
10553,14043,2025-06-06,A,1633
10554,14044,2025-12-13,A,3242
10555,14045,2026-01-12,A,2553
10556,14046,2026-03-05,A,9877
10557,14048,2025-05-16,A,2181
10558,14050,2025-11-20,A,10460
10559,14052,2026-01-22,A,9901
10560,14053,2025-04-17,A,2405
10561,14056,2026-02-27,A,2405
10562,14057,2025-09-18,A,10204
10563,14059,2025-06-28,A,2667
10564,14060,2025-05-26,A,768
10565,14061,2025-07-31,A,2383
10566,14062,2025-10-08,A,7141
10567,14063,2025-09-08,A,5254
10568,14064,2025-07-17,A,602
10569,14065,2025-06-21,A,1942
10570,14066,2025-08-05,A,10046
10571,14069,2025-10-26,A,5016
10572,14071,2025-11-01,B,5035
10573,14072,2025-06-16,C,2571
10574,14073,2026-04-20,B,1915
10575,14074,2025-10-18,A,4274
10576,14075,2026-01-21,A,6783
10577,14076,2026-02-02,C,2405
10578,14077,2025-11-01,A,1461
10579,14079,2026-02-13,A,11236
10580,14080,2025-09-01,A,1306
10581,14081,2025-02-27,A,8484
10582,14083,2025-03-05,A,4329
10583,14084,2026-02-23,B,2337
10584,14085,2025-10-28,A,2180
10585,14086,2025-05-21,B,9363
10586,14087,2025-08-17,C,2311
10587,14088,2025-12-26,A,1589
10588,14090,2026-02-23,A,937
10589,14091,2025-09-11,C,11067
10590,14092,2025-08-19,A,2338
10591,14094,2025-07-14,A,6152
10592,14095,2025-06-20,A,5443
10593,14098,2025-07-21,A,2571
10594,14100,2025-09-19,A,2310
10595,14102,2025-08-28,A,6755
10596,14103,2025-09-18,A,1550
10597,14104,2025-11-05,A,2641
10598,14106,2025-10-12,C,2476
10599,14107,2025-06-07,A,6983
10600,14108,2025-03-22,A,2382
10601,14110,2025-10-25,A,2616
10602,14111,2025-03-28,C,2495
10603,14112,2025-09-23,B,9878
10604,14113,2025-12-11,A,10047
10605,14114,2025-07-25,A,9435
10606,14115,2025-10-16,B,2311
10607,14116,2026-04-11,B,11800
10608,14117,2025-10-23,A,9974
10609,14118,2026-03-22,A,382
10610,14119,2025-04-20,A,3729
10611,14121,2025-12-25,C,3988
10612,14122,2025-08-25,A,1040
10613,14124,2025-10-11,B,5124
10614,14125,2025-10-17,A,2475
10615,14126,2026-01-04,C,7218
10616,14127,2025-09-02,C,2383
10617,14128,2025-06-02,A,665
10618,14134,2026-04-09,A,2312
10619,14135,2025-10-02,A,3633
10620,14136,2025-10-15,A,2204
10621,14137,2026-02-13,A,1916
10622,14138,2025-04-25,A,2404
10623,14139,2025-06-20,C,10025
10624,14140,2025-06-10,A,2667
10625,14142,2025-10-27,A,11268
10626,14143,2025-11-21,A,2205
10627,14144,2025-12-09,B,5101
10628,14148,2025-05-29,C,4941
10629,14149,2025-07-30,A,406
10630,14150,2025-10-02,A,1568
10631,14152,2025-05-19,A,9876
10632,14153,2025-07-18,A,2664
10633,14154,2025-07-14,A,6953
10634,14155,2025-05-19,A,1609
10635,14156,2025-09-25,A,10374
10636,14157,2026-02-05,A,10655
10637,14158,2025-12-06,C,2476
10638,14160,2025-05-06,A,2404
10639,14162,2025-06-25,A,9759
10640,14163,2025-03-07,C,6152
10641,14164,2026-01-08,A,6980
10642,14167,2025-04-09,A,11341
10643,14169,2025-04-08,A,9200
10644,14170,2025-10-15,A,1787
10645,14171,2025-09-24,A,5488
10646,14172,2025-08-27,C,4469
10647,14173,2025-10-14,B,9998
10648,14174,2026-02-02,A,1460
10649,14175,2025-06-07,A,5186
10650,14176,2025-10-14,A,3959
10651,14177,2025-10-22,B,2572
10652,14178,2025-10-01,A,5541
10653,14179,2025-03-30,A,7971
10654,14180,2025-07-18,A,2406
10655,14181,2025-12-06,A,2205
10656,14182,2025-07-05,A,6152
10657,14184,2025-07-15,A,6415
10658,14185,2025-05-31,A,8885
10659,14186,2025-07-29,B,9232
10660,14187,2025-04-27,A,8980
10661,14188,2025-11-09,A,2494
10662,14189,2025-12-20,A,2642
10663,14190,2025-11-05,A,4471
10664,14191,2026-03-01,A,8807
10665,14193,2025-06-14,A,2311
10666,14195,2026-02-05,B,10026
10667,14196,2025-08-18,A,8837
10668,14197,2025-08-09,A,8704
10669,14198,2025-02-09,A,11237
10670,14199,2025-03-08,A,4699
10671,14200,2025-07-22,A,6953
10672,14202,2025-06-15,A,6931
10673,14203,2025-06-23,A,9032
10674,14204,2025-12-31,A,9178
10675,14206,2025-07-03,A,1356
10676,14207,2025-08-07,A,4672
10677,14209,2025-08-01,A,384
10678,14211,2026-01-18,A,9032
10679,14213,2025-08-28,A,11238
10680,14214,2025-12-06,C,10202
10681,14215,2025-04-30,C,10611
10682,14216,2025-03-29,C,4111
10683,14217,2026-01-20,A,11067
10684,14218,2025-12-21,A,2594
10685,14219,2025-07-08,A,1813
10686,14220,2025-08-04,A,2523
10687,14221,2026-02-04,A,1399
10688,14223,2025-09-04,C,2384
10689,14225,2025-05-10,B,8678
10690,14226,2025-09-16,A,4423
10691,14228,2025-10-07,A,8632
10692,14229,2025-07-23,A,11267
10693,14231,2025-03-27,A,3747
10694,14232,2025-04-22,A,2936
10695,14234,2025-07-12,A,3705
10696,14235,2025-09-24,A,9950
10697,14236,2026-01-10,A,6414
10698,14238,2025-08-28,C,2183
10699,14239,2025-08-06,A,6692
10700,14240,2025-07-01,A,10202
10701,14241,2025-03-29,A,6782
10702,14242,2025-10-20,A,5330
10703,14243,2025-07-14,C,9459
10704,14244,2025-07-10,A,2475
10705,14246,2025-07-24,A,2404
10706,14247,2025-09-01,A,9948
10707,14248,2026-02-05,C,2642
10708,14249,2026-04-07,A,1740
10709,14251,2025-07-23,A,3402
10710,14252,2025-03-18,C,1983
10711,14253,2025-10-20,A,5352
10712,14254,2025-07-24,A,3746
10713,14255,2025-11-07,C,10851
10714,14256,2025-09-24,A,2616
10715,14257,2026-04-27,C,6009
10716,14258,2025-11-20,A,5720
10717,14260,2025-07-10,C,6008
10718,14261,2025-08-26,A,1481
10719,14262,2025-12-07,A,5897
10720,14263,2025-12-07,A,2358
10721,14265,2025-08-07,A,2856
10722,14266,2025-09-23,A,3704
10723,14267,2026-02-18,A,7492
10724,14268,2025-02-26,A,502
10725,14271,2025-10-23,A,2338
10726,14273,2025-07-15,A,2311
10727,14276,2025-04-08,C,3167
10728,14277,2025-09-04,A,10970
10729,14281,2026-02-24,A,2356
10730,14283,2026-02-09,A,2643
10731,14285,2025-11-03,A,2282
10732,14286,2025-09-05,A,8612
10733,14289,2025-09-19,C,9759
10734,14290,2026-02-15,C,10920
10735,14291,2025-08-25,A,8535
10736,14292,2025-09-23,A,2335
10737,14293,2026-04-06,A,3442
10738,14294,2025-02-03,A,2383
10739,14296,2025-11-25,A,1786
10740,14297,2026-01-28,C,11012
10741,14298,2026-03-02,A,6929
10742,14299,2025-07-20,A,1861
10743,14301,2025-06-18,A,9650
10744,14302,2025-09-17,A,5761
10745,14303,2025-03-31,A,2202
10746,14304,2025-04-14,C,3832
10747,14305,2025-10-20,C,7863
10748,14306,2025-06-14,C,5955
10749,14307,2025-06-19,A,3747
10750,14308,2026-02-04,C,2181
10751,14310,2025-03-26,C,8146
10752,14312,2025-08-22,A,4132
10753,14313,2025-07-14,C,4968
10754,14314,2025-11-26,B,2642
10755,14315,2025-09-27,A,2385
10756,14316,2025-05-25,A,2572
10757,14318,2025-06-04,B,5805
10758,14319,2025-07-20,A,3095
10759,14320,2025-09-20,A,8958
10760,14321,2025-12-27,A,5543
10761,14322,2025-08-06,A,2385
10762,14323,2025-10-31,A,2383
10763,14324,2025-04-05,A,3509
10764,14325,2025-06-24,A,3602
10765,14328,2025-11-13,A,3729
10766,14329,2025-04-07,A,4273
10767,14330,2025-09-05,A,2641
10768,14331,2025-06-01,A,8679
10769,14332,2025-10-05,A,2382
10770,14333,2025-07-28,A,6667
10771,14335,2025-06-06,C,11745
10772,14336,2025-05-31,B,862
10773,14337,2025-11-16,A,2616
10774,14338,2025-12-24,A,7891
10775,14339,2025-12-22,C,2405
10776,14341,2025-04-12,C,6782
10777,14342,2026-02-01,A,6836
10778,14343,2025-08-06,A,9157
10779,14344,2025-05-31,A,3538
10780,14345,2025-04-13,C,2283
10781,14346,2025-12-01,A,3118
10782,14347,2025-08-08,A,2337
10783,14348,2025-04-30,A,2356
10784,14349,2025-03-22,A,6836
10785,14354,2025-08-07,C,2385
10786,14355,2025-12-28,A,2615
10787,14357,2025-12-01,A,2404
10788,14358,2025-04-08,A,9649
10789,14359,2025-08-11,C,1787
10790,14360,2025-07-17,A,2204
10791,14361,2025-07-25,C,2552
10792,14362,2025-07-29,A,1917
10793,14363,2025-09-25,A,9949
10794,14364,2025-08-18,A,8093
10795,14366,2025-05-19,A,6911
10796,14367,2026-03-07,B,2474
10797,14368,2025-06-16,A,2382
10798,14370,2025-08-21,C,2358
10799,14371,2025-03-19,A,5164
10800,14372,2025-04-04,B,2335
10801,14373,2025-05-28,B,2383
10802,14375,2025-11-01,A,2643
10803,14377,2025-10-20,A,2665
10804,14378,2025-04-29,A,2615
10805,14379,2025-11-21,C,2616
10806,14380,2025-12-17,C,7791
10807,14381,2025-06-09,B,5443
10808,14382,2025-11-13,A,684
10809,14383,2025-07-14,A,3936
10810,14384,2026-03-05,A,682
10811,14386,2025-06-24,A,3580
10812,14387,2025-06-08,A,10134
10813,14388,2025-09-10,B,6983
10814,14391,2026-01-24,A,5850
10815,14394,2025-07-04,B,9077
10816,14395,2025-12-21,A,8195
10817,14396,2025-07-29,A,10025
10818,14397,2025-07-18,A,7766
10819,14398,2025-10-08,C,11697
10820,14399,2025-03-11,A,6716
10821,14400,2025-09-22,A,6593
10822,14403,2025-05-18,A,4038
10823,14405,2025-08-30,A,6343
10824,14406,2025-06-12,A,3603
10825,14407,2025-08-16,B,2336
10826,14408,2025-05-04,A,10279
10827,14410,2025-12-18,A,2338
10828,14411,2025-09-18,A,8340
10829,14412,2025-09-30,C,3957
10830,14413,2025-03-28,A,5125
10831,14414,2025-12-10,A,10850
10832,14415,2025-12-21,A,2431
10833,14416,2025-04-20,C,891
10834,14417,2025-03-01,A,2595
10835,14418,2025-05-20,A,3492
10836,14422,2025-09-17,A,11318
10837,14423,2025-12-03,C,2183
10838,14424,2025-06-16,A,8837
10839,14425,2026-03-22,A,10047
10840,14428,2025-06-22,B,2385
10841,14429,2026-01-18,A,1355
10842,14430,2026-03-05,A,916
10843,14432,2026-02-02,A,2311
10844,14433,2025-06-10,A,9996
10845,14434,2025-07-06,A,5281
10846,14437,2025-08-28,A,1787
10847,14440,2025-07-15,A,1814
10848,14441,2025-11-12,A,5662
10849,14442,2025-11-09,A,5515
10850,14444,2026-01-19,A,10304
10851,14445,2025-08-17,A,6127
10852,14446,2025-06-24,A,5402
10853,14448,2025-11-13,A,3633
10854,14449,2025-09-29,C,2181
10855,14450,2025-09-02,C,1661
10856,14453,2025-09-07,A,7315
10857,14455,2025-12-11,C,2642
10858,14456,2026-03-06,A,5826
10859,14457,2025-06-02,A,11820
10860,14461,2025-08-06,C,11238
10861,14462,2025-02-22,A,1307
10862,14464,2025-05-06,A,1399
10863,14465,2025-08-05,A,5851
10864,14469,2025-11-24,A,3401
10865,14470,2025-06-16,A,5035
10866,14471,2025-05-20,C,10305
10867,14472,2025-03-29,B,9948
10868,14474,2025-12-27,A,3242
10869,14475,2025-06-11,A,2523
10870,14476,2025-11-11,A,11577
10871,14478,2026-02-02,C,4821
10872,14479,2025-07-30,A,2615
10873,14480,2025-07-07,C,1787
10874,14481,2025-04-18,A,4182
10875,14482,2025-09-26,A,1524
10876,14483,2026-01-09,C,3285
10877,14484,2025-08-12,C,10280
10878,14485,2025-11-26,A,9316
10879,14486,2025-12-04,A,8680
10880,14487,2026-01-23,A,2641
10881,14489,2025-05-12,B,9650
10882,14490,2025-04-25,C,5035
10883,14491,2026-01-11,A,1942
10884,14492,2025-09-03,B,9157
10885,14493,2025-02-21,A,1985
10886,14494,2025-12-09,A,10970
10887,14495,2025-09-25,A,8934
10888,14496,2025-09-16,A,5588
10889,14499,2025-10-11,C,3883
10890,14500,2026-01-14,A,7969
10891,14501,2025-10-24,A,2337
10892,14502,2025-10-18,A,10394
10893,14503,2025-09-29,A,3360
10894,14504,2025-07-10,A,2382
10895,14506,2025-06-07,A,1307
10896,14507,2025-06-01,A,9948
10897,14508,2025-05-04,A,2203
10898,14509,2025-09-16,A,5662
10899,14510,2025-07-17,A,9032
10900,14511,2025-06-18,A,2160
10901,14514,2025-08-16,A,2384
10902,14516,2025-05-02,A,9435
10903,14517,2025-08-01,A,2258
10904,14519,2026-02-03,A,4399
10905,14520,2025-07-15,A,2522
10906,14521,2025-06-30,A,4822
10907,14523,2025-06-19,B,1441
10908,14524,2025-10-07,A,5542
10909,14525,2025-07-09,A,6298
10910,14527,2026-03-01,A,2160
10911,14528,2025-02-13,A,3632
10912,14530,2025-09-15,A,6756
10913,14531,2025-12-01,A,8411
10914,14532,2025-04-08,C,2495
10915,14534,2025-12-31,A,10971
10916,14536,2025-07-06,A,10090
10917,14539,2025-11-15,A,2595
10918,14540,2025-04-28,C,9923
10919,14542,2025-04-20,A,1162
10920,14543,2026-01-14,A,10324
10921,14544,2025-07-23,A,8585
10922,14546,2025-10-26,C,1660
10923,14548,2025-12-19,C,11039
10924,14549,2025-11-12,C,8957
10925,14550,2025-09-29,A,11839
10926,14551,2026-05-05,A,2282
10927,14552,2025-11-20,A,10895
10928,14553,2025-04-01,A,5377
10929,14555,2026-02-08,A,2081
10930,14556,2025-05-02,A,1570
10931,14557,2025-11-17,A,6782
10932,14559,2025-10-07,A,4204
10933,14560,2025-12-13,A,623
10934,14561,2025-07-16,A,2336
10935,14562,2025-09-03,A,11578
10936,14564,2025-08-08,A,1163
10937,14565,2025-04-22,A,2664
10938,14566,2025-06-28,B,5444
10939,14568,2025-09-21,A,2230
10940,14571,2025-06-20,A,2450
10941,14572,2025-08-30,A,2384
10942,14573,2025-02-04,A,11364
10943,14575,2025-10-03,A,2885
10944,14576,2026-02-03,C,9997
10945,14577,2025-07-27,A,2475
10946,14579,2025-08-30,A,2433
10947,14580,2025-09-14,A,11647
10948,14581,2025-11-20,C,1715
10949,14582,2025-08-19,A,9029
10950,14583,2025-08-15,A,4228
10951,14584,2025-11-19,A,2283
10952,14585,2026-03-10,A,10944
10953,14586,2025-06-24,A,5805
10954,14587,2025-08-29,A,11577
10955,14588,2025-09-16,A,2667
10956,14589,2026-02-13,A,10025
10957,14593,2025-12-12,A,9030
10958,14594,2025-11-21,A,9651
10959,14595,2026-01-20,A,10133
10960,14596,2025-06-15,C,2203
10961,14597,2025-08-28,A,3187
10962,14598,2025-05-10,C,11553
10963,14599,2026-02-09,A,4823
10964,14600,2026-01-18,A,2405
10965,14601,2025-09-20,C,2183
10966,14602,2025-09-12,B,8886
10967,14603,2025-12-13,A,1610
10968,14604,2026-03-19,C,4943
10969,14605,2025-06-12,A,8612
10970,14606,2025-12-18,A,2431
10971,14607,2025-08-24,C,8808
10972,14608,2025-06-21,A,3937
10973,14609,2025-11-28,C,4111
10974,14610,2026-01-06,A,2382
10975,14611,2025-08-11,A,889
10976,14612,2025-07-06,A,8934
10977,14613,2025-05-06,A,2283
10978,14615,2025-06-25,C,2553
10979,14616,2025-04-11,A,1287
10980,14621,2025-04-21,A,5543
10981,14622,2025-05-24,A,2183
10982,14624,2025-11-17,A,6127
10983,14625,2025-07-15,A,2335
10984,14626,2025-06-15,A,5541
10985,14628,2025-07-10,B,2283
10986,14629,2025-09-09,A,9899
10987,14630,2025-07-22,C,11142
10988,14631,2025-07-23,C,9690
10989,14632,2025-09-29,A,2310
10990,14633,2025-07-02,A,8414
10991,14634,2025-11-11,A,2664
10992,14635,2026-02-25,C,9779
10993,14636,2025-08-01,A,2358
10994,14637,2025-03-14,A,6642
10995,14638,2025-10-14,C,6461
10996,14641,2025-05-11,A,2665
10997,14644,2025-07-14,A,2337
10998,14645,2025-04-12,A,7843
10999,14647,2026-04-05,A,1355
11000,14648,2025-08-06,C,2450
11001,14649,2025-08-21,A,2450
11002,14650,2026-03-25,A,2258
11003,14652,2026-03-29,A,1833
11004,14654,2025-06-10,A,6982
11005,14657,2025-06-08,A,1887
11006,14659,2025-09-23,A,3812
11007,14660,2025-10-09,A,938
11008,14661,2026-04-28,C,4247
11009,14662,2026-05-16,B,9076
11010,14663,2025-05-06,A,1985
11011,14665,2025-12-07,A,11673
11012,14666,2025-04-27,A,6692
11013,14667,2025-12-29,C,2642
11014,14669,2025-06-06,A,2338
11015,14671,2025-06-21,A,6867
11016,14672,2025-07-10,C,11576
11017,14673,2026-01-24,C,6249
11018,14674,2025-08-18,A,5491
11019,14675,2026-01-26,A,6125
11020,14676,2025-10-17,B,2667
11021,14677,2025-05-09,A,10751
11022,14678,2025-06-06,C,1712
11023,14680,2025-07-04,A,1525
11024,14681,2025-08-13,A,3957
11025,14682,2025-07-13,A,11366
11026,14683,2025-05-02,C,2433
11027,14686,2025-09-21,A,10305
11028,14688,2025-10-10,A,2553
11029,14689,2026-04-03,A,1587
11030,14690,2025-05-14,A,8612
11031,14691,2025-10-06,A,2181
11032,14694,2025-03-21,A,6251
11033,14695,2025-06-05,A,429
11034,14697,2025-04-05,A,1917
11035,14698,2025-06-14,A,2404
11036,14699,2025-12-23,A,9029
11037,14700,2025-09-08,A,1788
11038,14701,2026-01-04,A,10655
11039,14703,2025-05-20,A,839
11040,14706,2025-12-25,C,11534
11041,14708,2025-07-08,A,5689
11042,14709,2025-12-01,A,2282
11043,14710,2025-01-29,A,6890
11044,14711,2025-08-01,A,9030
11045,14712,2025-04-12,C,2160
11046,14713,2025-10-05,A,6811
11047,14714,2026-03-18,A,3073
11048,14715,2025-03-18,A,3383
11049,14716,2025-05-27,C,2552
11050,14717,2025-10-31,A,889
11051,14718,2025-08-27,B,2710
11052,14719,2025-04-08,A,1816
11053,14720,2025-10-04,A,11011
11054,14721,2025-06-18,A,6980
11055,14722,2025-06-03,A,11697
11056,14723,2025-05-29,A,1833
11057,14724,2025-08-20,A,2571
11058,14726,2025-09-24,A,9365
11059,14727,2025-05-27,C,1482
11060,14728,2025-06-09,A,4871
11061,14729,2025-04-12,A,2432
11062,14730,2025-09-25,C,7668
11063,14731,2025-09-18,A,2029
11064,14733,2025-11-29,A,1378
11065,14734,2025-08-18,A,1833
11066,14736,2025-06-09,A,1610
11067,14737,2025-09-24,A,1483
11068,14738,2025-05-15,A,2667
11069,14739,2025-12-07,A,11534
11070,14742,2025-11-05,A,10751
11071,14743,2025-08-23,A,2336
11072,14745,2025-06-03,A,10396
11073,14746,2025-05-22,A,2594
11074,14747,2025-06-20,A,1569
11075,14748,2025-08-19,A,1116
11076,14749,2025-12-01,B,3095
11077,14750,2026-01-16,A,10251
11078,14751,2025-04-06,A,6930
11079,14752,2025-09-06,A,6415
11080,14753,2025-12-27,A,4375
11081,14755,2025-03-14,A,3653
11082,14756,2025-11-21,A,3330
11083,14757,2025-05-20,A,2664
11084,14758,2025-12-31,A,10970
11085,14759,2025-04-01,A,2642
11086,14760,2026-01-31,A,9671
11087,14761,2025-07-05,A,3443
11088,14762,2025-04-10,A,8736
11089,14763,2025-09-15,A,6837
11090,14764,2026-03-26,A,8246
11091,14765,2025-08-06,A,6227
11092,14766,2025-10-20,B,10026
11093,14767,2025-10-17,A,6228
11094,14770,2025-03-18,A,2496
11095,14771,2025-05-25,A,9671
11096,14772,2025-09-18,A,6297
11097,14774,2026-01-23,A,2404
11098,14775,2025-05-22,A,2382
11099,14776,2026-01-03,A,8659
11100,14779,2025-06-29,C,793
11101,14781,2025-12-15,A,10488
11102,14782,2025-07-27,A,11576
11103,14784,2025-04-18,B,7669
11104,14785,2025-06-14,C,5924
11105,14786,2025-10-28,A,3763
11106,14787,2025-09-10,A,7740
11107,14788,2026-01-17,A,3634
11108,14789,2025-08-18,B,9824
11109,14790,2025-08-11,A,6891
11110,14791,2025-11-02,A,10853
11111,14792,2026-01-26,A,9899
11112,14794,2026-01-28,A,7623
11113,14795,2025-11-13,A,9691
11114,14796,2025-04-24,A,2004
11115,14798,2025-05-20,A,5689
11116,14799,2025-10-20,B,3812
11117,14802,2025-05-27,A,6548
11118,14803,2026-02-20,A,2964
11119,14804,2025-12-22,A,1568
11120,14805,2025-07-10,A,3884
11121,14807,2025-06-24,A,6503
11122,14808,2025-09-26,A,11490
11123,14809,2025-09-09,A,1481
11124,14810,2025-06-01,C,8960
11125,14811,2025-03-10,A,6835
11126,14812,2025-04-27,A,2450
11127,14813,2026-04-15,A,9846
11128,14814,2026-01-27,A,2385
11129,14815,2025-07-30,A,3303
11130,14817,2026-01-25,A,11095
11131,14818,2025-02-24,A,6324
11132,14819,2025-07-10,A,9759
11133,14820,2025-03-31,A,7969
11134,14823,2025-03-20,B,10068
11135,14824,2025-12-26,A,579
11136,14826,2026-04-05,A,6929
11137,14827,2025-10-25,A,1660
11138,14828,2025-11-23,A,2643
11139,14829,2025-10-05,A,2552
11140,14830,2025-05-13,A,5225
11141,14831,2025-06-26,A,10068
11142,14832,2025-04-05,A,1331
11143,14833,2025-09-12,A,3466
11144,14834,2026-01-21,A,6227
11145,14835,2025-06-20,A,11533
11146,14837,2025-10-11,A,5186
11147,14840,2025-08-30,A,1163
11148,14841,2025-06-10,A,9316
11149,14843,2025-05-02,A,9007
11150,14844,2025-05-13,A,7101
11151,14846,2025-05-31,C,10920
11152,14848,2025-06-08,C,2182
11153,14849,2025-08-12,A,2385
11154,14851,2026-01-16,A,9229
11155,14852,2025-08-11,A,8957
11156,14853,2025-04-20,C,1421
11157,14854,2025-06-29,A,2665
11158,14856,2025-08-26,A,4649
11159,14857,2025-07-27,A,9102
11160,14858,2025-04-18,C,5825
11161,14859,2025-10-25,A,3328
11162,14860,2025-09-21,A,8246
11163,14861,2025-06-01,C,9825
11164,14862,2025-07-29,A,8195
11165,14863,2025-09-28,A,6835
11166,14865,2025-08-16,A,2665
11167,14867,2025-09-24,A,8935
11168,14868,2025-05-12,A,3213
11169,14869,2025-10-10,C,5016
11170,14870,2025-05-15,C,2572
11171,14872,2025-10-26,A,6691
11172,14873,2026-02-22,A,2358
11173,14876,2026-03-08,A,5015
11174,14877,2025-04-23,A,9531
11175,14878,2025-10-14,C,6716
11176,14879,2025-08-30,A,2523
11177,14880,2025-10-31,A,2336
11178,14881,2025-10-30,A,1663
11179,14882,2025-12-02,C,2666
11180,14885,2025-04-27,A,10415
11181,14886,2025-09-18,A,6890
11182,14887,2025-06-21,A,1983
11183,14888,2025-08-28,A,2615
11184,14889,2025-12-31,C,2181
11185,14891,2025-07-03,A,2335
11186,14892,2026-01-19,A,6503
11187,14893,2025-10-19,A,2643
11188,14894,2025-11-04,C,8434
11189,14895,2025-07-20,A,7366
11190,14896,2025-06-18,A,9365
11191,14899,2025-05-01,B,5252
11192,14900,2025-09-03,B,6912
11193,14901,2025-08-14,A,3705
11194,14902,2026-01-08,C,666
11195,14903,2025-12-20,A,11554
11196,14904,2025-11-07,A,2181
11197,14907,2025-06-29,A,2336
11198,14908,2025-09-20,B,9252
11199,14909,2025-09-23,A,5352
11200,14911,2025-11-22,A,8338
11201,14912,2026-01-13,A,2335
11202,14913,2025-03-12,A,1014
11203,14914,2025-07-28,A,11141
11204,14916,2026-04-27,A,2385
11205,14918,2025-05-19,C,8909
11206,14919,2025-07-30,A,2310
11207,14920,2025-06-09,A,10612
11208,14922,2025-02-26,A,4065
11209,14927,2025-09-16,B,2204
11210,14928,2025-08-31,A,8909
11211,14931,2025-10-13,A,3420
11212,14934,2025-03-04,B,8678
11213,14935,2025-10-10,A,1212
11214,14936,2025-03-11,A,4038
11215,14937,2026-02-03,A,3603
11216,14938,2026-02-15,A,1588
11217,14940,2026-02-19,A,3420
11218,14943,2025-10-05,A,6755
11219,14944,2025-04-15,A,10852
11220,14945,2025-04-27,A,2712
11221,14947,2025-09-17,B,8766
11222,14948,2026-02-20,C,7103
11223,14950,2026-02-13,A,1212
11224,14951,2025-07-23,A,2203
11225,14952,2026-02-21,C,2551
11226,14953,2025-06-03,A,6416
11227,14954,2025-03-21,A,2432
11228,14955,2025-06-19,A,524
11229,14957,2025-09-06,C,2572
11230,14959,2026-02-05,A,10203
11231,14960,2026-01-03,A,2182
11232,14961,2025-05-27,A,2204
11233,14964,2025-09-20,A,6980
11234,14965,2025-08-31,B,10090
11235,14966,2025-07-19,A,5402
11236,14967,2025-06-28,C,11838
11237,14968,2025-09-18,A,429
11238,14971,2025-11-08,A,8980
11239,14973,2025-04-19,C,5491
11240,14974,2025-06-08,B,2259
11241,14975,2025-05-24,A,8706
11242,14977,2025-12-24,A,6929
11243,14978,2025-04-10,C,5424
11244,14979,2025-08-20,A,8269
11245,14980,2025-10-29,A,2259
11246,14983,2025-05-31,A,4160
11247,14985,2026-01-26,A,11577
11248,14987,2026-01-11,C,11491
11249,14988,2025-08-27,C,9823
11250,14990,2026-01-10,C,6735
11251,14991,2025-12-02,A,5466
11252,14992,2025-02-17,A,11095
11253,14993,2026-03-18,A,5897
11254,14995,2025-08-30,A,7842
11255,14997,2025-10-18,A,4495
11256,14998,2025-12-17,B,4160
11257,14999,2025-11-22,A,2690
11258,15001,2025-05-22,C,429
11259,15005,2025-04-23,A,7519
11260,15006,2026-03-10,A,8146
11261,15007,2026-03-06,A,2432
11262,15008,2025-11-01,A,10970
11263,15009,2025-04-26,C,8862
11264,15010,2025-12-26,C,9973
11265,15011,2026-02-01,A,2664
11266,15013,2025-12-13,C,9846
11267,15014,2025-12-26,C,2258
11268,15015,2025-10-29,A,2282
11269,15016,2026-03-15,A,647
11270,15017,2025-10-25,A,2182
11271,15018,2025-06-19,A,10204
11272,15019,2025-03-19,C,4495
11273,15021,2025-02-27,A,10324
11274,15022,2025-05-27,A,3536
11275,15023,2026-01-18,A,7264
11276,15024,2026-01-16,A,2595
11277,15026,2025-10-17,A,4250
11278,15027,2025-06-18,A,4375
11279,15028,2026-02-26,B,2357
11280,15029,2025-05-21,A,4700
11281,15032,2025-11-17,A,2494
11282,15033,2025-05-22,A,2522
11283,15034,2025-08-30,A,2665
11284,15035,2025-04-18,A,9878
11285,15036,2025-12-01,A,4994
11286,15040,2025-04-20,A,3559
11287,15043,2025-06-05,A,4275
11288,15044,2025-06-27,A,10160
11289,15045,2025-02-01,A,2356
11290,15046,2025-06-11,A,2552
11291,15048,2025-07-28,A,6951
11292,15049,2025-03-25,A,7264
11293,15050,2025-12-12,A,9760
11294,15051,2026-02-04,A,10584
11295,15056,2025-06-07,A,2494
11296,15057,2025-07-17,A,2594
11297,15058,2025-08-30,C,2431
11298,15059,2025-09-30,A,7667
11299,15060,2026-02-16,A,6866
11300,15061,2025-06-11,A,5636
11301,15062,2026-01-11,A,2595
11302,15065,2025-08-02,A,2230
11303,15066,2026-01-10,A,2204
11304,15067,2025-10-01,A,8389
11305,15068,2025-02-20,A,11554
11306,15069,2025-12-17,A,11039
11307,15072,2025-05-08,A,2665
11308,15073,2025-05-01,A,4248
11309,15074,2025-04-12,A,580
11310,15075,2025-08-10,A,7316
11311,15076,2026-01-31,A,9801
11312,15077,2025-08-07,A,5400
11313,15078,2025-07-23,A,2643
11314,15080,2025-11-27,A,2311
11315,15081,2025-07-28,A,5080
11316,15082,2025-09-28,A,2180
11317,15084,2025-04-18,B,11039
11318,15086,2025-09-06,A,2450
11319,15087,2025-04-01,C,2384
11320,15088,2025-08-20,A,5981
11321,15089,2025-02-12,A,1917
11322,15090,2026-01-14,A,1861
11323,15092,2025-09-08,A,11745
11324,15093,2025-12-07,C,10415
11325,15094,2025-06-14,C,5056
11326,15098,2025-08-23,A,382
11327,15099,2025-11-17,A,4522
11328,15100,2026-02-27,A,1816
11329,15101,2026-04-09,A,2180
11330,15103,2025-08-17,A,8509
11331,15104,2025-10-18,A,3959
11332,15105,2025-05-02,A,2337
11333,15106,2025-08-21,A,1662
11334,15107,2025-11-28,A,2594
11335,15109,2025-05-31,C,9251
11336,15110,2025-09-13,A,2451
11337,15112,2025-06-09,A,4202
11338,15114,2026-01-03,A,9758
11339,15115,2025-02-23,A,2451
11340,15116,2026-02-11,A,2432
11341,15117,2025-11-14,C,2338
11342,15118,2026-01-18,A,4893
11343,15120,2025-04-14,C,3213
11344,15121,2025-08-09,A,1761
11345,15122,2025-11-17,A,3244
11346,15123,2025-04-22,A,2594
11347,15124,2025-10-28,A,2475
11348,15125,2025-10-16,A,10025
11349,15126,2025-08-21,B,409
11350,15129,2025-12-11,A,2616
11351,15130,2025-08-23,C,9278
11352,15131,2025-10-23,A,9628
11353,15132,2025-06-03,B,1887
11354,15133,2025-08-17,A,4673
11355,15135,2025-08-29,A,9691
11356,15136,2025-11-11,A,666
11357,15138,2025-11-06,A,8435
11358,15139,2025-10-17,A,1570
11359,15141,2025-12-15,A,11697
11360,15142,2025-12-14,A,8934
11361,15143,2025-09-12,A,11267
11362,15144,2025-03-20,B,8980
11363,15145,2025-09-08,A,2474
11364,15146,2025-11-22,A,3655
11365,15148,2025-05-07,A,4993
11366,15150,2025-07-22,A,2202
11367,15151,2025-09-01,A,9177
11368,15152,2025-11-11,A,8633
11369,15153,2025-07-13,C,8933
11370,15154,2026-01-05,C,9297
11371,15155,2026-03-07,A,6811
11372,15156,2025-08-25,A,4941
11373,15157,2025-09-28,A,4618
11374,15158,2025-07-07,A,11626
11375,15159,2025-07-13,A,6617
11376,15160,2025-10-10,A,2335
11377,15161,2026-01-22,A,6177
11378,15162,2025-06-20,A,9410
11379,15163,2025-06-27,A,1739
11380,15164,2025-04-04,A,9922
11381,15165,2025-05-20,C,9901
11382,15166,2025-04-19,A,8659
11383,15167,2026-03-31,C,2404
11384,15168,2025-09-10,A,3009
11385,15169,2025-10-02,A,4617
11386,15170,2025-11-13,A,9995
11387,15171,2025-09-22,A,7623
11388,15173,2025-07-11,A,9847
11389,15174,2025-09-04,A,10117
11390,15175,2026-03-09,A,2230
11391,15177,2025-11-20,A,2385
11392,15178,2025-11-08,A,2283
11393,15179,2025-05-02,A,2182
11394,15180,2025-05-10,C,1114
11395,15181,2026-01-14,B,6101
11396,15182,2026-03-13,A,665
11397,15183,2025-12-04,A,4469
11398,15184,2025-11-07,A,9690
11399,15185,2026-01-18,A,9649
11400,15186,2025-03-22,A,5401
11401,15187,2025-04-29,A,10324
11402,15188,2025-05-20,A,11142
11403,15189,2025-05-27,A,2203
11404,15191,2025-11-20,A,3510
11405,15193,2025-07-06,A,2474
11406,15194,2025-07-27,A,3510
11407,15195,2025-10-28,C,1039
11408,15196,2025-10-04,A,1460
11409,15199,2025-07-17,A,7366
11410,15200,2025-12-11,A,7289
11411,15201,2026-03-26,A,11576
11412,15202,2026-04-26,C,2205
11413,15203,2026-04-13,A,9076
11414,15204,2025-09-11,A,556
11415,15205,2025-08-26,A,6078
11416,15206,2025-08-11,A,6128
11417,15207,2026-03-25,A,2284
11418,15209,2025-06-24,A,9692
11419,15210,2025-10-16,A,5736
11420,15211,2025-12-03,A,6952
11421,15212,2025-10-04,B,9692
11422,15213,2025-11-12,A,8246
11423,15214,2025-04-13,C,2202
11424,15215,2025-07-10,A,2310
11425,15217,2025-05-20,A,2202
11426,15218,2025-05-30,A,2643
11427,15219,2025-08-20,C,4302
11428,15221,2025-11-22,A,2382
11429,15222,2025-11-30,B,6809
11430,15223,2025-11-11,C,8436
11431,15224,2025-12-04,C,9878
11432,15225,2025-11-03,C,4273
11433,15226,2025-08-23,C,2258
11434,15227,2025-08-17,A,2909
11435,15228,2025-11-15,A,5466
11436,15230,2026-03-01,A,2357
11437,15231,2025-10-04,C,8790
11438,15232,2025-11-20,A,11236
11439,15234,2026-02-12,A,2857
11440,15235,2025-03-29,A,9651
11441,15236,2025-05-09,A,8411
11442,15239,2025-04-14,A,767
11443,15240,2025-06-05,A,9076
11444,15241,2025-08-19,A,2384
11445,15244,2025-11-25,A,3360
11446,15245,2025-11-28,A,1762
11447,15247,2025-09-04,A,10118
11448,15248,2025-09-18,C,2230
11449,15251,2025-10-13,C,10354
11450,15252,2025-06-24,A,8389
11451,15253,2025-10-16,C,2615
11452,15254,2025-07-24,A,5516
11453,15256,2025-07-31,A,11770
11454,15264,2025-11-01,A,2336
11455,15265,2025-10-18,A,8119
11456,15267,2025-09-19,A,11268
11457,15269,2026-02-10,C,9056
11458,15270,2026-02-11,A,8092
11459,15271,2026-02-15,A,1961
11460,15272,2025-09-12,A,5122
11461,15273,2025-08-25,A,382
11462,15275,2025-06-05,C,3762
11463,15276,2025-04-29,A,840
11464,15279,2025-06-04,A,2667
11465,15281,2025-10-02,C,9057
11466,15282,2025-05-18,C,2595
11467,15283,2025-07-15,C,1739
11468,15285,2025-11-05,A,6125
11469,15286,2025-12-11,A,2984
11470,15288,2025-12-05,C,10457
11471,15291,2025-03-07,A,578
11472,15292,2025-03-18,A,431
11473,15293,2025-11-08,A,6176
11474,15294,2025-10-16,B,6835
11475,15295,2025-10-23,A,2405
11476,15296,2026-02-16,A,5352
11477,15297,2025-04-13,A,6297
11478,15298,2025-12-31,A,578
11479,15299,2025-08-06,A,1356
11480,15300,2025-08-17,A,8586
11481,15301,2025-10-06,C,3441
11482,15302,2025-10-16,C,10944
11483,15303,2025-07-23,A,11267
11484,15304,2025-11-27,C,7720
11485,15305,2025-09-05,A,2616
11486,15308,2026-01-08,A,2183
11487,15309,2025-09-19,A,9899
11488,15310,2025-07-11,C,4112
11489,15311,2025-05-28,A,3116
11490,15312,2026-01-03,A,2310
11491,15313,2025-12-16,A,2475
11492,15314,2026-04-13,A,9924
11493,15315,2025-06-13,A,2431
11494,15317,2025-06-11,A,7435
11495,15319,2025-08-09,A,11366
11496,15320,2025-11-10,A,4227
11497,15321,2026-01-28,A,4699
11498,15324,2025-11-12,A,2181
11499,15325,2025-12-27,A,4250
11500,15327,2025-07-12,B,6547
11501,15328,2025-04-21,A,6055
11502,15329,2025-11-22,A,6413
11503,15330,2025-11-28,A,2284
11504,15331,2025-08-22,C,3537
11505,15332,2025-03-08,A,4182
11506,15333,2025-10-09,A,8862
11507,15334,2025-07-22,A,7288
11508,15335,2026-01-13,A,4593
11509,15336,2025-06-02,A,5226
11510,15337,2025-07-06,A,9973
11511,15338,2025-09-30,A,2473
11512,15339,2025-05-26,A,2160
11513,15341,2025-08-16,A,3264
11514,15342,2025-05-29,B,2258
11515,15343,2025-09-26,A,8511
11516,15345,2026-03-09,A,10203
11517,15346,2025-12-11,A,5638
11518,15347,2026-02-04,A,10303
11519,15348,2025-06-29,A,6890
11520,15349,2025-03-15,A,2495
11521,15351,2025-11-03,B,10749
11522,15354,2025-11-12,C,3330
11523,15355,2025-10-08,A,2432
11524,15357,2025-10-06,A,2180
11525,15358,2025-08-01,A,8705
11526,15359,2025-04-08,A,2383
11527,15360,2025-06-23,A,3705
11528,15361,2025-07-19,A,2284
11529,15362,2025-12-02,A,6930
11530,15364,2025-10-23,A,8789
11531,15365,2025-05-31,A,8658
11532,15366,2026-01-12,B,2282
11533,15367,2025-08-04,A,11470
11534,15368,2025-07-18,A,2181
11535,15369,2025-06-07,A,4618
11536,15370,2025-02-08,A,8320
11537,15371,2025-08-01,A,3559
11538,15374,2025-09-13,C,4249
11539,15375,2025-12-16,A,9781
11540,15376,2025-12-14,A,6756
11541,15378,2025-08-12,C,8680
11542,15379,2025-10-30,A,4373
11543,15381,2026-02-01,B,2202
11544,15382,2025-09-05,A,8885
11545,15384,2025-06-03,A,2310
11546,15385,2025-06-21,A,8981
11547,15386,2025-07-25,A,4799
11548,15387,2025-02-09,A,4594
11549,15388,2025-07-07,A,4722
11550,15389,2025-07-15,A,683
11551,15390,2025-09-20,C,2183
11552,15391,2025-08-27,A,9177
11553,15392,2025-06-28,A,4375
11554,15393,2025-04-14,A,8173
11555,15394,2025-11-10,C,3303
11556,15396,2025-06-11,A,11187
11557,15397,2025-07-15,A,2230
11558,15398,2025-04-08,B,9735
11559,15399,2025-11-10,A,6809
11560,15400,2025-11-13,C,2182
11561,15402,2026-03-27,A,10225
11562,15403,2025-05-27,C,5719
11563,15404,2026-02-10,A,2383
11564,15405,2025-05-19,A,10656
11565,15406,2025-05-24,A,6930
11566,15407,2025-10-25,C,9690
11567,15408,2025-04-12,A,11940
11568,15410,2025-03-07,A,1504
11569,15411,2025-07-23,A,2358
11570,15413,2026-03-03,A,9252
11571,15415,2025-08-21,A,5443
11572,15417,2025-09-19,C,2451
11573,15419,2025-10-02,A,2431
11574,15421,2025-04-15,A,8633
11575,15422,2025-06-22,A,10375
11576,15423,2025-08-09,C,10611
11577,15425,2025-10-08,A,1663
11578,15426,2025-07-20,A,2641
11579,15428,2025-05-01,A,647
11580,15429,2026-03-27,A,2496
11581,15430,2025-11-20,A,7287
11582,15431,2026-01-28,A,10204
11583,15432,2025-11-08,A,2523
11584,15433,2025-06-02,A,10561
11585,15434,2025-08-20,A,9877
11586,15435,2025-10-07,A,4227
11587,15436,2025-06-16,A,9298
11588,15437,2025-09-22,A,2383
11589,15439,2025-06-22,A,10202
11590,15440,2025-07-07,A,7668
11591,15441,2025-08-10,A,10025
11592,15442,2025-08-19,A,11555
11593,15443,2026-04-05,A,2283
11594,15444,2025-03-29,A,4968
11595,15445,2025-06-18,C,9485
11596,15446,2025-08-19,A,11553
11597,15448,2025-10-18,A,5587
11598,15452,2025-10-10,A,9847
11599,15453,2025-03-18,A,2431
11600,15454,2025-10-02,A,10395
11601,15455,2025-05-02,A,10118
11602,15457,2025-09-18,A,3329
11603,15459,2025-07-22,A,3493
11604,15460,2025-05-07,A,8094
11605,15461,2025-07-03,A,2642
11606,15462,2025-09-06,B,9202
11607,15464,2025-12-12,A,4373
11608,15466,2025-06-26,A,10354
11609,15467,2025-05-24,C,8610
11610,15468,2025-07-28,A,2383
11611,15469,2026-01-19,A,3654
11612,15471,2025-02-21,A,2432
11613,15472,2025-05-19,A,9628
11614,15473,2025-12-30,A,1917
11615,15474,2025-07-16,A,8836
11616,15475,2025-11-24,A,11187
11617,15476,2025-11-18,A,11095
11618,15477,2025-07-29,A,2643
11619,15478,2025-12-18,A,2230
11620,15481,2025-06-25,A,2356
11621,15482,2026-01-07,A,11490
11622,15483,2025-05-25,A,7621
11623,15484,2025-09-18,C,9056
11624,15485,2025-04-30,C,10719
11625,15486,2025-08-16,C,5610
11626,15487,2025-07-12,A,4276
11627,15489,2026-01-13,A,2203
11628,15491,2025-06-09,A,8789
11629,15492,2025-11-09,C,1942
11630,15495,2025-10-25,A,1288
11631,15496,2026-01-08,A,3381
11632,15498,2025-12-13,A,2284
11633,15499,2025-08-23,A,4204
11634,15500,2026-01-08,A,2473
11635,15503,2025-08-24,C,2258
11636,15504,2026-01-21,A,8483
11637,15505,2025-05-10,A,665
11638,15506,2026-03-25,A,5080
11639,15507,2025-12-02,A,3959
11640,15508,2025-10-02,C,6836
11641,15510,2025-11-29,A,2572
11642,15511,2025-10-06,A,1211
11643,15512,2026-01-26,A,11553
11644,15513,2025-09-02,A,9692
11645,15516,2026-02-01,C,9973
11646,15518,2025-05-16,A,2571
11647,15519,2025-04-17,A,2432
11648,15520,2026-02-21,A,10027
11649,15521,2025-09-06,A,2283
11650,15522,2025-06-21,A,2594
11651,15523,2025-07-07,A,4823
11652,15524,2026-01-31,C,1331
11653,15526,2025-06-08,A,11698
11654,15527,2025-03-15,C,10752
11655,15528,2026-02-21,B,10852
11656,15529,2025-05-19,A,7643
11657,15530,2025-07-04,A,10771
11658,15533,2025-08-03,A,1691
11659,15534,2025-07-28,A,1161
11660,15535,2026-04-30,A,1834
11661,15536,2025-06-15,A,9709
11662,15537,2026-03-03,C,9923
11663,15538,2025-09-29,B,966
11664,15539,2025-12-28,A,11512
11665,15540,2025-10-30,A,2553
11666,15542,2025-06-22,C,2336
11667,15543,2026-03-25,C,6911
11668,15544,2025-06-17,A,3328
11669,15545,2025-05-08,A,11342
11670,15546,2026-03-15,A,6594
11671,15547,2025-11-05,A,9202
11672,15548,2025-12-15,A,916
11673,15549,2025-04-08,A,2643
11674,15550,2025-11-04,A,6953
11675,15552,2025-09-09,A,4872
11676,15554,2025-06-07,A,647
11677,15556,2026-05-14,A,1570
11678,15557,2025-06-06,A,4400
11679,15558,2025-03-27,A,7546
11680,15559,2026-04-25,A,2553
11681,15560,2025-03-23,A,2205
11682,15561,2025-07-06,A,6177
11683,15562,2025-03-20,A,2336
11684,15563,2025-03-24,A,10987
11685,15564,2025-10-13,A,9409
11686,15566,2025-11-09,A,8862
11687,15568,2025-09-29,A,2385
11688,15571,2025-11-12,A,10635
11689,15572,2025-08-15,A,4202
11690,15573,2025-06-25,A,10202
11691,15574,2025-05-16,A,5489
11692,15575,2026-02-20,A,9671
11693,15576,2025-08-11,A,2385
11694,15578,2025-07-19,A,1211
11695,15580,2025-09-09,A,5225
11696,15581,2025-12-20,A,2572
11697,15582,2025-08-15,C,10772
11698,15583,2025-07-25,A,6913
11699,15585,2025-06-25,A,8737
11700,15587,2025-07-18,A,10116
11701,15588,2025-07-07,A,4919
11702,15590,2025-08-22,C,11268
11703,15591,2025-11-25,A,9737
11704,15593,2025-08-20,A,11511
11705,15594,2025-06-21,A,2159
11706,15595,2026-02-12,A,9577
11707,15596,2025-05-14,A,2553
11708,15597,2025-09-30,C,7054
11709,15598,2025-05-11,A,1663
11710,15599,2025-07-14,A,7790
11711,15600,2025-06-21,A,10323
11712,15601,2026-03-23,A,1787
11713,15602,2025-12-14,A,2710
11714,15603,2026-05-01,A,10512
11715,15604,2026-03-26,A,3419
11716,15605,2026-02-26,B,10945
11717,15606,2025-07-02,C,525
11718,15607,2025-11-15,A,2476
11719,15608,2025-08-04,A,5564
11720,15609,2025-08-13,A,2642
11721,15610,2025-06-09,A,10792
11722,15611,2025-12-08,A,2812
11723,15614,2026-02-19,A,6384
11724,15615,2025-04-07,A,2552
11725,15617,2025-04-21,A,2594
11726,15619,2025-08-26,A,5763
11727,15620,2025-07-23,B,6383
11728,15622,2025-11-19,A,4249
11729,15623,2025-12-05,A,9130
11730,15625,2025-06-10,A,10488
11731,15626,2025-10-10,A,2356
11732,15628,2026-01-08,A,2181
11733,15629,2025-05-12,A,2337
11734,15630,2025-06-08,A,2813
11735,15632,2025-05-29,A,2405
11736,15633,2025-07-09,A,2180
11737,15634,2025-04-11,A,11364
11738,15635,2025-07-11,C,6912
11739,15636,2025-11-11,C,503
11740,15638,2025-06-21,A,1482
11741,15639,2025-05-07,A,9737
11742,15640,2025-07-02,A,11119
11743,15642,2025-07-30,B,10303
11744,15644,2025-07-18,C,916
11745,15645,2025-10-30,B,6099
11746,15646,2025-08-06,A,2203
11747,15647,2026-03-16,A,4471
11748,15649,2025-11-12,A,4471
11749,15650,2025-05-25,A,2231
11750,15651,2025-08-23,A,7521
11751,15652,2025-05-05,A,11207
11752,15653,2025-10-12,A,968
11753,15655,2026-03-08,A,7264
11754,15657,2025-10-28,A,3914
11755,15658,2025-02-11,C,11094
11756,15659,2025-06-01,B,8291
11757,15661,2025-08-25,A,479
11758,15662,2026-03-19,A,2230
11759,15664,2025-10-17,C,2496
11760,15665,2025-03-01,B,10487
11761,15666,2025-06-13,A,1234
11762,15667,2026-01-20,A,2231
11763,15668,2025-07-26,A,6249
11764,15669,2026-02-22,C,4777
11765,15672,2025-12-08,C,7818
11766,15673,2025-11-03,C,4450
11767,15675,2025-07-15,A,2282
11768,15676,2025-11-10,A,4822
11769,15677,2025-07-17,A,2259
11770,15678,2026-03-29,A,2474
11771,15679,2025-07-07,A,2203
11772,15680,2025-09-07,A,6099
11773,15681,2025-02-23,C,9317
11774,15684,2025-07-10,A,2572
11775,15685,2025-07-13,A,5164
11776,15686,2025-08-18,A,2384
11777,15687,2025-08-18,A,2522
11778,15688,2025-08-06,A,5491
11779,15689,2026-03-06,A,10069
11780,15691,2025-12-22,C,8509
11781,15693,2026-01-27,A,8247
11782,15694,2025-07-14,C,4227
11783,15695,2025-02-09,A,6642
11784,15696,2025-07-21,A,1162
11785,15697,2025-08-26,A,8934
11786,15699,2025-07-05,A,2258
11787,15700,2025-12-27,A,2310
11788,15701,2025-12-12,A,2616
11789,15703,2025-10-27,A,10090
11790,15704,2025-09-17,A,5376
11791,15706,2026-02-28,B,645
11792,15707,2025-08-05,A,3493
11793,15708,2025-12-03,A,8389
11794,15710,2025-10-09,A,10352
11795,15711,2025-04-09,A,11941
11796,15712,2025-10-12,A,2081
11797,15713,2025-04-18,A,9250
11798,15714,2025-07-27,A,11605
11799,15716,2025-04-14,A,2432
11800,15719,2025-06-07,A,8678
11801,15721,2025-05-01,C,1815
11802,15723,2025-02-27,A,11938
11803,15724,2025-10-22,A,10089
11804,15725,2025-11-03,A,5586
11805,15726,2025-12-18,A,1114
11806,15727,2025-12-01,C,11121
11807,15728,2025-08-18,A,9782
11808,15729,2025-06-05,A,10562
11809,15731,2025-10-03,A,2384
11810,15732,2025-06-20,A,8340
11811,15734,2025-06-05,A,2182
11812,15735,2025-10-27,A,3884
11813,15737,2025-04-29,A,1180
11814,15738,2025-09-27,A,11366
11815,15739,2025-02-25,B,1505
11816,15740,2025-09-12,C,9825
11817,15742,2026-02-02,A,3537
11818,15743,2025-11-01,A,1355
11819,15744,2026-02-08,A,4275
11820,15746,2025-01-31,A,6413
11821,15747,2025-03-06,C,2494
11822,15748,2025-11-13,A,2160
11823,15749,2025-05-03,A,2496
11824,15751,2025-07-25,A,1633
11825,15754,2025-11-28,A,10134
11826,15755,2025-05-24,A,2336
11827,15756,2025-06-07,A,10250
11828,15757,2025-05-02,B,9389
11829,15759,2026-02-08,B,3070
11830,15761,2025-06-17,A,9669
11831,15762,2025-10-26,A,6480
11832,15763,2025-08-25,A,11511
11833,15764,2025-04-10,A,7237
11834,15765,2025-10-19,A,2358
11835,15766,2025-07-04,A,11554
11836,15767,2026-02-11,A,6890
11837,15768,2025-04-07,A,8269
11838,15769,2025-07-19,A,9759
11839,15770,2025-04-22,A,2283
11840,15771,2025-06-19,A,5377
11841,15772,2026-01-06,A,11208
11842,15774,2025-05-31,A,5805
11843,15775,2026-01-24,A,479
11844,15776,2026-03-24,C,10323
11845,15781,2025-04-24,A,5488
11846,15782,2025-04-17,A,7891
11847,15783,2025-04-06,A,9296
11848,15784,2025-11-01,C,3419
11849,15785,2025-05-10,B,2450
11850,15786,2025-03-29,A,9601
11851,15787,2026-01-04,C,3653
11852,15788,2025-05-12,A,4450
11853,15790,2026-03-12,C,1441
11854,15791,2025-09-27,A,7623
11855,15792,2025-06-13,C,5543
11856,15793,2025-06-26,C,8958
11857,15797,2025-06-02,A,7288
11858,15798,2025-03-06,B,966
11859,15800,2026-03-24,A,9252
11860,15801,2025-11-24,A,6691
11861,15802,2025-09-09,A,2495
11862,15803,2025-03-25,A,6077
11863,15804,2025-06-08,A,6340
11864,15805,2026-03-24,A,2616
11865,15806,2026-01-23,A,1379
11866,15807,2025-09-30,A,1740
11867,15808,2025-09-08,A,6691
11868,15812,2026-04-13,C,7843
11869,15813,2025-11-01,A,9901
11870,15814,2025-08-26,A,9155
11871,15815,2025-09-13,C,6690
11872,15816,2025-10-18,A,7027
11873,15818,2025-07-10,C,383
11874,15819,2025-05-03,A,10459
11875,15820,2025-02-09,C,8388
11876,15821,2025-11-06,A,11237
11877,15823,2025-12-27,A,8885
11878,15824,2025-07-04,A,11626
11879,15825,2025-09-11,A,10512
11880,15827,2026-01-19,A,1040
11881,15828,2025-08-15,C,9801
11882,15829,2025-08-09,C,2080
11883,15830,2025-05-24,A,5122
11884,15831,2025-05-30,A,5588
11885,15834,2026-01-11,A,2159
11886,15836,2025-09-27,A,7167
11887,15837,2025-09-29,A,6811
11888,15838,2025-07-03,A,9846
11889,15839,2025-05-10,A,7917
11890,15840,2025-06-30,A,811
11891,15842,2025-06-05,A,2642
11892,15844,2026-02-09,A,4247
11893,15845,2025-05-13,A,7492
11894,15846,2025-06-04,A,4276
11895,15847,2025-09-11,C,4329
11896,15851,2025-07-30,A,11404
11897,15853,2025-09-01,C,5762
11898,15856,2025-04-14,A,2385
11899,15857,2025-03-01,A,2474
11900,15858,2025-03-04,A,5374
11901,15860,2025-06-20,A,1816
11902,15861,2025-07-29,A,2181
11903,15862,2025-05-12,A,5982
11904,15863,2025-09-17,A,891
11905,15865,2026-03-19,C,555
11906,15866,2025-02-15,C,3509
11907,15867,2025-12-26,C,11800
11908,15868,2025-03-29,A,11291
11909,15869,2025-06-27,A,2475
11910,15871,2025-08-13,A,8455
11911,15873,2025-12-02,A,4010
11912,15875,2026-03-06,A,8935
11913,15877,2025-11-15,C,9975
11914,15880,2025-07-09,A,11188
11915,15882,2025-03-17,C,2310
11916,15883,2025-09-13,A,2159
11917,15885,2025-04-24,B,2790
11918,15886,2025-12-09,C,10459
11919,15888,2025-09-12,A,6836
11920,15890,2025-06-29,A,5328
11921,15893,2026-01-17,A,431
11922,15894,2025-12-17,A,2642
11923,15895,2025-05-07,A,5187
11924,15896,2025-06-28,A,8807
11925,15898,2025-12-03,A,3420
11926,15899,2026-03-27,A,2312
11927,15900,2026-01-04,C,2813
11928,15902,2025-07-04,A,10772
11929,15904,2025-08-03,A,6911
11930,15906,2025-06-13,A,3186
11931,15907,2025-08-09,A,4353
11932,15908,2025-08-20,A,10584
11933,15909,2025-07-31,A,382
11934,15910,2026-04-15,A,6480
11935,15911,2025-09-25,B,2312
11936,15912,2025-08-08,A,2284
11937,15913,2025-05-20,A,503
11938,15914,2025-11-15,A,2522
11939,15915,2025-03-13,A,5587
11940,15917,2025-09-10,A,2005
11941,15918,2025-06-18,A,3073
11942,15920,2025-04-14,B,2615
11943,15921,2025-08-16,B,3676
11944,15923,2025-08-18,A,2385
11945,15924,2025-04-28,C,2180
11946,15925,2025-12-14,A,4275
11947,15926,2026-01-19,A,6077
11948,15927,2025-09-20,A,2406
11949,15928,2025-05-11,B,2432
11950,15929,2026-02-15,C,6641
11951,15930,2025-07-23,C,2431
11952,15931,2025-12-22,A,9803
11953,15932,2025-10-09,A,2432
11954,15933,2025-04-14,A,9157
11955,15934,2025-04-29,A,9578
11956,15935,2025-12-15,A,2615
11957,15936,2025-08-02,C,8197
11958,15938,2025-07-25,C,2284
11959,15939,2025-12-25,A,5692
11960,15942,2025-04-21,A,2432
11961,15943,2025-12-12,C,8910
11962,15944,2025-09-25,A,5444
11963,15945,2025-05-16,A,1740
11964,15948,2025-08-28,A,11319
11965,15951,2025-11-27,A,10354
11966,15952,2025-11-02,A,8680
11967,15953,2025-10-24,A,7865
11968,15954,2025-06-27,A,9410
11969,15955,2025-07-20,A,5423
11970,15956,2025-06-21,A,9031
11971,15957,2025-06-11,A,8788
11972,15958,2025-06-13,A,2813
11973,15959,2025-11-12,A,3511
11974,15960,2026-03-05,A,6382
11975,15961,2026-01-01,B,453
11976,15962,2025-09-05,A,10750
11977,15963,2026-02-22,A,8509
11978,15964,2026-02-15,A,7602
11979,15965,2025-10-08,A,1834
11980,15969,2025-12-15,A,1887
11981,15970,2026-02-13,A,2311
11982,15971,2025-04-22,A,3442
11983,15972,2026-01-20,A,3633
11984,15973,2025-03-01,A,9949
11985,15974,2025-08-27,A,8659
11986,15975,2025-07-17,A,1815
11987,15976,2025-11-21,A,8222
11988,15978,2025-09-23,A,4450
11989,15979,2025-09-27,A,9950
11990,15980,2025-04-19,A,1634
11991,15982,2025-09-27,A,7165
11992,15984,2025-09-16,A,2385
11993,15986,2026-02-14,A,9628
11994,15988,2025-08-22,A,2765
11995,15990,2025-05-26,A,10068
11996,15991,2025-05-25,A,455
11997,15992,2025-11-09,B,8863
11998,15993,2025-08-08,A,2595
11999,15994,2025-07-05,B,8291
12000,15995,2026-02-02,C,2203
12001,15996,2025-05-07,A,3559
12002,15997,2025-12-13,B,2643
12003,15998,2025-07-16,C,1663
12004,15999,2025-09-22,A,2595
12005,16002,2026-04-04,C,2357
12006,16003,2025-05-12,A,3936
12007,16004,2025-05-24,C,1570
12008,16005,2026-02-03,A,9671
12009,16006,2025-05-18,A,4943
12010,16008,2026-03-25,A,989
12011,16009,2026-05-04,A,2106
12012,16010,2025-09-24,A,2665
12013,16011,2026-02-15,C,409
12014,16012,2025-10-24,A,10674
12015,16013,2025-11-14,A,9902
12016,16014,2025-07-02,A,10251
12017,16015,2026-01-05,A,7545
12018,16016,2025-10-01,C,8292
12019,16017,2025-12-09,A,2107
12020,16018,2025-04-06,C,10305
12021,16019,2025-06-02,A,1089
12022,16021,2025-09-02,A,453
12023,16022,2025-07-08,A,3937
12024,16023,2025-09-19,A,7864
12025,16024,2025-08-11,A,811
12026,16025,2025-11-26,A,4801
12027,16026,2025-05-27,A,11554
12028,16028,2025-05-08,B,2595
12029,16029,2025-10-28,A,2473
12030,16030,2026-02-23,A,9232
12031,16031,2025-04-03,A,2205
12032,16032,2026-01-02,A,3328
12033,16033,2025-06-27,A,7316
12034,16034,2025-04-25,A,5306
12035,16035,2025-09-19,A,6911
12036,16036,2025-12-13,A,10133
12037,16037,2025-06-11,A,2522
12038,16038,2025-02-14,C,2523
12039,16039,2025-10-22,A,6641
12040,16040,2025-10-28,A,2181
12041,16041,2025-05-17,C,2059
12042,16042,2025-07-22,A,3831
12043,16043,2026-02-21,B,1139
12044,16044,2025-03-14,A,2382
12045,16046,2026-02-23,A,2080
12046,16047,2025-12-10,A,9923
12047,16048,2025-09-26,B,2666
12048,16049,2025-03-10,A,2689
12049,16050,2025-03-31,A,2382
12050,16051,2025-07-14,A,11513
12051,16052,2025-09-08,C,2406
12052,16053,2025-04-09,A,11238
12053,16054,2025-09-12,A,8680
12054,16055,2025-08-06,C,4039
12055,16056,2025-11-30,A,7622
12056,16058,2025-10-11,A,9950
12057,16059,2025-03-18,A,5080
12058,16060,2026-03-10,A,3632
12059,16061,2025-05-08,A,7863
12060,16064,2026-01-15,A,2382
12061,16065,2026-02-27,C,4247
12062,16066,2025-08-02,A,7491
12063,16069,2025-12-12,A,11840
12064,16070,2025-10-01,A,11365
12065,16071,2026-02-19,C,3883
12066,16072,2025-06-21,A,5351
12067,16073,2025-06-15,A,9973
12068,16074,2025-06-08,C,2059
12069,16075,2025-09-06,A,11554
12070,16077,2025-05-27,C,2522
12071,16078,2025-11-27,A,8679
12072,16079,2025-08-13,A,6913
12073,16080,2025-08-16,A,9076
12074,16081,2025-11-15,C,2134
12075,16082,2025-12-23,A,1660
12076,16083,2026-04-08,A,8767
12077,16084,2025-10-25,A,11511
12078,16085,2025-09-23,A,1662
12079,16086,2025-04-18,A,2641
12080,16087,2025-11-22,A,7738
12081,16089,2025-05-23,A,4304
12082,16090,2025-03-04,A,5585
12083,16091,2025-05-26,A,1212
12084,16092,2025-06-08,A,8958
12085,16093,2025-08-07,A,6866
12086,16094,2025-08-17,B,8368
12087,16095,2025-07-08,A,9032
12088,16097,2025-03-28,C,6641
12089,16098,2025-07-28,A,10751
12090,16099,2025-12-30,A,2259
12091,16101,2025-09-10,A,11166
12092,16102,2025-10-21,A,8455
12093,16103,2025-03-05,A,2404
12094,16105,2025-05-11,A,2183
12095,16107,2025-06-17,A,1983
12096,16108,2025-12-31,B,10943
12097,16109,2025-05-27,A,5209
12098,16110,2025-09-08,A,1331
12099,16111,2026-02-16,A,10585
12100,16112,2025-05-03,C,1887
12101,16113,2025-07-31,A,2594
12102,16114,2025-12-02,A,2553
12103,16115,2026-03-16,C,2203
12104,16116,2025-07-19,A,2204
12105,16117,2025-08-26,A,2383
12106,16118,2025-05-14,A,8220
12107,16119,2025-06-16,A,2495
12108,16120,2025-07-23,A,9846
12109,16121,2025-05-06,C,2358
12110,16122,2026-01-13,B,6836
12111,16123,2025-12-23,C,3809
12112,16124,2025-07-18,A,2204
12113,16125,2025-06-04,A,2594
12114,16126,2025-08-08,B,5328
12115,16127,2025-03-09,A,3831
12116,16129,2025-04-24,A,838
12117,16130,2026-04-06,A,3810
12118,16131,2025-05-15,A,8246
12119,16132,2025-09-16,A,9735
12120,16133,2025-05-16,C,10325
12121,16135,2025-06-17,C,10971
12122,16136,2025-09-12,C,10945
12123,16137,2026-02-11,A,4722
12124,16139,2026-01-11,A,1712
12125,16141,2025-08-30,A,5981
12126,16142,2025-11-29,A,8837
12127,16143,2025-03-29,A,967
12128,16144,2026-02-18,B,1162
12129,16145,2025-09-03,A,10674
12130,16146,2025-09-13,A,6982
12131,16149,2025-06-21,A,6755
12132,16150,2025-06-09,A,2203
12133,16151,2025-06-15,A,6692
12134,16152,2025-04-19,C,6229
12135,16154,2025-12-30,A,5104
12136,16155,2025-03-27,A,3762
12137,16156,2025-11-11,C,9671
12138,16157,2025-07-03,A,2107
12139,16158,2025-10-28,A,7410
12140,16159,2025-09-25,A,8936
12141,16160,2025-11-12,C,9202
12142,16162,2025-12-21,C,8456
12143,16164,2025-06-19,C,2494
12144,16166,2025-09-03,A,1088
12145,16167,2025-07-06,A,712
12146,16169,2025-09-04,C,8455
12147,16170,2025-04-11,A,2571
12148,16171,2025-04-06,A,1761
12149,16172,2025-10-25,A,2382
12150,16173,2026-02-07,A,6717
12151,16174,2025-08-11,A,2406
12152,16175,2025-12-24,A,4424
12153,16176,2026-02-13,A,3912
12154,16177,2025-10-09,C,9737
12155,16178,2025-11-07,A,4275
12156,16179,2025-06-30,A,666
12157,16180,2025-07-07,C,10586
12158,16181,2025-12-08,A,5636
12159,16182,2026-01-22,A,8413
12160,16184,2025-06-05,A,8558
12161,16185,2025-03-11,A,11840
12162,16186,2025-04-14,A,2202
12163,16187,2025-02-27,A,2522
12164,16189,2025-05-09,A,2284
12165,16191,2026-04-02,A,4203
12166,16193,2025-03-29,A,9651
12167,16194,2025-07-02,A,5608
12168,16196,2025-08-19,A,2473
12169,16198,2025-09-03,C,5329
12170,16199,2025-12-28,A,2406
12171,16200,2025-07-26,A,9232
12172,16202,2025-07-10,A,1180
12173,16203,2025-06-02,A,5739
12174,16204,2025-02-17,B,3166
12175,16206,2025-05-21,A,4542
12176,16208,2025-05-18,A,10025
12177,16209,2025-12-13,A,1610
12178,16211,2025-08-06,A,6865
12179,16213,2025-12-20,A,2337
12180,16214,2025-10-01,C,2476
12181,16215,2025-07-10,A,6099
12182,16216,2026-05-03,A,5225
12183,16217,2025-10-02,A,5402
12184,16221,2025-06-02,A,8836
12185,16222,2025-03-24,A,8911
12186,16224,2025-09-30,A,4304
12187,16225,2025-05-05,A,6230
12188,16226,2025-12-05,A,2553
12189,16227,2025-12-16,C,5720
12190,16228,2025-07-13,A,7668
12191,16229,2025-07-20,A,8558
12192,16230,2025-02-11,A,1816
12193,16231,2025-07-26,A,9337
12194,16232,2025-06-09,A,1234
12195,16233,2025-08-17,A,2643
12196,16234,2025-04-16,A,1398
12197,16235,2025-02-16,C,9802
12198,16237,2025-03-26,A,2643
12199,16238,2025-07-11,A,7007
12200,16239,2025-11-23,A,2666
12201,16240,2025-05-29,A,2335
12202,16241,2026-02-06,C,6341
12203,16242,2025-05-30,B,5187
12204,16243,2025-05-16,C,8790
12205,16244,2026-02-09,A,2203
12206,16248,2025-06-30,A,2385
12207,16249,2025-11-16,B,1786
12208,16250,2026-01-21,B,8534
12209,16251,2025-12-04,B,7264
12210,16253,2026-02-16,A,11269
12211,16254,2025-08-10,A,10159
12212,16255,2025-06-15,C,2405
12213,16256,2025-10-29,A,9847
12214,16257,2026-01-10,A,2230
12215,16258,2025-10-11,A,478
12216,16260,2025-08-25,A,2615
12217,16261,2026-03-05,A,503
12218,16262,2025-02-22,A,3509
12219,16263,2025-10-18,C,4373
12220,16265,2025-07-19,C,6100
12221,16266,2025-07-04,A,9101
12222,16268,2025-12-08,A,4354
12223,16269,2025-12-11,A,2284
12224,16270,2025-05-23,A,8171
12225,16271,2025-03-05,A,3535
12226,16273,2025-03-23,A,2451
12227,16274,2025-06-03,A,2551
12228,16276,2025-04-06,A,10374
12229,16277,2026-01-05,A,2473
12230,16278,2025-10-04,A,2476
12231,16279,2026-01-01,A,5081
12232,16280,2026-04-14,A,2765
12233,16281,2025-06-17,B,2474
12234,16282,2025-07-05,A,3957
12235,16283,2025-09-03,B,5465
12236,16284,2025-09-03,A,8269
12237,16285,2026-02-28,A,9462
12238,16287,2026-01-24,A,2284
12239,16289,2025-03-04,C,1460
12240,16291,2025-12-15,A,4942
12241,16292,2026-03-25,A,3070
12242,16294,2025-04-17,A,9737
12243,16295,2025-04-27,A,2180
12244,16296,2025-11-30,C,1462
12245,16299,2025-07-05,C,8886
12246,16300,2025-03-21,C,2338
12247,16301,2025-08-21,B,2181
12248,16302,2025-06-17,A,2642
12249,16303,2025-06-14,A,5981
12250,16304,2025-09-25,A,5515
12251,16305,2025-12-24,C,1262
12252,16306,2025-12-23,A,862
12253,16307,2025-11-30,A,2311
12254,16308,2025-08-11,C,2258
12255,16309,2025-11-21,C,9877
12256,16312,2025-12-04,A,11450
12257,16313,2025-11-15,A,2284
12258,16314,2025-09-01,A,6810
12259,16315,2026-02-22,A,10772
12260,16316,2026-03-04,A,5186
12261,16317,2025-08-15,B,5443
12262,16318,2025-11-07,A,11534
12263,16319,2025-09-22,A,2405
12264,16321,2025-08-22,A,4801
12265,16322,2025-06-27,C,6735
12266,16323,2025-10-03,A,2336
12267,16325,2025-08-13,C,4823
12268,16326,2025-11-08,A,9877
12269,16327,2025-04-26,B,2572
12270,16328,2026-03-16,A,2595
12271,16329,2026-01-05,A,4354
12272,16334,2025-04-27,C,2572
12273,16335,2025-09-22,A,6981
12274,16336,2025-08-29,A,2451
12275,16338,2025-07-26,A,1442
12276,16340,2025-02-20,A,2202
12277,16341,2025-02-22,A,5543
12278,16342,2025-07-13,B,2615
12279,16343,2025-08-20,A,1916
12280,16344,2025-05-14,A,6416
12281,16345,2025-10-24,A,1379
12282,16346,2025-04-08,A,4064
12283,16348,2025-04-10,A,503
12284,16349,2025-06-28,A,6250
12285,16350,2025-11-02,C,11341
12286,16351,2025-04-07,A,8862
12287,16353,2025-11-07,A,1113
12288,16354,2025-09-05,A,7080
12289,16355,2026-01-29,A,9600
12290,16357,2025-05-17,C,4134
12291,16358,2025-10-05,A,2202
12292,16359,2026-04-03,A,5896
12293,16360,2025-05-22,B,5329
12294,16361,2026-01-18,C,5443
12295,16364,2025-11-29,A,10585
12296,16365,2025-06-14,A,8171
12297,16366,2025-04-10,A,1140
12298,16367,2025-04-23,A,2833
12299,16368,2025-09-05,A,8735
12300,16369,2025-04-19,A,1916
12301,16370,2026-03-18,C,7891
12302,16371,2025-10-23,A,11673
12303,16372,2025-08-03,A,2180
12304,16373,2025-08-04,A,2180
12305,16374,2025-02-18,C,4943
12306,16375,2025-04-28,B,9737
12307,16376,2026-01-28,A,8063
12308,16378,2026-03-13,A,8634
12309,16379,2025-07-11,A,10989
12310,16380,2026-01-02,A,4354
12311,16382,2025-07-28,B,6891
12312,16383,2025-03-07,A,11267
12313,16384,2026-01-18,C,5541
12314,16386,2026-02-11,A,2615
12315,16387,2025-06-27,C,2522
12316,16389,2025-07-27,C,2259
12317,16390,2025-11-05,A,6154
12318,16393,2026-03-12,A,2522
12319,16394,2026-01-06,A,1663
12320,16395,2025-11-20,B,11387
12321,16396,2025-07-10,A,6438
12322,16398,2026-03-19,A,1421
12323,16399,2025-03-26,C,5565
12324,16401,2025-07-22,A,9250
12325,16402,2025-08-12,B,2134
12326,16403,2025-12-04,A,2182
12327,16405,2025-07-13,A,4777
12328,16406,2025-07-01,A,9900
12329,16408,2025-11-25,A,2382
12330,16409,2026-01-21,A,9232
12331,16410,2025-07-19,C,2594
12332,16411,2025-08-15,A,5444
12333,16413,2025-08-02,A,2664
12334,16414,2025-04-22,B,6890
12335,16415,2025-07-29,C,8195
12336,16416,2025-08-19,A,602
12337,16417,2025-08-16,A,3467
12338,16418,2025-11-11,A,2665
12339,16419,2025-07-12,A,8292
12340,16421,2025-12-01,A,2450
12341,16422,2025-08-08,A,5515
12342,16423,2026-01-23,C,2642
12343,16424,2026-04-04,A,6482
12344,16425,2025-07-30,A,2180
12345,16427,2025-04-23,A,5104
12346,16428,2025-07-15,C,2643
12347,16429,2025-11-20,C,4618
12348,16431,2026-03-09,C,3884
12349,16432,2026-01-06,C,4037
12350,16433,2025-10-18,A,10721
12351,16434,2025-07-20,C,2616
12352,16435,2025-04-20,A,682
12353,16436,2025-08-26,C,1588
12354,16437,2025-04-12,A,7287
12355,16438,2025-11-20,B,2594
12356,16439,2025-11-16,A,1888
12357,16440,2025-11-06,A,2666
12358,16441,2025-06-28,C,5374
12359,16442,2025-07-30,B,8632
12360,16443,2025-09-15,A,9899
12361,16444,2025-09-13,A,8435
12362,16445,2025-07-14,C,11291
12363,16446,2025-02-24,B,9650
12364,16449,2025-10-05,A,2310
12365,16450,2025-12-17,B,2667
12366,16451,2025-07-08,A,1462
12367,16452,2025-10-21,A,1917
12368,16453,2025-10-27,A,5515
12369,16457,2026-01-24,A,8511
12370,16458,2025-06-13,A,2382
12371,16459,2025-07-25,A,10375
12372,16460,2025-11-14,C,2231
12373,16461,2025-03-13,A,8338
12374,16462,2025-07-08,B,4778
12375,16463,2025-10-08,A,10324
12376,16465,2025-09-11,A,7387
12377,16466,2025-08-26,C,11207
12378,16467,2025-11-09,C,3582
12379,16468,2025-05-22,A,7411
12380,16469,2025-09-30,A,1982
12381,16470,2026-03-28,A,1633
12382,16471,2025-06-12,A,9032
12383,16472,2025-10-11,C,10971
12384,16473,2025-04-05,C,939
12385,16474,2026-02-16,A,8509
12386,16475,2025-08-26,C,2312
12387,16476,2026-01-12,A,1985
12388,16477,2025-10-18,A,4331
12389,16478,2025-09-09,A,11553
12390,16479,2025-09-04,A,4942
12391,16480,2026-03-07,A,4524
12392,16482,2025-08-15,A,11094
12393,16483,2025-11-16,A,11121
12394,16485,2025-07-06,A,4275
12395,16486,2025-10-21,B,10048
12396,16488,2026-02-14,A,6735
12397,16489,2026-02-16,A,2814
12398,16490,2025-07-21,A,11207
12399,16491,2025-09-26,A,6690
12400,16497,2025-07-08,A,3786
12401,16498,2025-12-15,A,2594
12402,16500,2025-12-02,A,2935
12403,16502,2025-03-12,A,4993
12404,16503,2025-10-11,A,6836
12405,16504,2026-03-15,A,6177
12406,16505,2025-12-05,A,6569
12407,16506,2025-12-17,A,2106
12408,16507,2025-09-18,A,3785
12409,16509,2025-05-27,A,1162
12410,16512,2025-10-11,A,7600
12411,16513,2025-07-23,C,4542
12412,16514,2025-06-02,B,2384
12413,16517,2025-08-03,C,2383
12414,16518,2026-01-26,A,2475
12415,16519,2025-08-15,A,2231
12416,16520,2025-05-24,C,2356
12417,16521,2025-11-19,A,8292
12418,16522,2025-08-28,A,11578
12419,16523,2025-09-21,A,4777
12420,16524,2026-03-07,C,2181
12421,16526,2025-04-26,C,9760
12422,16527,2025-11-07,A,2337
12423,16528,2025-07-07,A,1115
12424,16530,2025-10-20,A,2474
12425,16531,2025-12-26,A,3420
12426,16532,2025-08-01,A,10487
12427,16533,2025-05-17,B,2791
12428,16534,2025-12-08,A,2476
12429,16535,2025-03-30,A,8482
12430,16536,2025-11-01,A,2451
12431,16537,2025-07-18,C,2643
12432,16538,2025-09-03,A,2230
12433,16539,2025-03-15,A,2450
12434,16541,2025-11-20,A,2283
12435,16542,2025-08-26,A,5125
12436,16543,2025-11-25,A,4183
12437,16544,2025-09-25,A,1525
12438,16545,2025-06-18,A,2338
12439,16547,2026-01-26,C,6364
12440,16549,2025-08-14,A,2284
12441,16550,2025-10-26,A,2356
12442,16551,2025-08-09,A,2450
12443,16552,2025-06-21,A,2357
12444,16553,2025-07-05,A,10945
12445,16554,2025-05-20,A,2383
12446,16555,2026-01-09,A,11909
12447,16556,2025-06-28,A,8171
12448,16557,2025-09-06,A,9824
12449,16558,2025-10-26,A,6275
12450,16559,2025-10-13,A,2595
12451,16560,2026-01-07,B,11121
12452,16561,2025-12-26,A,2643
12453,16562,2025-07-07,A,6127
12454,16563,2025-11-03,B,2283
12455,16564,2025-04-21,A,2312
12456,16565,2025-04-15,A,10226
12457,16567,2025-07-20,A,7365
12458,16569,2025-10-28,A,7864
12459,16570,2026-01-30,A,4892
12460,16571,2025-03-29,A,10561
12461,16572,2025-09-13,A,9649
12462,16574,2025-08-14,A,1815
12463,16575,2025-10-10,A,8836
12464,16576,2025-05-05,B,8197
12465,16578,2025-07-19,A,3729
12466,16579,2025-02-03,A,2358
12467,16581,2025-03-11,A,526
12468,16582,2025-09-19,A,10751
12469,16583,2026-03-26,A,1610
12470,16584,2026-01-31,A,5209
12471,16585,2025-08-24,A,2475
12472,16586,2025-06-21,B,4202
12473,16587,2026-02-09,A,4354
12474,16588,2025-12-02,B,2406
12475,16589,2025-02-02,C,4275
12476,16590,2025-06-24,A,2384
12477,16593,2025-07-23,A,938
12478,16594,2026-02-03,A,5543
12479,16595,2025-10-04,C,2205
12480,16597,2025-10-11,A,2183
12481,16599,2026-01-21,B,11069
12482,16600,2025-04-03,B,4303
12483,16601,2025-07-18,A,2202
12484,16602,2025-09-02,A,1139
12485,16605,2025-04-28,A,2160
12486,16606,2026-03-08,A,2551
12487,16607,2025-07-05,A,11290
12488,16608,2025-08-10,A,11011
12489,16609,2025-03-20,A,2404
12490,16610,2025-12-21,B,2432
12491,16611,2025-08-06,A,1483
12492,16612,2026-04-14,A,2475
12493,16613,2026-02-13,C,2310
12494,16615,2025-08-20,A,2231
12495,16616,2025-10-15,A,1690
12496,16620,2025-09-12,A,915
12497,16621,2025-07-06,A,2404
12498,16623,2026-01-27,A,3632
12499,16624,2025-07-05,C,9129
12500,16627,2025-07-21,A,6930
12501,16629,2026-01-04,A,5146
12502,16630,2025-10-04,A,741
12503,16631,2025-07-14,A,4423
12504,16633,2025-08-07,A,890
12505,16634,2026-02-21,A,6809
12506,16635,2025-08-12,A,8412
12507,16636,2025-03-28,A,6756
12508,16637,2026-01-19,A,8980
12509,16638,2025-12-06,A,8338
12510,16639,2025-12-25,A,1962
12511,16640,2026-03-10,A,767
12512,16641,2025-10-23,A,10134
12513,16642,2025-05-30,A,3305
12514,16643,2025-05-27,A,10323
12515,16645,2025-11-21,A,8887
12516,16646,2025-11-06,A,5401
12517,16647,2025-11-15,A,2202
12518,16648,2026-01-02,A,9781
12519,16649,2025-10-16,A,478
12520,16650,2025-06-29,C,2616
12521,16652,2025-10-27,A,9202
12522,16654,2025-11-11,A,2572
12523,16655,2025-06-16,A,384
12524,16656,2025-06-18,C,8092
12525,16657,2025-06-25,A,2884
12526,16659,2025-10-19,A,2202
12527,16661,2025-07-25,A,6867
12528,16662,2025-04-06,C,9154
12529,16663,2025-07-27,C,10027
12530,16664,2025-04-25,C,8221
12531,16665,2025-06-16,C,4423
12532,16666,2025-10-14,C,647
12533,16667,2026-02-15,A,5147
12534,16668,2026-01-03,A,1984
12535,16670,2025-09-18,C,9649
12536,16671,2025-10-10,A,1163
12537,16674,2025-09-07,C,8017
12538,16675,2026-02-06,B,7602
12539,16676,2025-04-15,A,9056
12540,16677,2025-10-21,A,1233
12541,16678,2025-07-29,A,9974
12542,16679,2025-09-09,B,10896
12543,16680,2025-12-14,A,2357
12544,16684,2025-09-04,A,2642
12545,16685,2025-08-18,A,2357
12546,16686,2025-06-07,A,7792
12547,16687,2025-09-29,A,10655
12548,16688,2026-04-13,A,11365
12549,16689,2025-09-27,A,812
12550,16690,2025-05-05,A,5015
12551,16691,2025-10-31,B,4227
12552,16692,2026-01-08,A,11039
12553,16693,2026-02-22,A,2282
12554,16695,2026-01-08,C,8535
12555,16696,2025-11-20,A,2259
12556,16697,2025-10-27,C,4204
12557,16699,2025-05-14,C,1548
12558,16700,2025-11-05,A,9823
12559,16701,2025-07-17,A,5924
12560,16702,2025-11-05,B,9995
12561,16703,2025-10-22,A,2231
12562,16704,2025-03-24,B,7890
12563,16705,2025-06-16,A,2356
12564,16706,2025-08-23,A,8411
12565,16707,2025-08-30,A,8981
12566,16708,2025-06-15,A,1740
12567,16709,2025-11-24,C,7288
12568,16710,2025-06-09,A,10134
12569,16711,2025-07-03,A,5225
12570,16712,2026-01-05,A,2571
12571,16713,2025-06-02,A,6753
12572,16714,2025-05-02,A,2664
12573,16715,2025-12-06,A,11143
12574,16717,2025-05-09,C,11698
12575,16718,2025-08-03,A,10028
12576,16719,2025-10-30,C,1549
12577,16720,2026-01-10,A,6929
12578,16723,2025-10-06,B,11342
12579,16725,2025-10-14,A,2338
12580,16726,2025-08-27,A,9950
12581,16727,2025-10-19,A,2181
12582,16728,2025-11-05,A,6641
12583,16729,2025-05-22,B,9710
12584,16730,2025-07-31,C,3442
12585,16731,2026-01-19,C,8370
12586,16732,2025-08-29,C,7739
12587,16734,2025-05-17,A,1816
12588,16735,2025-10-07,A,4374
12589,16736,2025-10-27,B,2230
12590,16737,2025-11-19,A,2312
12591,16738,2025-11-15,A,3883
12592,16739,2026-01-11,A,9433
12593,16740,2026-03-05,C,2310
12594,16741,2025-03-20,A,2356
12595,16742,2025-08-01,A,10280
12596,16743,2025-08-09,A,2473
12597,16744,2025-06-13,A,1090
12598,16745,2025-06-02,C,5207
12599,16747,2025-07-16,A,4823
12600,16748,2025-12-25,A,2338
12601,16750,2025-08-28,C,4823
12602,16752,2025-08-07,A,9102
12603,16753,2025-07-01,A,2405
12604,16754,2025-10-07,A,2405
12605,16755,2025-08-01,A,2666
12606,16756,2025-06-04,A,9032
12607,16757,2025-05-16,A,3831
12608,16758,2025-12-23,A,5253
12609,16760,2025-06-25,A,2553
12610,16761,2025-07-02,C,8147
12611,16762,2025-08-08,A,2336
12612,16764,2026-01-24,C,2311
12613,16765,2026-04-17,A,3420
12614,16766,2025-11-28,A,7987
12615,16767,2025-11-11,A,9178
12616,16768,2026-01-06,B,8063
12617,16769,2025-12-27,A,9998
12618,16770,2026-03-28,A,10657
12619,16773,2025-08-24,A,2181
12620,16774,2025-06-25,A,11269
12621,16775,2025-12-04,C,9760
12622,16776,2025-11-30,A,1261
12623,16777,2025-11-21,A,6835
12624,16778,2025-04-24,A,4800
12625,16780,2026-01-15,A,1788
12626,16781,2025-06-19,C,11012
12627,16783,2025-09-18,A,1090
12628,16785,2025-11-24,C,3050
12629,16786,2025-07-18,A,10920
12630,16787,2025-07-03,A,2475
12631,16788,2026-02-26,A,1399
12632,16789,2025-05-24,A,2667
12633,16790,2025-04-07,A,6126
12634,16792,2025-08-28,A,6362
12635,16794,2025-09-20,A,4450
12636,16795,2025-09-19,B,5102
12637,16798,2025-11-22,A,2203
12638,16799,2025-10-05,C,2616
12639,16804,2025-03-31,C,2595
12640,16805,2025-08-10,B,645
12641,16806,2025-06-22,A,2551
12642,16807,2025-09-13,A,11188
12643,16808,2025-05-23,A,10116
12644,16809,2025-08-14,B,2160
12645,16810,2025-07-02,A,1961
12646,16811,2025-07-07,A,7668
12647,16812,2025-11-05,A,3729
12648,16813,2025-06-23,A,2473
12649,16815,2025-06-07,C,10440
12650,16816,2025-10-31,C,8388
12651,16817,2026-04-05,A,2433
12652,16818,2026-02-13,A,9030
12653,16819,2025-07-20,A,3493
12654,16820,2026-02-26,B,3654
12655,16821,2025-09-04,A,4331
12656,16822,2025-06-07,A,10160
12657,16824,2025-08-11,C,407
12658,16826,2025-05-30,A,11578
12659,16827,2025-10-10,A,2182
12660,16828,2025-09-19,A,2616
12661,16829,2025-03-26,A,5466
12662,16830,2025-07-01,A,2522
12663,16831,2026-01-13,A,2616
12664,16832,2025-10-10,A,2473
12665,16833,2025-04-01,A,4965
12666,16834,2025-04-21,A,2641
12667,16835,2025-07-26,B,2183
12668,16836,2025-04-28,A,4468
12669,16837,2025-05-27,A,2665
12670,16838,2025-05-02,B,6953
12671,16841,2025-09-17,A,6524
12672,16843,2025-10-14,C,9711
12673,16844,2025-03-26,A,5443
12674,16846,2025-11-10,A,1210
12675,16847,2025-07-22,A,9924
12676,16850,2025-10-22,A,7988
12677,16851,2026-02-15,A,8065
12678,16852,2026-04-16,A,406
12679,16853,2025-06-26,A,8338
12680,16854,2025-06-10,A,2450
12681,16856,2025-10-26,A,2356
12682,16857,2025-05-19,A,6503
12683,16858,2026-02-26,A,2358
12684,16860,2025-10-29,A,1287
12685,16861,2025-08-05,C,9975
12686,16862,2026-01-08,A,1586
12687,16863,2025-09-16,A,1115
12688,16864,2025-10-03,A,6756
12689,16865,2025-04-08,C,1569
12690,16866,2025-06-02,A,10971
12691,16867,2026-02-23,A,9649
12692,16868,2025-05-20,A,2667
12693,16869,2026-02-27,A,9031
12694,16870,2025-07-15,A,2667
12695,16871,2025-06-04,A,2494
12696,16872,2025-12-01,A,2183
12697,16873,2025-10-06,C,5254
12698,16875,2025-11-15,A,10988
12699,16876,2025-06-05,A,3883
12700,16877,2025-12-20,A,10324
12701,16878,2025-08-05,A,11673
12702,16879,2026-01-14,A,2667
12703,16882,2026-02-11,A,5692
12704,16883,2025-05-09,A,8536
12705,16884,2025-12-28,A,10067
12706,16886,2025-07-08,A,3747
12707,16888,2025-07-13,A,3913
12708,16889,2025-10-09,C,8220
12709,16890,2025-10-17,A,1632
12710,16891,2025-08-12,A,1379
12711,16892,2025-04-16,A,578
12712,16893,2025-06-06,C,2473
12713,16896,2025-12-28,A,2337
12714,16897,2025-10-28,A,2792
12715,16899,2025-06-22,A,1834
12716,16901,2026-01-03,A,2688
12717,16902,2025-07-14,A,6460
12718,16903,2025-08-03,C,2667
12719,16904,2025-05-18,A,9737
12720,16905,2026-01-29,A,9949
12721,16906,2025-05-02,A,2383
12722,16907,2025-11-20,A,6127
12723,16908,2026-03-13,A,2616
12724,16909,2025-12-05,A,8704
12725,16910,2025-06-29,A,6593
12726,16911,2025-09-25,A,3419
12727,16912,2025-09-12,A,2475
12728,16913,2025-10-02,A,2473
12729,16916,2025-04-11,A,5981
12730,16917,2026-01-26,A,1261
12731,16919,2025-06-23,C,3957
12732,16922,2025-06-04,A,11120
12733,16923,2026-04-03,A,9823
12734,16924,2026-02-03,C,3655
12735,16925,2025-11-22,A,11366
12736,16927,2025-06-19,A,622
12737,16928,2025-06-28,A,11534
12738,16930,2025-03-18,A,7864
12739,16931,2025-07-22,A,8806
12740,16932,2025-04-07,A,11119
12741,16933,2026-03-10,A,5662
12742,16934,2025-12-03,A,2666
12743,16935,2025-05-08,A,2356
12744,16937,2025-12-01,B,9056
12745,16938,2025-06-29,C,2385
12746,16939,2025-03-15,A,10118
12747,16941,2025-09-15,A,8485
12748,16943,2025-05-20,A,3745
12749,16944,2026-01-05,A,2450
12750,16945,2025-08-22,A,7387
12751,16947,2026-02-15,A,2204
12752,16948,2025-12-03,A,2159
12753,16949,2025-06-26,A,9691
12754,16951,2025-05-16,C,2159
12755,16955,2026-01-16,C,502
12756,16956,2025-11-26,A,2202
12757,16957,2026-01-08,A,9975
12758,16958,2025-01-25,A,11237
12759,16959,2025-08-17,C,10586
12760,16960,2026-01-30,A,453
12761,16961,2025-06-09,C,2282
12762,16962,2025-10-06,A,4496
12763,16963,2025-03-14,A,11425
12764,16966,2025-10-20,C,9922
12765,16968,2025-12-04,B,1914
12766,16971,2026-03-05,A,2159
12767,16972,2025-09-14,A,1141
12768,16973,2025-06-23,A,1548
12769,16975,2026-01-23,A,6716
12770,16976,2025-07-16,A,2765
12771,16979,2026-02-26,A,3602
12772,16980,2025-10-14,A,9735
12773,16981,2025-09-18,A,2965
12774,16982,2025-12-16,A,1233
12775,16983,2025-10-20,C,9669
12776,16984,2025-08-24,A,2643
12777,16985,2025-08-10,A,11012
12778,16987,2025-06-09,A,6929
12779,16988,2025-07-15,A,1861
12780,16989,2025-11-01,A,2358
12781,16991,2025-06-25,A,4010
12782,16992,2026-01-14,A,3810
12783,16993,2025-10-16,A,3072
12784,16995,2025-07-15,A,2358
12785,16996,2025-09-01,A,1833
12786,16998,2025-07-26,C,10417
12787,16999,2025-03-11,A,10046
12788,17000,2025-04-25,A,6227
12789,17002,2025-05-28,A,2616
12790,17003,2026-01-11,A,5542
12791,17005,2026-03-30,B,3443
12792,17006,2025-07-31,A,10204
12793,17009,2025-10-05,A,10159
12794,17010,2025-12-20,A,10047
12795,17011,2025-09-26,C,4228
12796,17012,2025-11-06,A,2451
12797,17013,2025-08-03,C,2385
12798,17014,2025-07-11,A,2433
12799,17015,2025-03-26,A,3536
12800,17016,2025-12-23,A,2494
12801,17017,2025-11-22,A,2182
12802,17019,2025-10-28,C,6667
12803,17020,2026-01-20,A,2475
12804,17021,2025-10-15,A,6296
12805,17023,2025-11-03,A,2740
12806,17024,2025-06-28,A,7738
12807,17025,2025-08-21,A,2205
12808,17026,2025-08-25,A,9901
12809,17030,2025-08-06,A,2473
12810,17031,2025-07-03,A,2106
12811,17032,2025-04-18,A,4227
12812,17033,2025-07-05,A,10374
12813,17035,2025-06-04,A,9973
12814,17036,2025-11-13,A,7602
12815,17038,2025-03-03,A,2595
12816,17039,2025-05-07,B,8981
12817,17041,2025-10-01,C,2312
12818,17042,2025-07-28,C,11648
12819,17046,2025-10-20,C,8959
12820,17047,2025-09-12,C,1015
12821,17048,2025-05-07,C,9560
12822,17049,2025-09-01,A,6810
12823,17050,2025-06-18,A,8806
12824,17053,2025-11-27,A,2595
12825,17055,2025-11-20,A,2182
12826,17056,2026-04-01,C,2405
12827,17058,2025-03-31,A,7367
12828,17059,2025-09-26,A,7411
12829,17061,2025-11-10,A,8389
12830,17062,2025-07-25,A,2284
12831,17063,2026-03-05,A,2571
12832,17065,2025-08-31,A,2312
12833,17066,2025-11-15,A,2476
12834,17067,2025-09-28,A,3442
12835,17068,2025-07-04,C,6835
12836,17069,2025-10-26,A,6952
12837,17071,2026-02-05,A,11142
12838,17072,2025-04-02,A,9504
12839,17073,2025-11-20,A,2405
12840,17074,2025-09-15,A,5849
12841,17075,2025-12-29,A,5691
12842,17076,2025-12-31,A,502
12843,17077,2025-10-02,A,6716
12844,17078,2025-04-22,A,2104
12845,17080,2026-01-14,C,11577
12846,17081,2025-04-04,C,2335
12847,17083,2026-02-28,A,3166
12848,17084,2025-06-29,A,2553
12849,17085,2026-05-05,C,383
12850,17087,2026-01-20,A,8806
12851,17088,2026-02-17,A,6735
12852,17090,2025-05-14,A,4942
12853,17091,2026-03-13,C,2665
12854,17092,2025-06-06,A,2553
12855,17093,2026-03-08,A,4400
12856,17094,2026-04-14,C,2258
12857,17095,2026-01-01,A,5079
12858,17096,2025-12-30,C,10792
12859,17097,2025-04-13,B,3604
12860,17099,2025-09-06,A,8223
12861,17100,2025-10-18,A,9736
12862,17101,2025-09-24,C,2551
12863,17102,2025-10-22,A,790
12864,17103,2025-05-20,A,2405
12865,17104,2025-11-24,A,2451
12866,17105,2025-07-10,A,9825
12867,17106,2025-12-29,A,11319
12868,17107,2025-06-24,A,4276
12869,17108,2025-10-11,C,8980
12870,17109,2025-06-18,A,5328
12871,17111,2025-05-13,A,4522
12872,17112,2025-07-26,C,6101
12873,17113,2025-11-27,A,6980
12874,17119,2026-01-13,A,1714
12875,17120,2026-02-09,A,5163
12876,17122,2026-01-11,C,10305
12877,17123,2025-06-22,A,9781
12878,17124,2026-02-19,B,10303
12879,17125,2026-01-21,A,7819
12880,17126,2026-01-20,A,1862
12881,17127,2025-08-29,A,9781
12882,17129,2025-06-08,A,2495
12883,17131,2025-06-26,A,2666
12884,17133,2025-02-28,C,5254
12885,17134,2026-02-19,A,8789
12886,17135,2025-04-29,C,2476
12887,17136,2025-04-05,A,3675
12888,17137,2026-01-09,A,2284
12889,17138,2026-02-23,C,3330
12890,17143,2025-09-29,C,3862
12891,17144,2025-10-07,A,2159
12892,17145,2025-09-19,C,9365
12893,17146,2025-04-18,C,7079
12894,17147,2025-07-08,A,6548
12895,17148,2025-05-16,C,3492
12896,17149,2025-10-04,B,5515
12897,17150,2026-01-30,C,2283
12898,17151,2026-01-31,A,10612
12899,17153,2026-03-20,A,1633
12900,17157,2025-07-22,A,2937
12901,17159,2025-09-17,A,4183
12902,17161,2025-10-05,A,3420
12903,17162,2025-09-27,A,1787
12904,17164,2026-01-13,A,9251
12905,17165,2025-05-30,C,2552
12906,17166,2025-04-05,A,6867
12907,17167,2025-10-11,A,2643
12908,17168,2025-11-24,A,6363
12909,17169,2025-08-15,A,11120
12910,17171,2025-07-04,A,2740
12911,17174,2026-01-19,A,5252
12912,17175,2025-04-25,A,6913
12913,17176,2025-12-14,A,9388
12914,17177,2025-11-12,A,9736
12915,17178,2026-02-21,C,10971
12916,17179,2025-09-08,C,2134
12917,17181,2025-08-25,A,2964
12918,17182,2026-02-24,A,1568
12919,17183,2025-08-27,A,2159
12920,17185,2025-07-23,A,2642
12921,17187,2026-03-24,A,4893
12922,17188,2025-08-16,A,9779
12923,17189,2025-02-26,A,791
12924,17190,2026-01-12,A,8678
12925,17191,2026-02-09,A,8585
12926,17193,2025-07-26,A,2595
12927,17197,2025-05-11,B,1141
12928,17198,2025-06-18,A,10375
12929,17199,2025-09-14,A,2406
12930,17200,2025-06-16,A,1634
12931,17201,2025-10-22,B,1689
12932,17202,2025-12-25,A,1816
12933,17203,2025-12-23,A,2283
12934,17204,2025-02-19,A,1262
12935,17205,2025-09-19,A,1160
12936,17206,2025-08-04,A,2523
12937,17207,2025-07-03,B,3860
12938,17209,2025-07-07,A,7943
12939,17210,2025-10-03,A,2664
12940,17212,2026-03-28,B,2431
12941,17214,2025-11-30,C,11553
12942,17215,2025-07-25,A,4568
12943,17217,2025-06-02,C,2494
12944,17219,2025-11-06,A,5305
12945,17220,2025-04-18,A,2572
12946,17221,2025-11-27,A,3139
12947,17222,2025-12-23,A,10822
12948,17225,2025-07-06,A,2665
12949,17226,2026-04-14,A,7970
12950,17227,2025-07-07,A,11650
12951,17228,2025-11-30,A,7027
12952,17229,2025-09-17,A,5851
12953,17231,2025-06-29,A,3420
12954,17232,2026-01-01,C,939
12955,17234,2025-03-08,B,1942
12956,17235,2025-10-21,A,9531
12957,17236,2025-10-27,A,5124
12958,17237,2025-05-11,C,7237
12959,17238,2025-12-24,C,5226
12960,17239,2025-10-10,A,2336
12961,17240,2025-06-28,C,2283
12962,17241,2025-09-04,A,3704
12963,17242,2025-08-29,A,4800
12964,17243,2025-07-25,A,2595
12965,17244,2025-06-14,A,8632
12966,17246,2025-08-07,C,2405
12967,17247,2025-07-23,A,8559
12968,17248,2025-07-19,A,6229
12969,17250,2025-10-17,A,6812
12970,17251,2025-12-29,A,9101
12971,17252,2025-08-15,A,8221
12972,17253,2025-06-16,A,6812
12973,17254,2025-03-11,C,9846
12974,17255,2025-12-12,B,5330
12975,17256,2025-03-26,A,11166
12976,17257,2025-07-19,A,1691
12977,17259,2025-06-25,C,2284
12978,17260,2025-07-27,A,10792
12979,17261,2026-02-08,B,4248
12980,17262,2025-10-26,A,4941
12981,17263,2025-11-13,A,6413
12982,17264,2025-09-17,A,10116
12983,17265,2025-04-05,C,9711
12984,17266,2025-07-19,A,6547
12985,17267,2025-03-29,A,8862
12986,17268,2026-04-22,B,8246
12987,17269,2026-03-07,A,1982
12988,17270,2025-09-21,A,7971
12989,17271,2025-06-10,C,2552
12990,17273,2025-04-30,A,5805
12991,17274,2025-05-21,C,6276
12992,17275,2025-11-03,B,6982
12993,17276,2025-04-05,A,5280
12994,17277,2025-12-27,A,2159
12995,17279,2025-08-12,A,10535
12996,17280,2025-12-25,A,8269
12997,17281,2025-04-28,A,2494
12998,17282,2025-11-11,A,2494
12999,17283,2025-10-27,A,3009
13000,17284,2025-08-26,A,11770
13001,17285,2025-10-24,B,9758
13002,17286,2025-08-16,A,2231
13003,17287,2025-08-11,A,2666
13004,17288,2025-04-11,A,6809
13005,17289,2026-03-03,A,4274
13006,17292,2025-07-15,A,479
13007,17293,2026-03-04,A,9101
13008,17295,2025-05-26,A,2312
13009,17297,2025-12-15,A,2553
13010,17298,2025-05-31,C,2665
13011,17299,2025-07-04,A,3359
13012,17301,2025-11-04,A,2642
13013,17302,2025-07-29,A,4823
13014,17303,2025-11-20,A,9154
13015,17305,2025-11-25,A,6340
13016,17306,2026-01-06,C,2230
13017,17308,2025-04-15,A,1505
13018,17309,2025-05-30,A,1861
13019,17310,2025-10-06,A,2203
13020,17312,2026-01-08,A,2664
13021,17314,2025-05-11,A,2204
13022,17315,2026-03-30,A,2552
13023,17316,2025-07-09,A,712
13024,17317,2025-07-15,A,9101
13025,17318,2025-05-18,A,10177
13026,17319,2025-05-27,C,8936
13027,17322,2025-07-21,C,2594
13028,17323,2025-08-13,A,713
13029,17325,2026-04-20,A,1589
13030,17326,2025-10-08,A,5164
13031,17327,2026-01-27,A,6735
13032,17328,2025-04-26,C,1378
13033,17329,2026-01-21,A,1063
13034,17330,2026-02-24,B,5330
13035,17331,2025-11-24,A,2231
13036,17332,2025-07-03,A,2205
13037,17333,2026-02-23,A,2431
13038,17334,2025-04-21,A,7865
13039,17335,2025-06-08,C,4994
13040,17336,2025-08-31,C,10047
13041,17337,2025-10-07,A,4184
13042,17338,2025-10-23,A,2180
13043,17339,2025-07-25,A,2183
13044,17340,2025-12-17,A,7289
13045,17341,2025-05-04,A,2310
13046,17342,2025-09-11,A,3329
13047,17343,2026-04-09,A,8835
13048,17344,2025-03-26,C,2522
13049,17345,2025-12-03,A,4776
13050,17346,2025-06-02,A,1162
13051,17347,2025-03-24,A,9157
13052,17348,2025-09-01,A,2160
13053,17349,2025-10-06,A,8884
13054,17354,2026-01-09,A,1862
13055,17355,2025-09-11,A,4671
13056,17356,2025-02-10,C,2523
13057,17357,2025-04-08,A,4133
13058,17358,2025-11-18,C,8015
13059,17359,2025-06-15,C,1378
13060,17361,2026-05-26,A,2159
13061,17362,2025-06-23,A,2433
13062,17363,2026-03-12,A,3466
13063,17364,2025-09-16,A,3957
13064,17365,2025-10-04,A,2495
13065,17366,2025-10-08,A,9760
13066,17370,2025-06-20,A,9202
13067,17372,2026-04-28,A,8806
13068,17373,2025-06-20,A,2667
13069,17374,2026-02-15,A,5252
13070,17375,2026-02-02,A,2522
13071,17378,2025-04-11,A,8092
13072,17379,2026-01-25,C,11403
13073,17382,2025-11-01,A,3358
13074,17383,2025-04-17,A,7519
13075,17385,2025-09-10,B,3138
13076,17388,2025-07-01,C,1482
13077,17389,2025-11-12,A,2496
13078,17390,2026-02-28,A,1985
13079,17392,2025-11-11,A,6384
13080,17393,2025-06-13,A,2642
13081,17394,2025-12-19,A,2383
13082,17395,2025-12-13,A,2310
13083,17397,2025-09-05,A,8861
13084,17398,2025-10-09,A,4111
13085,17399,2025-05-12,A,9758
13086,17400,2025-09-18,A,9847
13087,17401,2025-12-04,A,11166
13088,17402,2025-12-14,C,6641
13089,17403,2025-07-05,A,5147
13090,17404,2025-12-16,A,2159
13091,17405,2025-06-21,A,2494
13092,17406,2026-04-29,A,6756
13093,17407,2025-07-25,A,11605
13094,17408,2025-05-13,B,7029
13095,17409,2025-03-31,A,2595
13096,17413,2025-07-21,C,11038
13097,17414,2025-09-05,A,6128
13098,17415,2025-11-15,A,11186
13099,17416,2026-01-11,A,2664
13100,17417,2025-03-02,C,4747
13101,17420,2025-07-23,C,9316
13102,17421,2025-09-10,C,9899
13103,17422,2025-11-19,A,5104
13104,17423,2025-12-18,C,6867
13105,17424,2025-09-22,A,9460
13106,17426,2025-05-21,A,8884
13107,17427,2025-04-27,C,1942
13108,17428,2025-06-01,C,9950
13109,17430,2025-08-03,A,9736
13110,17431,2025-05-16,A,9007
13111,17432,2025-12-09,A,11187
13112,17433,2025-08-30,A,2404
13113,17434,2025-03-13,A,7340
13114,17436,2025-11-06,A,2643
13115,17437,2025-03-31,A,10944
13116,17439,2025-03-08,A,2571
13117,17440,2026-02-27,C,3284
13118,17443,2025-05-11,A,8884
13119,17444,2026-01-20,A,8863
13120,17445,2025-12-10,A,6911
13121,17446,2025-11-02,A,2474
13122,17447,2026-04-01,A,3811
13123,17448,2025-08-27,A,4329
13124,17449,2026-02-27,A,2664
13125,17450,2025-09-24,A,9803
13126,17452,2025-07-07,A,2204
13127,17453,2025-08-30,B,9007
13128,17454,2025-06-13,A,2183
13129,17455,2025-10-04,A,2572
13130,17456,2025-05-05,C,2764
13131,17457,2025-12-16,A,1355
13132,17458,2026-02-19,A,9998
13133,17460,2025-09-25,C,556
13134,17462,2025-06-19,B,579
13135,17463,2025-05-21,A,6034
13136,17464,2025-12-26,C,555
13137,17465,2025-06-06,A,2616
13138,17466,2025-03-20,A,2336
13139,17467,2026-01-18,A,11289
13140,17468,2025-06-25,B,2814
13141,17469,2025-11-17,A,6811
13142,17470,2025-06-28,C,2283
13143,17471,2025-12-19,A,2202
13144,17473,2025-07-19,A,2664
13145,17474,2025-09-11,C,2107
13146,17475,2025-06-26,A,2336
13147,17476,2025-07-19,A,2474
13148,17477,2025-08-08,A,10279
13149,17480,2025-10-22,A,10250
13150,17481,2026-03-01,A,6952
13151,17482,2025-05-13,A,1330
13152,17485,2025-07-10,A,6690
13153,17486,2025-07-10,C,8612
13154,17487,2025-10-15,A,11142
13155,17488,2025-04-06,A,8586
13156,17489,2026-05-05,A,5588
13157,17492,2025-04-30,A,2230
13158,17493,2025-11-12,C,10028
13159,17494,2025-08-16,A,9950
13160,17496,2026-04-02,A,2641
13161,17497,2025-12-17,A,9824
13162,17498,2025-11-19,A,3167
13163,17499,2026-03-12,A,11673
13164,17503,2025-08-21,C,10439
13165,17504,2025-09-20,B,8933
13166,17505,2026-01-19,C,11940
13167,17506,2025-04-21,C,1942
13168,17508,2026-02-23,A,937
13169,17510,2025-08-09,C,3138
13170,17511,2025-10-22,A,6951
13171,17513,2025-08-13,C,10988
13172,17514,2025-08-23,A,3560
13173,17515,2025-07-20,A,2473
13174,17516,2026-01-10,A,10352
13175,17517,2025-09-30,C,1441
13176,17519,2025-11-03,A,8413
13177,17520,2025-09-09,C,2450
13178,17522,2025-05-06,A,2230
13179,17523,2025-07-14,A,9577
13180,17525,2025-12-16,A,7573
13181,17526,2025-11-25,B,9973
13182,17529,2025-07-18,A,2382
13183,17531,2025-07-30,A,713
13184,17533,2025-10-22,A,1739
13185,17534,2025-07-17,B,7890
13186,17535,2025-05-18,C,2204
13187,17536,2025-12-28,A,2336
13188,17537,2025-05-25,C,2335
13189,17538,2025-06-27,A,8041
13190,17539,2025-03-29,A,5147
13191,17540,2026-03-04,A,1983
13192,17542,2025-12-27,A,8680
13193,17543,2026-01-11,A,2432
13194,17544,2025-12-12,A,1660
13195,17545,2026-02-19,A,2495
13196,17546,2026-02-22,B,2404
13197,17547,2025-09-16,A,1984
13198,17548,2026-01-25,A,8679
13199,17549,2025-09-07,A,6277
13200,17550,2025-05-24,A,2310
13201,17552,2025-08-16,A,6009
13202,17554,2025-10-15,A,2553
13203,17555,2025-08-25,A,4273
13204,17557,2026-04-11,B,740
13205,17559,2026-02-10,A,6504
13206,17560,2025-06-17,A,4088
13207,17562,2025-03-15,A,2667
13208,17564,2025-03-25,C,2356
13209,17565,2025-07-07,B,9651
13210,17566,2025-04-04,A,2791
13211,17567,2025-12-29,A,8807
13212,17569,2025-08-22,A,7602
13213,17572,2025-10-01,A,9736
13214,17573,2025-09-29,C,10752
13215,17578,2025-07-17,A,2160
13216,17579,2025-10-03,A,11577
13217,17582,2025-07-24,A,2311
13218,17583,2026-01-20,A,4617
13219,17584,2025-07-14,A,7574
13220,17585,2025-06-15,A,1262
13221,17586,2026-03-04,A,2004
13222,17588,2025-03-14,A,2259
13223,17589,2025-06-12,A,4523
13224,17590,2025-11-24,A,1690
13225,17591,2025-05-16,A,2551
13226,17594,2026-01-05,A,8292
13227,17596,2025-04-13,B,9650
13228,17597,2025-07-04,A,2406
13229,17599,2025-10-22,A,2667
13230,17600,2025-08-19,A,2384
13231,17601,2025-06-25,C,2081
13232,17602,2025-09-07,A,1461
13233,17603,2025-12-31,A,2310
13234,17604,2025-07-18,A,2230
13235,17605,2025-12-23,A,4113
13236,17606,2025-06-10,A,4594
13237,17607,2025-10-30,A,1714
13238,17608,2025-07-16,A,10133
13239,17612,2025-10-13,B,6436
13240,17613,2025-10-29,C,1161
13241,17616,2025-11-20,A,11166
13242,17617,2026-03-15,A,1815
13243,17618,2026-01-11,A,2311
13244,17619,2025-09-27,A,2134
13245,17621,2025-05-19,A,1715
13246,17624,2025-03-19,B,5253
13247,17625,2025-05-10,C,6867
13248,17626,2025-12-24,A,9690
13249,17629,2025-05-30,C,2476
13250,17630,2025-08-19,A,1113
13251,17632,2025-09-04,A,6756
13252,17633,2025-10-09,C,4160
13253,17634,2025-09-20,A,9877
13254,17637,2025-05-17,C,2741
13255,17638,2025-05-17,A,2641
13256,17640,2025-11-10,A,2284
13257,17641,2025-04-29,A,2665
13258,17642,2025-11-28,A,6753
13259,17643,2025-09-15,A,9600
13260,17645,2026-02-14,A,3441
13261,17646,2025-12-09,C,2384
13262,17647,2025-09-17,A,4593
13263,17648,2025-12-01,A,4329
13264,17650,2026-03-08,A,2937
13265,17652,2025-12-20,A,5035
13266,17653,2025-07-09,C,11187
13267,17654,2025-10-22,A,2450
13268,17655,2025-10-23,A,10792
13269,17657,2025-12-21,A,2494
13270,17659,2026-01-14,A,2135
13271,17661,2025-06-16,A,2203
13272,17662,2025-12-16,A,938
13273,17663,2026-03-10,B,6593
13274,17664,2025-11-17,A,431
13275,17665,2026-02-07,B,11291
13276,17666,2025-08-06,A,6616
13277,17667,2025-05-01,A,10067
13278,17668,2025-05-21,A,2476
13279,17669,2025-04-29,C,11625
13280,17672,2025-05-17,A,8887
13281,17673,2025-03-01,A,2382
13282,17674,2025-10-28,A,2203
13283,17675,2025-09-03,A,2642
13284,17676,2026-03-06,A,6230
13285,17679,2025-09-18,A,2432
13286,17680,2025-09-01,A,6911
13287,17681,2025-12-12,A,5281
13288,17682,2025-09-04,A,3537
13289,17683,2026-04-05,A,9030
13290,17684,2025-05-24,A,2476
13291,17685,2025-04-16,A,2496
13292,17686,2025-07-30,A,6756
13293,17687,2025-07-11,B,2551
13294,17688,2025-02-21,C,2282
13295,17689,2025-05-23,A,8934
13296,17690,2025-05-29,B,4228
13297,17692,2025-10-13,A,10250
13298,17693,2025-04-30,A,2406
13299,17695,2025-04-17,C,2181
13300,17696,2025-06-02,A,7492
13301,17697,2026-01-14,A,2432
13302,17699,2025-08-25,A,2475
13303,17700,2025-03-22,A,6200
13304,17701,2025-10-25,A,2231
13305,17703,2025-10-25,A,623
13306,17704,2025-11-06,C,4400
13307,17705,2025-04-25,A,2641
13308,17706,2025-02-25,B,2404
13309,17707,2025-03-24,A,2666
13310,17708,2025-05-05,A,2230
13311,17710,2026-01-25,C,6153
13312,17711,2025-07-31,A,10396
13313,17713,2026-02-20,C,4698
13314,17715,2025-07-13,A,3915
13315,17716,2025-10-25,A,7028
13316,17718,2025-03-19,A,4064
13317,17720,2025-07-22,A,8483
13318,17721,2025-11-11,A,2203
13319,17722,2025-10-29,A,11186
13320,17723,2026-02-05,C,11269
13321,17724,2025-02-01,A,2202
13322,17725,2025-12-26,A,2104
13323,17726,2025-05-26,A,10028
13324,17727,2025-08-15,C,2338
13325,17728,2025-07-21,A,8659
13326,17729,2026-02-11,A,10562
13327,17732,2025-12-11,A,8660
13328,17734,2025-06-28,A,1942
13329,17735,2025-10-26,A,3285
13330,17736,2025-10-13,C,3912
13331,17737,2025-07-30,C,10457
13332,17739,2025-06-14,A,10822
13333,17740,2026-01-16,A,1663
13334,17741,2025-07-02,A,7917
13335,17742,2025-05-19,A,5876
13336,17744,2026-01-05,A,2450
13337,17745,2025-04-23,A,2665
13338,17747,2025-07-21,A,579
13339,17748,2025-12-09,C,2552
13340,17749,2025-06-09,A,3762
13341,17751,2026-05-28,C,10874
13342,17752,2025-10-14,A,4400
13343,17753,2025-08-15,A,2160
13344,17756,2025-11-12,A,2357
13345,17757,2025-06-09,C,9202
13346,17759,2025-04-07,A,2474
13347,17760,2025-10-02,B,10324
13348,17761,2025-10-21,A,2643
13349,17762,2025-10-13,C,1421
13350,17763,2025-06-11,A,2357
13351,17764,2025-10-17,A,4202
13352,17765,2025-09-20,A,2356
13353,17766,2025-08-04,A,2938
13354,17767,2025-04-11,C,2259
13355,17768,2025-06-20,A,2475
13356,17769,2025-10-14,A,2357
13357,17770,2025-09-30,A,2496
13358,17771,2025-11-25,B,2183
13359,17772,2026-02-13,C,8737
13360,17775,2025-12-02,A,5328
13361,17777,2025-11-22,A,2433
13362,17778,2026-01-22,C,2382
13363,17779,2025-08-25,A,2431
13364,17781,2025-06-28,A,8585
13365,17782,2025-09-06,A,5762
13366,17783,2025-07-13,A,11387
13367,17785,2025-04-10,C,2105
13368,17786,2025-07-25,A,9388
13369,17787,2025-05-28,C,9599
13370,17788,2025-09-04,A,2204
13371,17789,2026-01-07,C,11289
13372,17790,2025-06-06,A,891
13373,17791,2025-03-18,A,9231
13374,17793,2025-06-20,A,8934
13375,17795,2025-11-16,A,2432
13376,17797,2025-07-15,A,2474
13377,17799,2026-01-18,A,5981
13378,17801,2025-11-09,B,9902
13379,17802,2025-08-13,A,6913
13380,17803,2025-07-10,B,5897
13381,17804,2025-02-26,A,990
13382,17805,2026-01-19,B,9102
13383,17806,2025-12-24,A,3559
13384,17808,2025-10-12,A,2432
13385,17809,2025-03-11,A,2338
13386,17811,2025-11-24,A,2159
13387,17812,2025-08-27,A,9176
13388,17813,2026-02-28,B,525
13389,17815,2025-04-20,A,4374
13390,17816,2025-04-22,A,2666
13391,17817,2025-12-03,A,2259
13392,17819,2025-10-28,B,6277
13393,17821,2025-04-07,C,10534
13394,17822,2026-04-13,C,11291
13395,17823,2025-12-11,C,382
13396,17826,2025-07-17,A,4375
13397,17827,2026-01-25,C,502
13398,17829,2025-03-30,A,10535
13399,17830,2026-05-05,C,4893
13400,17831,2025-05-13,A,2336
13401,17833,2025-04-27,A,2358
13402,17834,2025-11-28,A,2180
13403,17836,2025-08-01,A,7944
13404,17837,2025-11-16,A,2432
13405,17838,2025-08-03,A,2282
13406,17839,2025-05-03,B,2690
13407,17840,2025-04-28,A,11650
13408,17841,2025-06-14,A,6481
13409,17842,2025-05-07,A,2450
13410,17844,2025-11-17,A,2337
13411,17846,2025-12-15,A,383
13412,17847,2025-03-27,A,891
13413,17848,2025-08-09,A,5374
13414,17849,2025-05-22,C,2180
13415,17850,2025-06-08,A,713
13416,17851,2025-11-21,A,3937
13417,17852,2025-11-29,C,2134
13418,17853,2026-01-15,C,11342
13419,17854,2025-11-20,A,4373
13420,17855,2025-12-31,A,10637
13421,17858,2026-03-07,A,7168
13422,17859,2025-06-08,A,2310
13423,17860,2025-11-08,C,6782
13424,17862,2025-02-27,A,9434
13425,17863,2025-10-21,A,4250
13426,17865,2025-06-08,C,2310
13427,17866,2025-08-07,C,10027
13428,17867,2025-03-01,B,9253
13429,17868,2025-09-02,A,9759
13430,17869,2026-02-03,A,4228
13431,17870,2025-04-23,C,9229
13432,17871,2025-07-02,A,2335
13433,17873,2025-07-29,A,9670
13434,17874,2025-10-19,A,6691
13435,17875,2025-08-15,A,4399
13436,17876,2025-11-10,A,8147
13437,17877,2025-12-04,A,2204
13438,17879,2025-09-16,A,1861
13439,17880,2025-10-29,C,11471
13440,17881,2025-07-15,B,2404
13441,17884,2026-02-16,B,7546
13442,17885,2026-03-01,A,2258
13443,17886,2025-02-23,A,11424
13444,17890,2025-08-24,A,665
13445,17891,2025-12-09,C,4159
13446,17893,2025-03-31,A,646
13447,17894,2025-07-28,A,9802
13448,17895,2025-08-05,A,6413
13449,17896,2025-12-12,A,9878
13450,17897,2025-07-23,A,1814
13451,17900,2025-04-09,A,3070
13452,17901,2025-12-19,A,2665
13453,17902,2025-08-11,A,2666
13454,17907,2026-02-02,B,1962
13455,17909,2025-06-23,A,8679
13456,17910,2025-03-15,B,11141
13457,17911,2026-02-25,A,1182
13458,17913,2025-07-12,C,6983
13459,17914,2025-09-06,A,2406
13460,17915,2025-08-26,A,2337
13461,17916,2025-12-26,A,2812
13462,17918,2025-03-06,A,8981
13463,17919,2025-09-23,A,8788
13464,17920,2025-11-12,A,8585
13465,17921,2025-03-15,A,2496
13466,17922,2025-04-02,A,3989
13467,17924,2025-12-13,A,810
13468,17925,2025-09-23,A,1609
13469,17926,2025-10-22,A,2310
13470,17927,2025-08-03,A,5850
13471,17928,2026-01-04,A,6913
13472,17929,2025-11-26,C,9737
13473,17930,2026-01-09,A,4965
13474,17932,2025-06-20,C,2106
13475,17934,2025-08-09,B,2336
13476,17936,2025-12-28,A,9735
13477,17937,2025-11-28,A,2159
13478,17938,2025-12-27,C,2258
13479,17939,2025-04-01,A,5164
13480,17940,2025-07-27,C,9782
13481,17944,2025-08-21,A,5691
13482,17945,2026-01-07,A,10305
13483,17946,2025-07-07,A,7943
13484,17947,2025-11-16,A,11119
13485,17949,2025-12-10,A,5635
13486,17950,2025-05-01,C,1421
13487,17952,2025-06-28,A,9781
13488,17953,2026-02-02,A,5145
13489,17956,2025-08-06,A,3097
13490,17958,2025-12-24,C,4010
13491,17961,2025-12-16,C,4203
13492,17962,2025-10-04,A,2475
13493,17964,2025-12-03,A,1525
13494,17965,2025-04-08,A,11070
13495,17966,2025-08-01,A,10375
13496,17967,2025-05-18,C,2404
13497,17969,2026-03-05,A,11143
13498,17970,2025-11-24,C,2282
13499,17971,2025-03-23,A,8511
13500,17972,2025-11-09,C,9364
13501,17973,2025-05-25,C,10251
13502,17976,2026-03-21,A,7340
13503,17977,2025-04-26,C,6810
13504,17980,2026-01-19,A,7411
13505,17982,2025-08-05,A,11940
13506,17983,2025-05-04,A,2282
13507,17984,2025-07-07,C,8196
13508,17985,2025-03-08,A,10920
13509,17987,2025-11-26,A,839
13510,17988,2025-07-22,A,2615
13511,17989,2026-02-18,C,8806
13512,17990,2025-08-20,C,2284
13513,17991,2025-12-28,C,6504
13514,17993,2025-05-04,A,9155
13515,17995,2025-03-23,A,5876
13516,17996,2025-07-04,A,2450
13517,17998,2025-07-23,A,8171
13518,17999,2026-01-05,A,8863
13519,18000,2025-07-12,A,8412
13520,18001,2025-08-29,A,5638
13521,18002,2025-08-13,C,3559
13522,18003,2025-07-21,A,10201
13523,18004,2025-11-15,A,1816
13524,18005,2025-10-12,A,2311
13525,18006,2026-01-26,A,10488
13526,18007,2025-08-03,A,3443
13527,18008,2025-04-22,A,11555
13528,18009,2025-09-11,A,2641
13529,18010,2025-11-15,A,8678
13530,18011,2025-06-24,A,2335
13531,18012,2025-11-23,A,5719
13532,18013,2025-04-16,A,1261
13533,18014,2026-01-03,C,6276
13534,18015,2025-07-25,A,2834
13535,18016,2025-08-15,A,2432
13536,18017,2026-02-13,A,4088
13537,18018,2025-10-07,B,2551
13538,18020,2025-10-01,A,2642
13539,18022,2025-10-17,B,3538
13540,18025,2025-03-29,B,2450
13541,18026,2025-05-15,C,2571
13542,18027,2025-10-28,A,1941
13543,18033,2025-07-05,A,9250
13544,18034,2026-03-15,A,11773
13545,18035,2026-01-29,C,2406
13546,18036,2025-02-24,A,2336
13547,18037,2025-09-11,A,10675
13548,18038,2025-04-05,B,6325
13549,18040,2025-09-05,A,5252
13550,18041,2026-02-04,A,11604
13551,18042,2025-12-07,A,3560
13552,18043,2026-01-01,A,3582
13553,18044,2025-07-07,A,5444
13554,18045,2025-07-28,B,2384
13555,18046,2026-01-02,A,2384
13556,18047,2025-06-19,A,3654
13557,18049,2025-10-19,C,1355
13558,18050,2025-09-16,A,2284
13559,18051,2026-02-04,B,3492
13560,18052,2025-07-29,A,5610
13561,18053,2026-03-16,A,2159
13562,18055,2025-10-23,A,8737
13563,18056,2025-06-27,B,5228
13564,18057,2025-10-27,A,7491
13565,18058,2025-06-15,A,3747
13566,18059,2025-07-02,A,11038
13567,18060,2025-12-20,B,6952
13568,18061,2025-09-06,A,4247
13569,18062,2025-09-18,A,2203
13570,18063,2025-12-09,C,2790
13571,18064,2025-11-27,A,6952
13572,18065,2025-10-15,A,10325
13573,18067,2026-01-24,A,1331
13574,18070,2026-01-05,C,1715
13575,18071,2025-06-23,C,3509
13576,18072,2026-01-28,A,967
13577,18073,2026-01-13,A,9998
13578,18074,2025-07-24,A,9671
13579,18075,2025-06-20,A,11606
13580,18077,2025-08-25,A,11187
13581,18078,2025-05-03,A,1398
13582,18079,2026-03-29,A,6483
13583,18081,2026-02-28,A,11512
13584,18082,2025-08-05,A,10970
13585,18083,2025-07-19,A,5719
13586,18084,2025-04-14,C,2284
13587,18085,2025-06-10,C,2159
13588,18086,2025-08-11,A,4353
13589,18087,2025-05-18,C,6867
13590,18089,2026-01-28,A,11166
13591,18090,2025-09-07,C,10090
13592,18092,2026-01-10,A,6033
13593,18093,2025-06-08,A,2571
13594,18094,2025-03-18,A,9824
13595,18095,2025-12-29,A,2664
13596,18096,2025-04-27,A,7386
13597,18097,2025-11-27,C,9434
13598,18099,2025-08-26,A,2495
13599,18100,2025-06-10,A,2258
13600,18101,2025-07-14,A,2311
13601,18103,2026-01-29,A,11386
13602,18104,2025-09-22,B,8534
13603,18105,2025-12-24,A,2284
13604,18106,2025-07-11,A,3582
13605,18107,2025-02-27,A,9029
13606,18108,2025-07-23,A,2494
13607,18109,2025-03-31,A,2572
13608,18110,2025-11-14,A,10280
13609,18111,2025-09-12,C,6034
13610,18112,2025-11-10,A,2495
13611,18113,2025-09-08,A,2641
13612,18114,2026-01-14,A,2338
13613,18116,2025-11-23,C,4010
13614,18118,2025-06-14,A,5543
13615,18119,2025-09-07,A,3634
13616,18120,2025-06-13,A,8484
13617,18121,2026-01-06,B,2523
13618,18122,2025-10-21,A,2406
13619,18123,2025-11-26,A,1306
13620,18124,2025-05-28,A,2666
13621,18125,2026-04-21,A,2690
13622,18126,2026-03-05,C,2909
13623,18127,2025-08-13,A,2666
13624,18129,2025-10-24,B,6340
13625,18130,2025-09-26,C,792
13626,18132,2025-09-25,A,478
13627,18133,2026-02-25,C,622
13628,18134,2025-07-19,A,2552
13629,18135,2025-11-01,A,6810
13630,18136,2025-03-22,C,9578
13631,18137,2025-07-21,A,2336
13632,18139,2026-01-26,A,9128
13633,18140,2025-09-18,A,3213
13634,18143,2025-03-31,C,2594
13635,18144,2025-10-31,C,647
13636,18146,2025-09-20,C,3786
13637,18148,2025-11-19,A,2258
13638,18149,2025-08-17,C,5057
13639,18150,2025-05-27,A,4425
13640,18152,2025-04-21,A,6416
13641,18153,2025-03-04,A,1690
13642,18154,2025-09-20,A,11512
13643,18155,2025-07-13,C,2522
13644,18156,2025-07-02,A,4942
13645,18157,2025-08-18,A,9803
13646,18158,2025-10-14,A,5954
13647,18159,2025-10-16,A,6364
13648,18160,2025-11-27,A,7288
13649,18161,2025-01-25,A,10066
13650,18162,2025-06-15,A,1062
13651,18163,2025-11-03,A,2180
13652,18164,2025-06-29,B,6782
13653,18165,2025-07-26,A,2059
13654,18166,2026-03-23,A,11187
13655,18169,2026-01-01,A,8862
13656,18170,2025-08-13,A,8909
13657,18171,2025-07-22,A,9128
13658,18172,2026-01-13,A,454
13659,18176,2025-07-29,A,5306
13660,18177,2025-10-05,A,1482
13661,18179,2025-10-11,A,11798
13662,18182,2025-11-04,A,2496
13663,18183,2025-09-02,A,10202
13664,18184,2025-07-19,A,4373
13665,18186,2025-08-07,A,11269
13666,18187,2025-12-09,A,9846
13667,18188,2025-05-21,A,11268
13668,18193,2025-08-17,C,1833
13669,18194,2025-06-05,C,9824
13670,18195,2025-05-17,A,10026
13671,18196,2026-02-10,A,10224
13672,18198,2025-12-29,C,2336
13673,18199,2025-09-19,C,2909
13674,18200,2025-09-01,A,3242
13675,18201,2025-05-31,A,1915
13676,18202,2025-10-24,A,622
13677,18203,2025-08-08,A,7463
13678,18204,2025-10-29,A,5823
13679,18206,2025-04-29,A,1962
13680,18207,2026-01-08,A,4354
13681,18208,2025-08-14,B,8195
13682,18209,2025-02-22,A,11186
13683,18210,2025-02-03,C,2358
13684,18212,2025-09-28,B,6809
13685,18213,2026-02-16,A,2432
13686,18216,2025-11-28,A,2571
13687,18217,2025-10-19,C,2433
13688,18218,2025-10-22,A,10460
13689,18219,2026-01-09,C,2740
13690,18220,2026-01-20,A,6691
13691,18221,2025-09-06,A,7601
13692,18222,2026-03-30,A,2594
13693,18223,2025-11-25,A,2204
13694,18225,2025-04-01,B,3745
13695,18226,2025-09-21,C,9901
13696,18227,2026-01-05,A,580
13697,18228,2025-12-25,A,2134
13698,18229,2025-12-08,A,11535
13699,18230,2025-10-21,A,10279
13700,18231,2025-09-24,A,2473
13701,18232,2025-06-05,C,713
13702,18234,2025-09-16,A,2551
13703,18236,2025-10-14,C,3655
13704,18237,2025-04-30,B,2259
13705,18238,2026-05-05,A,10396
13706,18239,2025-08-14,A,2311
13707,18241,2025-12-15,A,2431
13708,18242,2026-04-10,A,11718
13709,18243,2025-09-01,A,8195
13710,18244,2025-05-20,A,8222
13711,18245,2025-08-22,C,2080
13712,18246,2025-03-19,A,10069
13713,18247,2025-05-03,A,10249
13714,18250,2025-09-25,A,2450
13715,18252,2026-03-19,A,9629
13716,18253,2025-06-30,A,2283
13717,18254,2025-05-06,A,8092
13718,18255,2025-09-30,A,9758
13719,18257,2025-04-02,A,1481
13720,18258,2025-05-01,A,9157
13721,18259,2026-01-26,A,2335
13722,18261,2026-01-20,A,9007
13723,18263,2025-12-26,C,9178
13724,18264,2025-12-19,A,5207
13725,18265,2025-10-06,A,3284
13726,18266,2025-12-13,A,5488
13727,18269,2026-02-11,A,2451
13728,18270,2025-11-27,A,5895
13729,18273,2025-03-09,A,5080
13730,18274,2025-06-10,A,2935
13731,18276,2025-10-02,B,2476
13732,18277,2025-05-20,A,1162
13733,18278,2025-03-20,A,8482
13734,18279,2025-03-13,C,10584
13735,18280,2026-02-04,A,6461
13736,18281,2025-06-18,A,10658
13737,18282,2026-01-31,A,3582
13738,18284,2025-09-24,A,6523
13739,18285,2025-12-22,C,9760
13740,18286,2025-11-03,A,966
13741,18287,2025-10-14,A,9997
13742,18288,2025-10-02,C,9995
13743,18289,2025-10-14,A,10459
13744,18290,2026-01-03,A,11237
13745,18291,2025-12-22,B,10612
13746,18292,2025-07-15,A,2473
13747,18293,2025-06-20,A,9825
13748,18295,2025-06-05,A,5015
13749,18296,2025-04-26,B,7971
13750,18297,2025-09-04,A,5564
13751,18298,2025-09-15,C,430
13752,18299,2026-02-11,C,7340
13753,18301,2025-10-11,A,8632
13754,18302,2025-10-07,B,4134
13755,18304,2026-03-01,A,11534
13756,18305,2026-02-13,B,4919
13757,18306,2026-01-07,A,9825
13758,18307,2025-05-16,C,9365
13759,18308,2025-09-24,A,2183
13760,18309,2025-03-31,A,6866
13761,18310,2025-08-27,A,8737
13762,18312,2025-12-29,A,2496
13763,18313,2025-07-12,A,8560
13764,18314,2025-09-22,A,5636
13765,18315,2026-01-07,A,4249
13766,18319,2025-11-24,B,6891
13767,18320,2025-11-26,B,1549
13768,18321,2026-02-06,A,6836
13769,18323,2026-04-18,A,2284
13770,18324,2025-06-20,A,5443
13771,18325,2025-10-05,A,2473
13772,18326,2025-12-17,A,5489
13773,18327,2025-11-01,A,2664
13774,18329,2026-02-15,A,2312
13775,18330,2025-04-21,A,6593
13776,18331,2025-09-17,A,2667
13777,18333,2025-11-14,A,4159
13778,18335,2025-09-15,C,665
13779,18336,2026-01-01,A,2183
13780,18337,2025-09-22,A,6809
13781,18339,2025-08-09,A,2337
13782,18340,2025-07-26,C,2059
13783,18341,2025-10-22,A,1962
13784,18342,2025-10-02,B,5145
13785,18343,2026-02-02,A,9317
13786,18344,2026-02-27,A,2382
13787,18345,2025-09-09,B,2963
13788,18348,2025-06-26,A,5662
13789,18349,2025-05-15,A,2385
13790,18350,2025-06-18,A,9824
13791,18352,2025-08-11,A,1162
13792,18353,2025-10-24,A,2551
13793,18354,2025-09-01,A,9974
13794,18355,2025-10-06,A,9007
13795,18358,2025-05-30,A,2522
13796,18359,2025-06-05,A,2406
13797,18360,2025-05-25,A,6809
13798,18361,2026-01-06,B,4747
13799,18363,2025-12-02,C,8290
13800,18364,2025-08-24,A,9529
13801,18365,2026-01-27,A,6342
13802,18366,2025-09-16,A,5036
13803,18367,2025-08-27,A,2310
13804,18368,2026-02-25,A,2106
13805,18369,2025-11-27,A,6811
13806,18370,2026-03-23,C,2181
13807,18371,2025-10-30,A,6126
13808,18372,2025-04-29,A,5466
13809,18373,2025-05-01,C,2432
13810,18374,2025-08-16,A,6689
13811,18376,2025-06-14,A,10655
13812,18377,2025-06-08,A,6982
13813,18379,2025-07-28,A,3493
13814,18380,2025-06-18,A,6437
13815,18381,2025-04-07,C,8960
13816,18382,2025-11-05,A,4203
13817,18383,2025-06-03,A,3762
13818,18386,2025-05-13,A,2283
13819,18387,2026-01-24,A,7621
13820,18389,2025-10-04,A,6811
13821,18390,2025-05-16,A,4204
13822,18391,2026-01-31,A,4820
13823,18392,2026-02-16,A,4089
13824,18393,2025-06-06,C,4228
13825,18394,2025-06-20,C,2336
13826,18395,2025-06-11,A,5164
13827,18396,2025-08-08,A,5825
13828,18397,2025-07-19,A,3633
13829,18398,2025-11-03,A,3986
13830,18399,2025-05-12,A,5374
13831,18400,2026-01-12,A,2594
13832,18401,2025-05-26,A,9711
13833,18402,2025-06-23,C,4373
13834,18403,2026-04-14,A,1443
13835,18404,2025-10-01,A,6866
13836,18405,2026-04-02,B,8222
13837,18407,2025-07-25,A,8911
13838,18408,2025-03-03,C,2963
13839,18409,2025-11-01,A,2105
13840,18410,2025-09-04,A,9154
13841,18414,2025-04-05,A,524
13842,18415,2025-04-22,A,9277
13843,18417,2026-01-31,B,2495
13844,18418,2025-03-14,C,11319
13845,18422,2025-08-24,A,2664
13846,18423,2025-12-22,C,2667
13847,18424,2025-12-29,A,3654
13848,18425,2025-08-15,A,11451
13849,18426,2025-06-17,A,11451
13850,18428,2025-09-12,A,4495
13851,18430,2025-06-20,A,5164
13852,18431,2026-02-05,A,6594
13853,18432,2025-06-01,A,3264
13854,18433,2025-09-28,A,9031
13855,18434,2026-02-26,A,6078
13856,18435,2025-06-13,A,2405
13857,18437,2025-09-10,C,1114
13858,18438,2025-11-01,A,2336
13859,18439,2026-01-26,C,1570
13860,18440,2025-04-23,A,9231
13861,18441,2025-07-20,A,407
13862,18442,2025-09-03,A,3785
13863,18443,2025-11-17,A,6717
13864,18444,2025-09-21,A,647
13865,18446,2025-09-07,A,2984
13866,18447,2025-06-06,A,11910
13867,18448,2025-06-09,A,9298
13868,18450,2026-05-07,A,1288
13869,18454,2025-09-09,A,6523
13870,18455,2025-10-08,C,2258
13871,18456,2025-10-18,A,2230
13872,18457,2025-10-16,A,3071
13873,18458,2025-04-20,A,9878
13874,18459,2025-04-27,A,2667
13875,18460,2025-05-28,A,8483
13876,18461,2025-06-22,A,8585
13877,18462,2026-04-23,B,5124
13878,18463,2025-09-06,A,11648
13879,18465,2025-04-03,A,8065
13880,18466,2025-06-18,A,11773
13881,18468,2025-08-07,C,1762
13882,18469,2025-07-14,A,2552
13883,18470,2025-03-29,A,5635
13884,18472,2025-09-24,C,5692
13885,18475,2025-06-27,A,8586
13886,18476,2026-01-22,A,1962
13887,18477,2025-08-18,A,6438
13888,18478,2025-09-07,A,9077
13889,18479,2025-03-12,C,8290
13890,18480,2025-03-10,A,10279
13891,18482,2025-06-28,A,1714
13892,18483,2025-02-15,A,602
13893,18486,2025-10-29,A,2356
13894,18487,2025-08-20,A,2433
13895,18488,2025-12-29,B,8223
13896,18489,2025-10-15,B,2312
13897,18490,2025-05-19,A,2406
13898,18491,2025-07-29,C,2451
13899,18492,2025-05-29,B,4592
13900,18493,2025-03-22,A,11470
13901,18494,2025-06-08,C,3510
13902,18496,2026-04-29,C,6810
13903,18501,2025-11-30,A,8510
13904,18502,2025-06-08,A,9710
13905,18503,2025-10-21,A,2595
13906,18504,2025-05-09,A,890
13907,18505,2025-11-11,A,11318
13908,18507,2025-05-07,A,6504
13909,18508,2026-01-22,B,11625
13910,18509,2025-06-15,A,2667
13911,18510,2025-04-12,A,11291
13912,18511,2025-11-19,A,2284
13913,18512,2025-09-24,A,2476
13914,18514,2025-12-30,A,2384
13915,18515,2025-05-13,C,968
13916,18516,2025-10-20,A,9176
13917,18518,2025-12-08,A,2284
13918,18519,2025-11-04,A,2909
13919,18520,2025-06-25,A,6689
13920,18521,2025-10-13,A,7316
13921,18522,2025-11-09,A,11342
13922,18523,2026-02-22,A,5375
13923,18524,2025-06-12,C,9127
13924,18525,2026-02-24,B,1587
13925,18526,2025-08-16,A,3634
13926,18527,2025-06-08,A,4943
13927,18528,2026-04-12,A,2615
13928,18529,2025-06-18,A,2160
13929,18530,2025-07-19,A,623
13930,18531,2025-11-05,A,2335
13931,18532,2025-10-03,A,1763
13932,18533,2025-06-14,A,9200
13933,18534,2025-07-09,C,1089
13934,18535,2026-03-18,C,8436
13935,18536,2025-08-26,A,11513
13936,18538,2025-03-05,A,2231
13937,18539,2025-07-10,A,3359
13938,18540,2025-12-03,A,9759
13939,18542,2025-04-22,A,2181
13940,18543,2025-12-11,A,1140
13941,18545,2025-08-30,A,11012
13942,18546,2025-10-23,A,1888
13943,18547,2025-06-03,A,2338
13944,18548,2025-11-24,A,683
13945,18549,2025-09-21,A,4967
13946,18550,2026-04-08,A,2665
13947,18551,2025-07-16,A,6809
13948,18552,2025-06-04,A,2432
13949,18554,2026-01-08,B,1484
13950,18555,2026-01-21,A,2336
13951,18556,2025-07-31,C,3987
13952,18557,2025-10-20,A,2431
13953,18558,2025-09-25,A,6343
13954,18559,2025-05-09,C,3812
13955,18560,2025-06-10,C,9364
13956,18561,2025-03-01,A,3244
13957,18562,2025-03-06,C,2230
13958,18565,2025-08-08,B,5690
13959,18567,2025-08-03,A,2358
13960,18568,2025-12-17,C,6755
13961,18569,2025-08-24,A,1481
13962,18570,2025-11-04,A,10204
13963,18571,2025-12-20,B,2181
13964,18575,2025-07-06,A,646
13965,18576,2025-04-22,C,4400
13966,18577,2025-09-04,A,10440
13967,18578,2025-09-16,A,8933
13968,18579,2025-05-22,A,2982
13969,18580,2025-11-13,A,1378
13970,18581,2025-07-06,A,2433
13971,18582,2025-05-18,C,1484
13972,18583,2025-02-19,C,1740
13973,18584,2025-10-08,C,11578
13974,18585,2026-03-24,C,9878
13975,18586,2025-08-05,B,2433
13976,18587,2025-08-04,A,9948
13977,18589,2025-06-15,A,9032
13978,18590,2025-06-14,A,4525
13979,18591,2025-06-21,A,1441
13980,18592,2025-10-14,A,9482
13981,18593,2026-02-14,A,6717
13982,18594,2025-09-19,A,6982
13983,18596,2025-06-20,A,6276
13984,18597,2025-11-04,A,2405
13985,18598,2025-10-22,A,3958
13986,18599,2026-03-17,A,6249
13987,18600,2025-10-22,B,8435
13988,18603,2025-08-13,A,1961
13989,18604,2026-03-06,A,4329
13990,18605,2025-07-26,A,6483
13991,18606,2025-08-28,B,2642
13992,18607,2025-04-08,A,5329
13993,18608,2025-06-24,A,7621
13994,18609,2026-02-19,C,5330
13995,18610,2025-11-14,C,2495
13996,18612,2026-02-03,C,5692
13997,18614,2025-04-30,A,2552
13998,18615,2025-11-06,A,2203
13999,18616,2025-06-16,A,9973
14000,18617,2025-05-23,A,2473
14001,18619,2025-05-11,A,4302
14002,18620,2026-01-27,A,3466
14003,18622,2025-07-16,A,1332
14004,18624,2025-07-27,A,2571
14005,18625,2026-02-15,A,2615
14006,18626,2025-11-25,A,11938
14007,18627,2025-10-03,A,9902
14008,18628,2025-09-25,C,2641
14009,18629,2025-07-09,A,2310
14010,18630,2025-05-16,A,2450
14011,18631,2025-04-04,A,4111
14012,18632,2025-11-01,C,7602
14013,18635,2026-02-06,C,9899
14014,18636,2026-03-24,A,2104
14015,18638,2026-01-17,A,4009
14016,18639,2025-05-26,A,4275
14017,18640,2025-12-12,A,4523
14018,18641,2025-11-20,A,2641
14019,18644,2026-04-17,A,4276
14020,18645,2025-09-11,C,1234
14021,18647,2025-04-19,A,2432
14022,18648,2025-10-22,A,4569
14023,18649,2025-11-16,A,7667
14024,18650,2025-09-23,A,9922
14025,18651,2025-04-02,A,1588
14026,18652,2025-11-04,A,2003
14027,18656,2026-04-08,A,6415
14028,18657,2025-08-09,A,6643
14029,18658,2025-06-06,A,9576
14030,18661,2025-09-30,A,10304
14031,18662,2025-11-29,A,5057
14032,18665,2025-03-23,A,3420
14033,18666,2026-03-02,A,8957
14034,18667,2025-09-17,C,2406
14035,18668,2025-05-26,B,2476
14036,18669,2025-06-23,A,10458
14037,18670,2025-10-08,A,8535
14038,18671,2026-02-15,A,5104
14039,18674,2025-06-05,B,9690
14040,18675,2025-10-28,A,9252
14041,18676,2025-08-12,A,6460
14042,18677,2025-05-19,A,10069
14043,18679,2025-10-02,A,1481
14044,18680,2025-08-06,A,2335
14045,18681,2025-05-23,A,7341
14046,18682,2025-10-31,A,2405
14047,18684,2025-07-20,A,5163
14048,18685,2025-05-08,A,2204
14049,18686,2025-06-03,A,4619
14050,18687,2025-04-22,A,10090
14051,18688,2025-08-26,A,8017
14052,18689,2026-03-10,C,3729
14053,18690,2025-07-03,A,6837
14054,18691,2026-03-27,A,2594
14055,18693,2025-11-08,A,9670
14056,18694,2025-07-08,C,4037
14057,18695,2025-05-15,A,382
14058,18696,2025-09-04,A,622
14059,18698,2025-05-23,A,2813
14060,18699,2025-06-25,B,1460
14061,18700,2025-12-07,A,2641
14062,18701,2025-06-22,C,3912
14063,18702,2025-08-26,A,5586
14064,18704,2025-03-17,A,2205
14065,18705,2025-06-07,A,2616
14066,18706,2025-09-06,A,6691
14067,18707,2025-05-29,A,2552
14068,18708,2025-07-01,C,2406
14069,18710,2025-03-29,A,2259
14070,18711,2025-09-06,A,5016
14071,18712,2025-11-28,A,9298
14072,18713,2025-08-29,A,4274
14073,18715,2025-01-29,A,8269
14074,18716,2025-06-21,A,6911
14075,18717,2026-01-28,A,11142
14076,18718,2025-12-21,A,9278
14077,18719,2025-03-03,A,2356
14078,18721,2025-09-15,A,6755
14079,18722,2025-05-30,A,7547
14080,18723,2025-06-23,C,4593
14081,18724,2025-10-17,C,10459
14082,18725,2026-01-16,C,1014
14083,18728,2025-06-20,A,9559
14084,18731,2026-02-03,B,9651
14085,18732,2025-07-20,A,2858
14086,18733,2026-03-25,A,9735
14087,18734,2025-07-14,A,9758
14088,18736,2026-03-10,A,10584
14089,18737,2025-08-16,A,5788
14090,18738,2026-01-20,A,1588
14091,18740,2025-03-24,A,7844
14092,18742,2026-02-27,A,5280
14093,18743,2026-02-07,C,5516
14094,18744,2025-08-20,A,2572
14095,18745,2025-05-19,A,5443
14096,18747,2025-06-28,B,1861
14097,18749,2025-07-11,C,9950
14098,18750,2025-12-09,A,2432
14099,18751,2025-08-14,A,6691
14100,18753,2026-03-27,A,3242
14101,18754,2025-10-31,A,11425
14102,18755,2026-02-21,A,1712
14103,18756,2026-04-12,A,8455
14104,18759,2025-07-04,A,5922
14105,18760,2026-01-29,A,4038
14106,18761,2025-10-21,A,4496
14107,18765,2025-09-09,A,8767
14108,18766,2025-06-03,C,10089
14109,18767,2025-12-10,B,2476
14110,18769,2025-09-06,A,2310
14111,18770,2025-08-04,C,4204
14112,18771,2025-08-11,A,2642
14113,18772,2026-01-25,B,2595
14114,18775,2025-09-26,A,1116
14115,18776,2025-08-30,A,1379
14116,18777,2025-09-06,A,2311
14117,18778,2026-04-03,C,2643
14118,18780,2025-05-18,A,10224
14119,18782,2025-07-25,A,8535
14120,18783,2025-06-04,A,1356
14121,18784,2025-09-12,A,5421
14122,18785,2025-05-12,C,11513
14123,18786,2025-05-02,A,1714
14124,18787,2026-01-23,A,2338
14125,18788,2025-07-25,A,2335
14126,18789,2025-10-07,A,1287
14127,18791,2025-10-20,A,863
14128,18792,2025-10-31,C,838
14129,18793,2025-04-23,A,2406
14130,18796,2025-10-03,A,1481
14131,18797,2025-03-14,B,2311
14132,18798,2025-07-15,C,3511
14133,18799,2025-06-17,A,2690
14134,18801,2025-05-12,A,9782
14135,18802,2025-08-04,A,2258
14136,18803,2025-06-10,A,1088
14137,18804,2025-05-24,A,6503
14138,18805,2025-06-25,A,6867
14139,18806,2025-06-18,A,5956
14140,18807,2026-01-14,A,1713
14141,18808,2026-03-04,A,455
14142,18809,2025-07-19,A,10656
14143,18812,2025-07-14,A,2159
14144,18813,2025-12-09,A,5638
14145,18814,2026-02-19,C,8173
14146,18816,2026-03-08,A,9127
14147,18817,2025-04-22,A,7056
14148,18819,2025-09-23,A,3603
14149,18820,2025-10-29,A,2358
14150,18822,2025-09-11,C,8269
14151,18823,2026-04-06,C,9157
14152,18824,2025-12-02,A,3831
14153,18825,2025-11-05,A,11290
14154,18826,2025-11-02,A,4183
14155,18827,2025-07-06,A,4375
14156,18829,2025-06-17,A,4872
14157,18830,2026-03-08,A,1524
14158,18831,2025-12-09,A,7765
14159,18832,2026-01-20,A,5351
14160,18833,2025-05-26,A,6523
14161,18834,2026-03-11,A,9996
14162,18838,2026-01-09,A,580
14163,18839,2025-05-30,A,6277
14164,18840,2025-04-09,C,5254
14165,18841,2025-04-17,C,2553
14166,18842,2026-05-23,A,2203
14167,18843,2025-02-25,C,2258
14168,18844,2025-11-29,A,9484
14169,18845,2025-04-02,A,2183
14170,18847,2025-08-18,A,2284
14171,18849,2025-04-11,A,10133
14172,18850,2025-05-03,A,601
14173,18853,2025-08-13,A,2494
14174,18854,2025-11-01,A,3580
14175,18855,2025-08-05,A,2135
14176,18856,2025-12-29,A,2432
14177,18857,2026-02-02,A,2595
14178,18858,2025-04-22,C,11513
14179,18859,2025-10-08,A,2310
14180,18860,2025-07-05,A,9202
14181,18861,2025-07-19,A,10133
14182,18862,2026-01-11,A,10324
14183,18864,2026-01-09,A,7491
14184,18865,2026-03-21,A,4330
14185,18866,2025-12-03,A,2029
14186,18869,2026-03-28,A,8065
14187,18870,2026-04-04,A,2433
14188,18871,2025-10-22,A,4089
14189,18872,2025-05-04,A,554
14190,18873,2025-07-13,A,9007
14191,18875,2025-06-26,C,6548
14192,18876,2025-08-28,A,7264
14193,18877,2025-06-25,A,9824
14194,18878,2026-01-05,A,10987
14195,18879,2025-06-06,A,2594
14196,18880,2026-01-13,A,6867
14197,18881,2025-06-23,A,9101
14198,18882,2025-07-25,A,11095
14199,18883,2025-06-08,C,11425
14200,18884,2026-01-16,C,2572
14201,18885,2025-06-17,C,1548
14202,18886,2025-12-08,B,5164
14203,18887,2025-10-12,A,7917
14204,18888,2025-05-31,C,2358
14205,18892,2026-02-16,A,5351
14206,18895,2025-05-16,A,2432
14207,18899,2025-08-06,A,3762
14208,18902,2025-08-21,A,2160
14209,18903,2025-06-18,C,2258
14210,18905,2025-11-22,B,9877
14211,18906,2025-11-11,A,3441
14212,18908,2025-09-16,A,5104
14213,18910,2026-04-15,A,10920
14214,18911,2026-04-16,C,8414
14215,18912,2025-05-08,A,3986
14216,18914,2025-11-01,A,5124
14217,18915,2025-06-15,A,6436
14218,18919,2025-12-23,A,2182
14219,18921,2026-03-28,A,6715
14220,18922,2025-09-13,A,10919
14221,18923,2025-11-26,C,11267
14222,18924,2025-10-26,A,839
14223,18926,2025-05-31,B,2283
14224,18927,2025-03-26,C,1862
14225,18928,2025-11-05,B,2005
14226,18929,2026-03-21,B,2283
14227,18930,2025-07-06,A,2552
14228,18932,2025-10-18,A,4400
14229,18933,2025-10-13,A,2180
14230,18934,2025-12-11,A,2689
14231,18935,2025-05-16,A,4942
14232,18936,2025-06-11,A,1162
14233,18937,2025-04-30,A,9878
14234,18939,2025-06-28,B,2664
14235,18940,2026-03-02,A,11578
14236,18942,2025-10-17,C,11403
14237,18943,2026-01-25,A,6032
14238,18944,2025-11-13,C,6911
14239,18946,2025-08-11,A,9201
14240,18947,2025-08-19,A,2284
14241,18948,2025-12-13,A,4822
14242,18949,2025-10-22,C,7386
14243,18951,2025-05-08,A,4541
14244,18952,2025-12-01,A,4331
14245,18953,2025-04-15,A,4202
14246,18954,2025-11-06,C,889
14247,18955,2025-10-03,A,864
14248,18957,2025-04-24,C,2205
14249,18958,2025-05-17,A,2495
14250,18960,2025-04-05,A,10068
14251,18962,2025-06-16,C,3560
14252,18964,2025-08-08,C,10971
14253,18965,2025-11-11,A,2643
14254,18966,2025-11-15,A,6200
14255,18968,2026-01-22,A,2664
14256,18969,2025-05-29,A,9924
14257,18970,2026-03-13,A,1662
14258,18972,2025-07-01,C,5955
14259,18973,2025-10-10,B,989
14260,18975,2025-12-02,A,2812
14261,18976,2025-08-02,A,1233
14262,18977,2025-07-29,A,2473
14263,18978,2026-02-22,A,8434
14264,18979,2025-03-01,A,2284
14265,18980,2025-05-31,A,2664
14266,18981,2025-07-08,A,6783
14267,18984,2025-11-10,A,10657
14268,18985,2025-10-26,A,2134
14269,18986,2025-12-28,A,2160
14270,18987,2026-01-06,C,2338
14271,18988,2025-03-22,A,6867
14272,18989,2025-04-02,C,2476
14273,18990,2025-07-16,A,8369
14274,18991,2025-09-17,A,7140
14275,18992,2025-09-13,A,9577
14276,18993,2025-09-25,C,11743
14277,18994,2025-11-22,B,10133
14278,18995,2025-08-01,A,8958
14279,18996,2025-12-12,C,3510
14280,18997,2025-04-09,C,2383
14281,18998,2025-09-28,C,1983
14282,19000,2025-09-19,A,2664
14283,19001,2025-08-18,C,8678
14284,19002,2025-03-14,A,8220
14285,19003,2025-10-03,A,9923
14286,19004,2025-05-17,A,2431
14287,19005,2025-04-10,A,11318
14288,19006,2025-11-28,A,4276
14289,19008,2025-11-24,A,3559
14290,19009,2025-09-30,A,8434
14291,19010,2025-08-27,B,3604
14292,19011,2025-12-07,A,2552
14293,19012,2025-06-15,C,8659
14294,19013,2025-07-07,A,7576
14295,19014,2025-11-05,A,6101
14296,19015,2025-11-16,C,1016
14297,19016,2025-05-20,A,2205
14298,19022,2025-11-23,A,8223
14299,19025,2025-07-04,A,5788
14300,19027,2025-07-13,A,3264
14301,19028,2025-09-23,A,2258
14302,19029,2026-01-24,B,6891
14303,19030,2026-01-25,C,8248
14304,19031,2025-08-31,A,5207
14305,19032,2025-03-21,C,2615
14306,19034,2026-01-13,A,2494
14307,19035,2026-03-20,A,8536
14308,19037,2026-03-06,A,2258
14309,19038,2025-12-31,A,2886
14310,19039,2025-12-05,C,1661
14311,19040,2025-11-14,A,7166
14312,19042,2025-06-01,C,10944
14313,19043,2025-09-11,A,2385
14314,19044,2025-03-28,A,8485
14315,19045,2025-06-22,A,8789
14316,19046,2025-05-30,C,2450
14317,19047,2025-10-04,A,7463
14318,19048,2025-11-24,A,9230
14319,19049,2025-11-23,A,1161
14320,19050,2025-07-04,A,2496
14321,19051,2025-10-28,A,7843
14322,19052,2025-05-28,A,11120
14323,19053,2025-03-26,A,6099
14324,19054,2025-07-12,A,2282
14325,19055,2025-03-17,A,11289
14326,19056,2025-06-22,A,2282
14327,19057,2026-01-07,A,6153
14328,19058,2025-12-20,A,10514
14329,19059,2025-09-25,A,2284
14330,19061,2025-09-13,A,9846
14331,19063,2025-05-25,A,9229
14332,19064,2025-05-11,A,2665
14333,19065,2025-09-09,A,2105
14334,19066,2025-06-13,A,1691
14335,19067,2025-07-22,B,3860
14336,19068,2025-08-03,A,10250
14337,19069,2025-05-26,A,2496
14338,19071,2025-06-15,A,2664
14339,19072,2025-08-18,A,5400
14340,19073,2025-10-03,A,3914
14341,19074,2025-09-10,C,1712
14342,19075,2025-09-18,A,10027
14343,19076,2025-05-31,C,6666
14344,19077,2026-01-11,C,1234
14345,19078,2025-11-17,A,2643
14346,19079,2026-01-10,A,10354
14347,19080,2025-09-19,A,2571
14348,19081,2025-08-08,C,2030
14349,19082,2025-10-06,A,2258
14350,19084,2025-06-30,A,8246
14351,19086,2025-11-01,A,6569
14352,19087,2025-12-03,A,2356
14353,19088,2025-05-30,A,2594
14354,19089,2026-02-03,A,3560
14355,19090,2025-07-18,B,2432
14356,19091,2025-05-29,A,2965
14357,19093,2025-09-18,A,9364
14358,19095,2025-05-18,C,11290
14359,19096,2025-06-19,A,9077
14360,19097,2025-06-09,A,7575
14361,19099,2025-08-11,A,646
14362,19100,2025-07-28,A,2523
14363,19101,2025-06-16,A,2284
14364,19102,2025-08-08,A,3812
14365,19103,2025-09-18,A,5564
14366,19104,2025-10-20,A,2665
14367,19105,2025-11-01,A,2258
14368,19106,2025-05-24,A,9846
14369,19107,2025-02-16,A,2284
14370,19108,2025-11-25,A,9803
14371,19110,2025-08-06,A,2553
14372,19112,2025-04-25,A,1063
14373,19113,2025-06-19,A,4274
14374,19115,2025-12-26,A,4331
14375,19117,2025-05-18,C,5956
14376,19118,2026-02-04,A,9178
14377,19119,2025-06-25,A,2615
14378,19121,2026-01-05,A,2475
14379,19123,2025-09-10,A,9735
14380,19124,2025-04-12,C,2667
14381,19126,2025-06-14,C,2475
14382,19129,2025-06-17,A,7168
14383,19130,2025-10-14,A,2523
14384,19131,2025-11-23,C,11820
14385,19134,2025-04-28,A,10225
14386,19135,2025-05-28,A,6982
14387,19136,2025-05-18,A,10352
14388,19138,2026-01-08,A,6980
14389,19139,2026-01-26,A,2643
14390,19141,2025-10-09,B,7101
14391,19147,2025-05-11,A,2522
14392,19148,2025-12-21,C,6101
14393,19149,2025-05-09,A,889
14394,19150,2025-06-13,A,11840
14395,19152,2025-09-27,A,9902
14396,19153,2025-04-28,B,2666
14397,19155,2025-11-01,A,7843
14398,19156,2025-06-09,A,2310
14399,19157,2025-11-22,C,10560
14400,19158,2025-09-25,B,8611
14401,19160,2025-10-16,A,6865
14402,19161,2025-08-07,A,6691
14403,19162,2025-10-17,C,8807
14404,19163,2025-03-29,A,8368
14405,19164,2025-11-02,C,4250
14406,19165,2025-05-27,A,5281
14407,19168,2025-10-31,A,4227
14408,19169,2025-06-03,A,2282
14409,19170,2025-06-09,A,5444
14410,19171,2025-08-19,A,11364
14411,19172,2025-08-23,A,5101
14412,19173,2025-06-12,B,6594
14413,19174,2025-05-28,A,6363
14414,19175,2025-07-31,A,8735
14415,19177,2025-11-08,A,11188
14416,19179,2025-09-09,A,11838
14417,19180,2025-03-28,A,1287
14418,19181,2025-08-25,A,10066
14419,19182,2025-09-19,A,6641
14420,19185,2025-09-24,C,3915
14421,19186,2025-05-22,A,10636
14422,19187,2025-12-12,A,2284
14423,19188,2025-09-26,A,1163
14424,19189,2026-01-02,A,4424
14425,19190,2026-03-12,C,6911
14426,19191,2025-10-05,A,622
14427,19192,2025-10-05,A,9711
14428,19195,2025-07-02,A,5145
14429,19196,2025-08-07,A,3986
14430,19197,2026-02-27,A,10178
14431,19198,2025-07-30,A,5079
14432,19199,2025-04-17,C,10771
14433,19200,2025-12-30,A,3492
14434,19202,2026-01-16,A,1182
14435,19203,2025-02-27,A,9948
14436,19204,2025-09-22,A,2202
14437,19206,2025-09-27,A,2494
14438,19209,2025-07-20,A,4747
14439,19210,2025-06-04,A,2337
14440,19212,2026-04-27,C,5588
14441,19214,2025-08-23,A,2159
14442,19215,2025-10-22,C,9231
14443,19216,2025-05-17,A,10069
14444,19217,2025-06-20,C,8632
14445,19219,2026-02-09,A,6716
14446,19220,2025-07-16,C,5689
14447,19221,2025-06-08,A,5036
14448,19222,2025-12-19,A,5736
14449,19223,2026-02-08,A,2405
14450,19226,2025-11-12,A,10226
14451,19227,2025-11-23,A,2356
14452,19228,2025-11-20,A,5638
14453,19229,2025-05-30,A,2358
14454,19230,2025-11-23,A,6911
14455,19231,2025-10-31,A,2204
14456,19232,2025-08-21,A,2182
14457,19233,2025-07-02,A,6981
14458,19234,2026-02-22,A,4968
14459,19236,2025-02-13,B,11717
14460,19239,2025-07-18,A,8147
14461,19241,2025-07-01,B,6689
14462,19242,2025-05-29,A,5147
14463,19243,2025-06-07,C,2522
14464,19244,2025-04-25,A,2432
14465,19245,2025-07-08,A,10612
14466,19246,2025-05-18,B,2382
14467,19247,2025-02-14,A,11364
14468,19248,2026-01-06,A,8290
14469,19249,2025-03-24,A,5823
14470,19252,2025-11-13,A,2383
14471,19253,2025-09-13,A,8093
14472,19254,2025-11-29,A,2312
14473,19255,2025-04-30,A,2594
14474,19256,2025-10-22,A,1985
14475,19258,2025-08-09,C,3166
14476,19261,2025-07-18,A,11555
14477,19262,2025-09-29,C,6595
14478,19264,2025-05-20,A,3560
14479,19265,2025-11-05,A,5123
14480,19267,2026-01-29,A,5056
14481,19269,2025-07-24,A,5564
14482,19270,2025-04-14,A,7341
14483,19272,2025-12-12,A,4918
14484,19273,2025-03-12,A,2473
14485,19274,2025-09-27,A,3213
14486,19275,2025-09-04,A,2335
14487,19276,2025-04-22,A,9922
14488,19277,2025-11-01,A,11717
14489,19278,2025-12-22,A,2311
14490,19279,2025-08-09,A,9130
14491,19280,2025-07-01,A,5123
14492,19282,2025-03-26,A,9102
14493,19283,2025-05-04,A,10225
14494,19285,2025-11-30,A,7492
14495,19286,2025-08-28,C,2665
14496,19287,2025-12-11,A,11470
14497,19288,2025-10-03,A,2282
14498,19290,2025-10-31,A,7818
14499,19291,2025-09-02,A,2406
14500,19293,2026-02-25,A,554
14501,19294,2025-09-04,A,2433
14502,19295,2025-12-05,A,2450
14503,19297,2025-12-03,A,4919
14504,19299,2025-07-18,C,2553
14505,19300,2025-12-16,A,11799
14506,19303,2025-04-26,A,9030
14507,19304,2026-02-01,A,9129
14508,19305,2026-02-27,C,2312
14509,19306,2025-10-13,A,1914
14510,19307,2025-09-02,A,1400
14511,19308,2025-06-24,A,1505
14512,19311,2025-06-22,A,8959
14513,19312,2025-11-29,A,4249
14514,19313,2025-09-07,A,3358
14515,19314,2025-06-30,A,9032
14516,19317,2025-04-24,A,5035
14517,19318,2025-02-06,A,4227
14518,19320,2025-11-02,A,8612
14519,19321,2025-08-09,C,5691
14520,19324,2025-11-08,A,5421
14521,19325,2025-07-06,A,7545
14522,19326,2025-09-09,A,431
14523,19327,2025-09-23,C,11070
14524,19328,2025-09-10,C,5081
14525,19329,2025-12-22,A,2180
14526,19330,2025-06-08,A,3050
14527,19332,2025-11-02,A,6756
14528,19333,2025-12-12,B,2553
14529,19334,2026-02-23,A,2643
14530,19337,2025-03-11,C,2451
14531,19338,2025-07-17,A,1962
14532,19339,2025-09-20,A,2284
14533,19340,2025-11-28,A,9201
14534,19342,2025-12-16,B,2522
14535,19343,2025-07-18,A,8434
14536,19344,2025-03-09,A,2494
14537,19345,2025-11-30,A,792
14538,19346,2025-02-24,A,2059
14539,19347,2025-05-12,C,7864
14540,19349,2025-11-29,A,9230
14541,19350,2025-07-10,A,5541
14542,19351,2025-08-13,A,9899
14543,19352,2025-09-04,A,6343
14544,19354,2025-12-10,A,2357
14545,19355,2025-07-20,C,4594
14546,19357,2026-01-06,A,2523
14547,19358,2025-11-15,A,4673
14548,19359,2025-11-23,A,5125
14549,19360,2025-11-29,B,10226
14550,19361,2025-04-19,A,9599
14551,19362,2025-06-28,A,6462
14552,19363,2025-08-06,A,6981
14553,19364,2025-11-27,A,792
14554,19365,2026-01-02,B,9782
14555,19366,2025-12-07,A,10701
14556,19368,2025-02-26,A,2616
14557,19369,2025-08-22,A,1210
14558,19370,2025-09-06,C,1163
14559,19372,2025-09-06,A,2231
14560,19373,2025-06-15,A,8338
14561,19374,2025-11-20,C,8735
14562,19375,2025-11-25,C,10792
14563,19376,2026-01-24,A,4423
14564,19377,2025-07-09,B,1833
14565,19378,2025-05-07,A,10395
14566,19379,2025-07-14,A,4618
14567,19380,2025-05-17,A,1663
14568,19381,2025-06-27,A,9232
14569,19382,2025-09-02,A,8339
14570,19384,2025-10-23,A,5608
14571,19385,2025-08-20,A,10304
14572,19386,2025-02-16,C,5444
14573,19387,2026-02-13,A,2338
14574,19388,2025-06-15,A,9229
14575,19393,2025-07-31,A,4618
14576,19395,2025-07-28,A,2473
14577,19397,2025-04-27,B,2384
14578,19398,2025-12-19,A,2205
14579,19399,2025-06-04,C,2312
14580,19400,2025-11-11,A,1715
14581,19401,2025-07-09,A,2061
14582,19402,2025-09-30,C,2552
14583,19405,2025-09-22,A,2231
14584,19406,2025-08-21,A,6383
14585,19407,2025-02-26,A,4820
14586,19410,2025-09-24,A,2231
14587,19413,2025-08-24,C,2522
14588,19414,2026-04-20,A,9846
14589,19415,2025-10-08,A,8958
14590,19416,2025-06-20,B,5803
14591,19418,2025-06-04,C,2336
14592,19419,2025-09-08,A,9231
14593,19420,2025-07-23,A,2406
14594,19422,2025-11-05,A,1962
14595,19423,2025-05-06,A,8706
14596,19425,2025-10-26,A,8767
14597,19426,2025-03-03,A,4778
14598,19427,2025-11-02,A,1063
14599,19428,2025-10-01,A,5123
14600,19429,2025-08-16,A,1888
14601,19430,2025-06-23,A,9078
14602,19431,2025-10-15,A,742
14603,19432,2025-03-01,C,2160
14604,19433,2025-12-10,A,2553
14605,19434,2025-12-28,A,4227
14606,19435,2025-07-19,C,5122
14607,19439,2025-07-23,A,11238
14608,19440,2026-01-11,C,7316
14609,19441,2025-05-28,A,8610
14610,19443,2025-12-24,A,2358
14611,19445,2025-04-17,A,1916
14612,19446,2025-04-05,A,2475
14613,19451,2025-05-28,A,646
14614,19452,2025-04-21,A,4275
14615,19453,2025-11-17,A,9559
14616,19454,2025-06-26,A,11533
14617,19457,2025-07-27,C,2312
14618,19458,2025-10-23,A,9877
14619,19459,2025-12-09,A,1761
14620,19461,2025-04-19,C,8339
14621,19462,2025-07-18,C,6227
14622,19463,2025-10-17,A,11697
14623,19464,2025-04-09,A,4673
14624,19465,2025-03-13,A,9577
14625,19466,2025-06-11,A,2688
14626,19469,2025-03-25,A,11366
14627,19470,2025-11-22,A,9317
14628,19471,2025-09-06,A,8936
14629,19474,2026-01-31,C,5662
14630,19475,2025-05-16,A,3582
14631,19476,2025-12-30,A,3675
14632,19478,2025-09-16,A,6690
14633,19479,2026-01-08,C,431
14634,19480,2025-03-16,A,2181
14635,19481,2025-09-29,A,9709
14636,19483,2025-10-13,A,2522
14637,19484,2025-10-10,A,1739
14638,19485,2025-04-12,A,3729
14639,19486,2025-07-10,A,6692
14640,19487,2025-06-10,C,11120
14641,19489,2025-06-05,B,2282
14642,19490,2025-09-15,A,6692
14643,19491,2025-08-29,A,2404
14644,19493,2026-03-06,A,9690
14645,19494,2025-08-20,C,2337
14646,19495,2025-08-23,A,3634
14647,19498,2026-02-26,B,2431
14648,19499,2025-09-05,A,2357
14649,19501,2025-05-15,C,3861
14650,19502,2025-05-08,C,524
14651,19503,2025-12-26,A,9178
14652,19504,2026-03-26,A,3492
14653,19506,2025-04-11,A,10118
14654,19507,2025-09-06,C,8146
14655,19508,2025-11-29,A,10675
14656,19509,2025-09-30,A,6229
14657,19510,2025-09-13,A,8509
14658,19511,2026-01-06,C,10226
14659,19512,2025-11-20,A,4247
14660,19513,2025-07-14,C,4160
14661,19514,2025-06-24,A,7029
14662,19515,2025-07-16,B,2432
14663,19517,2025-09-17,A,2450
14664,19518,2025-09-01,A,9317
14665,19519,2025-06-01,A,9177
14666,19522,2026-01-12,A,11450
14667,19523,2026-02-26,A,4723
14668,19524,2025-12-14,A,2665
14669,19525,2026-03-07,A,8119
14670,19526,2025-04-27,A,2258
14671,19527,2025-10-25,A,5491
14672,19528,2026-01-03,C,7766
14673,19529,2025-05-29,A,4849
14674,19530,2025-02-21,A,11037
14675,19531,2025-07-02,C,9781
14676,19533,2026-03-15,A,2432
14677,19534,2025-06-28,A,1634
14678,19536,2025-11-11,A,5035
14679,19537,2025-05-01,A,2385
14680,19538,2025-12-04,C,9691
14681,19539,2025-05-31,A,2203
14682,19542,2025-08-03,C,1039
14683,19544,2025-06-29,C,917
14684,19545,2025-06-16,A,3284
14685,19547,2025-06-26,C,2523
14686,19548,2025-07-08,A,5207
14687,19549,2025-12-19,A,478
14688,19550,2025-04-09,A,6891
14689,19551,2026-04-17,B,11771
14690,19552,2025-11-07,A,4038
14691,19553,2025-04-02,A,2312
14692,19554,2025-05-14,A,2282
14693,19555,2025-05-17,A,9779
14694,19557,2025-11-26,A,6735
14695,19559,2025-11-27,A,2230
14696,19560,2025-12-11,A,4893
14697,19561,2025-09-29,A,10226
14698,19562,2025-11-14,A,4966
14699,19563,2025-10-11,C,8807
14700,19564,2025-07-10,A,1916
14701,19565,2025-09-13,C,646
14702,19566,2025-06-16,C,2431
14703,19567,2025-08-19,A,5329
14704,19569,2026-01-24,A,2450
14705,19570,2025-03-06,A,10118
14706,19573,2025-07-08,A,11451
14707,19576,2026-02-23,A,4132
14708,19577,2025-05-26,A,3244
14709,19578,2025-06-08,C,8678
14710,19579,2025-05-05,A,8909
14711,19580,2026-02-25,A,4965
14712,19583,2025-05-22,A,2259
14713,19586,2025-07-25,A,9760
14714,19588,2025-12-19,A,1569
14715,19589,2025-11-13,A,11718
14716,19591,2025-05-27,A,6099
14717,19592,2025-09-21,B,11890
14718,19593,2025-06-23,A,5377
14719,19594,2025-07-01,A,8016
14720,19595,2025-09-16,A,1915
14721,19596,2025-10-07,A,9781
14722,19599,2025-10-24,A,6229
14723,19602,2025-05-08,A,2284
14724,19603,2026-01-13,A,4566
14725,19604,2025-12-14,A,10303
14726,19605,2025-04-12,A,2335
14727,19606,2025-05-25,A,2312
14728,19607,2025-02-28,A,10969
14729,19609,2025-04-06,A,2203
14730,19610,2025-05-26,A,3581
14731,19611,2025-12-07,A,10853
14732,19612,2026-02-02,A,2382
14733,19613,2025-08-03,A,10025
14734,19614,2025-12-30,A,10655
14735,19616,2025-08-11,A,7492
14736,19617,2025-10-11,A,1589
14737,19620,2025-12-29,A,2908
14738,19623,2026-02-18,A,3491
14739,19625,2025-03-24,C,7168
14740,19627,2026-02-01,A,3510
14741,19628,2025-05-27,A,2431
14742,19629,2025-07-22,A,6951
14743,19630,2025-06-27,A,5637
14744,19631,2026-01-18,A,10771
14745,19632,2026-03-12,A,2835
14746,19634,2025-04-21,A,2432
14747,19635,2025-07-13,A,1287
14748,19636,2025-09-05,A,6756
14749,19637,2025-09-13,A,7575
14750,19638,2026-01-10,A,3510
14751,19639,2025-04-09,A,7621
14752,19640,2025-07-21,A,2666
14753,19641,2025-09-03,A,6754
14754,19642,2025-02-10,A,8482
14755,19644,2026-03-02,B,2523
14756,19645,2025-09-11,C,8585
14757,19646,2025-11-18,C,6384
14758,19647,2025-05-27,A,2616
14759,19648,2025-08-19,A,1634
14760,19651,2025-11-05,A,9650
14761,19652,2026-01-14,A,11535
14762,19653,2025-07-24,A,11491
14763,19654,2026-02-13,A,2523
14764,19655,2025-07-08,A,2283
14765,19656,2025-06-17,A,4496
14766,19657,2026-03-03,A,9825
14767,19658,2025-05-20,A,9102
14768,19659,2025-10-31,A,2474
14769,19661,2025-08-10,A,2335
14770,19662,2025-06-08,A,6836
14771,19664,2025-11-03,A,6033
14772,19665,2026-01-04,A,5586
14773,19666,2025-12-31,A,5876
14774,19667,2026-05-03,C,2553
14775,19668,2025-04-27,C,1914
14776,19669,2025-07-19,A,6617
14777,19670,2025-05-21,A,2572
14778,19671,2025-08-28,B,5851
14779,19672,2025-06-09,A,2181
14780,19673,2025-04-28,A,2385
14781,19674,2025-09-24,C,11770
14782,19675,2025-12-24,A,2312
14783,19676,2025-07-26,A,7623
14784,19677,2025-06-21,A,3070
14785,19678,2026-04-09,C,9057
14786,19679,2026-01-28,A,6617
14787,19680,2025-11-10,A,3634
14788,19681,2025-12-24,B,5423
14789,19682,2026-02-08,A,10047
14790,19683,2025-05-21,A,8959
14791,19684,2025-04-28,A,9902
14792,19685,2025-03-28,A,10089
14793,19686,2025-09-30,B,2615
14794,19687,2026-03-31,A,2310
14795,19688,2025-11-21,A,5122
14796,19689,2025-10-23,A,6078
14797,19690,2025-06-02,A,6201
14798,19691,2026-01-04,A,3443
14799,19693,2025-06-12,C,1632
14800,19694,2025-06-01,A,5924
14801,19698,2025-09-20,A,5608
14802,19699,2025-10-06,A,11450
14803,19700,2025-04-21,A,3785
14804,19701,2025-04-13,A,10658
14805,19702,2025-10-07,A,9201
14806,19703,2025-12-09,A,2814
14807,19704,2025-09-17,A,11143
14808,19705,2025-12-25,A,9252
14809,19706,2026-01-06,A,8246
14810,19707,2025-10-04,C,2357
14811,19708,2025-07-21,A,7890
14812,19709,2025-10-31,A,11291
14813,19710,2025-12-05,A,5585
14814,19712,2025-11-29,C,8223
14815,19714,2025-08-05,A,4112
14816,19715,2025-03-13,A,2833
14817,19716,2025-07-23,A,8736
14818,19717,2025-05-22,A,2336
14819,19718,2025-05-20,C,455
14820,19719,2025-09-03,A,2476
14821,19720,2025-10-27,A,2382
14822,19721,2026-01-22,A,3360
14823,19722,2025-06-26,A,2642
14824,19723,2025-03-25,A,9825
14825,19724,2026-01-16,A,7006
14826,19725,2025-04-23,A,8290
14827,19726,2025-03-08,A,2431
14828,19727,2025-08-15,A,2357
14829,19728,2025-06-20,A,2641
14830,19729,2025-04-27,C,863
14831,19730,2025-04-03,A,3535
14832,19731,2025-02-18,A,11864
14833,19733,2025-07-01,A,5691
14834,19734,2025-11-20,C,9996
14835,19735,2025-06-04,A,1163
14836,19736,2025-12-02,A,1663
14837,19737,2025-10-20,A,9298
14838,19738,2025-10-10,A,6077
14839,19741,2025-08-26,A,526
14840,19743,2025-12-15,A,3243
14841,19744,2025-07-06,A,6324
14842,19745,2025-04-30,C,2203
14843,19746,2026-02-22,A,2383
14844,19748,2025-08-02,A,10560
14845,19749,2025-08-31,A,2552
14846,19751,2025-09-17,A,2523
14847,19752,2025-10-21,B,1482
14848,19753,2025-12-23,C,10635
14849,19754,2025-11-15,C,11939
14850,19755,2025-05-12,A,2642
14851,19757,2025-11-15,C,2643
14852,19759,2025-06-16,C,6594
14853,19760,2025-04-27,A,2856
14854,19761,2025-05-10,A,8319
14855,19762,2025-03-16,A,10067
14856,19764,2025-06-15,A,2336
14857,19765,2025-12-16,A,9229
14858,19767,2025-06-24,C,7547
14859,19768,2025-09-13,A,526
14860,19769,2025-05-20,A,2641
14861,19770,2025-03-27,A,2404
14862,19771,2025-04-16,A,1740
14863,19772,2025-07-03,A,6931
14864,19773,2026-03-01,A,2451
14865,19775,2025-06-15,A,3493
14866,19776,2025-10-12,A,4400
14867,19778,2025-11-05,A,4823
14868,19779,2025-08-16,A,11650
14869,19780,2025-06-08,A,2183
14870,19782,2025-07-28,A,5401
14871,19785,2025-11-25,A,6340
14872,19786,2025-03-04,C,8411
14873,19787,2025-05-22,B,10440
14874,19789,2025-02-13,B,10657
14875,19790,2025-12-31,A,478
14876,19791,2025-05-29,A,1233
14877,19792,2025-02-23,C,2081
14878,19793,2026-02-01,A,3243
14879,19794,2026-02-13,C,8632
14880,19795,2025-08-15,A,1983
14881,19796,2025-07-20,C,6415
14882,19797,2025-05-30,A,5146
14883,19798,2025-08-01,C,4204
14884,19800,2025-08-23,A,10853
14885,19801,2025-07-30,C,2337
14886,19802,2025-10-10,A,11938
14887,19803,2025-09-01,A,5146
14888,19804,2025-05-15,A,10853
14889,19805,2025-05-07,A,8509
14890,19806,2025-09-07,C,2335
14891,19807,2025-12-07,C,580
14892,19808,2025-10-17,A,2406
14893,19811,2026-01-31,A,5252
14894,19813,2025-07-10,A,9155
14895,19814,2025-12-30,A,11167
14896,19816,2025-09-24,A,4941
14897,19817,2025-12-12,A,7028
14898,19818,2025-06-20,C,2384
14899,19820,2026-01-19,A,11291
14900,19822,2025-11-12,A,2643
14901,19823,2025-07-11,A,1379
14902,19825,2025-03-08,A,2383
14903,19826,2026-02-25,C,2383
14904,19827,2025-07-28,A,2181
14905,19828,2026-03-13,C,4992
14906,19829,2025-03-29,A,8768
14907,19830,2025-12-15,A,6717
14908,19833,2025-03-23,A,2523
14909,19835,2025-06-18,A,4778
14910,19837,2025-09-29,A,5663
14911,19838,2025-09-15,A,2494
14912,19839,2025-09-01,A,2551
14913,19840,2025-12-27,A,10226
14914,19841,2025-10-30,B,2107
14915,19842,2025-05-28,A,2522
14916,19844,2025-08-11,A,8809
14917,19845,2025-12-21,A,3832
14918,19846,2025-03-07,A,2336
14919,19847,2025-07-24,C,8195
14920,19849,2025-05-28,A,2182
14921,19850,2026-03-31,A,4304
14922,19851,2025-06-28,A,7668
14923,19852,2025-08-08,A,6504
14924,19854,2025-07-30,A,8936
14925,19855,2025-05-06,A,8388
14926,19856,2025-07-29,A,622
14927,19857,2025-10-27,A,2382
14928,19858,2025-07-07,A,4469
14929,19859,2025-07-13,A,3747
14930,19860,2025-12-01,A,2259
14931,19861,2025-09-29,C,2284
14932,19864,2025-05-27,A,3070
14933,19866,2025-07-03,A,8435
14934,19869,2025-07-05,A,9998
14935,19870,2026-03-04,A,3883
14936,19872,2025-11-09,A,2833
14937,19875,2025-08-04,A,2204
14938,19876,2025-10-31,A,6836
14939,19877,2025-07-18,A,10304
14940,19879,2025-10-13,A,10945
14941,19880,2025-11-01,A,5147
14942,19882,2025-09-05,A,4672
14943,19883,2025-04-22,A,6296
14944,19885,2025-11-30,B,6229
14945,19886,2025-04-06,A,526
14946,19887,2025-03-28,A,6227
14947,19889,2025-10-12,B,1570
14948,19894,2025-07-29,A,1568
14949,19895,2025-11-13,C,8436
14950,19896,2025-05-04,C,4182
14951,19897,2026-03-28,A,6929
14952,19898,2025-07-29,C,5825
14953,19899,2025-12-09,A,9007
14954,19900,2025-12-19,B,1399
14955,19901,2025-06-09,A,1040
14956,19902,2025-12-22,A,10946
14957,19903,2025-05-09,A,9669
14958,19904,2025-10-07,B,4967
14959,19906,2025-08-19,A,2936
14960,19908,2025-06-21,A,4698
14961,19909,2025-09-19,A,4399
14962,19912,2025-05-27,A,5424
14963,19913,2025-07-15,A,2572
14964,19914,2025-07-16,A,7289
14965,19915,2026-03-27,B,5306
14966,19918,2025-08-02,A,2382
14967,19919,2025-10-11,A,9277
14968,19921,2026-01-24,A,9709
14969,19922,2025-12-29,A,10535
14970,19923,2025-07-31,A,6152
14971,19924,2026-03-12,A,2643
14972,19926,2025-11-17,C,3441
14973,19927,2025-07-23,A,11511
14974,19928,2025-06-11,A,7288
14975,19930,2026-01-08,A,1210
14976,19933,2025-11-22,A,2595
14977,19934,2026-02-03,A,2496
14978,19936,2026-02-20,A,2523
14979,19937,2025-05-13,A,454
14980,19938,2026-02-21,A,2522
14981,19941,2025-11-03,A,11166
14982,19944,2025-08-30,A,6754
14983,19945,2025-07-23,A,11863
14984,19946,2025-12-29,A,2357
14985,19947,2025-06-14,C,7944
14986,19948,2025-05-27,A,7844
14987,19949,2025-11-21,C,2358
14988,19951,2025-08-11,A,11490
14989,19953,2025-10-04,A,2572
14990,19954,2025-10-25,C,4525
14991,19956,2025-07-09,A,6413
14992,19957,2025-11-09,A,4992
14993,19958,2025-06-26,A,11341
14994,19959,2025-09-30,A,5163
14995,19960,2025-05-23,A,1982
14996,19962,2025-06-23,B,2335
14997,19963,2025-07-25,A,6953
14998,19964,2025-08-31,C,2358
14999,19966,2025-04-23,B,2357
15000,19967,2025-10-05,C,7316
15001,19968,2025-08-30,A,2433
15002,19969,2025-10-15,A,430
15003,19971,2025-03-31,A,4134
15004,19972,2025-10-30,A,10989
15005,19973,2025-09-24,A,3936
15006,19974,2025-12-25,A,8659
15007,19975,2026-02-12,C,8862
15008,19976,2025-06-13,A,1549
15009,19977,2025-10-18,A,1483
15010,19978,2025-10-30,A,2406
15011,19979,2025-03-01,A,8768
15012,19982,2026-02-05,C,10720
15013,19983,2025-08-09,A,5737
15014,19984,2025-05-22,C,9950
15015,19985,2026-01-14,A,11513
15016,19986,2025-08-30,A,2885
15017,19987,2025-07-12,A,5586
15018,19988,2025-07-26,A,4134
15019,19989,2025-04-09,A,2160
15020,19991,2025-11-05,B,10251
15021,19992,2025-05-29,C,7519
15022,19993,2025-06-30,C,8095
15023,19994,2025-05-24,A,3654
15024,19995,2025-11-26,A,2356
15025,19997,2025-01-31,B,2160
15026,19998,2026-02-16,C,4471
15027,20000,2025-04-25,A,2406
15028,20001,2025-06-04,A,2522
15029,20002,2025-12-14,A,4542
15030,20003,2025-08-06,C,10636
15031,20004,2025-07-17,B,5329
15032,20005,2025-11-04,A,11167
15033,20006,2025-06-06,A,2312
15034,20007,2025-06-28,C,2357
15035,20008,2025-07-05,A,5123
15036,20010,2025-06-14,A,7646
15037,20012,2025-06-27,C,2433
15038,20013,2025-09-29,B,8558
15039,20014,2025-09-01,A,9950
15040,20015,2026-02-11,A,6298
15041,20017,2026-03-29,A,1763
15042,20018,2025-10-12,A,9899
15043,20019,2025-06-17,C,9878
15044,20020,2025-05-04,A,10875
15045,20022,2026-01-10,A,8861
15046,20023,2025-04-28,A,10850
15047,20024,2026-01-17,A,9461
15048,20025,2025-09-20,B,2431
15049,20028,2025-08-27,A,5351
15050,20029,2025-06-07,A,9076
15051,20030,2025-12-09,A,10178
15052,20031,2025-11-07,A,9709
15053,20033,2025-03-07,A,6835
15054,20034,2026-01-08,C,1504
15055,20035,2025-11-21,A,4722
15056,20036,2025-08-03,B,5280
15057,20038,2025-11-26,B,7989
15058,20039,2025-08-13,C,2664
15059,20040,2025-07-10,A,5079
15060,20042,2025-10-16,A,11889
15061,20043,2025-07-20,B,8119
15062,20045,2025-03-17,B,2641
15063,20048,2025-08-05,A,1917
15064,20049,2025-11-05,A,1549
15065,20050,2025-08-23,A,7197
15066,20051,2025-04-03,A,6340
15067,20052,2025-03-02,C,2205
15068,20053,2026-02-26,B,10396
15069,20055,2025-05-06,A,2643
15070,20056,2025-08-22,A,11289
15071,20057,2025-11-06,A,1588
15072,20058,2025-09-21,A,4274
15073,20059,2025-11-15,A,7692
15074,20060,2025-05-11,A,3989
15075,20061,2025-07-21,B,1633
15076,20062,2025-09-27,A,5689
15077,20063,2025-07-05,A,4184
15078,20065,2025-09-03,A,4330
15079,20067,2025-08-17,A,2259
15080,20068,2026-01-12,A,383
15081,20070,2025-03-28,A,2081
15082,20072,2025-05-05,C,2552
15083,20073,2025-03-09,A,2615
15084,20074,2025-09-18,A,7315
15085,20075,2026-03-01,A,10374
15086,20076,2025-10-20,A,9030
15087,20077,2025-11-30,A,3602
15088,20078,2025-11-25,A,6568
15089,20079,2025-10-09,A,2335
15090,20080,2026-01-08,A,6811
15091,20081,2025-09-11,A,2258
15092,20082,2025-06-23,C,1609
15093,20083,2025-05-16,A,2283
15094,20084,2025-04-21,A,10896
15095,20085,2025-09-04,C,4423
15096,20086,2026-02-11,C,4203
15097,20087,2025-08-19,A,5227
15098,20088,2025-04-17,A,10561
15099,20089,2025-10-26,A,8659
15100,20091,2026-03-04,A,1941
15101,20093,2025-05-21,A,8808
15102,20094,2025-05-10,A,8658
15103,20096,2025-09-07,A,8766
15104,20097,2026-01-29,A,8632
15105,20099,2025-08-11,A,8147
15106,20100,2025-07-09,A,8980
15107,20101,2026-01-02,A,2310
15108,20102,2025-05-14,A,8706
15109,20103,2025-04-27,A,2311
15110,20104,2026-03-05,A,937
15111,20105,2025-05-22,A,2667
15112,20106,2025-05-04,A,10989
15113,20108,2025-05-08,C,11578
15114,20110,2025-05-17,A,2337
15115,20111,2025-05-25,A,9709
15116,20114,2025-09-17,A,1116
15117,20115,2026-01-20,A,9922
15118,20116,2025-06-08,A,9802
15119,20117,2025-11-28,A,502
15120,20119,2025-04-17,A,10987
15121,20120,2026-01-20,C,6754
15122,20121,2025-04-18,C,10586
15123,20122,2025-05-14,A,10415
15124,20123,2025-11-30,A,2552
15125,20124,2025-04-07,A,9251
15126,20125,2025-05-24,C,3747
15127,20129,2025-12-24,B,2884
15128,20130,2025-08-14,A,9338
15129,20132,2026-01-21,A,8412
15130,20133,2025-10-25,A,5923
15131,20134,2026-02-11,A,8511
15132,20135,2025-12-08,A,9975
15133,20136,2025-09-14,A,11911
15134,20138,2025-09-30,A,2571
15135,20139,2025-03-18,A,2885
15136,20140,2025-10-30,A,683
15137,20141,2025-11-09,A,3467
15138,20142,2025-05-21,A,2450
15139,20144,2025-02-18,A,6692
15140,20145,2025-06-21,A,2688
15141,20146,2025-08-26,A,3633
15142,20147,2025-03-30,A,4183
15143,20149,2025-11-20,C,10226
15144,20150,2025-05-25,C,2282
15145,20152,2025-02-17,A,2667
15146,20154,2025-03-09,A,2230
15147,20155,2025-03-30,C,2665
15148,20156,2025-12-29,A,2741
15149,20157,2025-10-15,A,6783
15150,20158,2026-03-14,A,9781
15151,20160,2025-09-16,A,11318
15152,20161,2025-02-14,A,11187
15153,20162,2025-12-16,A,2202
15154,20163,2025-10-16,B,3070
15155,20164,2025-07-20,A,8484
15156,20166,2025-06-01,B,1961
15157,20167,2025-05-17,A,3303
15158,20168,2026-01-29,A,2908
15159,20169,2025-11-16,A,863
15160,20170,2025-09-28,C,6930
15161,20171,2025-03-20,A,8959
15162,20173,2025-06-05,A,5588
15163,20174,2025-04-06,A,3536
15164,20175,2025-08-17,A,3862
15165,20176,2025-11-12,A,3441
15166,20177,2025-03-21,C,5254
15167,20178,2025-02-11,C,9802
15168,20179,2025-10-29,C,8863
15169,20182,2025-06-27,A,9462
15170,20183,2026-01-30,C,3009
15171,20184,2025-10-12,A,10920
15172,20186,2025-07-12,A,11511
15173,20187,2025-09-06,A,7287
15174,20188,2025-11-30,A,3632
15175,20189,2025-03-09,A,2522
15176,20192,2025-05-16,A,2181
15177,20193,2025-11-26,A,6717
15178,20194,2025-07-16,A,7387
15179,20195,2025-09-13,A,2473
15180,20197,2025-05-05,A,2551
15181,20198,2025-11-24,A,8483
15182,20199,2025-09-27,A,2312
15183,20200,2025-10-06,A,6782
15184,20201,2025-10-01,B,6981
15185,20202,2025-06-28,A,2523
15186,20203,2025-05-27,C,2385
15187,20205,2025-07-26,C,6462
15188,20206,2025-04-20,A,11365
15189,20208,2025-12-20,A,3536
15190,20211,2025-06-19,A,11647
15191,20212,2025-06-01,A,6227
15192,20213,2026-01-13,A,9671
15193,20214,2025-11-06,A,10028
15194,20218,2025-05-10,A,2642
15195,20219,2025-07-02,C,5374
15196,20220,2025-03-02,A,2964
15197,20221,2025-07-12,B,10989
15198,20222,2025-10-11,A,7411
15199,20223,2025-04-02,A,1332
15200,20225,2025-07-03,C,9878
15201,20226,2026-01-02,A,2433
15202,20227,2025-05-28,C,2284
15203,20228,2025-05-01,A,4113
15204,20229,2025-06-27,A,7026
15205,20230,2026-01-16,A,4469
15206,20231,2026-02-12,A,2522
15207,20233,2025-10-23,A,4425
15208,20235,2025-10-02,A,10513
15209,20236,2025-05-22,B,6504
15210,20237,2025-07-27,B,1691
15211,20239,2025-06-26,A,6891
15212,20240,2025-12-19,A,2965
15213,20241,2025-12-18,A,2474
15214,20243,2025-08-30,A,9229
15215,20245,2025-11-29,A,1633
15216,20246,2025-11-30,C,989
15217,20248,2026-03-04,A,4673
15218,20249,2025-09-01,A,8222
15219,20250,2025-10-04,A,11554
15220,20251,2025-07-27,C,9411
15221,20252,2025-10-15,A,10047
15222,20253,2025-11-11,A,2666
15223,20254,2025-09-05,C,557
15224,20255,2026-01-26,A,2336
15225,20256,2025-11-20,A,8909
15226,20257,2026-04-03,A,11068
15227,20258,2025-04-16,B,6524
15228,20259,2025-06-09,A,9923
15229,20260,2026-01-13,A,9759
15230,20261,2025-05-07,C,2496
15231,20262,2025-11-09,A,4276
15232,20265,2025-08-11,A,2856
15233,20266,2025-07-08,A,5662
15234,20269,2025-05-21,A,10225
15235,20270,2025-09-26,A,2885
15236,20271,2025-11-11,B,2856
15237,20272,2025-04-06,C,1355
15238,20273,2025-09-10,A,3653
15239,20274,2025-10-03,A,9317
15240,20276,2025-12-07,B,10028
15241,20278,2025-12-05,A,2473
15242,20279,2025-04-26,A,891
15243,20281,2025-10-07,A,2337
15244,20284,2025-04-29,A,10133
15245,20285,2025-08-17,B,11940
15246,20286,2025-07-05,C,11627
15247,20287,2025-10-01,A,1484
15248,20289,2025-08-08,A,3914
15249,20290,2026-01-16,A,9997
15250,20291,2025-05-30,A,9709
15251,20292,2025-09-27,A,2282
15252,20293,2025-10-07,A,8195
15253,20294,2025-08-13,A,10160
15254,20296,2026-02-19,A,579
15255,20297,2025-03-22,A,2337
15256,20299,2025-09-28,A,2181
15257,20300,2026-01-28,A,9948
15258,20301,2025-08-12,C,6981
15259,20302,2026-04-01,C,1549
15260,20303,2025-10-13,A,5762
15261,20304,2025-01-25,A,2358
15262,20305,2025-09-20,A,9389
15263,20306,2025-11-27,A,2335
15264,20308,2025-04-21,A,9127
15265,20309,2025-05-05,A,2204
15266,20310,2025-07-08,C,4449
15267,20311,2025-06-29,A,10046
15268,20313,2025-06-29,A,8388
15269,20314,2025-04-09,A,4892
15270,20317,2026-01-25,A,9101
15271,20320,2026-01-10,C,10090
15272,20321,2025-09-24,A,9737
15273,20322,2025-05-20,A,11698
15274,20323,2025-12-05,A,3746
15275,20324,2026-02-28,A,2473
15276,20325,2025-04-06,B,2358
15277,20326,2025-07-30,A,2204
15278,20327,2025-12-20,A,1888
15279,20328,2025-10-12,A,2283
15280,20329,2026-01-15,A,383
15281,20330,2025-09-24,C,2641
15282,20333,2025-05-06,A,3581
15283,20335,2025-07-03,C,8862
15284,20337,2025-06-14,A,1984
15285,20338,2025-07-06,A,2664
15286,20339,2026-01-31,A,2643
15287,20340,2025-05-27,A,3118
15288,20343,2025-06-04,A,6341
15289,20344,2025-12-20,B,5016
15290,20345,2025-04-11,A,3538
15291,20346,2025-05-24,A,2494
15292,20347,2025-05-26,C,2282
15293,20348,2025-04-22,A,6343
15294,20349,2025-11-27,A,5922
15295,20350,2025-04-18,A,2496
15296,20351,2026-01-20,C,2496
15297,20352,2025-08-12,A,8935
15298,20353,2025-10-24,A,3509
15299,20354,2026-02-14,C,1460
15300,20355,2025-12-05,A,889
15301,20356,2025-10-10,A,3381
15302,20357,2025-07-16,A,8767
15303,20358,2025-06-14,A,2181
15304,20359,2025-03-19,A,2335
15305,20360,2025-03-02,C,2666
15306,20361,2025-11-12,A,2450
15307,20362,2025-07-14,A,7892
15308,20363,2025-09-06,A,1505
15309,20364,2025-04-28,A,8246
15310,20365,2025-06-29,A,8412
15311,20366,2025-05-27,A,10066
15312,20369,2025-07-20,A,4776
15313,20371,2025-08-19,A,7601
15314,20372,2025-08-29,A,5636
15315,20374,2025-05-02,A,2910
15316,20375,2025-12-30,A,11364
15317,20377,2025-03-27,A,9482
15318,20378,2025-04-01,A,6617
15319,20379,2026-02-14,A,6735
15320,20381,2026-04-03,C,3538
15321,20382,2025-04-24,A,6055
15322,20384,2025-03-11,A,11838
15323,20385,2026-01-29,B,11450
15324,20386,2025-11-07,A,2312
15325,20387,2025-11-16,A,9077
15326,20388,2025-05-26,C,9975
15327,20389,2025-10-08,A,6910
15328,20390,2025-10-02,A,9948
15329,20391,2025-07-31,C,6382
15330,20393,2025-10-12,A,1634
15331,20395,2025-08-12,C,8016
15332,20396,2025-11-23,C,3860
15333,20397,2025-07-18,C,2432
15334,20398,2025-09-26,B,6982
15335,20399,2025-08-31,A,11533
15336,20400,2025-07-06,A,2643
15337,20401,2025-08-07,A,3746
15338,20404,2025-11-04,C,1661
15339,20405,2026-04-03,A,2642
15340,20406,2025-08-02,A,6666
15341,20407,2025-04-06,B,5125
15342,20408,2025-09-17,A,9079
15343,20409,2025-10-17,A,1761
15344,20410,2025-06-28,C,10946
15345,20411,2025-12-03,C,2231
15346,20412,2026-05-14,A,4331
15347,20413,2025-06-24,A,1441
15348,20414,2026-01-31,A,8610
15349,20415,2025-12-07,A,1306
15350,20416,2025-03-17,A,2383
15351,20417,2025-02-17,A,5635
15352,20418,2025-03-17,C,2080
15353,20419,2025-09-21,A,9876
15354,20420,2025-06-28,A,5662
15355,20421,2025-11-21,A,3786
15356,20422,2025-06-21,A,3786
15357,20423,2025-08-01,B,2384
15358,20424,2026-03-09,A,682
15359,20425,2025-08-19,A,2553
15360,20427,2025-05-27,A,2741
15361,20429,2025-04-28,C,8958
15362,20431,2025-04-16,A,5636
15363,20433,2025-05-25,B,2553
15364,20436,2025-12-26,C,6250
15365,20437,2025-09-27,A,10586
15366,20438,2025-06-09,A,2203
15367,20439,2025-10-08,C,10514
15368,20440,2026-02-10,A,9780
15369,20441,2025-12-01,C,3537
15370,20442,2025-06-21,A,2476
15371,20443,2025-11-20,A,968
15372,20444,2025-06-09,A,5689
15373,20445,2026-02-20,A,6931
15374,20447,2025-09-24,C,9155
15375,20448,2025-08-23,A,1550
15376,20449,2025-04-25,A,889
15377,20450,2025-11-30,A,6930
15378,20451,2025-05-23,A,4401
15379,20455,2025-08-05,A,2475
15380,20456,2025-12-22,A,8434
15381,20458,2026-02-23,A,2135
15382,20459,2025-06-19,A,2005
15383,20460,2025-04-24,A,5609
15384,20461,2025-08-02,A,9878
15385,20462,2025-12-15,A,2358
15386,20463,2025-08-15,A,1505
15387,20465,2025-10-16,A,9847
15388,20466,2026-01-22,A,2665
15389,20467,2025-11-21,A,5608
15390,20468,2025-05-30,A,2061
15391,20470,2025-10-05,A,2384
15392,20472,2026-01-10,A,4132
15393,20473,2025-05-27,C,7386
15394,20474,2025-08-31,A,9900
15395,20475,2025-07-14,A,9129
15396,20478,2025-06-19,A,9709
15397,20480,2025-11-09,A,2431
15398,20481,2025-11-29,A,2182
15399,20482,2025-11-27,A,3509
15400,20483,2025-06-06,B,6691
15401,20484,2026-01-20,B,6690
15402,20485,2025-06-10,A,10656
15403,20487,2025-10-15,C,2205
15404,20488,2026-02-17,A,2495
15405,20489,2025-12-17,A,2383
15406,20490,2025-11-09,A,5328
15407,20492,2025-06-04,B,6523
15408,20493,2025-07-27,A,4329
15409,20494,2025-09-16,B,4373
15410,20495,2025-11-04,A,6201
15411,20496,2025-11-30,A,8436
15412,20497,2025-07-12,B,7694
15413,20498,2025-11-21,A,989
15414,20499,2025-12-05,A,1234
15415,20500,2025-06-07,A,10201
15416,20502,2025-07-12,A,3241
15417,20504,2025-10-25,A,6715
15418,20506,2025-10-11,A,9710
15419,20507,2025-10-03,A,8196
15420,20508,2025-05-29,A,6438
15421,20509,2026-04-14,C,4593
15422,20510,2025-09-12,A,1524
15423,20511,2025-08-29,A,11167
15424,20512,2026-01-30,A,6982
15425,20513,2025-08-18,A,2384
15426,20518,2025-10-19,A,2404
15427,20519,2026-01-23,A,5252
15428,20524,2025-08-19,A,7738
15429,20526,2025-03-24,A,7622
15430,20527,2025-11-20,A,1610
15431,20528,2025-09-20,B,2712
15432,20529,2025-10-16,A,2594
15433,20531,2025-12-04,A,11471
15434,20533,2025-09-05,A,838
15435,20537,2026-01-16,A,6126
15436,20538,2025-10-09,B,11269
15437,20539,2025-12-30,A,2551
15438,20540,2025-04-09,A,2180
15439,20541,2026-03-02,A,9462
15440,20542,2025-07-26,C,2383
15441,20544,2025-08-01,A,6503
15442,20545,2025-06-04,C,6617
15443,20546,2025-04-27,A,8510
15444,20548,2025-03-05,A,3860
15445,20549,2025-09-29,A,2572
15446,20550,2026-01-13,A,2664
15447,20551,2025-08-30,A,3185
15448,20552,2025-10-30,A,7463
15449,20554,2025-09-27,A,8483
15450,20555,2025-09-12,A,11553
15451,20556,2025-09-11,A,8680
15452,20559,2025-10-15,A,2552
15453,20560,2025-07-30,C,5541
15454,20561,2025-12-05,A,4302
15455,20562,2025-04-28,A,2667
15456,20563,2025-09-05,A,2473
15457,20564,2025-09-01,A,4593
15458,20565,2025-10-01,A,4132
15459,20566,2025-07-13,A,11578
15460,20567,2025-10-22,A,1482
15461,20568,2025-12-06,A,9995
15462,20569,2025-09-27,A,2384
15463,20570,2026-02-26,A,10585
15464,20571,2025-07-29,A,11697
15465,20573,2025-09-20,A,1609
15466,20574,2025-10-06,A,2406
15467,20576,2026-02-11,C,5080
15468,20578,2025-08-28,A,1861
15469,20579,2025-03-14,C,6363
15470,20583,2025-07-29,A,9736
15471,20586,2025-12-14,B,10636
15472,20587,2025-08-20,A,4594
15473,20588,2025-08-10,C,1889
15474,20590,2025-05-02,C,2311
15475,20593,2025-03-28,A,9759
15476,20594,2025-05-24,A,2230
15477,20595,2025-08-19,A,5826
15478,20597,2025-11-17,A,5895
15479,20598,2026-01-24,C,11343
15480,20599,2025-07-03,A,2160
15481,20600,2025-10-24,A,2615
15482,20601,2025-08-02,A,9032
15483,20602,2026-02-05,C,4594
15484,20605,2025-11-03,A,6325
15485,20606,2025-07-29,A,7493
15486,20608,2025-11-28,A,4425
15487,20609,2025-09-15,A,9900
15488,20612,2026-02-18,A,3937
15489,20615,2025-09-11,A,2230
15490,20616,2025-07-17,A,3763
15491,20618,2025-07-20,A,4468
15492,20620,2026-01-16,A,1355
15493,20621,2025-07-01,A,3535
15494,20623,2025-07-10,A,8678
15495,20624,2025-03-26,A,6438
15496,20625,2025-12-16,A,8910
15497,20626,2025-05-14,A,1330
15498,20627,2026-03-30,A,5689
15499,20628,2025-04-21,A,5227
15500,20629,2025-04-05,A,2282
15501,20630,2025-10-05,A,454
15502,20633,2025-11-02,A,10091
15503,20634,2026-02-21,A,5542
15504,20635,2026-01-03,C,4303
15505,20637,2025-08-11,A,2451
15506,20639,2025-07-09,C,2739
15507,20640,2026-01-07,C,9710
15508,20641,2025-05-10,C,6035
15509,20642,2025-10-21,A,8766
15510,20643,2025-06-10,A,4541
15511,20644,2025-06-22,A,8197
15512,20646,2025-03-31,A,2572
15513,20647,2025-09-14,A,9973
15514,20649,2025-07-09,A,2523
15515,20650,2025-05-29,A,4401
15516,20651,2025-05-15,A,5306
15517,20652,2025-08-24,A,1570
15518,20654,2026-01-13,A,2406
15519,20656,2025-08-22,A,2473
15520,20658,2025-06-28,A,2180
15521,20659,2026-01-19,A,2690
15522,20660,2025-03-09,A,4672
15523,20661,2025-11-19,A,9736
15524,20665,2026-02-03,A,9433
15525,20666,2025-09-19,A,3420
15526,20667,2025-05-31,A,4470
15527,20669,2025-08-09,A,2205
15528,20670,2025-09-26,A,8612
15529,20673,2025-08-17,A,1180
15530,20675,2025-05-31,A,5016
15531,20676,2025-10-30,A,6930
15532,20677,2026-03-13,A,2357
15533,20678,2025-05-25,A,2641
15534,20679,2025-10-27,A,7218
15535,20682,2025-11-13,A,8269
15536,20683,2025-12-02,A,1182
15537,20685,2025-09-30,A,2450
15538,20686,2025-09-28,A,2571
15539,20688,2025-02-17,A,3580
15540,20689,2026-02-07,B,2495
15541,20690,2025-07-23,A,2358
15542,20691,2025-11-27,C,10534
15543,20692,2025-11-20,A,8766
15544,20693,2025-03-15,C,3634
15545,20695,2026-01-14,C,10635
15546,20697,2025-09-16,A,6755
15547,20698,2025-06-01,A,8340
15548,20700,2025-09-03,A,2385
15549,20701,2026-01-03,A,1740
15550,20703,2025-03-28,C,2384
15551,20705,2025-07-23,A,2406
15552,20706,2025-02-14,A,2358
15553,20707,2026-05-12,A,6382
15554,20708,2025-05-07,A,4302
15555,20709,2025-11-08,A,10160
15556,20710,2025-10-13,A,8959
15557,20711,2025-08-04,A,4303
15558,20712,2025-12-03,C,6755
15559,20713,2025-09-28,A,2259
15560,20714,2025-07-24,A,2259
15561,20715,2025-03-16,C,3746
15562,20716,2025-07-04,A,2059
15563,20717,2025-06-17,A,8338
15564,20719,2025-09-14,A,5737
15565,20720,2025-08-23,A,5608
15566,20721,2025-06-28,A,5587
15567,20723,2025-09-22,C,9408
15568,20724,2025-06-20,A,603
15569,20725,2025-11-12,A,8981
15570,20727,2025-06-15,C,1161
15571,20728,2026-04-11,B,7666
15572,20729,2025-06-09,A,8092
15573,20730,2025-12-30,A,3441
15574,20733,2025-09-25,A,3166
15575,20734,2025-05-11,C,6077
15576,20736,2025-04-22,A,6363
15577,20738,2025-12-28,B,2571
15578,20739,2025-12-02,A,2160
15579,20740,2025-06-20,A,1016
15580,20742,2026-04-14,A,2667
15581,20743,2025-11-11,A,10160
15582,20744,2025-09-27,A,2181
15583,20745,2025-02-11,A,2433
15584,20746,2025-08-22,A,6666
15585,20747,2025-05-15,C,11166
15586,20748,2025-08-14,A,4329
15587,20749,2025-04-28,A,8482
15588,20750,2025-05-16,A,9578
15589,20751,2025-07-09,C,4247
15590,20752,2025-12-15,A,3654
15591,20753,2025-06-28,A,9337
15592,20754,2025-11-10,A,2616
15593,20755,2025-08-10,A,4249
15594,20756,2025-08-22,C,6692
15595,20757,2025-05-21,A,1887
15596,20761,2025-10-10,A,2551
15597,20762,2025-05-25,A,2382
15598,20763,2026-03-06,A,2230
15599,20764,2025-07-28,A,3467
15600,20767,2025-08-13,A,4918
15601,20768,2025-07-14,A,8195
15602,20771,2026-02-27,C,4617
15603,20772,2026-04-02,C,4822
15604,20774,2025-08-03,B,5690
15605,20775,2025-04-27,A,9032
15606,20776,2025-10-16,A,2356
15607,20777,2026-03-14,A,4593
15608,20779,2025-06-16,A,9461
15609,20780,2025-11-14,A,6230
15610,20781,2025-12-25,A,406
15611,20785,2025-06-27,A,2204
15612,20789,2025-10-02,C,4273
15613,20793,2025-09-22,A,3305
15614,20796,2025-11-14,C,11650
15615,20798,2025-08-20,A,11512
15616,20799,2025-03-21,A,2182
15617,20800,2026-02-06,A,8980
15618,20803,2025-05-20,A,2885
15619,20804,2025-05-25,A,7464
15620,20805,2025-06-21,A,2666
15621,20807,2025-03-18,A,1420
15622,20809,2026-03-20,A,2553
15623,20810,2025-12-09,A,9178
15624,20811,2025-07-08,A,8960
15625,20812,2025-05-30,A,5056
15626,20814,2026-02-09,C,5515
15627,20815,2025-05-01,A,4204
15628,20816,2025-08-26,A,2666
15629,20817,2025-09-02,A,603
15630,20818,2025-11-18,B,6382
15631,20819,2025-05-28,A,1161
15632,20820,2025-08-16,A,645
15633,20821,2025-08-02,C,2450
15634,20822,2026-01-09,A,8960
15635,20823,2025-06-24,B,2284
15636,20824,2025-05-24,A,1062
15637,20825,2025-07-06,A,11424
15638,20826,2025-04-19,A,2552
15639,20828,2025-10-09,A,2404
15640,20830,2025-07-28,A,11535
15641,20831,2025-09-27,A,8886
15642,20832,2025-10-24,A,6756
15643,20833,2025-06-13,A,2182
15644,20834,2026-01-22,C,665
15645,20835,2026-03-20,C,2335
15646,20836,2025-04-21,A,10637
15647,20838,2025-08-17,A,2337
15648,20839,2025-03-08,A,11291
15649,20840,2025-10-24,A,4699
15650,20841,2025-08-15,C,6201
15651,20845,2026-03-02,A,7602
15652,20846,2026-02-04,A,4967
15653,20847,2025-07-12,A,11698
15654,20848,2025-07-21,C,3812
15655,20849,2025-08-09,A,2641
15656,20850,2025-10-06,A,5352
15657,20851,2025-12-28,B,6175
15658,20852,2026-01-31,A,2385
15659,20853,2025-05-11,B,6667
15660,20854,2025-12-11,A,1443
15661,20856,2025-08-06,A,3263
15662,20857,2025-10-13,A,11070
15663,20859,2026-04-01,A,3243
15664,20860,2026-03-05,B,9230
15665,20861,2025-06-19,A,2203
15666,20863,2025-11-10,A,2595
15667,20864,2025-11-08,A,2594
15668,20866,2025-09-02,A,2356
15669,20867,2025-10-04,A,9178
15670,20868,2025-07-20,A,3264
15671,20870,2025-09-05,A,8321
15672,20872,2025-06-27,A,2406
15673,20873,2025-08-14,C,6835
15674,20874,2025-11-10,A,5564
15675,20876,2025-05-18,A,1588
15676,20878,2025-11-15,C,11470
15677,20879,2025-09-02,A,4302
15678,20880,2025-10-13,B,2571
15679,20881,2026-01-07,A,3050
15680,20882,2025-05-05,C,2572
15681,20883,2025-05-13,A,9760
15682,20885,2025-10-10,A,6910
15683,20887,2025-12-08,C,1762
15684,20888,2025-08-05,C,6890
15685,20889,2025-12-27,A,2688
15686,20890,2025-10-23,A,2475
15687,20891,2025-11-21,C,6811
15688,20892,2025-03-10,A,2312
15689,20894,2026-01-20,B,2335
15690,20895,2025-07-15,C,3811
15691,20896,2025-04-26,C,5954
15692,20898,2025-06-06,A,8247
15693,20899,2025-12-23,A,11424
15694,20900,2025-03-23,B,5253
15695,20901,2025-11-22,A,6249
15696,20902,2026-02-19,B,8092
15697,20903,2025-11-18,A,9006
15698,20904,2025-05-13,A,2406
15699,20905,2025-03-25,A,8634
15700,20906,2025-09-14,A,2642
15701,20907,2025-08-09,A,1763
15702,20908,2025-03-28,A,2358
15703,20910,2025-06-29,A,2791
15704,20911,2025-12-09,A,3418
15705,20912,2025-07-29,A,646
15706,20913,2025-05-30,A,810
15707,20914,2025-07-13,A,8270
15708,20915,2025-07-10,A,7943
15709,20916,2026-03-30,A,2857
15710,20918,2025-05-11,C,1212
15711,20919,2025-06-11,A,5982
15712,20920,2025-06-25,A,5636
15713,20922,2025-08-04,A,10988
15714,20923,2025-06-05,A,6890
15715,20924,2025-10-20,A,6715
15716,20925,2025-05-16,A,9902
15717,20927,2026-01-15,C,1379
15718,20928,2025-09-16,A,5610
15719,20930,2025-06-27,C,2571
15720,20931,2025-10-22,A,10323
15721,20934,2025-12-07,A,6340
15722,20936,2025-09-15,A,5080
15723,20937,2025-08-02,A,6754
15724,20939,2025-08-03,A,3832
15725,20940,2025-09-27,A,5015
15726,20941,2025-11-24,A,2433
15727,20942,2025-09-17,C,1141
15728,20944,2025-11-02,A,2159
15729,20945,2025-06-05,A,2383
15730,20946,2026-02-17,C,1917
15731,20947,2026-04-15,B,2384
15732,20949,2025-08-28,A,6891
15733,20952,2026-04-12,B,2336
15734,20953,2025-04-16,A,2667
15735,20954,2025-06-11,A,4918
15736,20955,2025-04-13,A,10280
15737,20956,2025-10-14,A,2383
15738,20957,2025-05-30,A,2356
15739,20958,2025-04-25,A,4113
15740,20959,2025-10-21,B,9077
15741,20960,2025-04-20,A,3418
15742,20961,2025-08-18,C,2258
15743,20962,2026-02-03,A,3785
15744,20963,2025-04-08,A,1942
15745,20964,2025-06-11,A,1162
15746,20966,2025-07-29,A,711
15747,20968,2025-06-13,A,10226
15748,20969,2025-09-28,C,7520
15749,20971,2026-01-03,A,10987
15750,20974,2025-06-20,A,6716
15751,20975,2026-01-21,A,4247
15752,20976,2025-04-19,A,2183
15753,20979,2025-04-24,A,2080
15754,20981,2025-08-23,A,11386
15755,20982,2025-04-28,A,10458
15756,20983,2026-02-09,A,8534
15757,20984,2025-04-14,B,2616
15758,20986,2025-03-30,A,9230
15759,20988,2025-10-14,A,2433
15760,20989,2025-07-19,A,1398
15761,20990,2025-07-28,C,5376
15762,20991,2025-05-12,A,6717
15763,20993,2025-09-03,A,6228
15764,20994,2025-11-23,B,2159
15765,20995,2025-07-21,A,2282
15766,20996,2025-06-30,A,4522
15767,20997,2025-04-08,A,2231
15768,20998,2026-01-27,A,2474
15769,20999,2025-05-11,A,2081
15770,21000,2025-07-25,A,10534
15771,21001,2025-08-30,C,2450
15772,21004,2025-09-28,A,6229
15773,21006,2025-10-04,C,9252
15774,21007,2025-10-27,A,3401
15775,21009,2025-06-25,A,8885
15776,21010,2025-06-25,A,2061
15777,21011,2025-08-08,A,2230
15778,21013,2025-08-08,A,1442
15779,21014,2025-08-21,A,11604
15780,21016,2025-07-29,A,8246
15781,21017,2025-12-11,B,2336
15782,21018,2025-10-28,A,2105
15783,21019,2025-09-09,A,1505
15784,21020,2025-08-26,B,2595
15785,21021,2025-09-15,A,501
15786,21022,2025-07-25,A,2552
15787,21023,2025-02-14,A,2382
15788,21024,2025-03-14,A,4699
15789,21025,2025-11-16,A,5662
15790,21026,2025-11-02,A,4496
15791,21027,2025-12-24,A,2551
15792,21028,2025-07-03,A,1356
15793,21029,2025-02-18,A,2282
15794,21030,2026-02-17,A,9128
15795,21031,2026-04-01,A,8535
15796,21032,2025-07-01,A,8958
15797,21033,2026-05-24,A,9277
15798,21034,2025-09-15,B,8016
15799,21035,2025-04-07,C,6340
15800,21036,2025-10-11,A,2283
15801,21037,2026-03-08,C,9178
15802,21038,2025-10-24,A,5850
15803,21039,2025-12-26,A,9296
15804,21040,2025-11-10,A,10089
15805,21041,2025-09-27,A,8321
15806,21042,2025-12-01,A,9482
15807,21043,2025-07-25,A,8340
15808,21045,2025-12-18,C,9802
15809,21047,2026-02-18,A,6931
15810,21049,2025-06-11,A,2642
15811,21050,2025-11-25,C,2061
15812,21051,2025-10-12,A,5586
15813,21052,2026-01-02,C,3884
15814,21053,2025-07-07,A,2180
15815,21054,2025-10-17,A,7167
15816,21055,2025-07-08,B,11269
15817,21057,2025-08-01,A,11770
15818,21058,2025-09-12,A,454
15819,21059,2026-04-02,A,6277
15820,21061,2026-03-14,A,9900
15821,21063,2025-11-13,A,5663
15822,21064,2025-03-21,A,2312
15823,21065,2025-07-02,A,9690
15824,21066,2025-12-11,A,9154
15825,21067,2025-05-12,C,10203
15826,21070,2025-10-27,A,6735
15827,21071,2025-08-11,A,11236
15828,21072,2026-02-14,A,6523
15829,21074,2025-05-18,A,11186
15830,21075,2025-06-14,A,6461
15831,21076,2025-07-31,A,8634
15832,21078,2025-09-27,A,5207
15833,21081,2025-05-03,C,6341
15834,21082,2025-06-14,A,2203
15835,21083,2025-07-01,A,2664
15836,21084,2025-07-16,A,2204
15837,21085,2025-07-17,B,838
15838,21086,2025-09-17,A,8535
15839,21087,2025-09-24,A,10989
15840,21088,2025-08-17,A,8457
15841,21089,2026-04-05,A,1815
15842,21090,2025-11-05,A,9691
15843,21091,2025-12-13,A,4871
15844,21092,2025-10-20,A,2282
15845,21093,2025-04-22,A,2594
15846,21094,2025-09-06,A,6953
15847,21097,2025-07-08,A,7576
15848,21099,2025-07-13,A,9177
15849,21100,2025-06-02,A,7792
15850,21103,2025-04-08,A,6912
15851,21104,2025-07-26,A,11289
15852,21105,2026-02-18,A,4133
15853,21106,2025-08-08,A,2311
15854,21107,2025-11-02,A,2358
15855,21108,2025-02-13,C,10250
15856,21110,2025-05-12,A,6251
15857,21111,2025-05-31,A,6642
15858,21112,2026-02-01,A,8980
15859,21113,2025-09-29,B,3442
15860,21114,2025-05-28,A,9758
15861,21115,2025-06-10,A,6076
15862,21116,2025-05-31,A,11534
15863,21117,2025-10-29,A,3705
15864,21118,2025-08-19,C,2615
15865,21119,2025-05-27,A,2312
15866,21120,2025-03-07,A,2858
15867,21121,2026-02-07,A,7694
15868,21122,2025-09-22,A,8658
15869,21123,2025-11-04,A,2474
15870,21124,2025-12-24,A,4039
15871,21125,2025-06-08,A,3632
15872,21126,2025-08-21,A,7971
15873,21127,2025-07-19,A,11799
15874,21128,2025-12-10,B,9316
15875,21130,2026-06-01,C,2180
15876,21131,2026-03-20,A,7643
15877,21132,2025-07-28,C,5588
15878,21133,2025-11-24,A,2642
15879,21135,2026-04-11,A,4449
15880,21139,2025-12-20,A,6953
15881,21140,2025-07-19,A,6931
15882,21141,2026-01-14,A,2284
15883,21142,2025-07-15,A,6641
15884,21144,2025-10-19,A,8041
15885,21147,2025-04-05,C,11120
15886,21148,2025-08-05,C,2385
15887,21149,2025-03-27,A,2357
15888,21150,2025-04-21,A,6735
15889,21153,2025-04-09,B,11772
15890,21154,2026-03-01,A,6643
15891,21155,2025-10-20,A,4470
15892,21156,2025-12-13,A,10513
15893,21157,2025-07-01,A,10354
15894,21158,2026-01-27,A,2284
15895,21159,2025-09-02,A,11386
15896,21160,2025-11-07,A,4160
15897,21162,2025-08-16,A,2432
15898,21163,2025-05-04,C,5691
15899,21165,2025-05-28,A,7435
15900,21166,2025-12-07,A,11289
15901,21167,2025-06-30,A,2406
15902,21169,2025-09-06,C,6275
15903,21170,2026-03-01,A,2616
15904,21171,2025-05-04,A,793
15905,21172,2025-05-04,A,3138
15906,21173,2025-04-16,C,2205
15907,21174,2025-09-22,A,2335
15908,21175,2025-08-06,A,453
15909,21176,2025-08-31,A,7601
15910,21177,2025-11-26,A,2358
15911,21178,2025-04-26,A,5252
15912,21179,2025-08-20,A,2312
15913,21180,2025-07-08,A,6617
15914,21185,2025-05-15,A,2667
15915,21186,2026-05-05,A,7027
15916,21187,2025-10-21,C,791
15917,21188,2025-05-13,A,2451
15918,21189,2025-10-07,A,7791
15919,21190,2025-09-09,C,2383
15920,21191,2025-08-20,A,3860
15921,21193,2026-03-29,A,3096
15922,21194,2025-11-24,C,11365
15923,21195,2025-12-05,C,2451
15924,21196,2025-08-08,A,10752
15925,21197,2025-03-15,A,2431
15926,21199,2026-02-20,C,11070
15927,21200,2025-09-29,A,2284
15928,21201,2026-02-09,A,3884
15929,21202,2025-07-03,C,9780
15930,21203,2025-04-08,A,3676
15931,21204,2025-06-21,A,9231
15932,21206,2025-06-06,A,3402
15933,21207,2025-05-16,A,2432
15934,21209,2026-03-03,A,2259
15935,21210,2025-04-20,C,2494
15936,21211,2025-11-09,A,4496
15937,21214,2025-10-10,A,10048
15938,21215,2025-06-01,A,10534
15939,21216,2025-10-18,A,889
15940,21217,2025-09-27,A,1739
15941,21218,2025-05-24,A,3957
15942,21219,2025-09-29,C,10749
15943,21220,2025-12-08,A,6810
15944,21221,2025-10-29,A,3360
15945,21222,2025-07-18,A,2081
15946,21223,2026-03-29,A,4064
15947,21225,2025-10-11,A,8173
15948,21227,2025-12-10,C,7863
15949,21228,2025-10-21,A,6128
15950,21230,2025-06-15,B,4872
15951,21232,2025-08-21,A,2494
15952,21234,2025-09-27,A,9802
15953,21235,2026-01-02,A,2451
15954,21237,2026-04-30,A,7410
15955,21239,2025-05-22,A,2791
15956,21240,2025-04-02,A,1180
15957,21242,2025-07-31,A,8933
15958,21243,2025-06-27,A,10989
15959,21244,2025-10-28,A,2181
15960,21245,2025-03-08,A,8634
15961,21246,2026-03-23,C,9878
15962,21248,2026-03-21,A,9154
15963,21249,2025-08-22,A,3632
15964,21250,2025-07-11,A,2203
15965,21252,2025-07-03,A,2160
15966,21253,2026-03-25,A,8246
15967,21254,2025-05-13,A,6668
15968,21255,2025-10-01,A,2664
15969,21256,2025-10-11,A,2005
15970,21257,2025-05-17,A,2358
15971,21258,2025-03-28,A,2643
15972,21259,2025-12-21,A,10027
15973,21261,2025-12-26,A,2476
15974,21267,2025-10-14,A,2666
15975,21268,2026-04-16,A,406
15976,21269,2025-12-08,A,9974
15977,21270,2025-06-05,B,2230
15978,21271,2025-07-02,A,10046
15979,21272,2025-11-01,A,5145
15980,21273,2025-09-01,A,11166
15981,21274,2026-01-07,A,6951
15982,21275,2025-09-20,A,3537
15983,21277,2025-04-25,A,9250
15984,21278,2025-10-14,A,2765
15985,21279,2025-07-12,A,4871
15986,21280,2025-09-14,A,4227
15987,21281,2025-07-16,A,2404
15988,21284,2026-03-22,A,8806
15989,21286,2025-11-29,A,2432
15990,21288,2025-08-11,A,6340
15991,21289,2026-02-09,A,3633
15992,21290,2025-12-24,A,7575
15993,21291,2025-04-26,A,3243
15994,21292,2025-07-07,C,2666
15995,21293,2026-04-07,B,3467
15996,21294,2025-07-28,B,11909
15997,21295,2025-05-30,A,5423
15998,21296,2025-06-09,A,2571
15999,21297,2025-05-20,A,1914
16000,21298,2025-08-02,A,2336
16001,21299,2025-07-13,A,2551
16002,21300,2025-03-25,A,5422
16003,21302,2025-12-12,A,2336
16004,21303,2026-01-20,A,1306
16005,21304,2025-09-09,A,5104
16006,21305,2025-09-15,A,4469
16007,21307,2025-04-03,A,9129
16008,21308,2025-10-21,A,2183
16009,21309,2025-08-30,C,9007
16010,21311,2025-11-14,A,1461
16011,21312,2025-06-08,A,1887
16012,21313,2025-06-25,B,10178
16013,21314,2025-10-16,B,9670
16014,21315,2025-07-11,A,2595
16015,21316,2025-06-04,A,1262
16016,21317,2025-09-07,A,4302
16017,21321,2025-06-24,A,2641
16018,21322,2025-10-21,B,864
16019,21323,2025-10-07,C,2283
16020,21324,2025-10-09,A,8511
16021,21329,2025-09-30,A,9101
16022,21331,2025-06-02,C,7666
16023,21332,2025-11-03,C,4248
16024,21333,2025-08-29,A,9250
16025,21334,2025-08-05,A,1016
16026,21335,2025-03-17,C,2572
16027,21337,2025-07-20,A,11553
16028,21338,2025-05-09,B,11096
16029,21339,2025-08-13,B,5824
16030,21341,2025-07-27,A,8886
16031,21342,2026-02-16,A,2336
16032,21343,2026-01-31,A,2475
16033,21346,2025-11-09,C,6548
16034,21347,2025-06-04,A,5016
16035,21348,2026-02-07,A,10027
16036,21350,2026-04-05,A,11554
16037,21351,2025-08-21,C,2666
16038,21356,2026-02-01,A,6691
16039,21357,2025-12-26,A,9505
16040,21358,2025-12-15,A,6930
16041,21360,2025-07-01,A,9692
16042,21362,2025-12-06,A,2963
16043,21363,2025-07-27,A,2666
16044,21364,2025-06-02,C,2311
16045,21365,2025-07-01,A,8680
16046,21366,2025-04-29,C,2551
16047,21367,2025-11-10,A,940
16048,21368,2025-09-02,A,2311
16049,21369,2025-11-04,A,890
16050,21370,2026-01-01,A,11237
16051,21371,2025-04-09,A,11040
16052,21375,2025-11-20,C,6891
16053,21377,2025-08-19,C,5489
16054,21378,2025-04-17,A,5081
16055,21381,2025-09-25,A,8220
16056,21382,2026-03-14,A,2336
16057,21383,2025-04-16,A,3602
16058,21384,2025-06-23,A,8585
16059,21385,2025-07-23,A,6523
16060,21386,2025-12-21,C,6504
16061,21387,2025-08-05,A,4354
16062,21388,2025-10-18,C,6416
16063,21389,2025-03-31,A,917
16064,21390,2025-04-29,A,6836
16065,21391,2026-03-02,A,9297
16066,21393,2025-06-23,A,1332
16067,21394,2026-01-27,C,6734
16068,21395,2025-09-25,A,9975
16069,21396,2025-04-25,A,11554
16070,21397,2025-09-20,A,4275
16071,21398,2026-01-17,A,1379
16072,21399,2025-09-16,A,6033
16073,21400,2025-07-28,A,9176
16074,21402,2025-12-05,A,6298
16075,21403,2025-05-02,A,3536
16076,21404,2026-04-01,A,2664
16077,21406,2026-01-05,C,3328
16078,21410,2025-09-24,C,967
16079,21411,2025-08-21,A,9825
16080,21412,2025-08-07,A,6953
16081,21413,2025-10-28,C,2433
16082,21415,2026-01-01,A,1550
16083,21420,2026-01-05,A,2982
16084,21421,2025-06-17,C,2182
16085,21422,2026-03-19,A,2476
16086,21423,2025-02-14,A,10027
16087,21424,2026-04-21,A,2572
16088,21425,2025-05-09,A,10069
16089,21426,2025-04-07,A,7410
16090,21427,2025-07-11,C,2431
16091,21428,2025-12-14,A,7028
16092,21429,2025-07-23,A,1332
16093,21430,2025-10-15,A,7436
16094,21432,2025-09-15,A,2406
16095,21433,2025-11-15,A,3675
16096,21434,2025-10-01,A,7521
16097,21436,2026-03-02,A,10305
16098,21437,2025-05-17,A,890
16099,21439,2025-10-01,A,2476
16100,21440,2025-10-11,A,5057
16101,21441,2025-09-04,C,5101
16102,21442,2025-04-30,A,8436
16103,21443,2025-09-02,A,2311
16104,21444,2025-12-11,C,9902
16105,21446,2025-05-06,C,5588
16106,21447,2025-06-05,A,2451
16107,21448,2025-08-04,A,2030
16108,21449,2025-03-18,B,2284
16109,21450,2025-12-23,B,1714
16110,21451,2025-09-08,A,9781
16111,21452,2025-04-27,A,1163
16112,21453,2025-05-10,A,10354
16113,21454,2026-01-11,A,9078
16114,21455,2025-06-29,A,3809
16115,21456,2025-07-03,A,557
16116,21458,2025-12-19,C,3467
16117,21459,2026-05-02,A,9389
16118,21460,2026-03-04,C,6866
16119,21461,2025-07-11,A,8246
16120,21462,2025-03-04,C,10203
16121,21463,2026-01-01,A,4247
16122,21464,2025-11-23,A,1180
16123,21465,2025-10-29,A,5564
16124,21467,2025-07-13,B,2642
16125,21468,2026-02-26,A,4425
16126,21469,2025-03-07,B,8173
16127,21470,2026-04-03,A,2337
16128,21471,2025-05-10,A,11238
16129,21472,2025-02-18,B,4182
16130,21473,2025-06-28,A,1064
16131,21474,2025-09-21,A,2356
16132,21475,2025-07-14,A,2812
16133,21476,2025-10-20,C,8861
16134,21477,2025-07-20,A,7518
16135,21478,2025-09-10,A,2404
16136,21480,2026-03-14,C,2496
16137,21481,2026-01-16,A,9823
16138,21482,2025-04-17,A,11533
16139,21483,2025-04-12,C,7103
16140,21484,2025-09-04,B,2382
16141,21487,2025-12-08,A,8120
16142,21488,2026-01-20,A,6910
16143,21489,2026-03-10,A,10249
16144,21491,2025-03-16,A,8223
16145,21493,2025-07-13,A,2666
16146,21495,2025-10-13,C,2572
16147,21496,2025-07-25,A,9232
16148,21498,2026-01-09,A,3580
16149,21499,2025-08-09,A,2571
16150,21501,2026-02-22,A,2029
16151,21502,2025-05-27,A,2181
16152,21504,2025-12-12,A,5036
16153,21505,2025-07-31,A,8220
16154,21506,2025-03-14,A,6099
16155,21507,2025-11-20,C,9156
16156,21508,2025-11-01,C,2357
16157,21509,2025-06-12,A,1814
16158,21510,2025-03-21,A,2181
16159,21511,2025-05-27,C,6689
16160,21512,2025-07-10,A,6837
16161,21513,2025-08-12,A,2432
16162,21514,2025-09-01,A,2667
16163,21516,2025-03-08,A,2405
16164,21517,2025-12-19,A,792
16165,21518,2025-03-18,A,9923
16166,21521,2025-11-13,A,5565
16167,21522,2025-06-18,A,7842
16168,21523,2025-09-14,A,2594
16169,21524,2025-03-20,A,2405
16170,21525,2025-11-21,A,2284
16171,21527,2025-09-15,A,4400
16172,21529,2025-11-12,A,5330
16173,21530,2026-03-26,A,4566
16174,21532,2025-07-13,A,9974
16175,21533,2025-05-25,A,2494
16176,21535,2025-08-25,C,2312
16177,21536,2025-09-14,A,2473
16178,21537,2025-05-26,A,1586
16179,21538,2025-05-23,A,2908
16180,21539,2025-11-12,A,1116
16181,21540,2025-05-12,A,601
16182,21542,2025-09-01,B,10439
16183,21543,2025-10-10,A,2311
16184,21545,2025-12-11,A,8659
16185,21546,2025-06-05,A,2180
16186,21549,2025-03-02,C,9157
16187,21551,2026-02-24,A,2180
16188,21552,2025-03-24,B,8678
16189,21553,2026-01-27,A,2450
16190,21554,2025-04-26,A,1984
16191,21556,2025-02-24,A,2385
16192,21557,2025-04-20,B,7546
16193,21559,2025-10-28,A,6177
16194,21560,2025-10-17,C,1763
16195,21561,2026-02-21,C,555
16196,21563,2026-02-26,A,5122
16197,21564,2026-02-06,B,1887
16198,21566,2025-09-07,C,1983
16199,21567,2025-06-05,C,9057
16200,21568,2026-01-25,A,5489
16201,21569,2025-06-05,A,8768
16202,21571,2026-03-24,A,8414
16203,21572,2025-10-08,A,9078
16204,21573,2025-08-10,C,1212
16205,21574,2026-01-15,C,4746
16206,21576,2025-08-25,A,5491
16207,21578,2025-08-22,A,2357
16208,21579,2025-10-30,C,2496
16209,21580,2026-01-28,A,2450
16210,21581,2025-06-27,B,10702
16211,21582,2026-03-30,A,7366
16212,21583,2025-07-17,A,11717
16213,21585,2025-12-08,A,2310
16214,21586,2025-05-18,A,2642
16215,21587,2026-01-10,A,6980
16216,21588,2026-01-01,C,5955
16217,21589,2026-04-06,A,9877
16218,21590,2025-12-18,C,2385
16219,21591,2025-08-09,A,2476
16220,21592,2025-07-06,A,3215
16221,21594,2025-05-04,A,1984
16222,21595,2025-03-28,A,7007
16223,21596,2025-11-05,A,4204
16224,21597,2026-03-03,A,3329
16225,21598,2025-05-26,A,5515
16226,21599,2025-08-24,A,2666
16227,21601,2025-06-09,C,2312
16228,21603,2025-06-29,A,2358
16229,21604,2025-06-07,A,2641
16230,21607,2026-04-16,C,6668
16231,21609,2025-06-24,A,4943
16232,21610,2025-11-09,A,10116
16233,21611,2025-10-31,A,11820
16234,21612,2025-10-10,A,3957
16235,21613,2025-08-19,C,2664
16236,21614,2025-09-16,A,9531
16237,21616,2025-12-08,A,8736
16238,21617,2025-07-20,A,7464
16239,21618,2025-12-01,C,11142
16240,21619,2025-07-01,C,1113
16241,21620,2025-06-06,A,9155
16242,21621,2025-12-18,A,2553
16243,21622,2026-01-07,A,8559
16244,21623,2025-09-03,A,1570
16245,21624,2026-03-06,C,2230
16246,21625,2026-02-25,A,2643
16247,21626,2025-09-05,A,2431
16248,21627,2026-02-22,A,4204
16249,21629,2026-01-11,A,2495
16250,21631,2025-08-14,A,2231
16251,21632,2025-07-04,A,6951
16252,21633,2025-07-14,A,2382
16253,21634,2025-10-19,A,3883
16254,21635,2025-04-24,A,1211
16255,21636,2025-09-21,A,9232
16256,21639,2026-01-25,A,9669
16257,21641,2025-02-18,A,3213
16258,21642,2025-09-18,A,2384
16259,21644,2025-08-04,A,10873
16260,21646,2025-07-22,A,7988
16261,21647,2025-07-07,A,602
16262,21649,2025-06-29,A,2886
16263,21650,2025-12-26,C,10201
16264,21651,2025-08-04,A,2059
16265,21653,2025-06-01,A,2522
16266,21655,2025-05-14,A,578
16267,21656,2025-04-24,A,9030
16268,21657,2025-07-17,A,4355
16269,21658,2026-06-08,A,1661
16270,21660,2025-06-09,A,1761
16271,21661,2026-01-04,B,8612
16272,21662,2025-09-24,A,2383
16273,21663,2025-10-11,A,2552
16274,21664,2025-09-21,C,2258
16275,21665,2026-01-01,A,7121
16276,21667,2025-03-16,C,2594
16277,21669,2025-07-03,A,5953
16278,21670,2025-10-09,A,7575
16279,21672,2025-07-12,A,10304
16280,21673,2025-03-19,A,2523
16281,21674,2025-03-23,A,10251
16282,21677,2025-06-23,C,1211
16283,21678,2026-01-09,A,4941
16284,21680,2025-06-09,A,10354
16285,21681,2025-06-26,A,2311
16286,21682,2025-06-16,B,5541
16287,21683,2025-08-10,A,8042
16288,21684,2026-04-11,C,2641
16289,21685,2025-04-18,B,5691
16290,21686,2025-07-24,C,11490
16291,21688,2026-01-08,A,8934
16292,21689,2025-05-22,A,4304
16293,21690,2025-03-26,A,8957
16294,21691,2026-04-12,A,4592
16295,21692,2025-07-02,A,10561
16296,21693,2025-07-19,B,2310
16297,21694,2025-11-28,B,1862
16298,21696,2025-09-11,A,2310
16299,21697,2025-03-27,A,9251
16300,21698,2026-01-19,A,2551
16301,21699,2025-12-13,A,8957
16302,21700,2025-10-31,B,9232
16303,21703,2025-11-25,B,10091
16304,21705,2025-10-04,A,2160
16305,21706,2025-03-22,A,1633
16306,21707,2025-09-09,A,8270
16307,21708,2025-08-26,A,6837
16308,21711,2025-03-26,B,2405
16309,21713,2025-06-11,B,7054
16310,21714,2025-10-30,A,8146
16311,21716,2025-09-12,A,7693
16312,21720,2026-03-29,C,2336
16313,21722,2025-06-29,A,5515
16314,21723,2025-06-05,A,9102
16315,21726,2026-05-28,A,478
16316,21727,2025-11-17,A,10610
16317,21728,2025-11-12,A,2641
16318,21729,2025-10-02,A,8835
16319,21730,2025-10-24,C,10395
16320,21731,2025-04-28,B,9277
16321,21732,2026-01-18,A,8411
16322,21733,2025-04-12,A,4450
16323,21734,2025-08-19,A,5609
16324,21738,2025-11-03,A,5163
16325,21740,2025-06-01,A,2552
16326,21741,2026-04-04,A,2203
16327,21742,2025-10-06,B,2740
16328,21745,2025-09-20,A,6809
16329,21746,2025-11-26,A,9710
16330,21747,2025-04-05,A,2473
16331,21748,2025-08-03,B,7693
16332,21749,2025-11-23,A,8585
16333,21750,2025-08-07,A,7645
16334,21751,2026-01-22,A,2030
16335,21752,2025-11-09,A,9129
16336,21754,2025-03-18,A,1261
16337,21755,2025-06-26,A,2522
16338,21756,2025-11-12,A,11511
16339,21757,2025-06-21,A,622
16340,21760,2025-11-19,A,9252
16341,21761,2025-05-27,C,8884
16342,21762,2025-06-29,A,2203
16343,21767,2026-03-03,A,11424
16344,21768,2026-01-10,C,8146
16345,21769,2026-03-20,B,6436
16346,21770,2025-12-28,A,10920
16347,21771,2025-12-30,C,891
16348,21772,2025-08-17,A,11553
16349,21774,2025-12-30,A,9780
16350,21775,2025-05-13,A,2450
16351,21776,2026-01-07,C,5635
16352,21777,2025-07-14,A,6153
16353,21778,2025-09-20,A,9251
16354,21779,2025-05-04,C,11364
16355,21780,2026-02-18,A,8560
16356,21782,2025-07-24,A,2335
16357,21785,2025-11-19,A,6324
16358,21786,2025-05-21,A,6953
16359,21787,2026-02-07,C,7410
16360,21788,2025-04-20,A,10560
16361,21789,2025-04-21,C,740
16362,21790,2025-05-24,A,1524
16363,21791,2025-11-26,A,11698
16364,21792,2025-08-07,A,10457
16365,21793,2026-01-21,C,7601
16366,21795,2025-05-18,A,2357
16367,21796,2025-05-19,A,9758
16368,21797,2025-10-10,A,2595
16369,21799,2025-05-10,A,5609
16370,21800,2025-05-26,A,891
16371,21801,2025-12-23,A,2383
16372,21802,2025-05-21,A,3747
16373,21803,2025-09-09,A,10374
16374,21805,2025-10-20,A,2495
16375,21806,2026-02-24,A,9029
16376,21807,2026-03-11,A,9154
16377,21808,2025-10-25,C,8863
16378,21810,2026-01-12,A,10375
16379,21811,2025-03-12,B,8269
16380,21812,2025-10-26,C,5924
16381,21813,2026-02-03,C,9901
16382,21815,2025-09-14,A,6251
16383,21816,2025-05-17,A,1040
16384,21818,2025-06-22,C,8887
16385,21819,2025-04-11,A,2616
16386,21820,2025-05-21,C,5692
16387,21821,2025-02-13,A,526
16388,21822,2025-11-11,A,9899
16389,21824,2025-10-20,A,1550
16390,21825,2026-03-13,A,8632
16391,21826,2025-11-03,A,938
16392,21829,2026-03-28,A,6812
16393,21830,2025-12-03,A,2312
16394,21831,2025-10-23,A,10325
16395,21833,2025-07-17,C,11067
16396,21836,2025-10-24,A,5329
16397,21837,2025-04-04,B,1161
16398,21838,2025-10-12,A,5719
16399,21839,2025-11-24,A,10439
16400,21840,2026-01-09,A,8456
16401,21842,2025-06-22,C,8957
16402,21843,2025-11-07,A,1889
16403,21844,2025-12-17,A,1481
16404,21845,2025-05-14,A,2523
16405,21848,2026-03-04,A,3188
16406,21849,2025-02-25,A,2180
16407,21850,2026-02-12,B,2741
16408,21851,2025-06-05,A,8119
16409,21852,2026-02-21,A,5953
16410,21854,2025-06-21,A,2104
16411,21855,2026-01-28,A,2911
16412,21856,2025-11-16,A,9032
16413,21860,2025-04-14,A,10323
16414,21861,2025-09-11,A,1113
16415,21862,2025-06-17,C,890
16416,21863,2025-08-23,A,6734
16417,21864,2025-07-08,A,9974
16418,21865,2025-11-23,A,8706
16419,21866,2025-04-17,C,1833
16420,21867,2025-10-20,A,4777
16421,21870,2025-08-26,A,2812
16422,21871,2025-12-26,A,1814
16423,21872,2025-10-10,A,6594
16424,21873,2025-10-23,A,8146
16425,21874,2025-10-28,A,7103
16426,21875,2025-07-07,A,4354
16427,21876,2025-11-22,A,10772
16428,21877,2025-12-31,B,8980
16429,21878,2025-03-11,A,9924
16430,21879,2025-12-12,A,2183
16431,21880,2025-08-16,C,6153
16432,21881,2026-02-26,A,6101
16433,21882,2025-07-29,A,1713
16434,21883,2025-12-22,B,10302
16435,21884,2025-02-19,B,7622
16436,21885,2025-10-04,A,793
16437,21886,2025-04-27,A,2571
16438,21887,2025-09-24,A,4203
16439,21889,2025-12-19,A,3727
16440,21890,2025-03-05,A,6153
16441,21891,2025-08-27,C,2383
16442,21892,2025-10-14,A,2205
16443,21893,2025-03-17,A,2431
16444,21894,2025-05-19,B,5635
16445,21896,2025-10-15,A,10458
16446,21897,2025-10-10,C,9056
16447,21898,2025-07-18,A,2282
16448,21899,2025-09-12,C,6735
16449,21901,2025-04-24,A,8197
16450,21902,2026-02-12,A,9599
16451,21903,2025-05-27,C,6692
16452,21904,2025-08-19,A,1064
16453,21905,2025-02-19,A,6981
16454,21907,2026-01-29,A,7491
16455,21908,2025-10-20,A,7079
16456,21910,2026-03-08,B,790
16457,21911,2025-02-21,A,5564
16458,21913,2025-04-23,C,7410
16459,21914,2025-03-25,A,2433
16460,21915,2025-09-17,A,9278
16461,21916,2025-06-19,C,2258
16462,21917,2025-07-03,A,3050
16463,21918,2026-04-10,A,8960
16464,21919,2025-12-30,A,9029
16465,21920,2025-12-07,A,3493
16466,21924,2025-09-28,A,2204
16467,21925,2026-02-15,A,5036
16468,21926,2025-11-18,A,8737
16469,21927,2025-12-12,A,9482
16470,21928,2025-09-24,A,1815
16471,21929,2025-05-22,A,1379
16472,21930,2025-05-20,B,10325
16473,21931,2025-02-13,C,8884
16474,21932,2025-03-31,C,2572
16475,21933,2025-10-06,A,9296
16476,21935,2025-09-03,A,2202
16477,21936,2025-04-25,A,2312
16478,21937,2025-07-05,A,2665
16479,21938,2026-01-02,A,4746
16480,21940,2025-10-08,A,665
16481,21941,2025-03-11,A,3466
16482,21942,2025-09-24,A,622
16483,21943,2025-04-02,A,455
16484,21944,2025-03-31,A,2474
16485,21950,2025-11-14,A,478
16486,21951,2025-09-19,A,10487
16487,21953,2025-11-21,A,2312
16488,21954,2025-07-22,A,6364
16489,21955,2025-05-29,A,2282
16490,21958,2026-01-02,A,5351
16491,21959,2025-05-19,A,8291
16492,21960,2025-04-23,A,10919
16493,21962,2025-10-17,A,10719
16494,21964,2026-02-18,C,6689
16495,21965,2025-03-13,B,4822
16496,21966,2025-08-09,A,5586
16497,21967,2025-12-09,A,2312
16498,21968,2025-08-26,A,6890
16499,21969,2025-11-29,C,8414
16500,21970,2025-08-03,A,10441
16501,21971,2025-07-21,A,10204
16502,21972,2025-09-20,B,2336
16503,21973,2025-08-16,C,4821
16504,21974,2025-06-27,A,3511
16505,21975,2025-06-20,A,3704
16506,21976,2025-05-31,A,9627
16507,21978,2025-07-08,A,8436
16508,21980,2025-05-16,A,4133
16509,21981,2026-01-20,A,9316
16510,21982,2025-04-12,A,2061
16511,21983,2026-04-12,A,10969
16512,21985,2025-09-19,A,7287
16513,21986,2025-08-07,A,3811
16514,21987,2025-09-05,C,6462
16515,21989,2025-12-30,C,2494
16516,21990,2025-05-11,A,10177
16517,21992,2025-04-16,A,5787
16518,21993,2025-08-13,A,9252
16519,21994,2025-09-14,B,4776
16520,21995,2026-02-17,A,9101
16521,21996,2025-03-19,A,2433
16522,21997,2025-10-05,A,2104
16523,21998,2025-06-08,A,4823
16524,22000,2025-04-16,A,3602
16525,22001,2025-08-10,C,6569
16526,22002,2025-05-06,C,2642
16527,22003,2025-06-18,C,10375
16528,22004,2025-05-13,A,2338
16529,22006,2025-10-15,A,3914
16530,22007,2025-06-18,A,1690
16531,22008,2025-05-17,A,4700
16532,22010,2025-05-14,A,6547
16533,22011,2026-01-01,B,2202
16534,22012,2025-03-10,A,2595
16535,22015,2026-01-23,A,2311
16536,22016,2026-03-02,A,5662
16537,22018,2026-01-23,C,2203
16538,22019,2025-11-11,C,1941
16539,22020,2025-06-22,A,11095
16540,22021,2025-04-18,A,2495
16541,22022,2025-04-13,C,2641
16542,22023,2025-09-11,C,6717
16543,22025,2025-12-21,A,10226
16544,22026,2025-09-25,A,4303
16545,22027,2025-07-10,A,8705
16546,22028,2026-01-20,A,9202
16547,22029,2025-04-22,A,4330
16548,22030,2025-05-16,B,2432
16549,22031,2025-11-29,A,4112
16550,22034,2026-01-31,A,11343
16551,22035,2025-07-26,A,8436
16552,22036,2025-09-05,C,7791
16553,22037,2025-09-23,A,6891
16554,22038,2025-12-11,A,10920
16555,22039,2025-03-22,B,5690
16556,22040,2025-04-17,A,8934
16557,22041,2025-03-08,A,1916
16558,22042,2025-09-07,A,7916
16559,22043,2025-09-27,C,603
16560,22045,2025-06-06,A,5443
16561,22046,2025-04-29,A,603
16562,22047,2025-02-24,A,3634
16563,22048,2025-07-21,A,11012
16564,22049,2025-10-31,A,10989
16565,22050,2025-12-14,A,7287
16566,22051,2025-12-21,A,2382
16567,22053,2026-03-13,A,8768
16568,22054,2025-09-13,A,11038
16569,22055,2025-07-29,A,2337
16570,22058,2025-08-04,A,2338
16571,22059,2025-10-24,A,9901
16572,22060,2025-06-07,A,1862
16573,22062,2026-01-11,A,3675
16574,22065,2025-10-14,C,6523
16575,22066,2025-06-11,A,9650
16576,22067,2025-06-23,A,10701
16577,22068,2025-06-03,A,5922
16578,22069,2025-10-16,A,9250
16579,22071,2026-01-11,A,3745
16580,22072,2025-12-15,A,2406
16581,22073,2025-06-04,B,862
16582,22074,2025-07-02,C,2937
16583,22075,2025-08-05,B,5466
16584,22079,2025-10-05,A,840
16585,22080,2025-06-21,A,4247
16586,22082,2025-07-25,A,2667
16587,22083,2025-06-03,A,3443
16588,22085,2025-05-06,A,1421
16589,22088,2025-05-29,A,2667
16590,22092,2025-11-25,A,8147
16591,22094,2025-09-19,B,2594
16592,22095,2025-12-18,A,8911
16593,22097,2025-04-14,A,10118
16594,22098,2026-02-13,A,2476
16595,22100,2025-11-05,B,2431
16596,22101,2025-08-31,B,2664
16597,22102,2025-06-30,A,2336
16598,22104,2025-04-15,A,6715
16599,22105,2025-07-05,A,2572
16600,22106,2025-04-09,A,2357
16601,22108,2025-07-26,A,6982
16602,22109,2025-11-16,A,8413
16603,22110,2026-01-21,A,2884
16604,22111,2025-08-26,A,6296
16605,22112,2025-10-17,C,2081
16606,22113,2025-07-30,A,9758
16607,22116,2026-01-16,A,3988
16608,22117,2025-12-15,A,2182
16609,22118,2025-08-24,A,11555
16610,22119,2025-06-30,A,2181
16611,22120,2025-08-08,A,9782
16612,22121,2025-04-22,A,9711
16613,22122,2025-05-22,A,9736
16614,22123,2025-06-03,A,11120
16615,22124,2025-07-26,A,9482
16616,22125,2025-12-22,A,4247
16617,22126,2025-08-04,A,8389
16618,22127,2025-12-20,A,9997
16619,22128,2025-10-30,A,665
16620,22129,2025-10-01,A,9902
16621,22130,2025-11-09,A,1443
16622,22131,2025-08-26,C,2963
16623,22132,2026-01-11,A,6811
16624,22134,2026-03-13,C,8958
16625,22136,2026-01-08,A,6689
16626,22137,2025-05-07,B,2552
16627,22138,2025-04-25,B,2337
16628,22139,2025-10-10,A,683
16629,22140,2025-07-15,A,3242
16630,22141,2025-05-07,A,2383
16631,22142,2025-09-13,A,6891
16632,22143,2025-11-19,A,4569
16633,22144,2025-05-23,C,8767
16634,22145,2025-06-25,A,10772
16635,22146,2025-05-27,A,10134
16636,22147,2025-04-10,A,8768
16637,22150,2025-07-27,C,9671
16638,22151,2025-07-09,C,9650
16639,22152,2025-05-17,C,2258
16640,22153,2026-02-15,A,9924
16641,22154,2025-07-18,A,3936
16642,22157,2025-11-03,A,4329
16643,22158,2025-08-25,A,8120
16644,22159,2025-06-24,A,2667
16645,22160,2026-01-24,A,3303
16646,22161,2025-04-11,C,5804
16647,22162,2025-02-13,A,2405
16648,22163,2026-03-01,A,9250
16649,22164,2025-09-22,A,9781
16650,22165,2026-03-28,C,2572
16651,22166,2025-07-07,B,2356
16652,22169,2025-06-07,A,2495
16653,22170,2025-10-05,A,4671
16654,22171,2025-11-04,C,9780
16655,22172,2025-12-03,A,10636
16656,22173,2025-08-05,A,6461
16657,22174,2025-08-04,A,2356
16658,22176,2025-10-13,A,1609
16659,22177,2025-08-22,A,4302
16660,22179,2026-03-17,A,579
16661,22180,2025-11-09,A,11319
16662,22181,2025-08-16,A,2523
16663,22182,2025-08-11,A,11167
16664,22183,2026-04-03,A,8017
16665,22184,2025-06-02,A,8790
16666,22185,2026-02-09,A,2182
16667,22187,2026-02-12,A,409
16668,22188,2025-04-26,A,967
16669,22189,2025-07-15,A,10048
16670,22190,2025-10-11,A,8269
16671,22191,2025-07-06,A,790
16672,22193,2025-07-15,A,6953
16673,22194,2025-10-11,A,2643
16674,22195,2026-02-17,A,2284
16675,22196,2025-06-05,C,502
16676,22197,2025-06-21,A,9129
16677,22198,2025-11-02,C,6809
16678,22199,2026-01-06,B,2643
16679,22200,2025-06-09,A,2337
16680,22202,2025-07-01,A,7519
16681,22203,2025-06-10,A,4273
16682,22205,2025-06-18,A,2496
16683,22206,2025-08-27,A,2204
16684,22207,2025-07-03,A,11941
16685,22209,2025-10-11,A,6099
16686,22210,2025-05-19,A,2382
16687,22212,2025-12-06,A,2310
16688,22214,2025-07-07,A,8455
16689,22215,2025-05-26,A,1984
16690,22217,2025-07-07,C,1942
16691,22218,2025-07-25,A,9649
16692,22220,2025-06-02,C,1715
16693,22221,2025-07-13,A,10118
16694,22223,2026-02-04,C,10675
16695,22224,2025-12-19,A,2551
16696,22225,2025-05-21,A,9462
16697,22227,2025-09-11,A,2857
16698,22230,2026-01-05,A,6641
16699,22231,2025-03-10,A,2551
16700,22232,2025-11-19,B,9996
16701,22233,2025-04-08,A,838
16702,22234,2025-07-16,B,1713
16703,22235,2025-04-21,C,6229
16704,22238,2025-07-27,A,3831
16705,22241,2025-04-06,A,11821
16706,22243,2025-08-08,B,6098
16707,22244,2025-11-05,A,5304
16708,22245,2026-01-07,A,2523
16709,22246,2025-03-20,A,8319
16710,22247,2026-03-04,A,8981
16711,22248,2025-04-15,A,2595
16712,22249,2025-10-25,C,2358
16713,22250,2025-08-17,A,524
16714,22251,2025-06-29,A,9975
16715,22253,2025-10-22,A,2283
16716,22255,2025-11-22,A,3988
16717,22256,2025-07-07,A,2205
16718,22259,2026-01-23,A,2356
16719,22260,2025-07-05,A,6480
16720,22261,2025-06-30,A,2615
16721,22262,2025-04-05,A,6783
16722,22263,2025-03-18,A,2615
16723,22264,2025-06-10,C,2857
16724,22265,2025-06-09,A,8909
16725,22266,2025-04-21,A,2282
16726,22267,2026-02-28,B,8809
16727,22268,2025-05-09,A,5164
16728,22269,2025-06-27,A,3728
16729,22271,2025-11-07,A,10850
16730,22272,2026-02-23,A,2551
16731,22273,2025-05-24,A,10561
16732,22274,2025-03-20,C,11319
16733,22276,2025-07-02,A,2312
16734,22278,2025-06-04,A,9823
16735,22279,2025-08-18,A,9782
16736,22280,2025-09-09,A,8411
16737,22281,2025-11-02,B,2385
16738,22282,2025-09-09,A,6034
16739,22285,2025-08-30,A,2790
16740,22286,2026-03-01,C,8221
16741,22287,2025-07-05,A,2523
16742,22288,2025-04-18,A,2335
16743,22289,2025-09-06,A,10280
16744,22290,2025-07-25,C,10459
16745,22291,2025-08-28,A,4304
16746,22292,2025-07-22,A,4373
16747,22293,2025-09-02,A,2476
16748,22294,2025-08-18,A,4871
16749,22295,2025-12-10,B,526
16750,22296,2025-02-26,A,10750
16751,22297,2025-04-22,C,3466
16752,22298,2025-09-25,A,2312
16753,22300,2025-08-03,A,4399
16754,22301,2025-12-09,A,4823
16755,22302,2025-06-23,A,2523
16756,22303,2025-07-08,A,8767
16757,22308,2025-09-03,B,2741
16758,22309,2025-10-17,A,2522
16759,22310,2025-10-26,A,2283
16760,22312,2025-08-28,A,2259
16761,22313,2025-07-25,A,5953
16762,22314,2025-07-10,B,479
16763,22315,2025-06-08,A,2203
16764,22316,2025-11-13,A,8885
16765,22321,2025-11-11,A,6953
16766,22322,2025-07-13,A,10721
16767,22324,2025-07-19,A,7573
16768,22325,2025-09-25,A,2551
16769,22326,2025-10-14,A,7367
16770,22327,2025-05-21,A,2258
16771,22328,2025-10-31,C,3957
16772,22329,2025-11-11,A,4700
16773,22330,2026-01-10,A,2404
16774,22331,2025-03-14,A,3509
16775,22332,2025-04-17,A,6692
16776,22333,2025-06-10,A,2451
16777,22334,2026-03-22,B,2203
16778,22336,2025-08-20,A,9316
16779,22337,2025-05-14,A,8339
16780,22338,2025-10-23,A,1833
16781,22339,2025-09-27,B,8319
16782,22340,2025-08-18,C,8413
16783,22342,2025-11-14,A,8837
16784,22343,2025-09-03,A,2284
16785,22344,2025-11-13,A,8659
16786,22345,2025-12-01,A,5423
16787,22346,2025-07-08,A,3511
16788,22347,2026-03-25,A,9317
16789,22348,2025-08-15,A,6276
16790,22351,2025-10-28,A,9801
16791,22353,2025-06-01,C,6911
16792,22354,2025-05-17,C,5638
16793,22355,2025-09-24,B,3559
16794,22356,2025-02-22,A,2476
16795,22358,2025-04-09,A,4203
16796,22359,2025-07-16,A,5692
16797,22360,2025-07-21,A,2357
16798,22361,2026-02-22,A,8248
16799,22362,2025-12-15,A,2476
16800,22363,2025-10-29,C,9316
16801,22365,2025-12-29,C,2474
16802,22366,2025-06-28,A,11120
16803,22367,2026-03-30,A,2835
16804,22368,2025-09-20,B,5663
16805,22369,2025-08-15,B,1609
16806,22370,2026-02-28,A,1569
16807,22372,2025-03-18,A,8886
16808,22374,2025-05-17,A,10440
16809,22375,2025-11-30,A,6891
16810,22377,2026-02-27,B,5737
16811,22379,2025-12-11,A,2496
16812,22380,2025-09-07,A,6691
16813,22381,2025-02-12,B,6715
16814,22382,2025-05-10,A,9317
16815,22383,2025-10-24,A,6461
16816,22384,2025-07-20,A,8933
16817,22385,2025-07-17,A,2311
16818,22386,2025-09-03,C,4542
16819,22388,2025-12-03,A,2180
16820,22389,2025-07-05,A,6930
16821,22390,2025-08-06,A,2003
16822,22391,2026-05-16,C,6753
16823,22392,2025-10-11,B,2202
16824,22394,2025-07-17,A,3747
16825,22395,2025-05-29,A,9670
16826,22397,2025-03-01,A,4275
16827,22398,2025-03-31,A,3705
16828,22399,2026-01-19,A,2641
16829,22400,2025-07-31,A,2358
16830,22401,2025-04-13,A,2643
16831,22403,2025-06-30,C,5689
16832,22404,2026-02-15,A,2311
16833,22406,2026-01-22,A,8957
16834,22408,2025-06-16,A,7491
16835,22409,2025-06-11,A,2080
16836,22410,2025-04-04,A,557
16837,22412,2025-02-14,A,1462
16838,22414,2025-08-23,C,2553
16839,22415,2026-03-29,C,2450
16840,22416,2025-12-08,A,2383
16841,22417,2025-12-07,A,2385
16842,22418,2025-12-16,A,2205
16843,22419,2025-06-24,A,2312
16844,22420,2025-12-03,A,1589
16845,22421,2025-09-21,A,6480
16846,22422,2025-07-05,A,2283
16847,22423,2025-11-22,A,4159
16848,22426,2025-06-24,A,8388
16849,22427,2025-07-01,A,2594
16850,22428,2025-05-01,A,2183
16851,22429,2025-05-25,C,3727
16852,22430,2025-07-27,A,4698
16853,22431,2026-03-15,C,2522
16854,22432,2025-08-05,A,2181
16855,22434,2025-12-23,B,8706
16856,22435,2025-12-14,A,5401
16857,22436,2025-10-16,A,2404
16858,22437,2025-04-21,A,9878
16859,22438,2025-09-04,A,5374
16860,22440,2025-04-29,A,7437
16861,22441,2025-09-17,A,11166
16862,22442,2025-11-02,C,4942
16863,22443,2025-09-18,A,10133
16864,22444,2026-01-20,B,2284
16865,22446,2025-11-06,A,2664
16866,22447,2025-07-08,A,10026
16867,22448,2025-09-29,A,11188
16868,22449,2025-06-19,A,2159
16869,22450,2025-07-31,A,2183
16870,22451,2025-06-08,A,4065
16871,22453,2025-05-19,A,2382
16872,22454,2025-04-28,B,6643
16873,22455,2025-09-03,A,5329
16874,22456,2026-02-17,A,4649
16875,22460,2025-11-11,A,9948
16876,22461,2025-08-21,A,10374
16877,22462,2025-03-26,C,454
16878,22463,2025-05-06,C,6753
16879,22464,2025-12-20,B,2982
16880,22465,2025-06-21,B,3264
16881,22466,2025-09-09,A,3937
16882,22469,2026-01-22,A,2356
16883,22470,2026-02-14,A,4594
16884,22471,2026-01-09,A,2357
16885,22472,2025-08-28,A,2183
16886,22473,2025-09-21,A,9365
16887,22474,2026-03-24,A,10772
16888,22476,2025-06-26,A,6033
16889,22477,2025-07-07,C,2406
16890,22478,2025-10-14,A,4111
16891,22479,2025-02-27,A,2451
16892,22480,2025-04-29,A,4722
16893,22481,2026-01-23,C,2231
16894,22482,2025-06-21,A,3912
16895,22484,2025-12-02,A,9628
16896,22485,2025-03-12,A,4541
16897,22486,2025-06-07,A,5281
16898,22487,2025-04-06,A,2259
16899,22489,2025-08-30,A,1570
16900,22490,2025-04-29,A,10719
16901,22491,2025-09-24,B,1378
16902,22493,2025-07-20,A,5401
16903,22494,2025-07-28,A,524
16904,22495,2025-11-17,A,2405
16905,22499,2025-02-26,A,4113
16906,22502,2025-12-07,A,2406
16907,22503,2025-10-17,A,2595
16908,22506,2025-08-06,A,2160
16909,22507,2026-05-07,C,10305
16910,22508,2025-12-30,A,4722
16911,22509,2025-10-25,C,6384
16912,22511,2025-08-19,A,7141
16913,22512,2026-01-15,B,8835
16914,22513,2025-05-09,A,6384
16915,22514,2025-06-12,A,454
16916,22515,2025-09-27,A,2283
16917,22516,2025-09-14,C,6593
16918,22517,2025-07-22,A,1378
16919,22518,2025-12-08,A,7892
16920,22519,2025-12-29,A,5689
16921,22520,2025-09-24,A,2476
16922,22521,2025-08-13,A,2182
16923,22522,2026-04-14,A,2180
16924,22523,2025-08-12,A,2258
16925,22524,2025-09-25,A,4250
16926,22525,2026-03-28,A,602
16927,22526,2025-09-29,A,1568
16928,22527,2026-01-29,A,1014
16929,22529,2026-03-16,B,811
16930,22530,2025-05-06,C,11095
16931,22531,2025-10-19,A,11554
16932,22534,2025-06-13,A,2406
16933,22535,2026-01-12,B,7646
16934,22538,2025-09-04,A,4424
16935,22540,2025-11-09,C,9736
16936,22541,2025-03-31,A,9924
16937,22542,2025-09-28,A,8737
16938,22543,2025-10-30,A,1916
16939,22544,2025-05-23,A,8933
16940,22547,2025-10-03,C,2310
16941,22548,2025-09-28,A,9297
16942,22550,2025-09-11,A,1441
16943,22552,2025-04-08,A,967
16944,22553,2025-09-12,C,8172
16945,22554,2026-02-10,A,1210
16946,22555,2025-06-07,A,3536
16947,22556,2025-09-19,A,9649
16948,22557,2025-07-22,A,11889
16949,22558,2025-07-11,A,8981
16950,22559,2025-07-01,A,2523
16951,22562,2025-05-14,A,2337
16952,22563,2025-06-05,B,5104
16953,22564,2025-12-16,A,4249
16954,22566,2025-05-28,A,3987
16955,22567,2025-07-07,C,11889
16956,22568,2025-07-11,A,712
16957,22569,2025-10-20,A,9077
16958,22571,2025-06-10,A,4524
16959,22572,2026-01-18,A,10204
16960,22573,2026-02-14,A,3653
16961,22575,2025-09-28,B,2571
16962,22577,2025-07-02,A,6480
16963,22578,2025-11-23,A,10352
16964,22579,2025-10-29,A,2203
16965,22580,2025-10-18,A,2594
16966,22581,2025-04-07,C,6342
16967,22583,2025-08-23,A,6342
16968,22584,2025-06-13,A,6342
16969,22586,2025-12-30,A,2337
16970,22587,2025-04-24,C,2405
16971,22589,2025-11-13,A,811
16972,22592,2025-11-18,B,2337
16973,22593,2025-10-09,A,1609
16974,22594,2025-08-16,A,6568
16975,22596,2025-08-10,A,2431
16976,22597,2025-07-14,C,10720
16977,22600,2026-01-15,A,2665
16978,22601,2025-04-29,C,2205
16979,22602,2025-08-09,A,5374
16980,22603,2025-08-15,A,3420
16981,22604,2025-07-31,A,2160
16982,22605,2025-07-18,A,2494
16983,22606,2025-03-29,A,9032
16984,22609,2025-08-24,A,3580
16985,22610,2025-04-08,C,2405
16986,22611,2025-08-21,C,4160
16987,22613,2025-11-13,A,2450
16988,22614,2026-02-04,A,7667
16989,22616,2025-08-06,A,3915
16990,22617,2025-11-11,A,10325
16991,22618,2025-08-21,A,9229
16992,22619,2025-07-31,C,2203
16993,22620,2025-07-13,A,6568
16994,22621,2025-08-01,A,2160
16995,22624,2025-06-19,A,1161
16996,22625,2025-04-21,A,6227
16997,22626,2025-07-16,A,5982
16998,22631,2026-01-13,A,1985
16999,22632,2025-11-13,A,2641
17000,22635,2025-11-01,A,1589
17001,22637,2025-09-01,A,10201
17002,22638,2025-09-22,A,6911
17003,22639,2025-04-22,A,2080
17004,22640,2025-10-02,C,11011
17005,22641,2025-04-22,A,2667
17006,22643,2026-02-11,A,1586
17007,22644,2025-09-09,C,3812
17008,22646,2025-03-10,A,9948
17009,22647,2025-08-18,A,10160
17010,22649,2025-02-21,A,2311
17011,22650,2026-03-17,A,4182
17012,22651,2026-01-22,A,10396
17013,22652,2025-09-29,B,2356
17014,22654,2025-10-19,B,8706
17015,22656,2025-06-14,A,4184
17016,22657,2025-12-12,A,8957
17017,22658,2025-03-28,A,9178
17018,22659,2025-11-16,A,712
17019,22660,2025-05-26,A,2667
17020,22662,2025-12-09,A,9824
17021,22664,2025-06-05,A,2203
17022,22665,2025-08-07,A,554
17023,22666,2025-06-07,A,7365
17024,22667,2025-11-16,A,5164
17025,22668,2025-03-29,C,4801
17026,22670,2025-09-06,A,2404
17027,22671,2025-07-14,A,578
17028,22672,2025-08-30,C,9297
17029,22673,2025-12-11,C,2553
17030,22675,2025-12-25,A,8510
17031,22676,2025-11-18,C,5489
17032,22678,2025-04-21,A,2282
17033,22679,2025-04-14,A,10374
17034,22681,2026-01-06,A,4134
17035,22685,2025-02-15,A,9078
17036,22687,2025-12-17,A,8173
17037,22688,2025-08-14,C,4994
17038,22689,2025-09-13,A,10635
17039,22690,2026-02-02,A,9627
17040,22691,2025-05-27,A,10251
17041,22692,2025-12-30,A,9802
17042,22694,2025-11-24,A,2641
17043,22695,2025-03-16,A,10853
17044,22696,2025-11-05,C,8633
17045,22697,2025-04-08,A,9802
17046,22698,2025-03-21,A,9669
17047,22699,2025-08-26,A,1460
17048,22700,2026-01-17,A,10395
17049,22701,2025-10-13,C,2571
17050,22702,2025-04-25,A,2183
17051,22704,2025-03-08,C,9076
17052,22705,2025-06-01,A,2494
17053,22706,2025-08-24,A,8735
17054,22707,2026-01-22,A,6837
17055,22708,2025-02-02,C,11094
17056,22710,2025-08-28,A,10946
17057,22711,2025-05-11,A,2665
17058,22715,2025-09-19,A,6296
17059,22717,2025-07-12,A,5690
17060,22718,2025-12-06,A,5638
17061,22719,2025-10-11,A,11470
17062,22720,2025-11-25,A,3580
17063,22722,2026-02-04,A,1663
17064,22723,2026-01-01,A,3328
17065,22725,2026-01-18,A,8017
17066,22726,2025-06-09,A,9995
17067,22727,2025-10-21,B,2106
17068,22728,2025-09-18,A,2283
17069,22731,2025-06-12,A,3704
17070,22732,2025-11-01,A,9057
17071,22733,2025-05-27,B,2404
17072,22735,2025-07-31,A,2259
17073,22736,2025-12-05,A,11166
17074,22737,2025-05-05,B,2383
17075,22738,2025-08-26,A,5762
17076,22739,2025-09-29,A,6717
17077,22740,2025-09-12,A,4227
17078,22741,2025-07-12,A,8388
17079,22742,2025-08-08,A,10586
17080,22743,2025-11-07,A,6009
17081,22744,2025-08-13,C,1982
17082,22745,2025-03-12,A,1662
17083,22746,2025-07-13,A,5895
17084,22748,2026-01-19,A,2382
17085,22749,2025-07-22,A,2571
17086,22750,2026-02-20,A,10027
17087,22751,2026-02-11,A,11403
17088,22752,2025-11-25,A,3676
17089,22753,2025-08-26,C,1505
17090,22754,2025-12-19,A,2284
17091,22755,2025-04-02,A,1917
17092,22756,2026-03-04,A,2494
17093,22757,2025-10-19,A,2641
17094,22758,2026-02-23,A,839
17095,22759,2025-04-01,B,2642
17096,22760,2025-09-02,A,383
17097,22763,2025-06-22,B,10793
17098,22764,2026-01-03,A,408
17099,22765,2025-07-06,C,10202
17100,22766,2025-06-24,C,1114
17101,22767,2025-07-03,A,10178
17102,22769,2026-01-15,A,6523
17103,22771,2025-12-23,A,6296
17104,22772,2025-07-24,C,4009
17105,22773,2025-06-11,A,578
17106,22775,2025-04-05,A,5252
17107,22776,2026-01-04,A,10674
17108,22777,2025-10-09,C,4820
17109,22779,2025-06-07,A,2337
17110,22780,2026-02-11,C,7864
17111,22781,2025-05-20,A,4594
17112,22782,2025-12-23,C,2494
17113,22783,2025-07-26,A,10457
17114,22784,2026-01-15,A,1788
17115,22785,2025-07-03,A,5147
17116,22786,2025-08-09,A,1089
17117,22787,2025-10-15,C,4113
17118,22788,2025-09-20,C,6154
17119,22789,2025-05-31,A,3360
17120,22790,2025-06-11,A,2522
17121,22791,2025-10-06,A,684
17122,22792,2025-05-21,A,1141
17123,22793,2025-08-14,A,11553
17124,22794,2025-03-10,A,990
17125,22795,2026-03-09,A,11940
17126,22799,2025-10-13,A,9505
17127,22800,2025-05-27,A,9690
17128,22801,2025-12-14,A,3509
17129,22802,2025-06-29,A,2433
17130,22804,2025-07-13,A,11387
17131,22805,2025-05-29,A,2183
17132,22806,2025-04-02,A,2433
17133,22807,2025-08-21,A,2935
17134,22808,2025-08-05,B,9130
17135,22809,2026-03-01,B,3243
17136,22810,2025-10-08,A,4698
17137,22811,2025-06-23,A,2476
17138,22815,2026-01-06,B,2283
17139,22816,2025-07-18,B,7694
17140,22817,2025-05-21,A,11068
17141,22822,2025-12-26,A,11553
17142,22823,2025-10-02,A,3653
17143,22824,2025-07-04,A,2642
17144,22825,2025-10-24,A,1442
17145,22827,2025-05-21,A,3420
17146,22828,2025-11-23,C,2431
17147,22830,2025-05-19,A,5638
17148,22831,2025-06-14,A,1140
17149,22833,2026-03-14,A,1786
17150,22834,2025-12-15,A,8737
17151,22835,2025-10-29,C,526
17152,22836,2025-03-18,A,6735
17153,22837,2025-09-11,A,9781
17154,22839,2025-11-18,A,2571
17155,22840,2025-08-30,A,4941
17156,22841,2026-03-29,A,2310
17157,22843,2025-09-29,A,3418
17158,22845,2026-02-05,C,3401
17159,22846,2025-06-16,A,2405
17160,22849,2025-12-23,A,5329
17161,22850,2025-11-13,A,11038
17162,22851,2025-03-01,A,4182
17163,22852,2025-07-23,C,2642
17164,22854,2025-09-26,C,3509
17165,22855,2025-03-16,C,11839
17166,22856,2025-10-17,A,1355
17167,22857,2025-07-26,A,6735
17168,22858,2025-06-25,A,8933
17169,22859,2025-05-25,A,9974
17170,22860,2025-08-25,A,2664
17171,22862,2025-07-12,A,5124
17172,22864,2025-09-29,A,2205
17173,22865,2025-08-18,A,2595
17174,22866,2026-01-28,A,4592
17175,22870,2025-07-23,A,2571
17176,22871,2025-11-17,A,5423
17177,22872,2025-08-28,A,3139
17178,22873,2026-02-12,A,6568
17179,22874,2025-06-30,A,6152
17180,22875,2025-04-03,A,3675
17181,22877,2025-06-18,A,6890
17182,22878,2025-07-28,A,7667
17183,22879,2026-05-03,A,2963
17184,22880,2026-03-03,C,7841
17185,22881,2025-12-05,A,6364
17186,22882,2026-03-03,C,2450
17187,22883,2025-08-23,C,2667
17188,22885,2025-11-14,A,2431
17189,22886,2025-03-16,A,1587
17190,22887,2025-09-25,A,1914
17191,22888,2025-06-02,A,7865
17192,22890,2025-09-29,B,1160
17193,22891,2025-10-27,A,4399
17194,22893,2026-03-02,B,3329
17195,22894,2026-02-07,A,2616
17196,22895,2025-05-09,A,2230
17197,22897,2025-11-13,A,4160
17198,22899,2025-04-03,A,2765
17199,22900,2025-08-11,A,2182
17200,22901,2025-04-29,A,7265
17201,22902,2025-04-03,A,6783
17202,22903,2026-01-13,A,9692
17203,22905,2025-11-04,C,2180
17204,22906,2026-03-11,A,4373
17205,22907,2025-10-06,A,9649
17206,22908,2025-12-26,C,1462
17207,22910,2025-06-07,B,5610
17208,22911,2025-10-26,A,3096
17209,22912,2026-03-18,A,1888
17210,22914,2026-01-31,A,9127
17211,22915,2026-04-08,C,1063
17212,22916,2025-05-02,A,2258
17213,22917,2025-04-29,A,10354
17214,22918,2025-06-28,A,11342
17215,22919,2025-09-25,A,10637
17216,22921,2025-11-10,A,453
17217,22922,2025-05-15,A,3914
17218,22923,2025-11-23,A,10971
17219,22924,2025-10-29,A,2667
17220,22925,2025-10-17,A,2310
17221,22926,2025-07-11,A,2230
17222,22928,2025-09-19,C,9253
17223,22929,2025-04-19,A,2310
17224,22930,2025-06-07,C,9735
17225,22931,2026-01-02,A,4592
17226,22932,2025-06-07,A,3603
17227,22933,2025-09-29,A,2405
17228,22936,2026-01-04,B,11799
17229,22938,2025-09-27,A,11555
17230,22939,2025-08-07,A,3263
17231,22941,2026-01-30,A,5515
17232,22942,2025-05-09,B,9056
17233,22943,2025-09-15,A,6524
17234,22944,2025-06-30,A,2338
17235,22945,2025-05-20,A,2667
17236,22946,2025-07-20,A,9316
17237,22947,2025-09-11,A,2231
17238,22949,2025-07-16,A,6717
17239,22950,2025-11-20,A,11070
17240,22951,2025-04-24,C,9176
17241,22952,2025-12-12,A,9924
17242,22953,2025-05-18,C,3988
17243,22954,2025-05-13,A,2571
17244,22955,2025-07-26,C,2551
17245,22956,2025-08-31,A,479
17246,22957,2025-08-04,A,5423
17247,22958,2025-11-17,A,382
17248,22960,2025-03-31,A,2474
17249,22961,2026-02-28,A,5823
17250,22963,2026-01-29,A,2495
17251,22964,2025-09-14,A,2475
17252,22965,2026-03-12,A,647
17253,22966,2025-09-01,C,2059
17254,22968,2025-08-28,A,11387
17255,22970,2025-06-17,A,2451
17256,22971,2025-07-14,A,8705
17257,22972,2026-02-18,A,1834
17258,22973,2025-04-18,A,5588
17259,22974,2025-09-02,A,11863
17260,22975,2025-09-08,A,2358
17261,22976,2025-07-26,A,2433
17262,22977,2025-12-18,A,1961
17263,22978,2025-05-18,A,5207
17264,22979,2025-05-12,A,2335
17265,22980,2025-04-10,C,2406
17266,22981,2025-09-24,C,2311
17267,22983,2025-12-24,A,9900
17268,22984,2025-11-06,A,5081
17269,22985,2025-10-04,A,6931
17270,22986,2025-09-16,A,526
17271,22987,2025-08-15,A,8388
17272,22990,2025-09-09,A,10305
17273,22991,2025-11-30,A,1141
17274,22992,2026-01-09,A,3535
17275,22995,2025-05-04,A,6952
17276,22996,2025-12-01,A,2616
17277,22999,2025-07-24,A,9710
17278,23000,2025-08-27,A,10919
17279,23001,2025-09-10,A,5227
17280,23002,2025-07-13,A,1462
17281,23003,2025-03-31,C,2642
17282,23004,2026-02-22,A,645
17283,23005,2026-02-10,C,2230
17284,23008,2025-03-17,A,8535
17285,23010,2025-03-29,C,10749
17286,23011,2025-08-16,A,7693
17287,23012,2025-12-12,A,6666
17288,23013,2025-11-25,A,3581
17289,23014,2025-09-12,A,2202
17290,23015,2025-08-26,A,11121
17291,23016,2025-11-10,A,2936
17292,23017,2025-09-01,A,2202
17293,23018,2025-12-20,B,7891
17294,23019,2025-12-29,B,9737
17295,23020,2026-01-15,A,2336
17296,23021,2025-12-03,A,5444
17297,23022,2025-08-14,A,6952
17298,23023,2025-10-24,A,11533
17299,23024,2025-04-04,A,3116
17300,23025,2026-01-12,A,2406
17301,23026,2025-07-24,A,9230
17302,23027,2025-08-04,B,2312
17303,23028,2025-04-06,C,2473
17304,23029,2025-09-12,A,8633
17305,23030,2025-08-16,A,2642
17306,23032,2025-03-12,C,11141
17307,23033,2025-11-18,C,10441
17308,23034,2026-02-16,A,2885
17309,23035,2025-05-29,A,9230
17310,23037,2025-11-28,A,5541
17311,23038,2025-05-05,A,3705
17312,23040,2025-06-30,A,9801
17313,23041,2025-09-10,A,11318
17314,23042,2025-09-09,A,11577
17315,23043,2026-02-16,C,10374
17316,23045,2026-02-09,A,8836
17317,23046,2025-06-02,A,5402
17318,23048,2025-08-03,A,2910
17319,23049,2025-05-18,A,6691
17320,23050,2025-10-24,C,5736
17321,23052,2025-05-22,A,3989
17322,23053,2026-03-02,A,8319
17323,23054,2025-11-11,A,10325
17324,23055,2026-02-08,A,10279
17325,23057,2025-08-28,C,5981
17326,23060,2025-04-24,A,10395
17327,23061,2025-05-05,B,2231
17328,23064,2025-07-28,A,3860
17329,23065,2025-04-08,A,5635
17330,23066,2025-03-18,A,645
17331,23067,2025-03-10,A,8119
17332,23068,2025-05-28,A,2475
17333,23069,2025-06-05,A,10584
17334,23071,2025-09-07,A,2384
17335,23072,2025-10-06,A,2474
17336,23074,2025-06-14,A,2641
17337,23076,2026-01-15,C,2205
17338,23077,2025-08-13,A,6983
17339,23079,2025-07-05,C,2553
17340,23080,2025-06-30,A,3030
17341,23081,2025-12-15,A,9252
17342,23082,2025-05-31,A,1787
17343,23083,2025-07-25,A,6076
17344,23084,2025-07-08,A,2964
17345,23085,2025-07-31,A,11290
17346,23086,2025-09-05,A,9157
17347,23087,2025-04-19,C,1632
17348,23088,2025-08-02,B,2203
17349,23090,2025-10-23,A,9779
17350,23091,2025-07-06,C,2310
17351,23092,2025-03-04,A,556
17352,23093,2025-08-09,A,2181
17353,23094,2025-06-30,B,8292
17354,23095,2025-09-02,A,2641
17355,23097,2025-10-10,A,8936
17356,23098,2026-03-01,A,2336
17357,23099,2025-05-15,C,4373
17358,23100,2025-12-21,A,1632
17359,23101,2025-07-25,A,11451
17360,23102,2025-07-01,A,8483
17361,23103,2025-12-13,A,1379
17362,23104,2025-11-28,A,2552
17363,23105,2026-02-17,B,2282
17364,23106,2025-08-13,A,2572
17365,23107,2026-01-31,A,7435
17366,23108,2025-08-14,B,2404
17367,23109,2025-08-27,A,1484
17368,23110,2025-05-15,C,2182
17369,23111,2025-08-02,A,2160
17370,23112,2025-11-23,A,3654
17371,23113,2025-10-02,A,11404
17372,23114,2025-11-03,A,2159
17373,23117,2025-06-29,C,5565
17374,23119,2025-12-25,C,2357
17375,23120,2025-04-17,C,4160
17376,23122,2025-09-16,A,1356
17377,23123,2025-08-31,A,2183
17378,23124,2025-05-31,C,7942
17379,23126,2025-02-21,A,10486
17380,23127,2026-02-06,A,9779
17381,23128,2025-11-18,C,9078
17382,23129,2025-09-20,A,11141
17383,23130,2026-01-10,A,2616
17384,23131,2025-07-09,A,2383
17385,23132,2025-11-24,A,10224
17386,23133,2025-04-03,A,2338
17387,23135,2025-11-08,C,11490
17388,23136,2025-08-05,B,6460
17389,23137,2025-05-09,A,9670
17390,23138,2025-12-22,A,6384
17391,23139,2025-08-02,A,9337
17392,23140,2025-10-22,C,10134
17393,23141,2026-04-10,A,8659
17394,23143,2026-01-27,A,3359
17395,23145,2025-02-18,A,1356
17396,23146,2025-04-18,C,4228
17397,23147,2025-08-12,A,2202
17398,23148,2025-08-30,B,11425
17399,23149,2025-05-04,B,9998
17400,23150,2025-08-31,A,11143
17401,23154,2026-04-08,A,1460
17402,23156,2025-03-15,A,9057
17403,23158,2025-03-03,A,7667
17404,23159,2025-09-27,B,2356
17405,23160,2025-07-19,B,6249
17406,23161,2025-12-26,A,4160
17407,23162,2026-01-07,A,10439
17408,23163,2025-03-01,A,5663
17409,23164,2025-11-21,A,7645
17410,23165,2025-10-15,A,2552
17411,23166,2025-08-25,A,5252
17412,23169,2025-09-25,C,9669
17413,23172,2025-07-11,A,1633
17414,23173,2025-08-31,A,6982
17415,23175,2025-08-21,B,2335
17416,23177,2025-09-05,C,2433
17417,23179,2025-06-06,A,10324
17418,23182,2026-01-01,C,2571
17419,23183,2025-10-13,A,5689
17420,23185,2025-11-18,A,2282
17421,23189,2025-10-18,A,5207
17422,23190,2025-08-21,A,1211
17423,23191,2025-11-02,A,2964
17424,23192,2025-04-16,A,2159
17425,23193,2025-08-21,A,2666
17426,23194,2025-03-23,A,10090
17427,23195,2025-08-06,B,2312
17428,23196,2025-07-31,A,2431
17429,23197,2025-10-08,C,5638
17430,23200,2025-10-19,A,10090
17431,23201,2025-11-25,A,10875
17432,23202,2025-06-06,B,2385
17433,23204,2025-12-15,A,8957
17434,23205,2025-11-21,C,7944
17435,23206,2025-11-06,A,5305
17436,23207,2025-10-14,A,2553
17437,23208,2025-04-08,A,5663
17438,23209,2026-03-11,A,3381
17439,23211,2025-10-30,A,4182
17440,23212,2025-07-02,A,2181
17441,23213,2025-07-14,A,2616
17442,23214,2026-01-10,A,5081
17443,23215,2026-01-04,A,1985
17444,23216,2025-07-18,B,2180
17445,23218,2025-04-10,A,9758
17446,23219,2026-04-12,A,6952
17447,23220,2025-08-17,A,5375
17448,23222,2025-10-15,A,2476
17449,23224,2025-09-13,C,2473
17450,23225,2025-09-08,A,9759
17451,23227,2025-09-28,C,8936
17452,23228,2025-11-30,A,8980
17453,23229,2025-05-19,C,2159
17454,23231,2026-02-24,A,9232
17455,23232,2025-08-25,A,741
17456,23233,2025-12-24,A,6524
17457,23234,2025-06-09,A,9030
17458,23235,2025-10-28,A,9924
17459,23236,2025-10-10,C,8455
17460,23237,2025-04-11,A,6911
17461,23239,2025-07-24,C,10655
17462,23240,2026-04-10,A,1287
17463,23241,2025-07-21,A,2664
17464,23242,2026-01-18,A,5352
17465,23243,2025-07-30,A,4469
17466,23244,2026-03-31,A,2431
17467,23245,2025-12-19,A,2337
17468,23246,2025-07-31,C,11187
17469,23247,2025-10-24,A,4374
17470,23249,2025-04-28,A,7411
17471,23250,2026-01-14,A,11291
17472,23251,2025-09-01,A,2571
17473,23253,2025-04-30,C,2615
17474,23254,2025-12-29,C,11319
17475,23255,2025-10-15,A,5423
17476,23256,2025-10-06,A,8980
17477,23257,2025-07-17,A,5691
17478,23258,2025-08-23,B,792
17479,23259,2025-12-01,A,3166
17480,23260,2025-07-20,A,2451
17481,23261,2026-01-08,A,9690
17482,23262,2025-11-29,A,11838
17483,23263,2025-09-04,C,6891
17484,23264,2025-11-02,A,2311
17485,23265,2025-11-01,A,1211
17486,23266,2025-10-20,B,3097
17487,23268,2025-04-06,A,2523
17488,23270,2025-07-18,A,1632
17489,23271,2025-06-15,C,10068
17490,23272,2025-10-30,C,2616
17491,23273,2025-08-08,A,2553
17492,23274,2025-04-01,A,4994
17493,23275,2025-05-11,C,4992
17494,23277,2025-03-21,A,1139
17495,23278,2025-05-19,A,6836
17496,23279,2025-04-16,C,10224
17497,23280,2025-06-17,A,2205
17498,23281,2026-01-07,A,4800
17499,23282,2025-04-29,A,1549
17500,23283,2026-01-02,A,11450
17501,23284,2025-06-04,A,9128
17502,23285,2026-01-08,A,4160
17503,23286,2025-04-26,A,3604
17504,23287,2025-08-08,A,1569
17505,23288,2025-09-24,A,5375
17506,23290,2025-06-13,A,5850
17507,23291,2026-02-28,A,2666
17508,23292,2026-02-23,A,406
17509,23293,2025-08-24,C,5329
17510,23294,2025-09-04,A,11717
17511,23295,2025-06-08,A,2311
17512,23296,2025-09-28,A,556
17513,23297,2025-08-25,A,10822
17514,23298,2025-11-13,A,9651
17515,23300,2025-08-26,A,2181
17516,23301,2026-02-27,A,2180
17517,23302,2026-03-14,C,10250
17518,23303,2025-11-24,A,8435
17519,23304,2025-09-05,A,966
17520,23305,2025-09-16,A,2336
17521,23306,2026-01-15,A,10178
17522,23308,2025-04-15,A,9177
17523,23309,2025-10-17,A,5851
17524,23310,2025-09-22,B,6929
17525,23311,2025-06-19,A,2183
17526,23312,2025-06-27,A,4276
17527,23313,2025-10-23,A,2688
17528,23315,2025-12-02,A,4699
17529,23317,2026-01-25,B,7546
17530,23319,2025-07-28,C,3009
17531,23320,2025-05-05,A,3581
17532,23322,2025-06-15,C,8767
17533,23323,2025-09-18,B,2450
17534,23324,2025-11-03,A,11141
17535,23326,2025-12-12,A,2203
17536,23329,2025-08-16,A,11319
17537,23330,2026-01-07,A,9650
17538,23331,2025-09-20,A,1115
17539,23333,2025-07-26,A,2476
17540,23335,2025-07-12,A,9877
17541,23336,2026-03-09,A,7623
17542,23338,2026-03-29,B,3763
17543,23339,2025-02-20,A,5662
17544,23340,2025-04-12,A,11269
17545,23341,2026-02-18,A,9802
17546,23342,2026-01-01,A,2432
17547,23345,2025-04-19,A,9692
17548,23348,2025-11-17,A,6910
17549,23352,2025-05-29,A,1985
17550,23353,2026-02-03,A,8680
17551,23354,2025-07-14,A,7079
17552,23355,2025-08-07,A,3728
17553,23356,2025-06-01,A,2183
17554,23357,2025-09-30,A,8704
17555,23358,2025-10-31,A,2180
17556,23359,2026-02-28,C,9298
17557,23360,2026-02-13,A,2358
17558,23361,2025-12-06,B,2495
17559,23362,2026-02-03,A,10280
17560,23363,2025-08-26,A,8933
17561,23365,2025-08-05,A,2310
17562,23366,2025-08-25,A,9202
17563,23368,2026-02-25,A,4038
17564,23369,2026-01-23,A,1763
17565,23370,2025-07-20,A,1691
17566,23371,2026-03-23,A,2382
17567,23372,2025-06-21,A,2159
17568,23373,2025-03-29,A,9127
17569,23374,2026-03-27,C,2494
17570,23375,2025-06-11,A,1983
17571,23376,2025-05-15,A,11207
17572,23377,2025-11-07,C,11290
17573,23378,2025-10-12,A,838
17574,23379,2025-08-15,A,2181
17575,23381,2026-01-01,A,11290
17576,23382,2025-05-09,A,2936
17577,23384,2026-02-12,A,7547
17578,23385,2025-11-25,A,4777
17579,23386,2025-04-07,B,8612
17580,23387,2025-11-30,A,10440
17581,23388,2025-08-05,A,1588
17582,23390,2025-09-01,B,2205
17583,23391,2025-07-17,A,4274
17584,23392,2025-09-04,A,1088
17585,23394,2025-10-07,C,10987
17586,23395,2026-03-20,A,1113
17587,23398,2026-04-25,A,2310
17588,23399,2025-11-03,A,10204
17589,23400,2025-06-08,C,2311
17590,23401,2025-07-12,A,7101
17591,23402,2025-06-27,A,1984
17592,23403,2026-02-02,A,4331
17593,23404,2025-11-10,A,5057
17594,23405,2025-10-09,C,2523
17595,23406,2025-07-29,A,741
17596,23410,2025-07-10,A,11511
17597,23411,2025-05-17,C,4593
17598,23412,2025-05-09,A,623
17599,23413,2025-09-18,A,2496
17600,23414,2025-11-13,A,2664
17601,23416,2025-07-21,A,10458
17602,23417,2025-07-11,C,2406
17603,23418,2025-02-28,A,2231
17604,23419,2026-03-04,A,5124
17605,23420,2025-04-02,C,9780
17606,23421,2026-01-14,A,4373
17607,23423,2025-07-13,A,7435
17608,23424,2025-05-19,A,11068
17609,23426,2026-01-07,A,7545
17610,23427,2025-12-15,C,2282
17611,23429,2026-03-06,C,2358
17612,23430,2025-07-18,A,5608
17613,23431,2025-10-21,A,1689
17614,23432,2025-08-09,A,1739
17615,23434,2025-10-01,A,2337
17616,23435,2026-02-01,C,6810
17617,23436,2025-10-16,A,7140
17618,23437,2025-08-08,A,2383
17619,23438,2026-02-28,A,2910
17620,23440,2026-05-12,A,7844
17621,23441,2025-03-02,A,3634
17622,23442,2025-04-23,A,622
17623,23443,2025-07-03,A,1961
17624,23444,2025-04-30,B,11940
17625,23445,2025-07-21,A,9130
17626,23446,2025-08-04,A,11513
17627,23447,2025-09-15,B,2451
17628,23449,2025-07-05,A,9601
17629,23451,2025-04-03,A,6756
17630,23452,2025-09-20,C,6754
17631,23453,2025-06-15,A,8659
17632,23454,2025-11-13,A,9154
17633,23455,2026-03-27,A,1505
17634,23456,2025-12-29,A,2909
17635,23457,2025-10-02,A,1379
17636,23459,2025-07-23,A,578
17637,23460,2025-07-12,A,7791
17638,23461,2025-05-23,A,10822
17639,23462,2025-11-12,A,1163
17640,23465,2026-01-18,A,2496
17641,23466,2025-12-24,A,2572
17642,23467,2025-08-01,A,9924
17643,23468,2025-12-18,A,2311
17644,23469,2025-02-14,A,9177
17645,23470,2025-03-08,A,2551
17646,23471,2025-04-09,A,3185
17647,23472,2025-02-12,A,3329
17648,23473,2025-07-14,A,10970
17649,23474,2025-08-23,A,6667
17650,23475,2025-11-01,A,2431
17651,23476,2025-07-06,A,1786
17652,23477,2026-02-10,A,2475
17653,23478,2026-02-22,A,792
17654,23479,2025-05-19,A,2615
17655,23480,2025-07-22,C,9878
17656,23482,2025-03-08,A,2965
17657,23483,2025-07-25,A,11911
17658,23484,2025-09-22,A,11404
17659,23486,2025-11-06,C,1461
17660,23487,2025-04-20,A,2473
17661,23488,2025-04-28,A,2667
17662,23489,2025-07-12,A,2182
17663,23490,2026-01-23,A,2552
17664,23491,2026-03-09,A,1399
17665,23492,2025-09-25,B,2258
17666,23493,2025-10-20,A,2282
17667,23494,2025-06-17,A,8680
17668,23495,2025-08-22,B,1914
17669,23496,2025-08-13,A,4672
17670,23497,2026-03-18,A,4776
17671,23498,2025-06-28,A,4159
17672,23501,2026-02-18,C,6101
17673,23502,2025-12-07,C,9202
17674,23503,2025-11-05,B,3862
17675,23504,2025-10-18,A,2284
17676,23506,2025-09-20,C,2496
17677,23507,2025-03-31,B,10279
17678,23508,2025-04-11,A,478
17679,23509,2025-03-02,C,6913
17680,23510,2025-05-07,A,3704
17681,23511,2026-01-04,A,2476
17682,23512,2025-04-06,A,3883
17683,23514,2025-06-13,A,1141
17684,23516,2025-03-29,A,6570
17685,23517,2025-08-30,A,9802
17686,23519,2026-01-29,A,9759
17687,23520,2025-07-09,C,6229
17688,23521,2025-08-22,C,1015
17689,23522,2025-12-08,A,9202
17690,23523,2025-05-29,A,2282
17691,23524,2026-01-18,A,4470
17692,23525,2025-06-19,A,2259
17693,23526,2025-06-03,A,6810
17694,23528,2025-07-11,A,4722
17695,23529,2025-04-04,A,6689
17696,23530,2025-08-20,A,1691
17697,23531,2025-11-20,A,6176
17698,23532,2025-09-12,A,8659
17699,23535,2025-06-27,A,4202
17700,23536,2025-06-25,A,2496
17701,23538,2026-02-07,A,4593
17702,23539,2026-01-06,C,11840
17703,23541,2025-10-04,C,8660
17704,23542,2025-12-18,A,2338
17705,23543,2025-06-01,A,2494
17706,23544,2025-03-11,C,1420
17707,23546,2025-12-10,A,8610
17708,23549,2025-06-21,C,1609
17709,23551,2025-05-08,A,6128
17710,23552,2025-04-07,A,2283
17711,23554,2026-02-03,A,6717
17712,23556,2025-11-04,A,10302
17713,23557,2025-08-20,A,938
17714,23558,2025-03-31,A,5163
17715,23559,2025-12-16,A,2450
17716,23560,2025-10-19,A,2336
17717,23561,2026-04-06,B,10069
17718,23563,2025-08-08,A,2335
17719,23564,2025-09-06,A,11207
17720,23565,2026-01-06,C,2385
17721,23566,2025-05-19,A,8321
17722,23567,2026-01-13,C,6930
17723,23568,2025-03-18,A,8705
17724,23569,2025-05-11,A,2202
17725,23572,2026-02-12,A,3860
17726,23573,2025-05-24,C,11838
17727,23575,2025-09-25,A,6867
17728,23578,2025-06-04,A,1862
17729,23579,2025-10-13,A,4373
17730,23580,2025-05-06,A,9101
17731,23581,2025-09-24,A,3957
17732,23583,2025-07-31,A,3167
17733,23584,2025-06-13,A,7026
17734,23585,2026-02-09,A,9901
17735,23586,2025-10-01,A,2615
17736,23587,2025-10-16,C,6930
17737,23588,2025-05-06,A,2203
17738,23589,2026-01-26,B,5541
17739,23590,2025-10-02,A,838
17740,23591,2025-09-06,A,2571
17741,23592,2025-12-31,B,5163
17742,23594,2025-02-17,C,10117
17743,23595,2025-06-23,A,4038
17744,23597,2025-05-16,C,624
17745,23598,2025-05-23,A,9388
17746,23600,2026-02-11,C,5227
17747,23601,2025-04-06,A,6383
17748,23602,2025-05-24,A,5014
17749,23603,2025-05-27,A,1483
17750,23605,2025-05-29,A,8560
17751,23606,2025-08-01,A,5102
17752,23607,2025-06-21,A,2496
17753,23608,2025-11-21,A,2405
17754,23610,2026-03-04,A,10250
17755,23611,2026-01-25,A,3215
17756,23612,2026-02-15,C,4649
17757,23613,2025-10-02,C,2204
17758,23614,2025-12-22,A,1114
17759,23615,2025-10-17,A,2642
17760,23616,2025-11-19,C,2594
17761,23618,2026-01-31,B,6913
17762,23619,2025-11-18,B,9504
17763,23620,2025-11-03,A,7547
17764,23622,2025-05-14,C,3604
17765,23623,2025-05-21,A,9177
17766,23624,2025-06-17,C,7386
17767,23625,2025-05-04,A,9782
17768,23626,2025-07-26,B,10636
17769,23627,2025-09-17,A,2312
17770,23628,2025-09-21,A,5490
17771,23629,2025-12-28,A,9996
17772,23633,2025-02-15,A,5638
17773,23634,2025-05-20,C,8960
17774,23635,2026-01-09,A,5103
17775,23636,2025-10-01,A,9029
17776,23637,2025-08-22,B,2203
17777,23638,2025-08-12,A,7289
17778,23639,2025-07-31,C,2936
17779,23640,2025-08-17,A,8934
17780,23641,2025-08-30,A,2615
17781,23642,2025-07-13,C,1181
17782,23643,2025-10-15,A,10224
17783,23644,2025-06-30,C,9101
17784,23646,2026-01-10,A,9974
17785,23647,2025-05-31,C,1662
17786,23648,2025-02-19,C,11343
17787,23650,2025-11-16,A,2643
17788,23651,2025-07-31,A,7693
17789,23652,2025-12-15,A,6480
17790,23656,2025-09-17,A,2451
17791,23657,2025-07-21,A,2181
17792,23658,2025-12-06,C,8735
17793,23659,2025-06-22,A,4303
17794,23660,2025-02-22,A,11425
17795,23661,2025-05-09,A,8269
17796,23663,2026-01-21,A,556
17797,23665,2025-07-12,A,5056
17798,23666,2025-08-31,A,9156
17799,23667,2025-10-23,A,6342
17800,23668,2025-07-21,A,6810
17801,23669,2025-03-18,C,2282
17802,23670,2026-01-23,A,4375
17803,23671,2025-03-09,A,10091
17804,23673,2025-02-11,A,2739
17805,23674,2025-04-22,A,1400
17806,23675,2025-10-22,A,2060
17807,23676,2025-05-29,A,6690
17808,23677,2025-09-27,A,7081
17809,23678,2025-03-08,A,1762
17810,23679,2025-09-08,A,9127
17811,23680,2025-02-25,A,11534
17812,23681,2026-01-17,C,2382
17813,23682,2025-11-14,A,4038
17814,23684,2025-06-09,A,2384
17815,23685,2025-12-22,A,7387
17816,23686,2025-06-27,C,3187
17817,23687,2026-05-12,A,5124
17818,23689,2025-11-24,A,11318
17819,23690,2026-01-10,A,2230
17820,23691,2025-06-21,A,9129
17821,23692,2026-04-08,A,2183
17822,23693,2025-10-22,A,683
17823,23694,2025-08-27,A,603
17824,23695,2025-10-10,A,8146
17825,23696,2025-07-07,C,8808
17826,23698,2025-09-07,B,2475
17827,23699,2025-10-19,A,2616
17828,23701,2026-02-06,A,9202
17829,23703,2025-12-08,A,2259
17830,23705,2026-03-16,A,5638
17831,23706,2026-01-13,A,7288
17832,23707,2025-06-01,C,2431
17833,23709,2025-12-12,A,5465
17834,23710,2025-10-15,A,2616
17835,23711,2026-01-17,A,4592
17836,23713,2025-10-16,C,6717
17837,23715,2026-02-02,C,6865
17838,23717,2025-09-21,A,9780
17839,23718,2025-03-31,A,2667
17840,23719,2025-07-07,A,9736
17841,23720,2026-03-06,A,2404
17842,23721,2025-07-14,A,7236
17843,23722,2026-01-02,C,2643
17844,23723,2025-06-09,B,10823
17845,23724,2025-09-12,A,2642
17846,23725,2025-10-18,A,10535
17847,23726,2025-10-21,A,10969
17848,23730,2025-08-21,A,6154
17849,23731,2026-02-22,C,4568
17850,23732,2025-06-27,A,7917
17851,23737,2025-10-18,A,2494
17852,23739,2025-07-30,A,10635
17853,23740,2025-04-15,A,9389
17854,23741,2026-01-16,A,2230
17855,23742,2026-03-03,A,3283
17856,23744,2026-01-14,A,2182
17857,23746,2025-07-19,A,8704
17858,23747,2026-01-15,A,5663
17859,23748,2025-11-28,A,11451
17860,23749,2025-11-08,B,5923
17861,23751,2025-08-17,A,2496
17862,23753,2025-06-13,A,5374
17863,23754,2025-08-31,A,4801
17864,23755,2025-05-12,A,2664
17865,23756,2025-06-04,A,9802
17866,23757,2025-10-18,A,4994
17867,23759,2025-09-20,C,2358
17868,23761,2025-06-02,A,3634
17869,23762,2025-09-16,A,3139
17870,23763,2025-11-01,A,5080
17871,23765,2025-11-13,A,11470
17872,23766,2025-08-27,A,9435
17873,23768,2025-11-08,C,9736
17874,23769,2025-11-06,A,2665
17875,23770,2025-12-17,A,9599
17876,23771,2025-05-24,A,2335
17877,23772,2025-08-26,A,2552
17878,23773,2026-04-07,A,2615
17879,23774,2025-09-18,A,2665
17880,23775,2025-09-23,C,2160
17881,23776,2025-06-01,A,2571
17882,23779,2025-05-04,A,2666
17883,23780,2025-03-05,A,2182
17884,23781,2025-12-30,A,1306
17885,23782,2026-03-06,A,7988
17886,23784,2025-04-14,A,4227
17887,23787,2026-01-26,A,10068
17888,23788,2025-06-01,C,11576
17889,23791,2025-05-27,A,10250
17890,23792,2025-07-08,A,6384
17891,23795,2026-02-15,A,1181
17892,23796,2026-02-12,A,5281
17893,23797,2026-01-18,A,2338
17894,23798,2025-04-26,C,5305
17895,23799,2025-04-25,C,1786
17896,23802,2025-04-04,A,2790
17897,23803,2025-09-29,A,891
17898,23805,2025-07-04,A,1609
17899,23806,2025-07-07,A,9949
17900,23807,2025-11-17,A,2910
17901,23808,2025-08-14,A,554
17902,23810,2025-09-14,A,10066
17903,23811,2025-11-02,B,3383
17904,23812,2025-05-08,A,408
17905,23814,2026-01-04,B,2643
17906,23816,2025-12-07,A,9923
17907,23817,2025-10-29,A,8959
17908,23818,2026-02-14,A,10585
17909,23819,2026-01-01,A,8370
17910,23820,2026-02-15,A,2282
17911,23821,2025-12-14,A,4994
17912,23823,2025-03-13,A,10395
17913,23824,2025-03-17,A,11121
17914,23825,2025-04-18,A,8957
17915,23826,2025-09-13,A,10561
17916,23827,2025-02-19,C,5423
17917,23828,2025-10-07,A,1525
17918,23829,2025-12-01,A,8223
17919,23830,2025-08-04,B,3010
17920,23831,2025-11-20,A,791
17921,23832,2025-07-11,C,2135
17922,23833,2025-11-03,A,2336
17923,23834,2025-07-09,A,7623
17924,23835,2026-02-18,A,6890
17925,23837,2026-02-08,A,6865
17926,23838,2025-11-02,A,2134
17927,23842,2026-01-14,B,1862
17928,23843,2025-05-10,A,11511
17929,23844,2025-04-15,A,2282
17930,23846,2025-09-11,C,2204
17931,23847,2025-11-14,A,890
17932,23848,2026-02-19,C,7601
17933,23851,2025-12-08,A,11717
17934,23852,2026-02-18,C,10225
17935,23853,2025-06-07,A,10772
17936,23855,2025-05-11,A,2475
17937,23856,2025-08-29,A,2183
17938,23857,2025-12-29,A,5719
17939,23859,2025-10-23,A,1088
17940,23861,2025-06-24,A,2205
17941,23862,2025-11-09,A,6548
17942,23867,2025-09-24,A,11719
17943,23868,2025-07-31,A,8339
17944,23869,2025-10-09,A,6755
17945,23870,2025-05-04,A,2382
17946,23871,2025-10-07,A,11095
17947,23872,2025-10-01,A,4850
17948,23873,2025-08-03,A,2181
17949,23874,2025-06-02,C,8321
17950,23875,2025-05-22,A,4133
17951,23877,2025-12-03,C,2432
17952,23878,2025-06-17,C,2405
17953,23880,2025-08-17,A,8837
17954,23881,2025-08-07,B,2765
17955,23882,2025-06-20,A,9876
17956,23883,2025-08-02,A,2406
17957,23885,2025-01-31,A,8484
17958,23886,2025-05-21,A,5542
17959,23887,2025-06-21,A,9759
17960,23888,2025-05-18,A,2382
17961,23890,2025-10-24,A,6836
17962,23893,2025-10-14,A,501
17963,23894,2025-12-21,C,2450
17964,23898,2025-04-28,B,5850
17965,23899,2025-07-14,A,6865
17966,23900,2025-09-24,A,10460
17967,23901,2025-09-14,A,2450
17968,23902,2025-12-29,A,2594
17969,23903,2025-08-19,A,2432
17970,23904,2025-03-22,A,2813
17971,23905,2025-10-09,A,4800
17972,23906,2025-07-26,A,2494
17973,23907,2025-09-21,A,2494
17974,23908,2025-08-20,A,2475
17975,23909,2025-10-28,A,3655
17976,23910,2025-03-29,A,4355
17977,23911,2025-10-17,C,2908
17978,23912,2025-12-08,A,8632
17979,23913,2026-03-16,A,1441
17980,23914,2025-09-17,C,2336
17981,23916,2025-09-27,A,6689
17982,23917,2025-08-08,A,711
17983,23918,2025-12-22,A,966
17984,23919,2025-04-27,B,3010
17985,23920,2025-05-21,A,6127
17986,23921,2025-10-31,A,4303
17987,23922,2025-07-31,A,4871
17988,23923,2025-08-10,A,2336
17989,23924,2025-03-25,A,9629
17990,23925,2025-09-07,B,8435
17991,23926,2025-09-10,A,11403
17992,23928,2025-09-16,A,11800
17993,23929,2025-11-18,A,1608
17994,23930,2025-05-14,C,9998
17995,23931,2025-12-05,A,8767
17996,23933,2025-07-30,C,7218
17997,23934,2025-09-09,A,2204
17998,23936,2025-08-26,A,6837
17999,23937,2025-05-23,A,2284
18000,23938,2025-09-12,B,2181
18001,23939,2025-06-08,A,2476
18002,23943,2025-07-25,A,5123
18003,23945,2025-09-07,A,5637
18004,23947,2025-12-17,C,8319
18005,23948,2025-12-23,A,2258
18006,23949,2025-10-25,A,6913
18007,23950,2025-07-04,A,2616
18008,23951,2025-08-06,A,524
18009,23952,2025-04-26,A,2160
18010,23953,2025-08-31,A,10324
18011,23954,2025-09-28,A,8412
18012,23956,2025-05-08,A,5824
18013,23958,2025-11-29,A,8789
18014,23959,2025-04-30,C,5692
18015,23960,2025-11-15,A,6980
18016,23961,2025-07-15,B,6783
18017,23962,2025-06-08,C,554
18018,23964,2025-09-29,A,4202
18019,23965,2026-01-23,A,3264
18020,23966,2025-09-14,A,2615
18021,23968,2025-08-30,B,2552
18022,23969,2025-10-14,A,9503
18023,23970,2025-09-02,A,4401
18024,23971,2025-09-07,A,8909
18025,23972,2025-11-14,A,2312
18026,23973,2025-06-04,A,10560
18027,23974,2025-11-21,A,11040
18028,23975,2025-08-29,A,4523
18029,23976,2026-01-31,C,2451
18030,23977,2025-05-03,A,2159
18031,23978,2025-09-26,A,11166
18032,23981,2025-11-08,A,2106
18033,23982,2025-10-06,A,10657
18034,23984,2025-12-28,A,11289
18035,23985,2025-09-06,B,7518
18036,23986,2025-06-19,A,8368
18037,23987,2025-07-15,A,741
18038,23988,2025-09-03,C,6891
18039,23989,2026-01-26,A,2667
18040,23990,2026-04-03,A,1862
18041,23991,2025-08-12,A,10459
18042,23993,2026-03-14,A,11840
18043,23994,2025-07-03,A,5635
18044,23995,2025-07-10,A,1141
18045,23996,2025-10-14,C,6480
18046,23998,2025-06-12,A,11404
18047,23999,2025-10-22,A,9711
18048,24000,2025-03-07,A,9782
18049,24001,2025-09-07,A,7546
18050,24002,2025-05-10,A,3214
18051,24003,2026-01-09,A,7720
18052,24004,2025-03-16,B,9878
18053,24006,2025-09-30,C,2665
18054,24008,2025-08-19,A,7643
18055,24010,2025-09-28,C,7367
18056,24012,2025-08-12,A,2451
18057,24013,2025-08-12,A,2523
18058,24014,2026-02-27,A,8660
18059,24015,2025-08-20,A,7217
18060,24016,2025-08-05,B,2665
18061,24017,2025-06-09,A,478
18062,24020,2025-08-29,C,11471
18063,24022,2025-10-20,A,11451
18064,24023,2025-06-28,C,2283
18065,24024,2025-04-14,A,2496
18066,24025,2025-08-26,A,4671
18067,24026,2025-09-12,A,1588
18068,24027,2025-11-20,A,6835
18069,24028,2025-10-18,A,11289
18070,24030,2025-04-17,A,4425
18071,24031,2025-03-13,C,9758
18072,24034,2025-02-25,A,5422
18073,24036,2025-12-24,C,5849
18074,24037,2025-07-06,A,1210
18075,24038,2025-10-01,A,3030
18076,24039,2025-07-06,A,3959
18077,24040,2025-12-07,A,6414
18078,24041,2026-02-08,C,11365
18079,24042,2025-09-30,A,3071
18080,24044,2025-09-05,A,11186
18081,24046,2026-02-09,B,2643
18082,24047,2026-02-01,C,5638
18083,24049,2025-05-15,A,8610
18084,24050,2026-02-16,A,6099
18085,24053,2025-11-05,B,2552
18086,24054,2025-07-23,A,11343
18087,24055,2025-08-28,A,6595
18088,24056,2025-07-27,A,9156
18089,24057,2026-01-01,A,8790
18090,24058,2025-03-31,A,2665
18091,24061,2025-10-23,B,9950
18092,24062,2025-08-19,A,2476
18093,24063,2025-06-08,A,11121
18094,24066,2025-11-17,A,8680
18095,24067,2025-12-14,C,2431
18096,24069,2025-12-03,C,10133
18097,24070,2026-02-26,A,8146
18098,24071,2025-11-19,A,2382
18099,24073,2025-10-17,A,8509
18100,24074,2025-12-04,A,4820
18101,24075,2025-09-19,A,3987
18102,24077,2025-05-26,A,8884
18103,24079,2025-07-26,C,7411
18104,24080,2025-10-29,A,2642
18105,24081,2025-11-13,A,8246
18106,24082,2026-02-15,A,8885
18107,24083,2025-11-18,A,10047
18108,24084,2025-07-26,A,5787
18109,24085,2025-09-13,A,2204
18110,24087,2025-12-02,A,5565
18111,24088,2025-11-15,A,3442
18112,24089,2025-06-13,A,2667
18113,24091,2025-03-12,A,478
18114,24092,2025-05-24,A,3809
18115,24093,2025-10-12,C,2311
18116,24094,2026-02-04,A,2259
18117,24095,2025-07-11,C,5637
18118,24097,2025-09-15,A,3466
18119,24098,2025-10-23,A,2384
18120,24099,2025-11-14,A,9032
18121,24100,2025-12-23,A,8633
18122,24101,2025-09-23,A,2595
18123,24102,2026-02-08,A,666
18124,24104,2025-03-17,C,839
18125,24105,2025-07-19,A,2404
18126,24106,2025-05-02,A,2642
18127,24107,2025-10-06,C,2358
18128,24108,2025-11-14,A,2664
18129,24109,2026-01-20,A,1633
18130,24110,2025-04-08,A,9030
18131,24111,2025-10-22,A,2494
18132,24112,2025-10-14,A,9007
18133,24113,2025-04-10,C,2183
18134,24114,2025-12-24,C,6229
18135,24115,2025-09-03,A,11490
18136,24116,2025-10-22,A,7387
18137,24117,2025-06-11,A,2337
18138,24118,2025-05-27,A,2180
18139,24119,2025-10-06,C,2571
18140,24122,2026-01-26,A,2335
18141,24123,2025-07-26,C,1016
18142,24124,2025-05-06,A,5254
18143,24125,2025-06-01,A,2204
18144,24126,2025-06-30,B,9922
18145,24127,2025-12-28,A,2495
18146,24129,2025-02-09,C,9484
18147,24131,2025-09-02,A,10280
18148,24132,2025-08-13,A,3010
18149,24133,2025-07-02,C,9758
18150,24134,2025-08-21,A,8911
18151,24135,2025-10-08,C,2431
18152,24136,2025-08-08,C,2666
18153,24138,2025-12-02,A,2523
18154,24139,2025-07-12,C,8456
18155,24140,2025-08-13,B,6569
18156,24141,2025-11-29,A,8223
18157,24143,2025-07-29,C,1689
18158,24145,2026-01-10,A,2432
18159,24146,2025-07-13,A,6952
18160,24147,2025-07-04,A,3560
18161,24148,2025-07-14,A,2790
18162,24149,2025-04-01,A,1462
18163,24150,2025-06-11,A,2284
18164,24151,2025-11-17,C,3582
18165,24152,2025-02-17,A,8483
18166,24153,2025-05-16,A,2383
18167,24154,2026-03-31,A,2937
18168,24155,2025-04-25,C,8290
18169,24156,2025-10-14,A,2382
18170,24158,2025-06-06,A,11237
18171,24160,2025-04-26,A,6177
18172,24161,2025-07-02,A,8558
18173,24162,2025-11-03,A,2060
18174,24163,2025-03-14,A,2664
18175,24165,2025-07-09,A,2450
18176,24167,2025-07-14,A,3009
18177,24168,2025-05-19,A,1330
18178,24169,2025-07-13,A,1608
18179,24170,2026-04-22,A,2061
18180,24171,2025-07-21,A,8612
18181,24172,2025-05-10,A,2357
18182,24175,2025-07-16,A,9102
18183,24177,2025-12-16,A,9336
18184,24180,2025-09-29,B,6782
18185,24181,2026-04-01,A,8767
18186,24182,2025-08-10,A,2159
18187,24183,2026-01-15,A,2552
18188,24184,2025-09-08,A,9899
18189,24185,2025-08-06,A,6227
18190,24186,2025-04-05,B,9200
18191,24188,2025-09-01,A,4227
18192,24189,2025-07-05,A,4202
18193,24191,2025-12-07,A,2473
18194,24192,2025-09-10,C,11773
18195,24194,2025-04-11,A,8678
18196,24196,2025-03-13,C,9901
18197,24197,2025-08-29,A,2283
18198,24198,2025-05-14,B,384
18199,24199,2025-06-30,A,1586
18200,24200,2025-09-20,A,8788
18201,24203,2025-12-07,A,10969
18202,24206,2025-08-02,A,9460
18203,24211,2025-12-16,A,7574
18204,24212,2025-10-01,A,8705
18205,24213,2025-11-18,A,2385
18206,24214,2026-01-25,A,4423
18207,24215,2025-06-19,A,6101
18208,24216,2025-12-29,A,2476
18209,24218,2026-01-23,A,1484
18210,24220,2025-08-25,A,6481
18211,24222,2026-03-10,A,2004
18212,24223,2025-07-28,C,5825
18213,24224,2025-05-01,A,2814
18214,24226,2025-05-03,A,2494
18215,24227,2026-04-11,A,2204
18216,24228,2025-05-14,A,2107
18217,24230,2025-04-15,A,7668
18218,24231,2025-07-14,A,11120
18219,24232,2025-04-19,A,2666
18220,24233,2025-03-12,A,10989
18221,24234,2025-10-30,A,7819
18222,24235,2025-12-13,A,9900
18223,24236,2025-08-05,C,11553
18224,24237,2025-06-18,A,1589
18225,24238,2025-04-21,A,8887
18226,24239,2025-05-10,A,8456
18227,24241,2025-10-31,A,2338
18228,24242,2025-11-28,A,6891
18229,24243,2025-07-28,A,8413
18230,24246,2025-09-11,A,8768
18231,24247,2025-11-09,A,3492
18232,24248,2026-01-04,A,2450
18233,24250,2025-05-05,A,11911
18234,24252,2026-01-24,A,9155
18235,24253,2025-10-14,A,6837
18236,24257,2025-10-17,A,10302
18237,24258,2025-05-31,C,11511
18238,24259,2025-10-29,A,6524
18239,24260,2025-10-16,A,6250
18240,24261,2025-12-08,C,9057
18241,24262,2025-08-28,A,1985
18242,24263,2025-10-18,A,2712
18243,24264,2025-09-22,B,2180
18244,24265,2025-12-04,A,1715
18245,24267,2025-10-09,A,8248
18246,24268,2025-09-28,C,2337
18247,24269,2025-12-22,A,10560
18248,24270,2025-12-23,A,2385
18249,24271,2025-12-14,A,5691
18250,24273,2026-01-11,C,2203
18251,24274,2025-03-30,A,2571
18252,24275,2026-03-26,A,5103
18253,24276,2025-09-21,A,9559
18254,24277,2025-02-27,C,2385
18255,24279,2026-01-26,A,603
18256,24281,2025-07-13,A,556
18257,24282,2025-11-24,C,578
18258,24283,2025-10-10,A,2135
18259,24285,2026-02-14,B,4871
18260,24287,2026-01-21,A,11289
18261,24288,2025-08-18,A,2382
18262,24289,2025-09-09,A,8370
18263,24291,2025-07-14,C,4424
18264,24292,2025-11-09,A,4355
18265,24295,2026-01-11,A,5227
18266,24297,2025-08-03,A,5352
18267,24298,2025-10-25,A,1763
18268,24299,2025-06-04,A,6362
18269,24300,2025-10-12,C,2476
18270,24301,2025-08-18,A,939
18271,24302,2025-10-13,A,10201
18272,24303,2025-12-27,C,5186
18273,24304,2025-12-18,A,4304
18274,24305,2025-09-01,A,5925
18275,24306,2025-06-05,C,5803
18276,24307,2025-11-08,A,5517
18277,24308,2026-01-03,A,4113
18278,24309,2025-08-13,A,4648
18279,24310,2025-08-06,A,2431
18280,24312,2025-09-14,C,4617
18281,24313,2025-12-11,A,1443
18282,24314,2025-07-27,A,1634
18283,24315,2025-07-23,A,11237
18284,24316,2025-07-23,A,2496
18285,24317,2025-07-05,A,2204
18286,24318,2025-09-30,A,8388
18287,24319,2025-11-09,A,8679
18288,24320,2025-10-24,A,2496
18289,24321,2025-08-11,C,2666
18290,24322,2025-11-20,A,8195
18291,24324,2026-01-11,A,8808
18292,24326,2025-11-03,A,2358
18293,24327,2025-06-27,A,2551
18294,24329,2025-05-01,A,6363
18295,24330,2025-09-06,A,10439
18296,24331,2025-03-24,C,2667
18297,24333,2025-07-06,A,2665
18298,24334,2025-05-23,A,1712
18299,24335,2025-08-12,A,2431
18300,24336,2025-07-22,A,3139
18301,24337,2025-10-21,A,8246
18302,24338,2025-10-01,C,2451
18303,24339,2025-07-28,A,2552
18304,24340,2025-05-23,B,5635
18305,24341,2025-11-24,A,7166
18306,24342,2025-09-25,A,1813
18307,24345,2026-03-14,B,6100
18308,24346,2025-07-24,A,2665
18309,24347,2025-10-15,A,7667
18310,24348,2025-08-21,A,9923
18311,24352,2025-07-29,A,8147
18312,24353,2025-11-14,A,2572
18313,24354,2025-10-02,A,838
18314,24355,2026-01-25,A,5585
18315,24356,2025-11-17,A,2432
18316,24357,2025-11-10,C,1609
18317,24358,2025-11-16,A,2571
18318,24359,2025-10-01,A,2030
18319,24360,2025-04-10,A,9779
18320,24362,2026-01-18,A,8612
18321,24363,2025-05-18,A,916
18322,24364,2025-08-23,A,665
18323,24366,2025-09-12,A,2338
18324,24368,2026-04-06,A,1660
18325,24369,2025-08-20,A,1887
18326,24370,2025-09-07,A,9433
18327,24371,2026-05-14,A,2203
18328,24372,2025-11-21,A,9825
18329,24373,2026-02-24,A,9801
18330,24374,2025-06-29,C,8368
18331,24375,2025-10-29,A,10851
18332,24376,2025-12-30,A,11119
18333,24377,2025-10-06,B,2205
18334,24378,2025-05-17,A,3811
18335,24379,2025-03-23,A,7492
18336,24380,2025-07-06,A,1233
18337,24381,2025-10-16,A,11910
18338,24382,2026-02-14,A,5895
18339,24383,2025-10-12,A,9176
18340,24384,2026-03-21,A,2159
18341,24385,2025-12-01,A,2494
18342,24386,2025-08-24,B,6297
18343,24387,2025-12-03,A,2283
18344,24388,2025-12-11,A,7464
18345,24389,2025-08-08,A,2310
18346,24390,2025-09-14,A,1234
18347,24391,2025-05-25,A,3745
18348,24393,2025-03-21,A,4424
18349,24394,2026-03-23,A,2496
18350,24395,2025-05-03,C,2259
18351,24396,2026-01-03,A,6034
18352,24397,2025-10-10,A,10852
18353,24398,2025-10-16,C,2595
18354,24399,2025-09-13,A,4331
18355,24400,2025-06-19,A,1482
18356,24401,2025-06-10,A,3862
18357,24402,2025-06-06,C,2473
18358,24403,2025-11-04,A,1549
18359,24405,2025-09-28,A,11940
18360,24406,2025-08-04,A,1210
18361,24407,2025-08-20,A,6078
18362,24409,2025-04-11,C,2202
18363,24411,2026-03-29,A,2572
18364,24412,2025-08-21,A,2337
18365,24413,2025-09-13,A,8789
18366,24415,2025-12-25,A,10674
18367,24417,2025-11-01,A,3580
18368,24418,2025-07-19,B,10159
18369,24420,2025-07-02,C,9278
18370,24421,2025-07-11,C,8340
18371,24423,2025-08-23,A,2404
18372,24425,2025-11-27,C,2476
18373,24426,2025-08-09,A,5465
18374,24427,2025-05-17,C,10655
18375,24428,2025-02-02,A,4470
18376,24429,2025-08-15,A,2473
18377,24430,2025-11-08,A,6480
18378,24432,2025-09-07,C,2522
18379,24433,2025-04-23,A,11095
18380,24435,2025-06-03,A,7436
18381,24436,2025-09-05,A,9803
18382,24437,2026-02-04,C,6756
18383,24438,2025-09-21,A,11094
18384,24439,2025-09-01,C,8173
18385,24440,2025-10-12,A,2553
18386,24442,2026-02-21,A,9316
18387,24443,2025-12-25,A,1141
18388,24444,2025-08-30,B,2203
18389,24445,2025-10-19,A,2572
18390,24446,2025-11-08,A,9078
18391,24447,2025-09-13,C,3729
18392,24448,2025-09-07,A,6734
18393,24449,2025-09-15,A,8017
18394,24450,2025-11-11,C,3812
18395,24451,2025-06-08,B,938
18396,24452,2025-09-14,A,5187
18397,24453,2025-05-18,B,2792
18398,24454,2025-08-11,A,9825
18399,24455,2025-11-03,C,2856
18400,24456,2025-11-24,A,9877
18401,24458,2025-09-04,A,6436
18402,24459,2025-09-04,A,8171
18403,24460,2025-09-07,C,1441
18404,24461,2025-11-03,A,889
18405,24462,2025-03-12,A,9878
18406,24463,2025-06-15,A,2182
18407,24464,2025-02-07,A,6983
18408,24465,2025-06-21,A,2282
18409,24466,2025-05-04,A,6929
18410,24467,2026-02-06,A,10375
18411,24469,2025-06-25,A,9056
18412,24470,2025-04-01,C,2336
18413,24473,2025-06-09,A,8223
18414,24474,2025-07-05,A,1064
18415,24475,2025-09-23,A,1504
18416,24477,2025-05-18,A,811
18417,24478,2026-01-16,A,2615
18418,24479,2026-01-14,A,9232
18419,24480,2025-06-12,C,1524
18420,24481,2025-08-17,A,2336
18421,24482,2025-10-02,C,7166
18422,24483,2025-10-20,A,4038
18423,24484,2025-10-14,A,2356
18424,24486,2026-02-14,B,4992
18425,24487,2025-06-13,A,4354
18426,24491,2025-05-28,A,8292
18427,24492,2025-08-23,C,9297
18428,24493,2025-06-16,A,4274
18429,24497,2025-10-01,A,7546
18430,24498,2025-06-20,A,2615
18431,24499,2025-09-01,A,2641
18432,24500,2025-07-20,A,2336
18433,24501,2025-03-10,A,2310
18434,24503,2025-06-23,A,9230
18435,24504,2025-09-14,A,3466
18436,24505,2025-11-20,A,4698
18437,24506,2025-07-18,C,10067
18438,24508,2025-07-17,C,9076
18439,24509,2025-05-01,A,2664
18440,24510,2025-03-27,A,6891
18441,24511,2025-03-14,A,2230
18442,24512,2026-03-01,A,5081
18443,24513,2025-09-24,C,9029
18444,24514,2025-10-29,A,11267
18445,24515,2025-07-10,A,3330
18446,24516,2025-06-30,A,2665
18447,24519,2025-09-06,A,10324
18448,24520,2025-05-24,A,2643
18449,24521,2025-03-03,A,2203
18450,24522,2025-05-10,B,6100
18451,24523,2026-03-11,A,9802
18452,24524,2025-05-26,A,9802
18453,24525,2025-04-12,C,8172
18454,24526,2025-03-04,C,1090
18455,24527,2025-07-16,B,2594
18456,24528,2025-07-13,A,7101
18457,24529,2025-06-05,A,2284
18458,24530,2025-05-16,A,2311
18459,24531,2025-06-23,A,2664
18460,24532,2025-10-17,C,11513
18461,24534,2026-03-06,C,9710
18462,24535,2025-08-31,A,2432
18463,24536,2025-09-08,C,2433
18464,24537,2025-08-28,A,11012
18465,24538,2025-10-13,A,1421
18466,24539,2025-05-04,C,2496
18467,24540,2025-06-25,A,11142
18468,24541,2025-11-25,A,2473
18469,24542,2025-08-17,C,9202
18470,24543,2025-04-28,A,6836
18471,24544,2025-06-20,C,10394
18472,24545,2025-04-17,A,6755
18473,24546,2025-12-03,A,578
18474,24547,2025-06-18,A,1233
18475,24548,2025-03-18,A,2358
18476,24549,2025-07-20,C,1288
18477,24550,2025-08-07,A,2180
18478,24551,2026-01-23,A,1915
18479,24552,2025-03-14,A,5955
18480,24555,2025-06-19,A,7264
18481,24556,2025-10-14,A,8612
18482,24557,2025-07-23,A,8933
18483,24558,2025-07-01,A,2473
18484,24559,2025-04-30,A,7435
18485,24560,2025-12-01,A,1307
18486,24561,2025-11-24,A,2183
18487,24562,2026-02-01,A,2202
18488,24563,2025-06-21,A,2382
18489,24564,2025-08-02,A,3118
18490,24565,2025-11-01,A,4227
18491,24566,2025-12-22,A,938
18492,24568,2025-11-22,C,7792
18493,24569,2025-11-17,B,2667
18494,24570,2025-05-20,A,2181
18495,24571,2025-11-17,A,1062
18496,24572,2026-03-02,B,2312
18497,24573,2026-01-02,A,8806
18498,24574,2025-06-27,A,6363
18499,24575,2026-02-12,A,2551
18500,24576,2025-06-26,A,1887
18501,24577,2025-11-22,A,8559
18502,24578,2025-11-29,A,9600
18503,24580,2025-05-08,A,2358
18504,24581,2025-06-18,A,2522
18505,24582,2025-09-26,A,11187
18506,24583,2025-06-09,C,6891
18507,24587,2025-11-08,A,6230
18508,24588,2025-10-30,A,10851
18509,24589,2025-06-04,A,10302
18510,24591,2025-07-22,A,3884
18511,24592,2025-08-29,A,9297
18512,24593,2025-12-07,A,9823
18513,24594,2025-11-23,A,2476
18514,24595,2025-08-08,A,2552
18515,24596,2025-09-16,C,2495
18516,24597,2025-11-07,A,2664
18517,24598,2025-11-28,C,5252
18518,24599,2025-09-08,A,9780
18519,24600,2025-04-18,A,2205
18520,24601,2025-09-27,A,2160
18521,24603,2025-10-29,A,5517
18522,24604,2025-06-16,A,1306
18523,24605,2026-01-12,A,2571
18524,24606,2025-06-28,A,5543
18525,24610,2025-10-07,A,3704
18526,24611,2026-01-01,A,4542
18527,24612,2026-03-19,B,862
18528,24613,2025-09-30,C,9782
18529,24614,2025-09-29,A,2284
18530,24615,2025-05-08,C,3632
18531,24616,2025-04-02,A,2183
18532,24617,2025-04-13,A,2551
18533,24618,2025-07-12,A,2203
18534,24621,2025-10-30,C,9155
18535,24622,2025-04-22,A,2765
18536,24623,2025-05-29,C,6033
18537,24624,2025-03-15,A,5187
18538,24625,2025-04-27,A,2552
18539,24627,2025-04-22,A,1982
18540,24628,2025-12-16,A,6666
18541,24632,2025-03-04,C,2383
18542,24633,2025-10-24,A,9031
18543,24634,2025-04-12,A,2571
18544,24635,2025-07-19,A,11626
18545,24637,2025-11-15,A,9532
18546,24638,2025-11-10,A,2551
18547,24639,2025-05-01,A,2405
18548,24642,2025-03-14,C,6642
18549,24643,2026-02-23,A,2523
18550,24644,2025-10-07,A,1861
18551,24645,2025-11-20,C,2450
18552,24646,2025-07-20,B,7196
18553,24647,2025-11-23,A,9876
18554,24649,2025-08-24,A,2310
18555,24650,2025-12-04,C,2405
18556,24651,2026-01-11,A,3138
18557,24653,2025-08-24,A,11578
18558,24654,2025-05-14,A,3418
18559,24655,2025-06-17,C,9232
18560,24656,2025-03-28,C,2259
18561,24657,2026-03-09,C,8414
18562,24658,2025-12-23,A,1983
18563,24659,2025-05-05,A,742
18564,24661,2025-05-02,A,5588
18565,24662,2025-08-22,A,524
18566,24666,2025-07-07,A,7166
18567,24668,2025-09-02,C,3604
18568,24669,2025-04-08,A,10719
18569,24670,2025-05-24,A,1816
18570,24671,2025-06-17,A,2003
18571,24673,2025-09-29,A,6415
18572,24674,2025-03-20,C,10091
18573,24675,2025-02-15,C,2495
18574,24676,2025-04-19,A,2666
18575,24680,2025-10-21,C,1834
18576,24681,2025-10-18,A,11141
18577,24683,2025-10-16,A,2433
18578,24684,2025-05-30,A,2494
18579,24685,2025-06-01,A,10067
18580,24686,2026-02-20,A,891
18581,24689,2025-10-19,A,4302
18582,24690,2025-08-05,C,5207
18583,24691,2025-11-07,C,11404
18584,24693,2025-09-12,A,10224
18585,24694,2025-07-02,A,6691
18586,24696,2025-12-17,A,10159
18587,24697,2025-05-29,B,2615
18588,24698,2025-05-16,A,9825
18589,24699,2025-08-17,A,2641
18590,24700,2026-04-03,A,6364
18591,24701,2025-12-03,A,8612
18592,24702,2025-07-23,B,8958
18593,24706,2025-06-23,A,5737
18594,24708,2025-06-01,A,2181
18595,24709,2025-08-14,A,6734
18596,24710,2025-11-23,A,1525
18597,24711,2025-08-26,A,9803
18598,24713,2025-07-10,A,2383
18599,24714,2025-08-10,A,2616
18600,24715,2025-07-10,A,2643
18601,24716,2025-05-25,A,7410
18602,24717,2025-07-09,A,6755
18603,24718,2025-04-30,B,11798
18604,24719,2025-11-11,A,1662
18605,24720,2026-02-01,A,10561
18606,24721,2026-02-04,C,10586
18607,24723,2025-05-13,A,1691
18608,24724,2025-10-09,C,2282
18609,24725,2025-07-10,A,6715
18610,24726,2025-05-05,A,2643
18611,24728,2025-07-22,A,11512
18612,24729,2025-09-09,A,6692
18613,24731,2025-03-29,C,2335
18614,24733,2026-04-15,A,4592
18615,24734,2025-09-02,A,8887
18616,24735,2025-08-13,A,5035
18617,24736,2025-04-04,A,7916
18618,24737,2025-03-13,C,1813
18619,24738,2025-12-08,C,8735
18620,24739,2025-09-22,C,6930
18621,24740,2025-09-24,A,2203
18622,24741,2025-08-20,A,2431
18623,24742,2025-05-21,A,5225
18624,24743,2025-10-28,A,2552
18625,24744,2025-07-31,A,6690
18626,24745,2026-02-12,A,6201
18627,24746,2026-01-04,A,5252
18628,24748,2025-05-05,A,11554
18629,24749,2025-08-12,A,7166
18630,24750,2025-05-24,C,10969
18631,24752,2026-02-17,A,3634
18632,24755,2025-07-19,B,2259
18633,24756,2025-04-11,A,2616
18634,24757,2025-09-13,A,3705
18635,24759,2025-09-09,C,8173
18636,24760,2025-09-20,A,2383
18637,24761,2025-02-16,C,7386
18638,24763,2025-08-02,A,2284
18639,24764,2025-12-09,A,8862
18640,24767,2026-05-01,A,5352
18641,24768,2025-07-29,A,6177
18642,24769,2025-05-12,A,6980
18643,24770,2025-11-06,A,2183
18644,24772,2025-04-13,A,1160
18645,24775,2026-02-12,A,6277
18646,24776,2026-01-01,A,2259
18647,24777,2025-02-28,C,11864
18648,24778,2025-08-08,A,5564
18649,24780,2026-01-07,A,4992
18650,24781,2025-12-31,C,2312
18651,24782,2025-05-13,A,9803
18652,24783,2025-05-23,A,11889
18653,24784,2026-03-20,A,2202
18654,24785,2025-07-16,A,4800
18655,24786,2025-10-15,C,2029
18656,24787,2025-10-31,B,7645
18657,24789,2025-09-13,A,6127
18658,24792,2025-12-19,A,2474
18659,24793,2025-10-27,A,6981
18660,24794,2025-08-06,C,2666
18661,24795,2026-02-26,B,2357
18662,24796,2025-10-24,A,3491
18663,24797,2025-05-02,A,11067
18664,24798,2025-08-12,A,862
18665,24799,2025-07-01,A,6983
18666,24800,2025-06-14,A,4303
18667,24801,2025-06-03,A,2908
18668,24802,2025-09-09,A,6981
18669,24803,2026-02-19,A,8612
18670,24804,2025-09-19,A,1524
18671,24805,2025-08-31,A,2382
18672,24806,2025-06-06,A,2473
18673,24809,2025-04-25,A,5328
18674,24810,2025-07-16,A,1379
18675,24811,2025-09-08,C,8411
18676,24812,2025-05-29,A,11341
18677,24813,2026-01-13,C,6033
18678,24814,2025-05-16,A,2181
18679,24815,2025-05-12,B,5122
18680,24817,2025-04-28,A,2180
18681,24818,2025-08-16,A,9006
18682,24820,2026-01-18,A,11512
18683,24822,2025-07-09,A,8369
18684,24823,2025-11-20,A,9229
18685,24825,2026-04-15,B,1689
18686,24827,2025-03-02,A,10352
18687,24828,2025-08-01,A,10226
18688,24829,2025-04-20,A,4250
18689,24830,2025-06-19,A,6913
18690,24831,2025-12-13,B,5080
18691,24832,2026-05-10,A,665
18692,24833,2025-10-21,A,2382
18693,24835,2026-01-10,B,8979
18694,24836,2025-10-25,A,5035
18695,24837,2025-12-16,A,11625
18696,24838,2025-05-21,A,793
18697,24839,2025-05-17,A,2404
18698,24840,2025-09-16,A,4619
18699,24841,2025-12-11,A,2205
18700,24845,2025-09-13,A,8389
18701,24846,2025-03-10,A,2383
18702,24847,2025-06-22,A,11533
18703,24848,2025-08-06,A,2231
18704,24849,2025-08-28,A,11939
18705,24850,2025-04-07,A,2474
18706,24851,2025-09-14,A,9157
18707,24852,2025-12-20,A,5720
18708,24854,2025-07-30,A,5638
18709,24855,2025-09-20,A,3419
18710,24856,2025-10-25,A,8338
18711,24858,2025-07-26,A,2643
18712,24859,2026-02-24,A,4250
18713,24860,2026-02-09,C,9530
18714,24861,2025-09-22,A,1983
18715,24867,2025-11-30,A,9847
18716,24868,2025-08-05,A,8064
18717,24869,2025-05-23,A,8658
18718,24870,2026-01-29,A,2983
18719,24871,2025-11-04,C,8482
18720,24872,2025-07-20,C,6756
18721,24873,2025-04-08,A,2204
18722,24874,2026-05-03,A,4524
18723,24876,2025-04-19,A,1715
18724,24878,2025-10-21,A,2910
18725,24880,2025-08-04,A,7820
18726,24881,2025-06-19,A,10896
18727,24882,2025-11-29,A,3582
18728,24883,2025-05-15,B,940
18729,24884,2026-01-12,A,2572
18730,24886,2025-09-02,A,3915
18731,24887,2025-12-13,C,6952
18732,24888,2025-08-06,A,4064
18733,24890,2025-09-28,B,6055
18734,24891,2026-02-16,A,10585
18735,24892,2025-08-25,A,5466
18736,24893,2026-01-14,A,6690
18737,24894,2025-10-20,B,6384
18738,24895,2025-08-06,A,10159
18739,24896,2025-12-09,A,9250
18740,24897,2025-03-29,B,10374
18741,24898,2025-03-09,A,8511
18742,24899,2025-11-11,A,10514
18743,24900,2026-01-08,A,1587
18744,24901,2025-09-18,A,5739
18745,24903,2025-08-19,A,11069
18746,24904,2025-08-27,C,1550
18747,24905,2025-07-14,A,7944
18748,24906,2025-10-14,A,10610
18749,24908,2025-05-09,A,8768
18750,24909,2025-08-31,A,2384
18751,24910,2025-05-22,A,2664
18752,24911,2025-04-23,B,3187
18753,24912,2025-08-29,B,2335
18754,24913,2025-04-22,A,9130
18755,24914,2025-11-02,A,11576
18756,24916,2025-05-12,A,5541
18757,24917,2025-05-04,A,2451
18758,24918,2025-06-25,A,9902
18759,24919,2025-07-03,C,6128
18760,24922,2025-08-14,A,10068
18761,24923,2025-10-05,A,4849
18762,24924,2026-02-21,A,10025
18763,24925,2025-07-06,A,9231
18764,24926,2026-01-17,A,2474
18765,24927,2025-03-27,A,1330
18766,24928,2025-07-18,A,6593
18767,24929,2025-09-17,A,11141
18768,24930,2025-10-31,C,5123
18769,24932,2025-11-14,B,10226
18770,24933,2025-04-25,A,3582
18771,24934,2026-03-24,A,2495
18772,24935,2025-09-15,C,2553
18773,24938,2025-08-15,A,2451
18774,24939,2026-01-18,B,2337
18775,24940,2025-10-20,B,2181
18776,24941,2025-09-18,A,10323
18777,24942,2025-03-26,B,8611
18778,24943,2025-06-26,A,5079
18779,24944,2025-08-11,A,10562
18780,24945,2025-12-05,C,11186
18781,24946,2025-08-16,C,9998
18782,24949,2025-11-11,B,3263
18783,24950,2025-11-11,C,2205
18784,24951,2025-05-04,C,11037
18785,24952,2025-05-10,A,8247
18786,24953,2025-02-25,A,4247
18787,24954,2025-04-08,A,9876
18788,24955,2025-05-26,A,3633
18789,24956,2025-08-26,A,6343
18790,24957,2025-02-22,A,6077
18791,24958,2025-12-11,B,2081
18792,24959,2025-10-17,A,2231
18793,24960,2025-06-20,A,8884
18794,24961,2025-05-30,A,2450
18795,24963,2025-09-13,C,665
18796,24964,2025-09-25,A,2358
18797,24965,2025-03-21,A,3242
18798,24966,2025-06-07,C,1378
18799,24967,2025-08-16,B,2160
18800,24968,2025-10-18,A,6911
18801,24970,2025-08-01,A,7669
18802,24971,2026-01-01,B,455
18803,24973,2025-08-01,B,9076
18804,24975,2025-06-16,A,10325
18805,24977,2025-10-16,C,4204
18806,24978,2025-10-17,C,9878
18807,24979,2025-10-20,A,2710
18808,24980,2025-04-25,A,6836
18809,24981,2025-10-20,A,2385
18810,24982,2025-05-12,A,2764
18811,24983,2025-08-13,A,11040
18812,24984,2025-06-18,A,3118
18813,24985,2025-11-15,A,4064
18814,24986,2025-07-21,C,2311
18815,24987,2025-09-13,A,2666
18816,24988,2025-06-16,A,2615
18817,24992,2025-07-26,A,1713
18818,24993,2025-11-02,C,4994
18819,24996,2025-07-01,A,7237
18820,24997,2025-07-10,A,9900
18821,24998,2026-01-16,A,1984
18822,24999,2025-09-21,A,10249
18823,25001,2025-07-07,C,6362
18824,25002,2025-03-10,A,8611
18825,25006,2025-09-14,A,11470
18826,25007,2025-10-04,A,8933
18827,25008,2025-08-22,A,2356
18828,25009,2026-01-23,A,11188
18829,25010,2025-11-17,A,11471
18830,25011,2025-05-24,A,4353
18831,25012,2025-06-15,B,8172
18832,25013,2025-05-15,A,623
18833,25014,2025-06-21,C,2258
18834,25015,2025-10-21,A,9251
18835,25016,2026-04-13,C,10304
18836,25017,2026-02-02,A,4113
18837,25018,2025-04-24,B,6296
18838,25019,2025-05-08,A,3786
18839,25020,2025-04-27,A,6504
18840,25022,2026-02-18,A,8171
18841,25023,2025-10-17,A,2203
18842,25024,2025-11-16,A,8197
18843,25025,2025-11-01,A,2284
18844,25026,2026-01-05,A,11626
18845,25027,2025-12-18,A,8836
18846,25031,2025-11-01,A,2385
18847,25032,2026-01-01,A,2522
18848,25033,2026-01-17,A,2310
18849,25034,2025-02-16,A,2205
18850,25035,2025-04-09,C,2764
18851,25036,2025-12-22,A,2204
18852,25038,2026-02-19,A,6230
18853,25039,2025-09-28,C,2204
18854,25040,2026-01-25,A,2405
18855,25041,2026-01-17,A,1569
18856,25043,2025-10-28,A,8862
18857,25044,2025-10-07,A,2433
18858,25045,2025-06-17,A,1378
18859,25046,2025-07-20,A,11451
18860,25047,2025-06-09,C,2616
18861,25048,2025-05-02,A,8435
18862,25049,2025-11-11,A,2204
18863,25050,2026-02-11,B,5826
18864,25051,2025-11-29,A,4849
18865,25053,2025-05-15,A,9735
18866,25054,2026-03-02,C,603
18867,25057,2025-09-08,A,1610
18868,25058,2025-07-02,A,11067
18869,25059,2026-01-18,A,2356
18870,25060,2025-03-16,A,4228
18871,25061,2025-03-31,A,1550
18872,25063,2025-07-16,A,2522
18873,25065,2025-07-22,A,9735
18874,25067,2025-07-15,A,3988
18875,25068,2025-09-08,A,1788
18876,25069,2025-08-12,A,2357
18877,25070,2025-04-14,A,3831
18878,25071,2026-04-14,A,3185
18879,25072,2025-10-20,A,2523
18880,25073,2025-08-14,A,9711
18881,25074,2025-12-07,A,2203
18882,25075,2025-12-10,C,8959
18883,25076,2025-11-23,A,2104
18884,25077,2025-11-09,A,2204
18885,25078,2025-06-13,C,2496
18886,25079,2026-02-05,C,2159
18887,25080,2025-07-19,A,8535
18888,25081,2025-05-09,A,11403
18889,25082,2025-06-29,A,2495
18890,25083,2026-02-19,C,7315
18891,25084,2025-12-05,A,8147
18892,25085,2025-09-01,A,406
18893,25086,2025-08-19,A,409
18894,25087,2025-12-16,A,5209
18895,25088,2025-06-25,A,2433
18896,25090,2025-03-05,A,3401
18897,25091,2025-10-13,A,10793
18898,25093,2025-11-27,A,2433
18899,25095,2025-08-27,A,3382
18900,25096,2025-09-06,A,6689
18901,25097,2025-09-29,A,8455
18902,25099,2025-05-02,C,7790
18903,25100,2025-10-21,A,2383
18904,25101,2025-07-30,A,7623
18905,25103,2025-07-01,A,1914
18906,25104,2025-11-03,A,2594
18907,25105,2025-02-22,A,11290
18908,25106,2025-06-11,A,6930
18909,25107,2026-02-10,A,10117
18910,25109,2025-07-06,A,2358
18911,25110,2025-12-19,A,2451
18912,25111,2025-04-08,A,1163
18913,25113,2026-03-03,A,5465
18914,25114,2026-03-23,C,1914
18915,25115,2025-07-17,A,2615
18916,25118,2025-03-13,A,2474
18917,25119,2025-12-01,A,1379
18918,25120,2025-12-01,A,4941
18919,25121,2026-03-24,A,6734
18920,25122,2025-07-29,C,1762
18921,25123,2025-12-29,A,2202
18922,25124,2025-05-12,A,9130
18923,25125,2025-06-19,A,2159
18924,25126,2025-05-15,A,2336
18925,25127,2026-01-02,A,1398
18926,25128,2025-11-14,A,6735
18927,25129,2026-01-14,A,3329
18928,25130,2025-08-17,A,5465
18929,25131,2025-03-20,A,5101
18930,25132,2025-06-01,A,8766
18931,25133,2026-01-01,A,7791
18932,25134,2025-04-12,B,1399
18933,25137,2025-12-07,B,4801
18934,25138,2025-06-24,A,1482
18935,25139,2025-07-02,A,4039
18936,25141,2025-06-22,A,6593
18937,25142,2025-06-24,A,11341
18938,25143,2025-10-28,C,10636
18939,25145,2026-01-28,A,2522
18940,25146,2025-06-05,B,1915
18941,25148,2025-10-04,C,2385
18942,25150,2025-10-28,A,10460
18943,25152,2025-07-26,A,8248
18944,25153,2026-03-29,C,555
18945,25154,2025-03-09,A,5608
18946,25155,2026-03-12,A,862
18947,25156,2025-11-01,A,5737
18948,25157,2026-01-27,C,2473
18949,25158,2025-09-12,A,3862
18950,25159,2025-07-06,A,2160
18951,25161,2025-12-07,A,862
18952,25163,2026-03-05,A,9057
18953,25164,2025-04-23,A,3492
18954,25165,2026-01-06,A,622
18955,25166,2025-04-22,A,2476
18956,25167,2025-04-13,C,8483
18957,25168,2026-03-30,C,6836
18958,25169,2025-09-14,A,3329
18959,25171,2025-10-10,A,10067
18960,25175,2025-10-20,A,6642
18961,25176,2025-04-11,A,2383
18962,25177,2025-08-24,A,8809
18963,25178,2025-04-04,A,2384
18964,25179,2025-08-20,A,382
18965,25180,2025-11-21,A,7387
18966,25181,2025-06-26,A,2356
18967,25183,2025-12-23,A,7264
18968,25185,2025-02-25,C,2357
18969,25186,2025-02-17,A,8509
18970,25187,2025-03-11,B,2336
18971,25188,2025-11-22,A,9924
18972,25193,2025-12-25,A,8706
18973,25194,2025-05-07,A,6077
18974,25195,2025-06-09,A,5330
18975,25199,2025-08-15,A,10250
18976,25202,2025-05-18,A,2382
18977,25203,2025-05-03,A,10118
18978,25204,2025-07-04,A,2911
18979,25205,2025-09-12,C,3862
18980,25206,2025-04-05,C,2572
18981,25207,2025-04-05,A,6930
18982,25210,2025-09-26,A,7521
18983,25211,2025-06-19,A,2665
18984,25212,2025-10-22,A,2160
18985,25213,2025-04-30,A,9296
18986,25214,2025-10-03,A,3381
18987,25215,2025-12-19,A,382
18988,25216,2025-06-11,A,1330
18989,25217,2025-11-28,A,2181
18990,25218,2025-11-07,C,989
18991,25219,2026-02-14,A,8414
18992,25220,2025-09-09,A,407
18993,25221,2025-12-15,A,8737
18994,25223,2025-12-26,A,3357
18995,25224,2025-10-22,A,2338
18996,25225,2025-11-06,C,6436
18997,25226,2025-08-19,A,5187
18998,25227,2025-08-09,A,2740
18999,25228,2026-01-22,A,7573
19000,25229,2025-07-06,A,9922
19001,25230,2025-04-19,A,3009
19002,25231,2025-10-24,B,11838
19003,25234,2025-10-28,A,10091
19004,25236,2025-09-29,A,1090
19005,25237,2025-04-14,A,11236
19006,25238,2026-04-07,C,3096
19007,25239,2025-10-13,A,11142
19008,25241,2025-11-02,A,7643
19009,25242,2026-01-18,A,6548
19010,25244,2025-09-07,A,2205
19011,25245,2025-12-12,A,10486
19012,25246,2025-10-24,A,9803
19013,25247,2025-09-03,A,2182
19014,25248,2025-06-18,A,2312
19015,25249,2025-09-29,A,1443
19016,25250,2025-11-15,A,2642
19017,25251,2026-01-15,A,2690
19018,25255,2025-06-01,C,7366
19019,25257,2026-01-13,A,6734
19020,25258,2025-06-09,A,712
19021,25259,2025-06-12,A,3264
19022,25260,2026-05-23,C,11269
19023,25261,2025-05-13,A,11553
19024,25262,2025-12-15,A,4375
19025,25264,2025-10-17,C,790
19026,25265,2025-06-16,A,2523
19027,25266,2026-02-28,A,3330
19028,25268,2025-10-05,A,2740
19029,25269,2025-06-29,A,11648
19030,25271,2025-09-08,A,2358
19031,25274,2025-10-09,A,9156
19032,25275,2025-08-13,A,4723
19033,25276,2025-09-19,B,6717
19034,25277,2025-09-27,A,2475
19035,25278,2025-07-19,A,2690
19036,25281,2026-03-17,A,9691
19037,25282,2025-05-03,A,6480
19038,25283,2025-10-19,A,10323
19039,25285,2025-03-21,C,2909
19040,25286,2025-10-30,A,9338
19041,25287,2025-05-31,C,2496
19042,25289,2025-07-18,A,793
19043,25290,2025-05-01,A,4400
19044,25291,2025-10-13,A,6382
19045,25293,2025-11-16,A,5208
19046,25294,2025-12-03,A,9847
19047,25295,2025-04-16,A,10160
19048,25296,2025-04-12,B,9996
19049,25298,2025-12-17,A,2284
19050,25299,2025-10-01,A,10304
19051,25301,2025-08-08,A,2667
19052,25302,2025-05-11,A,7140
19053,25303,2025-03-30,A,11820
19054,25305,2025-11-07,A,9802
19055,25306,2025-04-24,A,2496
19056,25308,2026-03-09,A,6504
19057,25309,2025-10-13,A,3491
19058,25310,2025-10-14,A,2643
19059,25311,2025-08-06,A,1834
19060,25312,2025-12-27,C,6296
19061,25313,2025-07-29,A,1481
19062,25314,2025-04-03,A,2476
19063,25315,2025-10-20,A,6930
19064,25316,2026-01-25,A,2666
19065,25318,2025-08-23,A,2494
19066,25319,2026-04-18,A,3493
19067,25322,2025-02-24,B,9735
19068,25323,2025-04-24,B,2183
19069,25324,2025-09-13,A,5226
19070,25325,2025-12-09,A,2183
19071,25326,2025-04-11,C,2358
19072,25327,2025-11-05,A,4276
19073,25329,2025-06-06,C,6837
19074,25330,2025-04-30,A,10204
19075,25331,2025-04-10,B,2909
19076,25332,2025-08-10,A,5351
19077,25333,2025-05-08,A,9735
19078,25334,2025-04-01,A,2431
19079,25335,2026-04-15,A,812
19080,25337,2025-05-31,A,8436
19081,25338,2025-05-11,C,8809
19082,25339,2025-12-10,A,9823
19083,25340,2025-09-19,A,4203
19084,25341,2025-04-17,B,2282
19085,25342,2025-10-16,A,9252
19086,25343,2025-05-16,A,7692
19087,25345,2025-04-30,A,8041
19088,25346,2025-09-19,B,5982
19089,25348,2025-12-13,A,2312
19090,25349,2025-08-30,B,2205
19091,25351,2025-06-19,A,1633
19092,25352,2025-12-03,A,7545
19093,25353,2025-11-09,A,9975
19094,25354,2025-05-13,A,2664
19095,25355,2025-05-09,C,2496
19096,25356,2026-02-21,A,5585
19097,25357,2026-05-22,A,2061
19098,25358,2025-02-12,A,9157
19099,25359,2026-04-08,A,6753
19100,25360,2025-08-07,C,3914
19101,25361,2025-05-04,A,2666
19102,25362,2025-09-20,A,8632
19103,25364,2026-02-26,A,7265
19104,25365,2025-05-17,C,1181
19105,25366,2025-08-17,A,1163
19106,25367,2025-11-14,A,5585
19107,25370,2025-05-09,A,2259
19108,25372,2026-01-10,A,10305
19109,25373,2025-10-30,A,10133
19110,25374,2025-07-04,A,2183
19111,25376,2025-03-22,A,10701
19112,25378,2025-12-15,A,7693
19113,25379,2026-02-17,A,1443
19114,25381,2026-02-09,C,1016
19115,25382,2026-02-15,A,3243
19116,25383,2025-05-26,C,6667
19117,25384,2025-09-05,A,11513
19118,25385,2025-11-19,A,4424
19119,25386,2025-10-15,A,3491
19120,25387,2025-10-30,B,6913
19121,25389,2025-09-20,C,2406
19122,25390,2025-07-25,A,2337
19123,25391,2025-11-12,C,2202
19124,25392,2025-12-05,C,2473
19125,25394,2025-06-25,C,5081
19126,25395,2025-04-18,C,3029
19127,25397,2025-09-26,A,11121
19128,25398,2025-09-28,A,8634
19129,25399,2025-09-14,A,2551
19130,25400,2025-05-31,C,9803
19131,25401,2025-04-19,A,3560
19132,25404,2025-08-30,A,10046
19133,25405,2025-07-22,A,4373
19134,25406,2025-04-07,B,10028
19135,25408,2025-06-22,A,3705
19136,25409,2025-06-23,A,1141
19137,25410,2025-03-11,B,3167
19138,25411,2025-09-29,A,10560
19139,25413,2025-10-05,C,2473
19140,25414,2025-05-07,C,4329
19141,25415,2025-06-14,A,6753
19142,25417,2026-03-06,A,2183
19143,25419,2026-02-15,A,9847
19144,25420,2026-01-07,A,10250
19145,25421,2025-03-31,C,6275
19146,25423,2026-03-22,C,9178
19147,25424,2025-06-28,C,2357
19148,25426,2025-06-17,A,3402
19149,25427,2025-07-17,A,2336
19150,25428,2026-02-26,A,2523
19151,25430,2025-04-01,C,2475
19152,25432,2025-08-24,C,840
19153,25434,2025-08-04,A,4374
19154,25436,2025-07-22,A,11625
19155,25437,2025-08-25,B,9877
19156,25438,2025-05-01,A,5145
19157,25439,2025-04-15,A,1586
19158,25440,2025-12-08,C,2473
19159,25442,2025-05-21,C,4010
19160,25443,2025-07-03,A,2473
19161,25444,2026-01-08,A,3443
19162,25445,2025-12-29,C,8911
19163,25446,2026-01-14,A,4159
19164,25447,2025-10-31,A,2358
19165,25448,2025-08-24,A,11604
19166,25449,2025-05-04,C,6812
19167,25450,2025-06-19,A,10611
19168,25451,2026-03-16,A,10752
19169,25452,2025-10-23,A,2433
19170,25453,2025-12-14,A,406
19171,25454,2025-04-16,A,11627
19172,25455,2025-10-06,A,6461
19173,25456,2025-04-25,A,2337
19174,25457,2026-02-19,C,2616
19175,25459,2025-05-28,A,2080
19176,25460,2025-08-14,A,453
19177,25461,2025-05-20,B,7166
19178,25462,2025-07-01,A,5565
19179,25464,2025-10-05,A,8560
19180,25466,2026-01-03,A,683
19181,25467,2026-01-07,A,741
19182,25468,2025-10-21,A,2358
19183,25469,2025-06-16,A,10250
19184,25471,2025-11-26,A,8414
19185,25472,2025-11-23,A,406
19186,25473,2025-03-11,A,1040
19187,25474,2025-10-23,A,11289
19188,25475,2025-11-22,A,2183
19189,25476,2025-12-17,C,2336
19190,25477,2025-07-05,A,2312
19191,25478,2025-04-25,A,8808
19192,25481,2025-07-16,A,4228
19193,25483,2025-04-23,B,1549
19194,25484,2025-04-23,A,2450
19195,25485,2025-11-04,A,10946
19196,25486,2025-07-14,A,4375
19197,25487,2025-07-25,A,2310
19198,25488,2025-07-25,A,5851
19199,25489,2025-11-22,A,2160
19200,25490,2025-08-01,A,2833
19201,25491,2025-12-04,A,2230
19202,25492,2025-08-18,A,3510
19203,25493,2025-02-12,A,3812
19204,25494,2025-08-07,A,7289
19205,25495,2026-02-18,A,4276
19206,25496,2026-01-16,A,3491
19207,25497,2025-05-08,B,6782
19208,25500,2025-04-27,A,8248
19209,25501,2025-11-14,B,1787
19210,25504,2025-12-08,A,1739
19211,25505,2025-10-18,A,1814
19212,25508,2025-09-01,A,2616
19213,25509,2025-07-11,A,8933
19214,25511,2026-01-26,C,1162
19215,25512,2025-12-14,A,9229
19216,25513,2025-04-21,C,2615
19217,25515,2026-02-23,C,10562
19218,25516,2025-11-10,A,7739
19219,25518,2026-03-22,A,502
19220,25522,2025-12-14,A,7643
19221,25523,2025-07-20,A,3538
19222,25524,2025-04-07,A,2496
19223,25525,2025-06-26,C,4375
19224,25526,2025-09-14,C,5586
19225,25527,2025-12-18,A,11121
19226,25528,2025-12-31,A,10852
19227,25529,2026-01-23,A,1210
19228,25530,2026-01-17,A,11186
19229,25531,2025-09-15,B,7217
19230,25532,2025-03-07,C,3727
19231,25533,2025-07-28,A,2710
19232,25534,2025-03-21,C,2595
19233,25536,2025-04-16,B,8767
19234,25537,2025-08-26,C,2383
19235,25538,2025-07-13,A,2572
19236,25539,2025-03-18,A,8979
19237,25540,2025-10-24,A,3729
19238,25541,2026-01-02,C,2335
19239,25543,2026-01-13,A,5036
19240,25544,2026-01-16,A,9651
19241,25545,2025-02-17,A,6125
19242,25546,2025-12-16,A,2282
19243,25547,2025-05-04,A,9201
19244,25549,2025-10-10,C,2160
19245,25550,2025-06-19,A,6951
19246,25551,2025-09-06,C,11425
19247,25552,2025-12-02,A,8884
19248,25553,2025-05-29,A,1161
19249,25554,2025-05-28,A,2159
19250,25555,2025-12-04,C,8534
19251,25556,2025-09-05,A,5690
19252,25557,2025-04-03,A,4541
19253,25560,2025-10-30,A,8935
19254,25561,2025-09-13,A,2180
19255,25563,2025-06-03,C,2982
19256,25565,2026-01-24,A,6931
19257,25566,2025-08-07,B,2571
19258,25567,2025-07-11,A,8291
19259,25568,2026-01-02,A,6782
19260,25570,2025-08-30,A,1211
19261,25572,2026-04-05,C,11535
19262,25573,2025-07-29,A,2029
19263,25574,2025-08-07,A,11290
19264,25575,2026-02-24,A,8806
19265,25576,2026-01-01,A,6812
19266,25578,2025-03-23,A,8172
19267,25579,2025-05-07,A,5401
19268,25583,2025-12-28,A,2182
19269,25584,2025-04-14,A,2385
19270,25585,2025-05-30,A,8339
19271,25587,2025-03-11,C,11167
19272,25588,2025-07-23,A,3187
19273,25590,2026-01-10,A,7790
19274,25591,2025-07-05,A,8836
19275,25593,2025-04-07,A,2432
19276,25595,2025-08-30,C,1568
19277,25596,2025-11-12,A,11554
19278,25597,2026-02-04,C,8884
19279,25598,2025-10-19,A,8632
19280,25599,2025-07-07,A,2666
19281,25600,2025-09-05,C,2406
19282,25601,2025-10-18,C,2104
19283,25602,2025-05-19,A,7547
19284,25605,2025-07-16,A,8680
19285,25608,2025-05-17,A,4722
19286,25609,2025-11-05,C,7519
19287,25610,2025-08-03,A,5515
19288,25611,2026-01-01,C,4250
19289,25612,2025-06-14,C,2451
19290,25613,2025-04-11,B,5164
19291,25614,2025-05-30,A,1888
19292,25615,2025-08-27,A,6953
19293,25616,2025-06-15,A,2231
19294,25617,2025-12-28,C,2476
19295,25618,2025-11-01,A,2357
19296,25620,2025-09-15,A,8338
19297,25621,2025-06-23,A,10895
19298,25622,2025-08-05,A,4468
19299,25623,2026-03-09,A,10415
19300,25625,2025-06-21,C,3581
19301,25626,2025-11-28,C,5164
19302,25627,2025-08-19,A,3727
19303,25629,2025-03-11,A,2495
19304,25631,2025-09-01,A,3357
19305,25633,2025-07-17,A,480
19306,25634,2025-07-18,A,9671
19307,25635,2025-06-25,A,889
19308,25636,2025-06-12,A,6667
19309,25637,2025-07-22,A,2595
19310,25638,2025-05-17,A,2202
19311,25639,2025-09-01,B,5638
19312,25640,2025-05-27,A,1331
19313,25641,2025-03-17,A,2384
19314,25642,2025-06-14,A,2336
19315,25643,2025-07-29,C,453
19316,25644,2025-10-26,A,5543
19317,25646,2025-08-17,C,4892
19318,25647,2025-07-30,C,8678
19319,25648,2025-11-26,A,6503
19320,25649,2026-01-22,A,2203
19321,25650,2025-10-24,A,2571
19322,25651,2025-02-24,A,6812
19323,25652,2026-02-18,A,2475
19324,25654,2025-04-22,A,2474
19325,25655,2026-02-02,A,384
19326,25657,2025-04-23,B,8042
19327,25658,2025-03-22,A,6716
19328,25660,2026-01-31,A,4778
19329,25662,2025-08-18,A,9974
19330,25663,2025-12-17,A,11318
19331,25665,2025-06-19,A,6755
19332,25666,2026-04-10,A,8195
19333,25667,2026-01-26,A,2310
19334,25668,2025-05-08,A,1306
19335,25670,2025-02-28,A,5400
19336,25671,2026-01-28,A,11534
19337,25672,2025-08-25,A,3705
19338,25673,2025-12-18,A,11067
19339,25674,2026-04-27,A,2180
19340,25675,2025-04-23,A,8173
19341,25677,2025-11-13,A,6891
19342,25678,2025-08-02,A,384
19343,25679,2026-02-04,A,2283
19344,25680,2025-10-02,B,8248
19345,25681,2025-10-17,A,2183
19346,25682,2025-11-25,A,4302
19347,25685,2026-02-26,A,10374
19348,25686,2025-09-12,A,10822
19349,25687,2025-06-07,A,1914
19350,25688,2026-01-02,A,2231
19351,25690,2025-04-23,A,2183
19352,25691,2025-06-23,A,3704
19353,25694,2025-09-23,A,11070
19354,25695,2025-07-18,A,11166
19355,25696,2025-07-14,C,2259
19356,25697,2025-08-09,C,5543
19357,25698,2025-10-11,A,4919
19358,25699,2025-11-09,B,8585
19359,25700,2025-08-21,A,2496
19360,25701,2025-12-22,A,2553
19361,25702,2025-10-08,C,10323
19362,25703,2025-09-14,C,11820
19363,25704,2025-06-11,A,9899
19364,25705,2026-02-08,C,2595
19365,25706,2026-03-04,A,6666
19366,25708,2025-08-12,A,5542
19367,25709,2025-05-05,C,2003
19368,25710,2025-07-12,A,2495
19369,25711,2025-04-14,A,2337
19370,25713,2025-12-18,A,2791
19371,25714,2025-07-09,A,9006
19372,25716,2025-06-01,C,10971
19373,25717,2025-12-13,A,2616
19374,25719,2025-11-20,C,9101
19375,25721,2025-07-03,A,6176
19376,25723,2025-05-31,A,1634
19377,25726,2025-09-17,A,2616
19378,25729,2025-08-06,A,3441
19379,25730,2025-06-28,A,2643
19380,25731,2025-06-01,A,4968
19381,25733,2026-01-08,A,2180
19382,25735,2026-04-01,A,11068
19383,25736,2025-06-18,A,10066
19384,25737,2025-09-01,C,2765
19385,25738,2026-01-01,C,8680
19386,25739,2025-10-17,A,6481
19387,25740,2026-02-27,A,7547
19388,25743,2025-05-13,A,9758
19389,25747,2025-07-24,C,11319
19390,25751,2025-04-17,A,10674
19391,25752,2025-09-27,A,2335
19392,25753,2025-06-14,A,8660
19393,25754,2026-01-03,B,2336
19394,25755,2025-04-27,C,9802
19395,25756,2025-06-24,A,1739
19396,25757,2025-10-26,A,10116
19397,25758,2026-01-07,A,479
19398,25761,2026-04-22,C,5466
19399,25762,2025-10-27,A,5762
19400,25764,2025-05-25,C,5103
19401,25766,2025-05-16,A,7739
19402,25769,2025-10-14,A,9030
19403,25770,2025-07-27,A,8610
19404,25771,2025-08-13,A,5035
19405,25773,2026-02-22,A,2183
19406,25774,2025-11-13,A,2406
19407,25776,2025-05-27,C,1663
19408,25777,2025-08-05,A,2433
19409,25778,2025-07-11,A,2384
19410,25779,2025-03-06,A,2594
19411,25780,2025-12-27,A,6251
19412,25781,2025-09-19,A,2642
19413,25782,2025-07-13,A,812
19414,25785,2026-02-08,A,2183
19415,25786,2025-12-14,A,1983
19416,25787,2025-08-29,A,9006
19417,25788,2026-01-19,A,8634
19418,25791,2025-08-29,A,2404
19419,25792,2025-07-19,B,2963
19420,25793,2025-07-25,A,1140
19421,25794,2025-04-16,A,6717
19422,25796,2026-02-09,A,3810
19423,25798,2025-06-14,A,9128
19424,25799,2025-08-09,A,2710
19425,25801,2025-12-31,A,5689
19426,25802,2025-07-27,A,2231
19427,25804,2025-11-11,A,2405
19428,25806,2025-07-20,A,1040
19429,25807,2025-06-17,A,2181
19430,25809,2025-09-14,B,9877
19431,25810,2025-11-04,A,2311
19432,25812,2025-11-25,A,11511
19433,25813,2025-06-12,A,6783
19434,25814,2026-02-09,A,1815
19435,25815,2026-01-18,A,6100
19436,25816,2025-07-03,C,10225
19437,25817,2026-02-18,A,9949
19438,25818,2025-09-20,A,10279
19439,25820,2025-09-23,A,6866
19440,25821,2025-09-06,A,1182
19441,25822,2025-10-09,A,4134
19442,25824,2025-12-22,A,2615
19443,25826,2025-05-07,A,11717
19444,25828,2025-07-08,C,3466
19445,25829,2025-11-27,A,6201
19446,25830,2025-08-21,A,6008
19447,25831,2025-08-19,A,2494
19448,25837,2025-05-30,B,9156
19449,25838,2025-04-04,A,2664
19450,25839,2025-07-26,A,10750
19451,25840,2026-01-01,A,10202
19452,25841,2026-01-12,C,2182
19453,25843,2025-08-13,C,9759
19454,25844,2025-05-15,A,10353
19455,25845,2025-08-13,A,10396
19456,25850,2025-05-11,C,1833
19457,25851,2025-03-26,C,683
19458,25853,2025-11-25,A,2667
19459,25857,2025-06-21,A,2665
19460,25859,2025-09-07,C,11387
19461,25860,2025-08-03,A,5227
19462,25861,2025-07-02,A,6930
19463,25862,2026-01-21,A,2433
19464,25863,2025-10-01,A,2938
19465,25864,2025-07-19,A,1180
19466,25866,2025-10-17,A,2283
19467,25868,2025-10-11,C,9779
19468,25871,2025-08-17,C,2282
19469,25872,2025-05-20,B,7916
19470,25875,2025-10-10,A,11672
19471,25876,2025-12-20,A,2105
19472,25877,2026-01-08,A,6734
19473,25878,2025-12-21,C,2282
19474,25880,2025-11-27,A,3729
19475,25881,2025-06-14,C,2180
19476,25882,2025-04-06,A,1712
19477,25883,2026-01-13,A,8560
19478,25884,2025-03-26,A,2336
19479,25885,2025-04-25,C,2643
19480,25886,2025-11-08,C,5922
19481,25887,2025-11-21,A,3510
19482,25888,2026-01-20,A,2310
19483,25889,2025-12-10,A,6415
19484,25890,2025-09-19,A,2203
19485,25891,2026-04-02,A,6126
19486,25894,2025-05-01,A,2203
19487,25895,2026-01-21,A,2642
19488,25896,2026-01-17,C,11604
19489,25897,2025-03-30,B,6866
19490,25898,2025-04-24,A,2336
19491,25899,2025-07-15,A,579
19492,25900,2025-06-28,A,4566
19493,25901,2026-02-12,B,6951
19494,25902,2025-07-14,C,2765
19495,25904,2025-07-31,A,2553
19496,25905,2025-06-05,A,2642
19497,25906,2025-08-28,C,2202
19498,25907,2025-12-14,A,2406
19499,25908,2025-10-10,A,2231
19500,25911,2025-10-26,A,5690
19501,25912,2025-09-18,A,7316
19502,25913,2026-02-24,A,7520
19503,25914,2025-07-29,C,8560
19504,25917,2025-07-07,C,1982
19505,25918,2026-04-12,B,1813
19506,25919,2025-08-01,A,1180
19507,25920,2025-10-03,A,11553
19508,25921,2025-05-08,C,9202
19509,25923,2025-03-27,A,10873
19510,25924,2025-06-22,A,5587
19511,25925,2025-09-17,C,6690
19512,25926,2025-04-20,A,9056
19513,25927,2025-03-21,A,2494
19514,25928,2025-08-27,A,2337
19515,25930,2025-06-13,A,1233
19516,25931,2025-09-05,C,11040
19517,25932,2025-08-19,C,2181
19518,25933,2025-12-16,A,2494
19519,25934,2025-10-27,C,2230
19520,25937,2025-06-10,A,11698
19521,25938,2025-06-17,C,1064
19522,25939,2026-03-15,A,7720
19523,25940,2026-01-10,A,10204
19524,25941,2026-01-23,A,9710
19525,25942,2025-10-07,B,2667
19526,25943,2025-10-11,A,11038
19527,25944,2025-05-11,A,7841
19528,25945,2025-02-28,B,2642
19529,25946,2025-12-25,C,3139
19530,25947,2026-03-09,A,4425
19531,25948,2025-12-01,A,3242
19532,25949,2025-05-01,A,2310
19533,25950,2025-08-14,A,384
19534,25951,2025-08-16,A,1399
19535,25952,2025-11-25,A,1287
19536,25953,2025-12-01,A,5146
19537,25956,2025-09-01,A,6034
19538,25957,2025-08-28,A,8015
19539,25958,2025-03-13,A,2476
19540,25959,2026-02-18,A,2476
19541,25961,2025-07-29,C,2385
19542,25962,2025-07-26,A,6481
19543,25963,2025-10-23,A,8789
19544,25964,2025-09-04,A,10091
19545,25965,2025-07-15,A,8958
19546,25966,2025-10-10,A,2450
19547,25967,2025-05-09,C,9824
19548,25968,2026-01-16,A,3633
19549,25969,2025-11-07,A,2160
19550,25970,2026-01-17,A,11094
19551,25971,2025-08-20,A,2615
19552,25972,2025-10-03,A,10027
19553,25973,2025-05-01,A,6437
19554,25974,2025-05-11,A,6836
19555,25975,2025-04-08,C,2667
19556,25977,2025-10-13,A,2312
19557,25978,2025-07-29,A,1481
19558,25979,2026-02-22,A,8678
19559,25980,2025-11-29,C,2159
19560,25981,2025-09-11,A,8535
19561,25982,2025-10-05,B,2834
19562,25984,2025-06-04,A,938
19563,25986,2026-03-03,A,3382
19564,25987,2025-08-21,A,8679
19565,25988,2025-12-06,B,9995
19566,25990,2025-11-26,A,10047
19567,25991,2025-09-06,A,8119
19568,25993,2025-07-11,A,10068
19569,25994,2025-05-02,A,9530
19570,25996,2025-08-10,C,6756
19571,25997,2025-12-30,C,5610
19572,25998,2025-09-30,B,2476
19573,26000,2025-11-01,B,10440
19574,26002,2025-08-23,A,1663
19575,26004,2026-01-08,C,6460
19576,26005,2025-10-31,C,2204
19577,26006,2025-10-10,B,1917
19578,26007,2025-08-01,A,2204
19579,26008,2025-07-02,A,2311
19580,26009,2025-04-01,A,2522
19581,26010,2025-10-02,A,7340
19582,26012,2025-10-08,A,1090
19583,26013,2025-05-11,A,8788
19584,26016,2025-05-27,C,11491
19585,26018,2025-11-03,B,10280
19586,26020,2025-12-01,B,2181
19587,26021,2025-09-25,A,9649
19588,26022,2025-06-16,A,2553
19589,26023,2026-01-18,A,7366
19590,26024,2026-01-02,A,9803
19591,26026,2025-09-13,A,10204
19592,26027,2025-09-16,A,646
19593,26028,2025-04-21,A,1914
19594,26029,2025-11-10,A,3747
19595,26031,2025-11-10,A,8735
19596,26032,2025-08-14,A,2382
19597,26033,2025-03-17,A,5588
19598,26034,2025-05-24,C,2594
19599,26036,2025-12-18,C,8884
19600,26037,2026-01-17,C,2182
19601,26038,2025-10-11,C,9157
19602,26039,2025-04-27,A,3418
19603,26040,2025-08-28,A,2935
19604,26042,2025-08-10,A,2404
19605,26043,2026-01-05,A,2258
19606,26044,2025-09-11,A,5281
19607,26046,2025-05-08,A,2182
19608,26047,2026-02-07,C,2664
19609,26048,2026-02-13,A,9460
19610,26049,2025-07-23,A,10068
19611,26050,2025-06-04,A,7287
19612,26051,2025-04-21,A,9975
19613,26054,2026-01-16,A,2494
19614,26056,2025-08-29,A,2665
19615,26057,2026-03-10,A,1180
19616,26058,2025-09-26,A,864
19617,26062,2025-08-02,A,1550
19618,26063,2026-01-12,C,6782
19619,26064,2025-09-06,A,430
19620,26066,2025-05-11,A,10068
19621,26067,2026-02-09,A,2204
19622,26069,2025-10-19,A,2104
19623,26072,2025-06-19,A,2643
19624,26074,2025-09-05,A,4273
19625,26075,2026-02-11,A,11821
19626,26076,2025-10-25,C,2495
19627,26077,2025-12-31,A,6982
19628,26078,2025-08-21,A,6503
19629,26079,2025-05-09,B,5281
19630,26080,2025-05-23,A,1140
19631,26081,2025-07-11,A,2405
19632,26082,2025-12-22,B,2385
19633,26083,2025-03-05,A,8704
19634,26084,2025-06-09,A,8535
19635,26085,2025-06-06,A,2553
19636,26086,2025-04-23,A,2283
19637,26088,2025-09-27,A,4273
19638,26089,2025-08-14,A,3509
19639,26090,2025-09-20,A,1090
19640,26091,2025-07-29,C,2643
19641,26095,2025-03-05,A,8935
19642,26096,2025-09-02,A,9128
19643,26098,2025-09-18,A,2495
19644,26099,2025-05-02,A,5517
19645,26100,2025-09-06,A,2182
19646,26101,2025-06-13,A,11187
19647,26103,2025-08-31,A,2666
19648,26105,2025-06-14,A,1163
19649,26106,2025-04-30,B,8835
19650,26108,2025-10-31,A,11425
19651,26109,2025-10-25,C,2385
19652,26111,2025-07-11,A,10028
19653,26112,2025-12-08,A,8434
19654,26113,2026-04-05,A,4329
19655,26114,2025-06-13,C,7264
19656,26115,2025-11-11,A,5208
19657,26116,2025-07-20,C,840
19658,26117,2025-10-19,A,11451
19659,26118,2026-02-07,A,2664
19660,26120,2025-12-21,A,10560
19661,26122,2025-10-30,A,2231
19662,26124,2025-09-14,A,2384
19663,26127,2025-06-02,A,3185
19664,26129,2025-10-22,A,2357
19665,26130,2025-06-02,A,9735
19666,26131,2026-01-31,A,8246
19667,26132,2025-10-22,A,1715
19668,26133,2025-10-03,A,3704
19669,26134,2025-09-12,B,2551
19670,26135,2025-05-24,A,7600
19671,26138,2025-03-03,C,5376
19672,26139,2026-02-28,C,2406
19673,26140,2025-07-14,A,10066
19674,26142,2025-07-24,A,2641
19675,26143,2025-12-05,A,2385
19676,26144,2025-12-03,A,11717
19677,26146,2025-11-06,A,9101
19678,26148,2025-10-06,A,7766
19679,26149,2025-08-23,A,967
19680,26150,2025-07-04,A,2496
19681,26151,2026-04-12,A,6691
19682,26152,2026-02-27,A,10302
19683,26154,2025-07-15,A,2335
19684,26156,2026-01-05,A,3330
19685,26157,2025-09-18,A,7721
19686,26158,2025-10-06,A,8369
19687,26159,2025-06-30,A,1398
19688,26161,2025-09-11,A,8788
19689,26162,2025-07-24,A,1568
19690,26163,2025-08-07,C,8456
19691,26164,2025-07-10,A,2432
19692,26166,2025-03-31,A,8679
19693,26167,2025-11-20,A,7720
19694,26169,2025-08-06,A,2310
19695,26171,2025-12-12,A,2135
19696,26172,2025-10-28,A,8197
19697,26173,2025-06-11,A,556
19698,26174,2026-01-25,A,10117
19699,26175,2025-06-18,A,9758
19700,26176,2025-05-26,A,5122
19701,26180,2025-04-28,A,840
19702,26182,2026-03-29,A,2383
19703,26185,2025-05-17,A,2494
19704,26186,2025-10-30,A,2230
19705,26187,2025-12-20,C,2936
19706,26188,2025-04-22,B,11912
19707,26189,2025-08-03,C,4449
19708,26190,2026-01-26,A,11237
19709,26191,2025-07-05,A,4111
19710,26192,2025-10-13,A,9056
19711,26193,2025-06-07,A,6810
19712,26194,2026-03-10,A,6837
19713,26195,2025-03-11,A,2310
19714,26196,2025-06-25,A,9803
19715,26197,2026-04-12,A,9759
19716,26198,2025-07-23,A,10459
19717,26199,2025-12-30,A,2337
19718,26200,2025-02-12,C,3582
19719,26204,2025-10-24,A,2259
19720,26206,2026-01-29,C,4183
19721,26208,2025-05-19,A,7969
19722,26209,2025-11-27,A,10089
19723,26210,2025-05-12,A,8788
19724,26212,2025-07-07,A,10674
19725,26213,2025-04-28,C,8934
19726,26214,2025-08-11,A,2059
19727,26216,2025-01-25,A,2310
19728,26219,2026-01-14,A,2594
19729,26220,2025-11-19,A,10514
19730,26221,2025-07-07,A,712
19731,26223,2025-08-17,A,8389
19732,26224,2026-01-16,A,6929
19733,26226,2025-08-16,B,11341
19734,26227,2025-07-02,A,2358
19735,26228,2025-08-28,A,3072
19736,26230,2026-01-22,A,2080
19737,26231,2025-09-19,A,2338
19738,26234,2025-11-04,A,5608
19739,26235,2025-12-12,A,6009
19740,26236,2025-08-29,A,9130
19741,26237,2025-08-25,A,7645
19742,26238,2025-09-05,A,8957
19743,26240,2025-11-13,A,2385
19744,26242,2025-06-24,A,2553
19745,26243,2026-01-23,A,1834
19746,26244,2025-08-28,A,9129
19747,26246,2025-10-12,A,2665
19748,26248,2025-11-17,A,2283
19749,26249,2026-01-16,A,10304
19750,26250,2025-03-30,A,11838
19751,26251,2025-06-30,A,5035
19752,26252,2026-02-24,A,1331
19753,26253,2026-01-16,A,6690
19754,26254,2025-05-14,C,646
19755,26258,2025-12-02,A,5609
19756,26259,2025-04-04,A,9029
19757,26260,2025-09-09,A,2667
19758,26261,2025-03-14,A,683
19759,26262,2025-03-30,A,8808
19760,26263,2025-10-18,A,2496
19761,26264,2025-12-31,A,7411
19762,26265,2025-07-27,C,3811
19763,26266,2026-01-01,A,8634
19764,26267,2025-11-06,C,2382
19765,26269,2025-09-04,A,2712
19766,26270,2025-07-14,B,9232
19767,26271,2025-10-01,B,2666
19768,26272,2025-06-06,A,3675
19769,26274,2025-11-24,A,2231
19770,26278,2025-07-09,A,4134
19771,26279,2025-07-19,A,684
19772,26281,2025-06-22,A,10375
19773,26283,2025-08-18,A,8484
19774,26284,2025-04-16,B,2572
19775,26285,2025-11-25,A,1180
19776,26286,2025-10-20,A,2405
19777,26287,2025-07-09,B,9709
19778,26288,2025-06-05,C,9801
19779,26289,2025-04-02,A,2641
19780,26291,2025-12-07,A,6595
19781,26292,2025-04-14,A,2522
19782,26293,2025-05-19,A,6809
19783,26294,2025-03-22,A,11770
19784,26296,2025-05-01,A,1586
19785,26297,2025-06-08,A,11011
19786,26298,2025-12-29,A,9251
19787,26301,2025-10-27,A,2665
19788,26302,2025-07-30,A,1355
19789,26303,2026-04-17,A,3116
19790,26304,2025-05-24,A,11511
19791,26305,2026-01-09,A,6835
19792,26306,2025-09-07,A,3785
19793,26307,2025-05-26,A,9200
19794,26309,2025-05-04,A,10560
19795,26310,2026-04-12,C,2337
19796,26311,2025-08-12,A,2551
19797,26313,2025-10-01,B,2496
19798,26314,2025-09-01,A,8413
19799,26316,2025-07-24,A,2641
19800,26318,2025-05-07,A,2641
19801,26319,2025-07-17,C,1211
19802,26321,2025-11-13,C,2666
19803,26323,2025-11-03,A,6297
19804,26324,2025-03-23,B,7740
19805,26325,2026-01-25,A,2667
19806,26326,2025-07-05,A,4525
19807,26327,2025-09-20,A,3186
19808,26328,2025-09-20,A,2358
19809,26329,2026-01-18,A,2641
19810,26330,2025-07-24,A,9690
19811,26331,2025-06-24,A,4330
19812,26332,2026-01-28,A,767
19813,26333,2026-02-18,C,9781
19814,26334,2026-04-23,A,2450
19815,26335,2025-06-23,A,4039
19816,26336,2025-05-18,C,3581
19817,26337,2025-08-11,C,11319
19818,26338,2025-12-05,A,2553
19819,26339,2026-01-25,B,11319
19820,26341,2025-04-26,B,6547
19821,26342,2026-01-21,A,2311
19822,26343,2026-03-24,A,5080
19823,26344,2026-01-06,A,2202
19824,26345,2025-07-03,A,11672
19825,26346,2025-08-09,A,3634
19826,26350,2025-07-08,A,10658
19827,26351,2025-12-19,B,3581
19828,26354,2025-12-27,A,2284
19829,26355,2025-11-09,B,2258
19830,26356,2025-10-19,A,524
19831,26358,2025-10-09,A,2337
19832,26359,2025-09-07,C,4202
19833,26362,2025-09-16,A,11909
19834,26365,2025-06-27,A,10637
19835,26367,2025-11-19,A,2405
19836,26368,2025-08-11,A,2667
19837,26369,2025-08-13,A,8248
19838,26371,2025-06-09,C,2667
19839,26372,2025-07-02,A,2476
19840,26375,2025-02-22,A,9824
19841,26376,2025-09-24,C,8510
19842,26377,2025-06-19,A,1140
19843,26378,2025-10-18,A,5281
19844,26379,2025-05-02,A,6835
19845,26382,2025-10-11,A,2182
19846,26383,2025-11-10,C,4375
19847,26384,2025-04-17,A,3957
19848,26385,2025-12-22,A,3959
19849,26386,2025-03-13,C,7316
19850,26387,2025-08-18,A,8434
19851,26389,2025-05-31,A,4247
19852,26390,2025-12-22,A,9129
19853,26392,2025-10-11,A,5375
19854,26393,2025-06-09,A,4872
19855,26394,2026-03-26,C,10226
19856,26396,2025-05-03,A,9737
19857,26397,2025-07-31,A,6755
19858,26398,2025-02-26,C,5564
19859,26399,2025-06-09,C,2595
19860,26400,2025-12-21,A,8484
19861,26401,2025-09-13,B,1140
19862,26403,2025-06-02,B,2182
19863,26404,2025-07-25,A,1332
19864,26406,2025-07-05,A,2965
19865,26407,2025-08-23,A,9433
19866,26408,2025-06-07,A,838
19867,26409,2025-05-27,B,2572
19868,26411,2025-11-03,A,11267
19869,26412,2025-08-13,A,10280
19870,26414,2025-08-25,B,915
19871,26415,2025-12-06,A,2159
19872,26416,2025-05-01,C,2135
19873,26418,2025-06-30,A,6981
19874,26419,2026-01-20,A,4918
19875,26420,2025-09-04,A,9154
19876,26421,2025-10-02,A,8321
19877,26422,2025-12-07,A,5163
19878,26426,2025-08-21,A,8456
19879,26427,2026-03-12,A,5254
19880,26428,2025-10-09,A,2666
19881,26429,2026-01-08,A,455
19882,26430,2025-09-04,A,1040
19883,26433,2026-01-07,A,4723
19884,26435,2025-11-16,A,4182
19885,26437,2025-11-06,A,2643
19886,26438,2026-02-10,B,10674
19887,26439,2025-08-20,A,11207
19888,26441,2025-12-11,A,9178
19889,26443,2025-12-26,A,6666
19890,26444,2025-08-30,A,9128
19891,26445,2025-08-04,A,1712
19892,26446,2025-06-17,A,2383
19893,26448,2025-09-25,A,1261
19894,26449,2025-12-21,A,890
19895,26450,2026-02-28,A,3988
19896,26452,2025-10-06,A,2258
19897,26454,2025-08-15,A,525
19898,26459,2025-08-23,A,2451
19899,26460,2025-06-30,A,2494
19900,26462,2025-11-15,A,6251
19901,26463,2025-07-22,C,1569
19902,26464,2025-10-17,A,768
19903,26465,2026-02-15,C,2406
19904,26466,2025-06-01,A,4568
19905,26467,2025-02-05,A,916
19906,26468,2025-09-16,A,5896
19907,26469,2025-08-12,A,2283
19908,26470,2026-02-12,C,5954
19909,26471,2025-10-08,A,1888
19910,26472,2025-05-31,A,6952
19911,26473,2025-04-17,A,3536
19912,26474,2025-05-26,B,9176
19913,26475,2025-04-10,A,3560
19914,26478,2025-03-26,A,1690
19915,26479,2026-01-06,A,9759
19916,26480,2025-05-26,B,1441
19917,26481,2025-06-16,A,2664
19918,26482,2025-10-28,A,6298
19919,26483,2026-04-22,B,6341
19920,26484,2025-07-13,C,1942
19921,26485,2025-10-27,B,8788
19922,26487,2025-10-22,C,6735
19923,26488,2025-04-02,A,2475
19924,26489,2025-06-29,A,4942
19925,26490,2025-06-13,C,2335
19926,26492,2025-05-06,C,11909
19927,26493,2025-07-15,A,10066
19928,26494,2025-10-22,C,9176
19929,26495,2025-08-07,A,8411
19930,26498,2025-07-06,A,5421
19931,26499,2025-12-11,A,2259
19932,26500,2025-09-22,A,3070
19933,26502,2025-08-12,A,9029
19934,26503,2025-11-14,A,2385
19935,26504,2026-03-19,C,4329
19936,26505,2025-03-24,A,1663
19937,26506,2025-09-09,A,6951
19938,26507,2025-08-30,A,7818
19939,26509,2025-05-30,A,5424
19940,26510,2025-12-26,A,1421
19941,26511,2025-03-28,A,11890
19942,26512,2025-08-06,C,10226
19943,26513,2025-07-26,C,3559
19944,26514,2025-06-29,A,2594
19945,26516,2025-08-17,A,7720
19946,26517,2025-04-15,A,5016
19947,26518,2026-01-23,A,810
19948,26519,2025-06-04,A,2431
19949,26521,2025-10-28,A,10025
19950,26522,2025-11-12,C,11820
19951,26525,2026-04-20,A,2258
19952,26526,2025-04-09,A,1786
19953,26527,2026-01-01,A,2551
19954,26528,2025-11-30,A,4746
19955,26530,2025-11-09,C,3509
19956,26531,2025-12-04,B,8634
19957,26532,2025-11-07,A,2335
19958,26533,2025-10-03,A,10202
19959,26534,2025-02-16,A,4039
19960,26536,2025-10-27,A,1484
19961,26537,2025-07-21,A,6297
19962,26538,2025-05-23,A,9128
19963,26539,2025-08-01,A,1461
19964,26540,2025-06-01,A,2183
19965,26541,2025-06-05,A,5565
19966,26542,2025-07-20,B,8482
19967,26543,2025-08-17,A,556
19968,26545,2026-03-19,A,2475
19969,26546,2025-10-14,A,2311
19970,26547,2025-05-10,B,2406
19971,26549,2025-05-29,A,10635
19972,26550,2026-02-09,A,8862
19973,26551,2025-04-16,A,11909
19974,26552,2025-09-21,A,8736
19975,26553,2025-12-04,A,4274
19976,26554,2025-05-19,A,3493
19977,26556,2025-04-04,A,3358
19978,26557,2025-09-21,A,8482
19979,26558,2025-12-17,A,11095
19980,26560,2026-02-23,B,5541
19981,26561,2025-09-25,A,11554
19982,26562,2026-03-06,B,2665
19983,26563,2025-05-21,A,6930
19984,26565,2025-10-03,C,6076
19985,26568,2026-01-04,A,1548
19986,26570,2025-04-20,A,2231
19987,26571,2025-08-10,A,2258
19988,26572,2025-06-02,A,9176
19989,26573,2026-01-29,A,11142
19990,26574,2026-01-20,A,3832
19991,26578,2025-08-22,A,8292
19992,26579,2025-06-11,B,9102
19993,26581,2025-10-29,A,2571
19994,26586,2025-04-27,C,2494
19995,26589,2025-09-25,C,5401
19996,26590,2025-07-30,A,2181
19997,26591,2025-04-28,A,2358
19998,26592,2025-06-26,C,863
19999,26593,2025-08-07,A,2522
20000,26595,2025-09-15,A,2450
20001,26596,2026-03-24,A,7006
20002,26597,2025-06-08,A,5490
20003,26600,2025-10-13,A,2666
20004,26602,2026-03-08,A,3785
20005,26603,2025-11-02,A,5057
20006,26604,2025-11-11,A,6032
20007,26605,2026-01-07,A,8456
20008,26606,2026-03-06,A,2230
20009,26609,2025-05-07,B,2181
20010,26610,2026-03-10,B,2615
20011,26613,2025-05-26,A,6667
20012,26614,2025-11-15,A,5036
20013,26615,2025-08-13,A,7491
20014,26618,2026-01-02,A,3049
20015,26619,2025-07-27,A,4184
20016,26620,2025-07-25,B,9825
20017,26621,2025-03-30,A,3401
20018,26622,2025-08-08,C,7667
20019,26623,2025-12-16,A,1398
20020,26624,2026-01-26,A,11365
20021,26626,2025-05-17,A,8585
20022,26628,2025-07-12,A,2358
20023,26629,2025-12-20,A,2310
20024,26630,2025-10-17,A,8958
20025,26632,2025-11-14,A,2385
20026,26634,2025-04-10,A,11470
20027,26635,2026-02-11,A,7667
20028,26636,2025-06-05,A,3705
20029,26639,2025-07-23,A,8911
20030,26641,2025-07-06,A,1234
20031,26642,2025-09-28,A,5209
20032,26643,2025-11-28,A,2712
20033,26644,2025-06-25,A,9296
20034,26645,2025-09-12,A,5637
20035,26647,2025-10-10,A,8909
20036,26648,2025-08-30,A,2886
20037,26649,2025-12-21,A,5586
20038,26650,2026-02-03,C,1062
20039,26651,2025-12-19,A,3654
20040,26652,2025-08-06,A,11717
20041,26653,2025-06-21,A,8482
20042,26654,2025-10-22,A,8936
20043,26655,2026-01-22,A,8704
20044,26656,2025-08-14,A,1399
20045,26657,2026-02-13,A,3030
20046,26658,2025-03-07,A,2792
20047,26659,2025-04-26,A,9759
20048,26661,2025-07-03,A,2616
20049,26664,2026-03-26,C,4541
20050,26665,2025-11-01,A,6735
20051,26666,2025-06-23,A,4009
20052,26667,2025-05-20,A,9316
20053,26669,2025-07-12,A,9671
20054,26673,2025-07-24,A,2180
20055,26674,2025-08-11,A,10457
20056,26675,2025-09-24,A,8484
20057,26676,2025-07-15,A,1399
20058,26678,2025-10-05,A,2553
20059,26679,2025-01-26,A,2382
20060,26681,2026-02-09,A,4919
20061,26682,2025-05-31,A,1739
20062,26683,2025-05-20,A,4183
20063,26685,2025-05-06,A,8435
20064,26686,2025-11-18,A,9779
20065,26687,2025-05-10,A,5981
20066,26688,2025-05-25,A,11166
20067,26689,2025-04-02,B,11070
20068,26691,2025-07-25,A,4871
20069,26692,2025-09-15,C,6931
20070,26693,2026-01-03,A,2181
20071,26694,2025-05-12,B,1786
20072,26695,2026-01-14,C,5402
20073,26696,2025-08-01,A,6595
20074,26698,2026-01-13,A,8736
20075,26699,2026-01-22,A,11187
20076,26700,2025-12-18,A,2311
20077,26701,2025-09-18,A,8806
20078,26702,2025-12-01,A,2551
20079,26703,2025-04-21,A,10226
20080,26704,2026-01-30,A,2310
20081,26705,2025-06-18,A,6981
20082,26708,2025-07-09,A,4132
20083,26711,2025-10-07,A,2523
20084,26712,2026-02-19,A,8120
20085,26713,2025-05-29,C,4274
20086,26714,2025-05-22,A,3746
20087,26716,2025-05-02,A,453
20088,26717,2025-06-08,A,2451
20089,26718,2025-12-17,A,524
20090,26719,2025-12-16,A,5851
20091,26720,2025-10-26,A,2594
20092,26721,2025-08-02,A,2523
20093,26722,2025-10-29,C,2523
20094,26723,2026-04-26,A,2335
20095,26724,2025-11-12,A,8119
20096,26725,2025-02-20,A,2336
20097,26727,2025-04-03,A,431
20098,26728,2025-08-25,A,11513
20099,26732,2025-08-12,A,9229
20100,26733,2026-03-14,A,2522
20101,26735,2025-09-04,A,10793
20102,26738,2025-09-18,C,6275
20103,26740,2025-06-11,A,6891
20104,26741,2025-05-20,C,2433
20105,26742,2026-03-28,A,11187
20106,26743,2025-04-05,A,10133
20107,26744,2026-01-01,A,2666
20108,26747,2025-11-17,A,6523
20109,26748,2025-07-02,C,9824
20110,26749,2025-09-26,A,5254
20111,26750,2025-04-27,C,10512
20112,26751,2026-01-18,C,937
20113,26753,2025-11-11,B,1442
20114,26755,2025-04-18,A,1262
20115,26756,2025-07-01,A,9824
20116,26757,2025-06-02,A,11095
20117,26758,2025-08-05,A,5328
20118,26761,2025-05-26,A,554
20119,26762,2025-07-29,A,4850
20120,26763,2026-01-17,A,3580
20121,26764,2025-09-28,B,6098
20122,26765,2025-11-08,A,3705
20123,26766,2025-03-23,B,2183
20124,26768,2025-08-22,A,1330
20125,26769,2026-02-02,A,1162
20126,26770,2025-06-10,A,2356
20127,26772,2025-09-08,A,2061
20128,26773,2025-08-31,A,2338
20129,26774,2025-09-17,A,3263
20130,26776,2025-10-30,A,557
20131,26777,2025-05-17,A,11839
20132,26778,2025-06-17,A,5329
20133,26779,2026-03-13,A,2356
20134,26780,2025-11-24,A,2522
20135,26783,2025-12-03,A,5422
20136,26785,2025-11-05,A,2061
20137,26786,2025-12-27,A,8436
20138,26788,2025-09-27,A,10224
20139,26790,2025-03-06,A,6249
20140,26791,2025-08-25,A,2641
20141,26792,2025-10-12,A,10324
20142,26793,2025-06-28,A,8246
20143,26794,2025-05-08,A,5374
20144,26795,2025-06-26,A,11037
20145,26796,2025-07-05,A,478
20146,26797,2025-09-03,A,5541
20147,26798,2025-12-21,A,2312
20148,26799,2026-01-16,A,741
20149,26801,2025-11-03,C,2283
20150,26802,2026-02-12,A,2834
20151,26804,2025-08-01,A,2338
20152,26805,2025-08-03,C,5609
20153,26807,2025-03-26,A,2551
20154,26808,2025-09-13,A,2616
20155,26809,2025-07-24,A,4993
20156,26810,2025-09-20,C,6980
20157,26811,2025-10-29,A,11912
20158,26812,2025-07-24,A,10303
20159,26813,2025-10-22,A,1212
20160,26814,2025-09-09,C,1160
20161,26815,2025-11-17,A,6837
20162,26816,2025-07-25,A,5163
20163,26817,2025-09-12,A,10701
20164,26818,2025-09-21,A,5761
20165,26819,2025-07-03,A,1461
20166,26820,2025-09-08,C,791
20167,26821,2026-02-02,A,3073
20168,26822,2025-05-14,A,7819
20169,26823,2026-04-23,C,2475
20170,26824,2025-03-12,A,2432
20171,26825,2025-10-01,A,2384
20172,26826,2025-11-29,A,2337
20173,26827,2025-08-26,A,2615
20174,26828,2025-05-03,A,1330
20175,26829,2025-10-02,A,11535
20176,26831,2025-05-05,A,1287
20177,26832,2025-11-09,A,2665
20178,26833,2025-08-25,A,622
20179,26834,2025-12-08,A,11403
20180,26835,2025-09-09,A,8559
20181,26836,2025-08-12,A,11188
20182,26837,2025-09-25,A,2336
20183,26838,2025-12-11,A,2522
20184,26839,2025-05-04,A,2183
20185,26840,2025-09-24,A,7739
20186,26841,2025-12-13,A,4993
20187,26842,2025-06-12,A,556
20188,26843,2025-09-22,A,9364
20189,26844,2025-11-26,B,1570
20190,26845,2026-02-03,A,10441
20191,26846,2025-06-14,A,7574
20192,26847,2026-03-02,A,791
20193,26848,2026-02-06,A,5330
20194,26849,2026-03-14,A,579
20195,26850,2025-03-05,B,9177
20196,26851,2025-05-23,C,8456
20197,26852,2025-08-10,A,2030
20198,26854,2025-10-13,B,6691
20199,26856,2025-11-21,B,5402
20200,26858,2025-05-23,A,4064
20201,26859,2025-12-12,A,2180
20202,26860,2026-04-05,A,4227
20203,26861,2025-05-25,A,11365
20204,26863,2025-09-17,B,8837
20205,26864,2025-05-14,A,2205
20206,26865,2025-07-20,A,4112
20207,26866,2025-11-06,A,9229
20208,26867,2025-10-05,A,6100
20209,26868,2025-08-29,A,1212
20210,26869,2025-04-14,A,2405
20211,26870,2025-07-10,C,6547
20212,26871,2025-10-06,A,2665
20213,26872,2025-06-07,C,6835
20214,26873,2025-12-09,B,11342
20215,26875,2025-06-29,A,2473
20216,26876,2025-06-16,C,5421
20217,26879,2026-04-06,A,2282
20218,26880,2025-08-06,A,6277
20219,26882,2025-10-27,C,11534
20220,26883,2025-06-10,C,2935
20221,26884,2025-12-02,A,2473
20222,26885,2025-12-29,C,5516
20223,26886,2025-09-21,A,3862
20224,26887,2025-05-04,C,9924
20225,26888,2025-05-30,A,10134
20226,26889,2025-08-29,A,6343
20227,26890,2025-04-13,A,6033
20228,26892,2025-07-22,A,3958
20229,26894,2025-07-05,C,8934
20230,26896,2025-04-04,C,10823
20231,26897,2025-09-14,C,1608
20232,26898,2025-09-07,A,1288
20233,26899,2025-07-17,A,7366
20234,26900,2025-09-24,A,11094
20235,26901,2025-02-12,A,2336
20236,26902,2025-09-22,A,2496
20237,26903,2025-07-14,A,479
20238,26904,2025-08-31,A,10919
20239,26905,2025-09-09,A,2183
20240,26906,2025-07-04,B,5422
20241,26907,2025-07-07,A,8979
20242,26908,2025-12-25,A,2202
20243,26909,2025-08-07,A,3560
20244,26910,2025-04-26,A,2357
20245,26911,2025-12-23,A,2204
20246,26912,2025-08-06,A,6865
20247,26913,2025-10-29,C,2231
20248,26915,2025-10-29,B,601
20249,26916,2025-10-03,A,11319
20250,26917,2025-08-29,A,2615
20251,26918,2025-12-04,A,2571
20252,26919,2025-07-12,A,2666
20253,26921,2025-04-10,A,1379
20254,26922,2025-05-20,A,6717
20255,26923,2025-03-23,A,5305
20256,26925,2025-10-28,A,2382
20257,26927,2025-05-21,A,5663
20258,26931,2026-02-21,A,8094
20259,26932,2025-10-09,B,11289
20260,26933,2025-08-01,A,8790
20261,26934,2025-09-16,B,9433
20262,26935,2025-10-10,C,9824
20263,26936,2026-02-23,C,10323
20264,26937,2026-01-28,A,9389
20265,26938,2025-10-21,A,1608
20266,26939,2025-05-30,A,2553
20267,26941,2025-11-16,A,3264
20268,26943,2025-03-12,A,2335
20269,26944,2026-01-23,C,4698
20270,26947,2025-07-17,A,6692
20271,26948,2025-05-25,A,11269
20272,26949,2025-08-27,A,5488
20273,26950,2025-10-04,A,6275
20274,26951,2025-10-11,C,9007
20275,26952,2025-03-26,B,4672
20276,26953,2025-11-29,A,10586
20277,26954,2025-08-18,A,2664
20278,26955,2025-11-23,A,8612
20279,26960,2025-02-19,A,3030
20280,26961,2025-12-28,B,6229
20281,26962,2025-09-22,A,2382
20282,26963,2025-08-23,C,11404
20283,26965,2025-03-02,A,645
20284,26966,2026-01-07,C,2494
20285,26968,2025-03-09,A,8958
20286,26971,2025-07-02,A,9876
20287,26972,2025-07-23,C,2080
20288,26973,2026-02-27,A,11912
20289,26976,2025-11-17,C,7943
20290,26977,2025-11-27,B,4202
20291,26978,2025-11-10,A,5851
20292,26979,2025-11-17,A,11386
20293,26980,2026-03-19,C,8173
20294,26981,2025-07-26,C,8706
20295,26983,2025-05-12,A,11673
20296,26984,2025-11-18,C,2643
20297,26987,2026-04-09,A,2311
20298,26988,2025-11-04,A,9779
20299,26989,2025-09-05,A,5147
20300,26992,2025-11-05,A,11141
20301,26994,2025-05-21,A,2476
20302,26995,2025-10-28,A,7166
20303,26996,2025-06-23,A,4568
20304,26997,2025-11-20,A,8120
20305,26998,2025-06-16,A,2792
20306,26999,2025-12-07,A,767
20307,27002,2025-09-01,C,4330
20308,27003,2025-09-22,C,10562
20309,27004,2025-05-14,A,2202
20310,27005,2026-01-04,A,6913
20311,27006,2025-06-11,B,2496
20312,27008,2026-01-11,A,6809
20313,27009,2025-09-18,A,3831
20314,27010,2025-07-08,A,2572
20315,27011,2025-07-03,A,2336
20316,27012,2025-06-11,A,3634
20317,27013,2026-04-05,C,2204
20318,27014,2025-06-21,A,1834
20319,27015,2025-10-14,C,4204
20320,27016,2025-08-23,A,2666
20321,27017,2025-08-13,C,10353
20322,27018,2025-04-04,A,2357
20323,27019,2025-07-05,A,525
20324,27020,2025-06-21,A,2595
20325,27021,2025-12-23,A,11577
20326,27022,2025-09-27,A,9711
20327,27023,2026-01-25,A,2337
20328,27024,2025-03-18,C,3537
20329,27025,2025-05-04,A,6617
20330,27026,2026-01-11,A,966
20331,27027,2025-06-12,A,8611
20332,27028,2025-04-09,A,7167
20333,27029,2025-02-14,C,6890
20334,27030,2025-12-27,A,6413
20335,27031,2025-10-28,A,2159
20336,27032,2025-12-16,A,5636
20337,27033,2026-03-05,C,11290
20338,27034,2025-12-14,A,5516
20339,27035,2025-10-03,B,10674
20340,27036,2025-09-28,A,2312
20341,27037,2026-01-22,A,9779
20342,27038,2026-01-10,A,1834
20343,27039,2025-08-17,A,6910
20344,27040,2025-07-02,A,7387
20345,27041,2025-09-11,A,2495
20346,27042,2025-11-05,A,6175
20347,27044,2025-07-18,A,4468
20348,27045,2025-05-19,A,7694
20349,27047,2025-03-10,A,1548
20350,27048,2025-10-18,A,1714
20351,27049,2026-01-20,B,2553
20352,27050,2025-11-29,A,6929
20353,27052,2025-06-10,A,2643
20354,27054,2025-09-16,C,6756
20355,27056,2025-07-28,C,5422
20356,27057,2026-01-07,A,3116
20357,27058,2025-12-01,C,8979
20358,27059,2025-05-16,C,2495
20359,27060,2025-09-04,A,2383
20360,27061,2025-09-24,C,2553
20361,27063,2025-12-20,C,4618
20362,27065,2025-12-30,A,2433
20363,27066,2025-05-29,A,1888
20364,27067,2025-09-22,A,9973
20365,27068,2025-06-26,A,9758
20366,27069,2026-02-12,A,3140
20367,27071,2025-03-20,A,7437
20368,27072,2025-10-07,A,2642
20369,27073,2026-03-01,A,10396
20370,27074,2025-03-01,A,2405
20371,27075,2025-04-19,A,10303
20372,27076,2025-10-26,A,2496
20373,27077,2025-05-23,A,9560
20374,27079,2026-02-12,A,3745
20375,27080,2026-03-16,A,8455
20376,27082,2025-07-03,A,9825
20377,27084,2025-11-01,A,2664
20378,27085,2025-10-07,A,5208
20379,27086,2025-09-25,A,2813
20380,27088,2025-11-04,A,1762
20381,27089,2025-12-19,A,2450
20382,27091,2025-06-19,A,5638
20383,27094,2025-04-22,C,6912
20384,27095,2025-04-06,A,6911
20385,27100,2025-09-09,A,2666
20386,27101,2025-12-09,A,6809
20387,27102,2025-04-30,A,7122
20388,27103,2025-09-22,A,2358
20389,27104,2025-05-26,A,838
20390,27105,2025-07-25,B,8120
20391,27106,2025-04-05,B,2858
20392,27107,2025-05-28,C,1114
20393,27110,2025-06-15,A,2160
20394,27112,2025-07-04,C,6782
20395,27113,2025-06-09,A,2311
20396,27114,2025-06-25,A,2666
20397,27115,2025-04-21,A,1481
20398,27116,2026-01-10,B,2792
20399,27117,2025-05-04,A,2356
20400,27118,2025-10-18,C,2551
20401,27119,2025-06-21,A,10584
20402,27120,2025-12-18,A,967
20403,27121,2025-10-28,C,2495
20404,27122,2025-11-15,A,11910
20405,27123,2025-06-17,C,2615
20406,27124,2025-03-29,A,11647
20407,27125,2025-10-08,B,8511
20408,27126,2025-09-06,A,7942
20409,27127,2026-03-10,B,9878
20410,27128,2025-07-08,A,11366
20411,27129,2025-10-31,A,9176
20412,27130,2025-05-31,A,4424
20413,27132,2025-07-14,A,2552
20414,27133,2025-11-18,A,5588
20415,27134,2025-10-02,A,2665
20416,27136,2025-05-26,A,7493
20417,27137,2025-08-16,A,3653
20418,27138,2026-02-06,A,2476
20419,27139,2025-06-19,A,2595
20420,27140,2025-05-29,A,4941
20421,27141,2025-04-13,A,7546
20422,27142,2025-06-01,A,9460
20423,27143,2025-10-25,A,2615
20424,27144,2025-10-06,A,3560
20425,27145,2025-07-07,C,2595
20426,27146,2026-04-19,A,8862
20427,27147,2025-11-12,A,2475
20428,27148,2025-08-29,C,9779
20429,27149,2026-02-06,A,2282
20430,27150,2025-09-14,A,1587
20431,27151,2026-01-27,A,4112
20432,27154,2025-03-11,A,4775
20433,27155,2025-11-28,A,6952
20434,27158,2025-07-17,A,2204
20435,27159,2026-01-03,A,2203
20436,27160,2025-04-30,A,2551
20437,27161,2025-09-04,A,10133
20438,27163,2025-11-05,A,10047
20439,27164,2025-06-19,B,11366
20440,27165,2025-10-27,A,11535
20441,27166,2025-06-03,C,11068
20442,27167,2025-10-30,B,6754
20443,27168,2025-08-24,A,2259
20444,27169,2025-09-12,A,4204
20445,27170,2025-03-16,A,10067
20446,27173,2025-10-02,A,2383
20447,27174,2026-03-17,A,2664
20448,27175,2025-04-13,A,8979
20449,27176,2025-12-30,A,2643
20450,27177,2025-10-05,A,6201
20451,27179,2025-06-28,A,5517
20452,27180,2025-10-04,C,2312
20453,27181,2025-12-14,A,2406
20454,27182,2025-05-17,A,5565
20455,27183,2025-05-25,A,7790
20456,27184,2025-12-02,B,2310
20457,27186,2025-09-11,C,7820
20458,27187,2025-04-04,A,3988
20459,27188,2025-10-07,C,8388
20460,27189,2025-09-09,A,3746
20461,27190,2025-04-27,A,10304
20462,27191,2025-02-13,A,2383
20463,27192,2025-12-16,A,863
20464,27193,2025-12-08,A,9031
20465,27194,2025-08-22,A,3859
20466,27196,2025-10-08,A,11120
20467,27197,2025-06-28,A,8436
20468,27199,2025-08-06,A,8015
20469,27200,2025-09-19,A,1287
20470,27202,2025-10-12,A,6569
20471,27203,2025-07-28,A,5125
20472,27205,2026-04-27,A,6438
20473,27206,2025-07-08,A,10375
20474,27207,2025-03-06,A,1714
20475,27209,2025-07-29,A,2615
20476,27210,2025-12-27,A,622
20477,27211,2025-08-11,A,4160
20478,27212,2025-06-04,A,6363
20479,27213,2025-06-03,A,1482
20480,27214,2025-08-09,A,8292
20481,27215,2025-11-06,C,2311
20482,27216,2025-07-19,A,1610
20483,27217,2025-05-16,B,7165
20484,27218,2025-08-29,A,9710
20485,27219,2025-08-02,C,10048
20486,27222,2025-12-09,B,2665
20487,27223,2026-01-14,A,10416
20488,27224,2025-03-24,A,10225
20489,27225,2025-12-05,A,3535
20490,27226,2025-08-05,A,11342
20491,27227,2025-03-10,A,2667
20492,27228,2025-11-13,A,2523
20493,27229,2025-04-08,C,4302
20494,27230,2025-09-01,A,2259
20495,27231,2025-09-05,A,2080
20496,27234,2025-08-10,A,2474
20497,27236,2025-12-17,C,3705
20498,27237,2025-07-30,A,4010
20499,27238,2025-05-24,A,5585
20500,27239,2025-08-25,C,9670
20501,27240,2025-02-22,C,5253
20502,27242,2025-05-08,C,1443
20503,27243,2025-05-07,A,1115
20504,27244,2025-11-21,A,10945
20505,27245,2025-09-02,B,11167
20506,27246,2025-10-01,A,6783
20507,27249,2025-05-03,A,8809
20508,27250,2026-02-13,B,2385
20509,27255,2025-04-16,A,2616
20510,27256,2025-10-22,A,9336
20511,27257,2025-12-21,A,7944
20512,27258,2025-11-06,C,9129
20513,27259,2025-06-27,C,3676
20514,27260,2025-02-08,A,430
20515,27261,2025-05-31,A,11121
20516,27264,2025-06-18,A,5515
20517,27265,2025-12-27,A,4541
20518,27266,2025-10-12,A,2404
20519,27267,2025-11-13,A,2572
20520,27269,2025-11-14,A,10305
20521,27270,2025-08-02,A,3442
20522,27271,2025-05-11,B,2230
20523,27272,2025-06-08,A,937
20524,27273,2026-01-20,A,8509
20525,27275,2026-01-09,A,6983
20526,27276,2026-02-05,A,4919
20527,27278,2026-04-09,A,2553
20528,27279,2025-11-02,A,6364
20529,27280,2025-08-18,A,9078
20530,27282,2026-04-02,B,1441
20531,27283,2025-07-15,A,9651
20532,27284,2025-10-15,B,2616
20533,27285,2025-04-10,A,9029
20534,27287,2025-07-15,A,2475
20535,27290,2026-01-05,A,2159
20536,27293,2025-03-20,A,2495
20537,27294,2025-07-11,A,9130
20538,27297,2025-05-06,A,2284
20539,27299,2025-09-08,A,2665
20540,27300,2025-03-05,A,3050
20541,27301,2025-09-17,A,8435
20542,27302,2025-02-13,C,6812
20543,27303,2025-04-23,A,2335
20544,27304,2025-06-30,A,1739
20545,27305,2026-03-12,C,5329
20546,27307,2025-05-21,A,11534
20547,27308,2025-05-15,A,10611
20548,27309,2025-10-09,A,6595
20549,27310,2025-05-15,A,9298
20550,27311,2025-08-07,C,2476
20551,27314,2026-01-05,A,10067
20552,27316,2025-11-30,A,1691
20553,27317,2025-06-06,A,2451
20554,27318,2025-09-02,A,2665
20555,27319,2025-05-23,A,6504
20556,27320,2025-09-16,C,2551
20557,27321,2025-05-31,A,6755
20558,27323,2026-01-30,A,2451
20559,27324,2025-12-02,A,6547
20560,27325,2025-12-17,A,4273
20561,27326,2025-11-11,A,2356
20562,27329,2025-04-16,A,6982
20563,27330,2025-05-25,A,8482
20564,27331,2025-10-21,A,2357
20565,27332,2025-12-20,B,2885
20566,27333,2025-07-08,A,1786
20567,27335,2025-09-16,A,6734
20568,27337,2025-07-03,A,7197
20569,27338,2025-04-27,A,11512
20570,27339,2025-06-19,A,7971
20571,27340,2026-01-30,A,10226
20572,27341,2025-06-04,A,7081
20573,27344,2025-10-16,A,2106
20574,27345,2025-08-03,C,9823
20575,27346,2025-11-24,A,7314
20576,27347,2025-05-14,C,8119
20577,27348,2025-08-05,A,2833
20578,27349,2025-10-02,A,916
20579,27350,2025-12-04,A,741
20580,27351,2025-07-05,A,2857
20581,27352,2025-05-30,A,1262
20582,27353,2025-12-04,A,7622
20583,27354,2026-03-03,A,6100
20584,27356,2025-10-02,A,5080
20585,27357,2025-09-29,A,1398
20586,27359,2025-07-31,A,6277
20587,27360,2025-10-25,A,1834
20588,27361,2026-01-27,C,2551
20589,27362,2026-02-11,C,11490
20590,27363,2025-12-08,A,1569
20591,27364,2025-05-29,A,3580
20592,27367,2025-10-07,A,6929
20593,27368,2025-09-06,A,7411
20594,27369,2025-03-23,A,6951
20595,27370,2025-07-01,A,3214
20596,27371,2025-09-04,A,3492
20597,27372,2025-04-29,A,6128
20598,27373,2025-06-04,A,10325
20599,27374,2025-11-02,A,4992
20600,27375,2025-09-07,A,6811
20601,27376,2025-05-27,C,11534
20602,27377,2025-11-03,A,4820
20603,27378,2026-02-25,A,5424
20604,27379,2025-12-24,A,2552
20605,27380,2025-12-17,A,1261
20606,27382,2025-11-28,A,3653
20607,27383,2026-01-06,A,2282
20608,27384,2025-08-08,A,8735
20609,27386,2025-04-19,A,8808
20610,27387,2025-07-23,A,2938
20611,27389,2025-05-10,C,5691
20612,27390,2025-05-14,A,4228
20613,27391,2025-06-25,C,6980
20614,27392,2025-12-07,A,11648
20615,27393,2025-08-07,C,2664
20616,27395,2026-04-18,C,2935
20617,27396,2026-03-16,C,4821
20618,27399,2026-01-28,A,10304
20619,27400,2025-02-23,A,4919
20620,27401,2025-08-31,A,11142
20621,27402,2025-05-27,A,2383
20622,27403,2025-07-18,A,4449
20623,27404,2025-11-11,C,6982
20624,27405,2026-03-03,C,2404
20625,27406,2025-10-30,A,5953
20626,27407,2025-11-08,A,2494
20627,27408,2025-12-20,A,2553
20628,27409,2025-06-10,A,647
20629,27411,2025-02-22,A,5103
20630,27412,2025-09-02,A,6690
20631,27413,2026-04-02,A,9823
20632,27414,2025-08-16,A,11142
20633,27415,2025-03-07,A,622
20634,27416,2025-11-05,A,1833
20635,27419,2025-04-17,A,11773
20636,27421,2025-07-03,A,10352
20637,27422,2026-02-10,A,5635
20638,27423,2025-07-03,A,11343
20639,27424,2025-10-14,A,11236
20640,27427,2025-08-01,A,5662
20641,27429,2025-12-04,A,2231
20642,27430,2025-07-04,A,9801
20643,27431,2025-05-19,A,1609
20644,27432,2025-11-21,A,1180
20645,27433,2025-05-14,B,2160
20646,27434,2025-07-19,C,11424
20647,27435,2025-12-30,A,10028
20648,27437,2026-03-11,A,4699
20649,27438,2025-10-28,A,9802
20650,27440,2025-03-13,A,4134
20651,27442,2025-05-29,A,10946
20652,27446,2025-05-16,A,1090
20653,27447,2026-01-03,A,5101
20654,27448,2025-06-18,A,2104
20655,27450,2025-08-25,A,3703
20656,27451,2025-08-17,A,1307
20657,27452,2025-11-21,A,2231
20658,27454,2025-05-22,A,5691
20659,27455,2025-08-15,B,5515
20660,27458,2025-08-01,B,10226
20661,27459,2025-05-12,A,5080
20662,27460,2025-10-08,A,1586
20663,27461,2025-07-23,B,8807
20664,27462,2025-04-09,A,5253
20665,27463,2025-08-30,A,862
20666,27464,2025-07-31,A,8659
20667,27466,2025-10-09,A,5924
20668,27467,2025-08-18,A,2356
20669,27468,2025-08-11,A,7236
20670,27469,2025-10-21,A,682
20671,27470,2025-07-11,A,8909
20672,27471,2025-03-27,A,4374
20673,27472,2025-07-18,A,5662
20674,27473,2025-11-27,A,2813
20675,27474,2026-04-15,B,5466
20676,27475,2025-08-16,C,4273
20677,27478,2025-03-19,A,2451
20678,27479,2025-11-01,A,4822
20679,27480,2025-07-08,A,6809
20680,27481,2025-10-07,A,2160
20681,27482,2025-09-14,A,9230
20682,27484,2025-06-05,A,2382
20683,27487,2025-11-22,A,682
20684,27488,2025-08-13,A,2616
20685,27489,2025-04-11,A,1210
20686,27490,2026-05-05,A,3676
20687,27491,2025-06-04,A,6865
20688,27492,2026-01-09,B,11167
20689,27493,2025-04-29,A,6593
20690,27495,2025-04-17,B,2572
20691,27497,2025-08-31,A,2642
20692,27498,2025-05-08,A,2965
20693,27499,2026-02-05,A,6177
20694,27500,2025-04-24,A,2450
20695,27502,2025-10-15,A,4775
20696,27503,2026-01-03,A,4893
20697,27504,2026-01-10,A,2450
20698,27505,2025-09-28,C,838
20699,27506,2026-03-03,C,8981
20700,27507,2025-11-11,A,10720
20701,27508,2026-03-11,B,11121
20702,27509,2025-11-10,A,2594
20703,27510,2025-11-14,A,4449
20704,27511,2025-05-23,A,10656
20705,27512,2025-03-29,A,3285
20706,27513,2025-10-22,A,4778
20707,27517,2025-07-22,A,8980
20708,27518,2025-05-22,A,9802
20709,27519,2025-07-23,A,10117
20710,27521,2025-07-20,A,2203
20711,27522,2025-07-18,A,6077
20712,27523,2025-04-02,C,8611
20713,27524,2025-07-18,A,2667
20714,27525,2025-08-31,A,1062
20715,27528,2025-11-17,A,2310
20716,27530,2025-04-09,A,10325
20717,27531,2025-02-10,A,9899
20718,27532,2025-10-09,A,2432
20719,27533,2025-05-09,A,4617
20720,27534,2025-12-06,B,2202
20721,27536,2025-07-02,A,8887
20722,27538,2025-08-10,A,8586
20723,27539,2025-10-15,A,6523
20724,27541,2025-06-11,C,2059
20725,27542,2025-08-30,B,9252
20726,27543,2025-06-12,A,10749
20727,27544,2025-10-16,A,1288
20728,27545,2025-09-02,A,7819
20729,27546,2025-09-21,A,2476
20730,27547,2025-08-27,A,6812
20731,27548,2025-03-21,A,11011
20732,27549,2025-04-30,A,2643
20733,27550,2025-09-08,A,2060
20734,27552,2025-07-03,A,2205
20735,27553,2025-05-30,A,11771
20736,27554,2025-07-25,C,455
20737,27555,2025-08-15,A,9101
20738,27556,2025-03-23,C,6481
20739,27557,2026-03-28,A,2664
20740,27558,2025-08-02,C,9975
20741,27559,2026-04-19,A,8536
20742,27562,2025-11-12,A,2476
20743,27564,2025-09-03,C,11142
20744,27566,2025-05-15,A,4204
20745,27567,2025-07-19,A,2335
20746,27568,2025-10-23,C,10440
20747,27570,2025-11-09,C,8291
20748,27571,2025-04-20,C,11576
20749,27573,2026-02-18,A,11208
20750,27574,2026-03-09,A,4250
20751,27575,2025-09-25,A,2712
20752,27576,2025-05-21,A,2552
20753,27578,2025-11-25,A,8535
20754,27579,2025-11-23,C,11238
20755,27580,2025-06-18,A,10225
20756,27581,2025-09-08,C,2553
20757,27582,2025-05-02,A,2183
20758,27583,2025-11-23,B,2311
20759,27584,2025-10-26,A,2404
20760,27585,2025-11-26,A,2616
20761,27586,2025-12-07,A,2495
20762,27587,2025-04-13,A,4184
20763,27588,2025-10-15,A,3632
20764,27589,2025-07-22,A,9651
20765,27591,2025-03-23,A,6953
20766,27592,2025-09-18,A,3676
20767,27596,2026-01-29,A,9996
20768,27597,2025-09-19,A,6866
20769,27598,2025-03-19,A,4248
20770,27599,2025-06-27,A,11094
20771,27600,2026-02-14,A,2356
20772,27601,2025-06-28,C,11141
20773,27602,2025-07-21,A,838
20774,27603,2025-05-28,A,2182
20775,27604,2025-06-29,A,2338
20776,27605,2025-08-18,A,1549
20777,27606,2025-07-09,A,2665
20778,27607,2025-11-14,A,2494
20779,27609,2025-09-09,A,2405
20780,27610,2025-06-06,C,2884
20781,27611,2025-08-20,C,11095
20782,27612,2025-06-09,A,1814
20783,27614,2025-09-17,A,1813
20784,27616,2025-12-23,C,3861
20785,27618,2025-07-18,A,5186
20786,27620,2025-10-12,A,624
20787,27621,2025-10-19,A,2616
20788,27622,2025-04-10,C,2202
20789,27623,2025-05-15,B,2474
20790,27624,2025-12-11,A,2474
20791,27625,2025-05-17,A,11490
20792,27626,2025-05-16,A,2641
20793,27628,2025-07-12,A,2337
20794,27629,2025-11-26,A,2180
20795,27630,2025-11-12,A,2616
20796,27631,2025-10-05,A,7519
20797,27632,2025-11-22,C,1524
20798,27633,2026-01-08,C,6415
20799,27634,2026-01-07,A,7521
20800,27637,2025-12-28,A,2495
20801,27639,2025-06-19,A,4700
20802,27640,2025-08-15,B,2552
20803,27641,2025-06-27,A,2476
20804,27642,2025-09-04,C,2451
20805,27644,2025-12-05,A,9202
20806,27646,2025-06-21,B,2312
20807,27647,2025-06-22,A,3329
20808,27648,2025-03-03,A,1234
20809,27650,2025-09-15,C,11863
20810,27651,2026-01-29,C,7101
20811,27652,2025-09-22,A,602
20812,27653,2025-10-20,A,9177
20813,27654,2025-05-14,A,10028
20814,27655,2025-07-31,A,3883
20815,27656,2025-06-30,A,4566
20816,27658,2025-06-13,A,2383
20817,27659,2025-05-18,C,8934
20818,27660,2025-09-24,A,5542
20819,27661,2025-06-16,A,5609
20820,27662,2026-01-11,A,4133
20821,27664,2025-10-05,C,864
20822,27665,2025-08-01,A,2404
20823,27666,2025-08-20,A,8535
20824,27667,2025-12-04,A,9973
20825,27668,2025-07-03,A,6952
20826,27670,2025-06-16,A,2160
20827,27671,2025-07-13,A,8767
20828,27673,2025-06-05,A,2231
20829,27674,2026-01-27,A,4747
20830,27675,2025-08-06,A,9229
20831,27676,2025-10-15,A,3832
20832,27677,2025-06-02,A,2335
20833,27680,2025-06-23,A,4182
20834,27682,2025-12-06,C,9650
20835,27685,2025-09-15,A,11120
20836,27687,2025-12-10,A,2664
20837,27688,2025-06-26,A,5488
20838,27689,2025-12-31,A,4592
20839,27691,2025-11-17,A,4470
20840,27692,2025-06-22,A,2182
20841,27693,2025-10-30,B,624
20842,27697,2025-06-02,A,2433
20843,27699,2025-10-06,A,3728
20844,27700,2026-02-22,A,6570
20845,27701,2025-09-26,C,6076
20846,27702,2025-03-09,A,9253
20847,27703,2025-06-18,A,937
20848,27704,2025-08-13,A,2553
20849,27706,2025-10-22,A,11341
20850,27707,2025-08-24,A,2283
20851,27708,2026-01-18,A,5610
20852,27709,2025-05-03,A,8065
20853,27710,2025-09-02,A,682
20854,27713,2025-10-30,A,9801
20855,27714,2025-06-07,A,2338
20856,27715,2025-11-04,A,11011
20857,27716,2025-04-11,A,8146
20858,27717,2025-04-05,A,2431
20859,27718,2025-09-18,A,4723
20860,27720,2025-09-25,B,6098
20861,27721,2025-11-02,A,6100
20862,27722,2025-07-15,A,4919
20863,27724,2025-11-23,A,6153
20864,27725,2025-12-30,A,2183
20865,27726,2025-12-13,A,3580
20866,27727,2025-10-30,A,839
20867,27729,2026-01-03,A,7645
20868,27731,2025-06-21,A,2134
20869,27732,2025-05-26,A,11236
20870,27733,2025-10-27,A,2641
20871,27734,2026-02-12,A,2405
20872,27735,2026-01-15,A,5036
20873,27737,2025-08-06,C,2283
20874,27738,2026-01-15,B,3329
20875,27739,2025-12-17,A,2642
20876,27740,2025-08-08,C,4919
20877,27741,2025-07-22,A,3959
20878,27742,2026-03-24,C,9948
20879,27743,2025-06-16,A,4542
20880,27744,2025-07-01,A,2616
20881,27745,2025-07-18,A,6462
20882,27746,2025-05-05,C,2433
20883,27747,2025-06-02,A,1570
20884,27749,2025-06-05,A,8172
20885,27750,2026-01-27,A,2551
20886,27751,2025-04-28,B,1862
20887,27752,2025-08-21,A,2665
20888,27753,2025-09-29,C,11236
20889,27754,2025-05-23,B,9530
20890,27756,2025-07-11,C,11291
20891,27757,2025-08-22,C,6717
20892,27758,2025-06-10,C,8806
20893,27759,2025-05-26,A,2356
20894,27763,2025-04-04,A,2230
20895,27764,2025-09-11,A,9278
20896,27765,2025-06-25,C,2572
20897,27766,2025-08-09,A,6436
20898,27767,2026-03-27,A,10047
20899,27768,2025-10-30,A,2495
20900,27769,2025-10-24,A,3359
20901,27772,2026-01-16,C,10920
20902,27773,2025-06-03,A,8483
20903,27774,2025-08-08,A,7217
20904,27775,2026-01-17,A,5444
20905,27776,2025-09-15,A,6227
20906,27777,2025-03-11,A,2473
20907,27778,2025-06-11,C,2160
20908,27779,2025-08-28,C,622
20909,27780,2025-06-04,A,10025
20910,27781,2025-11-24,A,9760
20911,27783,2025-06-16,A,2857
20912,27785,2025-06-21,C,9711
20913,27786,2025-06-05,A,2664
20914,27787,2025-09-18,C,7573
20915,27789,2025-10-09,A,1834
20916,27791,2026-03-26,A,6667
20917,27792,2025-06-07,A,10560
20918,27793,2025-07-29,C,2283
20919,27794,2025-06-10,A,8320
20920,27795,2025-08-08,A,3959
20921,27796,2025-04-29,A,8222
20922,27799,2025-12-26,A,9317
20923,27800,2025-05-02,A,2230
20924,27801,2025-11-11,C,2595
20925,27802,2025-11-28,A,1287
20926,27804,2025-06-14,C,8246
20927,27806,2025-10-27,A,8173
20928,27807,2025-10-06,A,10415
20929,27808,2025-04-02,A,11554
20930,27809,2025-07-22,A,2571
20931,27810,2025-05-28,A,4329
20932,27812,2025-09-02,B,8220
20933,27814,2025-09-06,A,4449
20934,27818,2025-05-30,A,2404
20935,27819,2025-03-12,A,4523
20936,27821,2025-06-23,A,6249
20937,27822,2025-11-23,A,384
20938,27823,2025-08-22,A,1524
20939,27827,2025-11-28,A,6413
20940,27828,2025-04-05,A,6912
20941,27829,2025-08-28,C,8535
20942,27830,2026-01-28,A,1288
20943,27831,2025-12-10,A,6755
20944,27832,2025-07-30,A,2475
20945,27833,2026-04-11,A,5328
20946,27834,2025-09-22,C,7842
20947,27836,2025-04-17,A,3097
20948,27838,2025-05-24,B,1916
20949,27840,2025-05-23,A,9736
20950,27841,2025-06-06,C,7644
20951,27842,2025-08-12,A,2312
20952,27845,2025-10-11,A,5851
20953,27846,2026-03-02,C,9278
20954,27847,2026-02-03,A,2357
20955,27848,2025-09-01,C,2385
20956,27850,2025-12-21,A,10751
20957,27851,2025-05-02,A,6384
20958,27852,2025-05-31,A,9692
20959,27853,2025-12-08,A,9252
20960,27855,2025-08-15,A,4722
20961,27856,2026-05-08,A,4871
20962,27857,2025-07-19,A,7492
20963,27860,2025-10-31,A,2833
20964,27861,2025-10-30,A,8789
20965,27863,2025-11-30,A,741
20966,27864,2026-01-23,A,9924
20967,27865,2025-10-20,A,8909
20968,27866,2025-10-14,A,6716
20969,27867,2025-06-14,A,2160
20970,27868,2025-09-18,A,10987
20971,27869,2025-05-29,A,2337
20972,27871,2026-04-10,C,8960
20973,27872,2025-06-29,A,2572
20974,27873,2025-09-04,A,11451
20975,27875,2025-11-04,A,431
20976,27876,2025-06-06,A,684
20977,27877,2025-10-08,A,8835
20978,27878,2025-04-25,A,6298
20979,27879,2026-03-14,A,6782
20980,27881,2025-05-24,C,3493
20981,27882,2026-01-31,A,2522
20982,27883,2025-06-15,C,8659
20983,27884,2025-11-10,C,8196
20984,27885,2025-11-25,A,2406
20985,27887,2026-02-17,A,5517
20986,27888,2025-11-22,A,4275
20987,27889,2025-11-01,A,10720
20988,27890,2025-12-11,A,11268
20989,27891,2025-08-29,A,5763
20990,27892,2025-09-23,A,4112
20991,27893,2025-07-07,A,430
20992,27894,2025-07-04,C,9031
20993,27896,2026-04-10,A,1689
20994,27897,2025-08-03,A,5488
20995,27898,2025-10-15,A,1525
20996,27900,2025-05-10,A,9782
20997,27902,2025-10-15,A,2336
20998,27904,2025-04-17,A,10118
20999,27905,2025-06-25,A,4671
21000,27907,2025-07-20,A,5101
21001,27909,2025-07-19,C,2432
21002,27910,2025-05-03,A,2181
21003,27911,2025-07-25,A,2664
21004,27912,2025-12-19,A,10395
21005,27913,2026-01-20,A,3675
21006,27915,2025-07-29,A,9651
21007,27916,2025-04-08,C,2202
21008,27917,2025-11-03,A,5953
21009,27919,2025-06-01,A,10374
21010,27920,2025-08-18,A,2203
21011,27921,2025-11-03,C,2474
21012,27922,2025-07-15,A,10225
21013,27923,2026-01-14,A,2594
21014,27924,2025-12-09,A,11011
21015,27925,2025-10-26,A,453
21016,27926,2025-08-12,A,8435
21017,27928,2025-05-11,A,4821
21018,27930,2026-04-29,A,10091
21019,27931,2025-08-13,A,5281
21020,27936,2026-03-06,A,6483
21021,27937,2025-11-23,A,9670
21022,27939,2025-10-08,A,11094
21023,27940,2025-09-28,B,6461
21024,27941,2026-03-14,A,1816
21025,27943,2026-02-10,B,790
21026,27944,2025-09-17,A,2553
21027,27945,2025-04-27,A,5516
21028,27946,2026-03-07,B,8788
21029,27947,2025-05-01,A,8146
21030,27948,2025-09-20,A,9781
21031,27951,2025-05-24,A,2688
21032,27952,2025-12-13,A,8483
21033,27955,2025-05-29,A,2160
21034,27956,2025-05-25,A,11039
21035,27957,2025-03-11,B,10302
21036,27958,2025-10-13,B,10089
21037,27959,2025-07-28,A,2432
21038,27960,2025-12-21,A,6812
21039,27961,2025-09-30,A,2383
21040,27962,2025-07-23,C,1524
21041,27963,2025-04-01,A,938
21042,27964,2025-06-05,A,6201
21043,27966,2025-10-13,A,4648
21044,27969,2026-03-08,B,9650
21045,27970,2025-11-25,A,2594
21046,27971,2026-01-27,C,3538
21047,27972,2025-10-20,A,8436
21048,27974,2025-12-18,A,9577
21049,27975,2025-06-13,A,4375
21050,27976,2026-04-21,A,11268
21051,27977,2025-04-11,A,8806
21052,27978,2025-12-30,A,5586
21053,27981,2025-08-04,A,2336
21054,27982,2025-09-15,A,11120
21055,27983,2025-07-25,A,4941
21056,27984,2026-01-25,A,2473
21057,27985,2025-11-23,A,2283
21058,27986,2025-12-03,C,2572
21059,27987,2026-01-13,C,5328
21060,27988,2026-01-28,A,5146
21061,27989,2025-06-01,A,2450
21062,27991,2025-11-30,A,9736
21063,27994,2025-10-20,A,5402
21064,27995,2025-11-06,A,5079
21065,27997,2025-07-12,A,10439
21066,27999,2025-08-06,A,2643
21067,28000,2025-11-06,A,5422
21068,28001,2025-11-26,A,4424
21069,28003,2025-10-31,A,4892
21070,28004,2025-10-19,C,454
21071,28006,2025-09-17,C,2230
21072,28008,2025-10-15,A,1063
21073,28009,2025-07-17,A,6912
21074,28010,2025-08-30,A,8223
21075,28011,2025-10-24,A,6343
21076,28012,2025-06-26,A,2204
21077,28014,2025-07-12,A,9006
21078,28015,2025-07-16,C,2406
21079,28016,2025-07-02,C,6754
21080,28017,2025-05-28,A,2616
21081,28018,2025-10-22,A,5036
21082,28019,2025-09-08,C,6009
21083,28020,2025-12-06,A,2791
21084,28021,2025-06-07,A,11697
21085,28023,2025-04-01,A,6716
21086,28025,2025-03-02,A,10394
21087,28027,2025-08-16,A,4801
21088,28029,2025-06-22,C,2552
21089,28031,2025-07-30,A,11717
21090,28033,2025-04-23,B,2450
21091,28034,2026-01-07,A,11534
21092,28035,2025-04-10,A,10636
21093,28036,2025-11-01,A,1211
21094,28037,2025-07-10,A,9202
21095,28038,2025-04-18,C,5281
21096,28039,2025-06-18,A,10440
21097,28040,2025-10-31,A,10896
21098,28041,2025-02-17,C,7721
21099,28043,2025-11-26,A,2105
21100,28044,2025-08-02,C,10302
21101,28046,2025-05-11,B,3915
21102,28047,2026-03-25,A,10655
21103,28048,2025-03-03,A,8119
21104,28051,2025-04-03,A,5146
21105,28052,2025-09-25,A,2135
21106,28053,2025-03-21,A,10971
21107,28054,2025-05-07,C,4918
21108,28055,2025-06-17,B,5585
21109,28056,2025-10-20,A,2310
21110,28057,2025-06-22,A,9129
21111,28058,2025-06-01,A,2523
21112,28059,2025-04-16,A,502
21113,28060,2025-04-11,A,2160
21114,28061,2025-05-16,A,9178
21115,28062,2025-12-30,A,3538
21116,28064,2025-10-16,A,2205
21117,28065,2026-01-17,A,2259
21118,28066,2026-02-23,B,1481
21119,28067,2025-04-18,A,8455
21120,28068,2025-03-15,A,3654
21121,28069,2025-09-21,A,10046
21122,28070,2025-05-21,A,1234
21123,28072,2025-10-14,A,9078
21124,28073,2026-02-13,C,3360
21125,28075,2025-11-04,C,2571
21126,28077,2025-08-12,C,6929
21127,28079,2025-12-03,A,5489
21128,28080,2025-08-23,A,6480
21129,28081,2025-08-12,C,10133
21130,28083,2025-06-17,A,5225
21131,28085,2025-06-28,A,11910
21132,28087,2025-08-22,C,2551
21133,28088,2025-08-06,A,11012
21134,28089,2025-09-22,C,6812
21135,28091,2025-04-09,C,8536
21136,28094,2025-03-10,A,11576
21137,28095,2025-07-05,A,7341
21138,28096,2025-06-11,A,1399
21139,28097,2025-12-20,B,1141
21140,28098,2026-01-01,A,5803
21141,28099,2026-01-05,A,2356
21142,28100,2025-05-04,A,9759
21143,28101,2025-07-27,A,501
21144,28102,2025-03-16,A,6437
21145,28103,2025-04-05,A,1983
21146,28107,2025-06-12,A,6100
21147,28108,2025-07-20,A,9032
21148,28110,2025-09-05,A,9779
21149,28112,2025-12-26,A,9078
21150,28113,2025-12-31,A,2384
21151,28115,2025-05-23,A,8435
21152,28116,2025-07-27,A,10458
21153,28117,2025-05-25,A,2523
21154,28118,2025-08-13,A,6324
21155,28119,2025-02-19,A,6032
21156,28120,2025-05-25,A,2433
21157,28121,2025-03-11,A,2643
21158,28122,2025-05-05,A,10584
21159,28125,2025-08-21,C,791
21160,28126,2026-03-04,A,5402
21161,28127,2025-11-02,A,2571
21162,28128,2025-12-10,A,3810
21163,28129,2025-06-18,A,10177
21164,28132,2025-09-26,B,2004
21165,28133,2025-03-31,A,2180
21166,28134,2025-08-26,A,1983
21167,28135,2026-01-19,A,9737
21168,28136,2025-12-21,B,2205
21169,28137,2025-02-26,A,4275
21170,28138,2025-12-16,A,5102
21171,28139,2025-12-15,A,9155
21172,28140,2025-10-26,A,10988
21173,28142,2025-12-18,B,7546
21174,28143,2025-07-22,A,9628
21175,28144,2025-12-20,A,10090
21176,28146,2025-06-18,A,2475
21177,28147,2025-04-10,A,9101
21178,28148,2025-10-12,A,6324
21179,28149,2025-04-19,C,9337
21180,28150,2025-05-23,A,5444
21181,28151,2025-12-31,A,11012
21182,28152,2025-11-30,A,6836
21183,28153,2025-09-26,A,5587
21184,28154,2025-04-22,A,1038
21185,28156,2025-07-16,A,2385
21186,28157,2025-11-01,A,7437
21187,28158,2025-07-23,B,5036
21188,28159,2025-08-11,C,3491
21189,28160,2025-07-24,A,6689
21190,28161,2025-04-15,C,10027
21191,28162,2026-02-08,C,5145
21192,28163,2025-10-28,A,2203
21193,28164,2025-10-22,A,7410
21194,28168,2025-09-12,A,5443
21195,28169,2025-09-07,A,2432
21196,28172,2025-03-29,A,2523
21197,28173,2025-10-14,A,10441
21198,28174,2025-04-25,A,2204
21199,28175,2026-02-04,A,8119
21200,28177,2025-09-04,A,9202
21201,28178,2025-05-24,C,9251
21202,28179,2025-07-18,A,2357
21203,28180,2025-09-18,A,811
21204,28185,2025-10-28,A,1261
21205,28188,2025-07-13,A,9202
21206,28189,2025-06-03,A,2231
21207,28192,2025-08-01,A,2230
21208,28193,2025-08-08,A,2282
21209,28194,2026-03-04,A,9823
21210,28195,2026-03-13,A,8248
21211,28196,2025-09-15,C,2406
21212,28197,2025-12-29,A,3785
21213,28199,2025-12-14,A,2182
21214,28200,2025-12-28,A,5147
21215,28201,2025-09-02,C,9876
21216,28202,2025-09-17,A,2433
21217,28204,2025-08-13,A,2616
21218,28205,2026-01-21,A,9078
21219,28208,2026-01-11,B,2451
21220,28209,2025-06-07,A,9411
21221,28211,2025-09-13,A,2523
21222,28212,2025-05-30,B,3937
21223,28213,2026-01-08,A,3466
21224,28214,2026-04-15,B,8290
21225,28215,2025-05-27,A,2385
21226,28216,2025-12-29,C,1140
21227,28217,2025-09-01,A,5689
21228,28218,2025-10-07,A,11512
21229,28219,2026-02-15,A,5608
21230,28220,2026-01-25,B,4994
21231,28221,2025-06-14,A,5516
21232,28222,2025-06-01,A,4133
21233,28223,2026-05-05,A,4450
21234,28224,2025-07-16,A,2523
21235,28225,2025-04-16,A,2553
21236,28226,2025-06-11,A,7645
21237,28227,2025-09-05,A,6437
21238,28228,2026-02-03,C,2405
21239,28230,2025-07-28,A,9690
21240,28231,2025-09-22,A,5124
21241,28232,2025-12-02,A,10117
21242,28233,2025-09-30,A,9253
21243,28234,2025-09-26,C,4449
21244,28235,2025-08-01,C,5330
21245,28237,2026-02-26,A,4330
21246,28238,2025-10-09,A,5015
21247,28240,2026-02-16,A,4303
21248,28241,2026-02-06,B,2450
21249,28244,2025-10-06,A,7520
21250,28245,2025-09-13,C,11186
21251,28246,2025-07-16,A,2857
21252,28247,2025-08-17,A,602
21253,28248,2025-05-19,A,2432
21254,28249,2025-08-10,A,1233
21255,28250,2025-05-25,A,2282
21256,28251,2025-12-09,C,5543
21257,28253,2025-09-10,A,8292
21258,28254,2025-12-08,A,2665
21259,28255,2025-06-05,A,5122
21260,28256,2025-05-15,A,1715
21261,28257,2025-07-28,A,1941
21262,28262,2025-11-25,A,10719
21263,28263,2025-05-04,A,2159
21264,28265,2025-12-30,C,10946
21265,28266,2026-01-19,A,2335
21266,28267,2025-09-20,A,10028
21267,28269,2025-07-24,C,2310
21268,28270,2025-07-31,A,11553
21269,28271,2025-11-12,B,8863
21270,28273,2025-02-21,A,1570
21271,28275,2025-12-09,A,790
21272,28276,2025-11-26,B,1740
21273,28278,2025-10-21,C,11606
21274,28279,2025-09-11,C,6570
21275,28281,2025-07-05,A,2231
21276,28283,2025-09-26,A,8414
21277,28284,2026-01-27,A,1089
21278,28286,2026-01-17,C,8809
21279,28288,2025-08-27,A,10353
21280,28291,2026-02-12,A,5443
21281,28293,2025-05-10,A,6414
21282,28294,2025-09-05,A,4469
21283,28295,2025-09-23,A,2282
21284,28297,2025-10-21,B,3812
21285,28298,2025-05-08,A,940
21286,28299,2025-07-31,A,4822
21287,28301,2025-05-15,C,7820
21288,28304,2025-06-21,B,7546
21289,28305,2025-05-10,C,11471
21290,28309,2026-01-07,A,8292
21291,28310,2025-08-09,A,1962
21292,28311,2026-03-22,A,10585
21293,28313,2025-11-22,A,6810
21294,28314,2025-06-25,A,2552
21295,28315,2025-09-26,A,11119
21296,28316,2025-05-21,B,1160
21297,28317,2025-08-26,A,2335
21298,28319,2025-03-13,A,2885
21299,28320,2025-11-05,A,6810
21300,28321,2026-01-15,B,2473
21301,28322,2025-07-12,A,2310
21302,28323,2025-09-03,A,5692
21303,28324,2025-11-02,A,2356
21304,28325,2025-11-02,A,4354
21305,28326,2026-04-08,A,2356
21306,28328,2026-01-18,A,9692
21307,28330,2025-09-06,A,8457
21308,28331,2025-06-02,A,6735
21309,28332,2025-05-21,C,11647
21310,28334,2025-11-30,A,5516
21311,28335,2026-03-15,A,7792
21312,28336,2025-05-21,A,7666
21313,28337,2025-10-28,A,9669
21314,28338,2025-12-18,A,10440
21315,28339,2025-08-01,A,2338
21316,28340,2025-05-18,A,9973
21317,28342,2025-02-13,A,2476
21318,28343,2025-07-21,A,5443
21319,28344,2025-06-22,A,5104
21320,28345,2025-05-25,A,5636
21321,28346,2025-11-08,A,9824
21322,28348,2025-11-16,A,11238
21323,28349,2026-01-09,A,6275
21324,28350,2026-01-13,A,11386
21325,28351,2025-10-25,C,2061
21326,28353,2025-08-16,B,8270
21327,28354,2025-07-31,A,9057
21328,28355,2025-10-29,A,9996
21329,28358,2025-09-26,C,8485
21330,28360,2025-12-14,A,2552
21331,28361,2025-03-17,A,6810
21332,28362,2025-10-03,A,406
21333,28363,2025-06-07,C,7316
21334,28364,2025-08-31,C,11535
21335,28365,2025-06-28,C,8658
21336,28366,2025-08-21,C,8768
21337,28368,2025-04-06,A,11672
21338,28369,2025-08-28,A,9974
21339,28370,2025-10-04,A,8633
21340,28371,2025-04-05,C,2475
21341,28372,2025-07-13,A,2283
21342,28373,2026-01-12,A,11451
21343,28374,2026-02-14,A,10202
21344,28375,2025-10-08,A,5489
21345,28379,2026-01-04,B,2522
21346,28380,2025-09-24,A,1982
21347,28382,2025-08-27,A,11910
21348,28383,2025-02-02,A,2615
21349,28384,2025-12-24,C,4567
21350,28385,2025-08-12,A,7844
21351,28386,2025-10-25,A,6101
21352,28387,2025-05-21,C,9056
21353,28388,2025-11-26,A,9007
21354,28389,2025-09-27,A,2553
21355,28390,2025-11-09,C,2338
21356,28393,2026-03-07,A,6177
21357,28394,2025-11-16,A,9154
21358,28395,2025-05-15,A,9692
21359,28398,2025-08-10,A,4496
21360,28399,2025-12-11,A,6276
21361,28401,2025-05-30,A,7864
21362,28402,2025-04-23,A,11387
21363,28403,2025-06-28,A,6716
21364,28404,2025-09-02,A,2335
21365,28407,2025-03-06,B,2522
21366,28408,2025-07-16,A,2230
21367,28409,2025-09-30,A,9250
21368,28411,2025-07-17,C,3989
21369,28412,2026-02-10,A,384
21370,28413,2025-03-16,A,9079
21371,28414,2025-08-18,A,8195
21372,28416,2026-04-07,A,10988
21373,28418,2025-07-23,A,2357
21374,28419,2025-06-27,C,6867
21375,28420,2025-04-06,A,5956
21376,28421,2025-06-21,A,2792
21377,28422,2025-12-26,A,6691
21378,28424,2025-05-29,A,5692
21379,28425,2026-02-18,A,3187
21380,28427,2025-04-07,A,9482
21381,28428,2025-07-19,C,9847
21382,28429,2025-12-06,A,2885
21383,28431,2025-11-17,A,10353
21384,28432,2025-07-06,A,3676
21385,28433,2025-10-19,A,9130
21386,28435,2025-03-29,A,2551
21387,28437,2025-06-16,A,9901
21388,28438,2025-06-09,A,9057
21389,28439,2025-10-27,A,6382
21390,28440,2025-08-27,A,2311
21391,28441,2026-04-02,A,2641
21392,28442,2025-09-17,A,4918
21393,28443,2025-11-25,A,2665
21394,28444,2026-04-19,A,1182
21395,28445,2025-09-06,A,5489
21396,28446,2025-07-20,B,2310
21397,28447,2026-01-29,A,2181
21398,28448,2026-03-27,A,5164
21399,28449,2025-07-25,A,10561
21400,28452,2025-08-26,A,2665
21401,28453,2025-04-06,A,10204
21402,28454,2025-05-17,C,9691
21403,28455,2025-06-25,A,2615
21404,28456,2025-11-15,A,9900
21405,28457,2025-08-27,B,2666
21406,28458,2025-06-29,A,1442
21407,28460,2026-01-12,A,6078
21408,28461,2025-12-13,C,11604
21409,28463,2025-06-09,A,8511
21410,28469,2025-04-14,A,2181
21411,28471,2025-04-20,A,1288
21412,28472,2025-04-09,A,1482
21413,28476,2025-08-03,A,6342
21414,28478,2025-11-28,A,1399
21415,28479,2025-09-08,A,1421
21416,28480,2025-12-19,A,8042
21417,28481,2025-10-09,C,2476
21418,28482,2025-04-19,A,2258
21419,28483,2025-08-14,A,2571
21420,28484,2025-10-19,A,2383
21421,28485,2025-11-17,A,2641
21422,28486,2025-05-03,A,2202
21423,28488,2025-06-03,C,6275
21424,28489,2026-02-22,A,2182
21425,28490,2025-11-21,A,10852
21426,28491,2025-12-25,A,7791
21427,28492,2025-08-28,A,2182
21428,28493,2025-07-03,A,2642
21429,28494,2025-06-03,A,4183
21430,28495,2025-11-12,A,2474
21431,28496,2025-08-13,A,11187
21432,28498,2025-08-08,B,11553
21433,28499,2025-10-10,A,8016
21434,28501,2025-11-22,A,10989
21435,28502,2025-07-27,C,10720
21436,28504,2025-11-04,A,1443
21437,28506,2025-09-30,C,2382
21438,28507,2026-03-29,A,6524
21439,28510,2025-05-12,A,7646
21440,28512,2025-06-01,A,889
21441,28513,2025-07-14,A,6811
21442,28514,2025-11-10,A,838
21443,28515,2025-07-10,A,9154
21444,28516,2025-08-01,A,5586
21445,28517,2025-06-20,C,9669
21446,28518,2025-07-12,C,3492
21447,28519,2025-05-19,A,11490
21448,28520,2026-03-23,A,3241
21449,28521,2025-07-26,A,4228
21450,28524,2026-04-18,A,2791
21451,28526,2025-12-19,C,11290
21452,28528,2026-02-07,B,8482
21453,28529,2025-12-22,A,8509
21454,28530,2025-10-22,A,6782
21455,28532,2025-08-06,A,2383
21456,28533,2025-06-02,A,711
21457,28534,2025-04-14,A,2667
21458,28536,2025-04-12,A,2552
21459,28537,2026-04-16,A,10535
21460,28538,2025-06-02,A,863
21461,28540,2026-02-13,C,10304
21462,28541,2025-08-29,A,2664
21463,28543,2025-06-23,B,10251
21464,28544,2025-12-01,A,6127
21465,28545,2025-04-25,A,554
21466,28546,2025-03-18,A,9250
21467,28548,2025-08-08,A,8119
21468,28549,2025-03-19,A,11366
21469,28550,2025-10-18,C,7218
21470,28551,2025-11-17,A,7602
21471,28552,2025-05-14,A,6953
21472,28554,2025-08-23,A,1609
21473,28555,2025-03-05,A,2643
21474,28556,2025-05-23,A,2643
21475,28557,2025-06-15,A,3010
21476,28558,2025-12-20,A,453
21477,28559,2025-07-01,C,1740
21478,28560,2025-12-09,A,3284
21479,28561,2025-08-02,A,2205
21480,28562,2025-07-04,A,2451
21481,28563,2025-09-16,A,3140
21482,28564,2025-06-16,C,10612
21483,28565,2025-06-29,A,1399
21484,28566,2025-06-25,A,7217
21485,28567,2025-10-18,A,2494
21486,28569,2025-06-16,C,4943
21487,28570,2026-02-23,C,9154
21488,28571,2025-11-09,A,2666
21489,28572,2025-11-15,A,9802
21490,28574,2025-06-05,A,7622
21491,28575,2025-05-14,A,2666
21492,28576,2026-03-22,C,2356
21493,28577,2025-05-31,B,4494
21494,28578,2025-12-13,A,2183
21495,28581,2025-08-27,B,4353
21496,28582,2025-06-02,A,5423
21497,28583,2025-08-20,C,6690
21498,28584,2025-07-27,A,838
21499,28585,2025-06-03,A,5374
21500,28587,2025-04-30,A,6812
21501,28588,2025-04-25,C,2385
21502,28589,2026-02-07,A,5035
21503,28590,2025-07-03,A,2181
21504,28591,2025-09-17,A,5586
21505,28592,2025-07-06,A,2450
21506,28593,2026-01-01,A,10945
21507,28594,2025-10-09,B,2405
21508,28595,2025-04-05,A,1461
21509,28596,2025-02-08,A,2964
21510,28597,2026-01-07,A,1090
21511,28598,2025-03-18,C,11039
21512,28599,2025-09-08,A,6929
21513,28601,2025-03-23,A,1740
21514,28603,2025-10-24,A,7790
21515,28604,2025-12-03,A,406
21516,28605,2025-01-23,A,1763
21517,28606,2025-11-03,A,3419
21518,28607,2025-07-01,A,4248
21519,28610,2026-01-20,A,10851
21520,28611,2025-06-10,A,5982
21521,28612,2025-11-22,A,2406
21522,28613,2025-11-13,A,2335
21523,28614,2025-08-06,A,3116
21524,28615,2025-08-04,A,2337
21525,28616,2025-08-02,A,5209
21526,28617,2025-10-21,A,5565
21527,28618,2025-04-06,C,8863
21528,28619,2025-10-27,A,5164
21529,28620,2026-04-01,A,3936
21530,28622,2025-05-18,A,2495
21531,28623,2025-11-24,A,2258
21532,28625,2025-06-08,A,9974
21533,28626,2025-06-17,C,2230
21534,28627,2025-08-18,A,5122
21535,28628,2026-02-04,A,6342
21536,28630,2026-01-08,A,2335
21537,28631,2025-11-01,C,524
21538,28632,2025-09-28,A,6812
21539,28633,2025-08-05,A,2405
21540,28634,2025-12-07,A,2357
21541,28636,2025-07-28,A,2739
21542,28637,2025-11-18,C,6952
21543,28638,2025-05-18,C,7264
21544,28639,2025-12-06,A,2616
21545,28640,2026-03-26,C,2522
21546,28641,2025-05-13,A,4399
21547,28642,2025-08-07,A,11365
21548,28643,2025-10-27,A,2385
21549,28646,2025-07-04,A,1691
21550,28647,2026-03-15,A,5377
21551,28650,2026-02-05,A,3704
21552,28651,2025-12-29,C,2522
21553,28652,2025-12-05,C,1548
21554,28654,2025-10-20,A,9950
21555,28656,2025-11-04,A,11451
21556,28657,2025-06-23,A,8957
21557,28658,2025-10-28,A,2433
21558,28659,2025-09-20,A,8633
21559,28660,2025-03-23,A,7646
21560,28661,2026-01-28,A,2230
21561,28662,2025-10-17,A,1786
21562,28663,2026-02-03,A,8195
21563,28664,2025-09-28,C,6297
21564,28665,2026-03-10,A,11068
21565,28666,2025-07-23,A,10562
21566,28667,2025-06-07,A,2335
21567,28668,2025-05-04,A,2180
21568,28670,2025-10-19,C,2356
21569,28671,2025-10-07,B,6481
21570,28676,2025-07-26,C,2475
21571,28677,2025-07-11,A,7863
21572,28678,2025-11-26,A,2405
21573,28679,2025-07-29,A,3809
21574,28681,2026-03-05,A,1983
21575,28682,2025-05-11,A,9823
21576,28683,2026-01-12,A,11238
21577,28684,2025-10-23,A,3785
21578,28685,2026-03-27,C,10027
21579,28687,2026-01-26,C,2183
21580,28688,2025-07-26,A,2666
21581,28689,2025-08-06,A,2337
21582,28690,2025-09-18,C,11911
21583,28691,2026-01-17,A,840
21584,28694,2025-07-07,A,9846
21585,28695,2025-06-15,B,5896
21586,28696,2025-05-02,A,1763
21587,28697,2025-05-27,A,1484
21588,28698,2025-06-15,A,2595
21589,28700,2025-11-17,A,10585
21590,28701,2025-10-20,A,11941
21591,28702,2025-09-06,A,2259
21592,28703,2025-06-18,B,6716
21593,28705,2025-08-10,A,6951
21594,28707,2025-10-21,C,8766
21595,28708,2025-11-10,A,2496
21596,28709,2025-07-16,A,915
21597,28710,2025-12-16,C,1062
21598,28711,2026-02-17,A,7366
21599,28712,2025-10-07,A,526
21600,28713,2025-11-10,B,7666
21601,28715,2025-12-11,C,8248
21602,28716,2025-08-31,A,10459
21603,28718,2025-12-10,A,10394
21604,28720,2025-07-12,A,2284
21605,28721,2026-01-15,A,6811
21606,28722,2025-05-24,A,3704
21607,28724,2025-05-30,A,7410
21608,28725,2025-04-24,A,2475
21609,28727,2025-08-05,C,2643
21610,28729,2025-05-20,C,4038
21611,28730,2025-06-05,A,5662
21612,28731,2026-03-31,A,11094
21613,28733,2026-01-30,A,3510
21614,28734,2025-10-30,A,3915
21615,28735,2025-04-19,C,10305
21616,28739,2026-05-01,A,2080
21617,28741,2026-02-12,C,6125
21618,28742,2025-10-21,B,3070
21619,28743,2025-07-20,A,9709
21620,28744,2025-05-01,A,3537
21621,28745,2025-06-28,A,5610
21622,28746,2025-10-11,A,2474
21623,28747,2025-08-23,A,768
21624,28748,2025-08-24,B,8457
21625,28749,2025-05-30,A,8457
21626,28751,2025-10-25,A,10249
21627,28752,2025-08-16,C,6735
21628,28753,2025-11-06,A,1609
21629,28755,2025-04-13,A,7315
21630,28756,2025-09-06,C,1761
21631,28758,2025-04-17,C,2182
21632,28759,2025-06-18,A,1888
21633,28760,2025-11-02,A,11166
21634,28762,2026-04-15,C,10611
21635,28763,2025-06-06,C,9030
21636,28764,2025-05-16,A,5016
21637,28765,2026-05-16,A,2205
21638,28767,2025-05-10,A,4275
21639,28768,2025-12-10,A,2182
21640,28770,2026-02-21,A,3675
21641,28771,2025-05-27,A,2595
21642,28772,2026-01-23,A,7238
21643,28774,2025-05-13,A,2553
21644,28777,2025-10-20,A,2406
21645,28779,2025-03-27,A,1014
21646,28782,2025-06-11,A,1524
21647,28784,2025-04-26,A,1942
21648,28786,2025-03-19,B,2664
21649,28787,2026-01-18,B,5803
21650,28788,2025-08-27,B,2357
21651,28790,2025-06-12,A,5565
21652,28791,2025-09-12,A,6809
21653,28793,2025-06-07,A,8706
21654,28794,2025-05-21,A,10458
21655,28795,2025-05-20,A,6482
21656,28797,2025-05-01,C,6595
21657,28798,2026-02-01,A,4566
21658,28800,2025-05-20,A,8246
21659,28802,2025-05-05,C,10394
21660,28803,2025-03-08,A,9803
21661,28809,2025-04-19,A,7844
21662,28811,2025-03-13,A,11186
21663,28813,2025-10-29,A,9824
21664,28814,2026-01-30,C,1632
21665,28815,2025-12-01,C,891
21666,28816,2026-02-16,A,2312
21667,28817,2025-09-29,A,864
21668,28818,2025-12-15,A,6913
21669,28819,2026-02-12,A,10611
21670,28820,2025-11-06,A,1355
21671,28823,2025-02-27,A,6363
21672,28824,2025-09-02,A,8980
21673,28825,2025-09-06,C,3010
21674,28826,2025-12-12,A,4801
21675,28827,2025-08-13,A,1481
21676,28829,2026-01-25,C,2474
21677,28830,2025-07-05,B,2383
21678,28831,2025-05-05,A,3535
21679,28832,2025-08-08,A,2552
21680,28833,2025-12-23,A,2335
21681,28834,2025-05-22,C,2475
21682,28835,2025-10-20,A,2552
21683,28836,2025-10-26,A,6835
21684,28839,2025-11-05,C,2451
21685,28841,2025-10-20,A,11424
21686,28842,2025-12-10,B,8511
21687,28844,2025-07-11,A,11095
21688,28845,2025-10-29,A,8196
21689,28846,2025-06-11,A,2357
21690,28848,2026-03-21,C,1569
21691,28849,2025-06-21,A,2384
21692,28850,2025-11-15,C,3703
21693,28852,2025-06-01,A,666
21694,28853,2025-05-05,A,2667
21695,28854,2025-10-06,A,8269
21696,28857,2025-08-08,A,2231
21697,28859,2026-01-27,A,6415
21698,28860,2025-12-08,A,11319
21699,28861,2026-01-13,C,8221
21700,28862,2026-01-17,C,2431
21701,28863,2026-04-09,A,2004
21702,28864,2026-02-25,A,10416
21703,28865,2025-09-15,A,7029
21704,28866,2025-11-01,A,6152
21705,28867,2025-07-28,B,11070
21706,28868,2025-07-12,A,408
21707,28869,2025-05-03,A,5226
21708,28870,2025-05-30,A,2384
21709,28871,2026-01-06,A,11120
21710,28872,2025-11-30,C,8809
21711,28873,2025-05-08,A,2160
21712,28874,2025-09-29,C,840
21713,28875,2026-01-13,A,8884
21714,28877,2025-08-27,C,2571
21715,28879,2025-03-03,A,2908
21716,28880,2025-11-11,A,8979
21717,28881,2025-08-02,B,2475
21718,28882,2025-10-28,C,2616
21719,28883,2026-03-23,A,2594
21720,28884,2025-04-24,C,11289
21721,28885,2025-08-05,C,8414
21722,28886,2025-10-04,C,2433
21723,28887,2025-08-12,A,2230
21724,28888,2025-07-30,A,2496
21725,28889,2025-05-30,C,8320
21726,28890,2025-06-27,A,9690
21727,28891,2025-10-11,A,2641
21728,28893,2025-05-31,A,4160
21729,28895,2025-04-15,A,6482
21730,28896,2025-09-30,A,10028
21731,28897,2025-07-22,A,11188
21732,28898,2025-11-03,A,3536
21733,28899,2025-07-01,C,2385
21734,28900,2026-01-04,A,2451
21735,28901,2025-07-09,C,2643
21736,28902,2026-05-02,C,4919
21737,28903,2025-08-28,A,1689
21738,28904,2025-08-09,B,2405
21739,28905,2025-06-09,A,9485
21740,28906,2026-02-11,A,2312
21741,28908,2025-07-25,A,4182
21742,28909,2025-06-16,A,2182
21743,28910,2025-05-22,C,2571
21744,28911,2026-01-27,A,6910
21745,28912,2026-01-02,A,2475
21746,28916,2025-12-17,B,8768
21747,28917,2025-12-26,C,8042
21748,28918,2025-12-21,A,9823
21749,28919,2025-05-27,A,8246
21750,28920,2025-08-15,A,7863
21751,28921,2025-07-15,C,526
21752,28922,2025-06-01,C,3050
21753,28923,2025-08-17,A,6931
21754,28925,2025-09-07,C,2336
21755,28926,2025-09-03,C,2473
21756,28927,2025-12-08,A,8934
21757,28928,2025-12-17,A,11470
21758,28930,2025-09-20,A,7436
21759,28931,2025-11-27,A,5739
21760,28932,2025-10-31,A,7518
21761,28933,2026-04-13,A,2183
21762,28934,2025-12-24,A,4941
21763,28935,2025-07-30,C,8222
21764,28941,2025-10-22,B,3936
21765,28942,2025-07-10,B,3443
21766,28943,2025-06-01,A,9336
21767,28944,2025-12-12,A,2616
21768,28945,2025-06-11,A,839
21769,28946,2025-10-11,C,11094
21770,28948,2025-07-25,A,5104
21771,28949,2025-10-01,A,4918
21772,28951,2025-11-07,A,9201
21773,28954,2025-07-17,C,2495
21774,28955,2025-07-09,B,9650
21775,28956,2025-10-03,C,2494
21776,28957,2025-03-01,C,2616
21777,28959,2025-11-29,A,9411
21778,28960,2025-12-21,A,9202
21779,28961,2025-11-12,A,1161
21780,28963,2025-09-25,A,2356
21781,28965,2026-03-04,A,8457
21782,28968,2025-02-21,A,623
21783,28969,2025-08-18,A,2160
21784,28970,2026-04-02,A,5164
21785,28971,2026-02-22,A,2473
21786,28972,2025-07-09,A,4941
21787,28973,2025-10-27,A,2312
21788,28974,2025-09-30,C,2522
21789,28975,2025-05-04,C,2385
21790,28976,2025-07-07,A,4374
21791,28978,2026-04-04,C,2594
21792,28979,2026-02-07,A,2984
21793,28980,2025-04-01,A,8171
21794,28981,2025-04-20,B,2552
21795,28982,2025-08-11,C,10279
21796,28983,2025-05-13,C,5924
21797,28985,2025-05-24,A,862
21798,28986,2025-09-02,B,8736
21799,28987,2025-12-13,B,9737
21800,28988,2025-09-08,A,623
21801,28989,2025-11-26,A,1915
21802,28990,2025-12-05,A,3728
21803,28991,2025-07-04,B,3536
21804,28992,2025-04-16,C,9691
21805,28993,2025-04-21,A,9847
21806,28994,2025-03-23,A,10302
21807,28995,2025-02-26,A,7844
21808,28996,2025-07-30,A,10374
21809,28998,2025-11-21,B,1039
21810,29000,2025-03-25,A,8560
21811,29001,2026-03-02,A,8809
21812,29002,2025-05-12,B,5281
21813,29003,2025-12-30,A,11840
21814,29006,2025-05-23,A,2764
21815,29007,2025-05-29,B,4542
21816,29008,2025-09-06,A,9847
21817,29009,2026-01-26,C,3329
21818,29010,2025-06-22,A,2792
21819,29012,2026-02-26,A,2406
21820,29013,2025-07-20,C,2523
21821,29014,2025-12-28,A,11470
21822,29015,2025-12-01,A,6715
21823,29016,2025-06-04,A,2642
21824,29017,2025-11-08,B,1262
21825,29020,2025-08-24,B,2204
21826,29021,2025-10-31,A,5637
21827,29022,2025-05-18,A,10612
21828,29023,2025-05-21,A,6983
21829,29024,2026-03-12,A,7721
21830,29025,2025-05-16,A,2432
21831,29026,2025-07-26,C,6836
21832,29027,2025-02-18,A,2337
21833,29029,2025-04-06,A,6078
21834,29031,2025-06-08,A,1961
21835,29032,2026-03-10,C,2384
21836,29035,2025-07-22,C,10612
21837,29036,2025-12-31,A,1161
21838,29038,2025-09-27,A,2357
21839,29039,2025-04-18,A,2615
21840,29040,2026-03-04,A,3582
21841,29041,2025-10-25,A,7410
21842,29042,2025-04-10,A,557
21843,29043,2026-01-18,A,1484
21844,29044,2025-08-11,A,8221
21845,29045,2025-09-06,C,2159
21846,29046,2025-08-13,A,10395
21847,29047,2025-06-10,C,7574
21848,29048,2025-10-20,A,5585
21849,29049,2025-07-14,A,9252
21850,29051,2025-02-18,A,6811
21851,29052,2026-01-14,A,1689
21852,29053,2026-01-25,A,812
21853,29054,2025-04-30,C,580
21854,29055,2025-07-17,A,8171
21855,29056,2025-11-26,C,9127
21856,29057,2025-11-21,A,2358
21857,29058,2025-12-09,B,556
21858,29059,2025-05-14,A,2476
21859,29060,2025-07-28,C,5588
21860,29061,2025-08-17,A,6503
21861,29062,2025-06-19,C,2790
21862,29063,2026-03-07,A,7288
21863,29066,2026-02-04,A,9824
21864,29068,2025-12-13,A,2551
21865,29069,2026-02-07,A,8042
21866,29070,2025-12-04,A,2182
21867,29072,2025-09-28,A,9316
21868,29073,2025-05-08,B,4227
21869,29074,2025-08-14,A,9760
21870,29075,2025-09-25,A,8388
21871,29076,2025-03-31,A,2494
21872,29078,2025-11-04,A,2431
21873,29079,2025-05-05,A,2258
21874,29080,2025-11-01,A,8807
21875,29083,2025-06-23,C,5956
21876,29085,2025-08-07,A,767
21877,29086,2025-10-27,A,10067
21878,29087,2025-04-25,A,3072
21879,29088,2025-07-02,A,3861
21880,29089,2025-06-10,C,10657
21881,29090,2025-09-06,B,2336
21882,29091,2025-08-15,C,1712
21883,29093,2025-11-26,A,4469
21884,29095,2026-02-04,A,11625
21885,29096,2025-05-19,A,6593
21886,29097,2025-09-20,A,11697
21887,29098,2025-06-04,A,8704
21888,29099,2026-01-18,B,2310
21889,29101,2026-01-02,A,8836
21890,29102,2025-12-29,A,2337
21891,29103,2025-06-22,A,8063
21892,29104,2025-03-29,A,3009
21893,29105,2025-02-25,A,10028
21894,29106,2025-07-20,A,525
21895,29107,2026-01-20,A,2230
21896,29108,2025-04-17,A,11606
21897,29111,2025-04-13,C,2385
21898,29112,2025-06-25,A,1040
21899,29113,2025-09-27,A,6690
21900,29114,2025-10-20,A,6383
21901,29115,2025-12-20,B,8934
21902,29116,2026-02-07,A,3762
21903,29117,2025-08-29,A,4160
21904,29119,2025-07-29,A,1941
21905,29120,2025-06-08,A,2258
21906,29121,2025-12-14,A,3140
21907,29122,2025-09-05,A,8862
21908,29124,2025-06-14,A,5104
21909,29125,2025-07-27,A,11743
21910,29126,2025-10-31,A,9229
21911,29127,2025-10-18,A,7643
21912,29128,2025-10-22,A,2432
21913,29129,2025-12-30,A,6835
21914,29130,2025-09-29,A,9782
21915,29131,2025-07-28,B,9278
21916,29132,2025-10-01,A,2664
21917,29133,2025-05-24,A,1181
21918,29134,2025-09-14,A,9802
21919,29135,2025-08-05,A,11365
21920,29137,2025-11-22,C,3510
21921,29138,2025-03-25,A,2911
21922,29139,2025-12-08,A,7602
21923,29140,2025-11-13,B,10655
21924,29141,2025-11-16,A,6153
21925,29142,2025-08-14,C,2003
21926,29143,2025-04-10,A,578
21927,29144,2025-10-27,A,1714
21928,29145,2025-05-27,A,684
21929,29146,2025-10-23,A,5208
21930,29147,2025-03-15,A,9076
21931,29149,2026-05-12,A,2160
21932,29150,2025-04-02,A,383
21933,29152,2025-12-16,A,2791
21934,29153,2025-09-24,C,2523
21935,29155,2025-09-16,A,9670
21936,29156,2026-01-16,A,2383
21937,29157,2025-08-19,A,4249
21938,29158,2025-05-28,A,3535
21939,29159,2025-06-05,A,3653
21940,29160,2025-07-14,A,10066
21941,29161,2025-11-13,A,2616
21942,29163,2025-04-17,A,7491
21943,29164,2025-10-11,A,2336
21944,29165,2025-11-05,A,11512
21945,29166,2025-04-20,C,2283
21946,29167,2025-08-10,A,8979
21947,29168,2025-09-03,A,2405
21948,29169,2025-12-27,A,4994
21949,29170,2025-06-24,A,2594
21950,29172,2025-12-23,A,2282
21951,29173,2025-05-16,A,8808
21952,29175,2025-09-26,C,11863
21953,29176,2025-09-17,B,2594
21954,29177,2025-10-19,A,2594
21955,29179,2025-09-30,A,7692
21956,29181,2026-02-08,A,10656
21957,29182,2025-06-05,A,3357
21958,29183,2025-08-07,A,3559
21959,29184,2026-02-24,A,6981
21960,29185,2026-02-03,A,2594
21961,29186,2025-05-30,A,10394
21962,29187,2025-05-03,B,5401
21963,29188,2025-07-28,C,3419
21964,29189,2025-05-17,A,6436
21965,29190,2025-09-14,A,2858
21966,29192,2025-07-16,C,8658
21967,29193,2025-10-21,A,891
21968,29194,2025-05-28,A,5637
21969,29195,2025-12-04,A,2572
21970,29196,2025-10-15,A,839
21971,29197,2025-10-09,A,4747
21972,29198,2025-05-16,A,1983
21973,29199,2025-11-22,A,11425
21974,29200,2025-03-10,A,10178
21975,29203,2025-10-07,C,1983
21976,29204,2025-11-03,A,11039
21977,29205,2026-01-15,A,11470
21978,29206,2025-07-01,A,5079
21979,29207,2025-07-13,A,5079
21980,29208,2025-06-14,A,10305
21981,29210,2026-01-10,A,11386
21982,29211,2025-12-05,A,4776
21983,29212,2025-11-14,A,11291
21984,29215,2025-03-26,C,3244
21985,29216,2025-06-26,C,2182
21986,29218,2025-05-10,A,2205
21987,29219,2025-05-26,A,3443
21988,29220,2025-08-13,B,2204
21989,29221,2025-08-19,A,2476
21990,29222,2025-11-07,C,5208
21991,29223,2025-08-31,A,8511
21992,29224,2025-08-04,A,2572
21993,29225,2025-05-26,A,7080
21994,29226,2025-09-22,A,2160
21995,29228,2026-01-09,A,8612
21996,29229,2026-02-19,A,2431
21997,29232,2025-11-15,A,2552
21998,29234,2025-09-28,A,4250
21999,29235,2025-06-21,A,2665
22000,29236,2025-05-29,A,2552
22001,29237,2025-09-19,A,5720
22002,29238,2025-07-29,C,1661
22003,29239,2025-09-29,A,3810
22004,29240,2025-12-30,B,11366
22005,29242,2025-10-05,A,8887
22006,29243,2025-06-08,A,9690
22007,29244,2025-09-02,C,2312
22008,29245,2025-04-16,A,3936
22009,29246,2025-08-08,A,11289
22010,29247,2025-06-27,A,8959
22011,29249,2025-09-07,A,3745
22012,29250,2026-01-15,A,11121
22013,29251,2025-11-09,A,2553
22014,29252,2025-05-28,B,1862
22015,29254,2026-01-28,C,9825
22016,29255,2025-09-19,A,1504
22017,29256,2025-06-15,A,4373
22018,29257,2025-02-18,A,6867
22019,29258,2025-06-05,A,1862
22020,29259,2025-11-18,A,11236
22021,29260,2026-01-13,A,1608
22022,29261,2025-09-15,A,4330
22023,29263,2026-01-29,A,2356
22024,29264,2025-05-26,B,2284
22025,29266,2025-12-10,A,11186
22026,29267,2025-11-13,B,6783
22027,29268,2026-02-03,A,5588
22028,29269,2026-04-11,A,5376
22029,29270,2025-09-17,A,4449
22030,29271,2025-09-14,A,2159
22031,29273,2025-05-16,C,9825
22032,29274,2026-01-20,A,2005
22033,29275,2026-01-24,A,2356
22034,29276,2025-07-19,A,1816
22035,29277,2026-02-08,A,5565
22036,29280,2025-06-26,B,11839
22037,29281,2025-11-25,A,3243
22038,29282,2025-04-24,A,4778
22039,29283,2025-03-29,A,9128
22040,29284,2025-08-05,C,3382
22041,29285,2025-12-28,B,2665
22042,29286,2026-03-30,A,2358
22043,29288,2025-09-27,A,2203
22044,29289,2025-04-27,A,2356
22045,29290,2025-09-04,A,5465
22046,29291,2025-06-10,C,10133
22047,29293,2026-03-09,C,2433
22048,29294,2025-10-24,A,684
22049,29295,2025-07-25,A,5955
22050,29297,2025-05-08,A,10635
22051,29298,2025-06-29,A,1379
22052,29300,2026-02-12,B,9155
22053,29301,2025-06-08,A,6753
22054,29302,2026-03-26,A,1662
22055,29303,2025-06-30,A,4113
22056,29304,2026-02-20,A,4593
22057,29305,2026-04-09,A,9336
22058,29307,2026-01-25,A,1634
22059,29309,2026-01-29,C,5330
22060,29310,2025-09-21,A,6982
22061,29311,2025-06-15,A,6055
22062,29312,2026-04-29,B,5825
22063,29313,2025-04-11,C,1331
22064,29314,2025-10-14,A,2080
22065,29316,2025-05-05,A,2259
22066,29317,2025-05-17,A,5081
22067,29319,2025-11-17,A,2282
22068,29321,2025-11-18,C,2641
22069,29322,2025-09-22,A,10375
22070,29323,2026-04-30,A,2523
22071,29324,2025-06-30,C,8197
22072,29325,2025-06-30,B,1504
22073,29327,2025-10-07,A,2616
22074,29328,2025-02-17,A,1233
22075,29330,2026-02-27,C,2384
22076,29331,2026-01-12,A,9157
22077,29333,2026-03-07,C,6692
22078,29334,2025-07-16,B,10048
22079,29335,2026-01-19,C,2335
22080,29336,2025-03-15,A,5465
22081,29337,2025-11-15,A,2643
22082,29338,2026-02-21,A,2336
22083,29339,2025-09-15,A,8195
22084,29341,2025-08-13,A,5491
22085,29342,2025-05-03,A,1814
22086,29343,2025-06-06,A,1212
22087,29347,2025-11-10,A,2405
22088,29348,2025-09-04,A,2476
22089,29349,2025-12-09,A,2572
22090,29350,2025-10-11,C,4250
22091,29353,2025-04-19,A,6982
22092,29354,2025-07-19,A,7386
22093,29355,2025-05-09,A,2358
22094,29356,2026-02-06,C,1788
22095,29357,2026-01-08,A,9803
22096,29358,2026-02-19,A,11718
22097,29359,2025-05-05,A,430
22098,29360,2025-08-13,C,9922
22099,29362,2025-05-15,A,2030
22100,29364,2025-04-13,A,3676
22101,29365,2025-09-10,B,11404
22102,29367,2026-03-03,A,5638
22103,29368,2026-01-16,C,2311
22104,29370,2025-11-05,A,2431
22105,29371,2025-11-29,A,10302
22106,29372,2025-03-10,A,1788
22107,29373,2025-07-14,B,3097
22108,29374,2026-02-15,A,6734
22109,29375,2025-06-04,A,6617
22110,29379,2025-04-28,A,5227
22111,29380,2026-01-14,A,6504
22112,29381,2026-02-22,A,1181
22113,29383,2025-08-18,A,5375
22114,29385,2025-03-28,A,8196
22115,29386,2025-08-23,A,10026
22116,29387,2025-07-12,A,2572
22117,29388,2025-05-16,A,8837
22118,29389,2025-06-07,A,2432
22119,29391,2025-10-21,A,2433
22120,29392,2025-11-16,A,1262
22121,29394,2025-06-11,A,9200
22122,29397,2026-01-28,A,2911
22123,29398,2025-09-28,A,2641
22124,29399,2025-11-03,A,6716
22125,29400,2025-07-29,A,10458
22126,29401,2025-11-07,A,4542
22127,29402,2025-09-10,C,9529
22128,29403,2025-07-27,C,8436
22129,29404,2025-11-30,C,10459
22130,29405,2026-03-29,A,5542
22131,29407,2026-02-22,A,2383
22132,29408,2025-12-10,B,2450
22133,29410,2025-07-26,C,480
22134,29411,2025-06-01,A,3633
22135,29412,2025-06-25,A,3913
22136,29414,2025-07-22,A,8980
22137,29415,2025-08-30,A,5849
22138,29416,2025-11-26,A,6461
22139,29417,2026-01-24,A,2311
22140,29418,2025-07-19,A,1262
22141,29419,2026-01-31,A,8933
22142,29421,2025-06-30,A,2667
22143,29422,2025-05-31,A,1441
22144,29427,2026-04-13,A,7793
22145,29428,2025-09-29,A,6364
22146,29429,2025-10-26,A,1915
22147,29431,2025-06-14,B,4617
22148,29432,2026-04-30,A,453
22149,29434,2025-06-10,A,5689
22150,29435,2025-09-03,A,1040
22151,29437,2025-09-28,A,11119
22152,29439,2026-02-20,A,3809
22153,29440,2025-07-04,A,2522
22154,29441,2026-02-06,B,2338
22155,29443,2025-05-03,A,3831
22156,29444,2025-05-15,A,5638
22157,29446,2025-05-30,A,4800
22158,29448,2025-05-09,A,7573
22159,29450,2025-12-05,A,3443
22160,29452,2025-06-30,A,10637
22161,29455,2025-08-19,A,6837
22162,29457,2025-06-01,A,10561
22163,29459,2025-08-28,A,1549
22164,29460,2025-12-10,A,2283
22165,29461,2025-07-29,C,11650
22166,29462,2025-08-11,C,1914
22167,29463,2025-11-30,A,5587
22168,29464,2025-03-01,A,7546
22169,29465,2025-11-24,C,10375
22170,29466,2025-05-19,A,2385
22171,29467,2025-10-07,B,8171
22172,29468,2025-05-29,A,9057
22173,29469,2025-04-01,A,9670
22174,29470,2026-03-22,A,8704
22175,29472,2025-12-16,C,3986
22176,29473,2025-06-13,A,8705
22177,29474,2025-07-19,A,5542
22178,29475,2025-07-04,C,8704
22179,29476,2025-11-26,A,1690
22180,29477,2025-02-08,C,9031
22181,29478,2025-05-05,A,9779
22182,29480,2025-04-28,A,9101
22183,29481,2025-04-22,A,2523
22184,29484,2025-10-20,A,5057
22185,29485,2025-06-17,A,2383
22186,29486,2026-03-29,C,4671
22187,29487,2025-08-29,A,2665
22188,29489,2025-03-03,C,2792
22189,29490,2025-10-10,A,2664
22190,29491,2025-08-07,A,1690
22191,29492,2025-10-04,A,8560
22192,29493,2025-09-16,A,2476
22193,29496,2025-03-28,A,4567
22194,29497,2025-03-19,A,2553
22195,29498,2025-10-04,A,8659
22196,29499,2025-04-01,C,3072
22197,29500,2025-12-22,A,4649
22198,29501,2025-11-07,C,2180
22199,29502,2025-02-05,A,2665
22200,29503,2025-12-27,A,2594
22201,29504,2025-05-06,A,2231
22202,29505,2025-06-23,A,5103
22203,29506,2025-10-13,A,8368
22204,29508,2025-05-15,A,5226
22205,29509,2025-08-17,C,8434
22206,29511,2025-10-25,A,9461
22207,29512,2026-02-01,A,2183
22208,29513,2025-09-01,A,11424
22209,29514,2025-05-07,A,6891
22210,29515,2025-05-13,A,10701
22211,29516,2025-09-19,A,8767
22212,29517,2025-09-08,A,1160
22213,29520,2025-07-19,A,11039
22214,29521,2025-07-03,A,2432
22215,29522,2025-11-12,A,2496
22216,29523,2025-06-05,A,2667
22217,29524,2025-08-28,A,3215
22218,29526,2025-06-15,A,480
22219,29527,2025-08-17,A,3214
22220,29528,2025-07-03,A,556
22221,29529,2025-12-18,C,8737
22222,29530,2025-02-16,A,11121
22223,29531,2025-06-22,C,6837
22224,29533,2025-11-06,A,2496
22225,29534,2025-06-08,A,11555
22226,29535,2025-12-27,C,11451
22227,29536,2025-03-18,A,9781
22228,29537,2025-10-16,A,2284
22229,29538,2025-05-26,A,11067
22230,29539,2025-11-16,C,2258
22231,29542,2025-09-24,A,9974
22232,29543,2026-03-19,A,3959
22233,29545,2025-07-17,C,2230
22234,29548,2025-11-28,C,7601
22235,29549,2025-03-13,C,6735
22236,29550,2025-05-28,C,6930
22237,29551,2025-09-21,A,8836
22238,29552,2025-07-04,A,10202
22239,29553,2025-07-24,A,9801
22240,29554,2025-05-17,A,6382
22241,29557,2025-06-10,B,10091
22242,29558,2025-08-24,C,5587
22243,29559,2025-07-07,A,6734
22244,29561,2025-04-15,B,8414
22245,29562,2025-02-25,A,6616
22246,29563,2025-08-28,A,2594
22247,29565,2026-03-10,A,7122
22248,29567,2025-12-16,A,11577
22249,29568,2026-02-16,A,11555
22250,29571,2025-07-23,A,2667
22251,29572,2025-07-09,A,2665
22252,29573,2025-04-09,A,554
22253,29574,2025-09-06,C,6201
22254,29575,2025-10-31,C,2337
22255,29576,2025-06-30,A,2312
22256,29578,2025-11-29,A,2433
22257,29579,2025-04-21,A,10068
22258,29580,2025-08-20,A,2643
22259,29581,2025-05-25,C,8935
22260,29583,2025-03-01,A,2312
22261,29585,2025-12-22,C,2180
22262,29586,2025-10-18,C,2358
22263,29587,2026-01-03,A,4228
22264,29591,2025-12-10,B,1306
22265,29592,2026-04-14,B,6910
22266,29593,2025-11-13,A,6756
22267,29594,2025-08-22,A,9709
22268,29595,2026-01-17,A,579
22269,29596,2025-06-05,C,10875
22270,29597,2025-09-30,A,11820
22271,29599,2025-09-11,C,3704
22272,29600,2025-08-09,A,9651
22273,29601,2025-07-09,A,555
22274,29602,2026-02-14,A,2283
22275,29603,2025-03-27,A,2230
22276,29604,2025-12-10,A,2553
22277,29605,2025-08-19,B,5803
22278,29607,2025-12-04,A,622
22279,29608,2025-06-12,A,6298
22280,29609,2025-08-09,A,9296
22281,29610,2025-03-19,C,11341
22282,29613,2025-05-21,A,1139
22283,29614,2025-11-16,A,3188
22284,29615,2025-07-02,A,5081
22285,29616,2026-03-10,B,8807
22286,29617,2026-01-27,A,2231
22287,29619,2025-12-20,A,2338
22288,29621,2025-07-20,C,2080
22289,29622,2025-07-05,A,1888
22290,29625,2025-11-21,A,6503
22291,29627,2025-10-01,A,1462
22292,29630,2025-11-07,A,9877
22293,29631,2025-10-03,A,11648
22294,29632,2025-07-30,A,2551
22295,29633,2025-06-09,A,1398
22296,29634,2025-09-06,A,2594
22297,29635,2025-06-02,A,9007
22298,29637,2026-01-05,A,5824
22299,29638,2025-09-07,A,2432
22300,29639,2025-08-24,A,2259
22301,29641,2025-09-23,A,3633
22302,29643,2025-12-21,A,3073
22303,29644,2025-07-04,A,2202
22304,29645,2025-06-04,A,3703
22305,29647,2025-08-03,A,6715
22306,29648,2025-07-15,A,8585
22307,29649,2026-02-18,A,10586
22308,29650,2025-10-04,A,2667
22309,29651,2025-11-27,A,2338
22310,29654,2025-06-26,A,2474
22311,29655,2025-03-15,A,1306
22312,29656,2025-07-23,A,6568
22313,29657,2025-04-02,A,9029
22314,29660,2025-09-06,A,624
22315,29661,2025-11-27,A,8197
22316,29662,2025-05-30,A,2312
22317,29663,2025-11-13,A,6523
22318,29665,2025-05-21,A,2552
22319,29666,2025-07-04,A,2476
22320,29667,2025-12-30,A,2029
22321,29668,2026-01-24,A,5079
22322,29669,2025-06-18,A,9709
22323,29670,2025-07-20,C,1400
22324,29671,2025-06-15,A,2060
22325,29672,2025-08-05,C,8456
22326,29673,2026-03-24,C,6690
22327,29674,2025-12-16,A,4038
22328,29675,2025-05-06,B,10178
22329,29676,2025-07-25,C,10719
22330,29677,2026-02-19,A,7693
22331,29678,2025-08-28,A,1038
22332,29679,2025-08-30,A,1786
22333,29680,2025-09-20,A,2160
22334,29681,2025-08-21,C,4777
22335,29682,2025-10-12,C,4160
22336,29683,2025-07-01,A,1140
22337,29684,2026-02-15,A,2665
22338,29685,2026-01-24,A,1634
22339,29686,2026-01-10,A,6952
22340,29687,2025-08-12,C,5444
22341,29688,2025-08-23,A,8173
22342,29689,2026-01-05,A,2667
22343,29690,2025-05-18,A,2812
22344,29691,2025-12-28,A,10201
22345,29692,2025-06-24,A,4942
22346,29693,2025-05-28,A,2571
22347,29695,2025-06-29,A,2335
22348,29697,2026-03-07,B,11236
22349,29698,2025-11-29,A,6076
22350,29700,2025-05-31,A,4776
22351,29701,2026-03-25,C,2433
22352,29702,2025-08-08,C,3602
22353,29703,2026-01-14,C,7387
22354,29705,2025-09-08,A,10353
22355,29707,2026-05-28,A,3139
22356,29709,2025-09-22,A,5488
22357,29711,2025-06-21,A,455
22358,29712,2025-10-13,A,2406
22359,29713,2025-04-08,A,3958
22360,29714,2025-05-20,A,11237
22361,29715,2025-09-28,C,9629
22362,29716,2025-10-23,A,2382
22363,29717,2025-08-01,A,5374
22364,29718,2025-09-29,C,4776
22365,29719,2025-07-07,C,11095
22366,29720,2025-10-30,A,8368
22367,29721,2025-09-05,A,9922
22368,29722,2025-04-16,A,1570
22369,29724,2025-10-10,A,7167
22370,29725,2025-04-12,C,6616
22371,29726,2025-04-13,C,10987
22372,29727,2025-11-11,C,8196
22373,29730,2026-01-13,A,8934
22374,29732,2025-06-01,A,2203
22375,29733,2025-11-06,A,8586
22376,29735,2025-08-08,A,3676
22377,29736,2025-09-11,C,5306
22378,29737,2026-02-03,A,2433
22379,29738,2026-02-13,A,6033
22380,29739,2025-04-05,A,2337
22381,29741,2026-02-11,A,11269
22382,29742,2026-02-14,A,6912
22383,29743,2026-03-20,A,2641
22384,29744,2025-11-15,C,3582
22385,29745,2026-01-18,A,6101
22386,29746,2025-07-31,A,3634
22387,29748,2025-09-25,B,8535
22388,29750,2025-12-31,B,10971
22389,29752,2025-11-01,A,6890
22390,29753,2025-11-03,C,3401
22391,29754,2025-06-28,A,2496
22392,29755,2025-05-13,A,2231
22393,29756,2026-01-12,A,11535
22394,29757,2025-06-30,C,1608
22395,29758,2025-12-05,A,2495
22396,29759,2025-07-29,A,8679
22397,29761,2026-03-04,C,10280
22398,29763,2025-07-19,C,5254
22399,29764,2025-05-23,A,2552
22400,29765,2025-05-20,A,6594
22401,29766,2025-08-18,A,2523
22402,29767,2025-07-15,C,11341
22403,29768,2026-01-01,A,6866
22404,29770,2026-02-09,A,8936
22405,29771,2025-12-27,A,2205
22406,29772,2025-10-10,A,2231
22407,29774,2025-10-06,C,1163
22408,29775,2025-10-03,A,6276
22409,29776,2025-11-11,A,1015
22410,29777,2025-07-03,A,2182
22411,29778,2025-09-20,C,11649
22412,29779,2026-02-16,A,2615
22413,29781,2025-10-23,A,2338
22414,29782,2025-08-30,A,9782
22415,29784,2025-08-15,A,9201
22416,29785,2026-01-11,A,2134
22417,29787,2025-11-17,C,5638
22418,29788,2025-10-16,A,3859
22419,29789,2026-02-10,A,2183
22420,29790,2025-04-09,A,10091
22421,29791,2025-05-10,A,2595
22422,29792,2025-08-17,A,2553
22423,29793,2025-09-01,C,2667
22424,29795,2026-03-01,B,2615
22425,29797,2025-08-08,A,8632
22426,29799,2025-03-20,A,3443
22427,29800,2025-09-25,A,8222
22428,29801,2025-03-08,A,580
22429,29802,2025-05-17,A,3634
22430,29804,2025-11-28,A,2522
22431,29805,2025-02-19,A,10487
22432,29810,2025-12-28,A,3359
22433,29812,2025-07-15,A,2030
22434,29813,2025-09-14,C,2494
22435,29815,2025-06-26,A,5691
22436,29816,2025-12-26,A,6032
22437,29820,2025-08-04,A,10561
22438,29821,2025-10-30,A,8434
22439,29823,2025-12-01,A,9995
22440,29824,2025-10-13,B,2337
22441,29825,2025-06-05,A,9779
22442,29826,2025-08-06,A,8610
22443,29828,2025-11-18,A,4401
22444,29829,2025-08-15,A,10441
22445,29830,2025-11-22,C,2572
22446,29833,2026-02-06,A,2431
22447,29834,2025-06-23,A,793
22448,29835,2025-05-18,A,3214
22449,29836,2026-01-08,B,6929
22450,29837,2025-08-01,C,10203
22451,29838,2025-09-14,A,3303
22452,29839,2025-12-06,A,9029
22453,29843,2025-06-10,A,2666
22454,29844,2025-07-03,A,9779
22455,29845,2025-07-25,C,2358
22456,29846,2025-12-07,A,2834
22457,29847,2025-05-28,A,7576
22458,29848,2026-04-11,A,938
22459,29849,2025-10-23,A,915
22460,29850,2025-12-04,B,526
22461,29851,2026-01-27,A,8788
22462,29853,2025-06-06,A,4064
22463,29855,2025-06-15,A,2356
22464,29856,2025-05-09,C,10250
22465,29857,2025-08-19,C,2572
22466,29858,2025-10-02,A,10459
22467,29859,2025-06-08,C,6413
22468,29860,2025-07-20,C,2182
22469,29861,2025-07-22,A,10396
22470,29862,2025-09-05,A,2311
22471,29865,2025-05-13,C,3538
22472,29866,2025-08-03,A,2283
22473,29867,2025-11-23,A,4112
22474,29868,2025-08-02,A,8936
22475,29870,2025-10-03,A,9338
22476,29871,2025-05-20,A,2405
22477,29873,2025-06-17,A,4722
22478,29874,2025-06-06,A,5850
22479,29875,2026-03-22,A,11838
22480,29876,2025-05-16,A,810
22481,29877,2025-11-07,A,6548
22482,29879,2026-01-29,A,2282
22483,29880,2025-07-24,A,6461
22484,29881,2025-11-06,A,9232
22485,29882,2025-04-01,A,2792
22486,29884,2025-07-06,C,4331
22487,29886,2025-02-21,A,4619
22488,29888,2025-10-06,B,1212
22489,29889,2025-05-11,B,2964
22490,29891,2025-08-27,C,2572
22491,29892,2026-02-18,A,8455
22492,29894,2025-07-09,C,7891
22493,29895,2025-11-10,A,2522
22494,29896,2025-07-13,A,454
22495,29897,2025-02-17,C,2283
22496,29898,2025-08-22,A,2382
22497,29899,2025-10-25,B,4747
22498,29900,2025-08-07,A,11039
22499,29901,2025-11-19,A,9177
22500,29902,2025-07-26,A,4993
22501,29903,2025-10-22,A,10946
22502,29906,2025-09-24,C,3703
22503,29907,2025-08-17,A,9902
22504,29908,2025-05-28,A,10249
22505,29910,2025-08-09,A,2182
22506,29911,2026-04-27,A,6756
22507,29912,2025-11-16,C,5638
22508,29914,2026-02-19,C,2523
22509,29916,2025-12-29,A,1233
22510,29917,2025-04-25,A,5692
22511,29918,2026-02-25,C,3187
22512,29921,2025-10-01,A,9847
22513,29922,2025-07-20,A,8612
22514,29923,2025-11-23,A,7573
22515,29924,2026-01-08,A,6952
22516,29925,2026-01-05,A,666
22517,29926,2025-09-18,B,9007
22518,29927,2025-07-25,A,8705
22519,29928,2025-09-12,B,11470
22520,29929,2026-01-21,A,4329
22521,29930,2026-01-26,B,4111
22522,29931,2025-10-14,C,2432
22523,29932,2025-08-17,A,2159
22524,29934,2025-05-22,B,10225
22525,29936,2025-08-22,C,862
22526,29937,2025-09-15,A,11533
22527,29938,2025-12-11,A,2383
22528,29939,2025-08-05,A,6154
22529,29941,2025-07-29,C,10279
22530,29942,2025-08-17,A,5465
22531,29943,2025-12-28,A,6753
22532,29946,2025-11-13,A,8884
22533,29947,2026-01-28,A,2311
22534,29949,2026-02-09,C,2666
22535,29951,2025-03-26,A,2383
22536,29952,2025-10-06,C,647
22537,29953,2025-06-28,A,1763
22538,29954,2025-10-12,A,1763
22539,29956,2025-08-12,A,2594
22540,29958,2026-01-12,A,939
22541,29959,2025-10-04,A,5488
22542,29960,2025-08-16,A,10353
22543,29961,2026-01-24,A,5762
22544,29962,2025-09-23,A,6981
22545,29963,2025-07-28,A,10513
22546,29964,2025-04-16,A,10487
22547,29965,2025-12-20,A,8586
22548,29967,2025-06-21,A,480
22549,29968,2025-05-27,A,8063
22550,29969,2025-12-03,A,3832
22551,29971,2025-12-26,A,2616
22552,29973,2025-08-24,A,3728
22553,29974,2026-01-12,A,11404
22554,29976,2025-07-22,A,10251
22555,29977,2025-10-30,A,9155
22556,29978,2025-06-10,A,2450
22557,29979,2025-09-18,A,5515
22558,29980,2025-06-08,A,11553
22559,29982,2025-11-03,A,2356
22560,29983,2025-12-10,A,6415
22561,29987,2025-07-31,A,2641
22562,29988,2025-03-24,A,9900
22563,29989,2025-09-06,A,11067
22564,29990,2025-05-12,B,2382
22565,29994,2025-07-05,A,6910
22566,29995,2025-05-16,C,11365
22567,29996,2025-09-09,A,3936
22568,29997,2025-11-01,C,6482
22569,29998,2025-05-31,A,8388
22570,29999,2025-08-10,A,2337
