EmployeeID,DistrictID,UnitID,RankID,DesignationID,KGID,FirstName,EmployeeDOB,GenderID,BloodGroupID,PhysicallyChallenged,AppointmentDate
1,1,1,1,10,KGID100000,Santosh Reddy,1975-01-01,1,2,0,2006-09-03
2,1,1,2,10,KGID100001,Lakshmi Patil,1969-12-01,2,4,0,1996-12-23
3,1,1,2,10,KGID100002,Mahesh Hegde,1969-01-01,1,8,0,2011-04-01
4,1,1,2,10,KGID100003,Vinay Reddy,1977-10-23,1,4,0,1996-07-18
5,1,1,3,10,KGID100004,Prakash Bhat,1975-11-22,1,6,0,2018-06-23
6,1,1,3,10,KGID100005,Lokesh Poojary,1980-05-21,1,2,0,1989-11-08
7,1,1,3,10,KGID100006,Girish Patil,1970-03-04,1,1,0,2000-03-18
8,1,1,3,10,KGID100007,Chandrashekar Nayak,1976-12-03,1,8,0,2009-11-15
9,1,1,8,10,KGID100008,Girish Nayak,1984-10-19,1,2,0,2012-07-07
10,1,1,8,10,KGID100009,Naveen Kulkarni,1990-04-11,1,7,0,2000-09-04
11,1,1,8,10,KGID100010,Dinesh Iyer,1975-01-26,1,1,0,2006-09-16
12,1,1,8,10,KGID100011,Geetha Shetty,1994-07-31,2,6,0,2011-08-21
13,1,1,8,10,KGID100012,Basavaraj Nayak,1980-06-23,1,3,0,1995-05-20
14,1,1,8,10,KGID100013,Mahesh Bhandari,1978-04-12,1,7,0,2015-03-11
15,1,2,4,9,KGID100014,Pradeep Naik,1978-04-27,1,2,0,1992-11-24
16,1,2,7,9,KGID100015,Chandrashekar Poojary,1988-01-27,1,8,0,2010-12-04
17,1,2,7,9,KGID100016,Dinesh Jadhav,1977-01-07,1,5,0,2002-11-10
18,1,3,4,9,KGID100017,Naveen Kulkarni,1975-11-17,1,1,0,2005-05-29
19,1,3,7,9,KGID100018,Vijay Kumar,1985-04-29,1,5,0,1999-10-09
20,1,3,7,9,KGID100019,Nagaraj Rao,1977-03-07,1,1,0,2017-10-17
21,1,4,4,9,KGID100020,Krishna Devaraj,1974-01-04,1,4,0,2016-07-02
22,1,4,7,9,KGID100021,Sandeep Patil,1975-12-04,1,3,0,2021-04-29
23,1,4,7,9,KGID100022,Vijay Kamath,1978-04-06,1,7,0,2018-08-21
24,1,5,4,9,KGID100023,Chandrashekar Bhat,1972-01-26,1,8,0,2011-07-30
25,1,5,7,9,KGID100024,Manjunath Iyer,1979-11-12,1,1,0,2016-09-10
26,1,5,7,9,KGID100025,Manjunath Naik,1986-03-15,1,4,0,2016-12-31
27,1,6,4,9,KGID100026,Santosh Nayak,1980-07-26,1,8,0,2019-04-15
28,1,6,7,9,KGID100027,Santosh Desai,1989-03-23,1,7,0,2005-05-09
29,1,6,7,9,KGID100028,Mahesh Achar,1990-02-06,1,8,0,2010-07-08
30,1,7,4,9,KGID100029,Chandrashekar Iyer,1980-02-02,1,2,0,2017-12-03
31,1,7,7,9,KGID100030,Mahesh Rao,1987-04-11,1,5,0,2009-10-26
32,1,7,7,9,KGID100031,Prakash Naik,1991-05-28,1,1,0,1998-04-02
33,1,8,5,8,KGID100032,Yogesh Shetty,1980-10-18,1,7,0,1997-05-05
34,1,8,6,8,KGID100033,Vani Kulkarni,1985-06-30,2,5,0,2023-06-17
35,1,8,6,8,KGID100034,Basavaraj Shetty,1973-02-09,1,5,0,2001-05-03
36,1,8,7,8,KGID100035,Suresh Iyer,1994-03-18,1,1,0,2000-04-05
37,1,8,7,8,KGID100036,Naveen Naik,1980-04-29,1,2,0,1996-04-12
38,1,8,7,8,KGID100037,Chandrashekar Kumar,1993-03-10,1,4,0,2021-09-04
39,1,8,11,8,KGID100038,Dinesh Bhandari,1999-02-24,1,6,0,2021-06-02
40,1,8,11,8,KGID100039,Santosh Nayak,1994-01-31,1,7,0,2001-07-31
41,2,27,5,8,KGID100040,Ravi Kulkarni,1978-05-23,1,2,0,2003-12-01
42,2,27,6,8,KGID100041,Roopa Patil,1984-04-26,2,4,0,2015-10-29
43,2,27,7,8,KGID100042,Kiran Devaraj,1990-05-30,1,1,0,1997-04-05
44,2,27,7,8,KGID100043,Krishna Reddy,1978-08-12,1,5,0,2002-11-15
45,2,27,7,8,KGID100044,Raghavendra Kamath,1992-03-31,1,4,0,2019-08-17
46,2,27,11,8,KGID100045,Vijay Desai,1994-01-22,1,5,0,2003-08-25
47,2,27,11,8,KGID100046,Sandeep Nayak,1999-11-21,1,1,1,2003-06-05
48,2,27,11,8,KGID100047,Manoj Kulkarni,1996-02-16,1,7,0,2015-10-14
49,3,47,5,8,KGID100048,Suresh Bhat,1984-12-03,1,3,0,2014-03-31
50,3,47,6,8,KGID100049,Roopa Shetty,1989-08-05,2,4,0,2012-12-15
51,3,47,6,8,KGID100050,Srinivas Reddy,1979-04-01,1,4,0,1995-06-15
52,3,47,7,8,KGID100051,Manoj Iyer,1990-06-12,1,7,0,2023-10-03
53,3,47,7,8,KGID100052,Chandrashekar Naik,1988-08-26,1,8,0,2018-11-09
54,3,47,7,8,KGID100053,Santosh Gowda,1981-07-16,1,4,0,2014-09-10
55,3,47,7,8,KGID100054,Nagaraj Hiremath,1987-12-06,1,7,0,1999-08-19
56,3,47,11,8,KGID100055,Krishna Nayak,1983-07-26,1,3,0,2023-11-04
57,3,47,11,8,KGID100056,Nagaraj Iyer,1992-12-20,1,7,0,2020-05-25
58,3,47,11,8,KGID100057,Girish Nayak,1984-11-12,1,1,0,2011-03-16
59,4,80,5,8,KGID100058,Jayashree Patil,1987-04-19,2,6,0,2011-07-03
60,4,80,6,8,KGID100059,Dinesh Achar,1987-08-10,1,6,0,2007-08-01
61,4,80,6,8,KGID100060,Mahesh Poojary,1981-04-03,1,3,0,2019-09-27
62,4,80,7,8,KGID100061,Raghavendra Devaraj,1986-06-17,1,4,0,2007-01-06
63,4,80,7,8,KGID100062,Ramesh Kulkarni,1977-03-08,1,8,0,2003-07-27
64,4,80,7,8,KGID100063,Dinesh Patil,1979-05-15,1,5,0,1998-10-14
65,4,80,7,8,KGID100064,Sandeep Hegde,1975-03-02,1,5,0,2013-11-18
66,4,80,11,8,KGID100065,Santosh Desai,1994-10-25,1,2,0,2023-12-10
67,4,80,11,8,KGID100066,Yogesh Poojary,1980-03-23,1,4,0,2017-06-21
68,4,80,11,8,KGID100067,Naveen Hiremath,2000-11-13,1,8,0,2010-09-15
69,5,98,5,8,KGID100068,Rajesh Kulkarni,1980-11-10,1,6,0,1994-11-02
70,5,98,6,8,KGID100069,Mahesh Jadhav,1976-03-05,1,8,0,1997-04-25
71,5,98,7,8,KGID100070,Sandeep Nayak,1980-05-26,1,8,0,2015-08-31
72,5,98,7,8,KGID100071,Santosh Nayak,1987-05-30,1,6,0,2021-08-09
73,5,98,7,8,KGID100072,Santosh Poojary,1978-12-02,1,3,0,2019-10-18
74,5,98,11,8,KGID100073,Anand Kulkarni,1998-06-09,1,7,0,2010-07-20
75,5,98,11,8,KGID100074,Umesh Bhandari,1987-06-25,1,7,0,2005-12-27
76,5,98,11,8,KGID100075,Anand Jadhav,1989-08-10,1,4,0,2011-06-05
77,6,125,5,8,KGID100076,Chandrashekar Iyer,1979-06-03,1,7,0,1992-12-26
78,6,125,6,8,KGID100077,Ravi Poojary,1976-11-08,1,1,0,2004-04-08
79,6,125,7,8,KGID100078,Anitha Naik,1982-11-03,2,5,0,1996-05-17
80,6,125,7,8,KGID100079,Pradeep Poojary,1989-05-22,1,5,0,2013-07-16
81,6,125,7,8,KGID100080,Yogesh Gowda,1982-09-04,1,1,0,1997-11-28
82,6,125,11,8,KGID100081,Pradeep Naik,1989-09-17,1,1,0,2003-12-03
83,6,125,11,8,KGID100082,Santosh Reddy,1994-12-29,1,8,0,2004-10-20
84,6,125,11,8,KGID100083,Pradeep Bhat,1982-09-22,1,3,0,2009-08-27
85,7,147,5,8,KGID100084,Gopal Gowda,1984-10-19,1,5,0,2004-11-12
86,7,147,6,8,KGID100085,Manjunath Bhandari,1978-06-23,1,4,0,1993-09-30
87,7,147,7,8,KGID100086,Rajesh Bhandari,1986-01-25,1,1,0,2004-11-06
88,7,147,7,8,KGID100087,Vijay Iyer,1982-02-07,1,1,0,2012-11-30
89,7,147,7,8,KGID100088,Harish Kulkarni,1980-11-18,1,3,0,2010-07-04
90,7,147,7,8,KGID100089,Pallavi Kulkarni,1979-02-13,2,7,0,2015-04-04
91,7,147,11,8,KGID100090,Sandeep Patil,1982-08-27,1,5,0,2013-09-01
92,7,147,11,8,KGID100091,Shivakumar Gowda,1993-05-16,1,8,0,2005-06-26
93,8,165,5,8,KGID100092,Vani Iyer,1982-05-07,2,5,0,2010-07-08
94,8,165,6,8,KGID100093,Girish Patil,1982-04-02,1,4,0,2023-04-13
95,8,165,7,8,KGID100094,Kiran Desai,1980-04-02,1,8,0,1999-09-07
96,8,165,7,8,KGID100095,Chandrashekar Hegde,1995-11-22,1,5,0,2014-09-13
97,8,165,7,8,KGID100096,Nagaraj Achar,1984-05-13,1,6,0,2006-04-10
98,8,165,7,8,KGID100097,Santosh Kumar,1981-08-26,1,4,0,2014-08-29
99,8,165,11,8,KGID100098,Pushpa Desai,1983-01-23,2,5,0,2018-09-27
100,8,165,11,8,KGID100099,Sandeep Shetty,1984-03-11,1,5,0,2014-11-14
101,8,165,11,8,KGID100100,Basavaraj Nayak,1995-08-07,1,1,0,2023-04-04
102,9,182,5,8,KGID100101,Prakash Gowda,1970-08-18,1,5,0,2015-04-28
103,9,182,6,8,KGID100102,Vinay Desai,1976-07-22,1,2,0,2018-12-08
104,9,182,6,8,KGID100103,Harish Naik,1978-05-06,1,3,0,2021-03-13
105,9,182,7,8,KGID100104,Kavya Jadhav,1977-08-10,2,7,0,2021-08-28
106,9,182,7,8,KGID100105,Chandrashekar Kulkarni,1976-09-19,1,8,0,1999-04-16
107,9,182,7,8,KGID100106,Srinivas Naik,1977-06-07,1,2,0,2014-03-19
108,9,182,11,8,KGID100107,Dinesh Patil,1994-02-22,1,3,0,2017-08-21
109,9,182,11,8,KGID100108,Mahesh Kulkarni,1983-12-04,1,8,0,2019-01-02
110,10,203,5,8,KGID100109,Manjunath Hegde,1980-08-17,1,5,0,2005-05-19
111,10,203,6,8,KGID100110,Santosh Reddy,1984-06-07,1,5,0,2020-03-30
112,10,203,6,8,KGID100111,Srinivas Bhandari,1988-12-10,1,5,0,2018-07-30
113,10,203,7,8,KGID100112,Vinay Hiremath,1981-01-24,1,8,0,2014-06-12
114,10,203,7,8,KGID100113,Manoj Iyer,1976-12-23,1,5,0,1995-06-02
115,10,203,7,8,KGID100114,Gopal Gowda,1988-01-30,1,5,0,1997-03-20
116,10,203,7,8,KGID100115,Lokesh Nayak,1990-05-14,1,3,0,2007-05-25
117,10,203,11,8,KGID100116,Yogesh Bhat,1987-02-19,1,7,0,2008-11-20
118,10,203,11,8,KGID100117,Kiran Desai,1997-10-17,1,5,0,2013-06-08
119,11,218,5,8,KGID100118,Manjunath Iyer,1975-04-07,1,5,0,2021-05-15
120,11,218,6,8,KGID100119,Dinesh Jadhav,1978-04-24,1,8,0,1998-01-08
121,11,218,6,8,KGID100120,Harish Kulkarni,1984-04-20,1,1,0,2012-04-24
122,11,218,7,8,KGID100121,Krishna Desai,1978-11-06,1,2,0,2014-05-25
123,11,218,7,8,KGID100122,Kiran Rao,1975-03-08,1,5,0,1998-09-08
124,11,218,11,8,KGID100123,Sandeep Kumar,1983-06-17,1,8,0,2021-09-09
125,11,218,11,8,KGID100124,Vijay Nayak,1980-10-25,1,7,0,2008-08-09
126,11,218,11,8,KGID100125,Basavaraj Poojary,1985-09-08,1,4,0,2009-03-29
127,12,248,5,8,KGID100126,Pradeep Achar,1971-11-06,1,6,0,2019-08-15
128,12,248,6,8,KGID100127,Raghavendra Devaraj,1974-08-30,1,8,0,1998-01-07
129,12,248,7,8,KGID100128,Shivakumar Jadhav,1981-04-11,1,7,0,2008-07-13
130,12,248,7,8,KGID100129,Gopal Poojary,1985-10-06,1,4,0,2001-09-07
131,12,248,7,8,KGID100130,Kiran Poojary,1982-12-20,1,7,0,2013-05-07
132,12,248,11,8,KGID100131,Basavaraj Hiremath,1980-10-26,1,6,0,2008-12-18
133,12,248,11,8,KGID100132,Ravi Reddy,1986-11-20,1,7,0,2007-05-18
134,13,270,5,8,KGID100133,Shivakumar Kamath,1983-12-04,1,7,0,1993-08-27
135,13,270,6,8,KGID100134,Savitri Iyer,1980-02-01,2,8,0,1996-04-10
136,13,270,6,8,KGID100135,Harish Devaraj,1989-02-27,1,4,0,2021-09-04
137,13,270,7,8,KGID100136,Ramesh Rao,1982-11-22,1,5,0,1999-11-18
138,13,270,7,8,KGID100137,Raghavendra Bhat,1994-07-26,1,6,0,1998-12-11
139,13,270,7,8,KGID100138,Dinesh Rao,1988-04-13,1,3,0,2010-03-22
140,13,270,7,8,KGID100139,Yogesh Bhandari,1976-07-01,1,3,0,2004-09-05
141,13,270,11,8,KGID100140,Lakshmi Kulkarni,1980-09-03,2,5,0,2009-08-28
142,13,270,11,8,KGID100141,Gopal Devaraj,1995-12-02,1,7,0,2009-07-13
143,13,270,11,8,KGID100142,Umesh Desai,1986-08-09,1,2,0,2017-06-21
144,14,284,5,8,KGID100143,Ravi Poojary,1976-03-24,1,5,1,2005-08-08
145,14,284,6,8,KGID100144,Sandeep Devaraj,1989-03-05,1,4,0,2000-04-28
146,14,284,7,8,KGID100145,Srinivas Nayak,1984-09-20,1,3,0,2003-10-02
147,14,284,7,8,KGID100146,Rajesh Kulkarni,1975-02-17,1,1,0,2022-07-28
148,14,284,7,8,KGID100147,Manoj Achar,1991-11-24,1,3,0,2014-07-21
149,14,284,11,8,KGID100148,Lokesh Nayak,1983-07-08,1,3,0,2007-04-25
150,14,284,11,8,KGID100149,Rajesh Kumar,1985-08-12,1,8,0,2000-07-18
151,14,284,11,8,KGID100150,Umesh Jadhav,1996-09-14,1,6,0,2002-06-18
152,15,304,5,8,KGID100151,Prakash Kulkarni,1976-01-06,1,6,0,2007-04-07
153,15,304,6,8,KGID100152,Kavya Hegde,1982-03-18,2,8,0,2011-06-29
154,15,304,6,8,KGID100153,Harish Patil,1973-07-30,1,8,0,1994-09-18
155,15,304,7,8,KGID100154,Shobha Naik,1986-02-12,2,1,0,2010-11-07
156,15,304,7,8,KGID100155,Krishna Jadhav,1980-11-13,1,3,0,2020-09-04
157,15,304,7,8,KGID100156,Mahesh Bhandari,1984-02-02,1,3,0,2000-04-06
158,15,304,7,8,KGID100157,Srinivas Achar,1975-11-24,1,5,0,1997-05-03
159,15,304,11,8,KGID100158,Santosh Bhat,1989-09-20,1,2,0,2009-05-23
160,15,304,11,8,KGID100159,Suresh Poojary,1989-04-06,1,5,0,2003-07-08
161,16,321,5,8,KGID100160,Harish Kamath,1984-05-23,1,1,0,2018-09-17
162,16,321,6,8,KGID100161,Girish Patil,1980-09-09,1,4,0,2019-03-20
163,16,321,6,8,KGID100162,Rajesh Kamath,1983-07-27,1,1,0,1999-10-25
164,16,321,7,8,KGID100163,Rajesh Rao,1991-11-04,1,2,0,2006-08-31
165,16,321,7,8,KGID100164,Rajesh Hegde,1995-11-02,1,6,0,2023-07-03
166,16,321,11,8,KGID100165,Vijay Kumar,1992-12-13,1,2,0,2019-06-02
167,16,321,11,8,KGID100166,Nagaveni Hiremath,1989-04-22,2,4,0,2005-11-12
168,16,321,11,8,KGID100167,Ramesh Gowda,1999-02-04,1,1,0,2007-08-05
169,17,335,5,8,KGID100168,Kiran Kulkarni,1975-06-09,1,2,0,2017-04-27
170,17,335,6,8,KGID100169,Basavaraj Nayak,1980-03-06,1,6,0,2019-12-01
171,17,335,7,8,KGID100170,Vijay Kamath,1976-04-16,1,7,0,2014-05-17
172,17,335,7,8,KGID100171,Manoj Shetty,1992-02-08,1,7,0,2003-03-31
173,17,335,7,8,KGID100172,Savitri Achar,1988-06-12,2,2,0,2013-05-17
174,17,335,7,8,KGID100173,Basavaraj Desai,1985-02-04,1,2,0,2015-06-27
175,17,335,11,8,KGID100174,Manoj Bhat,1998-11-21,1,3,0,2010-11-17
176,17,335,11,8,KGID100175,Kavya Achar,1982-03-30,2,6,0,2006-07-22
177,18,353,5,8,KGID100176,Nagaraj Kumar,1974-12-18,1,4,0,2005-07-31
178,18,353,6,8,KGID100177,Nagaraj Jadhav,1975-09-21,1,6,0,1996-11-14
179,18,353,7,8,KGID100178,Umesh Jadhav,1987-03-23,1,1,0,2016-05-29
180,18,353,7,8,KGID100179,Kiran Devaraj,1987-12-27,1,6,0,2018-08-17
181,18,353,11,8,KGID100180,Manjunath Reddy,1995-10-27,1,1,0,2005-06-15
182,18,353,11,8,KGID100181,Ramesh Iyer,1984-09-22,1,3,0,2011-06-05
183,18,353,11,8,KGID100182,Krishna Naik,1990-03-25,1,3,0,2004-11-24
184,19,370,5,8,KGID100183,Nagaveni Achar,1986-01-30,2,8,0,2018-08-17
185,19,370,6,8,KGID100184,Prakash Bhat,1977-08-26,1,7,0,2017-04-16
186,19,370,6,8,KGID100185,Suresh Hegde,1975-04-19,1,7,0,2002-08-03
187,19,370,7,8,KGID100186,Girish Reddy,1995-01-05,1,5,0,2017-08-02
188,19,370,7,8,KGID100187,Naveen Reddy,1993-01-05,1,7,0,2008-05-30
189,19,370,11,8,KGID100188,Manjunath Poojary,1993-04-27,1,1,0,2006-07-09
190,19,370,11,8,KGID100189,Mahesh Bhandari,1986-12-02,1,7,0,2013-03-16
191,19,370,11,8,KGID100190,Ravi Iyer,1987-08-15,1,3,0,2020-06-09
192,20,391,5,8,KGID100191,Mahesh Kumar,1973-01-25,1,4,0,2000-11-23
193,20,391,6,8,KGID100192,Umesh Devaraj,1978-04-19,1,6,0,2021-06-14
194,20,391,7,8,KGID100193,Vijay Hiremath,1990-12-01,1,4,0,2007-11-09
195,20,391,7,8,KGID100194,Radha Kumar,1984-07-15,2,3,0,2000-10-24
196,20,391,7,8,KGID100195,Naveen Desai,1990-03-07,1,8,0,2019-11-26
197,20,391,11,8,KGID100196,Rekha Iyer,1982-05-27,2,6,0,2002-03-24
198,20,391,11,8,KGID100197,Rajesh Nayak,1998-05-12,1,1,0,2009-08-03
199,20,391,11,8,KGID100198,Suresh Naik,1998-08-02,1,6,0,2009-05-19
200,21,412,5,8,KGID100199,Chandrashekar Kulkarni,1985-02-14,1,1,0,2018-04-19
201,21,412,6,8,KGID100200,Vijay Reddy,1984-07-30,1,1,0,2004-05-08
202,21,412,7,8,KGID100201,Suresh Hegde,1985-11-28,1,8,0,2007-10-10
203,21,412,7,8,KGID100202,Nagaraj Bhat,1979-04-20,1,5,0,2004-10-17
204,21,412,11,8,KGID100203,Rajesh Iyer,1990-01-27,1,2,0,2004-12-11
205,21,412,11,8,KGID100204,Vinay Kamath,1983-01-29,1,3,0,2011-08-13
206,21,412,11,8,KGID100205,Raghavendra Poojary,1982-02-06,1,3,0,2019-07-08
207,22,429,5,8,KGID100206,Shobha Hiremath,1985-08-05,2,2,0,1999-07-24
208,22,429,6,8,KGID100207,Nagaraj Devaraj,1977-04-27,1,3,0,2012-12-26
209,22,429,7,8,KGID100208,Basavaraj Reddy,1985-05-07,1,2,0,2017-09-10
210,22,429,7,8,KGID100209,Sandeep Hiremath,1992-04-24,1,1,0,1999-04-07
211,22,429,7,8,KGID100210,Shobha Rao,1976-11-06,2,3,0,2004-06-28
212,22,429,11,8,KGID100211,Suresh Achar,1981-10-19,1,6,0,2000-05-28
213,22,429,11,8,KGID100212,Pradeep Kulkarni,1993-05-26,1,4,0,2004-08-14
214,23,458,5,8,KGID100213,Sowmya Kulkarni,1978-05-17,2,8,0,2011-07-01
215,23,458,6,8,KGID100214,Naveen Shetty,1978-04-30,1,3,0,2007-06-06
216,23,458,6,8,KGID100215,Anand Kumar,1989-02-15,1,2,0,2008-06-29
217,23,458,7,8,KGID100216,Basavaraj Achar,1990-08-23,1,2,0,2009-04-18
218,23,458,7,8,KGID100217,Lokesh Gowda,1988-05-24,1,7,0,1995-07-15
219,23,458,7,8,KGID100218,Manjunath Bhat,1979-07-05,1,4,0,2016-06-20
220,23,458,7,8,KGID100219,Basavaraj Naik,1992-02-11,1,5,0,2013-10-22
221,23,458,11,8,KGID100220,Ramesh Kamath,1985-01-19,1,1,0,2019-05-08
222,23,458,11,8,KGID100221,Anand Kamath,2000-08-28,1,7,0,2017-10-19
223,23,458,11,8,KGID100222,Suresh Hegde,1991-09-10,1,7,0,2014-11-03
224,24,474,5,8,KGID100223,Srinivas Jadhav,1973-12-12,1,1,0,2016-04-23
225,24,474,6,8,KGID100224,Ravi Kamath,1983-10-30,1,6,0,2014-05-30
226,24,474,6,8,KGID100225,Vijay Bhat,1977-10-09,1,2,0,2002-11-25
227,24,474,7,8,KGID100226,Anand Gowda,1978-04-28,1,7,0,1998-04-24
228,24,474,7,8,KGID100227,Vinay Gowda,1994-02-17,1,6,0,2011-06-28
229,24,474,7,8,KGID100228,Pradeep Bhandari,1984-09-09,1,6,0,2000-11-15
230,24,474,11,8,KGID100229,Sandeep Kulkarni,1989-04-05,1,8,0,2013-10-07
231,24,474,11,8,KGID100230,Suresh Devaraj,1996-12-06,1,4,0,2001-05-18
232,25,490,5,8,KGID100231,Vijay Poojary,1981-12-21,1,8,0,2003-08-02
233,25,490,6,8,KGID100232,Umesh Iyer,1984-08-17,1,5,0,2012-12-11
234,25,490,6,8,KGID100233,Manoj Kulkarni,1979-06-03,1,7,0,1995-06-19
235,25,490,7,8,KGID100234,Nagaraj Hiremath,1990-04-30,1,5,0,2001-04-28
236,25,490,7,8,KGID100235,Anand Devaraj,1982-12-02,1,6,0,2010-10-05
237,25,490,11,8,KGID100236,Ramesh Kamath,1990-02-05,1,7,0,2014-08-01
238,25,490,11,8,KGID100237,Manoj Bhat,1986-07-15,1,7,0,2009-12-15
239,25,490,11,8,KGID100238,Nagaraj Hiremath,1999-11-30,1,3,0,2002-06-14
240,26,510,5,8,KGID100239,Basavaraj Patil,1983-03-06,1,4,0,1995-12-23
241,26,510,6,8,KGID100240,Sunita Kamath,1979-07-11,2,3,0,2011-03-21
242,26,510,6,8,KGID100241,Gopal Reddy,1979-07-06,1,6,0,2009-11-27
243,26,510,7,8,KGID100242,Ravi Rao,1975-08-24,1,8,0,2016-11-06
244,26,510,7,8,KGID100243,Kiran Kulkarni,1978-11-13,1,4,0,2015-08-24
245,26,510,7,8,KGID100244,Prakash Reddy,1986-01-20,1,2,0,2008-09-25
246,26,510,11,8,KGID100245,Dinesh Bhat,1986-11-27,1,2,0,2002-07-28
247,26,510,11,8,KGID100246,Roopa Hiremath,1991-08-09,2,4,0,2018-10-06
248,27,530,5,8,KGID100247,Ravi Bhat,1981-11-01,1,6,0,2008-04-28
249,27,530,6,8,KGID100248,Manjunath Devaraj,1973-11-08,1,7,0,2004-11-23
250,27,530,6,8,KGID100249,Sandeep Bhandari,1975-04-19,1,2,0,2010-06-10
251,27,530,7,8,KGID100250,Ramesh Hiremath,1985-02-16,1,6,0,2021-05-17
252,27,530,7,8,KGID100251,Pradeep Reddy,1978-02-19,1,7,0,2005-10-05
253,27,530,7,8,KGID100252,Raghavendra Rao,1994-11-06,1,3,0,2007-10-20
254,27,530,11,8,KGID100253,Umesh Patil,1993-07-15,1,5,0,2007-08-14
255,27,530,11,8,KGID100254,Srinivas Jadhav,1983-08-24,1,2,0,2019-08-01
256,27,530,11,8,KGID100255,Naveen Kamath,1995-03-11,1,6,0,2005-10-20
257,28,548,5,8,KGID100256,Harish Bhandari,1986-12-27,1,5,0,2018-12-11
258,28,548,6,8,KGID100257,Yogesh Jadhav,1977-03-02,1,5,0,2003-12-23
259,28,548,7,8,KGID100258,Raghavendra Kulkarni,1986-05-08,1,2,0,2016-06-10
260,28,548,7,8,KGID100259,Ramesh Shetty,1990-05-29,1,6,0,2010-05-03
261,28,548,7,8,KGID100260,Chandrashekar Reddy,1985-07-31,1,6,0,2000-07-15
262,28,548,11,8,KGID100261,Kavya Nayak,1997-07-28,2,8,0,2016-05-10
263,28,548,11,8,KGID100262,Umesh Kamath,1997-12-13,1,7,0,2014-06-22
264,29,565,5,8,KGID100263,Pradeep Rao,1982-07-28,1,8,0,2003-10-02
265,29,565,6,8,KGID100264,Yogesh Gowda,1976-05-02,1,2,0,1995-08-05
266,29,565,6,8,KGID100265,Girish Bhandari,1974-05-24,1,6,0,1993-09-08
267,29,565,7,8,KGID100266,Raghavendra Jadhav,1986-05-02,1,1,0,2004-05-11
268,29,565,7,8,KGID100267,Manoj Bhat,1982-11-04,1,7,0,1995-08-27
269,29,565,7,8,KGID100268,Girish Bhat,1983-12-16,1,5,0,2005-03-25
270,29,565,7,8,KGID100269,Vinay Kamath,1979-05-27,1,2,0,1999-04-02
271,29,565,11,8,KGID100270,Anand Bhat,1997-06-20,1,3,0,2012-07-15
272,29,565,11,8,KGID100271,Suresh Naik,1984-06-19,1,3,0,2007-12-17
273,29,565,11,8,KGID100272,Srinivas Hiremath,1985-04-20,1,3,0,2009-10-21
274,30,581,5,8,KGID100273,Gopal Iyer,1977-10-21,1,8,0,1998-08-08
275,30,581,6,8,KGID100274,Nagaraj Iyer,1981-05-13,1,2,0,1997-12-31
276,30,581,6,8,KGID100275,Srinivas Desai,1981-01-24,1,5,0,2003-12-25
277,30,581,7,8,KGID100276,Gopal Desai,1977-03-23,1,3,0,2016-12-08
278,30,581,7,8,KGID100277,Sunita Bhandari,1976-07-02,2,2,0,2019-09-01
279,30,581,11,8,KGID100278,Mahesh Shetty,1986-08-03,1,7,0,2010-10-20
280,30,581,11,8,KGID100279,Kiran Reddy,1981-05-15,1,4,0,2000-12-07
281,31,596,5,8,KGID100280,Naveen Kulkarni,1972-04-19,1,6,0,1999-08-01
282,31,596,6,8,KGID100281,Santosh Nayak,1982-03-05,1,5,0,2008-09-29
283,31,596,7,8,KGID100282,Kiran Desai,1986-08-16,1,6,0,2001-09-23
284,31,596,7,8,KGID100283,Gopal Jadhav,1978-08-25,1,7,0,2014-11-03
285,31,596,7,8,KGID100284,Raghavendra Naik,1983-07-19,1,5,0,1999-10-26
286,31,596,7,8,KGID100285,Manoj Desai,1993-07-15,1,4,0,2009-08-27
287,31,596,11,8,KGID100286,Basavaraj Kumar,1983-08-26,1,4,0,2006-08-20
288,31,596,11,8,KGID100287,Sunita Kumar,1984-09-17,2,7,0,2003-09-10
289,1,9,8,7,KGID100288,Ravi Jadhav,1978-11-22,1,3,0,2002-10-29
290,1,10,8,7,KGID100289,Pradeep Devaraj,1978-05-13,1,6,0,2003-09-27
291,1,11,8,7,KGID100290,Santosh Jadhav,1992-11-24,1,1,0,2003-03-20
292,1,12,8,7,KGID100291,Lokesh Naik,1988-06-10,1,7,0,1995-10-11
293,2,28,8,7,KGID100292,Ravi Devaraj,1988-08-14,1,2,0,1995-12-21
294,2,29,8,7,KGID100293,Vijay Desai,1983-08-19,1,3,0,2009-04-02
295,3,48,8,7,KGID100294,Shivakumar Rao,1979-08-26,1,8,0,2017-11-07
296,3,49,8,7,KGID100295,Rajesh Devaraj,1989-01-02,1,4,0,2000-07-19
297,3,50,8,7,KGID100296,Shwetha Iyer,1973-06-20,2,2,0,1997-06-04
298,3,51,8,7,KGID100297,Deepa Hegde,1990-10-07,2,1,0,2019-05-04
299,4,81,8,7,KGID100298,Shivakumar Devaraj,1986-05-27,1,1,0,1999-08-25
300,4,82,8,7,KGID100299,Dinesh Kumar,1982-01-22,1,8,0,2016-12-03
301,5,99,8,7,KGID100300,Kavya Devaraj,1981-01-25,2,6,0,2007-07-31
302,5,100,8,7,KGID100301,Ramesh Kamath,1986-11-03,1,6,0,2008-10-19
303,5,101,8,7,KGID100302,Rajesh Shetty,1976-05-16,1,4,0,1999-04-08
304,5,102,8,7,KGID100303,Vijay Bhat,1974-12-03,1,2,0,2007-05-23
305,6,126,8,7,KGID100304,Krishna Hiremath,1990-12-09,1,4,0,1997-04-03
306,6,127,8,7,KGID100305,Nagaveni Kumar,1989-10-17,2,4,0,2013-04-13
307,6,128,8,7,KGID100306,Nagaveni Naik,1978-11-27,2,8,0,1995-04-23
308,6,129,8,7,KGID100307,Anand Kulkarni,1980-05-23,1,5,0,2005-12-08
309,7,148,8,7,KGID100308,Manoj Shetty,1981-09-03,1,2,0,1998-01-07
310,7,149,8,7,KGID100309,Suresh Patil,1982-01-18,1,8,0,2021-03-31
311,7,150,8,7,KGID100310,Pradeep Achar,1980-10-11,1,6,0,1999-10-31
312,7,151,8,7,KGID100311,Chandrashekar Patil,1981-05-27,1,3,0,1996-06-29
313,8,166,8,7,KGID100312,Chandrashekar Hiremath,1982-11-12,1,3,0,2018-04-03
314,8,167,8,7,KGID100313,Raghavendra Kulkarni,1987-01-09,1,7,0,1999-12-28
315,9,183,8,7,KGID100314,Basavaraj Nayak,1986-09-06,1,4,0,2009-07-12
316,9,184,8,7,KGID100315,Srinivas Gowda,1990-12-24,1,4,0,1998-06-08
317,9,185,8,7,KGID100316,Srinivas Naik,1990-03-11,1,4,0,2022-05-19
318,9,186,8,7,KGID100317,Girish Naik,1981-06-01,1,3,0,2016-04-02
319,10,204,8,7,KGID100318,Shivakumar Bhandari,1984-09-13,1,6,0,1997-03-20
320,10,205,8,7,KGID100319,Mahesh Devaraj,1989-02-05,1,5,0,2007-09-15
321,11,219,8,7,KGID100320,Anand Desai,1975-10-16,1,1,0,2003-06-03
322,11,220,8,7,KGID100321,Shivakumar Achar,1973-02-04,1,7,0,2011-04-12
323,11,221,8,7,KGID100322,Yogesh Hegde,1981-10-09,1,4,0,1999-04-08
324,12,249,8,7,KGID100323,Anand Achar,1989-05-17,1,7,0,1994-12-11
325,12,250,8,7,KGID100324,Girish Iyer,1989-06-25,1,2,0,2016-08-26
326,12,251,8,7,KGID100325,Suresh Nayak,1982-11-25,1,7,0,2006-10-01
327,13,271,8,7,KGID100326,Girish Bhandari,1974-12-24,1,4,0,1996-12-02
328,13,272,8,7,KGID100327,Girish Shetty,1983-08-09,1,2,0,1994-01-02
329,14,285,8,7,KGID100328,Chandrashekar Hegde,1978-09-10,1,6,0,2001-09-25
330,14,286,8,7,KGID100329,Raghavendra Nayak,1981-05-18,1,6,0,2006-07-07
331,14,287,8,7,KGID100330,Pradeep Iyer,1978-05-19,1,4,0,2020-05-07
332,15,305,8,7,KGID100331,Manoj Reddy,1980-12-19,1,1,0,2005-09-15
333,15,306,8,7,KGID100332,Raghavendra Reddy,1975-03-23,1,4,0,2000-06-08
334,16,322,8,7,KGID100333,Pallavi Jadhav,1981-03-26,2,6,0,1997-09-05
335,16,323,8,7,KGID100334,Ramesh Rao,1978-02-18,1,6,0,2000-05-01
336,17,336,8,7,KGID100335,Harish Naik,1976-05-07,1,1,0,2018-04-01
337,17,337,8,7,KGID100336,Jayashree Reddy,1991-02-01,2,4,0,2022-12-30
338,17,338,8,7,KGID100337,Ramesh Bhat,1990-01-05,1,1,0,2017-04-20
339,17,339,8,7,KGID100338,Ravi Gowda,1974-05-11,1,7,0,2002-05-03
340,18,354,8,7,KGID100339,Ravi Hiremath,1977-08-25,1,7,0,2006-08-13
341,18,355,8,7,KGID100340,Vijay Reddy,1988-11-16,1,4,0,1994-11-21
342,18,356,8,7,KGID100341,Vinay Poojary,1977-09-05,1,2,0,1997-07-11
343,18,357,8,7,KGID100342,Kiran Hegde,1981-05-21,1,5,0,2005-09-04
344,19,371,8,7,KGID100343,Manjunath Poojary,1991-02-09,1,7,0,1996-12-23
345,19,372,8,7,KGID100344,Kiran Rao,1978-12-15,1,2,0,2004-01-03
346,19,373,8,7,KGID100345,Gopal Kumar,1980-02-16,1,1,0,1998-07-23
347,19,374,8,7,KGID100346,Lokesh Patil,1975-05-15,1,5,0,2015-12-12
348,20,392,8,7,KGID100347,Lokesh Iyer,1975-02-11,1,1,0,2022-10-03
349,20,393,8,7,KGID100348,Lokesh Patil,1975-11-01,1,5,0,1999-06-19
350,20,394,8,7,KGID100349,Dinesh Jadhav,1986-03-26,1,6,0,1997-06-23
351,21,413,8,7,KGID100350,Vijay Bhat,1989-01-22,1,1,0,2000-11-28
352,21,414,8,7,KGID100351,Pradeep Iyer,1986-12-03,1,1,0,2013-06-15
353,21,415,8,7,KGID100352,Anand Poojary,1979-05-06,1,7,0,2016-07-05
354,22,430,8,7,KGID100353,Pradeep Kamath,1975-02-09,1,5,0,2011-11-23
355,22,431,8,7,KGID100354,Chandrashekar Reddy,1991-11-28,1,7,0,2015-10-18
356,22,432,8,7,KGID100355,Ramesh Bhat,1990-11-24,1,5,0,2023-07-29
357,22,433,8,7,KGID100356,Anand Jadhav,1991-10-06,1,7,0,2010-05-21
358,23,459,8,7,KGID100357,Srinivas Kamath,1991-07-12,1,6,0,2006-11-20
359,23,460,8,7,KGID100358,Geetha Jadhav,1993-08-12,2,4,0,2010-06-21
360,24,475,8,7,KGID100359,Basavaraj Nayak,1988-01-25,1,5,0,2011-10-11
361,24,476,8,7,KGID100360,Vinay Achar,1989-12-08,1,5,0,2018-05-26
362,25,491,8,7,KGID100361,Pallavi Kamath,1991-07-09,2,4,0,2015-08-31
363,25,492,8,7,KGID100362,Shivakumar Kamath,1989-08-07,1,7,0,2023-06-14
364,25,493,8,7,KGID100363,Sandeep Kamath,1983-05-31,1,3,0,2013-05-29
365,25,494,8,7,KGID100364,Shivakumar Rao,1974-01-23,1,7,0,2017-05-03
366,26,511,8,7,KGID100365,Gopal Hegde,1984-01-21,1,6,0,2003-05-01
367,26,512,8,7,KGID100366,Girish Bhandari,1981-07-09,1,3,0,2020-03-20
368,27,531,8,7,KGID100367,Kiran Shetty,1976-12-30,1,8,0,1993-05-18
369,27,532,8,7,KGID100368,Basavaraj Devaraj,1991-06-14,1,4,0,2002-04-27
370,27,533,8,7,KGID100369,Manjunath Kulkarni,1989-06-07,1,8,0,1998-06-29
371,28,549,8,7,KGID100370,Nandini Naik,1976-04-28,2,6,0,1994-06-09
372,28,550,8,7,KGID100371,Prakash Hegde,1976-03-14,1,6,0,2003-11-25
373,29,566,8,7,KGID100372,Pradeep Iyer,1974-12-22,1,7,0,2005-06-16
374,29,567,8,7,KGID100373,Shwetha Jadhav,1990-08-30,2,4,0,2016-04-17
375,29,568,8,7,KGID100374,Shobha Bhat,1981-05-19,2,1,0,1999-04-27
376,30,582,8,7,KGID100375,Kavya Reddy,1984-06-12,2,6,0,1994-11-27
377,30,583,8,7,KGID100376,Nagaraj Desai,1979-09-29,1,2,0,2007-05-04
378,30,584,8,7,KGID100377,Suresh Kumar,1979-08-02,1,1,0,2021-08-02
379,31,597,8,7,KGID100378,Lokesh Hegde,1973-11-19,1,3,0,2002-10-15
380,31,598,8,7,KGID100379,Santosh Poojary,1983-03-31,1,3,0,2010-05-14
381,31,599,8,7,KGID100380,Nagaveni Bhandari,1980-06-23,2,7,0,2023-09-23
382,1,13,8,2,KGID100381,Gopal Kumar,1991-08-20,1,3,0,1999-12-07
383,1,13,9,1,KGID100382,Dinesh Desai,1993-05-19,1,6,0,2020-08-21
384,1,13,9,1,KGID100383,Nagaraj Bhat,1980-06-25,1,8,0,2005-11-09
385,1,13,10,3,KGID100384,Lokesh Kamath,1979-01-16,1,2,0,1998-08-09
386,1,13,10,3,KGID100385,Prakash Rao,1990-11-10,1,6,0,2016-07-31
387,1,13,10,3,KGID100386,Gopal Poojary,1984-06-26,1,7,0,2010-10-27
388,1,13,11,3,KGID100387,Anand Rao,1981-04-11,1,8,0,2001-10-11
389,1,13,11,3,KGID100388,Srinivas Naik,1996-07-30,1,6,0,1997-05-23
390,1,13,11,3,KGID100389,Anand Hiremath,1986-11-02,1,8,0,2017-06-21
391,1,13,11,3,KGID100390,Yogesh Rao,1986-06-12,1,2,0,2001-05-25
392,1,13,11,3,KGID100391,Vinay Hegde,1976-09-22,1,5,0,2014-12-19
393,1,13,12,3,KGID100392,Anand Hiremath,1990-03-26,1,2,0,2000-04-29
394,1,13,12,3,KGID100393,Sunita Kulkarni,1996-04-04,2,4,0,2012-04-02
395,1,13,12,3,KGID100394,Sunita Kulkarni,2001-02-06,2,5,0,2016-08-04
396,1,13,12,3,KGID100395,Girish Bhandari,2002-05-27,1,6,0,2020-09-03
397,1,13,12,3,KGID100396,Srinivas Reddy,1985-02-21,1,4,0,2010-10-13
398,1,13,12,3,KGID100397,Vinay Kamath,2003-03-21,1,3,0,2012-04-07
399,1,13,12,3,KGID100398,Vinay Hiremath,1982-08-15,1,2,0,2014-03-17
400,1,13,12,3,KGID100399,Umesh Reddy,1980-06-15,1,3,0,2022-08-14
401,1,13,12,3,KGID100400,Yogesh Reddy,1982-07-31,1,5,0,2016-06-16
402,1,13,12,3,KGID100401,Savitri Hiremath,1992-05-22,2,5,0,2021-11-16
403,1,13,12,3,KGID100402,Gopal Gowda,1993-05-21,1,2,0,2008-07-22
404,1,13,12,3,KGID100403,Umesh Patil,1990-02-18,1,7,0,2002-07-08
405,1,13,12,3,KGID100404,Shivakumar Devaraj,1991-09-23,1,6,0,2008-08-21
406,1,14,8,2,KGID100405,Krishna Naik,1979-05-09,1,1,0,1998-07-17
407,1,14,9,2,KGID100406,Ramesh Kulkarni,1997-11-05,1,1,0,1996-10-20
408,1,14,9,1,KGID100407,Krishna Devaraj,1986-09-29,1,3,0,2001-11-01
409,1,14,9,1,KGID100408,Vinay Patil,1991-11-23,1,6,0,2003-07-07
410,1,14,10,3,KGID100409,Harish Devaraj,1980-10-19,1,4,0,2022-06-14
411,1,14,10,3,KGID100410,Girish Desai,1998-01-12,1,2,0,2021-01-02
412,1,14,11,3,KGID100411,Ravi Gowda,1994-04-18,1,6,0,2002-05-25
413,1,14,11,3,KGID100412,Manjunath Hegde,1988-01-20,1,7,0,2019-05-04
414,1,14,11,3,KGID100413,Nagaraj Devaraj,1976-11-21,1,3,0,2020-07-26
415,1,14,11,3,KGID100414,Manjunath Hiremath,1975-11-06,1,1,0,2003-10-26
416,1,14,12,3,KGID100415,Harish Reddy,1999-05-27,1,7,0,2012-09-17
417,1,14,12,3,KGID100416,Shobha Kumar,1990-09-20,2,7,0,2021-11-12
418,1,14,12,3,KGID100417,Vinay Patil,1991-08-01,1,4,0,2019-08-30
419,1,14,12,3,KGID100418,Umesh Devaraj,1985-03-05,1,4,0,2014-12-22
420,1,14,12,3,KGID100419,Raghavendra Naik,1988-10-05,1,4,0,2000-06-21
421,1,14,12,3,KGID100420,Shwetha Gowda,2001-09-05,2,6,0,2008-11-30
422,1,14,12,3,KGID100421,Roopa Jadhav,2000-06-22,2,3,0,2005-06-05
423,1,14,12,3,KGID100422,Manjunath Gowda,1980-12-05,1,5,0,2023-03-08
424,1,14,12,3,KGID100423,Harish Hiremath,2003-06-17,1,7,0,2007-08-13
425,1,14,12,3,KGID100424,Anand Kamath,1992-11-27,1,3,0,2003-04-08
426,1,14,12,3,KGID100425,Rajesh Reddy,1995-11-29,1,6,0,2007-09-24
427,1,14,12,3,KGID100426,Raghavendra Achar,1984-02-13,1,4,0,2002-12-05
428,1,14,12,3,KGID100427,Srinivas Kamath,2002-05-29,1,1,0,2020-05-15
429,1,15,8,2,KGID100428,Kiran Gowda,1995-01-02,1,3,0,2001-10-29
430,1,15,9,1,KGID100429,Naveen Bhat,1988-04-17,1,3,0,2007-08-27
431,1,15,9,1,KGID100430,Rajesh Achar,1991-11-10,1,5,0,2023-07-15
432,1,15,10,3,KGID100431,Yogesh Kulkarni,1992-01-10,1,6,0,2005-11-28
433,1,15,10,3,KGID100432,Vani Kumar,1982-10-18,2,2,0,2012-10-16
434,1,15,11,3,KGID100433,Santosh Naik,1986-01-09,1,8,0,2022-12-27
435,1,15,11,3,KGID100434,Anand Achar,1997-10-08,1,4,0,1996-12-21
436,1,15,11,3,KGID100435,Gopal Bhat,1988-07-30,1,2,0,2015-11-26
437,1,15,11,3,KGID100436,Suresh Poojary,2000-10-07,1,2,0,2016-04-14
438,1,15,11,3,KGID100437,Anand Kulkarni,1992-08-02,1,1,0,2013-11-21
439,1,15,11,3,KGID100438,Manoj Kamath,1992-03-26,1,4,0,1998-08-06
440,1,15,11,3,KGID100439,Manoj Jadhav,1983-05-04,1,4,0,1999-09-30
441,1,15,12,3,KGID100440,Roopa Gowda,1991-12-28,2,6,1,2016-04-01
442,1,15,12,3,KGID100441,Kavya Shetty,1983-07-03,2,4,0,2000-08-03
443,1,15,12,3,KGID100442,Manjunath Naik,2003-10-26,1,4,0,2001-08-17
444,1,15,12,3,KGID100443,Ramesh Patil,1988-06-12,1,2,0,2001-07-01
445,1,15,12,3,KGID100444,Suresh Achar,1984-06-23,1,3,0,2021-03-18
446,1,15,12,3,KGID100445,Shivakumar Kulkarni,1996-07-30,1,5,0,2011-07-22
447,1,15,12,3,KGID100446,Basavaraj Kumar,1998-10-30,1,3,0,2005-11-12
448,1,15,12,3,KGID100447,Nagaraj Shetty,1994-06-14,1,8,0,2020-04-03
449,1,15,12,3,KGID100448,Manjula Kamath,1996-11-07,2,1,0,2021-10-14
450,1,15,12,3,KGID100449,Nagaraj Poojary,1994-10-25,1,1,0,2021-08-28
451,1,15,12,3,KGID100450,Nagaveni Jadhav,1996-10-10,2,4,0,2023-06-09
452,1,15,12,3,KGID100451,Suresh Hegde,2001-10-27,1,3,0,2020-12-27
453,1,16,9,2,KGID100452,Sowmya Bhandari,1986-01-24,2,5,0,2003-11-25
454,1,16,9,1,KGID100453,Nagaveni Reddy,1997-12-27,2,2,0,2021-09-23
455,1,16,9,1,KGID100454,Suresh Rao,1989-11-08,1,7,0,2022-05-11
456,1,16,10,3,KGID100455,Dinesh Achar,1988-04-30,1,3,0,2023-06-21
457,1,16,10,3,KGID100456,Krishna Reddy,1995-08-21,1,1,0,2015-05-21
458,1,16,11,3,KGID100457,Yogesh Achar,1982-09-08,1,8,0,2003-08-09
459,1,16,11,3,KGID100458,Pushpa Hiremath,1993-06-26,2,4,0,2019-06-03
460,1,16,11,3,KGID100459,Chandrashekar Bhat,1976-04-09,1,8,0,1998-12-30
461,1,16,11,3,KGID100460,Shivakumar Poojary,1986-07-18,1,5,0,2005-04-24
462,1,16,12,3,KGID100461,Vani Naik,1994-03-09,2,8,0,2016-12-19
463,1,16,12,3,KGID100462,Prakash Hegde,1980-03-18,1,4,0,2016-10-14
464,1,16,12,3,KGID100463,Umesh Poojary,1981-12-14,1,6,0,2016-03-15
465,1,16,12,3,KGID100464,Rajesh Bhat,1999-10-09,1,1,0,2016-07-25
466,1,16,12,3,KGID100465,Gopal Shetty,1993-03-24,1,8,0,2005-10-26
467,1,16,12,3,KGID100466,Suresh Hegde,1999-05-01,1,4,0,2022-11-17
468,1,16,12,3,KGID100467,Rajesh Reddy,1990-01-09,1,6,0,2013-09-23
469,1,16,12,3,KGID100468,Gopal Reddy,1994-12-09,1,2,0,2023-10-19
470,1,16,12,3,KGID100469,Gopal Kumar,1993-12-02,1,6,0,2012-06-16
471,1,16,12,3,KGID100470,Pallavi Iyer,2000-10-18,2,3,0,2000-05-29
472,1,16,12,3,KGID100471,Radha Bhandari,1987-01-20,2,3,0,2004-07-08
473,1,16,12,3,KGID100472,Naveen Gowda,1981-01-24,1,7,0,2014-10-31
474,1,16,12,3,KGID100473,Srinivas Iyer,1980-03-27,1,4,0,2022-10-01
475,1,16,12,3,KGID100474,Geetha Hegde,2001-04-27,2,6,0,2019-07-18
476,1,16,12,3,KGID100475,Ramesh Gowda,1999-02-16,1,5,0,2021-07-15
477,1,16,12,3,KGID100476,Rajesh Kumar,1982-12-08,1,1,0,2012-08-26
478,1,17,9,2,KGID100477,Yogesh Poojary,1984-10-17,1,6,0,1995-06-12
479,1,17,8,2,KGID100478,Naveen Kulkarni,1982-03-22,1,2,0,2003-09-14
480,1,17,9,1,KGID100479,Vinay Kumar,1998-08-10,1,2,0,2023-07-23
481,1,17,10,3,KGID100480,Anand Patil,1988-10-19,1,6,0,2000-11-30
482,1,17,10,3,KGID100481,Mahesh Rao,1981-05-09,1,7,0,2001-12-23
483,1,17,10,3,KGID100482,Mahesh Jadhav,1997-07-22,1,5,0,2017-09-28
484,1,17,11,3,KGID100483,Chandrashekar Bhandari,1992-09-09,1,8,0,2020-12-08
485,1,17,11,3,KGID100484,Raghavendra Kamath,1991-01-08,1,8,0,2010-11-22
486,1,17,11,3,KGID100485,Manjunath Desai,2001-09-23,1,2,0,2018-08-07
487,1,17,11,3,KGID100486,Manjunath Jadhav,1989-05-13,1,7,0,2008-08-23
488,1,17,11,3,KGID100487,Suresh Nayak,1989-07-04,1,8,0,2018-05-20
489,1,17,12,3,KGID100488,Basavaraj Kumar,1997-08-23,1,2,0,2005-12-06
490,1,17,12,3,KGID100489,Anand Naik,1987-06-13,1,7,0,2005-09-12
491,1,17,12,3,KGID100490,Gopal Hegde,1991-04-10,1,8,0,2002-05-09
492,1,17,12,3,KGID100491,Krishna Hiremath,1992-12-22,1,3,0,2007-03-20
493,1,17,12,3,KGID100492,Girish Shetty,1980-05-27,1,3,0,2018-10-10
494,1,17,12,3,KGID100493,Sandeep Reddy,2002-01-22,1,5,0,2010-09-24
495,1,17,12,3,KGID100494,Anand Poojary,1981-12-08,1,6,0,2021-06-18
496,1,17,12,3,KGID100495,Vijay Achar,1988-05-20,1,2,0,2023-03-08
497,1,17,12,3,KGID100496,Kavya Kumar,2000-03-22,2,2,0,2005-03-14
498,1,17,12,3,KGID100497,Chandrashekar Desai,1987-07-18,1,8,0,2010-08-23
499,1,17,12,3,KGID100498,Sunita Poojary,1996-06-15,2,6,0,2019-06-12
500,1,17,12,3,KGID100499,Ravi Iyer,2003-05-08,1,5,0,2015-06-28
501,1,18,9,2,KGID100500,Basavaraj Devaraj,1975-01-28,1,8,0,2020-09-08
502,1,18,9,2,KGID100501,Girish Kulkarni,1989-06-10,1,4,0,2004-11-22
503,1,18,9,1,KGID100502,Sandeep Naik,1986-05-07,1,3,0,2007-06-29
504,1,18,10,3,KGID100503,Pradeep Hiremath,1978-04-28,1,1,0,2011-10-28
505,1,18,10,3,KGID100504,Ramesh Naik,1994-12-10,1,6,0,2016-12-18
506,1,18,11,3,KGID100505,Vijay Poojary,1993-07-04,1,2,0,1997-05-16
507,1,18,11,3,KGID100506,Naveen Desai,1994-07-02,1,6,0,2008-05-22
508,1,18,11,3,KGID100507,Raghavendra Gowda,1975-09-03,1,7,0,2000-11-22
509,1,18,11,3,KGID100508,Harish Hegde,1983-09-24,1,4,0,1996-09-17
510,1,18,11,3,KGID100509,Yogesh Reddy,1988-04-22,1,3,0,2023-12-29
511,1,18,11,3,KGID100510,Kiran Nayak,2001-09-14,1,7,0,2015-08-01
512,1,18,11,3,KGID100511,Ramesh Devaraj,1990-05-19,1,7,0,2015-09-15
513,1,18,12,3,KGID100512,Anand Kamath,2004-04-19,1,5,0,2002-06-30
514,1,18,12,3,KGID100513,Vani Iyer,2001-05-05,2,5,0,2021-07-14
515,1,18,12,3,KGID100514,Basavaraj Hiremath,1982-02-12,1,4,0,2014-09-30
516,1,18,12,3,KGID100515,Dinesh Reddy,1985-06-18,1,1,0,2002-07-28
517,1,18,12,3,KGID100516,Chandrashekar Naik,1995-08-29,1,4,0,2010-06-12
518,1,18,12,3,KGID100517,Harish Desai,1982-09-20,1,6,0,2002-04-09
519,1,18,12,3,KGID100518,Raghavendra Kumar,1999-02-05,1,8,0,2006-10-06
520,1,18,12,3,KGID100519,Harish Patil,1996-03-27,1,4,0,2018-07-16
521,1,18,12,3,KGID100520,Nagaraj Nayak,1981-08-07,1,5,0,2010-07-20
522,1,18,12,3,KGID100521,Gopal Kamath,2001-05-11,1,2,0,2022-03-10
523,1,18,12,3,KGID100522,Vijay Devaraj,1998-04-26,1,7,0,2020-06-21
524,1,19,8,2,KGID100523,Gopal Kulkarni,1993-09-28,1,3,0,2013-06-09
525,1,19,8,2,KGID100524,Shivakumar Naik,1995-05-04,1,1,0,2013-10-06
526,1,19,9,1,KGID100525,Pallavi Patil,1993-10-14,2,3,0,2005-10-17
527,1,19,10,3,KGID100526,Yogesh Poojary,1980-06-06,1,1,0,2011-05-31
528,1,19,10,3,KGID100527,Shwetha Shetty,1994-07-01,2,1,0,2023-07-22
529,1,19,11,3,KGID100528,Raghavendra Reddy,1981-09-06,1,2,0,2016-07-11
530,1,19,11,3,KGID100529,Sandeep Naik,1983-08-08,1,5,0,2018-12-01
531,1,19,11,3,KGID100530,Shivakumar Achar,1987-04-19,1,3,0,2004-04-13
532,1,19,11,3,KGID100531,Naveen Poojary,1986-07-11,1,1,0,1999-10-04
533,1,19,11,3,KGID100532,Gopal Hiremath,1978-11-06,1,3,0,2017-12-23
534,1,19,11,3,KGID100533,Chandrashekar Nayak,1979-02-13,1,1,0,1998-12-20
535,1,19,11,3,KGID100534,Suresh Kumar,2000-02-03,1,7,0,2020-12-23
536,1,19,11,3,KGID100535,Kiran Reddy,1998-04-02,1,4,0,2015-05-07
537,1,19,12,3,KGID100536,Kavya Hiremath,1985-01-06,2,5,0,2014-06-03
538,1,19,12,3,KGID100537,Vijay Kamath,1982-11-02,1,2,0,2010-11-13
539,1,19,12,3,KGID100538,Pradeep Nayak,2001-04-27,1,4,0,2017-09-23
540,1,19,12,3,KGID100539,Anand Desai,1991-08-11,1,4,0,2018-12-14
541,1,19,12,3,KGID100540,Ravi Patil,1989-07-24,1,2,0,2017-01-02
542,1,19,12,3,KGID100541,Pradeep Hiremath,1983-05-04,1,2,0,2019-11-18
543,1,19,12,3,KGID100542,Ramesh Devaraj,2001-08-28,1,5,0,2003-09-11
544,1,19,12,3,KGID100543,Nagaraj Iyer,2001-10-09,1,7,0,2022-08-07
545,1,19,12,3,KGID100544,Dinesh Rao,2001-12-14,1,6,0,2023-10-24
546,1,19,12,3,KGID100545,Nagaraj Iyer,1990-02-25,1,3,0,2015-11-18
547,1,19,12,3,KGID100546,Kiran Desai,1992-05-20,1,7,0,2015-06-21
548,1,19,12,3,KGID100547,Umesh Rao,1999-11-11,1,2,0,2019-12-04
549,1,19,12,3,KGID100548,Naveen Kamath,1986-05-08,1,7,0,2005-05-27
550,1,19,12,3,KGID100549,Yogesh Desai,1985-12-27,1,2,0,2002-11-02
551,1,19,12,3,KGID100550,Deepa Gowda,1990-12-17,2,4,0,2021-08-22
552,1,19,12,3,KGID100551,Kiran Kamath,1983-07-22,1,2,0,2007-04-14
553,1,19,12,3,KGID100552,Savitri Reddy,1981-09-06,2,1,0,2008-07-12
554,1,20,8,2,KGID100553,Umesh Rao,1981-05-16,1,2,0,1996-04-30
555,1,20,9,2,KGID100554,Vijay Hegde,1990-07-24,1,7,0,2015-12-10
556,1,20,9,1,KGID100555,Rajesh Bhandari,1992-11-29,1,8,0,2009-05-23
557,1,20,9,1,KGID100556,Yogesh Gowda,1984-05-27,1,2,0,2013-11-05
558,1,20,10,3,KGID100557,Sandeep Patil,1999-03-28,1,5,0,2007-01-06
559,1,20,10,3,KGID100558,Shivakumar Bhat,1983-09-28,1,1,0,2003-05-19
560,1,20,11,3,KGID100559,Kiran Bhat,1987-07-25,1,8,0,2006-05-09
561,1,20,11,3,KGID100560,Shivakumar Bhat,1977-02-09,1,5,0,2017-01-02
562,1,20,11,3,KGID100561,Krishna Rao,1990-01-15,1,8,0,2020-12-10
563,1,20,11,3,KGID100562,Srinivas Shetty,1979-06-17,1,4,0,2020-08-25
564,1,20,11,3,KGID100563,Kiran Iyer,1989-09-21,1,2,0,2009-09-30
565,1,20,11,3,KGID100564,Pradeep Kulkarni,2000-02-17,1,8,0,1997-11-06
566,1,20,12,3,KGID100565,Vijay Naik,1988-11-02,1,7,0,2009-01-03
567,1,20,12,3,KGID100566,Naveen Reddy,1989-04-24,1,2,0,2018-03-13
568,1,20,12,3,KGID100567,Krishna Poojary,1985-03-06,1,7,0,2013-04-21
569,1,20,12,3,KGID100568,Shivakumar Devaraj,1982-09-06,1,8,0,2015-06-15
570,1,20,12,3,KGID100569,Raghavendra Jadhav,2000-06-09,1,6,0,2004-04-19
571,1,20,12,3,KGID100570,Girish Kamath,1987-02-21,1,5,0,2017-09-23
572,1,20,12,3,KGID100571,Vijay Jadhav,1983-11-05,1,6,0,2001-10-08
573,1,20,12,3,KGID100572,Gopal Bhandari,1980-07-15,1,7,0,2006-05-06
574,1,20,12,3,KGID100573,Vijay Kumar,1987-08-17,1,1,0,2010-12-30
575,1,20,12,3,KGID100574,Vinay Rao,2003-01-28,1,5,0,2022-09-22
576,1,20,12,3,KGID100575,Girish Jadhav,2000-12-06,1,1,0,2001-08-09
577,1,20,12,3,KGID100576,Umesh Hegde,1990-11-18,1,7,0,2004-03-25
578,1,21,9,2,KGID100577,Chandrashekar Achar,1975-02-07,1,6,0,2022-06-21
579,1,21,8,2,KGID100578,Sandeep Hegde,1997-09-01,1,6,0,2017-05-22
580,1,21,9,1,KGID100579,Raghavendra Kulkarni,1982-03-09,1,3,0,2017-09-26
581,1,21,10,3,KGID100580,Prakash Poojary,1998-10-04,1,1,0,2018-04-15
582,1,21,10,3,KGID100581,Gopal Nayak,1983-08-29,1,1,0,2019-10-13
583,1,21,10,3,KGID100582,Lokesh Iyer,1978-10-25,1,1,0,2022-10-16
584,1,21,11,3,KGID100583,Yogesh Bhandari,1981-03-02,1,6,0,1997-08-07
585,1,21,11,3,KGID100584,Naveen Hiremath,1979-08-03,1,2,0,2007-09-16
586,1,21,11,3,KGID100585,Chandrashekar Patil,1996-06-09,1,6,0,2006-04-07
587,1,21,11,3,KGID100586,Roopa Devaraj,1995-02-03,2,4,0,2013-07-19
588,1,21,11,3,KGID100587,Sandeep Gowda,1982-04-15,1,2,0,2008-03-24
589,1,21,12,3,KGID100588,Suresh Iyer,1990-09-08,1,7,0,2003-09-05
590,1,21,12,3,KGID100589,Manoj Devaraj,2001-06-23,1,1,0,2015-04-03
591,1,21,12,3,KGID100590,Ramesh Desai,1980-07-04,1,1,0,2007-04-21
592,1,21,12,3,KGID100591,Manjunath Kumar,1984-10-04,1,3,0,2013-04-16
593,1,21,12,3,KGID100592,Harish Patil,1980-04-11,1,4,0,2007-01-03
594,1,21,12,3,KGID100593,Sandeep Kumar,1980-09-24,1,4,0,2002-06-04
595,1,21,12,3,KGID100594,Shobha Gowda,1982-06-03,2,8,0,2003-12-02
596,1,21,12,3,KGID100595,Naveen Nayak,2003-11-23,1,2,0,2021-12-06
597,1,21,12,3,KGID100596,Ramesh Poojary,1997-08-28,1,7,0,2010-06-21
598,1,21,12,3,KGID100597,Ravi Kamath,1992-01-30,1,2,0,2020-04-04
599,1,21,12,3,KGID100598,Roopa Hiremath,1986-12-18,2,2,0,2001-12-01
600,1,21,12,3,KGID100599,Raghavendra Kulkarni,1983-08-10,1,7,0,2004-11-23
601,1,22,8,2,KGID100600,Basavaraj Poojary,1982-10-23,1,5,0,2006-09-16
602,1,22,8,2,KGID100601,Lakshmi Jadhav,1988-01-29,2,3,0,1995-07-02
603,1,22,9,1,KGID100602,Anand Jadhav,1999-03-20,1,2,0,2004-06-19
604,1,22,10,3,KGID100603,Krishna Hiremath,1977-07-20,1,3,0,2017-06-06
605,1,22,10,3,KGID100604,Girish Kumar,1993-02-27,1,3,0,1997-09-01
606,1,22,11,3,KGID100605,Ramesh Jadhav,1983-12-15,1,2,0,1996-04-02
607,1,22,11,3,KGID100606,Manoj Bhandari,1999-09-01,1,8,0,2020-09-23
608,1,22,11,3,KGID100607,Prakash Devaraj,1990-11-05,1,2,0,2002-09-09
609,1,22,11,3,KGID100608,Srinivas Devaraj,1991-05-06,1,3,0,2009-07-21
610,1,22,12,3,KGID100609,Ravi Iyer,1993-07-31,1,4,0,2010-10-11
611,1,22,12,3,KGID100610,Sandeep Bhat,1982-02-17,1,3,0,2010-08-17
612,1,22,12,3,KGID100611,Nagaraj Devaraj,1994-05-08,1,8,0,2009-05-22
613,1,22,12,3,KGID100612,Sandeep Nayak,1999-02-11,1,3,0,2004-11-26
614,1,22,12,3,KGID100613,Manoj Patil,1998-08-26,1,1,0,2000-11-29
615,1,22,12,3,KGID100614,Chandrashekar Bhandari,1984-12-26,1,4,0,2005-03-16
616,1,22,12,3,KGID100615,Yogesh Reddy,1987-08-30,1,6,0,2006-04-05
617,1,22,12,3,KGID100616,Basavaraj Kulkarni,1980-03-16,1,2,0,2000-08-12
618,1,22,12,3,KGID100617,Umesh Kamath,1989-01-04,1,3,0,2002-09-07
619,1,22,12,3,KGID100618,Gopal Bhandari,2000-05-23,1,3,0,2018-10-04
620,1,22,12,3,KGID100619,Pradeep Desai,1989-07-10,1,4,0,2022-09-12
621,1,22,12,3,KGID100620,Vijay Bhat,1993-09-11,1,7,0,2022-09-19
622,1,23,9,2,KGID100621,Prakash Hiremath,1996-12-18,1,5,0,2003-07-26
623,1,23,9,1,KGID100622,Naveen Poojary,1991-03-19,1,7,0,2006-03-21
624,1,23,9,1,KGID100623,Lokesh Hegde,1997-04-18,1,7,0,2015-06-26
625,1,23,10,3,KGID100624,Krishna Kamath,1989-05-05,1,1,0,1998-05-07
626,1,23,10,3,KGID100625,Manjunath Hiremath,1996-05-27,1,5,0,2018-09-08
627,1,23,10,3,KGID100626,Dinesh Hegde,1995-10-20,1,7,0,2012-11-05
628,1,23,11,3,KGID100627,Yogesh Shetty,1978-11-15,1,3,0,2008-05-05
629,1,23,11,3,KGID100628,Basavaraj Bhandari,1988-12-29,1,3,0,2016-12-12
630,1,23,11,3,KGID100629,Basavaraj Naik,1985-12-21,1,3,0,1995-03-22
631,1,23,11,3,KGID100630,Harish Gowda,1996-04-18,1,5,0,2011-03-23
632,1,23,11,3,KGID100631,Umesh Desai,1995-05-24,1,3,0,2004-05-10
633,1,23,11,3,KGID100632,Sandeep Rao,1988-03-08,1,5,0,2019-03-11
634,1,23,11,3,KGID100633,Santosh Poojary,1980-07-20,1,7,0,2009-12-01
635,1,23,11,3,KGID100634,Dinesh Achar,2001-09-25,1,3,0,2007-04-23
636,1,23,12,3,KGID100635,Krishna Jadhav,1999-05-09,1,2,0,2004-12-18
637,1,23,12,3,KGID100636,Sandeep Gowda,1983-11-06,1,7,0,2004-04-05
638,1,23,12,3,KGID100637,Jayashree Hegde,1993-12-17,2,8,0,2001-04-11
639,1,23,12,3,KGID100638,Prakash Achar,1992-07-13,1,3,0,2005-03-18
640,1,23,12,3,KGID100639,Srinivas Jadhav,1980-09-14,1,7,0,2021-08-10
641,1,23,12,3,KGID100640,Gopal Hiremath,2004-01-08,1,2,0,2001-01-04
642,1,23,12,3,KGID100641,Mahesh Bhat,1992-02-08,1,2,0,2017-07-26
643,1,23,12,3,KGID100642,Umesh Jadhav,1984-03-17,1,7,0,2015-08-24
644,1,23,12,3,KGID100643,Pradeep Shetty,1985-08-22,1,7,0,2002-06-18
645,1,24,9,5,KGID100644,Yogesh Nayak,1992-07-03,1,5,0,2006-03-28
646,1,24,9,1,KGID100645,Manoj Hegde,1987-11-01,1,8,0,2002-11-08
647,1,24,9,1,KGID100646,Chandrashekar Iyer,1994-11-18,1,1,0,2017-04-18
648,1,24,10,3,KGID100647,Sandeep Reddy,1981-01-09,1,8,0,1998-11-23
649,1,24,10,3,KGID100648,Santosh Bhat,1987-11-26,1,2,0,2021-08-21
650,1,24,11,3,KGID100649,Raghavendra Kamath,1978-06-30,1,1,0,2011-04-14
651,1,24,11,3,KGID100650,Ramesh Gowda,1975-10-16,1,4,0,2003-04-29
652,1,24,11,3,KGID100651,Suresh Kamath,1976-04-22,1,4,0,2014-09-27
653,1,24,11,3,KGID100652,Harish Gowda,1980-12-24,1,3,0,2012-09-04
654,1,24,11,3,KGID100653,Chandrashekar Bhandari,1993-06-18,1,4,0,2012-06-16
655,1,24,11,3,KGID100654,Nandini Devaraj,1978-01-17,2,6,0,2021-11-17
656,1,24,11,3,KGID100655,Ramesh Poojary,1975-08-25,1,1,0,2016-09-26
657,1,24,12,3,KGID100656,Manjunath Hiremath,1991-04-25,1,5,0,2020-03-22
658,1,24,12,3,KGID100657,Sandeep Bhandari,2001-04-19,1,5,0,2015-04-04
659,1,24,12,3,KGID100658,Pradeep Iyer,1992-03-26,1,8,0,2008-09-03
660,1,24,12,3,KGID100659,Vani Patil,1986-12-27,2,7,0,2008-11-07
661,1,24,12,3,KGID100660,Rajesh Iyer,1997-01-26,1,7,0,2001-09-12
662,1,24,12,3,KGID100661,Santosh Devaraj,1988-04-10,1,2,0,2023-08-21
663,1,24,12,3,KGID100662,Anitha Desai,1981-07-20,2,6,0,2021-03-25
664,1,24,12,3,KGID100663,Yogesh Shetty,1986-08-26,1,4,0,2018-09-28
665,1,25,9,6,KGID100664,Sandeep Kamath,1991-09-14,1,6,0,2017-08-29
666,1,25,9,1,KGID100665,Srinivas Gowda,1996-11-07,1,1,0,2021-04-25
667,1,25,10,3,KGID100666,Krishna Bhandari,1989-02-26,1,5,0,2013-04-27
668,1,25,10,3,KGID100667,Pradeep Bhandari,1984-08-20,1,3,0,2011-09-14
669,1,25,10,3,KGID100668,Vijay Bhat,1987-05-11,1,7,0,2006-12-21
670,1,25,11,3,KGID100669,Kiran Hiremath,1977-10-15,1,8,0,2009-11-05
671,1,25,11,3,KGID100670,Savitri Bhandari,2001-12-31,2,2,0,2002-09-22
672,1,25,11,3,KGID100671,Vinay Hegde,1982-09-01,1,5,0,2018-03-29
673,1,25,11,3,KGID100672,Yogesh Achar,1982-07-20,1,4,0,2012-10-02
674,1,25,12,3,KGID100673,Vinay Kulkarni,1980-07-05,1,3,0,2012-06-13
675,1,25,12,3,KGID100674,Manoj Nayak,1986-01-24,1,4,0,2016-11-13
676,1,25,12,3,KGID100675,Yogesh Gowda,1992-09-30,1,3,0,2019-10-19
677,1,25,12,3,KGID100676,Manoj Iyer,2000-02-19,1,8,0,2007-04-08
678,1,25,12,3,KGID100677,Prakash Rao,1987-03-26,1,1,0,2022-06-13
679,1,25,12,3,KGID100678,Ramesh Iyer,1996-05-09,1,5,0,2003-11-19
680,1,25,12,3,KGID100679,Ravi Achar,1987-03-31,1,2,0,2015-07-12
681,1,25,12,3,KGID100680,Gopal Jadhav,1983-03-07,1,3,0,2017-03-14
682,1,26,9,4,KGID100681,Yogesh Kulkarni,1986-07-28,1,2,0,2002-04-21
683,1,26,9,1,KGID100682,Umesh Rao,1990-05-17,1,6,0,2003-10-25
684,1,26,9,1,KGID100683,Manjunath Rao,1980-03-25,1,6,0,2011-11-30
685,1,26,10,3,KGID100684,Srinivas Poojary,1990-02-09,1,5,0,2014-08-21
686,1,26,10,3,KGID100685,Mahesh Rao,1989-03-15,1,3,0,2007-05-21
687,1,26,11,3,KGID100686,Manoj Patil,1997-09-09,1,4,0,2002-09-01
688,1,26,11,3,KGID100687,Anand Naik,1998-11-20,1,1,0,2021-05-05
689,1,26,11,3,KGID100688,Srinivas Reddy,1985-11-29,1,2,0,2020-08-21
690,1,26,11,3,KGID100689,Manoj Devaraj,1989-08-04,1,8,0,2016-08-30
691,1,26,11,3,KGID100690,Ravi Naik,1997-04-13,1,6,0,1997-10-13
692,1,26,11,3,KGID100691,Lokesh Nayak,1991-05-11,1,8,0,2009-04-04
693,1,26,11,3,KGID100692,Harish Bhandari,1979-04-11,1,7,0,2018-05-15
694,1,26,12,3,KGID100693,Yogesh Jadhav,1984-04-12,1,4,0,2014-07-11
695,1,26,12,3,KGID100694,Vinay Reddy,1990-08-05,1,5,0,2012-06-07
696,1,26,12,3,KGID100695,Yogesh Jadhav,1988-11-01,1,1,0,2012-08-11
697,1,26,12,3,KGID100696,Pradeep Achar,1989-05-10,1,5,0,2014-12-31
698,1,26,12,3,KGID100697,Mahesh Jadhav,2004-03-31,1,7,0,2012-09-30
699,1,26,12,3,KGID100698,Radha Nayak,1999-02-11,2,2,0,2011-06-26
700,1,26,12,3,KGID100699,Raghavendra Jadhav,1997-04-18,1,5,0,2004-08-20
701,1,26,12,3,KGID100700,Prakash Kulkarni,2002-10-05,1,8,0,2019-08-08
702,1,26,12,3,KGID100701,Ravi Reddy,1985-05-04,1,1,0,2017-07-23
703,1,26,12,3,KGID100702,Vinay Reddy,2004-10-02,1,8,0,2020-08-11
704,1,26,12,3,KGID100703,Yogesh Shetty,1997-11-22,1,6,0,2019-12-27
705,1,26,12,3,KGID100704,Shivakumar Patil,1989-07-03,1,3,0,2009-12-20
706,1,26,12,3,KGID100705,Pallavi Rao,1980-06-25,2,4,0,2021-03-30
707,1,26,12,3,KGID100706,Pradeep Hegde,1996-06-26,1,7,0,2023-11-01
708,1,26,12,3,KGID100707,Girish Kulkarni,1990-09-05,1,2,0,2000-12-21
709,1,26,12,3,KGID100708,Lokesh Iyer,1998-05-10,1,3,0,2011-07-30
710,1,26,12,3,KGID100709,Vinay Desai,2003-03-31,1,5,0,2007-11-05
711,2,30,8,2,KGID100710,Harish Achar,1976-09-23,1,6,0,2020-09-04
712,2,30,9,1,KGID100711,Rajesh Hegde,1991-03-16,1,1,0,2020-06-14
713,2,30,9,1,KGID100712,Nagaraj Patil,1981-01-23,1,4,0,2008-10-18
714,2,30,10,3,KGID100713,Sunita Naik,1998-01-21,2,6,0,2004-07-17
715,2,30,10,3,KGID100714,Basavaraj Desai,1978-04-13,1,4,0,1998-11-15
716,2,30,11,3,KGID100715,Nagaveni Shetty,1984-02-15,2,1,0,1999-07-15
717,2,30,11,3,KGID100716,Yogesh Kulkarni,1990-11-02,1,5,0,2015-12-15
718,2,30,11,3,KGID100717,Anand Bhat,1986-10-05,1,6,0,2005-10-03
719,2,30,11,3,KGID100718,Anitha Patil,1993-03-08,2,3,0,1996-03-31
720,2,30,11,3,KGID100719,Ramesh Gowda,1975-09-01,1,7,0,2006-07-03
721,2,30,11,3,KGID100720,Pradeep Kamath,2001-02-23,1,4,0,1996-07-06
722,2,30,11,3,KGID100721,Girish Hiremath,1999-02-04,1,8,0,2006-06-22
723,2,30,11,3,KGID100722,Mahesh Iyer,1997-02-28,1,2,0,2014-07-23
724,2,30,12,3,KGID100723,Naveen Naik,1983-12-08,1,4,0,2022-10-28
725,2,30,12,3,KGID100724,Harish Poojary,1998-11-18,1,8,0,2022-03-16
726,2,30,12,3,KGID100725,Nagaraj Hegde,1982-03-15,1,2,0,2015-12-10
727,2,30,12,3,KGID100726,Ramesh Naik,1998-02-06,1,6,0,2008-11-26
728,2,30,12,3,KGID100727,Sandeep Kamath,1991-07-05,1,5,0,2001-12-09
729,2,30,12,3,KGID100728,Girish Hiremath,1981-12-06,1,2,0,2014-11-26
730,2,30,12,3,KGID100729,Girish Hiremath,1997-04-10,1,4,0,2011-09-30
731,2,30,12,3,KGID100730,Jayashree Kumar,1999-03-28,2,6,0,2000-03-28
732,2,30,12,3,KGID100731,Naveen Rao,1982-02-05,1,7,0,2010-11-13
733,2,30,12,3,KGID100732,Lokesh Bhat,1983-10-23,1,6,0,2006-05-25
734,2,30,12,3,KGID100733,Deepa Kamath,1994-07-02,2,4,0,2010-05-30
735,2,30,12,3,KGID100734,Nagaraj Kulkarni,1998-06-29,1,8,0,2006-08-29
736,2,30,12,3,KGID100735,Vijay Reddy,2004-12-19,1,5,1,2014-12-27
737,2,30,12,3,KGID100736,Vani Jadhav,1997-09-20,2,3,0,2013-12-24
738,2,30,12,3,KGID100737,Vinay Bhat,1990-07-11,1,4,0,2019-10-25
739,2,30,12,3,KGID100738,Gopal Shetty,1995-11-22,1,2,0,2005-06-16
740,2,31,9,2,KGID100739,Sandeep Kumar,1992-05-04,1,5,0,1997-03-19
741,2,31,9,2,KGID100740,Roopa Achar,1995-12-11,2,7,0,1999-07-21
742,2,31,9,1,KGID100741,Harish Poojary,1996-09-13,1,1,0,2001-01-02
743,2,31,10,3,KGID100742,Basavaraj Iyer,1999-07-28,1,4,0,2006-03-23
744,2,31,10,3,KGID100743,Vijay Patil,1979-06-25,1,4,0,2009-03-17
745,2,31,11,3,KGID100744,Shivakumar Patil,1976-06-25,1,8,0,2019-10-28
746,2,31,11,3,KGID100745,Geetha Poojary,2000-04-01,2,7,0,2011-08-24
747,2,31,11,3,KGID100746,Girish Desai,1997-10-30,1,7,0,2008-03-25
748,2,31,11,3,KGID100747,Santosh Hegde,1995-03-27,1,2,0,2004-04-13
749,2,31,11,3,KGID100748,Manjunath Kumar,1988-07-28,1,7,0,2002-03-19
750,2,31,11,3,KGID100749,Srinivas Gowda,1990-10-04,1,5,0,2013-07-12
751,2,31,11,3,KGID100750,Srinivas Reddy,1990-02-28,1,8,0,1997-05-27
752,2,31,11,3,KGID100751,Basavaraj Patil,1975-09-16,1,2,0,2017-06-26
753,2,31,12,3,KGID100752,Ravi Iyer,1997-02-24,1,2,0,2019-08-09
754,2,31,12,3,KGID100753,Manoj Jadhav,1989-12-29,1,4,0,2013-09-19
755,2,31,12,3,KGID100754,Srinivas Reddy,1988-08-30,1,1,0,2006-05-04
756,2,31,12,3,KGID100755,Naveen Naik,1983-04-17,1,5,0,2022-08-25
757,2,31,12,3,KGID100756,Ramesh Gowda,1982-03-01,1,2,0,2015-12-08
758,2,31,12,3,KGID100757,Umesh Kumar,1996-02-03,1,1,0,2002-07-07
759,2,31,12,3,KGID100758,Vijay Kumar,1984-06-27,1,6,0,2016-06-23
760,2,31,12,3,KGID100759,Girish Hiremath,1985-04-13,1,8,0,2021-09-29
761,2,31,12,3,KGID100760,Lokesh Hiremath,1982-12-31,1,5,0,2022-08-29
762,2,31,12,3,KGID100761,Dinesh Bhat,1992-10-20,1,6,0,2023-07-09
763,2,31,12,3,KGID100762,Harish Nayak,1997-04-26,1,7,0,2015-12-04
764,2,31,12,3,KGID100763,Basavaraj Iyer,2004-03-27,1,7,0,2015-09-11
765,2,31,12,3,KGID100764,Mahesh Hegde,2002-06-25,1,3,0,2007-09-12
766,2,31,12,3,KGID100765,Anand Reddy,1995-03-05,1,4,0,2013-05-20
767,2,32,8,2,KGID100766,Lokesh Reddy,1993-08-03,1,7,0,2001-04-14
768,2,32,9,1,KGID100767,Shivakumar Patil,1995-02-07,1,2,0,2005-10-18
769,2,32,10,3,KGID100768,Jayashree Achar,1996-12-23,2,5,0,1999-07-29
770,2,32,10,3,KGID100769,Prakash Reddy,1980-08-24,1,3,0,2019-09-29
771,2,32,11,3,KGID100770,Rekha Hegde,1982-03-02,2,4,0,2015-03-20
772,2,32,11,3,KGID100771,Basavaraj Hiremath,2001-07-07,1,8,0,2021-05-03
773,2,32,11,3,KGID100772,Yogesh Desai,1990-10-07,1,3,0,1996-06-24
774,2,32,11,3,KGID100773,Vani Achar,1994-12-23,2,4,0,2010-12-29
775,2,32,11,3,KGID100774,Lokesh Kulkarni,1995-09-26,1,8,0,2021-10-04
776,2,32,12,3,KGID100775,Pradeep Naik,1990-09-05,1,7,0,2010-06-12
777,2,32,12,3,KGID100776,Srinivas Jadhav,1992-03-01,1,1,0,2000-03-21
778,2,32,12,3,KGID100777,Vijay Jadhav,1990-05-21,1,7,0,2022-08-30
779,2,32,12,3,KGID100778,Pradeep Naik,2003-03-27,1,4,0,2011-04-16
780,2,32,12,3,KGID100779,Naveen Achar,1992-08-06,1,5,0,2014-05-13
781,2,32,12,3,KGID100780,Ramesh Kulkarni,2003-01-18,1,2,0,2007-10-26
782,2,32,12,3,KGID100781,Basavaraj Poojary,2001-10-06,1,7,0,2005-04-02
783,2,32,12,3,KGID100782,Krishna Kulkarni,2004-10-06,1,2,0,2009-09-24
784,2,32,12,3,KGID100783,Kiran Kumar,1982-02-13,1,2,0,2001-10-16
785,2,32,12,3,KGID100784,Vijay Poojary,1990-02-19,1,3,0,2012-11-22
786,2,32,12,3,KGID100785,Gopal Reddy,1992-12-17,1,3,0,2018-07-16
787,2,32,12,3,KGID100786,Raghavendra Devaraj,1999-01-08,1,8,0,2022-06-02
788,2,32,12,3,KGID100787,Ravi Kamath,1999-11-08,1,5,0,2019-09-22
789,2,32,12,3,KGID100788,Srinivas Desai,1989-04-29,1,4,0,2007-01-04
790,2,33,9,2,KGID100789,Srinivas Kamath,1983-06-16,1,1,0,2009-11-26
791,2,33,9,2,KGID100790,Sunita Rao,1978-02-25,2,3,0,2006-09-22
792,2,33,9,1,KGID100791,Dinesh Bhandari,1988-12-22,1,5,0,2019-12-18
793,2,33,9,1,KGID100792,Naveen Rao,1997-12-13,1,5,0,2020-06-03
794,2,33,10,3,KGID100793,Rajesh Jadhav,1978-01-19,1,3,0,2004-03-19
795,2,33,10,3,KGID100794,Manjunath Devaraj,1977-03-22,1,6,0,2012-12-17
796,2,33,11,3,KGID100795,Sandeep Jadhav,1989-12-06,1,2,0,1999-06-04
797,2,33,11,3,KGID100796,Shivakumar Hiremath,1997-11-06,1,7,0,2001-08-20
798,2,33,11,3,KGID100797,Prakash Bhandari,1979-09-27,1,2,0,2004-12-08
799,2,33,11,3,KGID100798,Mahesh Kamath,1979-03-09,1,6,0,1998-08-14
800,2,33,11,3,KGID100799,Srinivas Bhandari,1983-02-26,1,8,0,2012-10-30
801,2,33,12,3,KGID100800,Rekha Hegde,1984-05-01,2,5,0,2008-10-05
802,2,33,12,3,KGID100801,Harish Kumar,2004-11-06,1,4,0,2023-05-09
803,2,33,12,3,KGID100802,Nagaraj Jadhav,1991-06-12,1,4,0,2022-07-16
804,2,33,12,3,KGID100803,Rajesh Patil,1998-01-19,1,5,0,2014-08-27
805,2,33,12,3,KGID100804,Dinesh Iyer,1987-07-29,1,6,0,2023-11-05
806,2,33,12,3,KGID100805,Girish Iyer,1986-03-01,1,6,0,2023-10-05
807,2,33,12,3,KGID100806,Yogesh Reddy,1989-05-12,1,8,0,2022-10-25
808,2,33,12,3,KGID100807,Lokesh Naik,1987-07-23,1,5,0,2009-06-08
809,2,33,12,3,KGID100808,Ravi Shetty,1983-08-03,1,6,0,2006-04-07
810,2,34,9,2,KGID100809,Shivakumar Poojary,1995-10-24,1,3,0,2015-12-20
811,2,34,9,2,KGID100810,Kiran Iyer,1992-03-10,1,1,0,2020-07-29
812,2,34,9,1,KGID100811,Nagaveni Devaraj,1997-04-28,2,4,0,2016-06-27
813,2,34,10,3,KGID100812,Pradeep Shetty,1995-11-12,1,2,0,2012-12-16
814,2,34,10,3,KGID100813,Girish Iyer,2000-05-04,1,8,0,2007-10-20
815,2,34,10,3,KGID100814,Basavaraj Kumar,1984-08-05,1,3,0,1999-07-25
816,2,34,11,3,KGID100815,Kavya Gowda,2000-05-16,2,5,0,2011-04-13
817,2,34,11,3,KGID100816,Shivakumar Kulkarni,1980-03-13,1,1,0,1996-11-25
818,2,34,11,3,KGID100817,Ravi Bhandari,1977-02-09,1,5,0,2000-08-01
819,2,34,11,3,KGID100818,Raghavendra Nayak,1995-07-28,1,6,0,2017-09-27
820,2,34,11,3,KGID100819,Naveen Nayak,1980-11-12,1,2,0,2015-10-20
821,2,34,11,3,KGID100820,Girish Jadhav,1982-03-31,1,6,0,2007-11-15
822,2,34,12,3,KGID100821,Gopal Hegde,1996-10-27,1,3,0,2001-08-15
823,2,34,12,3,KGID100822,Suresh Reddy,1985-07-21,1,1,0,2006-05-24
824,2,34,12,3,KGID100823,Suresh Patil,1983-12-17,1,7,0,2020-06-20
825,2,34,12,3,KGID100824,Rekha Bhat,1982-03-12,2,5,0,2005-05-23
826,2,34,12,3,KGID100825,Lokesh Kulkarni,1998-01-29,1,3,0,2006-11-27
827,2,34,12,3,KGID100826,Raghavendra Kulkarni,1982-05-17,1,8,0,2020-05-14
828,2,34,12,3,KGID100827,Lokesh Bhat,1997-10-26,1,7,0,2004-08-27
829,2,34,12,3,KGID100828,Yogesh Gowda,1983-07-26,1,2,0,2013-05-17
830,2,34,12,3,KGID100829,Manjula Bhat,1993-05-08,2,3,0,2009-10-10
831,2,34,12,3,KGID100830,Harish Patil,1992-11-15,1,5,0,2013-03-26
832,2,34,12,3,KGID100831,Srinivas Hegde,1992-03-12,1,3,0,2010-09-05
833,2,34,12,3,KGID100832,Sandeep Bhandari,1992-12-06,1,7,0,2013-09-20
834,2,34,12,3,KGID100833,Kiran Hegde,1991-03-25,1,3,0,2013-04-01
835,2,34,12,3,KGID100834,Prakash Bhandari,2002-01-07,1,8,0,2005-05-02
836,2,34,12,3,KGID100835,Chandrashekar Patil,2001-05-24,1,2,0,2018-07-30
837,2,34,12,3,KGID100836,Harish Naik,1985-06-30,1,2,0,2013-04-26
838,2,35,8,2,KGID100837,Pradeep Reddy,1979-02-21,1,3,0,1999-01-08
839,2,35,9,2,KGID100838,Girish Shetty,1985-03-01,1,6,0,2005-05-23
840,2,35,9,1,KGID100839,Manjunath Bhandari,1990-06-01,1,1,0,2001-07-15
841,2,35,10,3,KGID100840,Suresh Bhat,1984-06-18,1,1,1,2019-08-06
842,2,35,10,3,KGID100841,Umesh Gowda,1983-07-12,1,4,0,2020-08-11
843,2,35,10,3,KGID100842,Kiran Poojary,1982-06-24,1,7,0,2003-07-29
844,2,35,11,3,KGID100843,Pallavi Reddy,1984-09-24,2,4,0,2002-10-11
845,2,35,11,3,KGID100844,Basavaraj Devaraj,1975-07-13,1,3,0,1997-06-09
846,2,35,11,3,KGID100845,Manoj Desai,1999-02-10,1,7,0,2023-10-21
847,2,35,11,3,KGID100846,Umesh Kulkarni,1997-11-25,1,7,0,2019-06-05
848,2,35,11,3,KGID100847,Sandeep Kulkarni,1987-04-25,1,7,0,2010-03-29
849,2,35,12,3,KGID100848,Gopal Desai,1999-06-04,1,4,0,2005-01-03
850,2,35,12,3,KGID100849,Nagaraj Naik,1996-06-11,1,1,0,2006-03-17
851,2,35,12,3,KGID100850,Yogesh Patil,1982-07-07,1,3,0,2020-03-11
852,2,35,12,3,KGID100851,Manjunath Hiremath,1988-08-19,1,2,0,2009-04-16
853,2,35,12,3,KGID100852,Dinesh Jadhav,1984-02-06,1,5,0,2002-11-29
854,2,35,12,3,KGID100853,Ramesh Hiremath,1994-04-10,1,8,0,2023-05-07
855,2,35,12,3,KGID100854,Raghavendra Rao,1994-06-07,1,1,0,2012-08-07
856,2,35,12,3,KGID100855,Vinay Naik,1985-08-08,1,8,0,2000-03-25
857,2,35,12,3,KGID100856,Rajesh Kamath,1986-12-15,1,1,0,2002-08-11
858,2,35,12,3,KGID100857,Umesh Nayak,2002-11-03,1,5,0,2007-11-28
859,2,35,12,3,KGID100858,Manoj Kumar,1996-08-20,1,3,0,2015-12-28
860,2,35,12,3,KGID100859,Nagaraj Rao,1981-10-26,1,5,0,2002-05-24
861,2,35,12,3,KGID100860,Sunita Iyer,1997-05-04,2,2,0,2018-04-08
862,2,36,8,2,KGID100861,Santosh Kulkarni,1982-06-14,1,3,0,1999-06-26
863,2,36,9,1,KGID100862,Pradeep Kumar,1988-12-13,1,1,0,2003-08-25
864,2,36,9,1,KGID100863,Manoj Jadhav,1987-05-12,1,4,0,2014-05-06
865,2,36,10,3,KGID100864,Basavaraj Hiremath,1978-06-27,1,7,0,2008-08-24
866,2,36,10,3,KGID100865,Vijay Naik,1986-06-29,1,2,0,2002-07-30
867,2,36,11,3,KGID100866,Srinivas Nayak,1981-07-14,1,6,0,1996-06-01
868,2,36,11,3,KGID100867,Chandrashekar Kulkarni,1976-11-23,1,4,0,2015-03-11
869,2,36,11,3,KGID100868,Dinesh Rao,1983-10-04,1,6,0,2007-07-18
870,2,36,11,3,KGID100869,Ravi Achar,1981-01-07,1,2,0,1997-12-05
871,2,36,11,3,KGID100870,Manoj Devaraj,1980-05-28,1,5,0,2012-09-14
872,2,36,11,3,KGID100871,Srinivas Shetty,2001-02-23,1,2,0,2021-12-04
873,2,36,12,3,KGID100872,Chandrashekar Bhandari,2001-11-23,1,3,0,2004-11-01
874,2,36,12,3,KGID100873,Ramesh Patil,1982-10-09,1,8,0,2015-08-07
875,2,36,12,3,KGID100874,Vinay Rao,1996-06-03,1,2,0,2001-07-26
876,2,36,12,3,KGID100875,Suresh Nayak,2003-06-25,1,5,0,2011-07-19
877,2,36,12,3,KGID100876,Naveen Desai,2002-04-30,1,2,0,2017-06-16
878,2,36,12,3,KGID100877,Lokesh Kulkarni,1980-06-05,1,5,0,2017-11-10
879,2,36,12,3,KGID100878,Nagaveni Gowda,2002-12-01,2,8,0,2005-08-31
880,2,36,12,3,KGID100879,Vinay Reddy,1985-01-10,1,6,0,2022-06-17
881,2,36,12,3,KGID100880,Yogesh Achar,1987-01-09,1,7,0,2007-04-30
882,2,36,12,3,KGID100881,Ravi Poojary,1980-12-07,1,8,0,2006-09-13
883,2,36,12,3,KGID100882,Chandrashekar Naik,1987-07-11,1,2,0,2013-08-02
884,2,36,12,3,KGID100883,Pushpa Rao,1994-11-28,2,1,0,2009-08-10
885,2,36,12,3,KGID100884,Krishna Kumar,1983-10-06,1,6,0,2014-06-19
886,2,36,12,3,KGID100885,Basavaraj Naik,1984-05-31,1,4,0,2000-10-02
887,2,36,12,3,KGID100886,Manjunath Jadhav,1986-09-10,1,5,0,2008-06-20
888,2,36,12,3,KGID100887,Suresh Iyer,1991-01-01,1,1,0,2022-07-13
889,2,37,8,2,KGID100888,Dinesh Jadhav,1977-02-05,1,3,0,2007-05-17
890,2,37,8,2,KGID100889,Yogesh Gowda,1995-12-21,1,8,0,2000-10-27
891,2,37,9,1,KGID100890,Ravi Rao,1980-12-19,1,1,0,2016-10-29
892,2,37,10,3,KGID100891,Sandeep Bhandari,1997-05-19,1,2,0,2004-10-11
893,2,37,10,3,KGID100892,Manjunath Shetty,1997-11-10,1,7,0,2008-09-15
894,2,37,11,3,KGID100893,Kavya Bhandari,1975-01-31,2,3,0,2011-07-23
895,2,37,11,3,KGID100894,Gopal Rao,1976-09-25,1,6,0,1999-12-16
896,2,37,11,3,KGID100895,Naveen Bhat,1993-10-28,1,3,0,1999-06-10
897,2,37,11,3,KGID100896,Rajesh Kamath,1983-12-22,1,7,0,2019-11-13
898,2,37,12,3,KGID100897,Ravi Rao,2004-05-01,1,2,0,2021-12-30
899,2,37,12,3,KGID100898,Kiran Reddy,1986-08-18,1,4,0,2010-05-07
900,2,37,12,3,KGID100899,Radha Rao,1996-04-15,2,1,0,2009-06-09
901,2,37,12,3,KGID100900,Harish Devaraj,1982-05-01,1,6,0,2004-11-22
902,2,37,12,3,KGID100901,Vijay Kumar,1987-09-12,1,6,0,2017-11-04
903,2,37,12,3,KGID100902,Pushpa Nayak,1987-04-26,2,1,0,2016-05-11
904,2,37,12,3,KGID100903,Naveen Rao,2000-01-22,1,1,0,2008-04-26
905,2,37,12,3,KGID100904,Vinay Iyer,1993-08-16,1,8,0,2017-05-26
906,2,37,12,3,KGID100905,Naveen Gowda,1981-12-16,1,8,0,2006-10-08
907,2,37,12,3,KGID100906,Sowmya Bhandari,2002-09-08,2,6,0,2000-05-25
908,2,37,12,3,KGID100907,Kavya Iyer,1981-01-30,2,4,0,2013-09-09
909,2,37,12,3,KGID100908,Radha Patil,1981-06-14,2,8,0,2017-06-25
910,2,37,12,3,KGID100909,Lokesh Kamath,2003-05-28,1,8,0,2019-09-15
911,2,37,12,3,KGID100910,Harish Bhat,1993-10-31,1,5,0,2009-09-28
912,2,37,12,3,KGID100911,Suresh Nayak,2000-12-21,1,3,0,2001-03-22
913,2,37,12,3,KGID100912,Pradeep Iyer,1990-05-20,1,4,0,2010-10-10
914,2,37,12,3,KGID100913,Gopal Jadhav,1985-10-22,1,4,0,2003-10-12
915,2,38,9,2,KGID100914,Vinay Gowda,1991-03-13,1,7,0,2008-05-14
916,2,38,9,1,KGID100915,Gopal Hegde,1992-09-04,1,3,0,2013-05-27
917,2,38,9,1,KGID100916,Yogesh Hiremath,1999-06-08,1,1,0,2022-12-13
918,2,38,10,3,KGID100917,Nagaveni Desai,1988-05-09,2,4,0,1998-11-19
919,2,38,10,3,KGID100918,Girish Reddy,2000-01-18,1,6,0,2000-06-13
920,2,38,10,3,KGID100919,Dinesh Devaraj,1980-11-26,1,3,0,2023-05-02
921,2,38,11,3,KGID100920,Ramesh Reddy,1983-03-19,1,7,0,2023-05-15
922,2,38,11,3,KGID100921,Umesh Patil,1990-02-23,1,7,0,2010-01-05
923,2,38,11,3,KGID100922,Mahesh Nayak,1991-04-13,1,4,0,2022-08-04
924,2,38,11,3,KGID100923,Manoj Naik,1999-02-24,1,6,0,1995-07-22
925,2,38,11,3,KGID100924,Srinivas Naik,1998-06-25,1,6,0,2012-05-11
926,2,38,11,3,KGID100925,Anand Shetty,1981-03-31,1,3,0,2001-12-04
927,2,38,11,3,KGID100926,Manoj Bhandari,1994-04-07,1,4,0,2020-05-03
928,2,38,12,3,KGID100927,Krishna Nayak,1980-09-18,1,7,0,2013-07-08
929,2,38,12,3,KGID100928,Yogesh Hiremath,2002-06-30,1,2,0,2012-05-18
930,2,38,12,3,KGID100929,Ramesh Kamath,1987-01-28,1,6,0,2006-08-10
931,2,38,12,3,KGID100930,Manjunath Patil,1982-12-09,1,7,0,2017-05-14
932,2,38,12,3,KGID100931,Vinay Kumar,1995-11-30,1,3,0,2020-10-10
933,2,38,12,3,KGID100932,Manjula Achar,1998-04-16,2,3,0,2003-12-27
934,2,38,12,3,KGID100933,Raghavendra Shetty,1991-05-27,1,2,0,2000-12-28
935,2,38,12,3,KGID100934,Jayashree Bhandari,1997-04-16,2,6,0,2003-07-20
936,2,38,12,3,KGID100935,Sandeep Jadhav,1994-05-05,1,8,0,2005-04-10
937,2,39,8,2,KGID100936,Santosh Desai,1988-10-14,1,6,0,1998-08-28
938,2,39,8,2,KGID100937,Naveen Kamath,1993-07-12,1,3,0,2014-05-16
939,2,39,9,1,KGID100938,Naveen Hegde,1990-10-08,1,2,0,2018-10-17
940,2,39,9,1,KGID100939,Vinay Bhat,1989-03-21,1,3,0,2019-05-23
941,2,39,10,3,KGID100940,Nagaraj Reddy,1978-12-26,1,6,0,2002-07-29
942,2,39,10,3,KGID100941,Lokesh Gowda,1995-04-10,1,7,0,2014-11-03
943,2,39,11,3,KGID100942,Basavaraj Gowda,1977-10-30,1,6,0,2009-07-26
944,2,39,11,3,KGID100943,Pradeep Bhandari,1992-05-11,1,3,0,1995-08-14
945,2,39,11,3,KGID100944,Manoj Desai,1978-05-31,1,1,0,2013-11-08
946,2,39,11,3,KGID100945,Chandrashekar Kamath,1984-11-12,1,4,0,2014-12-23
947,2,39,11,3,KGID100946,Gopal Hiremath,1999-07-24,1,4,0,2022-09-25
948,2,39,11,3,KGID100947,Manjunath Jadhav,1977-08-23,1,8,0,2017-12-23
949,2,39,11,3,KGID100948,Yogesh Iyer,1999-04-20,1,1,0,2011-09-28
950,2,39,12,3,KGID100949,Nagaraj Poojary,1993-06-19,1,6,0,2019-05-30
951,2,39,12,3,KGID100950,Nandini Patil,1993-07-13,2,4,0,2014-05-21
952,2,39,12,3,KGID100951,Naveen Achar,1990-06-11,1,7,0,2009-08-11
953,2,39,12,3,KGID100952,Girish Devaraj,1986-03-10,1,8,0,2021-10-21
954,2,39,12,3,KGID100953,Manjunath Gowda,1988-07-22,1,7,0,2021-06-24
955,2,39,12,3,KGID100954,Ramesh Bhandari,1996-06-09,1,3,0,2018-03-25
956,2,39,12,3,KGID100955,Sunita Devaraj,1992-08-13,2,5,0,2006-04-30
957,2,39,12,3,KGID100956,Rajesh Gowda,1981-05-19,1,3,0,2016-12-21
958,2,39,12,3,KGID100957,Harish Devaraj,1984-02-20,1,7,0,2008-11-03
959,2,39,12,3,KGID100958,Prakash Nayak,1982-02-15,1,8,0,2016-12-20
960,2,39,12,3,KGID100959,Sowmya Desai,2002-03-06,2,7,0,2000-07-06
961,2,39,12,3,KGID100960,Roopa Hiremath,1984-01-25,2,1,0,2008-11-05
962,2,39,12,3,KGID100961,Shivakumar Kulkarni,1999-03-16,1,3,0,2022-10-20
963,2,39,12,3,KGID100962,Roopa Naik,2003-08-20,2,5,0,2012-06-04
964,2,39,12,3,KGID100963,Anitha Kumar,1984-12-02,2,3,0,2007-09-29
965,2,39,12,3,KGID100964,Dinesh Bhat,1994-01-23,1,2,0,2014-08-19
966,2,40,9,2,KGID100965,Raghavendra Bhat,1994-01-02,1,8,0,2019-04-13
967,2,40,8,2,KGID100966,Radha Shetty,1994-09-19,2,2,0,2019-04-21
968,2,40,9,1,KGID100967,Yogesh Bhat,1997-11-09,1,5,0,2019-12-26
969,2,40,10,3,KGID100968,Pradeep Iyer,1996-05-26,1,3,0,2004-04-14
970,2,40,10,3,KGID100969,Umesh Reddy,2000-11-07,1,4,0,2016-10-30
971,2,40,11,3,KGID100970,Kiran Kumar,1995-11-03,1,2,0,2021-05-30
972,2,40,11,3,KGID100971,Prakash Naik,1986-06-04,1,1,0,2022-09-24
973,2,40,11,3,KGID100972,Lakshmi Kumar,1993-12-17,2,2,0,2021-08-01
974,2,40,11,3,KGID100973,Naveen Bhat,1995-03-14,1,1,0,1995-09-29
975,2,40,11,3,KGID100974,Nagaraj Rao,1978-08-23,1,4,0,2005-07-12
976,2,40,12,3,KGID100975,Shwetha Shetty,2002-11-17,2,4,0,2005-12-30
977,2,40,12,3,KGID100976,Pushpa Hiremath,1999-04-07,2,8,0,2023-11-13
978,2,40,12,3,KGID100977,Anitha Bhat,1986-10-08,2,7,0,2009-11-12
979,2,40,12,3,KGID100978,Deepa Kumar,1988-09-15,2,8,0,2010-11-09
980,2,40,12,3,KGID100979,Anand Naik,2000-04-28,1,2,0,2012-08-10
981,2,40,12,3,KGID100980,Srinivas Devaraj,2001-06-23,1,8,0,2014-05-16
982,2,40,12,3,KGID100981,Umesh Patil,1991-08-14,1,8,0,2010-10-01
983,2,40,12,3,KGID100982,Dinesh Kumar,1993-10-09,1,7,0,2023-04-26
984,2,40,12,3,KGID100983,Basavaraj Poojary,1983-01-30,1,7,0,2021-11-02
985,2,40,12,3,KGID100984,Girish Iyer,2001-10-12,1,4,0,2021-06-30
986,2,40,12,3,KGID100985,Manoj Desai,1992-11-07,1,5,0,2016-05-31
987,2,40,12,3,KGID100986,Pradeep Poojary,1980-03-20,1,6,0,2005-08-20
988,2,40,12,3,KGID100987,Vinay Reddy,1985-06-17,1,8,0,2008-04-19
989,2,41,9,2,KGID100988,Lakshmi Kumar,1982-05-02,2,1,0,2016-10-27
990,2,41,9,1,KGID100989,Chandrashekar Kamath,1984-01-29,1,6,0,2023-10-03
991,2,41,10,3,KGID100990,Dinesh Hiremath,1981-02-26,1,8,0,2020-11-24
992,2,41,10,3,KGID100991,Yogesh Hiremath,1994-08-11,1,5,0,2002-04-28
993,2,41,11,3,KGID100992,Sunita Achar,1976-04-11,2,2,0,2006-12-28
994,2,41,11,3,KGID100993,Sunita Naik,1991-07-01,2,3,0,2009-05-15
995,2,41,11,3,KGID100994,Yogesh Achar,1977-08-10,1,3,0,1995-10-17
996,2,41,11,3,KGID100995,Gopal Desai,1989-05-05,1,8,0,1999-11-13
997,2,41,11,3,KGID100996,Vinay Desai,1996-04-23,1,7,0,2022-06-16
998,2,41,11,3,KGID100997,Ravi Bhandari,1990-08-17,1,1,0,2013-12-04
999,2,41,11,3,KGID100998,Ravi Iyer,1990-07-15,1,7,0,1998-03-16
1000,2,41,11,3,KGID100999,Suresh Hegde,1990-07-11,1,4,0,2010-07-10
1001,2,41,12,3,KGID101000,Umesh Devaraj,1995-03-11,1,2,0,2021-11-30
1002,2,41,12,3,KGID101001,Ramesh Achar,2004-04-05,1,7,0,2013-12-16
1003,2,41,12,3,KGID101002,Shivakumar Poojary,1982-05-16,1,7,0,2005-12-26
1004,2,41,12,3,KGID101003,Shivakumar Desai,2001-05-01,1,6,0,2020-09-19
1005,2,41,12,3,KGID101004,Yogesh Patil,1995-07-06,1,4,0,2010-09-24
1006,2,41,12,3,KGID101005,Rajesh Hegde,2003-08-07,1,2,0,2005-06-15
1007,2,41,12,3,KGID101006,Vinay Patil,1986-11-23,1,8,0,2005-07-18
1008,2,41,12,3,KGID101007,Vijay Devaraj,1993-11-30,1,7,0,2003-08-06
1009,2,41,12,3,KGID101008,Vinay Kamath,1994-09-28,1,8,0,2010-06-14
1010,2,41,12,3,KGID101009,Umesh Rao,1987-10-10,1,8,0,2023-04-13
1011,2,41,12,3,KGID101010,Rajesh Kamath,1981-05-17,1,7,0,2015-04-07
1012,2,41,12,3,KGID101011,Girish Bhat,1981-02-25,1,8,0,2022-04-10
1013,2,41,12,3,KGID101012,Mahesh Iyer,2000-01-22,1,2,0,2014-05-27
1014,2,42,9,2,KGID101013,Vinay Kamath,1989-08-16,1,4,0,2003-10-17
1015,2,42,8,2,KGID101014,Rajesh Devaraj,1993-10-02,1,8,0,2023-08-30
1016,2,42,9,1,KGID101015,Girish Rao,1986-06-08,1,5,0,2003-12-20
1017,2,42,10,3,KGID101016,Naveen Naik,1992-08-19,1,8,0,2002-04-01
1018,2,42,10,3,KGID101017,Umesh Patil,1999-11-26,1,7,0,2013-08-05
1019,2,42,11,3,KGID101018,Chandrashekar Reddy,1980-02-10,1,4,0,1995-11-24
1020,2,42,11,3,KGID101019,Dinesh Bhandari,1978-05-01,1,5,0,2020-04-10
1021,2,42,11,3,KGID101020,Pradeep Iyer,1999-09-08,1,6,0,2004-11-05
1022,2,42,11,3,KGID101021,Lokesh Achar,1978-06-27,1,4,0,1998-09-10
1023,2,42,11,3,KGID101022,Mahesh Nayak,1996-09-20,1,1,0,2015-05-24
1024,2,42,11,3,KGID101023,Anand Achar,1990-01-16,1,8,0,2020-07-24
1025,2,42,12,3,KGID101024,Kiran Bhat,1996-10-25,1,5,0,2012-05-06
1026,2,42,12,3,KGID101025,Radha Nayak,1985-12-24,2,7,0,2000-12-11
1027,2,42,12,3,KGID101026,Nandini Hegde,1982-07-10,2,8,0,2002-11-06
1028,2,42,12,3,KGID101027,Lokesh Hegde,1992-08-31,1,5,0,2014-11-19
1029,2,42,12,3,KGID101028,Krishna Achar,1999-05-28,1,1,0,2003-07-29
1030,2,42,12,3,KGID101029,Lokesh Iyer,2002-04-30,1,7,0,2008-06-08
1031,2,42,12,3,KGID101030,Vijay Patil,2001-10-16,1,6,0,2001-08-27
1032,2,42,12,3,KGID101031,Ramesh Gowda,1981-04-06,1,1,0,2000-07-24
1033,2,42,12,3,KGID101032,Lakshmi Poojary,1999-02-19,2,4,0,2009-10-28
1034,2,42,12,3,KGID101033,Naveen Hegde,1994-03-20,1,3,0,2021-11-07
1035,2,42,12,3,KGID101034,Yogesh Reddy,1983-06-15,1,5,0,2013-05-18
1036,2,42,12,3,KGID101035,Manjunath Achar,1986-07-27,1,6,0,2014-09-25
1037,2,42,12,3,KGID101036,Ravi Jadhav,1992-03-22,1,4,0,2016-12-24
1038,2,43,9,2,KGID101037,Suresh Poojary,1991-08-28,1,7,0,2001-10-13
1039,2,43,8,2,KGID101038,Prakash Gowda,1995-07-04,1,7,0,2018-03-19
1040,2,43,9,1,KGID101039,Santosh Shetty,1985-01-31,1,4,0,2008-11-06
1041,2,43,10,3,KGID101040,Chandrashekar Reddy,1992-08-14,1,7,0,2000-04-29
1042,2,43,10,3,KGID101041,Manoj Shetty,1981-09-23,1,7,0,1997-08-17
1043,2,43,10,3,KGID101042,Santosh Kamath,1996-12-24,1,8,0,2014-08-23
1044,2,43,11,3,KGID101043,Manjunath Gowda,1990-03-17,1,8,0,2002-05-18
1045,2,43,11,3,KGID101044,Kiran Poojary,1991-01-20,1,7,0,2011-09-19
1046,2,43,11,3,KGID101045,Suresh Naik,1993-12-02,1,6,0,2020-03-23
1047,2,43,11,3,KGID101046,Ravi Nayak,1986-07-13,1,7,0,2004-12-14
1048,2,43,11,3,KGID101047,Krishna Jadhav,1989-01-31,1,1,0,2012-10-29
1049,2,43,11,3,KGID101048,Lokesh Iyer,1993-10-14,1,8,0,2007-04-29
1050,2,43,12,3,KGID101049,Basavaraj Nayak,1994-01-10,1,2,0,2007-05-30
1051,2,43,12,3,KGID101050,Jayashree Devaraj,2000-04-26,2,5,0,2015-07-04
1052,2,43,12,3,KGID101051,Mahesh Rao,1980-08-29,1,6,0,2007-07-30
1053,2,43,12,3,KGID101052,Suresh Shetty,1989-10-24,1,3,0,2006-05-26
1054,2,43,12,3,KGID101053,Naveen Kulkarni,1999-12-20,1,7,0,2008-08-25
1055,2,43,12,3,KGID101054,Kiran Jadhav,1989-12-20,1,8,0,2009-07-07
1056,2,43,12,3,KGID101055,Manjunath Shetty,2001-10-23,1,5,0,2020-07-08
1057,2,43,12,3,KGID101056,Krishna Bhandari,1999-04-22,1,4,0,2015-03-22
1058,2,43,12,3,KGID101057,Mahesh Patil,2004-04-11,1,4,0,2005-10-06
1059,2,43,12,3,KGID101058,Raghavendra Kumar,1983-11-24,1,7,0,2013-12-22
1060,2,43,12,3,KGID101059,Manjunath Kulkarni,2001-07-25,1,8,0,2019-12-20
1061,2,43,12,3,KGID101060,Shivakumar Naik,1996-03-09,1,8,0,2003-01-05
1062,2,44,8,5,KGID101061,Shivakumar Naik,1991-12-16,1,2,0,1998-08-17
1063,2,44,9,5,KGID101062,Santosh Poojary,1995-06-18,1,2,0,2015-10-05
1064,2,44,9,1,KGID101063,Raghavendra Reddy,1993-10-17,1,2,0,2011-06-13
1065,2,44,10,3,KGID101064,Nagaraj Kumar,1987-08-05,1,6,0,2002-11-01
1066,2,44,10,3,KGID101065,Vinay Bhandari,1985-05-27,1,7,0,2011-05-07
1067,2,44,11,3,KGID101066,Mahesh Achar,1988-07-05,1,2,0,2004-10-03
1068,2,44,11,3,KGID101067,Harish Reddy,1991-05-17,1,8,0,2002-09-15
1069,2,44,11,3,KGID101068,Ramesh Achar,1981-04-18,1,2,0,2021-08-07
1070,2,44,11,3,KGID101069,Dinesh Devaraj,1986-08-10,1,4,0,2019-10-30
1071,2,44,12,3,KGID101070,Manjunath Naik,1995-03-23,1,2,0,2022-03-26
1072,2,44,12,3,KGID101071,Sandeep Nayak,1991-11-22,1,6,0,2009-03-20
1073,2,44,12,3,KGID101072,Nagaveni Rao,2002-04-24,2,3,0,2023-11-05
1074,2,44,12,3,KGID101073,Shivakumar Bhandari,2003-11-25,1,8,0,2010-08-06
1075,2,44,12,3,KGID101074,Lokesh Rao,1990-02-24,1,4,0,2015-07-14
1076,2,44,12,3,KGID101075,Mahesh Jadhav,1981-03-08,1,1,1,2015-11-11
1077,2,44,12,3,KGID101076,Ramesh Poojary,2001-12-31,1,8,0,2018-05-04
1078,2,44,12,3,KGID101077,Rajesh Devaraj,1985-07-10,1,2,0,2001-06-19
1079,2,44,12,3,KGID101078,Kiran Shetty,2004-09-30,1,1,0,2020-12-25
1080,2,44,12,3,KGID101079,Mahesh Jadhav,1984-10-28,1,4,0,2003-09-06
1081,2,44,12,3,KGID101080,Mahesh Gowda,1980-05-19,1,2,0,2019-05-06
1082,2,44,12,3,KGID101081,Yogesh Gowda,2000-01-13,1,8,0,2009-05-02
1083,2,44,12,3,KGID101082,Suresh Iyer,1998-08-10,1,1,0,2005-06-20
1084,2,44,12,3,KGID101083,Sowmya Kamath,1982-06-04,2,5,0,2010-04-27
1085,2,44,12,3,KGID101084,Santosh Naik,1992-05-05,1,1,0,2007-05-02
1086,2,44,12,3,KGID101085,Krishna Achar,1994-03-31,1,8,0,2021-08-18
1087,2,44,12,3,KGID101086,Jayashree Gowda,1985-02-14,2,3,0,2012-05-20
1088,2,45,8,6,KGID101087,Vijay Hegde,1982-07-19,1,6,0,2009-09-09
1089,2,45,9,1,KGID101088,Mahesh Bhat,1985-11-04,1,8,0,2014-06-19
1090,2,45,9,1,KGID101089,Kiran Patil,1994-02-24,1,8,0,2017-08-12
1091,2,45,10,3,KGID101090,Prakash Achar,1994-10-20,1,8,0,2004-04-30
1092,2,45,10,3,KGID101091,Roopa Nayak,1994-03-29,2,6,0,2022-12-24
1093,2,45,11,3,KGID101092,Shivakumar Achar,1996-04-25,1,2,0,2022-12-01
1094,2,45,11,3,KGID101093,Vinay Iyer,1998-03-26,1,6,0,2016-04-29
1095,2,45,11,3,KGID101094,Umesh Hiremath,1977-04-02,1,2,0,2015-10-19
1096,2,45,11,3,KGID101095,Prakash Kamath,1987-05-21,1,2,0,1997-11-13
1097,2,45,11,3,KGID101096,Harish Kumar,2000-04-22,1,4,0,2020-10-09
1098,2,45,12,3,KGID101097,Pradeep Hiremath,1999-08-11,1,8,0,2001-05-26
1099,2,45,12,3,KGID101098,Shivakumar Reddy,2001-10-20,1,2,0,2003-07-05
1100,2,45,12,3,KGID101099,Sandeep Desai,1990-06-11,1,6,0,2023-08-30
1101,2,45,12,3,KGID101100,Kiran Achar,1999-11-25,1,6,0,2015-06-28
1102,2,45,12,3,KGID101101,Rajesh Hegde,1997-10-22,1,3,0,2007-06-05
1103,2,45,12,3,KGID101102,Rajesh Bhat,1991-06-14,1,1,0,2009-04-16
1104,2,45,12,3,KGID101103,Manjunath Patil,1981-01-06,1,6,0,2001-04-18
1105,2,45,12,3,KGID101104,Chandrashekar Naik,1980-10-19,1,3,0,2010-12-05
1106,2,45,12,3,KGID101105,Raghavendra Achar,2003-02-17,1,7,0,2001-04-16
1107,2,45,12,3,KGID101106,Roopa Gowda,1982-04-03,2,5,0,2014-07-28
1108,2,45,12,3,KGID101107,Nagaveni Shetty,1985-10-27,2,8,0,2001-06-15
1109,2,45,12,3,KGID101108,Manjunath Naik,1984-06-17,1,6,0,2017-08-02
1110,2,45,12,3,KGID101109,Raghavendra Shetty,1981-11-08,1,2,0,2007-04-05
1111,2,45,12,3,KGID101110,Ravi Gowda,1995-04-17,1,5,0,2013-10-15
1112,2,45,12,3,KGID101111,Vijay Kumar,1980-08-09,1,1,0,2000-06-05
1113,2,46,9,4,KGID101112,Suresh Kumar,1977-04-28,1,8,0,2012-11-02
1114,2,46,8,4,KGID101113,Gopal Jadhav,1983-07-22,1,4,0,2016-03-12
1115,2,46,9,1,KGID101114,Dinesh Reddy,1990-02-02,1,7,0,2001-03-20
1116,2,46,9,1,KGID101115,Gopal Shetty,1992-11-16,1,6,0,2013-04-15
1117,2,46,10,3,KGID101116,Manjunath Patil,1996-01-09,1,1,0,2010-06-09
1118,2,46,10,3,KGID101117,Manjunath Bhat,1996-05-09,1,7,0,2017-05-20
1119,2,46,10,3,KGID101118,Yogesh Achar,1984-06-22,1,8,0,2015-03-11
1120,2,46,11,3,KGID101119,Shobha Hiremath,1986-06-11,2,3,0,1997-10-17
1121,2,46,11,3,KGID101120,Umesh Hiremath,1987-11-05,1,2,0,2001-04-20
1122,2,46,11,3,KGID101121,Anand Bhat,1987-05-13,1,2,0,2022-10-14
1123,2,46,11,3,KGID101122,Gopal Devaraj,1988-11-14,1,1,0,2020-06-27
1124,2,46,11,3,KGID101123,Raghavendra Devaraj,1998-07-01,1,8,0,2014-06-27
1125,2,46,11,3,KGID101124,Sunita Devaraj,1997-10-27,2,5,0,1998-06-07
1126,2,46,12,3,KGID101125,Anand Bhat,1981-05-06,1,2,0,2023-11-01
1127,2,46,12,3,KGID101126,Gopal Kulkarni,1991-05-08,1,6,0,2005-08-01
1128,2,46,12,3,KGID101127,Vijay Kulkarni,1989-03-05,1,8,0,2019-10-25
1129,2,46,12,3,KGID101128,Chandrashekar Hegde,2000-07-24,1,7,0,2021-06-07
1130,2,46,12,3,KGID101129,Harish Patil,2003-01-28,1,3,0,2009-08-16
1131,2,46,12,3,KGID101130,Anand Kumar,1986-02-22,1,2,0,2001-08-02
1132,2,46,12,3,KGID101131,Gopal Hiremath,1985-04-08,1,4,0,2005-12-10
1133,2,46,12,3,KGID101132,Naveen Gowda,1988-12-31,1,5,0,2020-04-05
1134,2,46,12,3,KGID101133,Geetha Jadhav,1997-01-11,2,6,0,2005-05-24
1135,2,46,12,3,KGID101134,Mahesh Rao,2003-04-30,1,7,0,2023-07-12
1136,2,46,12,3,KGID101135,Manjunath Kumar,1988-07-31,1,2,0,2011-08-27
1137,2,46,12,3,KGID101136,Pradeep Patil,1995-10-27,1,3,0,2018-08-26
1138,2,46,12,3,KGID101137,Srinivas Iyer,1991-01-27,1,3,0,2018-12-04
1139,3,52,8,2,KGID101138,Basavaraj Achar,1988-06-24,1,6,0,2020-07-23
1140,3,52,8,2,KGID101139,Radha Desai,1996-09-26,2,7,0,2016-03-09
1141,3,52,9,1,KGID101140,Anand Achar,1991-12-09,1,2,0,2013-05-12
1142,3,52,10,3,KGID101141,Vani Jadhav,1987-02-20,2,2,0,2016-12-25
1143,3,52,10,3,KGID101142,Raghavendra Bhandari,1983-02-12,1,7,0,1998-11-05
1144,3,52,11,3,KGID101143,Nagaraj Jadhav,1981-04-30,1,3,0,2017-10-23
1145,3,52,11,3,KGID101144,Suresh Gowda,1984-06-08,1,8,0,2006-05-20
1146,3,52,11,3,KGID101145,Ravi Naik,1982-08-16,1,8,0,2003-10-14
1147,3,52,11,3,KGID101146,Sandeep Shetty,1993-01-25,1,5,0,2011-07-10
1148,3,52,11,3,KGID101147,Raghavendra Patil,1978-04-14,1,7,0,2005-12-02
1149,3,52,11,3,KGID101148,Vinay Achar,1975-11-03,1,4,0,2000-03-29
1150,3,52,11,3,KGID101149,Harish Nayak,1976-08-03,1,8,0,1995-07-18
1151,3,52,11,3,KGID101150,Ramesh Kamath,1980-07-31,1,6,0,2013-09-19
1152,3,52,12,3,KGID101151,Rekha Desai,1982-11-04,2,1,0,2004-01-06
1153,3,52,12,3,KGID101152,Krishna Desai,1983-10-15,1,7,0,2010-03-27
1154,3,52,12,3,KGID101153,Lakshmi Kulkarni,1984-02-12,2,2,0,2021-04-02
1155,3,52,12,3,KGID101154,Naveen Gowda,1992-03-07,1,2,0,2012-06-20
1156,3,52,12,3,KGID101155,Manoj Gowda,1998-05-25,1,5,0,2023-09-11
1157,3,52,12,3,KGID101156,Sandeep Kamath,1982-07-12,1,5,0,2017-11-18
1158,3,52,12,3,KGID101157,Suresh Nayak,1997-09-10,1,8,0,2008-07-04
1159,3,52,12,3,KGID101158,Pushpa Poojary,1982-03-07,2,2,0,2017-12-31
1160,3,53,9,2,KGID101159,Dinesh Kamath,1992-04-01,1,3,0,2017-03-20
1161,3,53,8,2,KGID101160,Umesh Hegde,1995-11-04,1,5,0,2015-03-19
1162,3,53,9,1,KGID101161,Srinivas Nayak,1999-01-18,1,8,1,2002-04-10
1163,3,53,9,1,KGID101162,Umesh Iyer,1986-02-16,1,7,0,2002-12-12
1164,3,53,10,3,KGID101163,Nagaveni Desai,1987-08-23,2,6,0,2020-04-12
1165,3,53,10,3,KGID101164,Lokesh Achar,1999-09-15,1,8,0,2022-08-13
1166,3,53,11,3,KGID101165,Krishna Bhandari,1989-10-02,1,1,0,2013-11-24
1167,3,53,11,3,KGID101166,Lokesh Hegde,1994-01-20,1,4,0,2010-11-28
1168,3,53,11,3,KGID101167,Ravi Desai,1992-12-07,1,7,0,2003-11-19
1169,3,53,11,3,KGID101168,Santosh Kumar,1983-02-25,1,8,0,2013-08-29
1170,3,53,11,3,KGID101169,Vijay Hegde,1991-12-13,1,2,0,1997-07-22
1171,3,53,12,3,KGID101170,Gopal Kumar,1985-05-31,1,2,0,2020-05-19
1172,3,53,12,3,KGID101171,Rajesh Reddy,2003-06-27,1,1,0,2013-12-02
1173,3,53,12,3,KGID101172,Manjunath Kumar,1990-12-12,1,1,0,2014-05-28
1174,3,53,12,3,KGID101173,Srinivas Achar,1995-06-27,1,4,0,2011-11-17
1175,3,53,12,3,KGID101174,Chandrashekar Kulkarni,1983-02-26,1,7,0,2023-05-15
1176,3,53,12,3,KGID101175,Nagaveni Hiremath,1985-11-20,2,6,0,2013-12-22
1177,3,53,12,3,KGID101176,Gopal Shetty,2001-11-15,1,3,0,2023-11-29
1178,3,53,12,3,KGID101177,Manoj Kamath,1996-07-10,1,8,0,2010-05-04
1179,3,53,12,3,KGID101178,Raghavendra Bhandari,2000-12-15,1,7,0,2022-10-29
1180,3,54,9,2,KGID101179,Pradeep Reddy,1988-03-17,1,3,0,1995-04-07
1181,3,54,9,1,KGID101180,Ravi Hiremath,1980-07-20,1,3,0,2014-06-30
1182,3,54,9,1,KGID101181,Nagaraj Shetty,1983-03-31,1,4,0,2022-05-31
1183,3,54,10,3,KGID101182,Dinesh Desai,1994-12-04,1,8,0,2013-09-30
1184,3,54,10,3,KGID101183,Srinivas Devaraj,1990-03-19,1,7,0,2005-07-19
1185,3,54,10,3,KGID101184,Yogesh Hegde,1997-05-20,1,1,0,1998-12-18
1186,3,54,11,3,KGID101185,Santosh Desai,1979-09-17,1,6,0,2009-09-18
1187,3,54,11,3,KGID101186,Sandeep Gowda,1989-09-26,1,6,1,2011-10-03
1188,3,54,11,3,KGID101187,Basavaraj Devaraj,1990-12-25,1,8,0,2006-11-09
1189,3,54,11,3,KGID101188,Girish Shetty,1983-07-11,1,5,0,2022-12-18
1190,3,54,11,3,KGID101189,Santosh Rao,1993-10-11,1,4,0,2013-03-27
1191,3,54,11,3,KGID101190,Sandeep Reddy,1975-09-01,1,7,0,2020-12-23
1192,3,54,11,3,KGID101191,Ramesh Hegde,1998-07-18,1,6,0,2017-07-31
1193,3,54,12,3,KGID101192,Krishna Patil,1983-10-16,1,2,0,2007-05-29
1194,3,54,12,3,KGID101193,Chandrashekar Bhat,2000-10-01,1,6,0,2017-04-06
1195,3,54,12,3,KGID101194,Girish Jadhav,1984-09-07,1,5,0,2022-03-08
1196,3,54,12,3,KGID101195,Umesh Reddy,1994-09-04,1,8,0,2022-08-12
1197,3,54,12,3,KGID101196,Anitha Hiremath,2002-05-11,2,7,0,2002-12-05
1198,3,54,12,3,KGID101197,Vijay Kulkarni,1984-04-25,1,3,0,2012-04-24
1199,3,54,12,3,KGID101198,Kiran Desai,1993-04-14,1,8,0,2001-05-05
1200,3,54,12,3,KGID101199,Girish Hegde,1992-02-17,1,4,0,2005-12-19
1201,3,54,12,3,KGID101200,Mahesh Poojary,1997-06-19,1,3,0,2017-07-31
1202,3,54,12,3,KGID101201,Basavaraj Patil,1993-08-31,1,5,0,2006-11-24
1203,3,54,12,3,KGID101202,Ramesh Hiremath,1993-09-13,1,6,0,2005-12-16
1204,3,54,12,3,KGID101203,Rajesh Desai,1990-06-02,1,6,0,2010-07-01
1205,3,54,12,3,KGID101204,Vani Patil,2004-10-06,2,6,0,2009-09-08
1206,3,54,12,3,KGID101205,Harish Patil,1995-04-27,1,5,0,2007-04-02
1207,3,54,12,3,KGID101206,Suresh Jadhav,2001-11-07,1,4,0,2021-07-02
1208,3,54,12,3,KGID101207,Manoj Nayak,1983-07-27,1,4,0,2015-08-03
1209,3,54,12,3,KGID101208,Manjula Devaraj,2000-04-03,2,6,0,2015-12-31
1210,3,55,9,2,KGID101209,Yogesh Hiremath,1985-03-20,1,3,0,2000-01-02
1211,3,55,8,2,KGID101210,Vijay Bhandari,1990-09-24,1,8,0,2008-09-08
1212,3,55,9,1,KGID101211,Umesh Shetty,1985-07-20,1,7,0,2021-07-26
1213,3,55,10,3,KGID101212,Ramesh Jadhav,1978-06-13,1,1,0,2017-05-24
1214,3,55,10,3,KGID101213,Yogesh Bhat,1982-11-07,1,6,0,2014-12-31
1215,3,55,11,3,KGID101214,Pradeep Jadhav,1988-01-24,1,5,0,1999-06-16
1216,3,55,11,3,KGID101215,Shobha Reddy,2001-03-22,2,6,0,1998-12-23
1217,3,55,11,3,KGID101216,Umesh Poojary,1976-03-10,1,7,0,2004-03-19
1218,3,55,11,3,KGID101217,Girish Desai,1989-12-08,1,2,0,2006-06-23
1219,3,55,11,3,KGID101218,Manjunath Rao,1987-02-17,1,2,0,1995-08-07
1220,3,55,12,3,KGID101219,Ravi Rao,1999-12-22,1,4,0,2001-05-02
1221,3,55,12,3,KGID101220,Raghavendra Hiremath,1992-08-16,1,2,0,2017-09-06
1222,3,55,12,3,KGID101221,Shivakumar Achar,1993-04-18,1,7,0,2023-10-07
1223,3,55,12,3,KGID101222,Yogesh Patil,2001-11-01,1,7,0,2006-06-06
1224,3,55,12,3,KGID101223,Mahesh Desai,1998-11-02,1,3,0,2017-07-29
1225,3,55,12,3,KGID101224,Kiran Kulkarni,1995-03-14,1,5,0,2017-04-21
1226,3,55,12,3,KGID101225,Srinivas Hegde,2000-05-23,1,6,0,2021-06-12
1227,3,55,12,3,KGID101226,Sunita Patil,1989-05-19,2,5,0,2009-03-17
1228,3,55,12,3,KGID101227,Chandrashekar Kamath,1990-07-16,1,3,0,2001-08-08
1229,3,55,12,3,KGID101228,Ramesh Poojary,1999-02-25,1,3,0,2000-05-31
1230,3,55,12,3,KGID101229,Santosh Rao,2001-06-19,1,5,0,2001-12-16
1231,3,55,12,3,KGID101230,Kiran Shetty,1987-08-14,1,8,0,2002-12-04
1232,3,55,12,3,KGID101231,Manjunath Kumar,1980-04-03,1,6,0,2020-06-28
1233,3,56,8,2,KGID101232,Ramesh Gowda,1989-09-25,1,2,0,2007-12-15
1234,3,56,9,1,KGID101233,Umesh Shetty,1985-06-29,1,7,0,2013-06-14
1235,3,56,10,3,KGID101234,Shivakumar Kulkarni,1992-11-11,1,8,0,2001-10-30
1236,3,56,10,3,KGID101235,Kiran Kulkarni,1998-04-02,1,3,0,2002-09-05
1237,3,56,11,3,KGID101236,Srinivas Kumar,1993-10-18,1,3,0,2018-12-25
1238,3,56,11,3,KGID101237,Dinesh Gowda,1984-06-24,1,5,0,2018-11-25
1239,3,56,11,3,KGID101238,Krishna Jadhav,1990-10-10,1,4,0,2017-12-17
1240,3,56,11,3,KGID101239,Harish Kumar,2000-02-16,1,7,0,1998-04-16
1241,3,56,11,3,KGID101240,Suresh Poojary,1987-12-15,1,4,0,2005-01-04
1242,3,56,11,3,KGID101241,Ravi Achar,1990-09-09,1,1,0,2017-11-18
1243,3,56,11,3,KGID101242,Santosh Kumar,1991-10-03,1,3,0,2002-12-06
1244,3,56,11,3,KGID101243,Sandeep Iyer,2000-06-08,1,6,0,2007-11-12
1245,3,56,12,3,KGID101244,Chandrashekar Achar,1998-02-22,1,2,0,2017-04-01
1246,3,56,12,3,KGID101245,Ravi Poojary,2001-07-08,1,6,0,2013-10-08
1247,3,56,12,3,KGID101246,Dinesh Nayak,1998-05-18,1,6,0,2016-12-01
1248,3,56,12,3,KGID101247,Prakash Jadhav,1998-06-11,1,3,0,2014-04-24
1249,3,56,12,3,KGID101248,Dinesh Reddy,2001-03-05,1,6,0,2013-06-20
1250,3,56,12,3,KGID101249,Manjunath Iyer,1980-01-25,1,1,0,2013-05-03
1251,3,56,12,3,KGID101250,Harish Hegde,1986-05-26,1,1,0,2011-04-19
1252,3,56,12,3,KGID101251,Manoj Achar,1985-11-08,1,4,0,2014-09-05
1253,3,56,12,3,KGID101252,Raghavendra Shetty,2003-10-28,1,3,0,2012-04-24
1254,3,56,12,3,KGID101253,Manoj Iyer,1984-12-22,1,3,0,2016-05-21
1255,3,56,12,3,KGID101254,Manjula Gowda,1984-12-21,2,4,0,2007-06-08
1256,3,56,12,3,KGID101255,Anand Naik,1994-07-17,1,4,0,2016-09-20
1257,3,56,12,3,KGID101256,Vijay Iyer,1982-09-20,1,3,0,2004-06-25
1258,3,56,12,3,KGID101257,Girish Naik,2004-12-03,1,3,0,2008-12-01
1259,3,56,12,3,KGID101258,Sandeep Shetty,2000-11-21,1,4,0,2018-03-28
1260,3,56,12,3,KGID101259,Manoj Shetty,1991-05-15,1,4,0,2014-10-12
1261,3,57,8,2,KGID101260,Pushpa Nayak,1988-08-16,2,8,0,2005-05-22
1262,3,57,9,1,KGID101261,Yogesh Kulkarni,1988-06-20,1,7,0,2011-10-12
1263,3,57,10,3,KGID101262,Sandeep Desai,1977-06-05,1,1,0,1999-10-21
1264,3,57,10,3,KGID101263,Srinivas Jadhav,1987-11-29,1,3,0,1999-08-08
1265,3,57,11,3,KGID101264,Raghavendra Kulkarni,1996-08-29,1,5,0,2011-05-13
1266,3,57,11,3,KGID101265,Basavaraj Desai,1982-05-10,1,4,0,2021-07-16
1267,3,57,11,3,KGID101266,Manoj Bhat,1996-01-06,1,8,0,2023-04-21
1268,3,57,11,3,KGID101267,Chandrashekar Desai,1988-06-21,1,5,0,2000-06-30
1269,3,57,11,3,KGID101268,Kavya Poojary,1983-12-06,2,3,0,2010-12-17
1270,3,57,11,3,KGID101269,Vijay Desai,1988-09-01,1,6,0,1999-07-14
1271,3,57,11,3,KGID101270,Santosh Desai,1981-06-28,1,1,0,2010-09-01
1272,3,57,11,3,KGID101271,Kiran Reddy,1990-02-20,1,5,0,2001-12-24
1273,3,57,12,3,KGID101272,Srinivas Bhandari,1983-10-28,1,3,0,2015-08-31
1274,3,57,12,3,KGID101273,Chandrashekar Bhandari,1980-11-25,1,2,0,2003-06-25
1275,3,57,12,3,KGID101274,Vinay Devaraj,1998-06-05,1,7,0,2018-05-30
1276,3,57,12,3,KGID101275,Prakash Bhandari,1981-06-15,1,6,0,2000-11-23
1277,3,57,12,3,KGID101276,Kiran Devaraj,1996-09-22,1,1,0,2000-06-18
1278,3,57,12,3,KGID101277,Pradeep Achar,1990-01-09,1,7,0,2020-11-28
1279,3,57,12,3,KGID101278,Nagaraj Rao,1981-06-05,1,3,0,2018-10-05
1280,3,57,12,3,KGID101279,Sowmya Shetty,1999-04-25,2,3,0,2020-05-17
1281,3,57,12,3,KGID101280,Krishna Achar,1981-10-10,1,8,0,2017-08-24
1282,3,57,12,3,KGID101281,Manjunath Devaraj,1985-11-16,1,2,0,2003-10-14
1283,3,57,12,3,KGID101282,Gopal Hegde,1996-12-06,1,8,0,2013-12-20
1284,3,57,12,3,KGID101283,Vinay Gowda,1980-11-21,1,1,0,2023-12-02
1285,3,57,12,3,KGID101284,Pradeep Nayak,1989-01-06,1,8,0,2011-04-14
1286,3,57,12,3,KGID101285,Nagaraj Iyer,1994-03-05,1,6,0,2010-07-17
1287,3,58,9,2,KGID101286,Roopa Iyer,1976-06-22,2,2,1,2011-12-07
1288,3,58,9,1,KGID101287,Umesh Hiremath,1987-10-31,1,5,0,2023-11-01
1289,3,58,10,3,KGID101288,Vijay Achar,1993-07-04,1,4,1,2009-05-07
1290,3,58,10,3,KGID101289,Umesh Naik,1980-07-31,1,6,0,2023-07-02
1291,3,58,10,3,KGID101290,Manoj Kamath,1993-03-04,1,2,0,2008-06-15
1292,3,58,11,3,KGID101291,Manoj Poojary,1986-02-07,1,5,0,1996-11-18
1293,3,58,11,3,KGID101292,Sowmya Hiremath,1979-10-31,2,1,0,1996-04-17
1294,3,58,11,3,KGID101293,Umesh Kulkarni,1976-11-29,1,3,0,2014-03-30
1295,3,58,11,3,KGID101294,Santosh Hegde,1998-05-06,1,4,0,2002-04-06
1296,3,58,12,3,KGID101295,Jayashree Gowda,1983-01-18,2,3,0,2021-11-09
1297,3,58,12,3,KGID101296,Manoj Nayak,1994-06-26,1,8,0,2015-09-14
1298,3,58,12,3,KGID101297,Lokesh Jadhav,1983-11-09,1,8,0,2002-10-30
1299,3,58,12,3,KGID101298,Pradeep Kamath,1982-07-25,1,2,0,2016-03-15
1300,3,58,12,3,KGID101299,Umesh Achar,1992-06-27,1,4,0,2003-03-26
1301,3,58,12,3,KGID101300,Manjunath Iyer,2001-08-11,1,4,0,2021-11-06
1302,3,58,12,3,KGID101301,Umesh Iyer,2001-03-19,1,7,0,2012-10-31
1303,3,58,12,3,KGID101302,Girish Poojary,2004-07-30,1,7,0,2022-04-03
1304,3,58,12,3,KGID101303,Dinesh Kamath,1993-01-26,1,4,0,2019-04-12
1305,3,58,12,3,KGID101304,Shobha Devaraj,2004-04-05,2,4,0,2009-07-28
1306,3,59,9,2,KGID101305,Manoj Naik,1993-03-07,1,6,0,2014-10-22
1307,3,59,9,1,KGID101306,Yogesh Shetty,1996-08-20,1,8,0,2001-03-20
1308,3,59,10,3,KGID101307,Basavaraj Shetty,1988-12-10,1,4,0,1998-07-22
1309,3,59,10,3,KGID101308,Raghavendra Rao,1999-10-08,1,1,0,2008-06-19
1310,3,59,11,3,KGID101309,Nagaraj Poojary,1991-06-07,1,7,0,2002-05-10
1311,3,59,11,3,KGID101310,Kiran Jadhav,1978-08-21,1,7,0,2014-09-27
1312,3,59,11,3,KGID101311,Umesh Devaraj,1991-03-18,1,8,0,1996-12-12
1313,3,59,11,3,KGID101312,Raghavendra Reddy,1983-11-02,1,4,0,2009-05-03
1314,3,59,11,3,KGID101313,Nagaraj Bhandari,1978-10-04,1,2,0,2001-01-03
1315,3,59,11,3,KGID101314,Lokesh Naik,1997-06-29,1,2,0,2010-10-11
1316,3,59,11,3,KGID101315,Vijay Iyer,1986-10-11,1,7,0,2022-11-03
1317,3,59,12,3,KGID101316,Prakash Hegde,1984-06-18,1,7,0,2016-12-17
1318,3,59,12,3,KGID101317,Pradeep Patil,1982-03-12,1,8,0,2018-06-25
1319,3,59,12,3,KGID101318,Nagaraj Gowda,1984-06-29,1,2,0,2015-05-22
1320,3,59,12,3,KGID101319,Santosh Gowda,2001-05-01,1,8,0,2003-04-22
1321,3,59,12,3,KGID101320,Chandrashekar Desai,1981-11-24,1,7,0,2005-10-06
1322,3,59,12,3,KGID101321,Kiran Jadhav,2000-11-17,1,3,0,2013-12-03
1323,3,59,12,3,KGID101322,Sandeep Jadhav,1983-01-01,1,8,0,2011-03-27
1324,3,59,12,3,KGID101323,Pradeep Shetty,1986-04-10,1,2,0,2001-11-05
1325,3,59,12,3,KGID101324,Anand Kulkarni,1985-01-20,1,6,0,2019-01-01
1326,3,59,12,3,KGID101325,Manjunath Jadhav,2000-03-18,1,5,0,2017-10-13
1327,3,59,12,3,KGID101326,Raghavendra Bhat,2003-11-24,1,3,0,2020-04-18
1328,3,59,12,3,KGID101327,Suresh Hiremath,1984-01-11,1,5,0,2016-08-03
1329,3,59,12,3,KGID101328,Kiran Iyer,1990-10-30,1,6,0,2005-04-30
1330,3,60,8,2,KGID101329,Santosh Naik,1975-11-24,1,4,0,2002-12-16
1331,3,60,8,2,KGID101330,Gopal Bhat,1993-03-06,1,5,0,2006-09-18
1332,3,60,9,1,KGID101331,Vinay Nayak,1980-06-09,1,7,0,2021-03-27
1333,3,60,10,3,KGID101332,Vinay Achar,1995-06-18,1,3,0,2009-11-24
1334,3,60,10,3,KGID101333,Harish Shetty,1998-02-19,1,6,0,2000-08-23
1335,3,60,10,3,KGID101334,Mahesh Reddy,1980-04-25,1,6,0,2004-10-15
1336,3,60,11,3,KGID101335,Manjunath Nayak,1988-06-29,1,2,0,2023-08-29
1337,3,60,11,3,KGID101336,Shivakumar Patil,1980-04-06,1,6,0,2010-12-03
1338,3,60,11,3,KGID101337,Vinay Gowda,1977-08-26,1,2,0,2019-09-10
1339,3,60,11,3,KGID101338,Naveen Hiremath,1994-06-29,1,5,0,2020-10-31
1340,3,60,11,3,KGID101339,Nagaraj Bhandari,1976-05-07,1,5,0,2020-04-07
1341,3,60,12,3,KGID101340,Shivakumar Poojary,1985-11-21,1,3,0,2022-10-07
1342,3,60,12,3,KGID101341,Srinivas Poojary,1981-01-29,1,8,0,2006-03-30
1343,3,60,12,3,KGID101342,Shobha Reddy,1997-01-03,2,3,0,2002-04-20
1344,3,60,12,3,KGID101343,Kiran Hegde,1981-08-28,1,7,0,2022-06-27
1345,3,60,12,3,KGID101344,Vijay Devaraj,1999-05-28,1,5,0,2012-05-10
1346,3,60,12,3,KGID101345,Raghavendra Achar,1988-09-14,1,6,0,2014-11-21
1347,3,60,12,3,KGID101346,Manjunath Rao,1984-12-01,1,1,0,2021-09-02
1348,3,60,12,3,KGID101347,Jayashree Hiremath,1995-03-31,2,3,0,2008-12-31
1349,3,60,12,3,KGID101348,Kiran Kumar,1988-01-25,1,7,0,2002-04-10
1350,3,60,12,3,KGID101349,Nandini Bhat,1999-01-04,2,4,0,2001-06-04
1351,3,60,12,3,KGID101350,Srinivas Kulkarni,1983-04-16,1,3,0,2002-12-17
1352,3,60,12,3,KGID101351,Geetha Bhat,1980-04-18,2,3,0,2016-10-06
1353,3,60,12,3,KGID101352,Naveen Bhat,2003-06-04,1,2,0,2008-06-25
1354,3,60,12,3,KGID101353,Raghavendra Devaraj,1983-09-06,1,8,0,2006-11-07
1355,3,61,8,2,KGID101354,Girish Devaraj,1997-02-18,1,1,0,2005-06-19
1356,3,61,9,1,KGID101355,Ravi Kamath,1980-05-07,1,8,0,2022-07-04
1357,3,61,10,3,KGID101356,Anitha Poojary,1989-11-16,2,6,1,2023-07-07
1358,3,61,10,3,KGID101357,Vijay Hiremath,1987-05-04,1,3,0,2017-11-21
1359,3,61,11,3,KGID101358,Santosh Desai,1987-01-07,1,7,0,2019-08-28
1360,3,61,11,3,KGID101359,Anand Nayak,1990-06-04,1,2,0,1995-10-08
1361,3,61,11,3,KGID101360,Nagaraj Achar,1980-06-01,1,1,0,2018-10-24
1362,3,61,11,3,KGID101361,Raghavendra Naik,1979-10-03,1,3,0,2020-09-27
1363,3,61,11,3,KGID101362,Naveen Shetty,1978-07-27,1,8,0,1995-12-24
1364,3,61,12,3,KGID101363,Anand Desai,1996-11-08,1,3,0,2010-04-30
1365,3,61,12,3,KGID101364,Basavaraj Kumar,1980-06-21,1,2,0,2007-06-21
1366,3,61,12,3,KGID101365,Ravi Hegde,2000-10-19,1,1,0,2012-04-23
1367,3,61,12,3,KGID101366,Mahesh Desai,1994-06-03,1,5,0,2005-01-02
1368,3,61,12,3,KGID101367,Manoj Hiremath,2002-06-01,1,3,0,2016-10-17
1369,3,61,12,3,KGID101368,Dinesh Achar,1980-11-14,1,4,0,2015-08-31
1370,3,61,12,3,KGID101369,Srinivas Rao,2001-01-13,1,4,0,2000-04-25
1371,3,61,12,3,KGID101370,Radha Kumar,1986-02-22,2,3,0,2003-10-23
1372,3,61,12,3,KGID101371,Ravi Kamath,1996-10-01,1,4,0,2019-05-30
1373,3,61,12,3,KGID101372,Raghavendra Hegde,2003-06-26,1,4,0,2010-04-12
1374,3,61,12,3,KGID101373,Harish Naik,1989-12-09,1,5,0,2007-06-02
1375,3,61,12,3,KGID101374,Santosh Iyer,1993-08-18,1,1,0,2012-06-04
1376,3,61,12,3,KGID101375,Girish Devaraj,2004-12-10,1,8,0,2002-07-27
1377,3,61,12,3,KGID101376,Vani Desai,1985-11-20,2,6,0,2010-10-03
1378,3,62,8,2,KGID101377,Pradeep Reddy,1994-01-31,1,6,0,2023-03-26
1379,3,62,9,1,KGID101378,Radha Nayak,1988-03-14,2,4,0,2007-06-30
1380,3,62,10,3,KGID101379,Suresh Bhandari,1998-11-14,1,4,0,2019-11-03
1381,3,62,10,3,KGID101380,Srinivas Iyer,1986-11-21,1,5,0,2021-03-29
1382,3,62,11,3,KGID101381,Suresh Reddy,1977-10-01,1,4,0,2006-10-20
1383,3,62,11,3,KGID101382,Roopa Bhat,1979-09-05,2,8,0,1995-03-29
1384,3,62,11,3,KGID101383,Mahesh Hiremath,1998-05-29,1,1,0,2021-04-30
1385,3,62,11,3,KGID101384,Suresh Bhandari,1993-01-17,1,1,0,2019-08-08
1386,3,62,11,3,KGID101385,Yogesh Jadhav,1979-10-07,1,2,0,2000-06-18
1387,3,62,12,3,KGID101386,Pradeep Poojary,1980-04-26,1,7,0,2011-03-24
1388,3,62,12,3,KGID101387,Gopal Shetty,1998-10-05,1,1,0,2023-10-13
1389,3,62,12,3,KGID101388,Vinay Devaraj,1988-05-21,1,4,0,2007-04-13
1390,3,62,12,3,KGID101389,Santosh Naik,1996-03-31,1,4,0,2020-10-07
1391,3,62,12,3,KGID101390,Vinay Naik,1984-10-27,1,4,0,2015-10-28
1392,3,62,12,3,KGID101391,Harish Bhat,1998-04-09,1,6,0,2021-01-02
1393,3,62,12,3,KGID101392,Mahesh Kamath,1982-04-05,1,5,0,2015-10-28
1394,3,62,12,3,KGID101393,Santosh Nayak,2003-02-20,1,3,0,2023-07-04
1395,3,62,12,3,KGID101394,Prakash Poojary,2004-04-05,1,5,0,2002-03-15
1396,3,62,12,3,KGID101395,Sandeep Kulkarni,1984-03-07,1,4,0,2006-09-23
1397,3,62,12,3,KGID101396,Basavaraj Kulkarni,1998-03-16,1,4,0,2003-06-19
1398,3,63,9,2,KGID101397,Manjunath Desai,1986-10-27,1,3,0,1995-05-09
1399,3,63,9,1,KGID101398,Manoj Rao,1994-10-04,1,5,0,2005-04-30
1400,3,63,9,1,KGID101399,Manjunath Reddy,1994-10-10,1,2,0,2011-10-01
1401,3,63,10,3,KGID101400,Manoj Hiremath,1986-02-14,1,3,0,2011-11-15
1402,3,63,10,3,KGID101401,Chandrashekar Gowda,2000-03-04,1,2,0,2020-06-23
1403,3,63,10,3,KGID101402,Pradeep Patil,1980-12-20,1,5,0,2019-08-29
1404,3,63,11,3,KGID101403,Rajesh Kumar,1981-03-10,1,6,0,2023-12-29
1405,3,63,11,3,KGID101404,Pradeep Bhandari,1999-09-26,1,8,0,2019-05-03
1406,3,63,11,3,KGID101405,Radha Naik,1992-07-23,2,5,0,2008-10-18
1407,3,63,11,3,KGID101406,Prakash Jadhav,1998-12-28,1,5,0,1997-12-17
1408,3,63,11,3,KGID101407,Lokesh Hegde,1975-06-15,1,1,0,2020-01-03
1409,3,63,11,3,KGID101408,Santosh Poojary,1989-10-26,1,2,0,2012-08-11
1410,3,63,11,3,KGID101409,Nagaraj Patil,1998-09-15,1,6,0,2020-08-11
1411,3,63,11,3,KGID101410,Naveen Achar,1999-12-16,1,6,0,2004-10-21
1412,3,63,12,3,KGID101411,Srinivas Devaraj,1983-06-08,1,6,0,2019-08-02
1413,3,63,12,3,KGID101412,Lokesh Nayak,1996-04-27,1,2,0,2002-07-03
1414,3,63,12,3,KGID101413,Basavaraj Poojary,2000-02-06,1,8,0,2019-07-24
1415,3,63,12,3,KGID101414,Mahesh Nayak,1989-12-06,1,3,0,2020-03-13
1416,3,63,12,3,KGID101415,Shivakumar Desai,2000-10-05,1,7,0,2011-07-09
1417,3,63,12,3,KGID101416,Shobha Hegde,1991-03-07,2,7,0,2003-07-21
1418,3,63,12,3,KGID101417,Anand Jadhav,1989-04-09,1,4,0,2006-04-29
1419,3,63,12,3,KGID101418,Pradeep Hegde,1986-06-09,1,2,0,2007-03-17
1420,3,64,8,2,KGID101419,Pallavi Reddy,1992-01-01,2,2,0,2012-03-25
1421,3,64,9,1,KGID101420,Ramesh Reddy,1988-07-09,1,7,0,2019-08-06
1422,3,64,10,3,KGID101421,Prakash Reddy,1993-12-11,1,7,0,2000-10-29
1423,3,64,10,3,KGID101422,Kiran Kumar,1978-06-09,1,2,0,2012-12-08
1424,3,64,11,3,KGID101423,Nagaraj Reddy,1982-10-23,1,2,0,2023-10-19
1425,3,64,11,3,KGID101424,Basavaraj Rao,2001-03-21,1,8,0,1997-06-09
1426,3,64,11,3,KGID101425,Yogesh Achar,1978-04-17,1,6,0,2001-08-07
1427,3,64,11,3,KGID101426,Prakash Reddy,1981-01-21,1,1,0,2023-08-09
1428,3,64,11,3,KGID101427,Vijay Rao,2000-03-03,1,1,0,1999-10-12
1429,3,64,11,3,KGID101428,Anand Nayak,1988-01-27,1,5,0,1995-05-22
1430,3,64,11,3,KGID101429,Vijay Poojary,1988-10-21,1,3,0,2015-11-18
1431,3,64,12,3,KGID101430,Chandrashekar Rao,1992-02-27,1,2,0,2022-09-12
1432,3,64,12,3,KGID101431,Sandeep Poojary,1990-05-10,1,3,0,2013-06-11
1433,3,64,12,3,KGID101432,Vinay Kumar,1993-02-11,1,2,0,2010-09-28
1434,3,64,12,3,KGID101433,Raghavendra Rao,1985-07-23,1,2,0,2023-09-02
1435,3,64,12,3,KGID101434,Nandini Shetty,1986-01-05,2,1,0,2014-09-30
1436,3,64,12,3,KGID101435,Gopal Desai,2002-03-21,1,1,0,2005-12-15
1437,3,64,12,3,KGID101436,Pradeep Devaraj,2002-08-01,1,7,0,2023-07-04
1438,3,64,12,3,KGID101437,Basavaraj Kumar,1994-06-22,1,6,0,2000-07-09
1439,3,64,12,3,KGID101438,Rajesh Reddy,1981-04-29,1,1,0,2020-04-20
1440,3,64,12,3,KGID101439,Raghavendra Rao,1992-05-09,1,3,0,2005-12-18
1441,3,65,8,2,KGID101440,Krishna Shetty,1977-11-26,1,3,0,2001-09-11
1442,3,65,8,2,KGID101441,Deepa Kulkarni,1981-04-22,2,3,0,2000-04-15
1443,3,65,9,1,KGID101442,Krishna Poojary,1988-02-25,1,4,0,2010-12-16
1444,3,65,10,3,KGID101443,Gopal Desai,1981-03-07,1,2,0,2021-10-16
1445,3,65,10,3,KGID101444,Yogesh Kumar,1996-08-02,1,8,0,2006-11-23
1446,3,65,11,3,KGID101445,Gopal Bhat,1992-10-18,1,6,0,2021-08-12
1447,3,65,11,3,KGID101446,Vinay Desai,1996-01-10,1,5,0,1999-05-18
1448,3,65,11,3,KGID101447,Gopal Desai,1987-02-12,1,1,0,2019-11-01
1449,3,65,11,3,KGID101448,Nagaveni Bhat,1992-06-17,2,6,0,2010-10-31
1450,3,65,12,3,KGID101449,Vani Naik,1983-06-14,2,1,0,2007-05-21
1451,3,65,12,3,KGID101450,Basavaraj Kumar,1997-01-14,1,5,0,2007-01-02
1452,3,65,12,3,KGID101451,Chandrashekar Kulkarni,1986-06-20,1,2,0,2021-09-10
1453,3,65,12,3,KGID101452,Prakash Patil,1990-02-15,1,3,0,2006-05-13
1454,3,65,12,3,KGID101453,Deepa Patil,1992-06-01,2,6,0,2017-06-12
1455,3,65,12,3,KGID101454,Kavya Nayak,1985-05-07,2,8,0,2017-05-05
1456,3,65,12,3,KGID101455,Shivakumar Bhandari,2000-05-11,1,1,0,2019-09-16
1457,3,65,12,3,KGID101456,Rajesh Achar,1980-07-01,1,8,0,2022-07-01
1458,3,65,12,3,KGID101457,Vinay Nayak,1998-12-27,1,3,0,2002-06-05
1459,3,65,12,3,KGID101458,Raghavendra Kulkarni,2002-08-19,1,7,0,2011-11-25
1460,3,66,9,2,KGID101459,Shivakumar Devaraj,1992-12-12,1,3,0,2021-05-28
1461,3,66,9,2,KGID101460,Kiran Achar,1982-05-13,1,6,0,2006-10-16
1462,3,66,9,1,KGID101461,Rajesh Kamath,1981-06-26,1,4,0,2023-03-21
1463,3,66,10,3,KGID101462,Shivakumar Iyer,1979-03-22,1,1,0,2004-10-24
1464,3,66,10,3,KGID101463,Prakash Achar,1986-10-27,1,5,0,2008-07-27
1465,3,66,10,3,KGID101464,Harish Kulkarni,2000-05-21,1,2,0,1997-11-05
1466,3,66,11,3,KGID101465,Pradeep Rao,1978-10-08,1,7,0,2010-04-01
1467,3,66,11,3,KGID101466,Ravi Bhat,1995-10-03,1,6,0,2002-03-18
1468,3,66,11,3,KGID101467,Kiran Desai,1992-04-26,1,8,0,1997-11-06
1469,3,66,11,3,KGID101468,Mahesh Hiremath,1990-07-13,1,6,0,1997-04-06
1470,3,66,11,3,KGID101469,Naveen Jadhav,1996-05-18,1,3,0,2010-06-28
1471,3,66,12,3,KGID101470,Harish Devaraj,1992-08-16,1,2,0,2002-05-29
1472,3,66,12,3,KGID101471,Srinivas Achar,2001-11-22,1,2,0,2003-12-30
1473,3,66,12,3,KGID101472,Harish Kulkarni,1980-02-27,1,1,0,2006-11-16
1474,3,66,12,3,KGID101473,Anand Poojary,1991-09-23,1,2,0,2016-05-16
1475,3,66,12,3,KGID101474,Jayashree Poojary,1989-11-07,2,1,0,2012-05-12
1476,3,66,12,3,KGID101475,Krishna Nayak,1997-04-23,1,5,0,2014-08-20
1477,3,66,12,3,KGID101476,Jayashree Naik,1991-01-30,2,1,0,2017-01-01
1478,3,66,12,3,KGID101477,Shivakumar Rao,1993-04-18,1,7,0,2000-07-29
1479,3,66,12,3,KGID101478,Sandeep Naik,1992-10-02,1,7,0,2004-06-19
1480,3,66,12,3,KGID101479,Savitri Iyer,1984-06-25,2,3,0,2000-10-11
1481,3,67,8,2,KGID101480,Harish Bhandari,1975-11-10,1,7,0,2007-11-07
1482,3,67,9,2,KGID101481,Manjunath Patil,1980-10-22,1,1,0,2013-09-22
1483,3,67,9,1,KGID101482,Lokesh Patil,1981-10-25,1,7,0,2023-03-30
1484,3,67,9,1,KGID101483,Naveen Hegde,1995-05-21,1,4,0,2003-07-08
1485,3,67,10,3,KGID101484,Pradeep Nayak,1983-09-08,1,1,0,2000-06-28
1486,3,67,10,3,KGID101485,Umesh Kumar,1996-02-21,1,2,0,2023-03-12
1487,3,67,10,3,KGID101486,Raghavendra Nayak,1981-11-10,1,3,0,2020-10-22
1488,3,67,11,3,KGID101487,Chandrashekar Kumar,1986-07-09,1,8,0,1997-09-24
1489,3,67,11,3,KGID101488,Girish Achar,1988-12-03,1,7,0,2008-11-27
1490,3,67,11,3,KGID101489,Naveen Devaraj,1981-05-26,1,1,0,1998-10-18
1491,3,67,11,3,KGID101490,Kavya Iyer,1980-03-27,2,6,0,2003-12-22
1492,3,67,11,3,KGID101491,Naveen Hiremath,1982-03-10,1,5,0,2007-01-04
1493,3,67,11,3,KGID101492,Lakshmi Hiremath,1995-03-04,2,3,0,2023-04-03
1494,3,67,11,3,KGID101493,Ravi Iyer,1990-11-12,1,3,0,1995-09-20
1495,3,67,11,3,KGID101494,Vinay Desai,1978-01-23,1,4,0,2019-08-19
1496,3,67,12,3,KGID101495,Nagaveni Desai,1993-01-11,2,7,0,2006-08-09
1497,3,67,12,3,KGID101496,Girish Nayak,1992-10-02,1,7,0,2015-10-08
1498,3,67,12,3,KGID101497,Rajesh Shetty,1980-03-17,1,8,0,2014-10-12
1499,3,67,12,3,KGID101498,Sandeep Iyer,1990-06-07,1,2,0,2004-08-20
1500,3,67,12,3,KGID101499,Nagaraj Patil,1991-09-29,1,8,0,2005-07-10
1501,3,67,12,3,KGID101500,Mahesh Devaraj,2003-04-20,1,6,0,2015-03-10
1502,3,67,12,3,KGID101501,Rajesh Rao,2001-10-06,1,6,0,2013-05-30
1503,3,67,12,3,KGID101502,Basavaraj Iyer,1998-02-05,1,2,1,2012-06-28
1504,3,68,8,2,KGID101503,Gopal Iyer,1975-07-29,1,4,0,2017-05-10
1505,3,68,9,1,KGID101504,Vijay Shetty,1987-08-18,1,2,0,2004-09-20
1506,3,68,10,3,KGID101505,Gopal Achar,1978-03-07,1,7,0,1998-12-01
1507,3,68,10,3,KGID101506,Rajesh Desai,1990-09-30,1,8,0,2017-12-09
1508,3,68,11,3,KGID101507,Nagaveni Rao,1993-06-07,2,6,0,2020-10-31
1509,3,68,11,3,KGID101508,Ravi Bhandari,1994-03-19,1,1,0,2023-08-10
1510,3,68,11,3,KGID101509,Suresh Jadhav,1992-11-02,1,1,0,1997-06-16
1511,3,68,11,3,KGID101510,Sandeep Achar,2001-12-02,1,5,0,2008-11-18
1512,3,68,11,3,KGID101511,Anand Iyer,1977-07-19,1,8,0,2011-11-26
1513,3,68,11,3,KGID101512,Yogesh Kumar,1989-08-10,1,6,0,2001-05-20
1514,3,68,11,3,KGID101513,Sandeep Gowda,1998-12-24,1,3,0,2016-12-10
1515,3,68,12,3,KGID101514,Santosh Rao,1994-01-21,1,2,0,2000-05-29
1516,3,68,12,3,KGID101515,Vinay Naik,1993-04-08,1,2,0,2023-12-07
1517,3,68,12,3,KGID101516,Kiran Kamath,1995-12-01,1,7,0,2015-07-20
1518,3,68,12,3,KGID101517,Prakash Reddy,1999-10-29,1,6,0,2005-05-16
1519,3,68,12,3,KGID101518,Dinesh Kumar,1980-03-18,1,4,0,2010-05-22
1520,3,68,12,3,KGID101519,Pradeep Desai,1983-05-06,1,4,0,2015-07-24
1521,3,68,12,3,KGID101520,Roopa Jadhav,1980-08-13,2,4,0,2001-11-26
1522,3,68,12,3,KGID101521,Manjunath Desai,1981-09-28,1,1,0,2001-11-29
1523,3,68,12,3,KGID101522,Girish Desai,1983-09-23,1,2,0,2009-06-22
1524,3,69,9,2,KGID101523,Umesh Hiremath,1988-01-13,1,2,0,2009-10-19
1525,3,69,9,1,KGID101524,Umesh Kamath,1992-07-06,1,4,0,2011-05-19
1526,3,69,10,3,KGID101525,Naveen Devaraj,1994-12-04,1,2,0,2015-06-02
1527,3,69,10,3,KGID101526,Krishna Kulkarni,1997-11-12,1,3,0,2016-12-26
1528,3,69,11,3,KGID101527,Nagaraj Nayak,1986-02-06,1,2,0,2007-05-20
1529,3,69,11,3,KGID101528,Basavaraj Poojary,1999-07-10,1,7,0,2010-09-19
1530,3,69,11,3,KGID101529,Prakash Naik,2000-05-26,1,7,0,2015-06-29
1531,3,69,11,3,KGID101530,Chandrashekar Rao,1988-10-02,1,5,0,2014-09-30
1532,3,69,11,3,KGID101531,Dinesh Naik,1986-04-20,1,4,0,2010-11-11
1533,3,69,11,3,KGID101532,Gopal Nayak,1994-11-11,1,4,0,2022-12-15
1534,3,69,11,3,KGID101533,Chandrashekar Poojary,1998-08-19,1,2,0,2016-06-10
1535,3,69,12,3,KGID101534,Naveen Shetty,1982-08-27,1,6,0,2008-09-22
1536,3,69,12,3,KGID101535,Prakash Rao,1982-03-12,1,8,0,2015-01-03
1537,3,69,12,3,KGID101536,Geetha Rao,1982-09-11,2,3,0,2018-07-26
1538,3,69,12,3,KGID101537,Mahesh Iyer,1990-10-29,1,1,0,2023-05-05
1539,3,69,12,3,KGID101538,Srinivas Bhat,1996-11-29,1,8,0,2018-12-30
1540,3,69,12,3,KGID101539,Suresh Gowda,1989-09-05,1,5,0,2008-11-10
1541,3,69,12,3,KGID101540,Pradeep Kumar,1988-04-27,1,2,0,2018-10-20
1542,3,69,12,3,KGID101541,Manoj Bhat,1981-07-24,1,5,0,2009-04-29
1543,3,69,12,3,KGID101542,Sandeep Bhat,1996-07-05,1,5,0,2009-12-30
1544,3,69,12,3,KGID101543,Prakash Nayak,1988-02-05,1,1,0,2004-05-04
1545,3,69,12,3,KGID101544,Nagaraj Desai,1991-09-19,1,1,0,2002-10-27
1546,3,69,12,3,KGID101545,Girish Patil,1981-01-20,1,4,0,2010-07-05
1547,3,69,12,3,KGID101546,Krishna Jadhav,1992-02-16,1,8,0,2020-08-15
1548,3,70,8,2,KGID101547,Chandrashekar Bhandari,1989-01-27,1,7,0,2012-07-19
1549,3,70,9,2,KGID101548,Vijay Iyer,1988-10-04,1,2,0,2022-03-12
1550,3,70,9,1,KGID101549,Prakash Gowda,1985-03-26,1,8,0,2012-08-10
1551,3,70,10,3,KGID101550,Vijay Devaraj,1996-05-14,1,3,0,2002-10-23
1552,3,70,10,3,KGID101551,Ravi Kulkarni,1991-12-07,1,1,0,1998-08-11
1553,3,70,11,3,KGID101552,Yogesh Devaraj,1975-03-16,1,1,0,2020-12-06
1554,3,70,11,3,KGID101553,Shobha Bhat,1981-01-11,2,5,0,2022-08-27
1555,3,70,11,3,KGID101554,Basavaraj Patil,1985-02-04,1,5,0,1999-03-27
1556,3,70,11,3,KGID101555,Geetha Devaraj,1978-10-04,2,4,0,2010-03-12
1557,3,70,11,3,KGID101556,Mahesh Poojary,1990-09-04,1,2,0,1998-06-25
1558,3,70,12,3,KGID101557,Gopal Achar,1995-03-09,1,6,0,2014-10-08
1559,3,70,12,3,KGID101558,Basavaraj Achar,2000-01-23,1,4,0,2017-08-28
1560,3,70,12,3,KGID101559,Anand Rao,2002-08-07,1,7,0,2005-05-15
1561,3,70,12,3,KGID101560,Ramesh Iyer,1991-11-21,1,6,0,2019-04-09
1562,3,70,12,3,KGID101561,Ramesh Gowda,1991-05-16,1,1,0,2010-06-09
1563,3,70,12,3,KGID101562,Rajesh Hegde,1991-11-25,1,6,0,2019-08-02
1564,3,70,12,3,KGID101563,Pradeep Poojary,1987-03-27,1,3,0,2014-12-08
1565,3,70,12,3,KGID101564,Sandeep Naik,2004-05-14,1,2,0,2007-05-16
1566,3,70,12,3,KGID101565,Sandeep Devaraj,1984-11-17,1,8,0,2013-11-16
1567,3,70,12,3,KGID101566,Dinesh Hiremath,2003-11-05,1,1,0,2000-03-14
1568,3,71,8,2,KGID101567,Krishna Reddy,1980-05-03,1,5,0,2019-09-11
1569,3,71,9,1,KGID101568,Prakash Patil,1999-05-04,1,1,0,2004-09-26
1570,3,71,9,1,KGID101569,Pushpa Kumar,1996-04-16,2,8,0,2020-08-29
1571,3,71,10,3,KGID101570,Kavya Devaraj,1984-05-28,2,7,0,2011-12-08
1572,3,71,10,3,KGID101571,Vinay Kamath,1995-09-10,1,8,0,1997-04-04
1573,3,71,11,3,KGID101572,Lakshmi Rao,1982-11-09,2,3,0,2010-10-23
1574,3,71,11,3,KGID101573,Manoj Jadhav,1980-09-10,1,4,0,2018-04-17
1575,3,71,11,3,KGID101574,Gopal Desai,1992-08-13,1,6,0,2002-11-17
1576,3,71,11,3,KGID101575,Ramesh Achar,1989-06-26,1,7,0,2001-11-14
1577,3,71,12,3,KGID101576,Chandrashekar Gowda,1995-05-19,1,5,0,2020-03-20
1578,3,71,12,3,KGID101577,Sunita Bhat,1984-02-09,2,3,0,2004-05-24
1579,3,71,12,3,KGID101578,Naveen Bhat,1981-05-22,1,4,0,2015-12-31
1580,3,71,12,3,KGID101579,Manjunath Rao,1982-04-18,1,3,0,2011-04-18
1581,3,71,12,3,KGID101580,Kiran Reddy,1981-03-29,1,5,0,2013-05-14
1582,3,71,12,3,KGID101581,Pallavi Poojary,1983-08-09,2,8,0,2011-12-02
1583,3,71,12,3,KGID101582,Pradeep Hiremath,1999-03-19,1,5,0,2001-04-23
1584,3,71,12,3,KGID101583,Gopal Kamath,1994-03-13,1,7,0,2005-07-12
1585,3,71,12,3,KGID101584,Dinesh Kumar,2004-10-16,1,8,0,2016-11-15
1586,3,72,9,2,KGID101585,Kavya Rao,1987-09-14,2,7,0,1999-09-09
1587,3,72,9,2,KGID101586,Prakash Naik,1995-12-08,1,2,0,2004-08-31
1588,3,72,9,1,KGID101587,Lokesh Rao,1988-03-05,1,6,0,2003-12-23
1589,3,72,9,1,KGID101588,Anand Shetty,1985-07-01,1,4,0,2019-03-16
1590,3,72,10,3,KGID101589,Girish Rao,1986-01-28,1,7,0,2014-09-11
1591,3,72,10,3,KGID101590,Harish Kumar,1994-11-25,1,4,0,2005-12-25
1592,3,72,11,3,KGID101591,Gopal Jadhav,1998-01-05,1,2,0,2012-06-10
1593,3,72,11,3,KGID101592,Girish Shetty,1980-02-18,1,8,0,2007-04-27
1594,3,72,11,3,KGID101593,Umesh Reddy,1990-02-27,1,2,0,1995-03-29
1595,3,72,11,3,KGID101594,Sowmya Patil,1981-07-03,2,3,0,1996-12-03
1596,3,72,12,3,KGID101595,Santosh Naik,1995-11-18,1,6,0,2020-04-22
1597,3,72,12,3,KGID101596,Manjunath Rao,1995-09-02,1,5,0,2011-07-06
1598,3,72,12,3,KGID101597,Manjula Poojary,1986-09-09,2,1,0,2007-04-25
1599,3,72,12,3,KGID101598,Lakshmi Naik,2001-03-14,2,6,0,2008-08-24
1600,3,72,12,3,KGID101599,Pushpa Jadhav,1998-07-20,2,6,0,2022-10-23
1601,3,72,12,3,KGID101600,Manjunath Bhandari,1983-12-11,1,1,0,2016-04-26
1602,3,72,12,3,KGID101601,Krishna Jadhav,2002-06-07,1,8,0,2004-11-26
1603,3,72,12,3,KGID101602,Yogesh Hiremath,1996-12-17,1,4,0,2020-12-15
1604,3,72,12,3,KGID101603,Ravi Naik,1991-05-10,1,1,0,2014-09-10
1605,3,72,12,3,KGID101604,Dinesh Gowda,1998-04-09,1,8,0,2004-06-26
1606,3,72,12,3,KGID101605,Mahesh Achar,1980-07-02,1,3,0,2001-11-04
1607,3,72,12,3,KGID101606,Girish Iyer,2001-02-25,1,7,0,2012-07-08
1608,3,73,8,2,KGID101607,Santosh Achar,1990-11-23,1,1,0,2006-01-01
1609,3,73,9,1,KGID101608,Sunita Reddy,1999-09-02,2,8,0,2022-11-24
1610,3,73,9,1,KGID101609,Raghavendra Reddy,1998-07-31,1,7,0,2012-09-01
1611,3,73,10,3,KGID101610,Vinay Jadhav,1997-02-05,1,4,0,2021-11-24
1612,3,73,10,3,KGID101611,Kiran Devaraj,1977-07-14,1,6,0,2016-05-21
1613,3,73,10,3,KGID101612,Krishna Nayak,1991-02-09,1,6,0,2016-04-09
1614,3,73,11,3,KGID101613,Krishna Achar,1985-11-18,1,8,0,2022-07-09
1615,3,73,11,3,KGID101614,Santosh Devaraj,1995-10-30,1,4,0,1997-04-17
1616,3,73,11,3,KGID101615,Kiran Kulkarni,1978-11-01,1,8,0,2022-09-04
1617,3,73,11,3,KGID101616,Vani Nayak,2001-04-26,2,7,0,1997-12-22
1618,3,73,12,3,KGID101617,Yogesh Gowda,2002-12-07,1,7,0,2015-06-22
1619,3,73,12,3,KGID101618,Anitha Achar,2003-09-14,2,1,0,2017-06-23
1620,3,73,12,3,KGID101619,Lokesh Kamath,2003-04-04,1,6,0,2012-12-22
1621,3,73,12,3,KGID101620,Shivakumar Kamath,1996-03-11,1,7,0,2017-12-20
1622,3,73,12,3,KGID101621,Savitri Devaraj,1981-12-13,2,8,0,2020-03-25
1623,3,73,12,3,KGID101622,Naveen Poojary,1981-03-27,1,8,0,2007-08-26
1624,3,73,12,3,KGID101623,Rajesh Nayak,1997-11-01,1,2,0,2023-08-12
1625,3,73,12,3,KGID101624,Gopal Poojary,1980-04-09,1,1,0,2014-07-16
1626,3,73,12,3,KGID101625,Rajesh Kamath,1993-08-24,1,1,0,2002-09-01
1627,3,73,12,3,KGID101626,Umesh Rao,1986-02-06,1,8,0,2013-08-22
1628,3,73,12,3,KGID101627,Nagaraj Desai,1991-01-05,1,4,0,2009-12-18
1629,3,73,12,3,KGID101628,Shivakumar Patil,1986-12-01,1,8,0,2015-03-28
1630,3,73,12,3,KGID101629,Shobha Hegde,1980-08-23,2,3,0,2015-04-26
1631,3,73,12,3,KGID101630,Prakash Naik,1985-02-09,1,3,0,2022-09-05
1632,3,74,9,2,KGID101631,Kiran Hegde,1979-08-03,1,1,0,2022-03-25
1633,3,74,9,1,KGID101632,Anand Naik,1991-08-31,1,4,0,2023-07-06
1634,3,74,9,1,KGID101633,Vijay Patil,1997-04-23,1,4,0,2009-11-09
1635,3,74,10,3,KGID101634,Manjunath Achar,1982-07-05,1,5,0,1997-06-10
1636,3,74,10,3,KGID101635,Deepa Achar,1990-03-05,2,6,0,1998-07-08
1637,3,74,10,3,KGID101636,Nagaraj Naik,1991-02-25,1,5,0,2023-10-12
1638,3,74,11,3,KGID101637,Deepa Hiremath,1983-12-29,2,6,0,2020-09-16
1639,3,74,11,3,KGID101638,Chandrashekar Patil,1989-03-17,1,2,0,2022-10-18
1640,3,74,11,3,KGID101639,Harish Jadhav,1994-03-25,1,7,0,2007-03-18
1641,3,74,11,3,KGID101640,Srinivas Desai,1998-04-12,1,8,0,1998-12-13
1642,3,74,11,3,KGID101641,Shivakumar Hegde,1995-03-20,1,6,0,2014-09-02
1643,3,74,11,3,KGID101642,Ramesh Achar,1991-11-11,1,6,0,2001-09-06
1644,3,74,12,3,KGID101643,Harish Desai,1987-04-27,1,4,0,2021-07-01
1645,3,74,12,3,KGID101644,Lokesh Jadhav,1991-09-14,1,4,0,2005-11-03
1646,3,74,12,3,KGID101645,Srinivas Nayak,1991-01-29,1,5,0,2005-10-28
1647,3,74,12,3,KGID101646,Shwetha Reddy,2001-11-26,2,8,0,2010-06-04
1648,3,74,12,3,KGID101647,Ravi Rao,1980-10-02,1,2,0,2018-05-16
1649,3,74,12,3,KGID101648,Manoj Kumar,1980-04-03,1,3,0,2001-05-12
1650,3,74,12,3,KGID101649,Manjunath Reddy,1991-12-28,1,7,0,2001-10-14
1651,3,74,12,3,KGID101650,Santosh Devaraj,1993-11-04,1,2,0,2011-03-26
1652,3,74,12,3,KGID101651,Manoj Naik,1994-03-12,1,2,0,2004-11-12
1653,3,74,12,3,KGID101652,Manoj Achar,1993-05-24,1,5,0,2010-05-20
1654,3,74,12,3,KGID101653,Manoj Bhandari,1982-11-04,1,2,0,2000-10-06
1655,3,74,12,3,KGID101654,Dinesh Kulkarni,2004-03-08,1,7,0,2005-07-01
1656,3,74,12,3,KGID101655,Pradeep Kumar,1999-04-22,1,4,0,2000-08-17
1657,3,74,12,3,KGID101656,Krishna Hiremath,1994-12-15,1,7,0,2005-04-16
1658,3,74,12,3,KGID101657,Suresh Shetty,1992-07-29,1,7,0,2018-10-22
1659,3,74,12,3,KGID101658,Nagaraj Devaraj,1986-03-01,1,3,0,2013-11-15
1660,3,75,9,2,KGID101659,Raghavendra Nayak,1982-06-01,1,2,0,2016-10-09
1661,3,75,9,2,KGID101660,Sandeep Hiremath,1993-11-20,1,3,0,2017-03-27
1662,3,75,9,1,KGID101661,Ravi Desai,1998-04-06,1,1,0,2006-09-29
1663,3,75,9,1,KGID101662,Vijay Reddy,1990-03-23,1,8,0,2010-05-23
1664,3,75,10,3,KGID101663,Krishna Achar,1997-01-11,1,8,0,2020-05-20
1665,3,75,10,3,KGID101664,Nagaraj Patil,1996-08-18,1,4,0,2000-11-09
1666,3,75,11,3,KGID101665,Vinay Kulkarni,1991-10-21,1,2,0,2007-07-19
1667,3,75,11,3,KGID101666,Lokesh Hiremath,1991-12-21,1,6,0,2010-11-15
1668,3,75,11,3,KGID101667,Harish Gowda,1984-02-07,1,4,0,1997-12-21
1669,3,75,11,3,KGID101668,Vinay Desai,1989-09-19,1,3,0,2002-09-29
1670,3,75,11,3,KGID101669,Girish Patil,1996-04-28,1,4,1,2014-10-29
1671,3,75,11,3,KGID101670,Kiran Rao,1999-05-01,1,1,0,2006-09-22
1672,3,75,12,3,KGID101671,Santosh Bhat,1996-02-28,1,8,0,2011-03-13
1673,3,75,12,3,KGID101672,Dinesh Desai,1999-08-07,1,8,0,2016-08-07
1674,3,75,12,3,KGID101673,Yogesh Devaraj,1992-03-08,1,2,0,2012-04-01
1675,3,75,12,3,KGID101674,Deepa Hegde,1980-08-17,2,7,0,2010-05-22
1676,3,75,12,3,KGID101675,Nagaraj Poojary,1990-07-30,1,3,0,2002-11-10
1677,3,75,12,3,KGID101676,Dinesh Hegde,1989-05-04,1,1,0,2004-06-10
1678,3,75,12,3,KGID101677,Anand Iyer,1988-09-21,1,5,0,2010-12-05
1679,3,75,12,3,KGID101678,Chandrashekar Nayak,1991-06-23,1,1,0,2009-06-02
1680,3,75,12,3,KGID101679,Raghavendra Kulkarni,1981-09-21,1,7,0,2013-12-12
1681,3,75,12,3,KGID101680,Srinivas Kamath,1999-04-08,1,6,0,2017-11-08
1682,3,75,12,3,KGID101681,Rajesh Poojary,1987-12-31,1,2,0,2000-12-28
1683,3,75,12,3,KGID101682,Harish Naik,1994-07-12,1,4,0,2006-12-05
1684,3,75,12,3,KGID101683,Umesh Hegde,1998-10-19,1,5,0,2006-06-18
1685,3,75,12,3,KGID101684,Anand Hegde,1993-07-23,1,1,0,2010-09-17
1686,3,75,12,3,KGID101685,Chandrashekar Desai,2004-04-11,1,1,0,2020-04-21
1687,3,75,12,3,KGID101686,Suresh Nayak,1995-12-27,1,2,0,2016-08-30
1688,3,75,12,3,KGID101687,Sandeep Nayak,1992-02-08,1,2,0,2011-10-30
1689,3,76,9,2,KGID101688,Srinivas Reddy,1997-12-31,1,2,0,2000-04-05
1690,3,76,9,2,KGID101689,Rajesh Iyer,1991-03-05,1,7,0,1996-08-02
1691,3,76,9,1,KGID101690,Pushpa Kumar,1999-08-06,2,5,0,2015-05-15
1692,3,76,10,3,KGID101691,Mahesh Patil,1982-05-15,1,4,0,2011-08-09
1693,3,76,10,3,KGID101692,Lokesh Jadhav,1983-08-22,1,4,0,2008-08-13
1694,3,76,11,3,KGID101693,Kavya Kulkarni,1986-06-23,2,4,0,2012-03-31
1695,3,76,11,3,KGID101694,Ramesh Bhat,2001-06-17,1,8,0,1999-09-12
1696,3,76,11,3,KGID101695,Rajesh Patil,1981-08-05,1,2,0,2013-10-23
1697,3,76,11,3,KGID101696,Manjunath Reddy,1995-05-03,1,7,0,2005-09-01
1698,3,76,11,3,KGID101697,Radha Naik,1986-04-18,2,8,0,2000-03-23
1699,3,76,11,3,KGID101698,Suresh Iyer,1992-07-20,1,7,0,1997-10-23
1700,3,76,12,3,KGID101699,Rajesh Desai,1996-01-20,1,8,0,2017-03-22
1701,3,76,12,3,KGID101700,Kiran Desai,1984-09-12,1,2,0,2013-05-13
1702,3,76,12,3,KGID101701,Basavaraj Gowda,1991-01-16,1,3,0,2021-06-24
1703,3,76,12,3,KGID101702,Umesh Kumar,2001-10-13,1,1,0,2017-05-24
1704,3,76,12,3,KGID101703,Yogesh Reddy,1989-10-14,1,7,0,2003-04-14
1705,3,76,12,3,KGID101704,Manoj Nayak,1995-11-09,1,6,0,2010-08-08
1706,3,76,12,3,KGID101705,Basavaraj Devaraj,1993-03-26,1,4,0,2003-10-15
1707,3,76,12,3,KGID101706,Yogesh Kulkarni,1982-07-05,1,4,0,2007-08-31
1708,3,76,12,3,KGID101707,Kiran Desai,1981-11-03,1,1,0,2018-04-10
1709,3,76,12,3,KGID101708,Ravi Devaraj,1999-10-23,1,4,0,2008-12-02
1710,3,76,12,3,KGID101709,Prakash Naik,2001-04-06,1,8,0,2009-07-20
1711,3,76,12,3,KGID101710,Krishna Hegde,2002-07-11,1,6,0,2003-03-27
1712,3,77,8,5,KGID101711,Gopal Devaraj,1989-08-17,1,6,0,1997-06-04
1713,3,77,9,5,KGID101712,Manjunath Bhandari,1989-03-28,1,3,0,2006-09-25
1714,3,77,9,1,KGID101713,Gopal Kumar,1993-08-18,1,3,0,2018-08-22
1715,3,77,9,1,KGID101714,Gopal Bhandari,1981-02-15,1,5,0,2011-07-20
1716,3,77,10,3,KGID101715,Girish Rao,1977-03-03,1,1,0,2002-05-10
1717,3,77,10,3,KGID101716,Basavaraj Rao,1994-11-23,1,8,0,1998-10-25
1718,3,77,11,3,KGID101717,Basavaraj Hiremath,1991-12-01,1,8,0,1995-12-14
1719,3,77,11,3,KGID101718,Pradeep Kumar,1986-07-27,1,4,0,2014-04-23
1720,3,77,11,3,KGID101719,Nagaraj Devaraj,1989-06-26,1,6,0,2001-05-10
1721,3,77,11,3,KGID101720,Kiran Reddy,1982-09-24,1,7,0,2018-08-14
1722,3,77,12,3,KGID101721,Anand Achar,1989-01-19,1,6,0,2015-11-04
1723,3,77,12,3,KGID101722,Manoj Achar,1993-05-15,1,4,0,2002-07-14
1724,3,77,12,3,KGID101723,Lokesh Gowda,1998-06-26,1,4,0,2012-10-05
1725,3,77,12,3,KGID101724,Raghavendra Iyer,1988-10-02,1,2,0,2023-03-08
1726,3,77,12,3,KGID101725,Suresh Nayak,1996-04-25,1,8,0,2023-08-16
1727,3,77,12,3,KGID101726,Harish Naik,1982-01-16,1,1,0,2015-08-17
1728,3,77,12,3,KGID101727,Yogesh Rao,1989-03-04,1,8,0,2003-05-20
1729,3,77,12,3,KGID101728,Nagaraj Gowda,1984-04-06,1,3,0,2020-12-14
1730,3,77,12,3,KGID101729,Sandeep Kumar,1999-11-01,1,1,0,2021-06-02
1731,3,77,12,3,KGID101730,Umesh Jadhav,1982-12-11,1,5,0,2013-11-16
1732,3,77,12,3,KGID101731,Shivakumar Iyer,1998-02-06,1,3,0,2004-12-29
1733,3,77,12,3,KGID101732,Savitri Achar,1986-07-07,2,1,0,2007-12-30
1734,3,77,12,3,KGID101733,Geetha Rao,1980-04-30,2,8,0,2019-08-20
1735,3,77,12,3,KGID101734,Mahesh Rao,1985-10-01,1,1,0,2001-04-24
1736,3,77,12,3,KGID101735,Ramesh Bhandari,1987-07-15,1,2,0,2020-07-12
1737,3,77,12,3,KGID101736,Naveen Patil,1990-11-25,1,3,0,2020-11-17
1738,3,77,12,3,KGID101737,Girish Bhat,1984-12-31,1,8,0,2018-12-29
1739,3,78,8,6,KGID101738,Manoj Reddy,1988-01-27,1,5,0,2003-10-02
1740,3,78,9,1,KGID101739,Gopal Iyer,1990-10-10,1,7,0,2015-10-25
1741,3,78,10,3,KGID101740,Raghavendra Nayak,1994-08-22,1,8,0,2017-10-05
1742,3,78,10,3,KGID101741,Roopa Hiremath,1985-07-13,2,8,0,2005-07-04
1743,3,78,11,3,KGID101742,Chandrashekar Reddy,1980-10-16,1,4,0,2022-03-09
1744,3,78,11,3,KGID101743,Girish Iyer,1988-07-16,1,5,0,2003-08-13
1745,3,78,11,3,KGID101744,Ramesh Nayak,1977-09-27,1,1,0,2015-09-15
1746,3,78,11,3,KGID101745,Yogesh Reddy,1985-02-07,1,8,0,2003-10-04
1747,3,78,11,3,KGID101746,Shivakumar Kumar,1990-03-27,1,6,0,2011-12-19
1748,3,78,11,3,KGID101747,Shivakumar Iyer,2001-10-17,1,2,0,2010-05-07
1749,3,78,11,3,KGID101748,Anand Rao,1990-08-06,1,1,0,2018-05-09
1750,3,78,11,3,KGID101749,Kiran Achar,1982-05-23,1,7,0,2005-03-18
1751,3,78,12,3,KGID101750,Rekha Iyer,1997-08-31,2,8,0,2000-06-30
1752,3,78,12,3,KGID101751,Prakash Achar,1995-12-19,1,7,0,2016-04-19
1753,3,78,12,3,KGID101752,Naveen Hiremath,1986-06-19,1,3,0,2005-12-23
1754,3,78,12,3,KGID101753,Gopal Reddy,1985-01-18,1,3,0,2007-09-27
1755,3,78,12,3,KGID101754,Rajesh Bhat,2003-11-21,1,8,0,2014-10-24
1756,3,78,12,3,KGID101755,Girish Rao,1991-01-09,1,5,0,2002-10-24
1757,3,78,12,3,KGID101756,Manjunath Hegde,1999-09-09,1,3,0,2017-05-25
1758,3,78,12,3,KGID101757,Naveen Bhat,1980-07-04,1,2,0,2023-05-03
1759,3,78,12,3,KGID101758,Lokesh Desai,1983-06-24,1,7,0,2001-09-21
1760,3,78,12,3,KGID101759,Basavaraj Iyer,1982-09-09,1,3,0,2020-06-18
1761,3,79,9,4,KGID101760,Srinivas Poojary,1988-01-30,1,2,0,2000-06-04
1762,3,79,8,4,KGID101761,Roopa Bhat,1990-03-04,2,6,0,2018-09-05
1763,3,79,9,1,KGID101762,Lokesh Patil,1999-03-01,1,4,0,2004-06-17
1764,3,79,10,3,KGID101763,Mahesh Patil,1994-12-17,1,6,0,2017-08-02
1765,3,79,10,3,KGID101764,Raghavendra Poojary,1995-06-05,1,8,0,2019-08-11
1766,3,79,11,3,KGID101765,Dinesh Hiremath,1988-10-10,1,2,0,2018-06-14
1767,3,79,11,3,KGID101766,Harish Poojary,1999-07-14,1,1,0,2002-11-17
1768,3,79,11,3,KGID101767,Nagaveni Gowda,1997-03-19,2,8,0,2007-06-24
1769,3,79,11,3,KGID101768,Raghavendra Achar,1980-06-20,1,5,0,2010-12-09
1770,3,79,11,3,KGID101769,Vijay Bhat,1998-03-04,1,8,0,1998-05-23
1771,3,79,11,3,KGID101770,Mahesh Jadhav,1984-07-08,1,7,0,2020-10-03
1772,3,79,11,3,KGID101771,Lokesh Bhandari,1999-10-23,1,5,0,2023-07-14
1773,3,79,12,3,KGID101772,Ramesh Devaraj,1985-05-23,1,1,0,2010-12-12
1774,3,79,12,3,KGID101773,Krishna Kamath,1989-05-19,1,6,0,2012-12-10
1775,3,79,12,3,KGID101774,Nandini Nayak,1994-01-28,2,3,0,2014-12-23
1776,3,79,12,3,KGID101775,Raghavendra Naik,1992-01-01,1,2,0,2009-07-23
1777,3,79,12,3,KGID101776,Santosh Rao,2003-04-09,1,2,0,2000-06-19
1778,3,79,12,3,KGID101777,Mahesh Nayak,2000-10-24,1,6,0,2003-04-30
1779,3,79,12,3,KGID101778,Gopal Kulkarni,1982-03-01,1,1,0,2016-04-10
1780,3,79,12,3,KGID101779,Chandrashekar Hiremath,1993-12-20,1,2,0,2019-11-13
1781,3,79,12,3,KGID101780,Ravi Rao,1984-08-09,1,5,0,2010-06-14
1782,3,79,12,3,KGID101781,Rajesh Shetty,1981-12-02,1,5,0,2010-11-07
1783,3,79,12,3,KGID101782,Kiran Naik,1985-04-22,1,6,0,2006-09-04
1784,3,79,12,3,KGID101783,Vinay Hiremath,1998-05-29,1,1,0,2015-10-01
1785,3,79,12,3,KGID101784,Lakshmi Achar,1999-01-25,2,4,0,2014-08-18
1786,4,83,9,2,KGID101785,Ramesh Kamath,1976-11-07,1,6,0,2015-08-21
1787,4,83,9,1,KGID101786,Santosh Patil,1992-12-30,1,5,0,2001-07-25
1788,4,83,9,1,KGID101787,Harish Kamath,1980-05-21,1,6,0,2005-06-05
1789,4,83,10,3,KGID101788,Shivakumar Iyer,1985-03-31,1,6,0,2023-07-11
1790,4,83,10,3,KGID101789,Girish Jadhav,1996-05-16,1,3,0,2000-04-27
1791,4,83,11,3,KGID101790,Geetha Desai,1993-06-16,2,6,0,2022-03-16
1792,4,83,11,3,KGID101791,Raghavendra Iyer,1978-04-16,1,8,0,2012-08-02
1793,4,83,11,3,KGID101792,Anitha Kamath,2001-10-19,2,6,0,2004-03-13
1794,4,83,11,3,KGID101793,Anand Desai,1988-12-29,1,4,0,1999-08-16
1795,4,83,11,3,KGID101794,Prakash Poojary,1984-11-04,1,4,0,2011-11-03
1796,4,83,11,3,KGID101795,Umesh Rao,1998-03-21,1,7,0,2014-10-05
1797,4,83,12,3,KGID101796,Shivakumar Bhat,1993-09-19,1,2,0,2010-08-16
1798,4,83,12,3,KGID101797,Shwetha Jadhav,1983-02-21,2,7,0,2003-07-29
1799,4,83,12,3,KGID101798,Sandeep Kulkarni,1992-04-30,1,3,0,2009-08-12
1800,4,83,12,3,KGID101799,Anand Iyer,1999-06-17,1,8,0,2015-01-03
1801,4,83,12,3,KGID101800,Harish Achar,1983-11-22,1,7,0,2011-03-14
1802,4,83,12,3,KGID101801,Basavaraj Kamath,1984-12-27,1,2,0,2004-09-14
1803,4,83,12,3,KGID101802,Srinivas Hegde,1981-06-16,1,3,0,2023-07-20
1804,4,83,12,3,KGID101803,Lakshmi Kamath,1989-01-24,2,7,0,2021-06-27
1805,4,83,12,3,KGID101804,Radha Rao,1998-10-17,2,8,0,2009-07-01
1806,4,83,12,3,KGID101805,Manjunath Gowda,1998-07-26,1,4,0,2019-08-06
1807,4,83,12,3,KGID101806,Santosh Rao,1990-09-06,1,8,0,2002-05-25
1808,4,83,12,3,KGID101807,Santosh Kulkarni,2001-03-03,1,2,1,2013-10-15
1809,4,83,12,3,KGID101808,Umesh Hiremath,2003-01-22,1,8,0,2002-06-13
1810,4,83,12,3,KGID101809,Prakash Kamath,2002-06-07,1,1,0,2015-04-04
1811,4,83,12,3,KGID101810,Sandeep Naik,1981-12-12,1,6,0,2014-06-15
1812,4,83,12,3,KGID101811,Mahesh Kumar,1988-02-22,1,2,0,2003-05-27
1813,4,84,9,2,KGID101812,Nagaraj Achar,1979-11-16,1,6,0,2000-10-13
1814,4,84,8,2,KGID101813,Shivakumar Patil,1982-09-26,1,8,0,2015-11-16
1815,4,84,9,1,KGID101814,Raghavendra Kulkarni,1984-09-07,1,6,0,2015-07-13
1816,4,84,9,1,KGID101815,Pradeep Reddy,1991-03-25,1,3,0,2015-12-17
1817,4,84,10,3,KGID101816,Nagaraj Devaraj,2000-09-15,1,5,0,2012-03-22
1818,4,84,10,3,KGID101817,Yogesh Kulkarni,1995-03-24,1,5,0,2003-08-04
1819,4,84,11,3,KGID101818,Srinivas Devaraj,1976-01-23,1,7,0,2019-10-20
1820,4,84,11,3,KGID101819,Gopal Devaraj,1994-12-25,1,3,0,1996-09-22
1821,4,84,11,3,KGID101820,Shwetha Poojary,1993-07-06,2,8,0,2000-04-22
1822,4,84,11,3,KGID101821,Gopal Hiremath,1996-07-15,1,6,0,2003-10-20
1823,4,84,11,3,KGID101822,Umesh Hiremath,1989-05-06,1,8,0,2003-10-13
1824,4,84,12,3,KGID101823,Shivakumar Hegde,1993-01-01,1,5,0,2002-12-05
1825,4,84,12,3,KGID101824,Harish Shetty,2000-08-17,1,6,0,2004-11-06
1826,4,84,12,3,KGID101825,Krishna Hegde,1986-02-18,1,4,0,2023-04-09
1827,4,84,12,3,KGID101826,Shivakumar Hiremath,2003-06-16,1,2,0,2003-11-18
1828,4,84,12,3,KGID101827,Ramesh Bhandari,1987-04-10,1,4,0,2021-12-05
1829,4,84,12,3,KGID101828,Santosh Kulkarni,1981-10-10,1,3,0,2001-09-04
1830,4,84,12,3,KGID101829,Manjunath Shetty,1985-08-27,1,2,0,2006-08-17
1831,4,84,12,3,KGID101830,Pushpa Hegde,2000-04-14,2,4,0,2014-12-04
1832,4,84,12,3,KGID101831,Anand Naik,1986-05-11,1,6,0,2009-11-16
1833,4,85,8,2,KGID101832,Manjunath Desai,1991-05-10,1,4,0,2020-05-21
1834,4,85,9,1,KGID101833,Raghavendra Bhandari,1981-09-23,1,1,0,2004-05-02
1835,4,85,10,3,KGID101834,Gopal Kamath,1997-05-26,1,8,0,1999-10-01
1836,4,85,10,3,KGID101835,Yogesh Rao,1992-06-14,1,6,0,2004-08-21
1837,4,85,10,3,KGID101836,Vinay Jadhav,1984-08-18,1,4,0,2003-08-07
1838,4,85,11,3,KGID101837,Harish Kulkarni,1980-03-30,1,2,0,2007-08-01
1839,4,85,11,3,KGID101838,Krishna Hiremath,1996-05-03,1,8,0,2023-07-23
1840,4,85,11,3,KGID101839,Dinesh Devaraj,1996-12-05,1,2,0,1999-06-01
1841,4,85,11,3,KGID101840,Anitha Shetty,1987-07-19,2,2,0,2003-04-07
1842,4,85,11,3,KGID101841,Shivakumar Hiremath,1995-08-04,1,8,0,2007-08-03
1843,4,85,11,3,KGID101842,Dinesh Reddy,1992-03-02,1,6,0,2017-03-17
1844,4,85,11,3,KGID101843,Umesh Rao,1977-06-24,1,3,0,1998-10-13
1845,4,85,11,3,KGID101844,Pradeep Nayak,1985-05-13,1,4,0,2003-06-08
1846,4,85,12,3,KGID101845,Raghavendra Iyer,1989-08-07,1,6,0,2012-10-22
1847,4,85,12,3,KGID101846,Sowmya Poojary,1994-05-23,2,7,1,2014-06-01
1848,4,85,12,3,KGID101847,Harish Reddy,1992-12-11,1,8,0,2010-07-08
1849,4,85,12,3,KGID101848,Dinesh Nayak,2004-01-11,1,5,0,2017-09-19
1850,4,85,12,3,KGID101849,Shivakumar Jadhav,2004-07-25,1,4,0,2010-06-24
1851,4,85,12,3,KGID101850,Prakash Patil,1985-04-28,1,4,0,2009-08-18
1852,4,85,12,3,KGID101851,Suresh Poojary,1981-05-11,1,8,0,2000-05-12
1853,4,85,12,3,KGID101852,Prakash Naik,1985-03-16,1,6,0,2011-12-06
1854,4,85,12,3,KGID101853,Yogesh Reddy,1993-05-29,1,2,0,2014-11-09
1855,4,85,12,3,KGID101854,Sowmya Devaraj,1980-06-14,2,4,0,2019-10-18
1856,4,85,12,3,KGID101855,Anand Nayak,1990-09-06,1,5,0,2013-03-17
1857,4,85,12,3,KGID101856,Umesh Bhat,2000-12-03,1,8,0,2001-07-31
1858,4,85,12,3,KGID101857,Santosh Kulkarni,1998-10-05,1,6,0,2013-05-10
1859,4,85,12,3,KGID101858,Srinivas Gowda,1983-01-16,1,3,0,2015-08-27
1860,4,85,12,3,KGID101859,Rajesh Naik,1991-06-05,1,1,0,2011-05-01
1861,4,86,9,2,KGID101860,Vijay Iyer,1997-03-24,1,8,0,2010-12-20
1862,4,86,9,1,KGID101861,Gopal Patil,1989-02-19,1,2,0,2021-11-25
1863,4,86,10,3,KGID101862,Rekha Shetty,1984-11-27,2,2,0,2005-05-12
1864,4,86,10,3,KGID101863,Krishna Reddy,1987-08-22,1,6,0,2009-05-19
1865,4,86,10,3,KGID101864,Vijay Achar,1980-03-23,1,1,0,2013-05-17
1866,4,86,11,3,KGID101865,Ravi Gowda,1993-01-05,1,4,0,2004-06-21
1867,4,86,11,3,KGID101866,Gopal Iyer,1997-08-28,1,8,0,1996-09-16
1868,4,86,11,3,KGID101867,Basavaraj Shetty,1995-03-20,1,3,0,2012-03-15
1869,4,86,11,3,KGID101868,Rekha Naik,1996-11-17,2,3,0,2023-04-04
1870,4,86,11,3,KGID101869,Lokesh Hegde,1999-07-24,1,4,0,1996-07-31
1871,4,86,11,3,KGID101870,Lokesh Shetty,1996-06-04,1,6,0,2015-09-07
1872,4,86,11,3,KGID101871,Ravi Kulkarni,1987-11-08,1,4,0,1997-06-30
1873,4,86,12,3,KGID101872,Girish Poojary,1990-05-30,1,2,0,2011-09-26
1874,4,86,12,3,KGID101873,Kavya Rao,1999-04-23,2,4,0,2005-04-17
1875,4,86,12,3,KGID101874,Mahesh Shetty,1989-03-06,1,4,0,2012-07-26
1876,4,86,12,3,KGID101875,Vijay Kumar,1988-07-09,1,8,0,2008-08-28
1877,4,86,12,3,KGID101876,Nagaraj Bhat,1992-06-07,1,5,0,2011-11-15
1878,4,86,12,3,KGID101877,Kiran Patil,1991-02-10,1,7,0,2014-09-09
1879,4,86,12,3,KGID101878,Suresh Reddy,2004-08-18,1,4,0,2000-07-26
1880,4,86,12,3,KGID101879,Shobha Desai,2004-11-01,2,1,0,2007-10-19
1881,4,86,12,3,KGID101880,Srinivas Achar,1998-02-03,1,3,0,2014-06-28
1882,4,86,12,3,KGID101881,Nagaraj Kumar,1999-04-17,1,3,0,2019-10-03
1883,4,86,12,3,KGID101882,Vani Kamath,1998-08-04,2,6,0,2011-06-28
1884,4,86,12,3,KGID101883,Suresh Reddy,2004-07-20,1,7,0,2023-05-07
1885,4,86,12,3,KGID101884,Anitha Rao,1992-03-08,2,2,0,2000-04-14
1886,4,86,12,3,KGID101885,Prakash Desai,1997-11-21,1,8,0,2010-12-03
1887,4,87,9,2,KGID101886,Raghavendra Desai,1993-03-06,1,8,0,1999-01-08
1888,4,87,9,1,KGID101887,Roopa Kamath,1991-11-05,2,2,0,2013-04-03
1889,4,87,9,1,KGID101888,Vijay Reddy,1981-10-03,1,3,0,2019-09-13
1890,4,87,10,3,KGID101889,Raghavendra Kamath,1998-11-20,1,2,0,2001-06-15
1891,4,87,10,3,KGID101890,Shivakumar Kulkarni,1992-10-06,1,5,0,2000-08-06
1892,4,87,11,3,KGID101891,Dinesh Reddy,1997-07-24,1,1,0,2010-06-28
1893,4,87,11,3,KGID101892,Rajesh Shetty,1976-06-29,1,3,0,2003-12-14
1894,4,87,11,3,KGID101893,Anitha Poojary,1981-12-25,2,6,0,1997-09-09
1895,4,87,11,3,KGID101894,Girish Bhandari,1986-05-08,1,7,0,1996-07-16
1896,4,87,11,3,KGID101895,Anand Kulkarni,1995-05-21,1,2,0,2004-08-25
1897,4,87,11,3,KGID101896,Krishna Rao,1981-04-23,1,5,0,2013-07-16
1898,4,87,12,3,KGID101897,Dinesh Iyer,1989-04-03,1,5,0,2009-11-17
1899,4,87,12,3,KGID101898,Anand Reddy,1993-06-04,1,2,0,2003-12-25
1900,4,87,12,3,KGID101899,Kiran Devaraj,1990-11-14,1,3,0,2020-03-27
1901,4,87,12,3,KGID101900,Manjunath Hiremath,1995-05-22,1,3,0,2010-03-28
1902,4,87,12,3,KGID101901,Pradeep Gowda,1988-10-02,1,4,0,2019-09-12
1903,4,87,12,3,KGID101902,Gopal Hiremath,1993-04-14,1,1,0,2004-10-21
1904,4,87,12,3,KGID101903,Naveen Bhat,1993-04-07,1,3,0,2016-04-07
1905,4,87,12,3,KGID101904,Sandeep Reddy,1999-02-16,1,7,0,2003-09-14
1906,4,87,12,3,KGID101905,Chandrashekar Hiremath,1996-12-13,1,7,0,2011-08-07
1907,4,87,12,3,KGID101906,Ravi Patil,1990-07-29,1,5,0,2019-08-03
1908,4,87,12,3,KGID101907,Suresh Achar,1983-08-05,1,3,0,2017-11-30
1909,4,87,12,3,KGID101908,Harish Achar,1999-09-05,1,7,0,2011-10-16
1910,4,87,12,3,KGID101909,Vinay Reddy,1997-07-12,1,7,0,2021-09-09
1911,4,87,12,3,KGID101910,Girish Kulkarni,1981-03-18,1,3,0,2002-10-22
1912,4,87,12,3,KGID101911,Vijay Devaraj,1980-07-28,1,2,0,2023-11-03
1913,4,87,12,3,KGID101912,Raghavendra Kumar,1985-05-14,1,8,0,2016-05-24
1914,4,88,9,2,KGID101913,Kavya Kulkarni,1989-12-20,2,7,0,2011-08-28
1915,4,88,9,2,KGID101914,Manjunath Kamath,1988-09-16,1,6,0,2007-11-15
1916,4,88,9,1,KGID101915,Suresh Kumar,1984-01-17,1,5,0,2010-06-04
1917,4,88,9,1,KGID101916,Shivakumar Achar,1991-09-03,1,5,0,2003-04-22
1918,4,88,10,3,KGID101917,Santosh Bhandari,1999-01-01,1,8,0,2020-04-29
1919,4,88,10,3,KGID101918,Pradeep Desai,1987-02-04,1,7,0,2015-11-12
1920,4,88,10,3,KGID101919,Gopal Kumar,1979-07-01,1,2,0,2022-11-08
1921,4,88,11,3,KGID101920,Dinesh Kamath,1977-09-12,1,7,0,2012-03-13
1922,4,88,11,3,KGID101921,Umesh Kulkarni,1979-12-23,1,1,0,2012-05-24
1923,4,88,11,3,KGID101922,Dinesh Gowda,1975-02-26,1,4,0,2000-05-31
1924,4,88,11,3,KGID101923,Raghavendra Achar,2001-02-18,1,1,0,2013-11-15
1925,4,88,11,3,KGID101924,Nagaraj Hegde,1993-07-09,1,5,0,1997-07-16
1926,4,88,11,3,KGID101925,Pradeep Rao,2000-07-24,1,4,0,2009-08-24
1927,4,88,12,3,KGID101926,Pradeep Bhat,1987-02-13,1,3,0,2013-06-13
1928,4,88,12,3,KGID101927,Manoj Hegde,2002-07-20,1,6,0,2012-04-04
1929,4,88,12,3,KGID101928,Deepa Kamath,2001-11-21,2,8,0,2003-06-14
1930,4,88,12,3,KGID101929,Umesh Desai,1980-06-30,1,6,0,2017-08-21
1931,4,88,12,3,KGID101930,Shivakumar Gowda,1990-07-08,1,2,0,2018-10-09
1932,4,88,12,3,KGID101931,Raghavendra Jadhav,1995-04-24,1,3,0,2001-03-27
1933,4,88,12,3,KGID101932,Manjunath Kamath,1982-12-04,1,7,0,2017-11-17
1934,4,88,12,3,KGID101933,Chandrashekar Reddy,2000-07-16,1,7,0,2006-07-09
1935,4,88,12,3,KGID101934,Manjunath Iyer,1981-08-14,1,4,0,2004-03-21
1936,4,88,12,3,KGID101935,Dinesh Nayak,2003-09-03,1,1,0,2006-10-19
1937,4,88,12,3,KGID101936,Ramesh Shetty,1982-09-21,1,3,0,2016-09-10
1938,4,88,12,3,KGID101937,Sandeep Kulkarni,1997-12-28,1,7,0,2004-05-04
1939,4,88,12,3,KGID101938,Umesh Hiremath,1986-10-04,1,7,0,2010-10-02
1940,4,88,12,3,KGID101939,Vani Achar,1992-08-28,2,6,0,2001-07-05
1941,4,89,8,2,KGID101940,Kiran Reddy,1987-04-09,1,6,0,2012-11-26
1942,4,89,9,1,KGID101941,Prakash Hiremath,1992-04-08,1,8,0,2005-11-02
1943,4,89,10,3,KGID101942,Kiran Jadhav,1997-03-04,1,4,0,2016-07-09
1944,4,89,10,3,KGID101943,Pallavi Bhandari,1982-12-15,2,7,0,2009-05-26
1945,4,89,11,3,KGID101944,Anand Naik,1996-12-27,1,6,0,2006-05-22
1946,4,89,11,3,KGID101945,Manjunath Nayak,1979-10-29,1,5,0,2021-07-05
1947,4,89,11,3,KGID101946,Mahesh Reddy,1978-12-29,1,7,0,2001-05-01
1948,4,89,11,3,KGID101947,Shivakumar Hegde,1987-08-05,1,7,0,2006-08-04
1949,4,89,11,3,KGID101948,Umesh Gowda,1984-01-28,1,1,0,2005-07-29
1950,4,89,11,3,KGID101949,Srinivas Patil,1990-03-15,1,7,0,2020-11-27
1951,4,89,12,3,KGID101950,Sandeep Rao,1981-10-04,1,1,0,2016-10-04
1952,4,89,12,3,KGID101951,Prakash Poojary,1989-11-09,1,7,0,2013-11-20
1953,4,89,12,3,KGID101952,Umesh Iyer,1992-01-18,1,3,0,2008-10-27
1954,4,89,12,3,KGID101953,Krishna Nayak,1993-10-10,1,8,0,2001-06-01
1955,4,89,12,3,KGID101954,Nagaraj Patil,1996-06-16,1,6,0,2017-09-09
1956,4,89,12,3,KGID101955,Krishna Kamath,2001-04-13,1,1,0,2015-12-25
1957,4,89,12,3,KGID101956,Anitha Gowda,2003-01-22,2,1,1,2012-11-17
1958,4,89,12,3,KGID101957,Gopal Bhat,1992-08-05,1,2,0,2023-03-18
1959,4,89,12,3,KGID101958,Naveen Jadhav,1998-02-16,1,4,0,2004-04-26
1960,4,89,12,3,KGID101959,Sowmya Rao,2001-01-22,2,8,0,2019-06-26
1961,4,90,8,2,KGID101960,Ravi Kamath,1981-10-27,1,1,0,1997-05-26
1962,4,90,9,1,KGID101961,Nagaraj Rao,1996-08-01,1,3,0,2014-11-10
1963,4,90,10,3,KGID101962,Rekha Iyer,1985-10-04,2,8,0,2004-10-19
1964,4,90,10,3,KGID101963,Prakash Jadhav,1983-06-26,1,2,0,1998-05-24
1965,4,90,11,3,KGID101964,Girish Poojary,1990-10-29,1,1,0,2016-04-27
1966,4,90,11,3,KGID101965,Umesh Hiremath,1986-02-07,1,2,0,2001-11-18
1967,4,90,11,3,KGID101966,Kiran Jadhav,1991-04-15,1,7,0,2005-03-18
1968,4,90,11,3,KGID101967,Basavaraj Kulkarni,1981-10-01,1,4,0,2014-07-24
1969,4,90,11,3,KGID101968,Chandrashekar Patil,1981-06-07,1,8,0,2011-05-28
1970,4,90,11,3,KGID101969,Srinivas Poojary,1998-07-27,1,5,0,2006-05-04
1971,4,90,12,3,KGID101970,Vijay Naik,1980-08-17,1,4,0,2002-12-10
1972,4,90,12,3,KGID101971,Anand Rao,1995-03-14,1,6,0,2000-03-21
1973,4,90,12,3,KGID101972,Chandrashekar Shetty,1987-12-27,1,6,0,2022-07-31
1974,4,90,12,3,KGID101973,Vijay Rao,2003-01-21,1,6,0,2010-04-20
1975,4,90,12,3,KGID101974,Naveen Hegde,2003-09-19,1,6,0,2020-05-13
1976,4,90,12,3,KGID101975,Harish Kamath,1998-04-29,1,1,0,2017-03-17
1977,4,90,12,3,KGID101976,Lokesh Devaraj,1992-09-25,1,1,0,2001-11-09
1978,4,90,12,3,KGID101977,Sandeep Hegde,1983-07-26,1,6,0,2018-06-18
1979,4,90,12,3,KGID101978,Srinivas Hegde,1992-12-17,1,5,0,2019-10-23
1980,4,90,12,3,KGID101979,Girish Nayak,1991-01-26,1,7,0,2005-08-01
1981,4,90,12,3,KGID101980,Pushpa Desai,1991-06-12,2,5,0,2011-08-16
1982,4,91,9,2,KGID101981,Basavaraj Hegde,1996-01-17,1,2,0,1999-05-24
1983,4,91,8,2,KGID101982,Anand Iyer,1992-05-03,1,3,0,2021-10-01
1984,4,91,9,1,KGID101983,Manjula Jadhav,1991-01-26,2,5,0,2001-06-18
1985,4,91,9,1,KGID101984,Chandrashekar Shetty,1981-08-31,1,2,0,2020-11-02
1986,4,91,10,3,KGID101985,Suresh Desai,1985-09-30,1,8,0,2019-04-13
1987,4,91,10,3,KGID101986,Naveen Patil,1993-12-20,1,2,0,1997-06-24
1988,4,91,11,3,KGID101987,Ramesh Kamath,1982-07-06,1,1,0,2009-10-24
1989,4,91,11,3,KGID101988,Deepa Naik,1985-10-06,2,1,0,1999-09-23
1990,4,91,11,3,KGID101989,Ramesh Shetty,1991-09-03,1,1,0,2018-07-08
1991,4,91,11,3,KGID101990,Santosh Rao,1997-08-11,1,4,0,2007-12-05
1992,4,91,11,3,KGID101991,Manjunath Hegde,1978-06-02,1,5,0,2023-05-22
1993,4,91,11,3,KGID101992,Prakash Patil,1997-04-02,1,7,0,2013-12-06
1994,4,91,11,3,KGID101993,Manoj Iyer,2001-02-24,1,6,0,2000-10-13
1995,4,91,12,3,KGID101994,Chandrashekar Gowda,2001-01-21,1,1,0,2016-12-31
1996,4,91,12,3,KGID101995,Pradeep Naik,1980-03-27,1,2,0,2020-09-10
1997,4,91,12,3,KGID101996,Raghavendra Kamath,1989-03-23,1,7,0,2003-06-24
1998,4,91,12,3,KGID101997,Srinivas Nayak,1981-09-12,1,6,0,2002-05-01
1999,4,91,12,3,KGID101998,Ramesh Jadhav,1984-05-23,1,6,0,2008-10-19
2000,4,91,12,3,KGID101999,Savitri Nayak,1995-02-16,2,3,0,2000-10-10
2001,4,91,12,3,KGID102000,Suresh Kulkarni,2004-05-29,1,7,0,2014-10-23
2002,4,91,12,3,KGID102001,Sandeep Bhat,1987-09-16,1,4,0,2011-11-02
2003,4,92,9,2,KGID102002,Ramesh Poojary,1984-05-20,1,8,0,2000-05-21
2004,4,92,9,2,KGID102003,Girish Hegde,1976-06-22,1,4,0,2019-04-07
2005,4,92,9,1,KGID102004,Krishna Kulkarni,1981-10-04,1,7,0,2000-07-05
2006,4,92,10,3,KGID102005,Pallavi Kumar,1991-09-22,2,8,0,2011-10-25
2007,4,92,10,3,KGID102006,Girish Iyer,1981-06-14,1,3,0,2022-09-22
2008,4,92,11,3,KGID102007,Ravi Shetty,1985-06-03,1,7,0,2018-05-22
2009,4,92,11,3,KGID102008,Pradeep Reddy,1996-08-21,1,7,0,2000-03-25
2010,4,92,11,3,KGID102009,Shivakumar Kulkarni,1976-10-03,1,4,0,2019-06-07
2011,4,92,11,3,KGID102010,Manoj Naik,1997-05-03,1,2,0,2013-04-08
2012,4,92,11,3,KGID102011,Shivakumar Patil,1999-12-28,1,6,0,2023-12-06
2013,4,92,11,3,KGID102012,Girish Devaraj,1990-09-28,1,2,0,2000-10-22
2014,4,92,11,3,KGID102013,Yogesh Iyer,1991-03-17,1,3,0,1995-05-26
2015,4,92,11,3,KGID102014,Naveen Achar,1998-03-26,1,2,0,2018-10-18
2016,4,92,12,3,KGID102015,Anand Desai,1985-06-15,1,5,0,2018-03-22
2017,4,92,12,3,KGID102016,Lokesh Kulkarni,1997-11-10,1,2,0,2002-10-24
2018,4,92,12,3,KGID102017,Yogesh Rao,2000-06-25,1,1,0,2008-06-25
2019,4,92,12,3,KGID102018,Anitha Kulkarni,1993-05-28,2,1,0,2005-03-20
2020,4,92,12,3,KGID102019,Manjunath Bhat,1983-03-27,1,2,0,2012-07-15
2021,4,92,12,3,KGID102020,Lokesh Reddy,1985-08-10,1,2,0,2002-06-20
2022,4,92,12,3,KGID102021,Manjula Patil,1983-10-03,2,6,0,2003-07-27
2023,4,92,12,3,KGID102022,Naveen Bhat,1990-01-01,1,5,0,2004-06-07
2024,4,92,12,3,KGID102023,Shivakumar Rao,1996-04-16,1,1,0,2023-04-27
2025,4,92,12,3,KGID102024,Mahesh Iyer,1982-08-08,1,1,0,2015-05-20
2026,4,92,12,3,KGID102025,Deepa Jadhav,1980-02-10,2,1,0,2009-11-25
2027,4,92,12,3,KGID102026,Ravi Devaraj,1986-01-05,1,7,0,2000-03-20
2028,4,92,12,3,KGID102027,Kiran Nayak,1989-06-29,1,7,0,2011-12-18
2029,4,93,9,2,KGID102028,Nagaraj Nayak,1984-01-14,1,4,0,2013-10-29
2030,4,93,9,1,KGID102029,Rajesh Iyer,1991-11-28,1,2,0,2009-11-23
2031,4,93,10,3,KGID102030,Naveen Bhat,1996-11-14,1,2,0,2016-11-26
2032,4,93,10,3,KGID102031,Manoj Gowda,1993-11-25,1,6,0,2021-12-29
2033,4,93,10,3,KGID102032,Harish Kulkarni,1981-12-06,1,6,0,2019-03-11
2034,4,93,11,3,KGID102033,Kiran Reddy,1998-02-28,1,4,0,2020-12-05
2035,4,93,11,3,KGID102034,Ravi Achar,1999-10-04,1,4,0,2021-11-17
2036,4,93,11,3,KGID102035,Harish Hiremath,1979-12-03,1,4,0,2011-07-25
2037,4,93,11,3,KGID102036,Yogesh Devaraj,1995-01-11,1,1,0,2008-10-02
2038,4,93,11,3,KGID102037,Girish Nayak,1986-01-07,1,3,0,2021-10-04
2039,4,93,11,3,KGID102038,Kiran Patil,1983-10-07,1,4,0,2001-11-05
2040,4,93,11,3,KGID102039,Harish Bhandari,1991-09-15,1,5,0,2018-06-15
2041,4,93,11,3,KGID102040,Mahesh Nayak,1985-02-17,1,6,0,2014-09-15
2042,4,93,12,3,KGID102041,Raghavendra Rao,1989-01-06,1,2,0,2003-09-01
2043,4,93,12,3,KGID102042,Rekha Achar,1989-07-17,2,2,0,2000-12-08
2044,4,93,12,3,KGID102043,Shivakumar Bhandari,1982-05-28,1,6,0,2023-11-18
2045,4,93,12,3,KGID102044,Vinay Iyer,1985-01-28,1,8,0,2021-03-17
2046,4,93,12,3,KGID102045,Pradeep Desai,1989-07-04,1,6,0,2008-08-05
2047,4,93,12,3,KGID102046,Naveen Naik,1981-10-06,1,6,0,2016-03-09
2048,4,93,12,3,KGID102047,Umesh Kulkarni,1990-07-27,1,8,0,2011-05-13
2049,4,93,12,3,KGID102048,Umesh Reddy,1981-06-28,1,6,0,2010-12-24
2050,4,93,12,3,KGID102049,Ravi Achar,1984-10-26,1,3,0,2011-07-02
2051,4,93,12,3,KGID102050,Chandrashekar Desai,1999-09-18,1,3,0,2020-12-25
2052,4,93,12,3,KGID102051,Naveen Devaraj,1998-12-27,1,5,0,2008-06-19
2053,4,93,12,3,KGID102052,Jayashree Achar,1989-03-05,2,3,0,2000-04-27
2054,4,93,12,3,KGID102053,Manjunath Iyer,1983-12-12,1,8,0,2012-11-11
2055,4,93,12,3,KGID102054,Rajesh Shetty,2000-09-08,1,7,0,2007-04-28
2056,4,93,12,3,KGID102055,Harish Devaraj,1995-02-19,1,7,0,2018-07-14
2057,4,93,12,3,KGID102056,Shivakumar Bhat,1985-11-05,1,3,0,2007-08-15
2058,4,93,12,3,KGID102057,Nagaraj Achar,1989-12-08,1,4,0,2023-05-19
2059,4,94,9,2,KGID102058,Harish Desai,1975-09-16,1,5,0,1996-08-01
2060,4,94,9,2,KGID102059,Shivakumar Bhandari,1975-10-06,1,4,0,1995-11-05
2061,4,94,9,1,KGID102060,Gopal Desai,1980-09-12,1,1,0,2016-04-28
2062,4,94,10,3,KGID102061,Srinivas Iyer,1997-06-25,1,2,0,1999-10-25
2063,4,94,10,3,KGID102062,Geetha Kulkarni,1986-03-08,2,7,0,2000-08-24
2064,4,94,11,3,KGID102063,Nagaraj Naik,1976-08-24,1,8,0,2001-10-26
2065,4,94,11,3,KGID102064,Sandeep Kamath,1982-01-10,1,8,0,2013-07-06
2066,4,94,11,3,KGID102065,Shivakumar Kamath,1976-08-26,1,4,0,2013-05-01
2067,4,94,11,3,KGID102066,Raghavendra Naik,1981-10-07,1,4,0,2004-11-06
2068,4,94,11,3,KGID102067,Mahesh Gowda,1985-08-19,1,5,0,2016-06-25
2069,4,94,11,3,KGID102068,Harish Achar,1997-08-09,1,2,0,2023-12-19
2070,4,94,11,3,KGID102069,Anand Rao,1977-10-29,1,8,0,2009-06-24
2071,4,94,11,3,KGID102070,Girish Kamath,1998-08-20,1,8,0,2009-08-17
2072,4,94,12,3,KGID102071,Prakash Naik,1986-11-06,1,6,0,2013-12-27
2073,4,94,12,3,KGID102072,Anand Gowda,1993-10-28,1,7,0,2013-06-26
2074,4,94,12,3,KGID102073,Harish Devaraj,1992-10-09,1,6,0,2013-12-18
2075,4,94,12,3,KGID102074,Manoj Reddy,1986-12-21,1,8,0,2007-12-09
2076,4,94,12,3,KGID102075,Vijay Rao,2002-10-27,1,4,0,2019-11-12
2077,4,94,12,3,KGID102076,Mahesh Iyer,1993-07-10,1,2,0,2013-11-24
2078,4,94,12,3,KGID102077,Harish Poojary,1987-12-10,1,3,0,2007-06-07
2079,4,94,12,3,KGID102078,Prakash Nayak,2002-09-22,1,4,0,2009-10-16
2080,4,95,8,5,KGID102079,Yogesh Naik,1996-02-13,1,1,0,1997-09-15
2081,4,95,9,1,KGID102080,Shivakumar Iyer,1992-10-22,1,7,0,2019-04-22
2082,4,95,10,3,KGID102081,Manjula Desai,1979-06-24,2,1,0,2023-04-16
2083,4,95,10,3,KGID102082,Suresh Shetty,1978-06-14,1,1,0,2006-12-03
2084,4,95,10,3,KGID102083,Kiran Patil,1982-05-05,1,6,0,2023-07-08
2085,4,95,11,3,KGID102084,Shobha Jadhav,1975-10-21,2,1,0,2011-09-19
2086,4,95,11,3,KGID102085,Anand Bhat,1978-02-28,1,7,0,2014-08-21
2087,4,95,11,3,KGID102086,Girish Iyer,1995-03-03,1,5,0,2015-07-17
2088,4,95,11,3,KGID102087,Ramesh Kamath,1981-08-18,1,7,0,2009-12-22
2089,4,95,11,3,KGID102088,Manoj Shetty,1998-12-17,1,4,0,2011-11-12
2090,4,95,11,3,KGID102089,Sowmya Devaraj,1978-08-13,2,6,0,1997-09-21
2091,4,95,12,3,KGID102090,Krishna Nayak,1984-02-25,1,4,0,2016-03-19
2092,4,95,12,3,KGID102091,Deepa Shetty,1996-01-02,2,8,0,2017-10-03
2093,4,95,12,3,KGID102092,Srinivas Rao,1992-07-25,1,8,0,2009-06-19
2094,4,95,12,3,KGID102093,Manjunath Kamath,1985-08-17,1,2,0,2002-09-02
2095,4,95,12,3,KGID102094,Vinay Gowda,2004-02-23,1,5,0,2022-12-28
2096,4,95,12,3,KGID102095,Suresh Bhat,1981-03-27,1,4,0,2018-11-15
2097,4,95,12,3,KGID102096,Mahesh Gowda,1991-07-03,1,5,0,2021-08-12
2098,4,95,12,3,KGID102097,Ramesh Shetty,2001-08-05,1,2,0,2019-08-22
2099,4,95,12,3,KGID102098,Anitha Gowda,1981-01-27,2,2,0,2023-05-04
2100,4,95,12,3,KGID102099,Vinay Nayak,1997-05-19,1,1,0,2005-03-27
2101,4,95,12,3,KGID102100,Girish Patil,1989-12-08,1,7,0,2000-10-21
2102,4,95,12,3,KGID102101,Sandeep Kulkarni,2004-12-17,1,7,0,2008-05-29
2103,4,95,12,3,KGID102102,Pradeep Nayak,2004-03-16,1,5,0,2022-12-01
2104,4,96,8,6,KGID102103,Umesh Shetty,1989-12-28,1,4,0,2002-08-21
2105,4,96,8,6,KGID102104,Sandeep Achar,1977-12-21,1,8,0,1996-03-26
2106,4,96,9,1,KGID102105,Srinivas Bhat,1998-08-14,1,8,0,2012-11-20
2107,4,96,9,1,KGID102106,Manoj Jadhav,1982-10-20,1,3,0,2012-06-28
2108,4,96,10,3,KGID102107,Gopal Poojary,1980-07-18,1,6,0,2010-10-08
2109,4,96,10,3,KGID102108,Dinesh Jadhav,1989-08-13,1,7,0,2019-04-25
2110,4,96,11,3,KGID102109,Krishna Reddy,1988-11-26,1,6,0,2004-08-30
2111,4,96,11,3,KGID102110,Umesh Rao,1981-05-18,1,1,0,2009-04-04
2112,4,96,11,3,KGID102111,Anand Rao,1981-10-29,1,3,0,2004-07-16
2113,4,96,11,3,KGID102112,Manjunath Achar,1976-09-29,1,2,0,1997-06-20
2114,4,96,11,3,KGID102113,Gopal Gowda,1984-12-20,1,5,0,2007-11-14
2115,4,96,11,3,KGID102114,Dinesh Iyer,1980-10-19,1,8,0,2000-09-13
2116,4,96,11,3,KGID102115,Shwetha Poojary,1978-07-05,2,4,0,2006-06-18
2117,4,96,12,3,KGID102116,Santosh Kulkarni,1981-06-17,1,3,0,2001-11-14
2118,4,96,12,3,KGID102117,Krishna Hiremath,1980-10-07,1,2,0,2002-01-07
2119,4,96,12,3,KGID102118,Pradeep Poojary,2002-01-16,1,5,0,2014-09-03
2120,4,96,12,3,KGID102119,Ravi Gowda,1987-02-18,1,1,0,2020-09-27
2121,4,96,12,3,KGID102120,Manjunath Nayak,1998-10-04,1,8,0,2002-12-02
2122,4,96,12,3,KGID102121,Ravi Kamath,1991-07-10,1,5,0,2002-06-15
2123,4,96,12,3,KGID102122,Srinivas Bhandari,1993-09-24,1,8,0,2014-05-30
2124,4,96,12,3,KGID102123,Suresh Desai,1986-12-20,1,6,0,2002-05-01
2125,4,96,12,3,KGID102124,Pradeep Jadhav,1996-01-15,1,2,0,2008-06-23
2126,4,96,12,3,KGID102125,Lakshmi Poojary,1986-02-27,2,1,0,2012-04-28
2127,4,96,12,3,KGID102126,Anand Patil,1980-11-28,1,2,0,2008-08-29
2128,4,96,12,3,KGID102127,Chandrashekar Iyer,1982-02-22,1,4,0,2020-05-15
2129,4,96,12,3,KGID102128,Anand Kulkarni,1989-12-23,1,4,0,2013-07-30
2130,4,96,12,3,KGID102129,Gopal Gowda,2002-01-01,1,8,0,2002-11-03
2131,4,96,12,3,KGID102130,Chandrashekar Jadhav,1999-05-15,1,1,0,2015-03-21
2132,4,96,12,3,KGID102131,Naveen Kulkarni,2001-01-14,1,5,0,2007-04-30
2133,4,96,12,3,KGID102132,Mahesh Kumar,2003-08-11,1,3,0,2004-07-21
2134,4,97,8,4,KGID102133,Ravi Poojary,1991-05-08,1,3,0,2008-08-31
2135,4,97,9,1,KGID102134,Shivakumar Bhandari,1998-08-06,1,8,0,2018-09-11
2136,4,97,10,3,KGID102135,Naveen Reddy,1986-01-17,1,3,0,2020-11-12
2137,4,97,10,3,KGID102136,Pallavi Bhat,1981-03-29,2,7,0,2023-05-23
2138,4,97,10,3,KGID102137,Prakash Achar,1984-01-21,1,8,0,2012-04-01
2139,4,97,11,3,KGID102138,Manjunath Patil,1988-03-30,1,2,0,2001-06-05
2140,4,97,11,3,KGID102139,Shwetha Hegde,1980-07-12,2,3,0,2008-06-14
2141,4,97,11,3,KGID102140,Dinesh Shetty,1996-11-24,1,8,0,2005-10-03
2142,4,97,11,3,KGID102141,Pallavi Patil,1984-07-03,2,3,0,2006-08-25
2143,4,97,11,3,KGID102142,Girish Reddy,1998-03-27,1,5,0,2022-09-06
2144,4,97,11,3,KGID102143,Suresh Hiremath,1979-06-26,1,1,0,2023-06-26
2145,4,97,11,3,KGID102144,Ravi Devaraj,1980-08-28,1,3,0,2005-04-10
2146,4,97,12,3,KGID102145,Pallavi Desai,1997-05-07,2,8,0,2017-09-29
2147,4,97,12,3,KGID102146,Umesh Patil,1999-06-23,1,3,0,2006-04-04
2148,4,97,12,3,KGID102147,Vijay Patil,1988-10-27,1,3,0,2021-05-03
2149,4,97,12,3,KGID102148,Santosh Nayak,1980-06-14,1,7,0,2003-07-06
2150,4,97,12,3,KGID102149,Ravi Shetty,1991-12-19,1,6,0,2013-06-16
2151,4,97,12,3,KGID102150,Yogesh Kamath,1985-09-17,1,7,0,2000-11-03
2152,4,97,12,3,KGID102151,Srinivas Hiremath,1980-02-21,1,5,0,2018-09-02
2153,4,97,12,3,KGID102152,Mahesh Patil,2002-05-30,1,2,0,2004-12-22
2154,4,97,12,3,KGID102153,Nagaraj Nayak,1980-10-29,1,7,0,2003-12-18
2155,4,97,12,3,KGID102154,Srinivas Iyer,1984-07-20,1,5,0,2014-04-05
2156,4,97,12,3,KGID102155,Pradeep Bhandari,1989-04-23,1,3,0,2008-06-22
2157,4,97,12,3,KGID102156,Anand Hiremath,2002-01-17,1,2,0,2008-07-14
2158,4,97,12,3,KGID102157,Radha Iyer,1996-08-22,2,6,0,2014-04-17
2159,5,103,8,2,KGID102158,Shwetha Achar,1986-08-07,2,5,0,2017-07-16
2160,5,103,9,1,KGID102159,Pradeep Kamath,1986-02-02,1,3,0,2002-10-03
2161,5,103,10,3,KGID102160,Kiran Jadhav,1978-08-14,1,6,0,2017-07-02
2162,5,103,10,3,KGID102161,Prakash Devaraj,1986-03-19,1,4,0,2007-10-10
2163,5,103,10,3,KGID102162,Nagaraj Hegde,1980-07-23,1,7,0,2018-04-24
2164,5,103,11,3,KGID102163,Deepa Reddy,1993-03-24,2,5,0,2009-04-05
2165,5,103,11,3,KGID102164,Chandrashekar Gowda,1993-11-06,1,2,0,2011-03-30
2166,5,103,11,3,KGID102165,Gopal Nayak,1993-04-30,1,7,0,2009-03-30
2167,5,103,11,3,KGID102166,Srinivas Kumar,2000-06-02,1,8,0,2003-05-02
2168,5,103,11,3,KGID102167,Prakash Bhat,1991-11-09,1,1,0,2019-10-03
2169,5,103,11,3,KGID102168,Anand Nayak,1999-08-18,1,3,0,2020-03-28
2170,5,103,11,3,KGID102169,Suresh Bhandari,1978-01-26,1,1,1,2010-09-23
2171,5,103,12,3,KGID102170,Raghavendra Achar,1994-02-23,1,4,0,2000-08-19
2172,5,103,12,3,KGID102171,Lokesh Jadhav,1985-03-07,1,6,0,2005-08-23
2173,5,103,12,3,KGID102172,Shivakumar Hegde,2000-12-26,1,3,0,2006-03-13
2174,5,103,12,3,KGID102173,Naveen Patil,1992-09-26,1,5,0,2006-12-29
2175,5,103,12,3,KGID102174,Santosh Hegde,2001-11-19,1,8,0,2016-06-09
2176,5,103,12,3,KGID102175,Lakshmi Hegde,1999-09-17,2,5,0,2015-11-11
2177,5,103,12,3,KGID102176,Santosh Kumar,1985-06-27,1,2,0,2009-09-18
2178,5,103,12,3,KGID102177,Umesh Kamath,1990-05-28,1,7,0,2019-06-21
2179,5,103,12,3,KGID102178,Mahesh Hiremath,1980-08-25,1,6,0,2017-04-27
2180,5,104,9,2,KGID102179,Rekha Shetty,1981-03-02,2,6,0,2011-05-24
2181,5,104,8,2,KGID102180,Naveen Poojary,1978-01-20,1,4,0,2002-06-28
2182,5,104,9,1,KGID102181,Kiran Devaraj,1988-06-16,1,4,0,2015-08-30
2183,5,104,9,1,KGID102182,Santosh Patil,1984-12-29,1,8,0,2002-03-25
2184,5,104,10,3,KGID102183,Nagaraj Poojary,2000-06-21,1,1,0,2005-07-14
2185,5,104,10,3,KGID102184,Mahesh Nayak,1977-05-29,1,6,0,2010-11-21
2186,5,104,11,3,KGID102185,Naveen Hegde,1990-08-29,1,4,0,2008-10-17
2187,5,104,11,3,KGID102186,Manjunath Rao,1989-07-07,1,2,0,2022-09-07
2188,5,104,11,3,KGID102187,Vijay Nayak,1984-12-16,1,8,0,2015-11-25
2189,5,104,11,3,KGID102188,Santosh Achar,1997-05-29,1,5,0,2015-10-01
2190,5,104,12,3,KGID102189,Gopal Rao,2002-09-10,1,5,0,2021-12-07
2191,5,104,12,3,KGID102190,Rajesh Shetty,1991-10-16,1,2,0,2016-12-26
2192,5,104,12,3,KGID102191,Prakash Kulkarni,2001-08-22,1,6,0,2018-04-05
2193,5,104,12,3,KGID102192,Lakshmi Iyer,2000-04-08,2,3,0,2018-08-31
2194,5,104,12,3,KGID102193,Sunita Poojary,1988-12-30,2,3,0,2007-04-23
2195,5,104,12,3,KGID102194,Umesh Kamath,1989-10-22,1,6,0,2019-09-02
2196,5,104,12,3,KGID102195,Naveen Kumar,1996-05-16,1,4,0,2016-05-16
2197,5,104,12,3,KGID102196,Basavaraj Gowda,1985-12-20,1,5,0,2021-06-23
2198,5,104,12,3,KGID102197,Anand Poojary,1989-01-28,1,8,0,2011-03-30
2199,5,104,12,3,KGID102198,Kiran Poojary,1988-07-12,1,5,0,2004-03-17
2200,5,104,12,3,KGID102199,Basavaraj Naik,1991-10-16,1,4,0,2007-04-26
2201,5,104,12,3,KGID102200,Chandrashekar Poojary,1993-08-09,1,5,0,2020-06-05
2202,5,105,9,2,KGID102201,Girish Achar,1982-10-02,1,3,0,1999-12-31
2203,5,105,8,2,KGID102202,Basavaraj Gowda,1977-08-11,1,4,0,2011-09-02
2204,5,105,9,1,KGID102203,Kiran Kulkarni,1991-05-05,1,6,0,2011-05-12
2205,5,105,9,1,KGID102204,Santosh Reddy,1985-11-05,1,2,0,2010-12-10
2206,5,105,10,3,KGID102205,Krishna Achar,1999-07-12,1,2,0,2009-06-22
2207,5,105,10,3,KGID102206,Suresh Desai,1989-04-22,1,2,0,2006-05-07
2208,5,105,10,3,KGID102207,Ravi Kumar,1994-08-03,1,3,0,2007-10-14
2209,5,105,11,3,KGID102208,Vijay Shetty,1984-08-25,1,6,0,2022-12-21
2210,5,105,11,3,KGID102209,Nagaraj Kamath,1989-07-22,1,6,0,1998-05-18
2211,5,105,11,3,KGID102210,Krishna Kulkarni,2000-04-17,1,8,0,2005-11-04
2212,5,105,11,3,KGID102211,Manoj Bhandari,1985-12-23,1,2,0,2002-04-02
2213,5,105,11,3,KGID102212,Manoj Nayak,1997-06-28,1,3,0,2013-05-24
2214,5,105,12,3,KGID102213,Vinay Poojary,1998-11-21,1,4,0,2004-06-24
2215,5,105,12,3,KGID102214,Mahesh Bhandari,1996-01-02,1,4,0,2019-09-26
2216,5,105,12,3,KGID102215,Vani Shetty,2000-06-02,2,1,0,2006-03-22
2217,5,105,12,3,KGID102216,Rajesh Patil,1999-12-19,1,4,0,2015-05-02
2218,5,105,12,3,KGID102217,Manjunath Kulkarni,1999-01-28,1,6,0,2008-11-08
2219,5,105,12,3,KGID102218,Anand Jadhav,1993-05-13,1,6,0,2015-03-15
2220,5,105,12,3,KGID102219,Dinesh Nayak,1994-04-14,1,4,0,2019-04-12
2221,5,105,12,3,KGID102220,Shivakumar Hiremath,2004-05-28,1,5,0,2008-08-19
2222,5,105,12,3,KGID102221,Rajesh Nayak,1981-06-18,1,2,0,2022-08-02
2223,5,105,12,3,KGID102222,Nagaveni Reddy,1987-09-18,2,2,0,2016-08-29
2224,5,105,12,3,KGID102223,Mahesh Bhandari,1988-07-08,1,6,0,2010-06-15
2225,5,105,12,3,KGID102224,Lokesh Patil,1997-10-16,1,6,0,2004-05-05
2226,5,105,12,3,KGID102225,Basavaraj Achar,2003-05-28,1,8,0,2011-05-29
2227,5,105,12,3,KGID102226,Santosh Desai,1994-07-03,1,8,0,2020-07-29
2228,5,105,12,3,KGID102227,Mahesh Hegde,1992-03-13,1,5,0,2017-06-10
2229,5,105,12,3,KGID102228,Gopal Poojary,1999-07-19,1,2,0,2018-07-20
2230,5,106,8,2,KGID102229,Yogesh Patil,1997-10-23,1,3,0,2006-06-01
2231,5,106,9,1,KGID102230,Shobha Devaraj,1999-05-11,2,6,0,2018-12-18
2232,5,106,10,3,KGID102231,Geetha Naik,1978-07-14,2,3,0,2002-03-21
2233,5,106,10,3,KGID102232,Manjunath Naik,1990-11-19,1,1,0,2022-03-10
2234,5,106,11,3,KGID102233,Sandeep Desai,1995-10-13,1,2,0,1995-06-23
2235,5,106,11,3,KGID102234,Manjunath Kamath,1992-02-28,1,5,0,1997-04-14
2236,5,106,11,3,KGID102235,Naveen Hiremath,1987-03-06,1,2,0,1996-08-28
2237,5,106,11,3,KGID102236,Chandrashekar Iyer,1994-01-21,1,3,0,2014-12-19
2238,5,106,11,3,KGID102237,Raghavendra Devaraj,1976-05-26,1,7,0,2012-04-19
2239,5,106,11,3,KGID102238,Girish Hegde,1994-08-03,1,8,0,2002-07-24
2240,5,106,11,3,KGID102239,Gopal Kumar,1997-12-20,1,3,0,2021-12-03
2241,5,106,11,3,KGID102240,Raghavendra Iyer,1987-11-07,1,6,0,2019-11-27
2242,5,106,12,3,KGID102241,Prakash Jadhav,1982-05-10,1,5,0,2010-06-10
2243,5,106,12,3,KGID102242,Roopa Rao,1998-05-10,2,7,0,2003-12-21
2244,5,106,12,3,KGID102243,Chandrashekar Rao,2002-12-12,1,8,0,2022-08-26
2245,5,106,12,3,KGID102244,Shobha Iyer,1992-01-11,2,7,0,2013-05-19
2246,5,106,12,3,KGID102245,Ravi Rao,1980-03-27,1,5,0,2001-10-05
2247,5,106,12,3,KGID102246,Krishna Reddy,1989-07-22,1,4,0,2019-12-13
2248,5,106,12,3,KGID102247,Mahesh Naik,1989-08-20,1,1,0,2017-10-03
2249,5,106,12,3,KGID102248,Shivakumar Gowda,1982-07-20,1,2,0,2004-06-30
2250,5,106,12,3,KGID102249,Shivakumar Hiremath,1988-09-28,1,5,0,2017-10-20
2251,5,106,12,3,KGID102250,Mahesh Naik,1988-03-13,1,8,0,2004-09-28
2252,5,106,12,3,KGID102251,Pradeep Kulkarni,1986-04-05,1,1,0,2014-04-04
2253,5,106,12,3,KGID102252,Pallavi Achar,2004-06-11,2,8,0,2005-12-05
2254,5,106,12,3,KGID102253,Sandeep Bhandari,1985-03-24,1,4,0,2016-07-26
2255,5,106,12,3,KGID102254,Dinesh Bhandari,1995-02-09,1,5,0,2022-09-07
2256,5,106,12,3,KGID102255,Radha Kulkarni,2004-04-09,2,4,0,2016-12-14
2257,5,106,12,3,KGID102256,Anand Jadhav,1991-12-16,1,7,0,2021-08-15
2258,5,107,9,2,KGID102257,Gopal Shetty,1978-02-07,1,5,0,2022-04-23
2259,5,107,9,1,KGID102258,Naveen Jadhav,1992-06-23,1,4,0,2006-07-22
2260,5,107,10,3,KGID102259,Yogesh Gowda,1987-12-01,1,2,0,2013-09-01
2261,5,107,10,3,KGID102260,Dinesh Nayak,1977-09-02,1,7,0,2018-08-07
2262,5,107,10,3,KGID102261,Nagaraj Kumar,1987-09-28,1,5,0,2000-10-16
2263,5,107,11,3,KGID102262,Manjunath Reddy,1984-01-22,1,2,0,2006-12-02
2264,5,107,11,3,KGID102263,Naveen Kumar,2001-09-06,1,8,0,2021-08-17
2265,5,107,11,3,KGID102264,Prakash Desai,1985-04-12,1,5,0,2009-04-19
2266,5,107,11,3,KGID102265,Chandrashekar Shetty,1990-11-23,1,5,0,2012-10-06
2267,5,107,11,3,KGID102266,Basavaraj Iyer,1982-11-28,1,3,0,2021-10-11
2268,5,107,11,3,KGID102267,Lokesh Bhat,1979-04-14,1,1,0,2017-05-03
2269,5,107,12,3,KGID102268,Pradeep Poojary,1992-06-01,1,4,0,2020-04-15
2270,5,107,12,3,KGID102269,Manoj Patil,1985-02-18,1,4,0,2008-03-11
2271,5,107,12,3,KGID102270,Chandrashekar Iyer,1980-05-03,1,6,0,2006-05-17
2272,5,107,12,3,KGID102271,Ravi Bhandari,2003-12-19,1,6,0,2009-10-01
2273,5,107,12,3,KGID102272,Mahesh Gowda,1983-07-05,1,6,0,2003-07-18
2274,5,107,12,3,KGID102273,Anand Kumar,2002-10-30,1,3,0,2020-04-11
2275,5,107,12,3,KGID102274,Prakash Kamath,1987-04-03,1,1,0,2000-07-17
2276,5,107,12,3,KGID102275,Anand Achar,1984-08-01,1,5,0,2016-07-28
2277,5,107,12,3,KGID102276,Kiran Nayak,2001-12-09,1,7,0,2014-10-26
2278,5,107,12,3,KGID102277,Vijay Bhat,1996-07-17,1,2,0,2010-11-28
2279,5,107,12,3,KGID102278,Ravi Devaraj,1981-08-11,1,6,0,2010-12-25
2280,5,107,12,3,KGID102279,Nagaraj Kumar,2002-10-28,1,2,0,2007-11-16
2281,5,107,12,3,KGID102280,Anitha Bhandari,1980-07-25,2,4,0,2013-11-02
2282,5,108,8,2,KGID102281,Sandeep Jadhav,1990-12-15,1,2,0,2015-07-29
2283,5,108,9,2,KGID102282,Krishna Poojary,1980-02-10,1,1,0,2014-11-14
2284,5,108,9,1,KGID102283,Vinay Naik,1986-11-24,1,3,0,2002-07-21
2285,5,108,10,3,KGID102284,Suresh Desai,1983-01-09,1,6,0,2020-05-03
2286,5,108,10,3,KGID102285,Krishna Hegde,1997-08-25,1,2,0,2018-03-22
2287,5,108,11,3,KGID102286,Harish Gowda,1996-02-10,1,8,0,2005-11-14
2288,5,108,11,3,KGID102287,Santosh Achar,1979-11-09,1,1,0,2018-04-18
2289,5,108,11,3,KGID102288,Yogesh Jadhav,1993-03-19,1,4,0,1998-10-04
2290,5,108,11,3,KGID102289,Girish Hiremath,1995-03-01,1,5,0,2002-06-23
2291,5,108,11,3,KGID102290,Manjula Nayak,1989-03-13,2,4,0,2010-03-15
2292,5,108,11,3,KGID102291,Harish Kamath,1998-01-11,1,8,1,2010-08-28
2293,5,108,11,3,KGID102292,Manoj Nayak,1998-06-14,1,3,0,2005-10-01
2294,5,108,11,3,KGID102293,Dinesh Hegde,1975-02-19,1,3,0,2005-11-06
2295,5,108,12,3,KGID102294,Manoj Patil,1997-09-02,1,7,0,2000-12-15
2296,5,108,12,3,KGID102295,Ravi Shetty,1998-08-19,1,2,0,2020-03-14
2297,5,108,12,3,KGID102296,Girish Kulkarni,2004-06-08,1,3,0,2020-07-12
2298,5,108,12,3,KGID102297,Mahesh Poojary,1984-11-08,1,5,0,2012-07-22
2299,5,108,12,3,KGID102298,Chandrashekar Bhat,1998-02-16,1,4,0,2019-09-20
2300,5,108,12,3,KGID102299,Vinay Achar,1983-09-09,1,1,0,2008-04-30
2301,5,108,12,3,KGID102300,Rajesh Naik,1991-05-17,1,8,0,2018-12-03
2302,5,108,12,3,KGID102301,Basavaraj Devaraj,1998-06-10,1,5,0,2020-08-08
2303,5,108,12,3,KGID102302,Manjunath Bhandari,1981-01-04,1,8,0,2008-04-09
2304,5,108,12,3,KGID102303,Vani Desai,1984-09-18,2,7,0,2009-09-25
2305,5,108,12,3,KGID102304,Ravi Hegde,1989-09-19,1,8,0,2009-10-29
2306,5,108,12,3,KGID102305,Prakash Nayak,1987-04-25,1,6,0,2003-10-25
2307,5,108,12,3,KGID102306,Rajesh Devaraj,1982-11-22,1,7,0,2015-04-15
2308,5,108,12,3,KGID102307,Vani Hegde,1986-11-17,2,3,0,2016-08-12
2309,5,108,12,3,KGID102308,Shivakumar Jadhav,1989-01-08,1,7,0,2019-12-24
2310,5,109,8,2,KGID102309,Manoj Devaraj,1982-10-04,1,7,0,2018-11-09
2311,5,109,9,1,KGID102310,Dinesh Kamath,1991-03-15,1,6,0,2017-06-12
2312,5,109,9,1,KGID102311,Shivakumar Naik,1984-02-26,1,6,0,2017-08-31
2313,5,109,10,3,KGID102312,Santosh Achar,1993-04-11,1,1,0,2013-04-27
2314,5,109,10,3,KGID102313,Mahesh Naik,1997-03-24,1,4,0,2019-09-07
2315,5,109,11,3,KGID102314,Ramesh Reddy,1984-12-04,1,4,0,2020-03-28
2316,5,109,11,3,KGID102315,Vinay Gowda,1995-07-03,1,7,0,2020-12-15
2317,5,109,11,3,KGID102316,Krishna Shetty,1993-02-13,1,2,0,2005-05-21
2318,5,109,11,3,KGID102317,Rajesh Nayak,1994-03-01,1,4,0,2020-11-16
2319,5,109,12,3,KGID102318,Dinesh Gowda,1982-08-23,1,8,0,2006-10-13
2320,5,109,12,3,KGID102319,Geetha Hiremath,1998-06-11,2,4,0,2013-11-14
2321,5,109,12,3,KGID102320,Lokesh Bhat,1997-01-07,1,8,0,2010-07-11
2322,5,109,12,3,KGID102321,Harish Bhandari,1999-12-25,1,1,0,2000-11-19
2323,5,109,12,3,KGID102322,Manoj Naik,1998-10-11,1,3,0,2018-09-06
2324,5,109,12,3,KGID102323,Ramesh Naik,1998-09-28,1,8,0,2019-08-05
2325,5,109,12,3,KGID102324,Nagaraj Devaraj,2000-12-21,1,7,0,2020-09-20
2326,5,109,12,3,KGID102325,Lakshmi Rao,2002-10-17,2,6,0,2008-06-26
2327,5,109,12,3,KGID102326,Geetha Rao,1999-01-22,2,4,0,2010-11-11
2328,5,109,12,3,KGID102327,Kiran Rao,1991-11-15,1,5,0,2010-09-10
2329,5,109,12,3,KGID102328,Krishna Bhandari,1982-04-02,1,6,0,2002-04-11
2330,5,109,12,3,KGID102329,Pushpa Kulkarni,1999-03-09,2,7,0,2006-03-22
2331,5,109,12,3,KGID102330,Srinivas Shetty,1990-08-20,1,1,0,2013-08-24
2332,5,109,12,3,KGID102331,Lokesh Patil,1995-06-30,1,2,0,2006-05-13
2333,5,109,12,3,KGID102332,Umesh Kumar,2000-12-10,1,8,0,2016-04-05
2334,5,109,12,3,KGID102333,Suresh Hiremath,1984-03-19,1,3,0,2001-10-30
2335,5,110,8,2,KGID102334,Umesh Kamath,1993-09-07,1,2,0,2022-04-17
2336,5,110,8,2,KGID102335,Vinay Nayak,1987-04-17,1,6,0,2006-11-20
2337,5,110,9,1,KGID102336,Umesh Shetty,1994-12-17,1,3,0,2010-04-29
2338,5,110,9,1,KGID102337,Vijay Reddy,1992-01-17,1,8,0,2003-11-23
2339,5,110,10,3,KGID102338,Manoj Iyer,1977-02-22,1,8,0,2006-11-26
2340,5,110,10,3,KGID102339,Lakshmi Gowda,1992-07-20,2,1,0,2023-12-17
2341,5,110,11,3,KGID102340,Naveen Bhandari,1978-12-28,1,2,0,2021-07-21
2342,5,110,11,3,KGID102341,Ramesh Jadhav,1995-05-07,1,6,0,1998-11-19
2343,5,110,11,3,KGID102342,Roopa Iyer,1981-03-08,2,7,0,2023-10-18
2344,5,110,11,3,KGID102343,Pradeep Devaraj,1976-04-29,1,5,0,2003-08-12
2345,5,110,11,3,KGID102344,Anand Desai,1984-10-27,1,5,0,2004-03-17
2346,5,110,11,3,KGID102345,Sandeep Devaraj,1977-12-04,1,1,0,2019-10-06
2347,5,110,11,3,KGID102346,Nagaveni Gowda,1986-12-21,2,1,0,2007-05-29
2348,5,110,12,3,KGID102347,Chandrashekar Bhat,2004-02-02,1,6,0,2015-09-01
2349,5,110,12,3,KGID102348,Shobha Poojary,1981-04-22,2,7,0,2015-04-08
2350,5,110,12,3,KGID102349,Vijay Hegde,1997-06-10,1,6,0,2019-08-19
2351,5,110,12,3,KGID102350,Rajesh Bhandari,2003-07-03,1,7,0,2014-10-09
2352,5,110,12,3,KGID102351,Suresh Achar,1987-12-21,1,4,0,2003-05-12
2353,5,110,12,3,KGID102352,Srinivas Bhat,1985-03-02,1,1,0,2006-05-16
2354,5,110,12,3,KGID102353,Basavaraj Patil,1980-02-21,1,1,0,2007-10-04
2355,5,110,12,3,KGID102354,Sandeep Hiremath,2003-11-05,1,2,0,2011-08-29
2356,5,111,8,2,KGID102355,Umesh Rao,1989-02-23,1,8,0,2000-08-28
2357,5,111,8,2,KGID102356,Vijay Patil,1981-10-04,1,7,0,2011-10-01
2358,5,111,9,1,KGID102357,Kiran Poojary,1995-01-29,1,5,0,2021-10-22
2359,5,111,10,3,KGID102358,Mahesh Devaraj,1984-03-24,1,3,0,2003-08-03
2360,5,111,10,3,KGID102359,Mahesh Shetty,1987-11-05,1,2,0,2012-04-09
2361,5,111,11,3,KGID102360,Umesh Naik,1977-09-06,1,7,0,2021-05-11
2362,5,111,11,3,KGID102361,Pradeep Bhat,1981-06-26,1,5,0,2018-07-06
2363,5,111,11,3,KGID102362,Manoj Bhat,2000-10-03,1,6,0,2011-09-10
2364,5,111,11,3,KGID102363,Dinesh Patil,1996-08-10,1,8,0,2017-12-23
2365,5,111,11,3,KGID102364,Vijay Bhandari,1988-08-19,1,1,0,1996-08-13
2366,5,111,11,3,KGID102365,Anand Hiremath,1978-11-18,1,3,0,2012-09-03
2367,5,111,12,3,KGID102366,Ramesh Kamath,1996-07-22,1,1,0,2000-10-31
2368,5,111,12,3,KGID102367,Umesh Devaraj,1994-12-20,1,4,0,2014-12-06
2369,5,111,12,3,KGID102368,Sandeep Hiremath,1998-09-23,1,5,0,2012-09-27
2370,5,111,12,3,KGID102369,Rajesh Reddy,1982-11-10,1,2,0,2011-09-14
2371,5,111,12,3,KGID102370,Ramesh Kumar,1982-03-10,1,1,0,2009-04-11
2372,5,111,12,3,KGID102371,Harish Shetty,1998-09-06,1,8,0,2005-11-21
2373,5,111,12,3,KGID102372,Suresh Achar,1992-02-14,1,1,0,2013-09-11
2374,5,111,12,3,KGID102373,Deepa Poojary,2002-02-27,2,2,0,2007-04-27
2375,5,111,12,3,KGID102374,Krishna Gowda,1988-06-15,1,1,0,2006-04-13
2376,5,111,12,3,KGID102375,Prakash Iyer,1998-12-25,1,7,0,2023-03-08
2377,5,111,12,3,KGID102376,Santosh Poojary,2000-03-07,1,6,0,2007-12-31
2378,5,111,12,3,KGID102377,Sandeep Kamath,1982-05-02,1,2,0,2015-08-12
2379,5,111,12,3,KGID102378,Chandrashekar Bhat,1992-01-08,1,6,0,2004-09-19
2380,5,111,12,3,KGID102379,Rajesh Kumar,2003-11-28,1,5,0,2014-11-29
2381,5,111,12,3,KGID102380,Vijay Desai,1995-09-15,1,6,0,2016-06-14
2382,5,112,8,2,KGID102381,Girish Kamath,1984-10-03,1,3,0,2018-10-15
2383,5,112,9,2,KGID102382,Geetha Patil,1989-07-22,2,5,0,2013-06-04
2384,5,112,9,1,KGID102383,Mahesh Naik,1990-11-04,1,6,0,2007-04-07
2385,5,112,9,1,KGID102384,Mahesh Achar,1989-09-10,1,1,0,2008-06-17
2386,5,112,10,3,KGID102385,Mahesh Gowda,1997-11-09,1,1,0,2000-11-03
2387,5,112,10,3,KGID102386,Chandrashekar Poojary,1999-04-16,1,2,0,2017-07-03
2388,5,112,10,3,KGID102387,Manjunath Iyer,2000-06-23,1,4,0,2019-05-15
2389,5,112,11,3,KGID102388,Nagaraj Naik,1996-09-18,1,7,0,2015-07-14
2390,5,112,11,3,KGID102389,Yogesh Desai,1996-05-29,1,7,0,2005-11-12
2391,5,112,11,3,KGID102390,Vijay Nayak,1981-10-30,1,5,0,2004-09-21
2392,5,112,11,3,KGID102391,Nandini Gowda,2000-11-08,2,8,0,2016-08-01
2393,5,112,11,3,KGID102392,Umesh Jadhav,1991-08-10,1,3,0,2016-05-04
2394,5,112,11,3,KGID102393,Srinivas Kumar,1995-09-11,1,1,0,2003-06-30
2395,5,112,11,3,KGID102394,Srinivas Naik,1990-05-23,1,6,0,2001-12-29
2396,5,112,12,3,KGID102395,Raghavendra Bhandari,1986-01-13,1,3,0,2021-08-07
2397,5,112,12,3,KGID102396,Anitha Poojary,1982-05-25,2,7,0,2015-03-12
2398,5,112,12,3,KGID102397,Sandeep Jadhav,1986-07-02,1,8,0,2002-08-09
2399,5,112,12,3,KGID102398,Rajesh Bhat,1988-08-11,1,7,0,2019-04-04
2400,5,112,12,3,KGID102399,Gopal Kumar,1986-09-05,1,5,0,2019-07-18
2401,5,112,12,3,KGID102400,Naveen Shetty,1988-08-04,1,2,0,2005-09-29
2402,5,112,12,3,KGID102401,Pradeep Achar,1980-09-19,1,7,0,2014-10-24
2403,5,112,12,3,KGID102402,Anand Desai,2003-06-12,1,3,0,2004-12-26
2404,5,113,8,2,KGID102403,Harish Kulkarni,1983-06-12,1,3,0,1995-12-25
2405,5,113,9,2,KGID102404,Shivakumar Kamath,1980-09-17,1,6,0,2007-09-16
2406,5,113,9,1,KGID102405,Pradeep Gowda,1983-11-02,1,5,0,2002-03-26
2407,5,113,10,3,KGID102406,Basavaraj Bhandari,1989-06-15,1,7,0,2002-11-08
2408,5,113,10,3,KGID102407,Anand Reddy,1983-10-28,1,7,0,2011-07-06
2409,5,113,10,3,KGID102408,Chandrashekar Bhat,1998-04-01,1,7,0,2011-03-18
2410,5,113,11,3,KGID102409,Yogesh Achar,1975-09-25,1,2,0,2023-03-21
2411,5,113,11,3,KGID102410,Shwetha Iyer,1980-10-29,2,6,0,1999-10-03
2412,5,113,11,3,KGID102411,Pradeep Nayak,1977-11-12,1,7,0,2015-09-28
2413,5,113,11,3,KGID102412,Umesh Hiremath,1994-03-14,1,5,0,1998-08-02
2414,5,113,11,3,KGID102413,Pallavi Hegde,2000-12-22,2,1,1,1997-10-16
2415,5,113,11,3,KGID102414,Lokesh Poojary,1985-06-02,1,2,0,2004-06-20
2416,5,113,11,3,KGID102415,Manjunath Patil,1998-06-23,1,4,0,2007-09-25
2417,5,113,11,3,KGID102416,Chandrashekar Hiremath,1991-12-27,1,1,0,2022-11-30
2418,5,113,12,3,KGID102417,Umesh Iyer,1996-11-27,1,1,0,2014-11-28
2419,5,113,12,3,KGID102418,Pushpa Bhandari,1980-10-13,2,8,0,2003-04-15
2420,5,113,12,3,KGID102419,Santosh Nayak,1984-10-29,1,5,0,2022-06-28
2421,5,113,12,3,KGID102420,Savitri Rao,1989-05-29,2,1,0,2009-08-14
2422,5,113,12,3,KGID102421,Pradeep Achar,1990-10-30,1,3,0,2000-06-15
2423,5,113,12,3,KGID102422,Manoj Desai,1993-12-30,1,8,0,2006-11-20
2424,5,113,12,3,KGID102423,Pradeep Nayak,2003-10-16,1,1,0,2005-12-03
2425,5,113,12,3,KGID102424,Manjunath Shetty,1988-01-30,1,4,0,2006-08-25
2426,5,113,12,3,KGID102425,Nagaraj Rao,1997-11-23,1,4,0,2019-07-27
2427,5,113,12,3,KGID102426,Geetha Kulkarni,1992-11-14,2,1,0,2009-04-02
2428,5,113,12,3,KGID102427,Srinivas Rao,1999-01-25,1,1,0,2020-11-23
2429,5,113,12,3,KGID102428,Dinesh Iyer,1997-06-05,1,3,0,2016-04-16
2430,5,113,12,3,KGID102429,Prakash Shetty,1987-03-23,1,4,0,2012-06-26
2431,5,114,9,2,KGID102430,Anitha Bhandari,1988-08-27,2,6,0,2005-12-12
2432,5,114,9,1,KGID102431,Sandeep Kumar,1987-08-13,1,7,0,2007-12-15
2433,5,114,9,1,KGID102432,Dinesh Nayak,1998-09-08,1,2,0,2009-09-23
2434,5,114,10,3,KGID102433,Manoj Desai,1983-11-17,1,3,0,2019-05-11
2435,5,114,10,3,KGID102434,Harish Patil,1998-12-31,1,8,0,1997-10-18
2436,5,114,10,3,KGID102435,Prakash Shetty,1982-04-12,1,5,0,1997-10-07
2437,5,114,11,3,KGID102436,Shivakumar Desai,1988-10-14,1,8,0,2005-04-02
2438,5,114,11,3,KGID102437,Santosh Kumar,1988-09-13,1,3,0,1996-04-07
2439,5,114,11,3,KGID102438,Radha Bhandari,1991-06-14,2,8,0,2023-07-13
2440,5,114,11,3,KGID102439,Manoj Achar,2001-04-29,1,7,0,1998-04-05
2441,5,114,11,3,KGID102440,Savitri Desai,1998-05-20,2,4,0,2008-12-05
2442,5,114,12,3,KGID102441,Pradeep Gowda,1988-10-26,1,7,0,2023-06-30
2443,5,114,12,3,KGID102442,Radha Bhat,2002-02-03,2,6,0,2018-10-03
2444,5,114,12,3,KGID102443,Ravi Iyer,2002-06-19,1,8,0,2002-07-04
2445,5,114,12,3,KGID102444,Basavaraj Patil,1983-08-29,1,3,0,2011-03-20
2446,5,114,12,3,KGID102445,Savitri Kulkarni,1986-10-31,2,1,0,2013-03-20
2447,5,114,12,3,KGID102446,Mahesh Kamath,1987-01-26,1,5,0,2015-09-06
2448,5,114,12,3,KGID102447,Umesh Iyer,2004-10-16,1,1,0,2019-12-15
2449,5,114,12,3,KGID102448,Mahesh Kamath,1982-09-16,1,5,0,2002-04-05
2450,5,115,9,2,KGID102449,Umesh Kamath,1977-11-07,1,2,0,2014-07-16
2451,5,115,9,1,KGID102450,Vijay Kulkarni,1990-07-16,1,1,0,2009-04-01
2452,5,115,10,3,KGID102451,Santosh Jadhav,1986-11-25,1,7,0,2012-10-05
2453,5,115,10,3,KGID102452,Ravi Kamath,1985-10-02,1,8,0,2006-10-03
2454,5,115,10,3,KGID102453,Yogesh Kamath,1998-02-27,1,8,0,2021-05-11
2455,5,115,11,3,KGID102454,Shwetha Desai,1997-02-22,2,3,0,2005-05-28
2456,5,115,11,3,KGID102455,Pushpa Desai,1997-07-28,2,1,0,2007-03-17
2457,5,115,11,3,KGID102456,Ravi Poojary,1984-08-01,1,3,0,2002-04-14
2458,5,115,11,3,KGID102457,Vani Gowda,1976-09-13,2,6,0,2012-12-09
2459,5,115,11,3,KGID102458,Dinesh Kulkarni,1989-06-28,1,1,0,2000-07-22
2460,5,115,11,3,KGID102459,Naveen Iyer,1998-10-14,1,6,0,2015-04-02
2461,5,115,11,3,KGID102460,Gopal Poojary,1996-04-14,1,4,0,2011-05-15
2462,5,115,11,3,KGID102461,Harish Hegde,1975-03-06,1,3,0,2014-10-01
2463,5,115,12,3,KGID102462,Sandeep Hegde,1981-03-23,1,4,0,2015-06-18
2464,5,115,12,3,KGID102463,Naveen Nayak,1986-11-19,1,2,0,2013-06-11
2465,5,115,12,3,KGID102464,Manoj Desai,1994-10-05,1,3,0,2006-07-18
2466,5,115,12,3,KGID102465,Naveen Poojary,1994-06-23,1,4,0,2018-03-15
2467,5,115,12,3,KGID102466,Prakash Hegde,1997-07-16,1,2,0,2007-07-01
2468,5,115,12,3,KGID102467,Pallavi Hiremath,1992-07-03,2,5,0,2012-12-22
2469,5,115,12,3,KGID102468,Pradeep Desai,1987-07-28,1,5,0,2023-07-22
2470,5,115,12,3,KGID102469,Harish Kamath,1998-01-04,1,2,0,2017-07-31
2471,5,115,12,3,KGID102470,Lokesh Desai,1988-03-20,1,8,0,2021-11-06
2472,5,115,12,3,KGID102471,Sowmya Hegde,1998-04-15,2,5,0,2001-07-21
2473,5,116,8,2,KGID102472,Manjunath Iyer,1986-09-25,1,5,0,2011-08-01
2474,5,116,9,2,KGID102473,Manoj Rao,1987-09-29,1,6,0,2020-09-14
2475,5,116,9,1,KGID102474,Prakash Hegde,1993-06-08,1,7,0,2008-04-12
2476,5,116,9,1,KGID102475,Shobha Kumar,1989-12-17,2,5,0,2023-08-19
2477,5,116,10,3,KGID102476,Naveen Kulkarni,1998-12-20,1,7,0,1999-07-11
2478,5,116,10,3,KGID102477,Yogesh Jadhav,1997-01-16,1,1,0,2005-04-13
2479,5,116,11,3,KGID102478,Ravi Nayak,1975-11-07,1,6,0,1999-05-09
2480,5,116,11,3,KGID102479,Chandrashekar Rao,1985-04-16,1,3,0,2006-07-12
2481,5,116,11,3,KGID102480,Shivakumar Bhandari,1984-06-05,1,7,0,2010-12-07
2482,5,116,11,3,KGID102481,Manjula Rao,1987-04-10,2,3,0,2009-08-15
2483,5,116,11,3,KGID102482,Anand Iyer,1991-04-23,1,7,0,2013-08-14
2484,5,116,12,3,KGID102483,Naveen Hiremath,1994-01-09,1,3,0,2004-08-12
2485,5,116,12,3,KGID102484,Shivakumar Gowda,1985-11-11,1,3,0,2021-05-28
2486,5,116,12,3,KGID102485,Rajesh Devaraj,2004-12-16,1,6,0,2022-10-15
2487,5,116,12,3,KGID102486,Santosh Reddy,1986-02-13,1,2,0,2016-11-27
2488,5,116,12,3,KGID102487,Deepa Iyer,1994-12-04,2,8,0,2018-01-01
2489,5,116,12,3,KGID102488,Nandini Rao,1998-02-17,2,2,0,2003-06-04
2490,5,116,12,3,KGID102489,Chandrashekar Bhandari,1995-04-17,1,8,0,2007-06-24
2491,5,116,12,3,KGID102490,Krishna Kulkarni,1982-09-20,1,5,0,2010-05-21
2492,5,116,12,3,KGID102491,Umesh Hiremath,2001-01-03,1,3,0,2019-06-30
2493,5,116,12,3,KGID102492,Girish Rao,1995-09-23,1,2,0,2021-04-08
2494,5,117,8,2,KGID102493,Krishna Gowda,1995-11-05,1,5,0,2017-10-22
2495,5,117,8,2,KGID102494,Vijay Hegde,1986-01-06,1,7,0,1995-11-24
2496,5,117,9,1,KGID102495,Nagaveni Bhat,1994-09-26,2,1,0,2001-03-30
2497,5,117,10,3,KGID102496,Dinesh Kulkarni,1985-06-18,1,3,0,2007-11-23
2498,5,117,10,3,KGID102497,Vinay Bhat,1989-05-09,1,5,0,2009-07-25
2499,5,117,10,3,KGID102498,Shivakumar Reddy,1988-10-22,1,2,0,2005-12-21
2500,5,117,11,3,KGID102499,Chandrashekar Jadhav,1977-02-04,1,4,0,2000-05-20
2501,5,117,11,3,KGID102500,Kiran Kulkarni,1989-12-13,1,2,0,2006-10-05
2502,5,117,11,3,KGID102501,Girish Kulkarni,1996-12-06,1,4,0,2009-09-17
2503,5,117,11,3,KGID102502,Shivakumar Rao,1981-03-19,1,3,0,2018-12-20
2504,5,117,11,3,KGID102503,Krishna Rao,1983-03-03,1,2,0,2017-06-07
2505,5,117,12,3,KGID102504,Harish Devaraj,1994-02-06,1,4,0,2005-11-29
2506,5,117,12,3,KGID102505,Harish Bhat,2000-09-07,1,4,0,2018-07-21
2507,5,117,12,3,KGID102506,Raghavendra Nayak,1987-09-28,1,7,0,2013-03-26
2508,5,117,12,3,KGID102507,Santosh Rao,1981-02-15,1,7,0,2009-04-28
2509,5,117,12,3,KGID102508,Umesh Nayak,2004-03-19,1,8,0,2013-08-24
2510,5,117,12,3,KGID102509,Srinivas Bhandari,1981-11-13,1,8,1,2018-05-20
2511,5,117,12,3,KGID102510,Naveen Naik,1986-10-13,1,6,0,2009-12-01
2512,5,117,12,3,KGID102511,Manoj Kumar,1985-05-16,1,4,0,2007-04-27
2513,5,117,12,3,KGID102512,Lokesh Hiremath,1994-10-30,1,4,0,2005-03-27
2514,5,117,12,3,KGID102513,Rajesh Bhat,2004-01-26,1,7,0,2020-10-26
2515,5,117,12,3,KGID102514,Naveen Naik,1981-12-15,1,1,0,2006-10-02
2516,5,117,12,3,KGID102515,Shwetha Hiremath,1987-05-05,2,8,0,2004-05-13
2517,5,117,12,3,KGID102516,Shwetha Bhat,1998-01-18,2,3,0,2000-07-01
2518,5,117,12,3,KGID102517,Girish Gowda,1987-06-23,1,5,0,2022-12-13
2519,5,117,12,3,KGID102518,Sandeep Bhandari,1997-06-23,1,6,0,2003-11-27
2520,5,117,12,3,KGID102519,Umesh Bhandari,2002-07-13,1,2,0,2018-09-18
2521,5,117,12,3,KGID102520,Pradeep Bhandari,2000-02-12,1,6,0,2005-10-13
2522,5,118,8,2,KGID102521,Harish Hiremath,1988-09-30,1,4,0,2008-08-17
2523,5,118,9,1,KGID102522,Pallavi Patil,1994-01-06,2,4,0,2005-06-08
2524,5,118,10,3,KGID102523,Basavaraj Poojary,1985-11-24,1,1,0,2004-11-09
2525,5,118,10,3,KGID102524,Naveen Kumar,1977-10-27,1,8,0,2020-09-18
2526,5,118,11,3,KGID102525,Prakash Kamath,1977-02-08,1,2,0,2019-12-07
2527,5,118,11,3,KGID102526,Lokesh Rao,1989-06-17,1,1,0,2020-10-28
2528,5,118,11,3,KGID102527,Manoj Iyer,1978-12-27,1,8,0,2009-10-28
2529,5,118,11,3,KGID102528,Suresh Devaraj,1995-02-24,1,4,0,2000-09-20
2530,5,118,11,3,KGID102529,Dinesh Rao,1991-09-25,1,8,0,2006-12-31
2531,5,118,11,3,KGID102530,Prakash Reddy,1980-08-10,1,5,0,1999-04-17
2532,5,118,11,3,KGID102531,Savitri Hiremath,1999-08-15,2,3,0,2023-03-23
2533,5,118,11,3,KGID102532,Basavaraj Reddy,2001-03-17,1,5,0,2002-07-24
2534,5,118,12,3,KGID102533,Nagaraj Poojary,2004-03-09,1,2,0,2017-06-30
2535,5,118,12,3,KGID102534,Kiran Bhandari,1981-02-10,1,6,0,2023-09-15
2536,5,118,12,3,KGID102535,Pradeep Kumar,1982-03-19,1,4,0,2008-12-28
2537,5,118,12,3,KGID102536,Jayashree Bhat,2001-10-26,2,6,0,2015-09-29
2538,5,118,12,3,KGID102537,Umesh Gowda,1992-08-04,1,5,0,2019-09-17
2539,5,118,12,3,KGID102538,Yogesh Naik,1981-10-24,1,7,0,2023-10-22
2540,5,118,12,3,KGID102539,Anand Desai,1985-10-20,1,5,0,2008-09-09
2541,5,118,12,3,KGID102540,Manoj Patil,1985-02-27,1,7,0,2022-05-21
2542,5,118,12,3,KGID102541,Basavaraj Reddy,1986-12-30,1,5,0,2010-09-11
2543,5,118,12,3,KGID102542,Umesh Rao,2001-07-15,1,1,0,2013-08-24
2544,5,118,12,3,KGID102543,Suresh Kumar,1982-08-18,1,1,0,2022-08-28
2545,5,118,12,3,KGID102544,Nagaraj Achar,1992-04-29,1,5,0,2005-05-20
2546,5,118,12,3,KGID102545,Nagaraj Devaraj,1993-05-27,1,7,0,2005-07-12
2547,5,118,12,3,KGID102546,Basavaraj Nayak,1997-09-01,1,8,0,2008-11-12
2548,5,118,12,3,KGID102547,Pradeep Kumar,2001-12-15,1,2,0,2006-12-07
2549,5,118,12,3,KGID102548,Kavya Kulkarni,2004-06-08,2,7,0,2006-09-11
2550,5,118,12,3,KGID102549,Vijay Naik,2002-05-01,1,1,0,2018-06-01
2551,5,119,9,2,KGID102550,Umesh Kumar,1983-11-18,1,6,0,2019-12-19
2552,5,119,9,1,KGID102551,Suresh Achar,1985-11-28,1,8,0,2017-04-18
2553,5,119,9,1,KGID102552,Deepa Patil,1998-05-16,2,1,0,2001-09-12
2554,5,119,10,3,KGID102553,Yogesh Devaraj,1991-07-09,1,4,0,2007-08-18
2555,5,119,10,3,KGID102554,Ravi Gowda,1995-11-11,1,7,0,2001-09-29
2556,5,119,10,3,KGID102555,Ramesh Achar,1983-04-16,1,7,0,2002-07-10
2557,5,119,11,3,KGID102556,Anand Gowda,1986-12-26,1,6,0,2017-11-03
2558,5,119,11,3,KGID102557,Naveen Kulkarni,1980-10-01,1,5,0,2004-06-14
2559,5,119,11,3,KGID102558,Manjunath Bhat,1989-05-31,1,2,0,1997-10-24
2560,5,119,11,3,KGID102559,Ravi Naik,1975-11-04,1,1,0,2001-05-09
2561,5,119,11,3,KGID102560,Raghavendra Iyer,1989-06-11,1,1,0,2010-11-15
2562,5,119,11,3,KGID102561,Gopal Desai,1976-11-14,1,8,0,2022-05-19
2563,5,119,12,3,KGID102562,Gopal Hegde,1996-12-19,1,2,0,2023-08-21
2564,5,119,12,3,KGID102563,Gopal Gowda,1986-01-17,1,6,0,2001-08-22
2565,5,119,12,3,KGID102564,Suresh Nayak,1982-12-09,1,1,0,2013-10-08
2566,5,119,12,3,KGID102565,Lokesh Poojary,1995-02-11,1,8,0,2004-04-27
2567,5,119,12,3,KGID102566,Gopal Kulkarni,1984-12-08,1,2,0,2017-05-11
2568,5,119,12,3,KGID102567,Prakash Achar,1992-03-06,1,7,0,2006-08-10
2569,5,119,12,3,KGID102568,Suresh Desai,2000-09-18,1,8,0,2008-08-12
2570,5,119,12,3,KGID102569,Mahesh Rao,1997-09-10,1,4,0,2018-07-22
2571,5,120,9,2,KGID102570,Rajesh Gowda,1979-03-27,1,2,0,2020-05-19
2572,5,120,9,1,KGID102571,Ravi Shetty,1991-10-17,1,8,0,2010-10-26
2573,5,120,10,3,KGID102572,Geetha Achar,1986-04-09,2,1,0,2018-11-10
2574,5,120,10,3,KGID102573,Harish Nayak,1979-02-06,1,2,0,2002-12-24
2575,5,120,11,3,KGID102574,Dinesh Kamath,1984-11-29,1,8,0,2016-06-28
2576,5,120,11,3,KGID102575,Manoj Jadhav,1998-11-26,1,5,0,2009-12-25
2577,5,120,11,3,KGID102576,Anand Poojary,1985-12-26,1,5,0,1997-12-03
2578,5,120,11,3,KGID102577,Ramesh Bhat,1997-10-17,1,4,0,1999-11-08
2579,5,120,11,3,KGID102578,Lokesh Gowda,1987-04-26,1,3,0,2012-05-25
2580,5,120,11,3,KGID102579,Jayashree Desai,2001-08-27,2,6,0,2006-12-14
2581,5,120,11,3,KGID102580,Chandrashekar Bhandari,1999-10-07,1,2,0,1997-10-04
2582,5,120,11,3,KGID102581,Lokesh Rao,1989-11-24,1,8,0,1999-11-26
2583,5,120,12,3,KGID102582,Anand Hiremath,1986-08-25,1,3,0,2018-06-01
2584,5,120,12,3,KGID102583,Dinesh Naik,1980-06-25,1,5,0,2005-05-07
2585,5,120,12,3,KGID102584,Vinay Patil,1993-09-13,1,7,0,2001-11-08
2586,5,120,12,3,KGID102585,Radha Rao,1991-12-18,2,8,0,2008-03-29
2587,5,120,12,3,KGID102586,Shivakumar Poojary,1982-04-03,1,6,0,2006-09-14
2588,5,120,12,3,KGID102587,Naveen Devaraj,1990-03-18,1,1,0,2002-06-18
2589,5,120,12,3,KGID102588,Sandeep Kamath,1991-01-15,1,7,0,2003-08-16
2590,5,120,12,3,KGID102589,Ravi Nayak,1997-08-25,1,8,0,2004-06-01
2591,5,120,12,3,KGID102590,Basavaraj Jadhav,2000-12-04,1,6,0,2009-12-31
2592,5,120,12,3,KGID102591,Pradeep Hegde,2000-10-17,1,7,0,2012-03-14
2593,5,120,12,3,KGID102592,Gopal Hegde,1987-11-07,1,5,0,2023-04-20
2594,5,121,8,2,KGID102593,Basavaraj Nayak,1978-12-22,1,7,0,1995-05-31
2595,5,121,9,1,KGID102594,Manjunath Achar,1983-05-29,1,1,0,2004-03-18
2596,5,121,10,3,KGID102595,Girish Kumar,1998-11-23,1,4,0,2014-11-28
2597,5,121,10,3,KGID102596,Pushpa Achar,1981-02-18,2,2,0,1997-10-17
2598,5,121,10,3,KGID102597,Naveen Hegde,1985-06-16,1,1,0,2023-07-12
2599,5,121,11,3,KGID102598,Chandrashekar Iyer,1991-03-31,1,1,0,2007-11-19
2600,5,121,11,3,KGID102599,Yogesh Reddy,1990-08-20,1,5,0,1999-08-07
2601,5,121,11,3,KGID102600,Umesh Shetty,1998-06-02,1,5,0,2013-12-19
2602,5,121,11,3,KGID102601,Umesh Patil,1976-03-28,1,8,0,2010-06-14
2603,5,121,11,3,KGID102602,Basavaraj Nayak,1986-12-08,1,1,0,1999-04-19
2604,5,121,11,3,KGID102603,Ramesh Jadhav,1979-01-11,1,3,0,1996-06-17
2605,5,121,11,3,KGID102604,Vijay Kumar,1999-05-26,1,4,0,2015-06-07
2606,5,121,11,3,KGID102605,Vinay Jadhav,1982-10-09,1,7,0,2011-06-27
2607,5,121,12,3,KGID102606,Savitri Kamath,1987-02-28,2,8,0,2016-03-12
2608,5,121,12,3,KGID102607,Kiran Patil,1988-06-28,1,6,0,2005-07-31
2609,5,121,12,3,KGID102608,Prakash Kumar,1996-07-31,1,3,0,2002-12-13
2610,5,121,12,3,KGID102609,Nagaraj Hegde,1983-10-11,1,7,0,2022-05-03
2611,5,121,12,3,KGID102610,Yogesh Patil,2003-07-11,1,7,0,2020-11-27
2612,5,121,12,3,KGID102611,Pradeep Jadhav,2003-09-12,1,7,0,2004-04-06
2613,5,121,12,3,KGID102612,Prakash Hiremath,1994-09-03,1,5,0,2010-11-02
2614,5,121,12,3,KGID102613,Ravi Naik,1985-12-13,1,1,0,2011-05-02
2615,5,122,9,5,KGID102614,Vinay Rao,1993-08-09,1,1,0,2007-03-15
2616,5,122,9,1,KGID102615,Rajesh Jadhav,1987-07-02,1,7,0,2002-08-20
2617,5,122,10,3,KGID102616,Vinay Rao,1987-12-16,1,1,0,2013-05-26
2618,5,122,10,3,KGID102617,Yogesh Kulkarni,1991-08-01,1,6,0,2010-07-03
2619,5,122,11,3,KGID102618,Pradeep Iyer,2001-03-20,1,4,0,2009-08-01
2620,5,122,11,3,KGID102619,Basavaraj Hegde,1985-03-05,1,6,0,2023-05-30
2621,5,122,11,3,KGID102620,Umesh Rao,1989-06-28,1,7,0,1998-11-03
2622,5,122,11,3,KGID102621,Harish Iyer,1992-12-12,1,6,0,2020-06-13
2623,5,122,11,3,KGID102622,Naveen Rao,2001-01-02,1,2,0,2001-06-04
2624,5,122,11,3,KGID102623,Mahesh Desai,1992-10-08,1,8,0,1999-05-22
2625,5,122,12,3,KGID102624,Chandrashekar Gowda,2000-07-29,1,2,0,2004-12-03
2626,5,122,12,3,KGID102625,Nagaraj Hiremath,1996-01-10,1,5,0,2020-11-16
2627,5,122,12,3,KGID102626,Ravi Jadhav,1988-02-17,1,1,0,2011-12-06
2628,5,122,12,3,KGID102627,Pallavi Jadhav,1986-04-21,2,3,0,2011-05-04
2629,5,122,12,3,KGID102628,Ramesh Gowda,2002-10-10,1,5,0,2005-07-07
2630,5,122,12,3,KGID102629,Harish Achar,1982-06-16,1,2,0,2015-10-12
2631,5,122,12,3,KGID102630,Vijay Nayak,2001-10-14,1,4,0,2022-09-20
2632,5,122,12,3,KGID102631,Nagaraj Bhandari,1989-07-18,1,7,0,2016-05-28
2633,5,122,12,3,KGID102632,Roopa Rao,1987-12-17,2,6,0,2009-03-28
2634,5,122,12,3,KGID102633,Prakash Jadhav,1988-10-12,1,4,0,2014-10-31
2635,5,122,12,3,KGID102634,Suresh Achar,1996-07-06,1,5,0,2015-12-11
2636,5,122,12,3,KGID102635,Shivakumar Reddy,1993-08-15,1,4,0,2003-05-13
2637,5,122,12,3,KGID102636,Basavaraj Kulkarni,2002-11-10,1,5,0,2019-09-26
2638,5,122,12,3,KGID102637,Ramesh Kulkarni,1985-05-04,1,7,0,2002-11-25
2639,5,122,12,3,KGID102638,Yogesh Rao,1997-02-01,1,1,0,2014-10-11
2640,5,122,12,3,KGID102639,Sandeep Patil,1987-04-10,1,8,0,2011-10-11
2641,5,123,8,6,KGID102640,Srinivas Poojary,1977-04-10,1,4,0,2022-11-29
2642,5,123,9,6,KGID102641,Chandrashekar Kamath,1987-02-19,1,4,0,2017-12-18
2643,5,123,9,1,KGID102642,Rekha Hegde,1982-04-29,2,6,0,2019-08-20
2644,5,123,10,3,KGID102643,Vijay Patil,1992-01-03,1,7,0,2022-11-10
2645,5,123,10,3,KGID102644,Sandeep Achar,1984-08-17,1,6,0,2007-12-03
2646,5,123,11,3,KGID102645,Vinay Nayak,1993-08-31,1,7,0,2015-07-04
2647,5,123,11,3,KGID102646,Krishna Bhat,1984-09-25,1,2,0,1997-04-10
2648,5,123,11,3,KGID102647,Kavya Gowda,1982-09-22,2,6,0,2009-03-29
2649,5,123,11,3,KGID102648,Ramesh Hiremath,1982-11-09,1,5,0,2019-04-04
2650,5,123,11,3,KGID102649,Gopal Achar,1978-06-29,1,3,0,1998-03-24
2651,5,123,11,3,KGID102650,Raghavendra Iyer,1977-01-24,1,8,0,2004-12-06
2652,5,123,11,3,KGID102651,Sandeep Kulkarni,1997-05-07,1,3,0,2020-08-15
2653,5,123,11,3,KGID102652,Umesh Kamath,1994-12-21,1,7,0,1998-11-24
2654,5,123,12,3,KGID102653,Nandini Hegde,1999-08-23,2,8,0,2019-09-21
2655,5,123,12,3,KGID102654,Basavaraj Kumar,1997-09-08,1,8,0,2005-11-15
2656,5,123,12,3,KGID102655,Vijay Hiremath,1999-03-23,1,1,0,2017-10-07
2657,5,123,12,3,KGID102656,Prakash Naik,1987-09-24,1,2,0,2018-10-21
2658,5,123,12,3,KGID102657,Manjunath Hiremath,1997-10-10,1,7,0,2023-12-25
2659,5,123,12,3,KGID102658,Vijay Kamath,1992-11-11,1,8,0,2022-12-18
2660,5,123,12,3,KGID102659,Sandeep Devaraj,2002-01-01,1,4,0,2006-11-25
2661,5,123,12,3,KGID102660,Krishna Jadhav,2002-08-12,1,5,0,2022-09-04
2662,5,123,12,3,KGID102661,Gopal Hiremath,1984-09-08,1,1,0,2003-11-25
2663,5,123,12,3,KGID102662,Girish Iyer,1996-06-06,1,5,0,2006-10-28
2664,5,124,9,4,KGID102663,Girish Gowda,1976-11-23,1,8,0,2023-01-01
2665,5,124,9,4,KGID102664,Shivakumar Bhandari,1993-01-07,1,7,0,2012-08-15
2666,5,124,9,1,KGID102665,Jayashree Achar,1997-07-22,2,7,0,2023-12-10
2667,5,124,9,1,KGID102666,Lokesh Bhat,1997-12-01,1,5,0,2023-06-15
2668,5,124,10,3,KGID102667,Raghavendra Gowda,1978-11-27,1,8,0,2001-09-14
2669,5,124,10,3,KGID102668,Pradeep Kamath,1997-06-17,1,8,0,2004-08-22
2670,5,124,10,3,KGID102669,Pradeep Shetty,1982-01-04,1,7,0,2012-03-23
2671,5,124,11,3,KGID102670,Chandrashekar Jadhav,1995-08-11,1,7,0,2006-10-26
2672,5,124,11,3,KGID102671,Vijay Hegde,1982-05-21,1,7,0,1999-01-01
2673,5,124,11,3,KGID102672,Yogesh Hiremath,1985-02-19,1,8,0,2005-11-07
2674,5,124,11,3,KGID102673,Rajesh Bhandari,1999-07-05,1,7,0,2023-06-27
2675,5,124,11,3,KGID102674,Krishna Poojary,1987-12-02,1,1,0,2005-05-19
2676,5,124,11,3,KGID102675,Basavaraj Achar,1994-11-05,1,6,0,2023-11-19
2677,5,124,11,3,KGID102676,Sandeep Rao,1981-04-19,1,7,0,2005-03-26
2678,5,124,11,3,KGID102677,Pradeep Bhandari,1999-03-30,1,6,0,1997-01-06
2679,5,124,12,3,KGID102678,Vijay Iyer,2002-05-15,1,2,0,2012-07-17
2680,5,124,12,3,KGID102679,Dinesh Reddy,1990-08-14,1,8,0,2001-11-22
2681,5,124,12,3,KGID102680,Anand Jadhav,1985-10-08,1,3,0,2021-11-14
2682,5,124,12,3,KGID102681,Basavaraj Achar,1985-01-11,1,5,0,2005-06-14
2683,5,124,12,3,KGID102682,Vijay Bhandari,2000-03-04,1,2,0,2008-07-18
2684,5,124,12,3,KGID102683,Vani Reddy,1982-08-29,2,2,0,2000-07-04
2685,5,124,12,3,KGID102684,Yogesh Naik,1993-01-25,1,6,0,2014-06-28
2686,5,124,12,3,KGID102685,Basavaraj Reddy,1988-11-06,1,6,0,2023-03-13
2687,5,124,12,3,KGID102686,Manoj Naik,2004-01-08,1,2,0,2005-12-28
2688,6,130,8,2,KGID102687,Suresh Kulkarni,1975-07-22,1,3,0,2010-08-18
2689,6,130,8,2,KGID102688,Naveen Jadhav,1989-05-14,1,6,0,2018-04-21
2690,6,130,9,1,KGID102689,Yogesh Hiremath,1992-01-07,1,3,0,2022-11-18
2691,6,130,10,3,KGID102690,Basavaraj Achar,1992-05-22,1,2,0,2016-11-18
2692,6,130,10,3,KGID102691,Geetha Naik,1983-07-04,2,6,0,2023-05-01
2693,6,130,11,3,KGID102692,Geetha Kumar,1981-01-19,2,6,0,1999-12-09
2694,6,130,11,3,KGID102693,Krishna Kumar,1982-10-12,1,2,0,1996-05-16
2695,6,130,11,3,KGID102694,Manoj Bhat,1988-11-29,1,4,0,2000-12-16
2696,6,130,11,3,KGID102695,Basavaraj Shetty,1976-06-01,1,1,0,2022-03-17
2697,6,130,12,3,KGID102696,Dinesh Gowda,2002-05-31,1,1,0,2005-07-30
2698,6,130,12,3,KGID102697,Shwetha Bhandari,1996-01-15,2,5,0,2003-11-24
2699,6,130,12,3,KGID102698,Rajesh Reddy,1994-01-16,1,8,0,2014-09-10
2700,6,130,12,3,KGID102699,Nagaraj Reddy,1987-03-23,1,5,0,2017-06-06
2701,6,130,12,3,KGID102700,Srinivas Hiremath,1989-11-11,1,3,0,2010-11-21
2702,6,130,12,3,KGID102701,Girish Patil,1998-08-01,1,1,0,2006-11-25
2703,6,130,12,3,KGID102702,Dinesh Kamath,2003-10-20,1,7,0,2012-03-23
2704,6,130,12,3,KGID102703,Girish Bhat,1999-12-03,1,8,0,2009-08-07
2705,6,130,12,3,KGID102704,Mahesh Hiremath,1980-09-10,1,1,0,2013-10-19
2706,6,130,12,3,KGID102705,Manoj Achar,1996-04-03,1,8,0,2010-12-17
2707,6,130,12,3,KGID102706,Krishna Devaraj,1987-09-20,1,4,0,2001-09-01
2708,6,130,12,3,KGID102707,Lokesh Devaraj,1999-07-29,1,7,0,2016-06-22
2709,6,130,12,3,KGID102708,Suresh Kulkarni,1987-12-17,1,8,0,2013-07-17
2710,6,131,8,2,KGID102709,Roopa Patil,1985-07-10,2,6,0,2009-07-18
2711,6,131,8,2,KGID102710,Srinivas Naik,1991-03-26,1,6,0,2018-12-30
2712,6,131,9,1,KGID102711,Harish Devaraj,1989-11-16,1,1,0,2022-04-25
2713,6,131,10,3,KGID102712,Geetha Kumar,1981-11-20,2,8,0,2016-11-13
2714,6,131,10,3,KGID102713,Basavaraj Iyer,1988-11-22,1,5,0,2004-12-28
2715,6,131,11,3,KGID102714,Dinesh Rao,1987-01-26,1,3,0,2011-12-09
2716,6,131,11,3,KGID102715,Shivakumar Nayak,1989-02-26,1,2,0,2012-09-07
2717,6,131,11,3,KGID102716,Naveen Kulkarni,2001-11-25,1,6,0,2002-10-30
2718,6,131,11,3,KGID102717,Ravi Rao,1983-07-13,1,7,0,1996-12-09
2719,6,131,11,3,KGID102718,Prakash Iyer,1979-12-18,1,4,0,2021-07-23
2720,6,131,11,3,KGID102719,Nagaveni Kamath,1996-07-14,2,6,0,1998-08-29
2721,6,131,11,3,KGID102720,Prakash Kulkarni,1992-12-17,1,4,0,1997-05-01
2722,6,131,12,3,KGID102721,Lokesh Bhat,1990-03-11,1,6,0,2006-12-12
2723,6,131,12,3,KGID102722,Ravi Poojary,1997-01-31,1,5,0,2021-12-09
2724,6,131,12,3,KGID102723,Girish Bhandari,1985-09-22,1,2,1,2014-12-29
2725,6,131,12,3,KGID102724,Mahesh Naik,1993-11-05,1,5,0,2022-09-15
2726,6,131,12,3,KGID102725,Santosh Iyer,1987-08-10,1,3,0,2003-11-20
2727,6,131,12,3,KGID102726,Dinesh Bhandari,1993-07-15,1,6,0,2016-06-26
2728,6,131,12,3,KGID102727,Suresh Achar,1993-06-24,1,8,0,2021-12-16
2729,6,131,12,3,KGID102728,Chandrashekar Bhandari,1987-01-04,1,7,0,2003-12-29
2730,6,131,12,3,KGID102729,Chandrashekar Kulkarni,1987-12-11,1,8,0,2021-03-29
2731,6,131,12,3,KGID102730,Vijay Nayak,1980-01-21,1,3,0,2016-05-03
2732,6,131,12,3,KGID102731,Umesh Devaraj,1998-02-02,1,5,0,2017-03-18
2733,6,131,12,3,KGID102732,Savitri Desai,1993-09-15,2,8,0,2024-01-01
2734,6,131,12,3,KGID102733,Girish Rao,1999-07-20,1,6,0,2013-12-31
2735,6,131,12,3,KGID102734,Shivakumar Nayak,2002-04-29,1,3,0,2017-06-23
2736,6,131,12,3,KGID102735,Anand Nayak,1999-08-14,1,3,0,2020-05-12
2737,6,131,12,3,KGID102736,Kiran Reddy,1984-10-07,1,4,0,2002-03-20
2738,6,131,12,3,KGID102737,Ravi Naik,1995-07-23,1,1,0,2020-11-28
2739,6,132,9,2,KGID102738,Ravi Jadhav,1976-12-20,1,7,0,2012-09-01
2740,6,132,9,1,KGID102739,Geetha Poojary,1993-01-01,2,7,0,2019-11-05
2741,6,132,9,1,KGID102740,Krishna Iyer,1995-02-27,1,8,0,2023-08-11
2742,6,132,10,3,KGID102741,Nagaveni Iyer,1982-04-02,2,3,0,1998-04-05
2743,6,132,10,3,KGID102742,Raghavendra Rao,1982-03-14,1,7,0,1999-06-06
2744,6,132,11,3,KGID102743,Rajesh Gowda,1975-09-12,1,3,0,2010-10-06
2745,6,132,11,3,KGID102744,Vinay Kulkarni,1990-04-18,1,8,0,2018-11-25
2746,6,132,11,3,KGID102745,Lokesh Kulkarni,1979-03-13,1,2,0,2020-01-03
2747,6,132,11,3,KGID102746,Ravi Rao,1990-10-19,1,4,0,2016-03-28
2748,6,132,11,3,KGID102747,Manjunath Bhat,1996-11-18,1,2,0,2003-10-12
2749,6,132,11,3,KGID102748,Gopal Kumar,1987-01-08,1,7,0,2002-07-04
2750,6,132,11,3,KGID102749,Anand Bhat,1998-04-25,1,6,0,2010-09-19
2751,6,132,11,3,KGID102750,Sowmya Kulkarni,1999-03-12,2,8,0,1995-08-02
2752,6,132,12,3,KGID102751,Shwetha Naik,1982-11-24,2,1,0,2011-03-27
2753,6,132,12,3,KGID102752,Anand Kamath,1980-07-22,1,4,0,2016-05-03
2754,6,132,12,3,KGID102753,Lokesh Bhandari,1992-03-03,1,8,0,2019-04-18
2755,6,132,12,3,KGID102754,Umesh Naik,1988-08-21,1,2,0,2013-07-29
2756,6,132,12,3,KGID102755,Naveen Gowda,2000-10-12,1,1,0,2000-05-08
2757,6,132,12,3,KGID102756,Basavaraj Hegde,1998-02-27,1,3,0,2014-04-05
2758,6,132,12,3,KGID102757,Vinay Nayak,2000-12-07,1,8,0,2015-11-20
2759,6,132,12,3,KGID102758,Lokesh Hiremath,1984-09-24,1,2,0,2000-11-01
2760,6,132,12,3,KGID102759,Kiran Gowda,1993-03-19,1,3,0,2004-09-28
2761,6,132,12,3,KGID102760,Harish Shetty,1982-01-05,1,1,0,2019-12-16
2762,6,132,12,3,KGID102761,Umesh Reddy,1982-01-20,1,3,0,2019-09-13
2763,6,132,12,3,KGID102762,Santosh Bhat,1989-07-10,1,4,0,2019-11-12
2764,6,133,8,2,KGID102763,Krishna Naik,1981-11-25,1,7,0,2010-07-18
2765,6,133,9,1,KGID102764,Nagaraj Kamath,1994-01-07,1,4,0,2002-12-09
2766,6,133,10,3,KGID102765,Chandrashekar Bhandari,1986-05-22,1,2,0,2009-07-07
2767,6,133,10,3,KGID102766,Dinesh Gowda,1993-11-02,1,3,0,1999-12-03
2768,6,133,11,3,KGID102767,Yogesh Devaraj,1999-06-09,1,7,0,2002-12-01
2769,6,133,11,3,KGID102768,Pushpa Kumar,2000-10-17,2,1,0,2005-04-10
2770,6,133,11,3,KGID102769,Manjunath Kamath,1975-04-11,1,7,0,1997-08-20
2771,6,133,11,3,KGID102770,Prakash Achar,1997-03-23,1,8,0,2021-09-21
2772,6,133,11,3,KGID102771,Krishna Bhat,2000-07-03,1,7,0,2011-03-26
2773,6,133,11,3,KGID102772,Chandrashekar Hegde,1989-05-19,1,7,0,1999-12-19
2774,6,133,11,3,KGID102773,Nagaraj Bhat,1999-03-21,1,1,0,2007-06-19
2775,6,133,11,3,KGID102774,Ramesh Achar,1992-08-31,1,7,0,2014-12-17
2776,6,133,12,3,KGID102775,Kiran Hegde,1983-08-08,1,7,0,2004-10-02
2777,6,133,12,3,KGID102776,Naveen Kulkarni,1995-02-11,1,4,0,2004-06-28
2778,6,133,12,3,KGID102777,Krishna Kumar,1999-06-24,1,2,0,2019-05-26
2779,6,133,12,3,KGID102778,Shobha Iyer,2000-08-29,2,6,0,2017-06-07
2780,6,133,12,3,KGID102779,Umesh Hiremath,2000-11-16,1,1,0,2002-04-19
2781,6,133,12,3,KGID102780,Manoj Kamath,1989-03-11,1,7,0,2002-11-18
2782,6,133,12,3,KGID102781,Dinesh Kamath,1997-08-01,1,7,0,2001-11-25
2783,6,133,12,3,KGID102782,Krishna Reddy,1998-03-27,1,5,0,2013-09-04
2784,6,133,12,3,KGID102783,Nagaraj Jadhav,1999-07-04,1,4,0,2002-12-09
2785,6,133,12,3,KGID102784,Manjunath Patil,1996-09-26,1,6,0,2022-09-01
2786,6,133,12,3,KGID102785,Nagaraj Nayak,1988-04-29,1,6,0,2011-12-22
2787,6,133,12,3,KGID102786,Dinesh Nayak,1980-06-26,1,8,0,2001-03-25
2788,6,133,12,3,KGID102787,Deepa Shetty,1990-06-18,2,6,0,2005-08-22
2789,6,133,12,3,KGID102788,Umesh Nayak,1991-07-04,1,7,0,2005-05-10
2790,6,134,9,2,KGID102789,Basavaraj Patil,1995-06-02,1,3,0,2017-08-13
2791,6,134,9,1,KGID102790,Gopal Iyer,1988-12-29,1,5,0,2007-01-02
2792,6,134,9,1,KGID102791,Deepa Bhat,1989-10-07,2,7,0,2011-10-24
2793,6,134,10,3,KGID102792,Ravi Kulkarni,1986-10-09,1,5,0,2020-09-02
2794,6,134,10,3,KGID102793,Naveen Poojary,1989-03-14,1,2,0,2020-08-19
2795,6,134,11,3,KGID102794,Harish Jadhav,1992-12-13,1,4,0,2002-08-25
2796,6,134,11,3,KGID102795,Raghavendra Iyer,1996-06-09,1,5,0,1997-11-10
2797,6,134,11,3,KGID102796,Mahesh Hegde,1976-12-15,1,8,0,2009-03-21
2798,6,134,11,3,KGID102797,Harish Kumar,1981-01-02,1,8,0,2023-04-04
2799,6,134,11,3,KGID102798,Lokesh Kumar,1975-07-15,1,2,0,2018-10-23
2800,6,134,12,3,KGID102799,Vinay Iyer,1987-05-27,1,3,0,2021-03-23
2801,6,134,12,3,KGID102800,Mahesh Hiremath,1983-08-21,1,8,0,2000-10-09
2802,6,134,12,3,KGID102801,Suresh Kumar,1983-02-12,1,8,0,2002-04-27
2803,6,134,12,3,KGID102802,Kiran Hiremath,1999-02-10,1,7,0,2002-12-26
2804,6,134,12,3,KGID102803,Ramesh Kulkarni,1981-10-28,1,3,0,2016-05-21
2805,6,134,12,3,KGID102804,Girish Shetty,1992-01-25,1,8,1,2013-06-10
2806,6,134,12,3,KGID102805,Lokesh Bhat,1996-12-07,1,3,0,2003-12-15
2807,6,134,12,3,KGID102806,Shivakumar Hiremath,1987-12-09,1,1,0,2023-06-28
2808,6,134,12,3,KGID102807,Manoj Reddy,2000-05-04,1,2,0,2002-10-08
2809,6,134,12,3,KGID102808,Prakash Achar,1994-05-16,1,1,0,2002-09-30
2810,6,134,12,3,KGID102809,Pradeep Shetty,1997-03-20,1,7,0,2001-11-05
2811,6,134,12,3,KGID102810,Naveen Naik,1984-01-21,1,4,0,2021-04-24
2812,6,135,9,2,KGID102811,Vijay Poojary,1978-07-19,1,3,0,2012-10-18
2813,6,135,9,1,KGID102812,Gopal Desai,1999-03-06,1,4,0,2003-10-04
2814,6,135,9,1,KGID102813,Radha Reddy,1988-02-29,2,3,0,2012-09-17
2815,6,135,10,3,KGID102814,Krishna Hiremath,1978-05-31,1,3,1,2016-09-28
2816,6,135,10,3,KGID102815,Rajesh Bhat,1989-05-12,1,4,0,2001-09-16
2817,6,135,11,3,KGID102816,Roopa Naik,1988-06-05,2,8,0,2021-04-18
2818,6,135,11,3,KGID102817,Vijay Rao,2000-03-30,1,7,0,2009-12-13
2819,6,135,11,3,KGID102818,Rajesh Rao,1976-11-12,1,4,0,1999-04-25
2820,6,135,11,3,KGID102819,Basavaraj Poojary,1998-12-31,1,2,0,2008-11-03
2821,6,135,11,3,KGID102820,Dinesh Jadhav,1975-04-05,1,3,0,2016-03-24
2822,6,135,12,3,KGID102821,Lokesh Nayak,1989-02-02,1,5,0,2003-05-30
2823,6,135,12,3,KGID102822,Pradeep Nayak,1989-09-29,1,3,0,2013-05-23
2824,6,135,12,3,KGID102823,Naveen Hiremath,1998-01-19,1,1,0,2019-10-23
2825,6,135,12,3,KGID102824,Basavaraj Bhat,1980-03-06,1,3,0,2014-08-28
2826,6,135,12,3,KGID102825,Naveen Bhat,1983-01-26,1,7,0,2003-10-05
2827,6,135,12,3,KGID102826,Nagaraj Naik,1999-02-25,1,7,0,2013-09-18
2828,6,135,12,3,KGID102827,Umesh Kumar,1984-05-10,1,1,0,2016-11-30
2829,6,135,12,3,KGID102828,Sandeep Hegde,1983-05-05,1,1,0,2015-11-12
2830,6,135,12,3,KGID102829,Pradeep Kumar,1994-09-13,1,6,0,2006-08-03
2831,6,135,12,3,KGID102830,Naveen Poojary,1983-12-06,1,1,0,2016-06-20
2832,6,135,12,3,KGID102831,Sowmya Desai,1995-02-03,2,6,0,2011-09-10
2833,6,136,9,2,KGID102832,Shivakumar Nayak,1989-05-11,1,2,0,2022-07-01
2834,6,136,8,2,KGID102833,Manjunath Patil,1986-11-27,1,6,0,2010-08-21
2835,6,136,9,1,KGID102834,Gopal Poojary,1992-01-01,1,4,0,2005-11-21
2836,6,136,10,3,KGID102835,Rajesh Rao,1986-04-05,1,1,0,2008-07-06
2837,6,136,10,3,KGID102836,Naveen Achar,2000-10-28,1,3,0,2023-08-26
2838,6,136,11,3,KGID102837,Prakash Reddy,1999-02-23,1,2,0,1996-04-29
2839,6,136,11,3,KGID102838,Pradeep Achar,1999-09-26,1,7,0,2005-09-04
2840,6,136,11,3,KGID102839,Suresh Bhandari,1983-02-14,1,8,0,2009-06-12
2841,6,136,11,3,KGID102840,Santosh Patil,1996-06-03,1,3,0,2008-05-03
2842,6,136,11,3,KGID102841,Ramesh Iyer,1981-06-26,1,8,0,2002-12-24
2843,6,136,11,3,KGID102842,Harish Bhandari,1988-07-13,1,5,0,2016-09-19
2844,6,136,11,3,KGID102843,Shivakumar Devaraj,1982-11-26,1,4,0,2003-06-26
2845,6,136,11,3,KGID102844,Harish Iyer,1985-01-31,1,3,0,2000-03-17
2846,6,136,12,3,KGID102845,Gopal Patil,2000-12-14,1,6,0,2018-11-03
2847,6,136,12,3,KGID102846,Vinay Devaraj,1980-07-17,1,8,0,2008-06-26
2848,6,136,12,3,KGID102847,Ravi Reddy,1995-05-08,1,7,0,2023-12-08
2849,6,136,12,3,KGID102848,Anand Achar,1990-06-21,1,8,0,2014-07-30
2850,6,136,12,3,KGID102849,Lokesh Devaraj,1986-05-26,1,2,0,2005-05-21
2851,6,136,12,3,KGID102850,Kiran Naik,1998-06-24,1,5,0,2012-05-31
2852,6,136,12,3,KGID102851,Nagaraj Iyer,2003-12-26,1,4,0,2010-09-02
2853,6,136,12,3,KGID102852,Vinay Bhandari,2003-03-11,1,7,0,2000-06-24
2854,6,136,12,3,KGID102853,Krishna Bhandari,1990-05-29,1,6,0,2021-11-07
2855,6,136,12,3,KGID102854,Girish Naik,1982-07-01,1,6,0,2016-07-23
2856,6,137,8,2,KGID102855,Naveen Hiremath,1992-07-04,1,3,0,2012-11-09
2857,6,137,9,1,KGID102856,Manjunath Iyer,1993-06-04,1,5,0,2014-09-06
2858,6,137,9,1,KGID102857,Srinivas Poojary,1980-03-31,1,6,0,2005-07-19
2859,6,137,10,3,KGID102858,Raghavendra Iyer,1987-02-08,1,5,0,2010-09-01
2860,6,137,10,3,KGID102859,Rajesh Patil,1991-09-18,1,5,0,2014-08-26
2861,6,137,10,3,KGID102860,Pradeep Kamath,1988-03-24,1,4,0,2004-09-03
2862,6,137,11,3,KGID102861,Manjula Hegde,1993-08-20,2,5,0,2005-05-21
2863,6,137,11,3,KGID102862,Naveen Reddy,1993-12-31,1,4,0,2007-03-25
2864,6,137,11,3,KGID102863,Srinivas Desai,1991-04-28,1,4,0,2010-11-01
2865,6,137,11,3,KGID102864,Gopal Nayak,1980-04-14,1,2,0,2003-04-15
2866,6,137,11,3,KGID102865,Ramesh Reddy,1999-01-03,1,1,0,1995-03-23
2867,6,137,12,3,KGID102866,Shivakumar Devaraj,2001-05-06,1,6,0,2022-05-02
2868,6,137,12,3,KGID102867,Shivakumar Desai,1984-01-13,1,3,0,2010-06-30
2869,6,137,12,3,KGID102868,Suresh Devaraj,2000-12-18,1,5,0,2016-12-29
2870,6,137,12,3,KGID102869,Manoj Kamath,1995-06-27,1,4,0,2021-10-19
2871,6,137,12,3,KGID102870,Prakash Reddy,2004-10-25,1,2,0,2000-07-09
2872,6,137,12,3,KGID102871,Vijay Kamath,1990-07-23,1,7,0,2011-07-07
2873,6,137,12,3,KGID102872,Lakshmi Jadhav,1986-07-22,2,7,0,2003-05-11
2874,6,137,12,3,KGID102873,Manjunath Nayak,2002-03-19,1,6,0,2004-09-17
2875,6,137,12,3,KGID102874,Chandrashekar Poojary,1998-08-28,1,4,0,2001-07-24
2876,6,137,12,3,KGID102875,Suresh Shetty,1997-04-05,1,5,0,2006-07-01
2877,6,137,12,3,KGID102876,Suresh Hegde,1998-06-13,1,4,0,2018-10-26
2878,6,137,12,3,KGID102877,Girish Kumar,1995-10-07,1,1,0,2015-06-10
2879,6,137,12,3,KGID102878,Mahesh Hiremath,1983-05-26,1,7,0,2001-03-17
2880,6,137,12,3,KGID102879,Rajesh Iyer,1987-12-27,1,3,0,2022-03-26
2881,6,137,12,3,KGID102880,Basavaraj Patil,1996-06-26,1,8,0,2005-12-12
2882,6,137,12,3,KGID102881,Girish Naik,1995-12-07,1,5,0,2009-08-24
2883,6,137,12,3,KGID102882,Anand Bhat,1994-12-10,1,1,0,2019-09-09
2884,6,138,9,2,KGID102883,Ramesh Iyer,1984-06-24,1,3,0,2013-10-04
2885,6,138,8,2,KGID102884,Ravi Reddy,1981-10-25,1,1,0,2004-09-09
2886,6,138,9,1,KGID102885,Girish Gowda,1987-03-23,1,4,0,2020-09-14
2887,6,138,10,3,KGID102886,Ramesh Patil,1994-09-01,1,2,0,2010-05-11
2888,6,138,10,3,KGID102887,Nagaveni Achar,1987-05-22,2,3,0,2012-12-30
2889,6,138,11,3,KGID102888,Santosh Naik,1982-03-05,1,3,0,2012-07-27
2890,6,138,11,3,KGID102889,Krishna Rao,1990-09-24,1,4,0,2022-11-23
2891,6,138,11,3,KGID102890,Naveen Hegde,1984-08-31,1,1,0,1997-05-04
2892,6,138,11,3,KGID102891,Anand Devaraj,1979-11-06,1,8,0,2022-10-29
2893,6,138,11,3,KGID102892,Manjunath Kulkarni,1976-03-21,1,3,0,1998-12-31
2894,6,138,12,3,KGID102893,Krishna Bhat,1983-11-05,1,1,0,2014-12-09
2895,6,138,12,3,KGID102894,Ramesh Kumar,1981-06-14,1,8,0,2015-03-31
2896,6,138,12,3,KGID102895,Mahesh Kumar,1982-05-03,1,3,0,2013-08-24
2897,6,138,12,3,KGID102896,Santosh Jadhav,2003-06-23,1,8,0,2012-04-02
2898,6,138,12,3,KGID102897,Shivakumar Hiremath,1983-05-16,1,2,0,2003-10-24
2899,6,138,12,3,KGID102898,Rajesh Iyer,1994-03-08,1,7,0,2022-03-09
2900,6,138,12,3,KGID102899,Lokesh Hiremath,1987-08-19,1,3,0,2001-08-30
2901,6,138,12,3,KGID102900,Ramesh Bhandari,1989-09-04,1,2,0,2003-10-03
2902,6,138,12,3,KGID102901,Suresh Kumar,2001-11-01,1,8,0,2021-11-19
2903,6,138,12,3,KGID102902,Kiran Jadhav,2003-09-08,1,7,0,2001-07-14
2904,6,138,12,3,KGID102903,Ramesh Naik,1981-03-03,1,8,0,2022-11-26
2905,6,138,12,3,KGID102904,Nagaraj Kumar,2003-02-18,1,5,0,2016-10-18
2906,6,138,12,3,KGID102905,Yogesh Kumar,1999-03-07,1,3,0,2013-11-09
2907,6,138,12,3,KGID102906,Santosh Hegde,1989-06-25,1,8,0,2000-08-30
2908,6,139,8,2,KGID102907,Prakash Poojary,1986-08-15,1,3,0,2019-10-22
2909,6,139,9,2,KGID102908,Umesh Shetty,1976-09-01,1,4,0,2005-06-25
2910,6,139,9,1,KGID102909,Girish Devaraj,1999-01-18,1,5,0,2006-09-28
2911,6,139,9,1,KGID102910,Yogesh Hiremath,1999-08-04,1,6,0,2007-04-16
2912,6,139,10,3,KGID102911,Ravi Bhat,1986-12-31,1,7,0,1998-10-15
2913,6,139,10,3,KGID102912,Girish Kulkarni,1979-07-18,1,8,0,2021-07-26
2914,6,139,11,3,KGID102913,Harish Shetty,1979-10-11,1,3,0,2011-06-01
2915,6,139,11,3,KGID102914,Vinay Rao,1982-08-02,1,8,0,2010-09-08
2916,6,139,11,3,KGID102915,Naveen Bhat,1986-07-31,1,3,0,1998-10-13
2917,6,139,11,3,KGID102916,Manjunath Reddy,1999-06-17,1,3,0,2012-04-02
2918,6,139,11,3,KGID102917,Basavaraj Bhandari,1990-03-22,1,5,0,2000-10-19
2919,6,139,11,3,KGID102918,Basavaraj Bhandari,1991-06-13,1,6,0,2017-12-13
2920,6,139,12,3,KGID102919,Santosh Achar,1983-01-18,1,4,0,2005-06-15
2921,6,139,12,3,KGID102920,Naveen Kamath,1981-10-25,1,5,0,2003-06-12
2922,6,139,12,3,KGID102921,Manjunath Iyer,1999-12-17,1,5,0,2010-06-26
2923,6,139,12,3,KGID102922,Deepa Kumar,2004-02-10,2,4,0,2002-03-31
2924,6,139,12,3,KGID102923,Pradeep Naik,2001-09-14,1,1,0,2003-04-07
2925,6,139,12,3,KGID102924,Manjunath Patil,1987-09-18,1,3,0,2001-10-19
2926,6,139,12,3,KGID102925,Manoj Devaraj,2001-10-10,1,2,0,2021-06-26
2927,6,139,12,3,KGID102926,Mahesh Jadhav,1987-10-24,1,8,0,2010-04-02
2928,6,139,12,3,KGID102927,Prakash Hiremath,1996-01-04,1,6,0,2020-03-10
2929,6,139,12,3,KGID102928,Raghavendra Reddy,1987-12-12,1,1,0,2011-07-31
2930,6,139,12,3,KGID102929,Pallavi Kulkarni,1992-10-10,2,8,0,2005-04-24
2931,6,139,12,3,KGID102930,Harish Poojary,1994-04-17,1,5,0,2013-06-20
2932,6,139,12,3,KGID102931,Srinivas Achar,1992-08-02,1,3,0,2000-11-08
2933,6,139,12,3,KGID102932,Kiran Achar,1983-10-11,1,3,0,2020-10-22
2934,6,139,12,3,KGID102933,Kiran Patil,1998-10-06,1,1,0,2023-07-30
2935,6,140,9,2,KGID102934,Raghavendra Desai,1980-09-22,1,2,0,1998-11-12
2936,6,140,9,2,KGID102935,Gopal Hiremath,1993-06-14,1,2,0,2005-08-17
2937,6,140,9,1,KGID102936,Manoj Jadhav,1983-01-19,1,1,0,2017-11-08
2938,6,140,9,1,KGID102937,Manoj Rao,1986-06-08,1,1,0,2010-12-26
2939,6,140,10,3,KGID102938,Anand Iyer,1989-10-01,1,4,0,2000-10-17
2940,6,140,10,3,KGID102939,Sunita Iyer,1994-11-20,2,3,0,2023-07-22
2941,6,140,10,3,KGID102940,Lokesh Bhat,1984-09-12,1,3,0,2007-01-06
2942,6,140,11,3,KGID102941,Pradeep Kamath,1975-03-04,1,1,0,2018-03-20
2943,6,140,11,3,KGID102942,Naveen Kulkarni,1989-04-11,1,7,0,2001-05-31
2944,6,140,11,3,KGID102943,Krishna Shetty,1994-10-10,1,7,0,1996-03-30
2945,6,140,11,3,KGID102944,Mahesh Patil,1995-09-21,1,6,0,1997-05-06
2946,6,140,11,3,KGID102945,Naveen Poojary,1981-04-09,1,8,0,1998-06-16
2947,6,140,12,3,KGID102946,Ravi Patil,1991-04-02,1,4,0,2014-11-10
2948,6,140,12,3,KGID102947,Kiran Kamath,1988-10-21,1,3,0,2017-09-10
2949,6,140,12,3,KGID102948,Nagaraj Rao,1987-04-25,1,8,0,2000-09-15
2950,6,140,12,3,KGID102949,Shivakumar Gowda,1981-12-10,1,7,0,2007-05-07
2951,6,140,12,3,KGID102950,Harish Naik,1989-05-02,1,7,0,2011-11-18
2952,6,140,12,3,KGID102951,Ravi Jadhav,1981-07-06,1,2,0,2005-10-13
2953,6,140,12,3,KGID102952,Ramesh Kamath,1996-09-03,1,8,0,2021-10-29
2954,6,140,12,3,KGID102953,Nagaraj Bhandari,2001-05-16,1,7,0,2007-11-11
2955,6,140,12,3,KGID102954,Kiran Devaraj,1987-02-15,1,6,0,2016-04-01
2956,6,140,12,3,KGID102955,Kiran Poojary,1999-01-27,1,7,0,2023-10-17
2957,6,140,12,3,KGID102956,Srinivas Bhat,1992-04-10,1,2,0,2011-10-10
2958,6,140,12,3,KGID102957,Gopal Bhandari,1990-09-27,1,3,0,2014-04-20
2959,6,140,12,3,KGID102958,Harish Gowda,1997-03-05,1,8,0,2015-05-27
2960,6,140,12,3,KGID102959,Ramesh Nayak,2000-03-16,1,8,0,2004-12-26
2961,6,140,12,3,KGID102960,Manjunath Kulkarni,1985-06-14,1,7,0,2010-08-03
2962,6,140,12,3,KGID102961,Raghavendra Desai,1988-01-09,1,5,0,2006-05-17
2963,6,141,9,2,KGID102962,Girish Kamath,1985-08-22,1,5,0,2021-04-17
2964,6,141,9,1,KGID102963,Vijay Iyer,1985-09-08,1,4,0,2014-05-15
2965,6,141,9,1,KGID102964,Chandrashekar Devaraj,1981-04-12,1,1,0,2006-11-13
2966,6,141,10,3,KGID102965,Dinesh Hiremath,1991-01-04,1,7,0,1998-10-15
2967,6,141,10,3,KGID102966,Naveen Poojary,1990-10-14,1,3,0,2020-12-17
2968,6,141,11,3,KGID102967,Anand Kamath,2000-06-17,1,1,0,2011-08-10
2969,6,141,11,3,KGID102968,Sandeep Nayak,1984-10-11,1,6,0,2015-04-06
2970,6,141,11,3,KGID102969,Krishna Jadhav,1977-09-21,1,4,0,2023-03-24
2971,6,141,11,3,KGID102970,Raghavendra Jadhav,1976-12-22,1,4,0,2013-05-02
2972,6,141,11,3,KGID102971,Anand Bhat,1978-05-15,1,7,0,2015-11-11
2973,6,141,12,3,KGID102972,Rajesh Bhat,1997-12-31,1,1,0,2019-05-20
2974,6,141,12,3,KGID102973,Savitri Poojary,1998-12-15,2,2,0,2002-07-15
2975,6,141,12,3,KGID102974,Ravi Bhat,1980-03-12,1,7,0,2012-09-22
2976,6,141,12,3,KGID102975,Sandeep Kulkarni,1987-08-30,1,5,0,2005-09-30
2977,6,141,12,3,KGID102976,Lokesh Gowda,1986-12-15,1,2,0,2007-05-06
2978,6,141,12,3,KGID102977,Ravi Kumar,1999-06-09,1,4,0,2003-12-21
2979,6,141,12,3,KGID102978,Vinay Devaraj,1982-11-10,1,5,0,2022-09-06
2980,6,141,12,3,KGID102979,Chandrashekar Desai,1996-11-01,1,5,0,2004-12-15
2981,6,141,12,3,KGID102980,Naveen Devaraj,1991-03-29,1,1,0,2011-06-28
2982,6,142,8,2,KGID102981,Umesh Desai,1994-07-27,1,3,0,2012-05-26
2983,6,142,9,2,KGID102982,Prakash Kamath,1992-10-06,1,1,0,1996-10-08
2984,6,142,9,1,KGID102983,Ramesh Gowda,1993-02-17,1,5,0,2003-08-10
2985,6,142,10,3,KGID102984,Raghavendra Iyer,1985-06-25,1,6,0,2014-04-02
2986,6,142,10,3,KGID102985,Prakash Hegde,1981-06-02,1,4,0,2013-10-09
2987,6,142,10,3,KGID102986,Shivakumar Bhat,1985-11-30,1,4,0,2019-08-09
2988,6,142,11,3,KGID102987,Manoj Hegde,1979-03-13,1,7,0,2023-01-01
2989,6,142,11,3,KGID102988,Lokesh Desai,1996-11-22,1,4,0,1996-12-05
2990,6,142,11,3,KGID102989,Yogesh Rao,1981-10-30,1,7,0,2003-05-15
2991,6,142,11,3,KGID102990,Srinivas Bhat,1984-02-17,1,6,0,2006-09-02
2992,6,142,11,3,KGID102991,Naveen Bhandari,1991-04-01,1,5,0,2013-10-09
2993,6,142,11,3,KGID102992,Prakash Poojary,1975-07-20,1,2,0,2019-07-27
2994,6,142,11,3,KGID102993,Ramesh Patil,1991-05-04,1,1,0,2012-11-22
2995,6,142,12,3,KGID102994,Roopa Devaraj,2003-04-11,2,2,0,2003-12-14
2996,6,142,12,3,KGID102995,Santosh Bhat,1990-08-05,1,4,0,2015-05-08
2997,6,142,12,3,KGID102996,Manoj Devaraj,2000-08-07,1,2,0,2009-04-10
2998,6,142,12,3,KGID102997,Raghavendra Bhandari,1990-11-10,1,8,0,2012-03-13
2999,6,142,12,3,KGID102998,Shivakumar Hegde,1995-03-06,1,8,0,2017-12-16
3000,6,142,12,3,KGID102999,Vijay Shetty,2004-09-14,1,7,0,2017-11-01
3001,6,142,12,3,KGID103000,Sandeep Hiremath,2002-01-19,1,3,0,2017-09-03
3002,6,142,12,3,KGID103001,Anand Rao,2003-04-19,1,2,0,2008-04-21
3003,6,142,12,3,KGID103002,Girish Gowda,1999-05-07,1,5,0,2006-05-08
3004,6,142,12,3,KGID103003,Deepa Rao,1991-10-07,2,2,0,2013-12-03
3005,6,142,12,3,KGID103004,Lokesh Iyer,1995-06-13,1,4,0,2013-09-18
3006,6,142,12,3,KGID103005,Gopal Kumar,1988-12-15,1,6,0,2020-04-15
3007,6,142,12,3,KGID103006,Umesh Poojary,1989-10-05,1,8,0,2014-08-15
3008,6,142,12,3,KGID103007,Lokesh Rao,1989-05-28,1,7,0,2000-06-28
3009,6,143,8,2,KGID103008,Shobha Bhandari,1988-09-17,2,5,0,2017-06-15
3010,6,143,9,1,KGID103009,Srinivas Bhandari,1986-08-29,1,1,0,2013-12-09
3011,6,143,10,3,KGID103010,Deepa Desai,1997-12-14,2,4,0,2006-03-29
3012,6,143,10,3,KGID103011,Anitha Kumar,1983-09-14,2,2,0,1997-07-18
3013,6,143,11,3,KGID103012,Krishna Devaraj,1988-02-05,1,3,0,2007-08-11
3014,6,143,11,3,KGID103013,Pradeep Hiremath,1989-08-21,1,5,0,2000-04-19
3015,6,143,11,3,KGID103014,Gopal Bhat,1975-02-04,1,8,0,2004-05-17
3016,6,143,11,3,KGID103015,Nagaraj Hiremath,1990-05-03,1,3,0,2013-03-18
3017,6,143,11,3,KGID103016,Naveen Reddy,1978-11-17,1,2,0,1997-12-13
3018,6,143,12,3,KGID103017,Rekha Patil,1986-05-19,2,3,0,2000-04-07
3019,6,143,12,3,KGID103018,Geetha Kulkarni,1987-10-06,2,1,0,2003-05-21
3020,6,143,12,3,KGID103019,Lokesh Nayak,1980-03-20,1,6,0,2007-08-06
3021,6,143,12,3,KGID103020,Pradeep Rao,1996-09-24,1,7,0,2010-04-26
3022,6,143,12,3,KGID103021,Harish Gowda,2001-11-25,1,4,0,2018-09-14
3023,6,143,12,3,KGID103022,Pradeep Patil,1994-05-31,1,4,0,2006-11-09
3024,6,143,12,3,KGID103023,Lokesh Iyer,1989-04-09,1,1,0,2021-08-15
3025,6,143,12,3,KGID103024,Harish Rao,2004-02-24,1,2,0,2002-03-20
3026,6,143,12,3,KGID103025,Basavaraj Jadhav,1986-12-17,1,7,0,2012-07-27
3027,6,143,12,3,KGID103026,Geetha Iyer,1986-09-26,2,1,0,2016-06-26
3028,6,143,12,3,KGID103027,Pushpa Reddy,1991-01-03,2,7,0,2002-07-28
3029,6,144,8,5,KGID103028,Manjunath Gowda,1994-03-20,1,4,0,2016-03-10
3030,6,144,9,1,KGID103029,Raghavendra Reddy,1982-11-08,1,6,0,2005-05-09
3031,6,144,10,3,KGID103030,Suresh Hiremath,1993-06-04,1,6,0,2022-03-15
3032,6,144,10,3,KGID103031,Suresh Devaraj,1997-04-25,1,6,0,2001-11-06
3033,6,144,10,3,KGID103032,Girish Poojary,1996-08-07,1,2,0,2017-05-12
3034,6,144,11,3,KGID103033,Chandrashekar Poojary,1979-04-16,1,3,0,2008-09-22
3035,6,144,11,3,KGID103034,Vijay Kamath,1999-09-18,1,7,0,2001-07-13
3036,6,144,11,3,KGID103035,Kiran Gowda,1995-07-12,1,6,0,2016-12-04
3037,6,144,11,3,KGID103036,Harish Devaraj,1977-06-06,1,8,0,2021-06-29
3038,6,144,11,3,KGID103037,Sandeep Poojary,1999-02-08,1,4,0,2013-06-21
3039,6,144,12,3,KGID103038,Rajesh Kumar,1986-10-07,1,2,0,2012-07-11
3040,6,144,12,3,KGID103039,Dinesh Reddy,1997-06-20,1,4,0,2002-12-17
3041,6,144,12,3,KGID103040,Anand Kamath,1999-05-19,1,7,0,2023-10-13
3042,6,144,12,3,KGID103041,Shivakumar Hegde,1984-07-01,1,5,0,2011-01-03
3043,6,144,12,3,KGID103042,Geetha Achar,2002-06-27,2,2,0,2015-08-26
3044,6,144,12,3,KGID103043,Shivakumar Shetty,2001-02-21,1,6,0,2001-05-16
3045,6,144,12,3,KGID103044,Suresh Bhat,1984-08-10,1,2,0,2010-08-23
3046,6,144,12,3,KGID103045,Basavaraj Desai,1983-03-31,1,4,1,2007-01-06
3047,6,144,12,3,KGID103046,Mahesh Reddy,2000-05-02,1,2,0,2010-09-21
3048,6,144,12,3,KGID103047,Prakash Hiremath,1996-01-27,1,4,0,2015-05-17
3049,6,145,8,6,KGID103048,Rajesh Naik,1997-03-19,1,7,0,2010-03-17
3050,6,145,9,1,KGID103049,Sowmya Rao,1991-01-19,2,3,0,2003-01-06
3051,6,145,10,3,KGID103050,Pradeep Nayak,1992-02-29,1,6,0,2007-05-19
3052,6,145,10,3,KGID103051,Sandeep Iyer,1989-11-13,1,8,0,2001-09-08
3053,6,145,11,3,KGID103052,Pushpa Gowda,1986-11-08,2,7,0,2009-08-22
3054,6,145,11,3,KGID103053,Savitri Nayak,1984-11-10,2,1,0,1998-11-15
3055,6,145,11,3,KGID103054,Krishna Patil,1995-03-12,1,8,0,2007-04-14
3056,6,145,11,3,KGID103055,Vijay Hegde,1986-05-29,1,4,0,2003-07-08
3057,6,145,11,3,KGID103056,Sandeep Nayak,1992-05-10,1,2,0,2009-12-29
3058,6,145,11,3,KGID103057,Nagaraj Shetty,2001-03-03,1,7,0,2023-11-06
3059,6,145,11,3,KGID103058,Basavaraj Bhat,1996-04-03,1,5,0,2019-06-15
3060,6,145,11,3,KGID103059,Umesh Hegde,2000-08-25,1,2,0,2021-10-07
3061,6,145,12,3,KGID103060,Ramesh Reddy,1981-02-11,1,1,0,2012-05-19
3062,6,145,12,3,KGID103061,Kiran Desai,1996-12-05,1,5,0,2023-12-05
3063,6,145,12,3,KGID103062,Pradeep Hegde,1998-10-18,1,2,0,2015-06-28
3064,6,145,12,3,KGID103063,Shobha Reddy,1989-02-28,2,5,0,2014-11-15
3065,6,145,12,3,KGID103064,Yogesh Reddy,1990-12-26,1,7,0,2005-03-27
3066,6,145,12,3,KGID103065,Naveen Bhat,1986-06-16,1,2,0,2017-10-02
3067,6,145,12,3,KGID103066,Ravi Nayak,1995-10-27,1,4,0,2018-08-08
3068,6,145,12,3,KGID103067,Sunita Shetty,2001-11-12,2,5,0,2006-12-11
3069,6,145,12,3,KGID103068,Girish Naik,1991-11-20,1,8,0,2001-06-26
3070,6,146,9,4,KGID103069,Suresh Reddy,1983-01-21,1,1,0,2003-10-13
3071,6,146,9,4,KGID103070,Manoj Reddy,1990-06-23,1,2,0,1995-06-11
3072,6,146,9,1,KGID103071,Ravi Gowda,1993-06-13,1,6,0,2006-03-14
3073,6,146,9,1,KGID103072,Prakash Desai,1980-08-04,1,4,0,2023-12-03
3074,6,146,10,3,KGID103073,Girish Kamath,1983-01-05,1,8,0,2023-05-11
3075,6,146,10,3,KGID103074,Naveen Patil,1999-02-06,1,2,0,2009-10-10
3076,6,146,10,3,KGID103075,Yogesh Patil,1988-03-26,1,7,0,2022-04-17
3077,6,146,11,3,KGID103076,Shivakumar Nayak,1996-11-07,1,7,0,2023-08-26
3078,6,146,11,3,KGID103077,Anand Patil,1986-11-15,1,8,0,2005-10-13
3079,6,146,11,3,KGID103078,Mahesh Naik,1987-09-01,1,3,0,2014-09-01
3080,6,146,11,3,KGID103079,Naveen Bhat,1977-08-11,1,3,0,2014-10-29
3081,6,146,11,3,KGID103080,Naveen Shetty,1990-01-02,1,5,0,2019-07-12
3082,6,146,12,3,KGID103081,Gopal Nayak,2000-02-01,1,5,0,2000-12-30
3083,6,146,12,3,KGID103082,Rekha Gowda,1990-05-12,2,4,0,2018-06-25
3084,6,146,12,3,KGID103083,Shivakumar Kumar,1991-02-15,1,4,0,2003-07-11
3085,6,146,12,3,KGID103084,Rekha Devaraj,1989-06-14,2,1,0,2021-05-09
3086,6,146,12,3,KGID103085,Roopa Bhandari,1983-11-04,2,6,0,2015-07-12
3087,6,146,12,3,KGID103086,Gopal Kumar,2003-10-31,1,6,0,2020-11-09
3088,6,146,12,3,KGID103087,Rajesh Achar,1987-03-19,1,7,0,2021-10-07
3089,6,146,12,3,KGID103088,Krishna Achar,1982-08-18,1,5,0,2000-04-08
3090,6,146,12,3,KGID103089,Basavaraj Shetty,1991-04-21,1,8,0,2002-06-06
3091,6,146,12,3,KGID103090,Vinay Devaraj,2004-01-02,1,8,0,2007-04-12
3092,6,146,12,3,KGID103091,Manjunath Bhandari,1988-09-13,1,2,0,2009-03-26
3093,6,146,12,3,KGID103092,Basavaraj Patil,1989-08-13,1,7,0,2004-03-22
3094,6,146,12,3,KGID103093,Lokesh Shetty,2003-06-14,1,7,0,2005-04-11
3095,7,152,8,2,KGID103094,Anand Nayak,1991-07-27,1,7,0,2016-08-14
3096,7,152,9,1,KGID103095,Radha Bhandari,1998-04-24,2,7,0,2018-11-04
3097,7,152,9,1,KGID103096,Naveen Patil,1986-10-07,1,3,0,2019-12-30
3098,7,152,10,3,KGID103097,Lakshmi Bhat,1977-05-06,2,6,1,2002-10-24
3099,7,152,10,3,KGID103098,Ravi Gowda,1994-09-19,1,7,0,2023-12-02
3100,7,152,11,3,KGID103099,Sowmya Kumar,1992-06-16,2,1,1,2009-09-05
3101,7,152,11,3,KGID103100,Manjunath Kumar,1985-03-24,1,5,0,1999-03-24
3102,7,152,11,3,KGID103101,Umesh Patil,1977-01-11,1,7,0,2023-03-12
3103,7,152,11,3,KGID103102,Basavaraj Desai,1978-02-25,1,4,0,2019-09-05
3104,7,152,11,3,KGID103103,Sowmya Kulkarni,1978-03-21,2,1,0,2002-04-10
3105,7,152,11,3,KGID103104,Sandeep Patil,1984-07-22,1,7,0,2014-04-01
3106,7,152,11,3,KGID103105,Suresh Gowda,1993-06-24,1,5,0,2016-12-14
3107,7,152,11,3,KGID103106,Manoj Hegde,1994-05-31,1,8,0,2020-11-14
3108,7,152,12,3,KGID103107,Manjunath Kamath,2001-04-14,1,6,0,2021-07-24
3109,7,152,12,3,KGID103108,Manjula Reddy,1994-04-27,2,1,0,2019-03-16
3110,7,152,12,3,KGID103109,Nagaraj Shetty,1996-02-02,1,6,0,2023-11-28
3111,7,152,12,3,KGID103110,Ramesh Iyer,1996-06-10,1,7,0,2010-12-21
3112,7,152,12,3,KGID103111,Gopal Nayak,1985-03-11,1,7,0,2015-08-12
3113,7,152,12,3,KGID103112,Anand Reddy,2000-12-10,1,5,0,2020-12-04
3114,7,152,12,3,KGID103113,Lokesh Patil,1982-01-03,1,3,0,2019-04-02
3115,7,152,12,3,KGID103114,Rekha Devaraj,1984-09-19,2,1,0,2007-05-23
3116,7,153,9,2,KGID103115,Vijay Patil,1993-12-22,1,8,0,2007-07-13
3117,7,153,9,1,KGID103116,Roopa Shetty,1989-11-01,2,7,0,2009-09-11
3118,7,153,9,1,KGID103117,Ravi Devaraj,1992-07-16,1,2,0,2009-12-28
3119,7,153,10,3,KGID103118,Kiran Iyer,1997-03-27,1,2,0,2019-03-27
3120,7,153,10,3,KGID103119,Rajesh Iyer,1979-06-12,1,6,0,2021-10-04
3121,7,153,11,3,KGID103120,Prakash Naik,1992-02-03,1,1,0,1996-06-19
3122,7,153,11,3,KGID103121,Mahesh Achar,1996-09-17,1,1,0,2022-08-20
3123,7,153,11,3,KGID103122,Basavaraj Kulkarni,1997-03-26,1,2,0,2016-04-11
3124,7,153,11,3,KGID103123,Gopal Achar,1978-10-15,1,2,0,2017-10-30
3125,7,153,11,3,KGID103124,Anand Bhat,1997-12-23,1,1,0,2003-08-25
3126,7,153,12,3,KGID103125,Sandeep Nayak,1991-06-01,1,5,0,2013-09-12
3127,7,153,12,3,KGID103126,Shobha Kulkarni,2003-08-03,2,7,0,2003-10-09
3128,7,153,12,3,KGID103127,Prakash Kamath,1984-08-10,1,2,0,2011-12-24
3129,7,153,12,3,KGID103128,Manoj Devaraj,2004-07-02,1,8,0,2008-09-23
3130,7,153,12,3,KGID103129,Mahesh Patil,1996-09-09,1,8,0,2012-03-25
3131,7,153,12,3,KGID103130,Pradeep Kumar,1987-10-16,1,3,0,2018-07-25
3132,7,153,12,3,KGID103131,Ravi Hiremath,1983-10-10,1,7,0,2011-05-19
3133,7,153,12,3,KGID103132,Basavaraj Reddy,1982-06-27,1,5,0,2012-06-14
3134,7,153,12,3,KGID103133,Ramesh Hiremath,1985-05-29,1,5,0,2010-04-01
3135,7,153,12,3,KGID103134,Dinesh Rao,1995-05-11,1,1,0,2009-11-25
3136,7,153,12,3,KGID103135,Lokesh Kumar,1994-01-01,1,5,0,2022-06-05
3137,7,153,12,3,KGID103136,Santosh Iyer,1989-08-08,1,5,0,2019-10-31
3138,7,154,9,2,KGID103137,Krishna Poojary,1996-08-03,1,3,0,2000-06-07
3139,7,154,8,2,KGID103138,Sandeep Nayak,1995-07-20,1,6,0,1998-06-01
3140,7,154,9,1,KGID103139,Chandrashekar Nayak,1991-03-21,1,5,0,2018-12-26
3141,7,154,10,3,KGID103140,Pradeep Shetty,1998-11-05,1,2,0,2020-04-25
3142,7,154,10,3,KGID103141,Santosh Devaraj,1986-09-05,1,4,0,2023-05-28
3143,7,154,10,3,KGID103142,Rajesh Rao,1982-08-17,1,2,0,2007-04-24
3144,7,154,11,3,KGID103143,Anand Gowda,1993-03-14,1,7,0,1998-06-08
3145,7,154,11,3,KGID103144,Sandeep Kumar,1978-01-03,1,1,0,2012-11-15
3146,7,154,11,3,KGID103145,Dinesh Nayak,1996-07-02,1,2,0,2014-09-26
3147,7,154,11,3,KGID103146,Prakash Poojary,1996-09-03,1,1,0,1996-12-24
3148,7,154,11,3,KGID103147,Sandeep Hegde,1978-04-17,1,8,0,2011-01-03
3149,7,154,12,3,KGID103148,Suresh Naik,1982-02-17,1,4,0,2007-06-23
3150,7,154,12,3,KGID103149,Anand Bhandari,1982-09-30,1,1,0,2020-05-19
3151,7,154,12,3,KGID103150,Raghavendra Desai,1996-12-22,1,2,0,2023-09-17
3152,7,154,12,3,KGID103151,Gopal Kulkarni,1980-01-24,1,7,0,2008-11-16
3153,7,154,12,3,KGID103152,Krishna Reddy,1981-11-19,1,6,0,2003-06-23
3154,7,154,12,3,KGID103153,Vinay Kumar,1985-12-15,1,5,0,2000-04-23
3155,7,154,12,3,KGID103154,Umesh Bhat,1984-05-17,1,1,0,2007-07-22
3156,7,154,12,3,KGID103155,Santosh Iyer,2002-09-23,1,3,0,2009-07-15
3157,7,154,12,3,KGID103156,Vijay Kulkarni,2004-05-09,1,1,0,2018-03-24
3158,7,154,12,3,KGID103157,Kiran Hegde,1980-05-17,1,8,0,2004-12-09
3159,7,154,12,3,KGID103158,Anand Hiremath,1991-11-16,1,2,0,2010-12-22
3160,7,154,12,3,KGID103159,Dinesh Kamath,1989-10-22,1,7,0,2019-09-22
3161,7,154,12,3,KGID103160,Yogesh Iyer,1989-11-09,1,4,0,2006-09-27
3162,7,154,12,3,KGID103161,Naveen Devaraj,1991-03-29,1,1,0,2020-12-30
3163,7,154,12,3,KGID103162,Ramesh Hiremath,1982-04-05,1,1,0,2012-07-08
3164,7,154,12,3,KGID103163,Girish Reddy,1984-09-01,1,4,0,2002-08-10
3165,7,154,12,3,KGID103164,Gopal Naik,1999-10-16,1,7,0,2020-06-16
3166,7,155,9,2,KGID103165,Vinay Poojary,1980-07-15,1,8,0,1996-05-20
3167,7,155,9,1,KGID103166,Manjunath Achar,1985-01-26,1,2,0,2002-07-09
3168,7,155,10,3,KGID103167,Manjunath Iyer,1989-01-18,1,1,0,2000-10-27
3169,7,155,10,3,KGID103168,Savitri Patil,1987-08-11,2,1,0,1997-10-26
3170,7,155,11,3,KGID103169,Suresh Hiremath,2001-09-17,1,5,0,2017-07-01
3171,7,155,11,3,KGID103170,Kiran Kumar,1996-08-16,1,4,0,1996-09-22
3172,7,155,11,3,KGID103171,Vijay Patil,1992-04-06,1,4,0,1996-08-12
3173,7,155,11,3,KGID103172,Srinivas Patil,1992-11-15,1,1,0,2000-06-04
3174,7,155,11,3,KGID103173,Nagaraj Patil,1994-12-16,1,7,0,2019-11-13
3175,7,155,12,3,KGID103174,Chandrashekar Hegde,1993-04-02,1,4,0,2011-08-10
3176,7,155,12,3,KGID103175,Anand Patil,1985-07-26,1,2,1,2016-07-29
3177,7,155,12,3,KGID103176,Mahesh Nayak,2004-11-06,1,3,0,2015-04-24
3178,7,155,12,3,KGID103177,Yogesh Hegde,1986-06-07,1,6,0,2020-07-23
3179,7,155,12,3,KGID103178,Pradeep Patil,1980-11-16,1,8,0,2019-03-30
3180,7,155,12,3,KGID103179,Gopal Bhat,1994-11-19,1,8,0,2019-09-06
3181,7,155,12,3,KGID103180,Chandrashekar Naik,1994-07-07,1,8,0,2015-10-17
3182,7,155,12,3,KGID103181,Manjula Devaraj,1981-06-29,2,7,0,2023-10-16
3183,7,155,12,3,KGID103182,Nagaveni Reddy,1993-08-18,2,1,0,2010-05-14
3184,7,155,12,3,KGID103183,Girish Naik,1990-11-18,1,8,0,2023-05-12
3185,7,156,9,2,KGID103184,Harish Hegde,1989-02-10,1,8,0,2008-04-08
3186,7,156,8,2,KGID103185,Raghavendra Hegde,1991-11-20,1,1,0,2008-07-27
3187,7,156,9,1,KGID103186,Vijay Iyer,1985-08-12,1,8,0,2021-08-01
3188,7,156,9,1,KGID103187,Naveen Iyer,1987-12-16,1,5,0,2018-03-21
3189,7,156,10,3,KGID103188,Basavaraj Kulkarni,1988-01-25,1,3,0,2007-06-14
3190,7,156,10,3,KGID103189,Mahesh Nayak,1991-12-17,1,3,0,2009-06-06
3191,7,156,10,3,KGID103190,Basavaraj Desai,1980-07-02,1,2,0,2002-09-24
3192,7,156,11,3,KGID103191,Manoj Jadhav,1979-09-29,1,7,0,2013-09-20
3193,7,156,11,3,KGID103192,Girish Hiremath,1979-11-03,1,7,0,2012-11-01
3194,7,156,11,3,KGID103193,Mahesh Gowda,1975-05-15,1,5,0,2004-12-11
3195,7,156,11,3,KGID103194,Naveen Naik,1985-06-23,1,6,0,2005-09-09
3196,7,156,11,3,KGID103195,Roopa Gowda,1977-09-14,2,3,0,2016-01-01
3197,7,156,11,3,KGID103196,Krishna Iyer,1983-06-11,1,8,0,2000-11-26
3198,7,156,11,3,KGID103197,Dinesh Iyer,1994-01-04,1,7,0,2013-09-28
3199,7,156,12,3,KGID103198,Yogesh Iyer,1981-05-14,1,6,0,2007-05-14
3200,7,156,12,3,KGID103199,Santosh Hiremath,1991-12-01,1,5,0,2005-12-23
3201,7,156,12,3,KGID103200,Manoj Reddy,1999-05-08,1,8,0,2017-06-11
3202,7,156,12,3,KGID103201,Naveen Reddy,1999-12-08,1,8,0,2001-10-09
3203,7,156,12,3,KGID103202,Harish Desai,1980-12-04,1,7,0,2009-06-30
3204,7,156,12,3,KGID103203,Suresh Devaraj,1989-11-16,1,3,0,2010-10-13
3205,7,156,12,3,KGID103204,Vinay Jadhav,1987-07-04,1,7,0,2020-08-08
3206,7,156,12,3,KGID103205,Prakash Achar,1997-12-22,1,1,0,2012-10-07
3207,7,156,12,3,KGID103206,Manoj Achar,1999-10-04,1,1,0,2023-10-02
3208,7,156,12,3,KGID103207,Vinay Desai,1996-10-05,1,2,0,2002-06-18
3209,7,156,12,3,KGID103208,Ramesh Gowda,1987-12-29,1,4,0,2021-05-17
3210,7,156,12,3,KGID103209,Krishna Naik,2002-06-16,1,6,0,2017-05-20
3211,7,156,12,3,KGID103210,Girish Rao,2003-08-10,1,7,0,2005-09-27
3212,7,156,12,3,KGID103211,Gopal Hegde,1999-08-31,1,2,0,2015-06-26
3213,7,157,9,2,KGID103212,Mahesh Hegde,1992-03-26,1,1,0,2015-05-22
3214,7,157,9,1,KGID103213,Pradeep Iyer,1981-12-26,1,5,0,2000-06-18
3215,7,157,9,1,KGID103214,Shivakumar Kumar,1988-02-29,1,4,0,2000-04-01
3216,7,157,10,3,KGID103215,Pradeep Desai,1993-11-04,1,3,0,2009-10-17
3217,7,157,10,3,KGID103216,Sandeep Poojary,1998-10-18,1,4,0,2005-11-07
3218,7,157,10,3,KGID103217,Sandeep Achar,1999-08-08,1,1,0,1999-03-26
3219,7,157,11,3,KGID103218,Harish Iyer,1988-06-09,1,3,0,2009-06-17
3220,7,157,11,3,KGID103219,Nagaraj Shetty,1996-03-30,1,8,0,2003-08-05
3221,7,157,11,3,KGID103220,Ravi Kulkarni,1978-02-26,1,1,0,2005-06-29
3222,7,157,11,3,KGID103221,Mahesh Desai,1984-06-02,1,6,0,2015-01-03
3223,7,157,11,3,KGID103222,Lakshmi Kumar,2001-10-12,2,3,0,2022-03-29
3224,7,157,11,3,KGID103223,Krishna Bhat,1996-10-04,1,5,0,1999-11-30
3225,7,157,11,3,KGID103224,Vinay Jadhav,1994-02-25,1,1,0,2022-08-12
3226,7,157,12,3,KGID103225,Radha Shetty,1999-10-19,2,3,1,2012-09-28
3227,7,157,12,3,KGID103226,Suresh Reddy,1999-09-04,1,6,0,2012-12-01
3228,7,157,12,3,KGID103227,Srinivas Hegde,1994-07-16,1,6,0,2022-11-05
3229,7,157,12,3,KGID103228,Umesh Poojary,1982-01-27,1,5,0,2022-09-09
3230,7,157,12,3,KGID103229,Girish Rao,1998-02-22,1,5,0,2017-08-31
3231,7,157,12,3,KGID103230,Basavaraj Gowda,1992-10-17,1,1,0,2005-06-02
3232,7,157,12,3,KGID103231,Prakash Reddy,1981-04-11,1,5,0,2003-09-11
3233,7,157,12,3,KGID103232,Ramesh Iyer,2002-10-16,1,7,0,2005-12-08
3234,7,157,12,3,KGID103233,Suresh Kumar,1985-03-09,1,3,0,2004-10-30
3235,7,157,12,3,KGID103234,Yogesh Kulkarni,1989-06-18,1,5,0,2017-11-26
3236,7,157,12,3,KGID103235,Savitri Rao,1996-10-18,2,5,0,2021-12-26
3237,7,157,12,3,KGID103236,Srinivas Kumar,1986-09-28,1,3,0,2009-07-14
3238,7,157,12,3,KGID103237,Prakash Desai,1990-12-02,1,6,0,2001-09-12
3239,7,157,12,3,KGID103238,Yogesh Iyer,1992-11-04,1,3,0,2010-08-18
3240,7,157,12,3,KGID103239,Chandrashekar Kumar,1988-02-22,1,3,0,2011-08-30
3241,7,158,9,2,KGID103240,Ravi Gowda,1994-05-24,1,3,0,1998-09-13
3242,7,158,9,2,KGID103241,Girish Rao,1987-11-01,1,2,0,2015-12-04
3243,7,158,9,1,KGID103242,Shivakumar Kumar,1992-07-23,1,5,0,2012-12-30
3244,7,158,9,1,KGID103243,Raghavendra Hegde,1995-11-18,1,1,0,2005-11-14
3245,7,158,10,3,KGID103244,Harish Reddy,1986-05-07,1,5,0,2005-05-15
3246,7,158,10,3,KGID103245,Umesh Reddy,1996-06-30,1,3,0,2001-09-01
3247,7,158,10,3,KGID103246,Harish Iyer,1984-04-06,1,2,0,2016-08-26
3248,7,158,11,3,KGID103247,Yogesh Desai,1979-01-09,1,1,0,2014-04-02
3249,7,158,11,3,KGID103248,Girish Shetty,1981-06-30,1,4,0,1997-03-20
3250,7,158,11,3,KGID103249,Roopa Kumar,1983-03-16,2,6,0,2006-05-31
3251,7,158,11,3,KGID103250,Nandini Devaraj,2000-10-14,2,7,0,2013-05-10
3252,7,158,11,3,KGID103251,Rajesh Bhat,1985-07-24,1,4,0,2003-04-25
3253,7,158,11,3,KGID103252,Kiran Achar,1984-10-15,1,8,0,1999-07-28
3254,7,158,11,3,KGID103253,Vinay Poojary,1976-10-16,1,8,0,2023-04-17
3255,7,158,12,3,KGID103254,Lokesh Shetty,1986-10-16,1,6,0,2012-08-01
3256,7,158,12,3,KGID103255,Nandini Rao,2002-03-13,2,3,0,2011-10-11
3257,7,158,12,3,KGID103256,Naveen Bhat,1994-01-04,1,7,0,2020-04-04
3258,7,158,12,3,KGID103257,Jayashree Shetty,1995-05-25,2,5,0,2018-03-27
3259,7,158,12,3,KGID103258,Rajesh Rao,1985-01-04,1,4,0,2021-10-08
3260,7,158,12,3,KGID103259,Naveen Kamath,2002-08-12,1,1,0,2005-03-19
3261,7,158,12,3,KGID103260,Chandrashekar Rao,1985-01-16,1,8,0,2003-06-08
3262,7,158,12,3,KGID103261,Lokesh Iyer,1991-06-19,1,1,0,2023-08-21
3263,7,159,9,2,KGID103262,Yogesh Devaraj,1984-10-03,1,1,0,2018-11-30
3264,7,159,9,1,KGID103263,Manoj Patil,1992-02-29,1,4,0,2021-12-08
3265,7,159,10,3,KGID103264,Basavaraj Rao,1994-04-08,1,5,0,2004-10-08
3266,7,159,10,3,KGID103265,Chandrashekar Gowda,1998-11-24,1,1,0,2005-09-15
3267,7,159,10,3,KGID103266,Pallavi Naik,2000-04-11,2,6,0,2019-05-12
3268,7,159,11,3,KGID103267,Sandeep Naik,1989-11-14,1,8,0,2002-06-07
3269,7,159,11,3,KGID103268,Kiran Hiremath,1997-06-21,1,6,0,2014-09-15
3270,7,159,11,3,KGID103269,Naveen Shetty,1983-07-29,1,5,0,2016-05-11
3271,7,159,11,3,KGID103270,Umesh Hegde,1987-06-07,1,2,0,2002-10-24
3272,7,159,11,3,KGID103271,Harish Kamath,1995-06-12,1,5,0,2020-12-27
3273,7,159,12,3,KGID103272,Girish Kumar,2002-05-29,1,7,0,2014-10-26
3274,7,159,12,3,KGID103273,Ramesh Rao,1995-11-10,1,8,0,2000-09-29
3275,7,159,12,3,KGID103274,Jayashree Naik,1992-04-16,2,7,0,2012-05-05
3276,7,159,12,3,KGID103275,Naveen Kamath,1998-09-01,1,1,0,2004-08-10
3277,7,159,12,3,KGID103276,Deepa Kumar,1991-12-05,2,8,0,2008-07-22
3278,7,159,12,3,KGID103277,Girish Rao,2002-04-28,1,5,0,2004-03-23
3279,7,159,12,3,KGID103278,Santosh Kulkarni,2003-10-12,1,5,0,2014-03-24
3280,7,159,12,3,KGID103279,Santosh Nayak,1996-11-29,1,6,0,2008-10-11
3281,7,159,12,3,KGID103280,Gopal Nayak,1994-09-30,1,8,0,2007-06-21
3282,7,159,12,3,KGID103281,Pradeep Jadhav,2004-10-13,1,6,0,2012-08-07
3283,7,160,9,2,KGID103282,Suresh Nayak,1993-06-08,1,8,0,2006-03-22
3284,7,160,9,1,KGID103283,Manjunath Gowda,1983-06-03,1,1,0,2000-08-24
3285,7,160,9,1,KGID103284,Yogesh Nayak,1992-04-27,1,3,0,2013-07-28
3286,7,160,10,3,KGID103285,Pradeep Bhandari,1977-08-23,1,1,0,2016-07-23
3287,7,160,10,3,KGID103286,Yogesh Jadhav,1999-03-16,1,2,0,1999-09-18
3288,7,160,11,3,KGID103287,Umesh Achar,1988-12-15,1,2,0,2014-04-29
3289,7,160,11,3,KGID103288,Vinay Shetty,1987-04-27,1,8,0,2007-08-25
3290,7,160,11,3,KGID103289,Pradeep Kulkarni,1978-07-04,1,6,0,2021-03-31
3291,7,160,11,3,KGID103290,Shobha Poojary,1993-06-10,2,4,0,1996-05-14
3292,7,160,11,3,KGID103291,Krishna Patil,1976-12-09,1,6,0,2012-08-05
3293,7,160,12,3,KGID103292,Suresh Reddy,1981-03-06,1,8,0,2005-12-20
3294,7,160,12,3,KGID103293,Ravi Hiremath,1982-10-18,1,5,0,2005-11-11
3295,7,160,12,3,KGID103294,Chandrashekar Gowda,1982-05-24,1,5,0,2003-03-26
3296,7,160,12,3,KGID103295,Shivakumar Naik,1993-06-12,1,4,0,2010-12-19
3297,7,160,12,3,KGID103296,Radha Shetty,1990-08-26,2,1,0,2010-04-20
3298,7,160,12,3,KGID103297,Ravi Poojary,1984-05-30,1,8,0,2002-09-21
3299,7,160,12,3,KGID103298,Anitha Achar,2001-04-01,2,7,0,2019-10-02
3300,7,160,12,3,KGID103299,Geetha Kamath,1989-03-21,2,1,0,2003-08-17
3301,7,160,12,3,KGID103300,Mahesh Iyer,1990-04-24,1,4,0,2003-04-23
3302,7,160,12,3,KGID103301,Chandrashekar Desai,1994-01-27,1,4,0,2004-12-14
3303,7,161,8,2,KGID103302,Kiran Hiremath,1988-01-27,1,8,0,1997-10-14
3304,7,161,9,1,KGID103303,Umesh Gowda,1999-07-30,1,5,0,2003-07-26
3305,7,161,9,1,KGID103304,Suresh Nayak,1995-11-09,1,7,0,2001-05-19
3306,7,161,10,3,KGID103305,Lakshmi Achar,1998-04-03,2,7,0,2011-05-24
3307,7,161,10,3,KGID103306,Gopal Gowda,1999-12-03,1,8,0,2011-10-14
3308,7,161,11,3,KGID103307,Pradeep Hiremath,1976-03-21,1,2,0,2005-10-08
3309,7,161,11,3,KGID103308,Prakash Jadhav,1983-04-12,1,3,0,2018-04-27
3310,7,161,11,3,KGID103309,Ramesh Patil,1991-09-27,1,8,0,1999-09-11
3311,7,161,11,3,KGID103310,Rekha Nayak,2001-04-08,2,3,0,2010-08-01
3312,7,161,11,3,KGID103311,Kiran Bhandari,1992-10-20,1,4,0,2023-09-19
3313,7,161,12,3,KGID103312,Raghavendra Kamath,2002-01-26,1,1,0,2016-07-20
3314,7,161,12,3,KGID103313,Nagaveni Gowda,1993-03-25,2,7,0,2004-06-06
3315,7,161,12,3,KGID103314,Ramesh Shetty,2002-02-25,1,1,0,2013-04-04
3316,7,161,12,3,KGID103315,Santosh Jadhav,1985-04-14,1,5,0,2018-08-17
3317,7,161,12,3,KGID103316,Rajesh Patil,1997-12-11,1,8,0,2001-10-24
3318,7,161,12,3,KGID103317,Umesh Gowda,2001-06-08,1,7,0,2008-04-23
3319,7,161,12,3,KGID103318,Dinesh Kumar,1984-08-25,1,6,0,2002-09-16
3320,7,161,12,3,KGID103319,Chandrashekar Nayak,1988-03-19,1,3,0,2022-11-11
3321,7,161,12,3,KGID103320,Ravi Shetty,1984-04-24,1,8,0,2021-07-18
3322,7,161,12,3,KGID103321,Mahesh Devaraj,2001-05-08,1,1,0,2022-10-15
3323,7,161,12,3,KGID103322,Nandini Naik,2003-09-24,2,2,0,2023-04-15
3324,7,161,12,3,KGID103323,Rekha Achar,1992-10-24,2,3,0,2007-10-14
3325,7,161,12,3,KGID103324,Deepa Gowda,1980-08-13,2,1,0,2014-04-10
3326,7,161,12,3,KGID103325,Shivakumar Bhandari,1988-04-25,1,3,0,2002-03-17
3327,7,161,12,3,KGID103326,Manjunath Achar,1990-02-20,1,1,0,2015-11-20
3328,7,162,8,5,KGID103327,Naveen Desai,1978-06-29,1,7,0,1996-11-13
3329,7,162,9,1,KGID103328,Basavaraj Gowda,1999-03-28,1,4,0,2022-04-06
3330,7,162,9,1,KGID103329,Lokesh Achar,1985-12-12,1,4,0,2003-10-10
3331,7,162,10,3,KGID103330,Shivakumar Kamath,1992-08-18,1,7,0,2015-09-15
3332,7,162,10,3,KGID103331,Vijay Desai,1995-02-14,1,1,0,2015-07-17
3333,7,162,11,3,KGID103332,Raghavendra Rao,2001-08-08,1,6,0,1998-10-27
3334,7,162,11,3,KGID103333,Lokesh Reddy,1983-01-02,1,4,0,2005-11-21
3335,7,162,11,3,KGID103334,Lokesh Nayak,1995-01-04,1,8,0,2018-03-27
3336,7,162,11,3,KGID103335,Srinivas Poojary,1975-01-18,1,8,1,2022-08-28
3337,7,162,11,3,KGID103336,Shivakumar Reddy,1977-08-15,1,5,0,2016-06-25
3338,7,162,11,3,KGID103337,Vinay Hiremath,1990-09-18,1,2,0,2001-06-04
3339,7,162,11,3,KGID103338,Pradeep Nayak,1975-06-02,1,1,0,1998-07-04
3340,7,162,11,3,KGID103339,Anand Reddy,1989-01-15,1,2,0,2015-04-18
3341,7,162,12,3,KGID103340,Santosh Hiremath,1982-03-26,1,6,0,2009-04-25
3342,7,162,12,3,KGID103341,Girish Reddy,1982-06-21,1,4,0,2010-10-20
3343,7,162,12,3,KGID103342,Mahesh Devaraj,1992-06-16,1,2,0,2009-04-10
3344,7,162,12,3,KGID103343,Lokesh Rao,1986-08-05,1,3,0,2005-05-03
3345,7,162,12,3,KGID103344,Chandrashekar Rao,1996-10-04,1,3,0,2004-04-13
3346,7,162,12,3,KGID103345,Chandrashekar Achar,1986-02-27,1,7,0,2019-12-29
3347,7,162,12,3,KGID103346,Naveen Shetty,1990-03-24,1,6,0,2005-06-12
3348,7,162,12,3,KGID103347,Gopal Kamath,1986-03-09,1,4,0,2002-10-20
3349,7,162,12,3,KGID103348,Umesh Poojary,1980-04-03,1,8,0,2000-05-08
3350,7,162,12,3,KGID103349,Lokesh Achar,1990-03-03,1,1,0,2018-06-27
3351,7,162,12,3,KGID103350,Suresh Hiremath,1997-08-30,1,5,0,2007-10-10
3352,7,162,12,3,KGID103351,Srinivas Hiremath,1997-11-20,1,4,0,2013-09-24
3353,7,162,12,3,KGID103352,Savitri Gowda,1985-11-28,2,1,1,2019-10-31
3354,7,162,12,3,KGID103353,Harish Kulkarni,2002-08-11,1,7,0,2014-12-10
3355,7,162,12,3,KGID103354,Umesh Naik,1985-12-07,1,5,0,2014-09-10
3356,7,162,12,3,KGID103355,Prakash Gowda,1986-12-05,1,4,0,2017-08-03
3357,7,163,9,6,KGID103356,Yogesh Reddy,1987-10-25,1,1,0,1995-04-06
3358,7,163,9,6,KGID103357,Raghavendra Rao,1977-07-29,1,3,0,1997-06-26
3359,7,163,9,1,KGID103358,Suresh Hiremath,1999-07-23,1,3,0,2004-10-21
3360,7,163,9,1,KGID103359,Mahesh Achar,1992-12-24,1,2,0,2005-05-03
3361,7,163,10,3,KGID103360,Basavaraj Bhandari,1992-03-28,1,1,0,2004-06-15
3362,7,163,10,3,KGID103361,Krishna Gowda,1989-06-18,1,2,0,2006-10-31
3363,7,163,11,3,KGID103362,Ramesh Kamath,1990-09-06,1,7,0,2004-01-06
3364,7,163,11,3,KGID103363,Yogesh Reddy,1985-06-04,1,5,0,2005-07-20
3365,7,163,11,3,KGID103364,Yogesh Nayak,2001-08-01,1,2,0,2016-07-30
3366,7,163,11,3,KGID103365,Yogesh Kamath,1991-09-16,1,6,0,2021-09-25
3367,7,163,12,3,KGID103366,Yogesh Desai,2001-12-31,1,4,0,2022-04-23
3368,7,163,12,3,KGID103367,Santosh Achar,2002-04-27,1,2,0,2012-12-04
3369,7,163,12,3,KGID103368,Basavaraj Iyer,1980-02-07,1,2,0,2018-12-11
3370,7,163,12,3,KGID103369,Nagaveni Naik,1988-05-07,2,4,0,2017-09-18
3371,7,163,12,3,KGID103370,Umesh Kulkarni,1999-08-10,1,5,0,2014-08-17
3372,7,163,12,3,KGID103371,Lakshmi Kulkarni,2004-08-20,2,7,0,2008-05-30
3373,7,163,12,3,KGID103372,Lokesh Gowda,1980-09-18,1,8,0,2013-12-02
3374,7,163,12,3,KGID103373,Sunita Jadhav,2002-03-01,2,6,0,2021-05-06
3375,7,163,12,3,KGID103374,Umesh Jadhav,1982-09-11,1,6,0,2002-10-14
3376,7,163,12,3,KGID103375,Suresh Kamath,1993-06-26,1,2,0,2017-08-26
3377,7,163,12,3,KGID103376,Nagaraj Jadhav,1993-04-23,1,2,0,2023-07-10
3378,7,163,12,3,KGID103377,Vinay Kamath,2001-07-26,1,7,0,2009-08-25
3379,7,163,12,3,KGID103378,Lokesh Poojary,1997-03-05,1,1,0,2002-11-09
3380,7,163,12,3,KGID103379,Ravi Bhandari,1990-01-08,1,4,0,2022-08-10
3381,7,164,8,4,KGID103380,Kavya Jadhav,1975-08-07,2,5,0,2013-07-29
3382,7,164,8,4,KGID103381,Naveen Patil,1978-01-13,1,1,0,2006-10-22
3383,7,164,9,1,KGID103382,Pradeep Naik,1981-06-30,1,4,0,2011-10-15
3384,7,164,10,3,KGID103383,Lakshmi Kulkarni,1983-04-03,2,1,0,2011-08-16
3385,7,164,10,3,KGID103384,Manjunath Poojary,1990-10-21,1,5,0,2004-07-17
3386,7,164,10,3,KGID103385,Manoj Hegde,1978-03-11,1,6,0,2017-09-21
3387,7,164,11,3,KGID103386,Srinivas Kulkarni,1997-09-27,1,5,0,2022-09-27
3388,7,164,11,3,KGID103387,Pradeep Achar,2001-04-24,1,8,0,2007-12-10
3389,7,164,11,3,KGID103388,Suresh Kamath,1978-03-09,1,3,0,2006-05-04
3390,7,164,11,3,KGID103389,Anand Devaraj,1980-11-12,1,4,0,2004-11-20
3391,7,164,11,3,KGID103390,Rajesh Poojary,1995-01-25,1,7,0,1996-10-26
3392,7,164,11,3,KGID103391,Shivakumar Jadhav,1991-04-09,1,1,0,2015-03-27
3393,7,164,12,3,KGID103392,Prakash Kamath,1992-09-07,1,7,0,2018-11-03
3394,7,164,12,3,KGID103393,Shobha Gowda,1990-01-24,2,6,0,2002-10-18
3395,7,164,12,3,KGID103394,Yogesh Nayak,1989-01-27,1,6,0,2023-05-04
3396,7,164,12,3,KGID103395,Umesh Jadhav,1995-05-08,1,3,0,2000-12-09
3397,7,164,12,3,KGID103396,Raghavendra Poojary,1998-11-28,1,2,0,2009-12-04
3398,7,164,12,3,KGID103397,Gopal Nayak,1986-07-21,1,7,0,2000-09-05
3399,7,164,12,3,KGID103398,Umesh Achar,1989-06-25,1,3,0,2010-10-30
3400,7,164,12,3,KGID103399,Nagaraj Hegde,1982-03-22,1,1,0,2012-01-04
3401,8,168,9,2,KGID103400,Basavaraj Bhat,1995-04-10,1,8,0,2014-12-27
3402,8,168,9,1,KGID103401,Vijay Poojary,1986-01-07,1,1,0,2017-06-19
3403,8,168,10,3,KGID103402,Savitri Poojary,1999-06-20,2,4,0,2016-12-13
3404,8,168,10,3,KGID103403,Manoj Hiremath,2000-07-01,1,2,0,2022-10-28
3405,8,168,11,3,KGID103404,Srinivas Jadhav,1988-08-26,1,2,0,1998-01-04
3406,8,168,11,3,KGID103405,Anitha Naik,1995-03-14,2,4,0,2022-11-03
3407,8,168,11,3,KGID103406,Srinivas Nayak,1997-07-05,1,6,0,2019-12-23
3408,8,168,11,3,KGID103407,Gopal Kulkarni,1995-05-18,1,6,0,1999-07-03
3409,8,168,12,3,KGID103408,Savitri Naik,2001-03-18,2,1,0,2003-10-04
3410,8,168,12,3,KGID103409,Umesh Kulkarni,1987-06-04,1,6,0,2022-10-26
3411,8,168,12,3,KGID103410,Vinay Nayak,1989-08-11,1,3,0,2002-07-27
3412,8,168,12,3,KGID103411,Kiran Devaraj,1995-03-29,1,6,0,2004-08-15
3413,8,168,12,3,KGID103412,Harish Jadhav,2002-11-04,1,2,0,2006-12-29
3414,8,168,12,3,KGID103413,Vijay Shetty,1985-06-25,1,5,0,2012-07-09
3415,8,168,12,3,KGID103414,Naveen Rao,1995-07-23,1,6,0,2011-06-12
3416,8,168,12,3,KGID103415,Deepa Achar,1989-02-28,2,7,0,2008-12-10
3417,8,168,12,3,KGID103416,Raghavendra Jadhav,1991-11-18,1,7,0,2010-10-26
3418,8,169,8,2,KGID103417,Pradeep Achar,1988-05-25,1,7,0,1996-10-22
3419,8,169,9,1,KGID103418,Vijay Bhat,1993-07-12,1,1,0,2021-06-29
3420,8,169,9,1,KGID103419,Ramesh Hegde,1993-01-25,1,2,0,2023-11-29
3421,8,169,10,3,KGID103420,Nagaraj Hiremath,1997-07-30,1,8,0,2010-12-09
3422,8,169,10,3,KGID103421,Raghavendra Patil,1989-11-04,1,4,0,2018-08-26
3423,8,169,10,3,KGID103422,Vinay Naik,1990-08-05,1,7,0,2009-03-21
3424,8,169,11,3,KGID103423,Deepa Kulkarni,1978-07-09,2,1,0,2017-11-15
3425,8,169,11,3,KGID103424,Pradeep Hiremath,1987-11-08,1,7,0,2005-11-27
3426,8,169,11,3,KGID103425,Gopal Shetty,1978-08-12,1,7,0,1996-06-15
3427,8,169,11,3,KGID103426,Krishna Iyer,1998-03-30,1,8,0,2016-09-26
3428,8,169,11,3,KGID103427,Anand Gowda,1980-03-31,1,6,0,2009-06-17
3429,8,169,11,3,KGID103428,Umesh Desai,2000-10-03,1,2,0,2016-05-04
3430,8,169,12,3,KGID103429,Gopal Rao,1998-01-04,1,3,0,2003-11-17
3431,8,169,12,3,KGID103430,Girish Shetty,1993-06-01,1,3,0,2008-09-04
3432,8,169,12,3,KGID103431,Shobha Shetty,1985-01-18,2,7,0,2008-09-19
3433,8,169,12,3,KGID103432,Shivakumar Hegde,2003-10-03,1,3,0,2006-10-30
3434,8,169,12,3,KGID103433,Vinay Rao,1990-07-01,1,8,0,2004-10-03
3435,8,169,12,3,KGID103434,Santosh Jadhav,1997-02-23,1,6,0,2001-10-18
3436,8,169,12,3,KGID103435,Ravi Bhandari,2003-10-29,1,2,0,2016-10-02
3437,8,169,12,3,KGID103436,Santosh Rao,2004-12-03,1,5,0,2010-10-01
3438,8,169,12,3,KGID103437,Srinivas Bhandari,1998-08-08,1,3,0,2008-11-30
3439,8,169,12,3,KGID103438,Deepa Patil,2004-01-27,2,6,0,2008-07-20
3440,8,169,12,3,KGID103439,Suresh Kulkarni,1982-07-20,1,6,0,2019-06-18
3441,8,170,8,2,KGID103440,Ravi Gowda,1991-04-02,1,7,0,2016-11-01
3442,8,170,9,1,KGID103441,Naveen Achar,1992-09-21,1,3,0,2002-10-20
3443,8,170,9,1,KGID103442,Girish Shetty,1984-05-25,1,2,0,2009-05-11
3444,8,170,10,3,KGID103443,Chandrashekar Poojary,1977-04-28,1,5,0,2001-12-21
3445,8,170,10,3,KGID103444,Anand Bhat,2000-05-25,1,1,0,2023-09-18
3446,8,170,11,3,KGID103445,Naveen Kamath,1976-12-26,1,5,0,2013-07-28
3447,8,170,11,3,KGID103446,Harish Desai,1992-11-26,1,5,0,2000-12-19
3448,8,170,11,3,KGID103447,Dinesh Achar,1997-04-29,1,8,0,2015-12-26
3449,8,170,11,3,KGID103448,Ramesh Achar,1990-04-25,1,3,0,2018-05-29
3450,8,170,11,3,KGID103449,Ravi Naik,2001-05-31,1,4,0,1997-10-19
3451,8,170,11,3,KGID103450,Harish Poojary,1995-04-23,1,5,0,2002-07-09
3452,8,170,12,3,KGID103451,Ramesh Nayak,1981-12-06,1,6,0,2014-03-17
3453,8,170,12,3,KGID103452,Vijay Shetty,1984-03-16,1,8,0,2017-11-11
3454,8,170,12,3,KGID103453,Vinay Kamath,1987-01-13,1,7,0,2015-11-26
3455,8,170,12,3,KGID103454,Ravi Devaraj,1981-02-28,1,4,0,2013-07-28
3456,8,170,12,3,KGID103455,Basavaraj Reddy,1991-05-31,1,4,0,2014-09-16
3457,8,170,12,3,KGID103456,Kavya Rao,1996-06-26,2,2,0,2020-10-28
3458,8,170,12,3,KGID103457,Anand Iyer,2001-07-22,1,4,0,2004-08-12
3459,8,170,12,3,KGID103458,Dinesh Kulkarni,2004-01-13,1,7,0,2021-10-01
3460,8,170,12,3,KGID103459,Kiran Devaraj,1999-10-29,1,8,0,2017-04-07
3461,8,170,12,3,KGID103460,Kiran Kulkarni,1984-10-20,1,8,0,2013-06-15
3462,8,170,12,3,KGID103461,Lokesh Reddy,1988-04-28,1,4,0,2007-10-26
3463,8,170,12,3,KGID103462,Suresh Iyer,1984-04-06,1,5,0,2003-05-05
3464,8,170,12,3,KGID103463,Manoj Shetty,1988-12-15,1,5,0,2011-11-27
3465,8,170,12,3,KGID103464,Manoj Bhandari,1993-06-17,1,5,0,2014-05-10
3466,8,171,9,2,KGID103465,Srinivas Nayak,1981-06-06,1,7,0,2002-05-25
3467,8,171,9,1,KGID103466,Shobha Shetty,1982-09-10,2,7,0,2023-05-20
3468,8,171,10,3,KGID103467,Krishna Reddy,1999-04-04,1,7,0,2022-03-15
3469,8,171,10,3,KGID103468,Mahesh Iyer,1988-11-03,1,6,0,2023-11-13
3470,8,171,10,3,KGID103469,Mahesh Nayak,1977-05-27,1,6,0,2002-04-23
3471,8,171,11,3,KGID103470,Roopa Desai,1985-06-20,2,6,0,2013-07-21
3472,8,171,11,3,KGID103471,Vinay Gowda,1996-08-30,1,1,0,2008-05-30
3473,8,171,11,3,KGID103472,Rajesh Achar,1985-05-27,1,3,0,2013-04-13
3474,8,171,11,3,KGID103473,Chandrashekar Bhat,2000-07-08,1,5,0,2021-06-04
3475,8,171,11,3,KGID103474,Manjula Nayak,1997-10-10,2,2,0,1995-08-31
3476,8,171,11,3,KGID103475,Ravi Reddy,1983-03-04,1,4,0,2008-08-07
3477,8,171,12,3,KGID103476,Vijay Hegde,1991-04-11,1,6,0,2010-12-28
3478,8,171,12,3,KGID103477,Santosh Achar,2003-12-05,1,4,0,2009-12-26
3479,8,171,12,3,KGID103478,Lokesh Shetty,1985-08-11,1,7,0,2015-10-18
3480,8,171,12,3,KGID103479,Anand Kamath,2003-01-16,1,4,0,2013-12-11
3481,8,171,12,3,KGID103480,Girish Nayak,1985-08-21,1,1,0,2000-12-03
3482,8,171,12,3,KGID103481,Rekha Desai,1991-02-17,2,8,0,2021-05-04
3483,8,171,12,3,KGID103482,Vinay Kumar,1996-07-19,1,4,0,2019-03-25
3484,8,171,12,3,KGID103483,Raghavendra Iyer,1985-08-25,1,1,0,2007-12-31
3485,8,171,12,3,KGID103484,Manjula Hiremath,1993-06-29,2,1,0,2001-05-01
3486,8,171,12,3,KGID103485,Gopal Nayak,1989-02-16,1,1,0,2003-09-15
3487,8,171,12,3,KGID103486,Basavaraj Achar,1986-02-23,1,1,0,2006-12-14
3488,8,171,12,3,KGID103487,Harish Naik,1985-09-04,1,4,0,2015-10-21
3489,8,171,12,3,KGID103488,Shivakumar Hiremath,1993-04-12,1,5,0,2004-10-27
3490,8,171,12,3,KGID103489,Basavaraj Naik,2004-05-11,1,4,0,2017-07-28
3491,8,172,9,2,KGID103490,Anand Achar,1976-05-22,1,8,0,2008-08-12
3492,8,172,9,2,KGID103491,Vijay Achar,1994-02-06,1,5,0,2014-12-01
3493,8,172,9,1,KGID103492,Vijay Hiremath,1983-10-22,1,3,0,2018-01-02
3494,8,172,10,3,KGID103493,Kiran Hiremath,1990-02-15,1,5,0,2007-06-18
3495,8,172,10,3,KGID103494,Naveen Achar,1987-10-21,1,1,0,2016-09-13
3496,8,172,11,3,KGID103495,Naveen Kulkarni,1990-04-04,1,7,0,2011-08-15
3497,8,172,11,3,KGID103496,Umesh Kulkarni,1992-04-19,1,4,0,2017-11-14
3498,8,172,11,3,KGID103497,Dinesh Patil,1989-06-17,1,6,0,2018-09-16
3499,8,172,11,3,KGID103498,Nagaveni Jadhav,1976-04-16,2,3,0,1995-11-24
3500,8,172,11,3,KGID103499,Sandeep Iyer,1997-06-26,1,5,0,1997-07-07
3501,8,172,12,3,KGID103500,Lokesh Reddy,1987-03-13,1,4,0,2023-06-01
3502,8,172,12,3,KGID103501,Prakash Kulkarni,1981-10-30,1,1,0,2016-05-06
3503,8,172,12,3,KGID103502,Sunita Naik,1999-09-13,2,7,0,2008-03-18
3504,8,172,12,3,KGID103503,Suresh Jadhav,1996-04-05,1,5,0,2003-05-23
3505,8,172,12,3,KGID103504,Manjunath Kulkarni,1990-03-18,1,7,0,2013-08-25
3506,8,172,12,3,KGID103505,Manjunath Jadhav,1994-09-27,1,1,0,2005-04-13
3507,8,172,12,3,KGID103506,Manjunath Bhat,1981-09-26,1,2,0,2009-04-17
3508,8,172,12,3,KGID103507,Raghavendra Bhat,1985-12-12,1,7,0,2006-03-15
3509,8,173,8,2,KGID103508,Ramesh Achar,1981-08-30,1,4,0,2006-04-19
3510,8,173,9,1,KGID103509,Chandrashekar Patil,1995-12-31,1,3,0,2002-05-07
3511,8,173,9,1,KGID103510,Prakash Kamath,1987-01-27,1,1,0,2020-10-02
3512,8,173,10,3,KGID103511,Prakash Reddy,1990-11-25,1,7,0,2006-04-02
3513,8,173,10,3,KGID103512,Sandeep Gowda,1997-04-21,1,8,1,1999-11-01
3514,8,173,11,3,KGID103513,Umesh Kumar,1989-06-25,1,1,0,2001-12-20
3515,8,173,11,3,KGID103514,Sowmya Jadhav,1997-09-17,2,3,0,2008-10-22
3516,8,173,11,3,KGID103515,Krishna Hiremath,1982-09-15,1,7,0,2016-08-16
3517,8,173,11,3,KGID103516,Kiran Iyer,1982-05-24,1,1,0,2022-08-31
3518,8,173,11,3,KGID103517,Umesh Hiremath,1991-05-19,1,4,0,2007-06-09
3519,8,173,11,3,KGID103518,Ravi Desai,1995-07-19,1,8,0,2012-05-21
3520,8,173,11,3,KGID103519,Kavya Iyer,1998-10-12,2,6,0,1997-09-19
3521,8,173,12,3,KGID103520,Dinesh Naik,2003-01-23,1,6,0,2013-05-24
3522,8,173,12,3,KGID103521,Vijay Nayak,2002-04-13,1,5,0,2008-09-14
3523,8,173,12,3,KGID103522,Girish Kumar,1995-07-04,1,2,0,2007-04-06
3524,8,173,12,3,KGID103523,Pradeep Reddy,1995-05-06,1,4,0,2022-11-11
3525,8,173,12,3,KGID103524,Anand Kulkarni,1994-12-14,1,2,0,2017-06-12
3526,8,173,12,3,KGID103525,Manoj Naik,1980-06-24,1,8,0,2006-11-29
3527,8,173,12,3,KGID103526,Suresh Reddy,1990-02-27,1,4,0,2009-04-05
3528,8,173,12,3,KGID103527,Mahesh Hiremath,1995-02-21,1,5,0,2015-07-06
3529,8,173,12,3,KGID103528,Radha Achar,1989-03-21,2,7,0,2014-12-23
3530,8,173,12,3,KGID103529,Basavaraj Kamath,2004-12-03,1,6,0,2010-09-16
3531,8,173,12,3,KGID103530,Umesh Kumar,1980-05-01,1,6,0,2007-09-22
3532,8,173,12,3,KGID103531,Srinivas Reddy,1989-07-06,1,8,0,2009-10-15
3533,8,173,12,3,KGID103532,Kiran Naik,1988-06-22,1,3,0,2006-09-22
3534,8,173,12,3,KGID103533,Lokesh Devaraj,2002-07-21,1,3,0,2006-07-02
3535,8,174,8,2,KGID103534,Chandrashekar Bhat,1990-10-12,1,2,0,2014-11-19
3536,8,174,9,2,KGID103535,Rajesh Poojary,1980-09-07,1,1,0,2005-05-30
3537,8,174,9,1,KGID103536,Umesh Desai,1993-08-08,1,5,0,2014-06-22
3538,8,174,9,1,KGID103537,Nagaraj Jadhav,1996-07-15,1,5,0,2000-03-20
3539,8,174,10,3,KGID103538,Mahesh Patil,1980-05-07,1,8,1,2015-11-07
3540,8,174,10,3,KGID103539,Vijay Kumar,2000-10-16,1,7,0,2018-11-25
3541,8,174,11,3,KGID103540,Krishna Kumar,1999-02-11,1,4,0,1997-08-15
3542,8,174,11,3,KGID103541,Chandrashekar Naik,1992-08-21,1,5,0,2002-05-07
3543,8,174,11,3,KGID103542,Raghavendra Gowda,1995-01-18,1,3,0,2008-05-20
3544,8,174,11,3,KGID103543,Raghavendra Hegde,1978-11-09,1,4,0,2006-06-13
3545,8,174,11,3,KGID103544,Lokesh Gowda,2001-10-21,1,7,0,2010-07-11
3546,8,174,11,3,KGID103545,Mahesh Poojary,1996-11-09,1,8,0,2006-10-02
3547,8,174,11,3,KGID103546,Mahesh Patil,1982-07-02,1,1,0,2010-06-08
3548,8,174,12,3,KGID103547,Naveen Naik,1994-06-21,1,3,0,2016-08-14
3549,8,174,12,3,KGID103548,Vinay Kamath,2000-10-30,1,1,0,2002-09-17
3550,8,174,12,3,KGID103549,Santosh Achar,1998-05-28,1,8,0,2010-03-28
3551,8,174,12,3,KGID103550,Umesh Kulkarni,1982-01-03,1,2,0,2020-05-05
3552,8,174,12,3,KGID103551,Prakash Nayak,1984-08-08,1,5,0,2015-06-12
3553,8,174,12,3,KGID103552,Manjunath Kulkarni,1999-09-21,1,5,0,2016-07-08
3554,8,174,12,3,KGID103553,Umesh Poojary,1993-05-31,1,1,0,2014-10-25
3555,8,174,12,3,KGID103554,Chandrashekar Shetty,1992-09-04,1,2,0,2008-11-01
3556,8,174,12,3,KGID103555,Rekha Iyer,1980-07-13,2,6,0,2000-06-26
3557,8,174,12,3,KGID103556,Dinesh Kulkarni,1999-02-14,1,7,0,2018-04-30
3558,8,174,12,3,KGID103557,Ravi Shetty,1996-11-21,1,6,1,2014-12-12
3559,8,175,8,2,KGID103558,Sandeep Nayak,1987-07-19,1,5,0,2021-09-18
3560,8,175,9,1,KGID103559,Basavaraj Rao,1991-04-03,1,4,0,2011-05-04
3561,8,175,10,3,KGID103560,Santosh Patil,1991-05-14,1,5,0,1999-09-07
3562,8,175,10,3,KGID103561,Nagaraj Desai,1992-06-29,1,5,0,2000-11-26
3563,8,175,10,3,KGID103562,Prakash Nayak,1994-10-24,1,8,0,2012-11-18
3564,8,175,11,3,KGID103563,Girish Patil,1987-03-15,1,3,0,1997-07-30
3565,8,175,11,3,KGID103564,Shivakumar Devaraj,2001-08-11,1,4,0,2023-03-10
3566,8,175,11,3,KGID103565,Vijay Shetty,1981-06-03,1,1,0,2010-11-18
3567,8,175,11,3,KGID103566,Suresh Kumar,1976-07-05,1,8,0,2007-12-11
3568,8,175,12,3,KGID103567,Manjunath Iyer,2002-07-31,1,2,0,2017-03-11
3569,8,175,12,3,KGID103568,Anand Achar,1996-09-12,1,3,0,2010-05-04
3570,8,175,12,3,KGID103569,Nandini Kulkarni,2004-05-02,2,2,0,2006-11-28
3571,8,175,12,3,KGID103570,Shivakumar Achar,1983-06-18,1,5,0,2003-04-14
3572,8,175,12,3,KGID103571,Harish Jadhav,1980-05-24,1,1,0,2022-06-08
3573,8,175,12,3,KGID103572,Santosh Patil,1991-03-19,1,6,0,2002-09-28
3574,8,175,12,3,KGID103573,Ravi Poojary,1999-01-11,1,1,0,2000-09-29
3575,8,175,12,3,KGID103574,Mahesh Iyer,1998-12-11,1,6,0,2018-04-21
3576,8,175,12,3,KGID103575,Naveen Devaraj,2004-01-26,1,2,0,2013-10-26
3577,8,175,12,3,KGID103576,Yogesh Naik,2000-12-24,1,2,0,2011-06-10
3578,8,175,12,3,KGID103577,Basavaraj Gowda,1996-07-28,1,2,0,2000-03-24
3579,8,175,12,3,KGID103578,Umesh Hiremath,1992-06-05,1,3,0,2016-09-20
3580,8,176,8,2,KGID103579,Santosh Bhandari,1989-12-21,1,3,0,2022-07-23
3581,8,176,9,1,KGID103580,Basavaraj Gowda,1994-12-15,1,2,0,2012-06-25
3582,8,176,9,1,KGID103581,Pradeep Shetty,1980-12-19,1,5,0,2021-11-05
3583,8,176,10,3,KGID103582,Girish Hegde,1994-09-16,1,3,0,2005-11-16
3584,8,176,10,3,KGID103583,Naveen Hegde,1984-07-01,1,5,0,2020-09-15
3585,8,176,10,3,KGID103584,Basavaraj Shetty,1987-01-28,1,5,0,2014-07-18
3586,8,176,11,3,KGID103585,Srinivas Kulkarni,1989-08-10,1,7,0,1999-08-09
3587,8,176,11,3,KGID103586,Mahesh Achar,1996-08-25,1,4,0,2005-04-19
3588,8,176,11,3,KGID103587,Nagaraj Hegde,1978-12-16,1,7,0,2000-03-15
3589,8,176,11,3,KGID103588,Vinay Bhandari,1981-02-02,1,6,0,2008-09-03
3590,8,176,11,3,KGID103589,Sandeep Patil,1986-09-14,1,6,0,2012-06-11
3591,8,176,11,3,KGID103590,Gopal Patil,1989-06-17,1,5,0,2012-07-18
3592,8,176,11,3,KGID103591,Umesh Hiremath,1989-10-21,1,1,0,2012-08-31
3593,8,176,11,3,KGID103592,Vinay Desai,1988-06-10,1,6,0,2014-11-12
3594,8,176,12,3,KGID103593,Naveen Devaraj,1992-03-17,1,8,0,2001-07-02
3595,8,176,12,3,KGID103594,Dinesh Hegde,1996-06-20,1,6,0,2010-07-27
3596,8,176,12,3,KGID103595,Basavaraj Bhandari,1986-01-18,1,6,0,2001-06-13
3597,8,176,12,3,KGID103596,Yogesh Bhandari,2000-08-11,1,3,0,2017-06-19
3598,8,176,12,3,KGID103597,Harish Kulkarni,1994-05-10,1,7,0,2021-10-14
3599,8,176,12,3,KGID103598,Shivakumar Nayak,1981-02-25,1,4,0,2006-09-14
3600,8,176,12,3,KGID103599,Vijay Achar,1995-06-12,1,4,0,2006-07-22
3601,8,176,12,3,KGID103600,Manoj Jadhav,2004-06-08,1,3,0,2020-06-15
3602,8,177,9,2,KGID103601,Rajesh Patil,1979-02-19,1,7,0,2016-03-30
3603,8,177,9,1,KGID103602,Prakash Poojary,1992-01-30,1,4,0,2007-11-25
3604,8,177,9,1,KGID103603,Pallavi Shetty,1997-12-24,2,8,0,2016-12-23
3605,8,177,10,3,KGID103604,Pradeep Gowda,1999-05-11,1,2,0,2001-10-14
3606,8,177,10,3,KGID103605,Anand Gowda,1981-06-09,1,3,0,1997-05-07
3607,8,177,10,3,KGID103606,Basavaraj Kumar,1992-03-21,1,5,0,2017-11-04
3608,8,177,11,3,KGID103607,Rajesh Kulkarni,1995-03-11,1,7,0,1999-08-09
3609,8,177,11,3,KGID103608,Manoj Bhandari,1981-08-22,1,3,0,1997-10-27
3610,8,177,11,3,KGID103609,Girish Shetty,1979-08-14,1,2,0,2012-06-11
3611,8,177,11,3,KGID103610,Ravi Shetty,1978-03-19,1,7,0,1996-08-08
3612,8,177,11,3,KGID103611,Dinesh Kumar,1993-04-25,1,3,0,1996-11-29
3613,8,177,11,3,KGID103612,Gopal Kulkarni,1979-06-30,1,2,0,2001-08-11
3614,8,177,11,3,KGID103613,Dinesh Jadhav,1987-01-31,1,4,0,2023-06-06
3615,8,177,12,3,KGID103614,Prakash Poojary,1997-03-06,1,2,0,2020-12-17
3616,8,177,12,3,KGID103615,Chandrashekar Hegde,1980-03-25,1,5,0,2023-11-05
3617,8,177,12,3,KGID103616,Santosh Nayak,2003-11-26,1,5,0,2017-09-10
3618,8,177,12,3,KGID103617,Dinesh Nayak,1983-06-11,1,2,0,2008-09-22
3619,8,177,12,3,KGID103618,Manjunath Naik,1986-04-06,1,2,0,2001-08-25
3620,8,177,12,3,KGID103619,Manjunath Nayak,1989-03-08,1,2,0,2017-12-15
3621,8,177,12,3,KGID103620,Lakshmi Naik,2004-08-14,2,5,0,2005-11-25
3622,8,177,12,3,KGID103621,Anand Achar,1999-12-19,1,7,0,2019-04-07
3623,8,177,12,3,KGID103622,Krishna Kamath,1992-04-05,1,1,0,2022-11-26
3624,8,177,12,3,KGID103623,Vijay Iyer,2000-11-05,1,5,0,2017-08-24
3625,8,177,12,3,KGID103624,Girish Patil,2000-12-07,1,7,0,2017-07-24
3626,8,177,12,3,KGID103625,Yogesh Bhandari,1989-03-26,1,2,0,2002-11-19
3627,8,177,12,3,KGID103626,Shivakumar Desai,1987-06-29,1,2,0,2022-11-23
3628,8,177,12,3,KGID103627,Krishna Reddy,2002-04-28,1,2,0,2020-09-20
3629,8,177,12,3,KGID103628,Krishna Kulkarni,1995-12-31,1,1,0,2019-08-01
3630,8,177,12,3,KGID103629,Raghavendra Patil,1988-03-31,1,2,0,2003-11-23
3631,8,177,12,3,KGID103630,Shivakumar Reddy,1987-05-20,1,8,0,2003-08-07
3632,8,178,8,2,KGID103631,Umesh Hiremath,1978-09-25,1,6,0,2010-05-07
3633,8,178,9,1,KGID103632,Santosh Jadhav,1990-06-04,1,2,0,2017-11-28
3634,8,178,9,1,KGID103633,Dinesh Poojary,1984-08-09,1,2,0,2004-11-11
3635,8,178,10,3,KGID103634,Kavya Bhat,1991-10-15,2,5,0,2016-10-18
3636,8,178,10,3,KGID103635,Lokesh Iyer,1998-01-09,1,4,0,2016-11-22
3637,8,178,11,3,KGID103636,Dinesh Rao,1988-03-10,1,7,0,2002-05-31
3638,8,178,11,3,KGID103637,Shivakumar Rao,1984-09-03,1,6,0,1997-07-16
3639,8,178,11,3,KGID103638,Krishna Patil,1981-05-02,1,1,0,2000-08-01
3640,8,178,11,3,KGID103639,Lokesh Kulkarni,1990-08-18,1,5,0,2008-12-03
3641,8,178,11,3,KGID103640,Vijay Bhandari,1990-06-05,1,4,0,2011-08-14
3642,8,178,11,3,KGID103641,Mahesh Kulkarni,2001-07-01,1,6,0,2020-07-12
3643,8,178,11,3,KGID103642,Pradeep Hiremath,1989-09-25,1,5,0,2012-07-02
3644,8,178,12,3,KGID103643,Nagaveni Reddy,1999-05-23,2,7,0,2003-11-24
3645,8,178,12,3,KGID103644,Nagaraj Gowda,1980-02-12,1,5,0,2012-06-11
3646,8,178,12,3,KGID103645,Manjunath Devaraj,2004-05-07,1,5,0,2023-12-12
3647,8,178,12,3,KGID103646,Harish Achar,1998-01-05,1,3,0,2011-04-20
3648,8,178,12,3,KGID103647,Krishna Gowda,1982-04-24,1,1,0,2009-11-14
3649,8,178,12,3,KGID103648,Dinesh Nayak,1991-06-14,1,2,0,2006-12-07
3650,8,178,12,3,KGID103649,Mahesh Rao,1987-10-30,1,4,0,2023-05-06
3651,8,178,12,3,KGID103650,Shobha Hegde,2001-11-05,2,3,0,2012-10-14
3652,8,178,12,3,KGID103651,Raghavendra Gowda,1999-10-10,1,5,0,2006-10-19
3653,8,179,8,5,KGID103652,Suresh Gowda,1981-10-05,1,5,0,2012-08-05
3654,8,179,9,1,KGID103653,Radha Bhat,1982-08-27,2,2,0,2009-11-07
3655,8,179,9,1,KGID103654,Sandeep Iyer,1992-07-15,1,4,0,2002-12-23
3656,8,179,10,3,KGID103655,Gopal Reddy,1986-10-28,1,1,0,2018-04-07
3657,8,179,10,3,KGID103656,Yogesh Jadhav,1987-08-15,1,1,0,2020-07-02
3658,8,179,10,3,KGID103657,Shobha Jadhav,1986-04-17,2,1,0,2016-12-20
3659,8,179,11,3,KGID103658,Lokesh Iyer,2001-08-06,1,4,0,2020-08-08
3660,8,179,11,3,KGID103659,Rajesh Hiremath,1982-07-25,1,2,0,1996-11-05
3661,8,179,11,3,KGID103660,Mahesh Kulkarni,1993-08-14,1,5,0,2008-03-27
3662,8,179,11,3,KGID103661,Naveen Patil,1981-11-07,1,4,0,2006-12-19
3663,8,179,11,3,KGID103662,Harish Gowda,1994-07-16,1,4,0,2008-03-25
3664,8,179,11,3,KGID103663,Prakash Hegde,1983-11-13,1,8,0,2002-10-25
3665,8,179,11,3,KGID103664,Ravi Iyer,1994-06-16,1,6,0,2004-03-18
3666,8,179,11,3,KGID103665,Gopal Bhandari,1990-05-02,1,5,0,1998-07-02
3667,8,179,12,3,KGID103666,Gopal Gowda,2004-04-02,1,7,0,2015-10-01
3668,8,179,12,3,KGID103667,Manjula Bhat,1991-03-25,2,3,0,2003-12-13
3669,8,179,12,3,KGID103668,Manjunath Naik,1987-06-05,1,7,0,2023-06-23
3670,8,179,12,3,KGID103669,Pradeep Nayak,1990-09-08,1,6,0,2016-05-17
3671,8,179,12,3,KGID103670,Basavaraj Kulkarni,2003-11-25,1,7,0,2011-07-27
3672,8,179,12,3,KGID103671,Manjunath Devaraj,1997-06-07,1,1,0,2002-03-27
3673,8,179,12,3,KGID103672,Vinay Shetty,1997-02-16,1,8,0,2023-04-15
3674,8,179,12,3,KGID103673,Raghavendra Nayak,1985-03-02,1,5,0,2018-06-14
3675,8,180,9,6,KGID103674,Anand Devaraj,1992-07-27,1,3,0,1999-01-04
3676,8,180,9,1,KGID103675,Raghavendra Hiremath,1995-09-02,1,1,0,2018-09-17
3677,8,180,10,3,KGID103676,Raghavendra Kumar,1992-11-29,1,6,0,2009-11-02
3678,8,180,10,3,KGID103677,Anand Iyer,1988-03-08,1,6,0,2020-07-19
3679,8,180,11,3,KGID103678,Pallavi Bhandari,1983-12-28,2,7,0,2011-10-08
3680,8,180,11,3,KGID103679,Suresh Hegde,1993-10-16,1,4,0,2012-05-18
3681,8,180,11,3,KGID103680,Dinesh Kamath,1997-02-24,1,5,0,1998-07-19
3682,8,180,11,3,KGID103681,Lokesh Reddy,1994-11-27,1,7,0,2013-04-04
3683,8,180,11,3,KGID103682,Srinivas Achar,1993-12-29,1,7,0,1997-10-29
3684,8,180,11,3,KGID103683,Ramesh Rao,1979-03-02,1,2,0,2004-11-21
3685,8,180,11,3,KGID103684,Ravi Devaraj,1996-03-06,1,2,0,2019-10-28
3686,8,180,11,3,KGID103685,Nagaraj Hegde,1984-10-12,1,3,0,1995-11-09
3687,8,180,12,3,KGID103686,Umesh Gowda,1992-03-05,1,7,0,2017-05-05
3688,8,180,12,3,KGID103687,Prakash Hegde,2000-07-09,1,3,0,2022-09-14
3689,8,180,12,3,KGID103688,Naveen Reddy,1995-04-11,1,1,0,2013-01-01
3690,8,180,12,3,KGID103689,Gopal Hegde,1983-03-18,1,4,0,2022-11-09
3691,8,180,12,3,KGID103690,Manjunath Kamath,1985-09-17,1,1,1,2008-05-01
3692,8,180,12,3,KGID103691,Deepa Achar,1984-12-30,2,2,0,2018-03-12
3693,8,180,12,3,KGID103692,Kiran Desai,1999-07-17,1,2,0,2011-08-15
3694,8,180,12,3,KGID103693,Ravi Kulkarni,1993-07-11,1,3,0,2004-08-01
3695,8,180,12,3,KGID103694,Basavaraj Hegde,1995-07-16,1,2,0,2000-09-18
3696,8,180,12,3,KGID103695,Nandini Patil,1984-02-24,2,5,0,2009-05-12
3697,8,180,12,3,KGID103696,Sandeep Hegde,1995-05-28,1,8,0,2000-08-13
3698,8,180,12,3,KGID103697,Pradeep Bhat,1981-11-12,1,4,0,2004-08-08
3699,8,180,12,3,KGID103698,Yogesh Achar,1982-11-19,1,7,0,2021-05-16
3700,8,180,12,3,KGID103699,Dinesh Desai,1994-12-10,1,7,0,2012-10-06
3701,8,180,12,3,KGID103700,Manjunath Iyer,2004-03-17,1,8,0,2018-03-26
3702,8,180,12,3,KGID103701,Basavaraj Reddy,1991-02-04,1,4,0,2021-12-03
3703,8,181,8,4,KGID103702,Dinesh Kulkarni,1985-05-11,1,1,0,2003-04-02
3704,8,181,9,4,KGID103703,Santosh Reddy,1977-06-08,1,3,0,2017-07-16
3705,8,181,9,1,KGID103704,Gopal Reddy,1984-11-08,1,2,0,2006-07-08
3706,8,181,10,3,KGID103705,Harish Hiremath,1988-02-19,1,6,0,2007-08-14
3707,8,181,10,3,KGID103706,Umesh Reddy,1985-11-29,1,5,0,2021-08-09
3708,8,181,11,3,KGID103707,Ramesh Iyer,2000-12-23,1,4,0,2000-09-04
3709,8,181,11,3,KGID103708,Umesh Hegde,1984-03-27,1,2,0,2001-10-23
3710,8,181,11,3,KGID103709,Umesh Poojary,1993-05-30,1,7,0,2012-04-22
3711,8,181,11,3,KGID103710,Vani Kumar,1997-05-07,2,8,0,1999-04-09
3712,8,181,11,3,KGID103711,Shivakumar Bhandari,1995-01-24,1,2,0,2008-06-08
3713,8,181,11,3,KGID103712,Suresh Kumar,1991-09-24,1,2,0,2007-10-27
3714,8,181,11,3,KGID103713,Rajesh Bhat,1980-12-27,1,3,0,1997-06-24
3715,8,181,11,3,KGID103714,Ramesh Hegde,1989-08-13,1,6,0,2018-05-28
3716,8,181,12,3,KGID103715,Shivakumar Bhat,2000-05-02,1,4,0,2018-08-13
3717,8,181,12,3,KGID103716,Shivakumar Poojary,1997-05-02,1,8,0,2012-06-18
3718,8,181,12,3,KGID103717,Raghavendra Bhandari,1996-04-12,1,7,0,2009-04-19
3719,8,181,12,3,KGID103718,Sandeep Kumar,1996-03-18,1,1,0,2014-06-30
3720,8,181,12,3,KGID103719,Mahesh Bhandari,1984-11-01,1,3,0,2014-01-02
3721,8,181,12,3,KGID103720,Lokesh Iyer,1991-07-26,1,2,0,2011-04-07
3722,8,181,12,3,KGID103721,Pradeep Kulkarni,1983-12-15,1,7,0,2010-11-02
3723,8,181,12,3,KGID103722,Kiran Gowda,1999-03-08,1,8,0,2016-07-24
3724,8,181,12,3,KGID103723,Umesh Reddy,1998-08-29,1,2,0,2002-08-23
3725,8,181,12,3,KGID103724,Krishna Gowda,2001-08-05,1,3,0,2010-06-29
3726,8,181,12,3,KGID103725,Anand Gowda,1998-08-11,1,5,0,2008-05-14
3727,9,187,9,2,KGID103726,Nagaraj Kumar,1979-05-20,1,5,0,1996-10-30
3728,9,187,8,2,KGID103727,Harish Kamath,1983-12-30,1,3,0,2017-09-08
3729,9,187,9,1,KGID103728,Pradeep Hegde,1985-04-01,1,4,0,2002-10-26
3730,9,187,10,3,KGID103729,Lokesh Bhandari,1977-10-25,1,5,0,2001-12-10
3731,9,187,10,3,KGID103730,Pradeep Kulkarni,1978-06-24,1,1,0,2008-06-15
3732,9,187,11,3,KGID103731,Umesh Hiremath,1988-02-22,1,7,0,2016-10-24
3733,9,187,11,3,KGID103732,Ravi Naik,1998-12-04,1,5,0,2019-10-18
3734,9,187,11,3,KGID103733,Pradeep Jadhav,1993-11-05,1,4,0,2011-08-29
3735,9,187,11,3,KGID103734,Dinesh Bhandari,1977-09-26,1,7,0,2010-05-19
3736,9,187,11,3,KGID103735,Srinivas Poojary,1976-04-27,1,8,0,2018-04-02
3737,9,187,12,3,KGID103736,Savitri Gowda,1984-11-28,2,6,0,2001-09-24
3738,9,187,12,3,KGID103737,Krishna Kamath,1996-03-03,1,3,0,2014-05-27
3739,9,187,12,3,KGID103738,Kiran Naik,1993-06-08,1,2,0,2015-03-20
3740,9,187,12,3,KGID103739,Geetha Bhandari,2000-08-26,2,4,0,2004-07-01
3741,9,187,12,3,KGID103740,Krishna Iyer,1985-01-10,1,5,0,2021-11-08
3742,9,187,12,3,KGID103741,Nandini Naik,1989-07-17,2,4,0,2007-12-07
3743,9,187,12,3,KGID103742,Manjula Nayak,1981-04-26,2,2,0,2005-12-19
3744,9,187,12,3,KGID103743,Nagaraj Poojary,2003-08-20,1,7,0,2016-12-02
3745,9,188,9,2,KGID103744,Girish Hiremath,1995-01-22,1,2,0,2017-07-18
3746,9,188,8,2,KGID103745,Nagaraj Hiremath,1982-08-06,1,1,0,2009-07-26
3747,9,188,9,1,KGID103746,Lokesh Poojary,1980-02-19,1,6,0,2023-11-11
3748,9,188,10,3,KGID103747,Anand Nayak,1986-11-15,1,1,0,2008-05-20
3749,9,188,10,3,KGID103748,Rajesh Kumar,1981-12-23,1,7,0,2019-05-12
3750,9,188,11,3,KGID103749,Yogesh Kumar,1985-01-20,1,7,0,2006-09-24
3751,9,188,11,3,KGID103750,Rajesh Hiremath,1990-04-20,1,7,0,2011-06-02
3752,9,188,11,3,KGID103751,Nagaveni Bhat,1983-03-25,2,4,0,2008-06-22
3753,9,188,11,3,KGID103752,Umesh Naik,1996-06-10,1,6,0,2021-05-04
3754,9,188,12,3,KGID103753,Girish Nayak,1994-04-09,1,6,0,2017-06-26
3755,9,188,12,3,KGID103754,Shivakumar Kulkarni,2002-03-11,1,3,0,2012-06-02
3756,9,188,12,3,KGID103755,Gopal Bhandari,1997-07-05,1,3,0,2016-08-30
3757,9,188,12,3,KGID103756,Prakash Kulkarni,1992-06-18,1,8,0,2002-10-27
3758,9,188,12,3,KGID103757,Anand Nayak,2003-12-03,1,7,0,2002-07-22
3759,9,188,12,3,KGID103758,Sandeep Shetty,1989-03-06,1,1,0,2018-01-01
3760,9,188,12,3,KGID103759,Krishna Kulkarni,1988-07-19,1,3,0,2017-10-15
3761,9,188,12,3,KGID103760,Rajesh Hegde,1992-06-02,1,5,0,2005-03-26
3762,9,189,9,2,KGID103761,Basavaraj Hiremath,1975-12-13,1,6,0,2018-07-24
3763,9,189,9,1,KGID103762,Rajesh Jadhav,1986-11-17,1,8,0,2017-01-01
3764,9,189,10,3,KGID103763,Basavaraj Gowda,2000-04-07,1,8,0,2005-05-10
3765,9,189,10,3,KGID103764,Yogesh Desai,1993-03-30,1,8,0,2001-10-14
3766,9,189,10,3,KGID103765,Manjula Reddy,1977-11-14,2,6,0,2020-04-21
3767,9,189,11,3,KGID103766,Lokesh Poojary,1978-05-11,1,4,1,2003-04-24
3768,9,189,11,3,KGID103767,Lokesh Patil,1982-12-11,1,3,0,2023-05-21
3769,9,189,11,3,KGID103768,Shobha Shetty,1975-11-02,2,5,0,2001-08-18
3770,9,189,11,3,KGID103769,Nagaraj Desai,1986-09-22,1,8,0,1995-12-14
3771,9,189,11,3,KGID103770,Lokesh Kumar,1998-02-25,1,8,0,1997-06-04
3772,9,189,11,3,KGID103771,Nagaraj Poojary,1990-01-11,1,7,0,2004-05-29
3773,9,189,11,3,KGID103772,Vijay Hegde,1988-08-11,1,4,0,2022-06-23
3774,9,189,12,3,KGID103773,Basavaraj Rao,1996-12-30,1,5,0,2023-06-29
3775,9,189,12,3,KGID103774,Girish Kulkarni,1983-07-01,1,4,0,2002-07-05
3776,9,189,12,3,KGID103775,Manjunath Nayak,1999-11-03,1,4,0,2021-03-12
3777,9,189,12,3,KGID103776,Nagaraj Devaraj,1983-01-05,1,8,0,2009-12-26
3778,9,189,12,3,KGID103777,Yogesh Bhandari,1991-12-15,1,2,0,2020-07-15
3779,9,189,12,3,KGID103778,Suresh Patil,1994-12-20,1,7,0,2000-11-19
3780,9,189,12,3,KGID103779,Vijay Naik,2000-06-06,1,3,0,2023-12-18
3781,9,189,12,3,KGID103780,Dinesh Nayak,1987-03-24,1,8,0,2001-09-23
3782,9,189,12,3,KGID103781,Santosh Iyer,1985-05-22,1,5,0,2006-09-24
3783,9,189,12,3,KGID103782,Krishna Patil,1982-09-28,1,3,0,2012-04-28
3784,9,189,12,3,KGID103783,Manjunath Nayak,1986-06-18,1,7,0,2008-03-20
3785,9,190,9,2,KGID103784,Dinesh Hegde,1977-06-28,1,3,0,1996-08-16
3786,9,190,9,1,KGID103785,Sandeep Achar,1993-11-23,1,7,0,2008-10-26
3787,9,190,10,3,KGID103786,Anand Iyer,1984-10-30,1,5,0,2014-06-17
3788,9,190,10,3,KGID103787,Dinesh Reddy,1982-10-18,1,5,1,2000-04-27
3789,9,190,10,3,KGID103788,Ravi Jadhav,1999-01-20,1,7,0,2000-10-27
3790,9,190,11,3,KGID103789,Rajesh Gowda,1999-08-05,1,6,0,2002-06-28
3791,9,190,11,3,KGID103790,Vinay Shetty,2001-03-26,1,3,0,1999-07-19
3792,9,190,11,3,KGID103791,Manoj Naik,1998-06-16,1,4,0,2003-09-26
3793,9,190,11,3,KGID103792,Chandrashekar Kamath,1991-06-08,1,4,0,1996-09-19
3794,9,190,12,3,KGID103793,Gopal Naik,2002-12-08,1,4,0,2022-12-14
3795,9,190,12,3,KGID103794,Rajesh Devaraj,1990-04-18,1,1,0,2021-01-01
3796,9,190,12,3,KGID103795,Manjunath Iyer,1984-09-14,1,3,0,2013-08-15
3797,9,190,12,3,KGID103796,Suresh Nayak,2003-02-22,1,4,0,2000-09-12
3798,9,190,12,3,KGID103797,Jayashree Poojary,1991-06-06,2,3,0,2021-08-31
3799,9,190,12,3,KGID103798,Basavaraj Reddy,1984-12-29,1,7,0,2007-11-25
3800,9,190,12,3,KGID103799,Krishna Nayak,1993-03-22,1,8,0,2014-05-15
3801,9,190,12,3,KGID103800,Suresh Bhat,1993-09-18,1,4,0,2021-11-18
3802,9,190,12,3,KGID103801,Yogesh Shetty,1981-09-08,1,8,0,2023-05-26
3803,9,190,12,3,KGID103802,Gopal Kumar,1995-10-29,1,5,0,2020-03-23
3804,9,190,12,3,KGID103803,Mahesh Bhat,1991-03-05,1,1,0,2016-05-06
3805,9,190,12,3,KGID103804,Yogesh Kumar,2001-06-13,1,8,0,2008-06-01
3806,9,190,12,3,KGID103805,Pushpa Achar,2000-02-05,2,4,0,2007-04-04
3807,9,190,12,3,KGID103806,Ravi Patil,1988-02-04,1,7,0,2002-07-08
3808,9,190,12,3,KGID103807,Naveen Bhandari,1984-10-20,1,3,0,2009-06-14
3809,9,191,9,2,KGID103808,Ravi Bhandari,1984-05-28,1,4,0,2007-04-18
3810,9,191,9,2,KGID103809,Naveen Rao,1995-06-20,1,1,0,1997-07-26
3811,9,191,9,1,KGID103810,Gopal Jadhav,1981-03-19,1,2,0,2016-07-25
3812,9,191,9,1,KGID103811,Ramesh Reddy,1989-02-25,1,7,0,2008-05-05
3813,9,191,10,3,KGID103812,Ravi Jadhav,1981-05-03,1,4,0,2011-08-07
3814,9,191,10,3,KGID103813,Ravi Patil,1989-04-12,1,5,0,2023-07-24
3815,9,191,10,3,KGID103814,Shivakumar Desai,1986-11-16,1,4,0,1999-06-24
3816,9,191,11,3,KGID103815,Savitri Bhat,1975-11-03,2,2,0,2005-07-10
3817,9,191,11,3,KGID103816,Sandeep Devaraj,1987-11-30,1,7,0,2003-11-10
3818,9,191,11,3,KGID103817,Ravi Kamath,1981-07-11,1,3,0,1999-12-17
3819,9,191,11,3,KGID103818,Vijay Kulkarni,1982-01-16,1,8,0,2003-10-07
3820,9,191,11,3,KGID103819,Harish Gowda,1987-12-16,1,3,0,2003-09-10
3821,9,191,12,3,KGID103820,Shivakumar Gowda,2004-11-03,1,2,0,2020-10-18
3822,9,191,12,3,KGID103821,Vinay Rao,1992-02-23,1,1,0,2022-04-25
3823,9,191,12,3,KGID103822,Anitha Rao,1984-03-09,2,4,0,2012-10-20
3824,9,191,12,3,KGID103823,Harish Jadhav,1991-03-06,1,1,0,2017-11-04
3825,9,191,12,3,KGID103824,Ravi Reddy,2003-12-31,1,5,0,2008-09-27
3826,9,191,12,3,KGID103825,Basavaraj Nayak,1992-02-10,1,8,0,2001-06-05
3827,9,191,12,3,KGID103826,Deepa Desai,1989-02-18,2,2,0,2014-12-23
3828,9,191,12,3,KGID103827,Dinesh Kamath,1980-08-23,1,6,0,2014-06-18
3829,9,191,12,3,KGID103828,Savitri Jadhav,1983-05-03,2,8,0,2015-12-10
3830,9,191,12,3,KGID103829,Nagaraj Hegde,1993-02-12,1,5,0,2014-08-28
3831,9,192,8,2,KGID103830,Krishna Jadhav,1989-06-29,1,7,0,2003-06-02
3832,9,192,9,1,KGID103831,Vijay Shetty,1983-10-02,1,5,0,2002-08-23
3833,9,192,10,3,KGID103832,Mahesh Rao,1993-02-04,1,7,0,2012-03-30
3834,9,192,10,3,KGID103833,Vijay Iyer,1994-05-31,1,4,0,2011-08-05
3835,9,192,11,3,KGID103834,Vijay Desai,1980-05-21,1,1,0,2008-07-03
3836,9,192,11,3,KGID103835,Pradeep Achar,1982-08-16,1,4,0,2016-10-14
3837,9,192,11,3,KGID103836,Jayashree Kamath,1981-09-05,2,6,0,2014-09-02
3838,9,192,11,3,KGID103837,Shivakumar Naik,2000-07-08,1,6,0,2023-07-30
3839,9,192,11,3,KGID103838,Vinay Poojary,2000-03-07,1,8,0,2018-04-06
3840,9,192,11,3,KGID103839,Girish Nayak,1976-01-09,1,3,0,2022-05-13
3841,9,192,11,3,KGID103840,Gopal Naik,1977-03-10,1,8,0,1999-09-30
3842,9,192,12,3,KGID103841,Vinay Bhat,1981-05-06,1,1,0,2019-07-26
3843,9,192,12,3,KGID103842,Shivakumar Jadhav,2004-12-04,1,6,0,2010-10-27
3844,9,192,12,3,KGID103843,Raghavendra Iyer,2003-01-25,1,1,0,2020-01-01
3845,9,192,12,3,KGID103844,Shivakumar Hegde,1987-11-23,1,2,0,2014-09-19
3846,9,192,12,3,KGID103845,Sandeep Hegde,1990-03-10,1,8,0,2015-09-07
3847,9,192,12,3,KGID103846,Rajesh Kumar,1980-07-26,1,2,0,2017-11-24
3848,9,192,12,3,KGID103847,Vani Rao,1983-07-15,2,7,0,2005-12-23
3849,9,192,12,3,KGID103848,Mahesh Poojary,1990-08-27,1,3,0,2019-03-27
3850,9,192,12,3,KGID103849,Vijay Bhat,1993-11-13,1,8,0,2001-12-12
3851,9,192,12,3,KGID103850,Nagaraj Devaraj,1998-03-30,1,6,0,2001-07-12
3852,9,192,12,3,KGID103851,Rajesh Kamath,1996-02-19,1,2,0,2010-12-16
3853,9,192,12,3,KGID103852,Dinesh Devaraj,1994-11-21,1,6,0,2021-05-03
3854,9,192,12,3,KGID103853,Kiran Naik,1994-01-23,1,7,0,2016-05-16
3855,9,192,12,3,KGID103854,Ramesh Shetty,1999-04-04,1,4,0,2020-06-04
3856,9,192,12,3,KGID103855,Dinesh Iyer,1992-11-21,1,8,0,2019-11-20
3857,9,192,12,3,KGID103856,Krishna Kumar,1991-10-16,1,3,0,2010-08-27
3858,9,192,12,3,KGID103857,Prakash Hiremath,2004-04-17,1,8,0,2015-04-10
3859,9,193,8,2,KGID103858,Gopal Hegde,1979-02-28,1,2,0,2022-05-30
3860,9,193,9,2,KGID103859,Lokesh Kamath,1990-12-30,1,6,0,1998-09-10
3861,9,193,9,1,KGID103860,Shivakumar Naik,1986-05-03,1,6,0,2022-07-27
3862,9,193,9,1,KGID103861,Lokesh Achar,1981-04-10,1,8,0,2019-10-31
3863,9,193,10,3,KGID103862,Vinay Hegde,1997-10-11,1,1,0,1999-09-20
3864,9,193,10,3,KGID103863,Harish Reddy,1989-11-24,1,1,0,2002-08-11
3865,9,193,11,3,KGID103864,Nagaraj Naik,1982-09-09,1,3,0,2011-08-06
3866,9,193,11,3,KGID103865,Vinay Reddy,1976-09-13,1,8,0,2020-08-29
3867,9,193,11,3,KGID103866,Naveen Kamath,1990-05-28,1,2,0,2011-05-12
3868,9,193,11,3,KGID103867,Manoj Devaraj,1991-08-13,1,5,0,2005-12-25
3869,9,193,11,3,KGID103868,Harish Devaraj,1999-04-16,1,4,0,1996-09-27
3870,9,193,11,3,KGID103869,Krishna Naik,1982-07-05,1,3,0,2016-11-21
3871,9,193,11,3,KGID103870,Dinesh Kumar,1983-05-09,1,6,0,2008-11-06
3872,9,193,11,3,KGID103871,Nagaveni Kamath,1997-01-23,2,3,0,2005-11-09
3873,9,193,12,3,KGID103872,Umesh Rao,1994-12-07,1,2,0,2009-09-18
3874,9,193,12,3,KGID103873,Manoj Naik,2000-01-22,1,8,0,2004-11-25
3875,9,193,12,3,KGID103874,Gopal Jadhav,1985-10-23,1,4,0,2018-11-14
3876,9,193,12,3,KGID103875,Dinesh Kulkarni,2002-07-26,1,7,0,2009-09-16
3877,9,193,12,3,KGID103876,Gopal Hiremath,2001-12-24,1,8,0,2012-10-26
3878,9,193,12,3,KGID103877,Umesh Kamath,1990-02-14,1,2,0,2014-07-11
3879,9,193,12,3,KGID103878,Shivakumar Naik,1998-12-10,1,1,0,2015-08-17
3880,9,193,12,3,KGID103879,Manoj Hiremath,2000-01-04,1,4,0,2019-06-24
3881,9,193,12,3,KGID103880,Manoj Devaraj,1987-03-03,1,6,0,2022-09-15
3882,9,193,12,3,KGID103881,Chandrashekar Kulkarni,1999-03-09,1,7,0,2013-04-22
3883,9,194,8,2,KGID103882,Vinay Achar,1990-01-05,1,8,0,2004-09-23
3884,9,194,9,1,KGID103883,Kiran Reddy,1990-02-23,1,4,0,2021-04-03
3885,9,194,10,3,KGID103884,Manjunath Hegde,1983-04-28,1,3,0,2020-12-11
3886,9,194,10,3,KGID103885,Kavya Hegde,1998-12-14,2,4,0,1999-08-01
3887,9,194,10,3,KGID103886,Naveen Reddy,1999-11-17,1,1,0,2006-08-01
3888,9,194,11,3,KGID103887,Nagaraj Hegde,1984-02-09,1,3,0,2006-10-12
3889,9,194,11,3,KGID103888,Savitri Hiremath,1984-10-02,2,2,0,2002-11-29
3890,9,194,11,3,KGID103889,Sandeep Gowda,1981-06-15,1,4,0,2016-06-05
3891,9,194,11,3,KGID103890,Harish Desai,1980-02-05,1,4,0,2002-11-24
3892,9,194,11,3,KGID103891,Gopal Devaraj,1983-01-05,1,8,0,2009-04-19
3893,9,194,11,3,KGID103892,Nagaraj Reddy,1996-12-15,1,2,0,2022-12-22
3894,9,194,11,3,KGID103893,Yogesh Gowda,1979-11-22,1,8,0,1999-12-14
3895,9,194,12,3,KGID103894,Umesh Gowda,1997-08-23,1,6,0,2006-07-04
3896,9,194,12,3,KGID103895,Nagaraj Patil,1998-05-18,1,2,0,2023-04-07
3897,9,194,12,3,KGID103896,Rajesh Devaraj,1986-11-30,1,6,0,2004-08-24
3898,9,194,12,3,KGID103897,Basavaraj Kamath,1993-06-07,1,7,0,2004-05-10
3899,9,194,12,3,KGID103898,Ramesh Achar,1992-11-11,1,8,0,2004-10-03
3900,9,194,12,3,KGID103899,Kiran Hiremath,1990-05-26,1,7,0,2000-11-09
3901,9,194,12,3,KGID103900,Chandrashekar Kumar,1991-09-08,1,3,0,2005-07-09
3902,9,194,12,3,KGID103901,Radha Gowda,1980-06-30,2,6,0,2009-04-02
3903,9,194,12,3,KGID103902,Anand Hiremath,1998-05-18,1,8,0,2020-09-24
3904,9,194,12,3,KGID103903,Girish Devaraj,2003-10-14,1,7,0,2000-10-28
3905,9,194,12,3,KGID103904,Naveen Desai,1995-08-09,1,7,0,2011-06-24
3906,9,194,12,3,KGID103905,Manjunath Kulkarni,1999-01-07,1,7,0,2014-11-09
3907,9,194,12,3,KGID103906,Nagaraj Rao,1983-08-12,1,5,0,2018-11-12
3908,9,194,12,3,KGID103907,Manoj Achar,2001-03-05,1,4,0,2011-04-08
3909,9,194,12,3,KGID103908,Sandeep Nayak,1991-08-28,1,7,0,2008-12-23
3910,9,194,12,3,KGID103909,Krishna Desai,1987-03-27,1,1,0,2011-04-19
3911,9,194,12,3,KGID103910,Ravi Nayak,1987-03-30,1,4,0,2017-01-02
3912,9,195,8,2,KGID103911,Pradeep Bhat,1985-09-16,1,3,0,2001-11-28
3913,9,195,8,2,KGID103912,Yogesh Naik,1975-03-15,1,7,0,2020-10-09
3914,9,195,9,1,KGID103913,Lokesh Nayak,1992-08-18,1,1,0,2021-12-11
3915,9,195,9,1,KGID103914,Nandini Kulkarni,1995-03-18,2,3,0,2020-11-22
3916,9,195,10,3,KGID103915,Vijay Shetty,1995-08-18,1,1,0,2008-11-03
3917,9,195,10,3,KGID103916,Pradeep Poojary,1997-05-24,1,1,0,2001-03-15
3918,9,195,10,3,KGID103917,Vijay Kamath,1985-07-23,1,5,0,2002-05-23
3919,9,195,11,3,KGID103918,Srinivas Kamath,1986-08-18,1,1,0,2005-05-22
3920,9,195,11,3,KGID103919,Prakash Nayak,1997-11-14,1,7,0,2008-11-03
3921,9,195,11,3,KGID103920,Anand Kamath,1988-07-11,1,2,0,2007-11-19
3922,9,195,11,3,KGID103921,Girish Iyer,2001-05-30,1,7,0,2021-04-25
3923,9,195,11,3,KGID103922,Naveen Kamath,1998-06-13,1,8,0,2017-11-16
3924,9,195,11,3,KGID103923,Manoj Achar,1990-07-13,1,2,0,2009-10-06
3925,9,195,11,3,KGID103924,Yogesh Jadhav,1992-03-03,1,2,0,2010-09-16
3926,9,195,11,3,KGID103925,Krishna Bhandari,1975-09-27,1,1,0,2007-03-15
3927,9,195,12,3,KGID103926,Pradeep Shetty,1999-01-15,1,1,0,2022-11-05
3928,9,195,12,3,KGID103927,Rajesh Rao,1991-05-02,1,2,0,2012-09-30
3929,9,195,12,3,KGID103928,Rajesh Hegde,1982-10-04,1,2,0,2010-11-05
3930,9,195,12,3,KGID103929,Suresh Naik,1988-07-25,1,5,0,2015-03-14
3931,9,195,12,3,KGID103930,Srinivas Bhat,2003-09-04,1,5,0,2008-10-14
3932,9,195,12,3,KGID103931,Deepa Achar,1980-07-25,2,4,0,2007-09-13
3933,9,195,12,3,KGID103932,Yogesh Nayak,1986-04-05,1,4,0,2020-10-16
3934,9,195,12,3,KGID103933,Prakash Kulkarni,2000-10-24,1,5,0,2013-07-13
3935,9,195,12,3,KGID103934,Shivakumar Jadhav,1985-01-17,1,2,0,2000-10-05
3936,9,196,9,2,KGID103935,Kavya Rao,1982-06-10,2,4,0,1995-10-10
3937,9,196,9,1,KGID103936,Chandrashekar Hegde,1998-11-06,1,5,0,2001-04-05
3938,9,196,10,3,KGID103937,Vinay Iyer,1997-09-23,1,4,0,2000-03-29
3939,9,196,10,3,KGID103938,Srinivas Hegde,1988-09-20,1,1,0,1999-12-13
3940,9,196,11,3,KGID103939,Vijay Iyer,1976-05-17,1,1,0,2004-06-16
3941,9,196,11,3,KGID103940,Nagaraj Bhandari,1988-01-19,1,8,0,2002-08-04
3942,9,196,11,3,KGID103941,Kiran Kumar,1993-12-23,1,8,0,2006-10-08
3943,9,196,11,3,KGID103942,Mahesh Poojary,1977-10-08,1,2,0,2013-11-18
3944,9,196,11,3,KGID103943,Girish Achar,1995-09-20,1,8,0,2004-05-11
3945,9,196,11,3,KGID103944,Radha Devaraj,1979-11-04,2,1,0,2020-05-02
3946,9,196,11,3,KGID103945,Anitha Nayak,1996-08-04,2,2,0,2019-10-08
3947,9,196,12,3,KGID103946,Dinesh Hegde,1988-09-14,1,3,0,2022-06-06
3948,9,196,12,3,KGID103947,Prakash Jadhav,1991-08-02,1,2,0,2014-12-28
3949,9,196,12,3,KGID103948,Raghavendra Jadhav,1995-08-13,1,5,0,2015-10-10
3950,9,196,12,3,KGID103949,Santosh Bhat,1983-12-27,1,1,0,2018-08-13
3951,9,196,12,3,KGID103950,Kiran Patil,1995-05-29,1,2,0,2010-07-10
3952,9,196,12,3,KGID103951,Shivakumar Achar,1988-06-05,1,5,1,2002-12-05
3953,9,196,12,3,KGID103952,Yogesh Bhat,1986-08-18,1,4,0,2020-07-28
3954,9,196,12,3,KGID103953,Nagaveni Naik,1985-01-14,2,6,0,2021-09-26
3955,9,196,12,3,KGID103954,Manjunath Kamath,1984-11-03,1,1,0,2014-07-22
3956,9,196,12,3,KGID103955,Ravi Shetty,1999-06-24,1,6,0,2021-11-27
3957,9,197,9,2,KGID103956,Suresh Rao,1992-03-19,1,4,0,2005-10-09
3958,9,197,9,2,KGID103957,Rekha Rao,1984-03-18,2,3,0,2002-06-05
3959,9,197,9,1,KGID103958,Manjunath Bhandari,1992-09-12,1,5,0,2006-06-24
3960,9,197,10,3,KGID103959,Rajesh Shetty,1998-02-21,1,1,0,1997-04-06
3961,9,197,10,3,KGID103960,Harish Reddy,1993-08-05,1,5,1,2019-08-13
3962,9,197,10,3,KGID103961,Manoj Shetty,1987-01-31,1,5,0,2018-04-16
3963,9,197,11,3,KGID103962,Anand Kamath,1995-08-08,1,4,0,2002-04-18
3964,9,197,11,3,KGID103963,Prakash Hiremath,1993-09-24,1,7,0,2008-06-30
3965,9,197,11,3,KGID103964,Vijay Achar,1982-09-03,1,6,0,2000-12-19
3966,9,197,11,3,KGID103965,Naveen Poojary,1996-08-15,1,3,0,2016-03-22
3967,9,197,11,3,KGID103966,Girish Iyer,1991-12-30,1,1,0,2009-08-21
3968,9,197,11,3,KGID103967,Harish Hiremath,1990-10-18,1,6,0,1999-03-28
3969,9,197,11,3,KGID103968,Santosh Bhandari,1986-02-21,1,7,0,1997-01-04
3970,9,197,11,3,KGID103969,Girish Iyer,1982-06-09,1,2,0,2014-07-21
3971,9,197,12,3,KGID103970,Vinay Kulkarni,1989-06-16,1,2,0,2013-12-13
3972,9,197,12,3,KGID103971,Pradeep Bhandari,1988-09-28,1,6,0,2023-12-14
3973,9,197,12,3,KGID103972,Lokesh Nayak,1987-04-25,1,5,0,2009-09-19
3974,9,197,12,3,KGID103973,Vijay Achar,1985-02-14,1,7,0,2011-06-26
3975,9,197,12,3,KGID103974,Ramesh Gowda,1987-03-04,1,7,0,2005-08-27
3976,9,197,12,3,KGID103975,Umesh Achar,1990-01-16,1,1,0,2003-12-27
3977,9,197,12,3,KGID103976,Manjunath Gowda,1996-02-24,1,4,0,2009-11-24
3978,9,197,12,3,KGID103977,Chandrashekar Desai,1996-05-23,1,6,0,2020-07-14
3979,9,197,12,3,KGID103978,Manjunath Jadhav,1981-07-29,1,7,0,2023-07-13
3980,9,197,12,3,KGID103979,Dinesh Devaraj,1983-11-23,1,5,0,2011-04-29
3981,9,197,12,3,KGID103980,Raghavendra Shetty,1981-01-27,1,6,0,2018-09-21
3982,9,197,12,3,KGID103981,Shivakumar Gowda,1984-06-02,1,5,0,2005-04-17
3983,9,197,12,3,KGID103982,Jayashree Bhandari,2004-02-10,2,4,0,2013-06-09
3984,9,197,12,3,KGID103983,Krishna Rao,1995-12-16,1,7,0,2019-08-21
3985,9,197,12,3,KGID103984,Krishna Iyer,1982-04-12,1,8,0,2005-10-13
3986,9,198,8,2,KGID103985,Anand Iyer,1993-07-23,1,8,0,2022-09-01
3987,9,198,8,2,KGID103986,Harish Achar,1985-08-09,1,4,0,2007-12-01
3988,9,198,9,1,KGID103987,Nandini Naik,1990-03-22,2,7,0,2016-06-09
3989,9,198,9,1,KGID103988,Manoj Patil,1983-07-16,1,1,0,2016-12-25
3990,9,198,10,3,KGID103989,Chandrashekar Kamath,1996-05-28,1,6,0,2006-03-17
3991,9,198,10,3,KGID103990,Pradeep Devaraj,1981-02-13,1,6,0,2018-01-03
3992,9,198,10,3,KGID103991,Shwetha Poojary,1978-05-07,2,8,0,2009-07-10
3993,9,198,11,3,KGID103992,Basavaraj Naik,1995-06-24,1,4,0,2013-06-06
3994,9,198,11,3,KGID103993,Girish Kamath,1995-09-01,1,5,0,2014-08-13
3995,9,198,11,3,KGID103994,Santosh Kumar,1977-03-12,1,2,0,2011-09-02
3996,9,198,11,3,KGID103995,Ramesh Achar,1997-09-29,1,2,0,2016-06-28
3997,9,198,11,3,KGID103996,Sandeep Kumar,1975-12-20,1,8,0,2009-09-15
3998,9,198,11,3,KGID103997,Naveen Achar,1990-05-18,1,3,0,2009-05-31
3999,9,198,11,3,KGID103998,Sunita Hiremath,1989-05-27,2,8,0,2006-07-30
4000,9,198,11,3,KGID103999,Srinivas Nayak,1993-04-30,1,5,0,1999-07-01
4001,9,198,12,3,KGID104000,Basavaraj Bhandari,1995-04-26,1,6,0,2001-07-20
4002,9,198,12,3,KGID104001,Pradeep Hegde,1990-05-19,1,8,0,2015-12-21
4003,9,198,12,3,KGID104002,Lakshmi Nayak,1991-03-30,2,3,0,2008-08-14
4004,9,198,12,3,KGID104003,Manjunath Devaraj,1989-06-08,1,8,0,2009-07-08
4005,9,198,12,3,KGID104004,Pradeep Desai,1995-11-24,1,4,0,2021-07-24
4006,9,198,12,3,KGID104005,Rajesh Naik,1998-12-08,1,1,0,2004-12-08
4007,9,198,12,3,KGID104006,Chandrashekar Bhat,1996-12-21,1,3,0,2010-06-29
4008,9,198,12,3,KGID104007,Shwetha Iyer,1995-08-27,2,7,0,2013-09-01
4009,9,199,9,2,KGID104008,Mahesh Achar,1992-09-28,1,1,0,1996-11-03
4010,9,199,9,1,KGID104009,Ravi Bhandari,1999-12-20,1,2,0,2015-05-11
4011,9,199,10,3,KGID104010,Gopal Bhat,1977-09-09,1,7,0,1997-08-04
4012,9,199,10,3,KGID104011,Gopal Bhandari,1981-01-24,1,7,0,1999-04-27
4013,9,199,10,3,KGID104012,Dinesh Iyer,1998-11-24,1,4,0,2006-11-15
4014,9,199,11,3,KGID104013,Manjunath Devaraj,1987-08-22,1,5,0,2011-06-01
4015,9,199,11,3,KGID104014,Vijay Desai,1988-11-23,1,1,0,2007-06-11
4016,9,199,11,3,KGID104015,Dinesh Poojary,1987-03-18,1,3,0,2010-06-15
4017,9,199,11,3,KGID104016,Nagaraj Poojary,2001-06-30,1,6,0,2001-10-31
4018,9,199,11,3,KGID104017,Harish Kamath,1983-07-04,1,2,0,2023-04-08
4019,9,199,11,3,KGID104018,Ravi Rao,1996-01-14,1,3,0,2016-09-07
4020,9,199,11,3,KGID104019,Sandeep Desai,1992-12-31,1,4,0,2013-08-15
4021,9,199,11,3,KGID104020,Vinay Naik,1988-10-12,1,6,0,2019-11-30
4022,9,199,12,3,KGID104021,Suresh Devaraj,2002-04-09,1,8,0,2011-06-27
4023,9,199,12,3,KGID104022,Vinay Kulkarni,1997-09-20,1,6,0,2006-11-21
4024,9,199,12,3,KGID104023,Ravi Shetty,1990-08-09,1,6,0,2014-10-31
4025,9,199,12,3,KGID104024,Lokesh Hegde,1995-11-17,1,8,0,2023-10-09
4026,9,199,12,3,KGID104025,Mahesh Devaraj,1993-11-27,1,8,0,2006-06-12
4027,9,199,12,3,KGID104026,Lokesh Bhat,2001-09-24,1,2,0,2021-09-20
4028,9,199,12,3,KGID104027,Shwetha Bhat,1999-01-03,2,4,0,2019-07-06
4029,9,199,12,3,KGID104028,Nagaraj Shetty,1991-07-31,1,6,0,2006-11-27
4030,9,199,12,3,KGID104029,Srinivas Iyer,1982-11-12,1,6,0,2008-03-30
4031,9,199,12,3,KGID104030,Manjula Patil,1985-12-12,2,3,0,2005-04-14
4032,9,199,12,3,KGID104031,Rajesh Hiremath,1987-07-02,1,2,0,2013-07-04
4033,9,199,12,3,KGID104032,Anand Shetty,1993-02-25,1,2,0,2018-09-15
4034,9,199,12,3,KGID104033,Anand Naik,1995-04-11,1,1,0,2005-11-21
4035,9,199,12,3,KGID104034,Girish Nayak,1987-12-08,1,3,0,2015-06-21
4036,9,199,12,3,KGID104035,Rekha Bhat,1999-08-01,2,8,0,2018-11-12
4037,9,200,8,5,KGID104036,Naveen Patil,1996-03-13,1,6,0,2000-11-16
4038,9,200,8,5,KGID104037,Manoj Poojary,1988-11-24,1,2,0,2021-08-04
4039,9,200,9,1,KGID104038,Nagaraj Shetty,1997-07-21,1,1,0,2003-07-09
4040,9,200,10,3,KGID104039,Suresh Devaraj,1990-09-17,1,5,0,2022-09-27
4041,9,200,10,3,KGID104040,Krishna Naik,1986-04-13,1,7,0,2021-11-12
4042,9,200,10,3,KGID104041,Shivakumar Kulkarni,1983-08-09,1,7,0,2002-07-31
4043,9,200,11,3,KGID104042,Shivakumar Devaraj,1979-06-05,1,2,0,2016-07-31
4044,9,200,11,3,KGID104043,Basavaraj Achar,1978-10-10,1,5,0,2004-11-17
4045,9,200,11,3,KGID104044,Lokesh Kamath,2000-06-07,1,2,0,2014-11-23
4046,9,200,11,3,KGID104045,Harish Poojary,1998-01-17,1,2,0,2000-06-26
4047,9,200,11,3,KGID104046,Harish Reddy,1977-01-18,1,3,0,2000-04-13
4048,9,200,11,3,KGID104047,Basavaraj Achar,1997-11-05,1,3,0,2011-04-06
4049,9,200,12,3,KGID104048,Lokesh Poojary,2002-02-16,1,3,0,2008-07-07
4050,9,200,12,3,KGID104049,Basavaraj Gowda,1992-02-27,1,4,0,2005-06-25
4051,9,200,12,3,KGID104050,Manoj Gowda,1989-03-22,1,1,0,2001-11-24
4052,9,200,12,3,KGID104051,Pallavi Reddy,1997-10-28,2,3,0,2002-07-11
4053,9,200,12,3,KGID104052,Naveen Reddy,1990-12-15,1,1,0,2001-09-26
4054,9,200,12,3,KGID104053,Anand Iyer,1984-02-07,1,8,0,2009-08-22
4055,9,200,12,3,KGID104054,Prakash Reddy,1996-10-02,1,6,0,2006-05-14
4056,9,200,12,3,KGID104055,Shivakumar Hiremath,1994-10-05,1,1,0,2001-12-16
4057,9,200,12,3,KGID104056,Ravi Poojary,2000-02-18,1,1,0,2007-06-16
4058,9,200,12,3,KGID104057,Lakshmi Achar,2004-10-09,2,6,0,2018-08-22
4059,9,200,12,3,KGID104058,Kiran Kamath,1989-08-28,1,6,0,2009-06-15
4060,9,200,12,3,KGID104059,Harish Hiremath,1986-12-30,1,6,0,2015-11-23
4061,9,200,12,3,KGID104060,Prakash Poojary,1982-09-01,1,6,0,2017-12-16
4062,9,200,12,3,KGID104061,Vijay Jadhav,1993-06-02,1,8,0,2019-09-13
4063,9,200,12,3,KGID104062,Nagaraj Achar,1988-05-28,1,4,0,2000-06-26
4064,9,201,9,6,KGID104063,Krishna Reddy,1976-12-17,1,1,0,2010-11-01
4065,9,201,9,1,KGID104064,Ravi Nayak,1996-09-30,1,8,0,2006-06-25
4066,9,201,10,3,KGID104065,Krishna Patil,1992-02-03,1,1,0,1999-05-25
4067,9,201,10,3,KGID104066,Pradeep Nayak,2000-09-22,1,6,0,2013-11-03
4068,9,201,11,3,KGID104067,Raghavendra Devaraj,1984-10-16,1,2,0,2001-03-22
4069,9,201,11,3,KGID104068,Rajesh Bhandari,1977-11-11,1,1,0,2015-05-14
4070,9,201,11,3,KGID104069,Anand Hegde,1994-08-04,1,6,0,2009-11-01
4071,9,201,11,3,KGID104070,Harish Naik,1978-06-17,1,6,0,2008-09-17
4072,9,201,11,3,KGID104071,Yogesh Gowda,1997-02-05,1,5,0,2000-06-20
4073,9,201,12,3,KGID104072,Manoj Achar,1980-04-22,1,6,0,2011-04-10
4074,9,201,12,3,KGID104073,Nagaraj Jadhav,1983-10-27,1,3,0,2005-10-13
4075,9,201,12,3,KGID104074,Krishna Gowda,1999-04-13,1,2,0,2018-04-04
4076,9,201,12,3,KGID104075,Suresh Achar,2000-09-03,1,6,0,2012-09-19
4077,9,201,12,3,KGID104076,Yogesh Achar,1981-08-12,1,8,0,2002-06-05
4078,9,201,12,3,KGID104077,Rajesh Jadhav,1985-06-20,1,4,0,2015-07-23
4079,9,201,12,3,KGID104078,Sandeep Bhandari,1996-08-17,1,8,0,2005-07-24
4080,9,201,12,3,KGID104079,Manjunath Desai,2002-09-10,1,6,0,2012-09-24
4081,9,201,12,3,KGID104080,Lokesh Hiremath,1983-01-13,1,8,0,2013-10-15
4082,9,201,12,3,KGID104081,Geetha Devaraj,1982-05-22,2,7,0,2015-11-21
4083,9,201,12,3,KGID104082,Pradeep Kumar,1999-06-02,1,2,0,2009-07-24
4084,9,201,12,3,KGID104083,Shivakumar Hegde,1985-05-03,1,5,0,2010-08-27
4085,9,201,12,3,KGID104084,Pradeep Achar,1993-07-30,1,5,0,2021-07-03
4086,9,201,12,3,KGID104085,Srinivas Achar,1985-06-18,1,4,0,2009-04-09
4087,9,201,12,3,KGID104086,Nagaraj Hiremath,2004-12-11,1,3,0,2005-09-23
4088,9,202,8,4,KGID104087,Manjunath Iyer,1985-10-04,1,8,0,1997-12-20
4089,9,202,9,1,KGID104088,Basavaraj Hiremath,1995-10-12,1,5,0,2015-10-22
4090,9,202,10,3,KGID104089,Yogesh Poojary,1977-09-24,1,7,0,2014-10-11
4091,9,202,10,3,KGID104090,Mahesh Naik,1982-02-24,1,2,0,2007-08-29
4092,9,202,10,3,KGID104091,Rajesh Shetty,1984-12-24,1,4,0,2015-12-31
4093,9,202,11,3,KGID104092,Umesh Hegde,1985-01-08,1,8,0,2021-07-16
4094,9,202,11,3,KGID104093,Manoj Desai,1990-04-15,1,2,0,2011-06-15
4095,9,202,11,3,KGID104094,Krishna Gowda,1991-08-29,1,6,0,2015-06-05
4096,9,202,11,3,KGID104095,Yogesh Nayak,1997-06-20,1,7,0,2022-05-24
4097,9,202,11,3,KGID104096,Harish Iyer,1997-04-29,1,4,0,2019-12-10
4098,9,202,11,3,KGID104097,Manjunath Kumar,1979-08-12,1,3,0,2004-03-19
4099,9,202,11,3,KGID104098,Manoj Reddy,1975-07-19,1,6,0,2010-05-23
4100,9,202,11,3,KGID104099,Shivakumar Shetty,1996-11-25,1,4,0,1995-07-11
4101,9,202,12,3,KGID104100,Deepa Jadhav,1983-05-02,2,3,0,2009-07-15
4102,9,202,12,3,KGID104101,Vinay Shetty,1999-06-24,1,6,0,2018-06-04
4103,9,202,12,3,KGID104102,Manoj Poojary,1984-04-23,1,1,0,2015-08-10
4104,9,202,12,3,KGID104103,Manjunath Bhandari,1985-12-30,1,2,0,2008-07-14
4105,9,202,12,3,KGID104104,Nagaraj Patil,2002-05-18,1,3,0,2008-06-28
4106,9,202,12,3,KGID104105,Manjula Kamath,1982-08-23,2,3,0,2014-11-16
4107,9,202,12,3,KGID104106,Srinivas Jadhav,1983-11-21,1,3,0,2010-08-17
4108,9,202,12,3,KGID104107,Dinesh Bhandari,1983-09-08,1,8,0,2007-07-18
4109,9,202,12,3,KGID104108,Pradeep Iyer,1990-06-01,1,1,0,2012-06-24
4110,9,202,12,3,KGID104109,Harish Shetty,1993-07-26,1,5,0,2014-08-23
4111,10,206,9,2,KGID104110,Prakash Iyer,1980-05-15,1,7,0,2002-04-30
4112,10,206,9,1,KGID104111,Sandeep Bhandari,1994-10-28,1,5,0,2001-01-06
4113,10,206,9,1,KGID104112,Raghavendra Kumar,1998-05-03,1,6,0,2011-09-04
4114,10,206,10,3,KGID104113,Suresh Naik,1982-05-19,1,2,0,2009-11-03
4115,10,206,10,3,KGID104114,Ramesh Hegde,1990-02-14,1,5,0,2015-05-13
4116,10,206,10,3,KGID104115,Vani Jadhav,1992-09-07,2,8,0,2002-12-02
4117,10,206,11,3,KGID104116,Shivakumar Poojary,1990-07-06,1,5,0,2009-04-24
4118,10,206,11,3,KGID104117,Raghavendra Kumar,1991-08-24,1,7,0,2003-05-03
4119,10,206,11,3,KGID104118,Srinivas Iyer,1981-07-04,1,3,0,2009-09-18
4120,10,206,11,3,KGID104119,Nagaraj Jadhav,1997-04-08,1,1,0,2012-06-28
4121,10,206,11,3,KGID104120,Yogesh Kamath,1980-03-19,1,5,0,1998-07-16
4122,10,206,11,3,KGID104121,Chandrashekar Naik,1990-04-28,1,3,0,2020-06-07
4123,10,206,11,3,KGID104122,Pradeep Shetty,1985-08-29,1,7,0,2003-11-08
4124,10,206,12,3,KGID104123,Ramesh Gowda,1998-02-06,1,5,0,2003-08-06
4125,10,206,12,3,KGID104124,Harish Kumar,2001-08-31,1,5,0,2011-05-23
4126,10,206,12,3,KGID104125,Manoj Hegde,1989-02-01,1,5,0,2005-05-01
4127,10,206,12,3,KGID104126,Suresh Hiremath,1993-07-29,1,4,0,2005-07-16
4128,10,206,12,3,KGID104127,Suresh Kumar,1995-07-02,1,8,0,2001-06-15
4129,10,206,12,3,KGID104128,Manjunath Kulkarni,1985-06-26,1,6,0,2020-12-24
4130,10,206,12,3,KGID104129,Ramesh Naik,2004-02-03,1,7,0,2022-11-10
4131,10,206,12,3,KGID104130,Yogesh Jadhav,1984-08-25,1,7,0,2005-12-20
4132,10,207,8,2,KGID104131,Chandrashekar Reddy,1981-08-04,1,2,0,2013-11-15
4133,10,207,9,1,KGID104132,Pradeep Bhandari,1988-03-19,1,7,0,2016-03-28
4134,10,207,9,1,KGID104133,Yogesh Hegde,1992-07-12,1,6,0,2017-05-29
4135,10,207,10,3,KGID104134,Suresh Desai,1989-01-14,1,1,0,2007-06-12
4136,10,207,10,3,KGID104135,Vinay Patil,1996-04-09,1,4,0,2006-09-19
4137,10,207,10,3,KGID104136,Srinivas Gowda,1989-11-16,1,2,0,1999-10-01
4138,10,207,11,3,KGID104137,Naveen Desai,2000-03-03,1,5,0,2009-07-31
4139,10,207,11,3,KGID104138,Shivakumar Desai,1994-06-01,1,7,0,2011-09-12
4140,10,207,11,3,KGID104139,Vijay Gowda,1975-12-12,1,4,0,2001-08-23
4141,10,207,11,3,KGID104140,Lokesh Kulkarni,1981-01-06,1,4,0,2002-12-12
4142,10,207,11,3,KGID104141,Nandini Reddy,1977-02-25,2,7,0,2010-07-03
4143,10,207,11,3,KGID104142,Naveen Achar,1985-10-13,1,4,0,1996-07-17
4144,10,207,12,3,KGID104143,Shobha Hiremath,1989-03-13,2,7,0,2015-12-01
4145,10,207,12,3,KGID104144,Dinesh Reddy,1986-11-18,1,4,0,2021-10-30
4146,10,207,12,3,KGID104145,Deepa Rao,1999-11-30,2,7,0,2015-10-11
4147,10,207,12,3,KGID104146,Sowmya Reddy,2001-03-13,2,6,0,2008-04-01
4148,10,207,12,3,KGID104147,Vinay Nayak,1995-06-21,1,7,0,2013-05-18
4149,10,207,12,3,KGID104148,Dinesh Iyer,1982-09-24,1,5,0,2018-06-26
4150,10,207,12,3,KGID104149,Rajesh Jadhav,2002-11-11,1,6,0,2007-11-18
4151,10,207,12,3,KGID104150,Ravi Iyer,1992-05-23,1,3,0,2017-04-17
4152,10,207,12,3,KGID104151,Prakash Bhandari,1987-02-13,1,4,0,2003-04-06
4153,10,207,12,3,KGID104152,Pradeep Kumar,1981-06-06,1,5,0,2007-08-05
4154,10,207,12,3,KGID104153,Naveen Gowda,2002-08-26,1,2,0,2011-10-29
4155,10,207,12,3,KGID104154,Shivakumar Nayak,1988-09-07,1,1,0,2017-09-01
4156,10,207,12,3,KGID104155,Anand Shetty,2001-10-04,1,7,0,2009-10-11
4157,10,207,12,3,KGID104156,Lokesh Devaraj,2004-04-20,1,8,0,2008-06-17
4158,10,207,12,3,KGID104157,Dinesh Desai,2003-03-19,1,7,0,2023-06-01
4159,10,208,8,2,KGID104158,Ravi Desai,1983-07-02,1,7,0,2019-06-26
4160,10,208,9,1,KGID104159,Prakash Desai,1997-02-16,1,3,0,2010-10-03
4161,10,208,10,3,KGID104160,Anand Naik,1983-04-18,1,5,0,2007-06-18
4162,10,208,10,3,KGID104161,Santosh Rao,1988-03-21,1,7,0,2016-12-12
4163,10,208,11,3,KGID104162,Vinay Kamath,1981-07-27,1,7,0,1998-06-17
4164,10,208,11,3,KGID104163,Chandrashekar Naik,1998-03-12,1,6,0,2004-11-25
4165,10,208,11,3,KGID104164,Savitri Nayak,1980-09-15,2,1,0,2004-12-27
4166,10,208,11,3,KGID104165,Harish Gowda,1978-01-14,1,4,0,1999-05-04
4167,10,208,11,3,KGID104166,Dinesh Naik,1991-02-05,1,2,0,2020-05-17
4168,10,208,11,3,KGID104167,Prakash Shetty,1978-07-05,1,7,0,2006-03-19
4169,10,208,11,3,KGID104168,Ravi Kulkarni,1997-03-17,1,5,0,2011-05-13
4170,10,208,11,3,KGID104169,Harish Poojary,1991-09-05,1,3,0,2021-08-28
4171,10,208,12,3,KGID104170,Basavaraj Rao,1994-10-13,1,2,0,2012-01-04
4172,10,208,12,3,KGID104171,Ramesh Bhat,1981-12-30,1,5,0,2006-04-20
4173,10,208,12,3,KGID104172,Pradeep Bhat,2000-03-04,1,4,0,2016-09-24
4174,10,208,12,3,KGID104173,Lakshmi Achar,1995-10-02,2,6,0,2002-11-26
4175,10,208,12,3,KGID104174,Shivakumar Nayak,1994-11-26,1,7,0,2008-07-30
4176,10,208,12,3,KGID104175,Kavya Gowda,1980-01-24,2,3,0,2001-07-15
4177,10,208,12,3,KGID104176,Lokesh Jadhav,1995-12-15,1,4,0,2021-10-17
4178,10,208,12,3,KGID104177,Harish Bhandari,1986-07-25,1,8,0,2012-04-17
4179,10,208,12,3,KGID104178,Prakash Desai,2004-09-15,1,8,0,2013-05-17
4180,10,208,12,3,KGID104179,Suresh Bhat,1989-01-16,1,7,0,2023-09-26
4181,10,208,12,3,KGID104180,Basavaraj Nayak,2003-03-19,1,7,1,2014-11-28
4182,10,209,8,2,KGID104181,Pradeep Jadhav,1985-09-03,1,6,0,2006-09-10
4183,10,209,9,1,KGID104182,Prakash Jadhav,1985-06-27,1,8,0,2006-08-27
4184,10,209,9,1,KGID104183,Umesh Naik,1987-05-21,1,1,0,2009-05-27
4185,10,209,10,3,KGID104184,Rajesh Kulkarni,1993-08-03,1,4,0,2013-03-10
4186,10,209,10,3,KGID104185,Suresh Hegde,1980-05-15,1,4,0,1999-09-09
4187,10,209,11,3,KGID104186,Shivakumar Desai,1983-06-10,1,5,0,2000-05-21
4188,10,209,11,3,KGID104187,Manjula Jadhav,1991-11-11,2,5,0,2000-01-08
4189,10,209,11,3,KGID104188,Manoj Shetty,2000-03-12,1,2,0,2014-05-25
4190,10,209,11,3,KGID104189,Umesh Devaraj,1990-06-25,1,3,0,2023-07-12
4191,10,209,12,3,KGID104190,Sandeep Bhandari,1990-03-11,1,5,0,2005-07-06
4192,10,209,12,3,KGID104191,Suresh Desai,1991-11-10,1,8,0,2020-11-08
4193,10,209,12,3,KGID104192,Mahesh Iyer,1990-07-08,1,8,0,2014-07-09
4194,10,209,12,3,KGID104193,Chandrashekar Bhandari,1986-05-22,1,4,0,2019-10-10
4195,10,209,12,3,KGID104194,Pradeep Shetty,1994-08-24,1,1,0,2002-12-26
4196,10,209,12,3,KGID104195,Umesh Bhat,1996-01-23,1,7,0,2011-04-10
4197,10,209,12,3,KGID104196,Jayashree Patil,1991-06-29,2,4,0,2000-10-06
4198,10,209,12,3,KGID104197,Srinivas Kulkarni,1991-04-04,1,8,0,2008-12-19
4199,10,209,12,3,KGID104198,Suresh Shetty,1990-03-10,1,7,0,2012-05-10
4200,10,209,12,3,KGID104199,Krishna Kulkarni,1997-04-28,1,2,0,2009-10-03
4201,10,209,12,3,KGID104200,Nagaraj Kumar,2002-12-09,1,3,0,2009-09-05
4202,10,210,9,2,KGID104201,Mahesh Jadhav,1992-10-05,1,3,0,2002-12-22
4203,10,210,9,1,KGID104202,Suresh Reddy,1994-09-12,1,4,0,2017-09-02
4204,10,210,9,1,KGID104203,Ravi Poojary,1992-09-01,1,1,0,2015-06-24
4205,10,210,10,3,KGID104204,Dinesh Gowda,1988-03-26,1,7,0,2015-09-10
4206,10,210,10,3,KGID104205,Ramesh Jadhav,1980-11-06,1,7,0,2017-07-13
4207,10,210,11,3,KGID104206,Basavaraj Hiremath,1997-03-07,1,6,0,2014-11-19
4208,10,210,11,3,KGID104207,Umesh Nayak,1979-12-19,1,5,0,2022-06-21
4209,10,210,11,3,KGID104208,Anand Desai,1975-04-04,1,6,0,2013-08-10
4210,10,210,11,3,KGID104209,Rajesh Gowda,1998-03-17,1,5,0,2003-04-16
4211,10,210,11,3,KGID104210,Shwetha Gowda,1990-08-03,2,6,0,1995-10-28
4212,10,210,12,3,KGID104211,Nagaraj Iyer,1990-06-13,1,1,0,2014-10-29
4213,10,210,12,3,KGID104212,Anand Poojary,1991-04-03,1,1,0,2007-05-23
4214,10,210,12,3,KGID104213,Naveen Kumar,2003-09-11,1,4,0,2000-11-02
4215,10,210,12,3,KGID104214,Anand Poojary,1989-12-23,1,7,0,2021-07-20
4216,10,210,12,3,KGID104215,Nandini Desai,1986-03-21,2,8,0,2002-11-01
4217,10,210,12,3,KGID104216,Vinay Rao,1988-04-30,1,5,0,2017-11-25
4218,10,210,12,3,KGID104217,Yogesh Bhandari,1991-10-13,1,7,0,2005-11-10
4219,10,210,12,3,KGID104218,Girish Rao,2001-06-02,1,1,0,2023-09-04
4220,10,210,12,3,KGID104219,Naveen Hiremath,2004-07-24,1,8,0,2021-12-12
4221,10,210,12,3,KGID104220,Basavaraj Rao,1983-12-02,1,1,0,2019-12-24
4222,10,210,12,3,KGID104221,Vinay Patil,1989-07-09,1,7,0,2014-07-01
4223,10,210,12,3,KGID104222,Sunita Nayak,1989-02-26,2,7,0,2019-11-30
4224,10,210,12,3,KGID104223,Pradeep Kumar,1990-07-30,1,6,0,2003-12-29
4225,10,210,12,3,KGID104224,Vinay Nayak,1983-01-28,1,3,0,2005-05-22
4226,10,210,12,3,KGID104225,Nandini Iyer,1997-06-18,2,5,0,2022-05-01
4227,10,211,8,2,KGID104226,Vijay Desai,1992-01-03,1,3,0,2005-06-30
4228,10,211,9,1,KGID104227,Lakshmi Achar,1982-09-23,2,1,0,2011-04-07
4229,10,211,10,3,KGID104228,Santosh Reddy,1992-07-21,1,7,0,2009-10-19
4230,10,211,10,3,KGID104229,Vijay Kumar,1992-02-04,1,8,1,2006-07-15
4231,10,211,11,3,KGID104230,Gopal Achar,1990-12-18,1,8,0,2000-11-14
4232,10,211,11,3,KGID104231,Srinivas Reddy,1986-02-02,1,6,0,2019-12-20
4233,10,211,11,3,KGID104232,Basavaraj Jadhav,1997-12-15,1,6,0,2020-03-21
4234,10,211,11,3,KGID104233,Ramesh Gowda,1994-01-13,1,5,0,2019-03-20
4235,10,211,11,3,KGID104234,Vijay Rao,1995-05-09,1,2,0,2005-07-16
4236,10,211,11,3,KGID104235,Geetha Achar,1981-07-05,2,4,0,2013-11-02
4237,10,211,12,3,KGID104236,Srinivas Rao,1984-05-28,1,1,0,2021-08-11
4238,10,211,12,3,KGID104237,Kiran Kumar,1990-07-22,1,5,0,2009-08-04
4239,10,211,12,3,KGID104238,Sowmya Achar,1995-03-27,2,3,0,2009-09-06
4240,10,211,12,3,KGID104239,Lokesh Jadhav,1993-03-07,1,4,0,2021-04-13
4241,10,211,12,3,KGID104240,Rajesh Desai,1999-08-07,1,8,0,2003-03-19
4242,10,211,12,3,KGID104241,Yogesh Rao,1984-06-02,1,5,0,2001-05-16
4243,10,211,12,3,KGID104242,Umesh Devaraj,1984-08-07,1,8,0,2017-07-12
4244,10,211,12,3,KGID104243,Yogesh Kumar,1999-03-04,1,6,0,2011-07-04
4245,10,211,12,3,KGID104244,Krishna Hiremath,1980-01-13,1,1,0,2014-09-12
4246,10,211,12,3,KGID104245,Vinay Jadhav,1985-03-24,1,1,0,2022-09-09
4247,10,212,8,2,KGID104246,Suresh Gowda,1988-05-13,1,1,0,2005-06-06
4248,10,212,8,2,KGID104247,Yogesh Hegde,1978-12-10,1,8,0,2010-07-08
4249,10,212,9,1,KGID104248,Shobha Reddy,1990-10-16,2,6,0,2011-06-24
4250,10,212,9,1,KGID104249,Rajesh Kamath,1995-12-23,1,4,0,2016-06-06
4251,10,212,10,3,KGID104250,Lokesh Kumar,1998-08-23,1,6,0,1997-12-09
4252,10,212,10,3,KGID104251,Pradeep Kulkarni,1993-11-14,1,3,0,2001-11-10
4253,10,212,10,3,KGID104252,Yogesh Iyer,1988-08-03,1,7,0,2021-08-23
4254,10,212,11,3,KGID104253,Harish Patil,1977-01-06,1,5,0,1996-01-04
4255,10,212,11,3,KGID104254,Srinivas Hiremath,1982-09-19,1,5,0,2017-07-19
4256,10,212,11,3,KGID104255,Anand Hegde,1992-10-17,1,6,0,2018-03-15
4257,10,212,11,3,KGID104256,Rajesh Desai,1980-06-13,1,2,0,2001-05-06
4258,10,212,12,3,KGID104257,Naveen Achar,1997-03-09,1,3,0,2023-10-08
4259,10,212,12,3,KGID104258,Ravi Naik,1990-09-11,1,4,0,2011-07-23
4260,10,212,12,3,KGID104259,Kiran Naik,1987-01-02,1,7,0,2005-12-18
4261,10,212,12,3,KGID104260,Raghavendra Reddy,1990-06-15,1,8,0,2021-07-27
4262,10,212,12,3,KGID104261,Vinay Naik,1997-01-11,1,5,0,2013-07-26
4263,10,212,12,3,KGID104262,Srinivas Reddy,1997-11-05,1,1,0,2011-04-28
4264,10,212,12,3,KGID104263,Radha Kamath,1990-07-07,2,4,0,2015-03-18
4265,10,212,12,3,KGID104264,Gopal Gowda,1997-01-22,1,5,0,2005-06-16
4266,10,212,12,3,KGID104265,Rajesh Bhat,1998-01-29,1,3,0,2005-10-05
4267,10,212,12,3,KGID104266,Ramesh Shetty,1987-01-20,1,4,0,2016-07-16
4268,10,212,12,3,KGID104267,Lakshmi Desai,1988-11-20,2,4,0,2016-08-30
4269,10,212,12,3,KGID104268,Suresh Rao,1997-02-19,1,4,0,2002-09-23
4270,10,212,12,3,KGID104269,Pradeep Desai,2001-10-07,1,5,0,2019-08-06
4271,10,212,12,3,KGID104270,Kiran Kulkarni,1986-04-10,1,3,0,2012-09-29
4272,10,212,12,3,KGID104271,Lokesh Patil,1997-07-14,1,7,0,2022-07-21
4273,10,213,8,2,KGID104272,Yogesh Patil,1993-07-25,1,6,0,2020-12-19
4274,10,213,9,2,KGID104273,Vinay Naik,1980-05-01,1,5,0,2022-03-08
4275,10,213,9,1,KGID104274,Manjunath Patil,1990-07-19,1,3,0,2011-08-02
4276,10,213,9,1,KGID104275,Santosh Hiremath,1988-11-26,1,1,0,2019-07-23
4277,10,213,10,3,KGID104276,Umesh Hegde,1984-12-03,1,6,0,2005-11-21
4278,10,213,10,3,KGID104277,Srinivas Nayak,1989-09-17,1,2,0,2000-08-02
4279,10,213,11,3,KGID104278,Umesh Iyer,1986-11-15,1,6,0,2013-04-25
4280,10,213,11,3,KGID104279,Naveen Hiremath,1998-06-21,1,3,0,2010-09-09
4281,10,213,11,3,KGID104280,Prakash Achar,1988-09-06,1,3,0,2023-05-27
4282,10,213,11,3,KGID104281,Dinesh Bhat,1999-01-29,1,7,0,2002-04-08
4283,10,213,11,3,KGID104282,Nagaveni Achar,1998-01-03,2,2,0,1997-01-08
4284,10,213,11,3,KGID104283,Rekha Jadhav,1992-10-22,2,7,0,2022-07-26
4285,10,213,12,3,KGID104284,Srinivas Kulkarni,1993-02-01,1,8,0,2003-06-06
4286,10,213,12,3,KGID104285,Kiran Achar,1995-10-03,1,1,0,2002-09-19
4287,10,213,12,3,KGID104286,Prakash Naik,1988-12-19,1,2,0,2000-12-19
4288,10,213,12,3,KGID104287,Umesh Naik,1980-06-12,1,4,0,2000-11-19
4289,10,213,12,3,KGID104288,Anand Kumar,1989-04-22,1,4,0,2007-04-25
4290,10,213,12,3,KGID104289,Santosh Jadhav,1992-02-07,1,2,0,2020-06-19
4291,10,213,12,3,KGID104290,Manoj Bhat,1988-05-12,1,2,0,2001-04-08
4292,10,213,12,3,KGID104291,Nagaraj Naik,1983-07-15,1,7,0,2010-12-13
4293,10,213,12,3,KGID104292,Chandrashekar Desai,1992-03-29,1,3,0,2006-10-16
4294,10,213,12,3,KGID104293,Naveen Gowda,2004-05-05,1,2,0,2019-04-29
4295,10,213,12,3,KGID104294,Ramesh Shetty,1995-05-24,1,6,0,2019-09-27
4296,10,213,12,3,KGID104295,Manoj Gowda,2004-05-12,1,4,0,2007-09-14
4297,10,213,12,3,KGID104296,Pradeep Kamath,1992-03-05,1,6,0,2009-04-14
4298,10,213,12,3,KGID104297,Girish Achar,1996-07-14,1,8,0,2014-03-30
4299,10,213,12,3,KGID104298,Gopal Naik,1996-06-23,1,7,0,2008-08-24
4300,10,213,12,3,KGID104299,Manjunath Jadhav,1988-06-10,1,6,0,2009-06-29
4301,10,213,12,3,KGID104300,Nagaraj Achar,2001-11-24,1,1,0,2010-08-03
4302,10,214,9,2,KGID104301,Lokesh Patil,1985-09-26,1,1,0,2014-08-30
4303,10,214,9,2,KGID104302,Manoj Naik,1991-03-14,1,3,0,2019-12-26
4304,10,214,9,1,KGID104303,Santosh Desai,1988-06-04,1,8,0,2013-09-17
4305,10,214,10,3,KGID104304,Prakash Poojary,1993-12-30,1,8,0,2002-09-27
4306,10,214,10,3,KGID104305,Sandeep Achar,1985-11-16,1,2,0,2005-10-16
4307,10,214,11,3,KGID104306,Ravi Kumar,1984-05-09,1,3,0,2002-10-21
4308,10,214,11,3,KGID104307,Shivakumar Iyer,2000-10-28,1,1,0,2012-08-09
4309,10,214,11,3,KGID104308,Vijay Naik,1991-08-11,1,4,0,2005-12-21
4310,10,214,11,3,KGID104309,Santosh Hiremath,1986-06-19,1,8,0,2003-05-18
4311,10,214,11,3,KGID104310,Ravi Shetty,1989-11-21,1,5,0,2011-09-18
4312,10,214,12,3,KGID104311,Lakshmi Bhandari,1997-01-29,2,2,0,2022-12-19
4313,10,214,12,3,KGID104312,Srinivas Hegde,1994-10-20,1,1,0,2004-08-02
4314,10,214,12,3,KGID104313,Gopal Bhandari,1982-08-22,1,7,0,2020-05-23
4315,10,214,12,3,KGID104314,Shwetha Kamath,1996-06-10,2,8,0,2011-10-19
4316,10,214,12,3,KGID104315,Naveen Reddy,1993-11-18,1,6,0,2007-06-27
4317,10,214,12,3,KGID104316,Suresh Gowda,1980-07-28,1,3,0,2003-06-15
4318,10,214,12,3,KGID104317,Suresh Bhat,2003-11-01,1,7,0,2016-08-10
4319,10,214,12,3,KGID104318,Manjunath Bhat,1990-11-18,1,1,0,2018-07-03
4320,10,214,12,3,KGID104319,Pradeep Hiremath,2001-04-17,1,1,0,2003-10-15
4321,10,214,12,3,KGID104320,Kiran Jadhav,1991-06-17,1,2,0,2010-12-14
4322,10,214,12,3,KGID104321,Vijay Jadhav,1998-03-17,1,5,0,2019-04-29
4323,10,214,12,3,KGID104322,Gopal Jadhav,1989-02-18,1,7,0,2004-12-20
4324,10,214,12,3,KGID104323,Yogesh Poojary,1991-11-28,1,6,0,2013-10-25
4325,10,214,12,3,KGID104324,Ravi Reddy,1995-08-06,1,3,0,2014-10-17
4326,10,214,12,3,KGID104325,Vinay Jadhav,1996-01-18,1,7,0,2006-10-22
4327,10,214,12,3,KGID104326,Ramesh Patil,2002-09-03,1,5,0,2009-09-07
4328,10,214,12,3,KGID104327,Suresh Reddy,1997-12-01,1,7,0,2020-04-05
4329,10,215,8,5,KGID104328,Dinesh Bhandari,1989-11-08,1,7,1,2004-09-01
4330,10,215,8,5,KGID104329,Umesh Hiremath,1997-08-25,1,2,0,2009-11-19
4331,10,215,9,1,KGID104330,Umesh Poojary,1981-03-02,1,3,0,2019-07-26
4332,10,215,10,3,KGID104331,Anand Shetty,1977-05-09,1,5,0,2010-03-25
4333,10,215,10,3,KGID104332,Vinay Patil,1999-09-17,1,4,0,2015-11-25
4334,10,215,11,3,KGID104333,Harish Kumar,1985-11-18,1,5,1,2020-03-21
4335,10,215,11,3,KGID104334,Anitha Iyer,1991-11-27,2,2,0,2001-09-11
4336,10,215,11,3,KGID104335,Raghavendra Kulkarni,1983-02-03,1,1,0,2023-07-28
4337,10,215,11,3,KGID104336,Rajesh Naik,1989-01-09,1,7,0,2005-08-19
4338,10,215,12,3,KGID104337,Vijay Shetty,1995-02-04,1,2,0,2007-05-17
4339,10,215,12,3,KGID104338,Vani Iyer,2001-08-25,2,8,0,2012-06-19
4340,10,215,12,3,KGID104339,Dinesh Desai,1980-10-25,1,5,0,2009-07-22
4341,10,215,12,3,KGID104340,Pushpa Kulkarni,1990-08-25,2,5,0,2023-09-11
4342,10,215,12,3,KGID104341,Ramesh Gowda,1984-03-19,1,4,0,2004-04-13
4343,10,215,12,3,KGID104342,Manoj Kamath,2001-01-09,1,5,0,2016-06-16
4344,10,215,12,3,KGID104343,Ravi Poojary,1984-06-17,1,1,0,2014-11-29
4345,10,215,12,3,KGID104344,Geetha Jadhav,1991-05-24,2,1,0,2012-09-07
4346,10,215,12,3,KGID104345,Manjunath Gowda,1992-09-07,1,7,0,2021-12-15
4347,10,215,12,3,KGID104346,Shivakumar Hegde,1995-06-14,1,7,0,2020-10-10
4348,10,215,12,3,KGID104347,Ramesh Devaraj,1995-12-29,1,7,0,2022-08-12
4349,10,215,12,3,KGID104348,Sandeep Hiremath,1995-03-27,1,5,0,2011-03-13
4350,10,215,12,3,KGID104349,Radha Poojary,1988-12-05,2,2,0,2009-12-30
4351,10,215,12,3,KGID104350,Pradeep Patil,2003-05-18,1,8,0,2010-01-03
4352,10,215,12,3,KGID104351,Shivakumar Bhandari,1980-09-20,1,5,0,2003-05-06
4353,10,216,8,6,KGID104352,Prakash Patil,1996-05-25,1,8,0,2007-11-15
4354,10,216,9,1,KGID104353,Rekha Gowda,1986-12-15,2,3,0,2022-08-13
4355,10,216,9,1,KGID104354,Rajesh Bhat,1991-08-16,1,6,0,2014-11-21
4356,10,216,10,3,KGID104355,Santosh Hegde,1987-05-26,1,5,0,2015-09-10
4357,10,216,10,3,KGID104356,Nagaraj Rao,1977-06-18,1,4,0,2001-07-16
4358,10,216,10,3,KGID104357,Sandeep Shetty,1997-05-07,1,4,0,1999-12-26
4359,10,216,11,3,KGID104358,Gopal Rao,2001-12-09,1,7,0,2014-03-11
4360,10,216,11,3,KGID104359,Kiran Kumar,1990-09-22,1,8,0,2000-06-24
4361,10,216,11,3,KGID104360,Girish Bhandari,1987-09-12,1,5,0,2020-05-15
4362,10,216,11,3,KGID104361,Pallavi Reddy,1979-10-25,2,4,0,2015-04-20
4363,10,216,11,3,KGID104362,Umesh Hiremath,1976-04-01,1,7,0,1997-07-14
4364,10,216,11,3,KGID104363,Umesh Desai,1980-09-09,1,7,0,1997-10-22
4365,10,216,12,3,KGID104364,Lokesh Hegde,1983-11-25,1,5,0,2015-11-25
4366,10,216,12,3,KGID104365,Ramesh Naik,2001-05-05,1,7,1,2004-06-21
4367,10,216,12,3,KGID104366,Yogesh Hegde,1993-03-28,1,6,0,2003-11-17
4368,10,216,12,3,KGID104367,Savitri Reddy,2000-11-07,2,6,0,2001-11-06
4369,10,216,12,3,KGID104368,Lokesh Bhat,1982-03-17,1,5,0,2006-10-02
4370,10,216,12,3,KGID104369,Kiran Kamath,1992-09-24,1,8,0,2005-04-08
4371,10,216,12,3,KGID104370,Nagaraj Desai,1995-02-03,1,1,0,2003-07-24
4372,10,216,12,3,KGID104371,Vinay Reddy,1997-03-07,1,8,0,2001-09-08
4373,10,217,8,4,KGID104372,Basavaraj Bhat,1980-06-23,1,6,0,2011-03-13
4374,10,217,9,1,KGID104373,Chandrashekar Naik,1998-07-23,1,1,0,2023-10-06
4375,10,217,9,1,KGID104374,Manjunath Iyer,1997-11-12,1,7,0,2002-12-10
4376,10,217,10,3,KGID104375,Anand Nayak,1998-03-14,1,5,0,2009-09-29
4377,10,217,10,3,KGID104376,Manjunath Reddy,1977-02-27,1,2,0,2003-04-19
4378,10,217,11,3,KGID104377,Vijay Reddy,2001-12-13,1,4,0,2002-03-29
4379,10,217,11,3,KGID104378,Srinivas Naik,1992-02-03,1,7,0,2011-03-18
4380,10,217,11,3,KGID104379,Suresh Nayak,1995-01-28,1,5,0,2017-11-27
4381,10,217,11,3,KGID104380,Harish Hegde,1986-01-29,1,7,0,1995-05-16
4382,10,217,11,3,KGID104381,Manjunath Kamath,1990-07-31,1,3,0,2000-06-07
4383,10,217,11,3,KGID104382,Krishna Reddy,1999-04-11,1,1,0,2006-10-29
4384,10,217,11,3,KGID104383,Sandeep Devaraj,1977-12-02,1,2,0,2007-06-17
4385,10,217,12,3,KGID104384,Sandeep Gowda,2002-02-14,1,3,0,2003-09-15
4386,10,217,12,3,KGID104385,Srinivas Hegde,1996-11-09,1,7,0,2001-05-29
4387,10,217,12,3,KGID104386,Mahesh Kulkarni,1994-02-22,1,7,0,2004-12-04
4388,10,217,12,3,KGID104387,Dinesh Patil,1997-10-24,1,4,0,2016-03-14
4389,10,217,12,3,KGID104388,Krishna Poojary,1994-10-29,1,8,0,2006-10-22
4390,10,217,12,3,KGID104389,Ramesh Bhandari,1999-06-27,1,5,0,2004-09-05
4391,10,217,12,3,KGID104390,Lokesh Rao,1985-03-26,1,6,0,2013-10-12
4392,10,217,12,3,KGID104391,Raghavendra Hiremath,1985-06-12,1,5,0,2015-08-25
4393,10,217,12,3,KGID104392,Mahesh Hiremath,1997-02-19,1,2,0,2010-04-03
4394,10,217,12,3,KGID104393,Santosh Naik,2001-11-29,1,7,0,2014-09-13
4395,10,217,12,3,KGID104394,Deepa Jadhav,1985-01-13,2,8,0,2007-12-25
4396,10,217,12,3,KGID104395,Srinivas Naik,1994-07-30,1,7,0,2001-07-13
4397,10,217,12,3,KGID104396,Rekha Naik,1999-05-06,2,3,0,2007-05-06
4398,10,217,12,3,KGID104397,Ravi Nayak,1986-11-21,1,7,0,2001-10-22
4399,11,222,9,2,KGID104398,Krishna Poojary,1992-11-10,1,7,0,2010-10-06
4400,11,222,8,2,KGID104399,Manjula Patil,1993-10-03,2,1,0,2013-04-19
4401,11,222,9,1,KGID104400,Yogesh Kulkarni,1989-07-17,1,4,0,2002-03-23
4402,11,222,10,3,KGID104401,Yogesh Bhandari,1982-10-03,1,6,0,2004-07-07
4403,11,222,10,3,KGID104402,Vinay Kulkarni,1998-03-25,1,5,0,2003-10-25
4404,11,222,10,3,KGID104403,Chandrashekar Kulkarni,1998-12-06,1,1,0,2008-09-17
4405,11,222,11,3,KGID104404,Chandrashekar Kulkarni,1985-06-07,1,7,0,2019-07-06
4406,11,222,11,3,KGID104405,Manoj Rao,1996-07-05,1,4,0,2006-08-10
4407,11,222,11,3,KGID104406,Nagaraj Poojary,1977-01-05,1,4,0,2006-12-16
4408,11,222,11,3,KGID104407,Naveen Nayak,1985-01-17,1,3,0,2019-03-14
4409,11,222,11,3,KGID104408,Suresh Desai,1994-10-13,1,4,0,1998-11-13
4410,11,222,11,3,KGID104409,Nagaraj Devaraj,1981-05-31,1,6,0,2016-05-30
4411,11,222,11,3,KGID104410,Manjunath Kamath,2001-05-10,1,8,0,2019-12-31
4412,11,222,12,3,KGID104411,Yogesh Nayak,1987-08-12,1,2,0,2019-03-31
4413,11,222,12,3,KGID104412,Pradeep Shetty,1982-10-21,1,7,0,2008-05-30
4414,11,222,12,3,KGID104413,Nagaraj Iyer,1999-02-22,1,2,0,2000-07-24
4415,11,222,12,3,KGID104414,Suresh Hiremath,2004-12-27,1,2,0,2012-11-24
4416,11,222,12,3,KGID104415,Shobha Achar,1982-04-11,2,3,0,2015-10-31
4417,11,222,12,3,KGID104416,Ravi Kulkarni,2003-12-31,1,3,0,2017-06-03
4418,11,222,12,3,KGID104417,Santosh Gowda,1994-12-20,1,4,0,2019-04-08
4419,11,222,12,3,KGID104418,Girish Kulkarni,1983-10-31,1,6,0,2003-08-20
4420,11,222,12,3,KGID104419,Basavaraj Jadhav,1986-11-13,1,1,0,2010-03-18
4421,11,222,12,3,KGID104420,Radha Kumar,2001-06-08,2,7,0,2001-06-19
4422,11,222,12,3,KGID104421,Yogesh Devaraj,1991-03-02,1,1,0,2011-03-26
4423,11,223,8,2,KGID104422,Manjunath Gowda,1989-07-02,1,7,0,2015-08-28
4424,11,223,9,2,KGID104423,Ravi Jadhav,1989-03-18,1,5,0,2010-01-03
4425,11,223,9,1,KGID104424,Shivakumar Kumar,1989-04-02,1,8,0,2023-11-12
4426,11,223,10,3,KGID104425,Vijay Gowda,1996-03-16,1,3,0,2010-10-10
4427,11,223,10,3,KGID104426,Sandeep Gowda,1997-07-08,1,7,0,2023-07-24
4428,11,223,11,3,KGID104427,Prakash Iyer,1979-06-14,1,3,0,2020-09-25
4429,11,223,11,3,KGID104428,Kiran Rao,1990-10-20,1,3,0,2001-09-04
4430,11,223,11,3,KGID104429,Sandeep Jadhav,1984-12-17,1,4,0,2013-04-22
4431,11,223,11,3,KGID104430,Santosh Bhat,1981-05-29,1,5,0,2003-08-05
4432,11,223,11,3,KGID104431,Naveen Iyer,1979-08-09,1,4,0,2008-06-12
4433,11,223,11,3,KGID104432,Lokesh Iyer,2000-11-13,1,3,0,2021-11-04
4434,11,223,11,3,KGID104433,Sandeep Rao,1991-04-25,1,8,0,2002-05-30
4435,11,223,12,3,KGID104434,Chandrashekar Naik,1987-04-03,1,4,0,2006-10-08
4436,11,223,12,3,KGID104435,Ravi Hegde,1990-08-21,1,1,0,2006-03-12
4437,11,223,12,3,KGID104436,Kiran Bhandari,1993-04-10,1,8,0,2008-01-03
4438,11,223,12,3,KGID104437,Sandeep Reddy,1987-06-03,1,3,0,2021-07-28
4439,11,223,12,3,KGID104438,Kiran Devaraj,1997-07-03,1,6,0,2001-07-23
4440,11,223,12,3,KGID104439,Gopal Achar,1999-12-15,1,8,0,2013-07-08
4441,11,223,12,3,KGID104440,Prakash Shetty,1989-03-09,1,8,0,2004-11-22
4442,11,223,12,3,KGID104441,Pradeep Iyer,1987-09-18,1,8,0,2023-07-30
4443,11,223,12,3,KGID104442,Kavya Patil,2000-05-25,2,7,1,2015-07-22
4444,11,223,12,3,KGID104443,Ramesh Naik,1986-07-12,1,2,0,2007-03-20
4445,11,223,12,3,KGID104444,Pradeep Shetty,1983-10-18,1,4,0,2018-11-05
4446,11,223,12,3,KGID104445,Ravi Hiremath,1988-03-11,1,4,0,2011-12-05
4447,11,223,12,3,KGID104446,Basavaraj Hiremath,1991-01-26,1,4,1,2000-12-02
4448,11,223,12,3,KGID104447,Manoj Kumar,1989-08-19,1,4,0,2011-11-12
4449,11,224,9,2,KGID104448,Prakash Iyer,1979-03-14,1,7,0,2019-05-10
4450,11,224,9,1,KGID104449,Manoj Jadhav,1992-09-22,1,6,0,2007-05-03
4451,11,224,10,3,KGID104450,Umesh Kamath,1996-04-20,1,7,0,2012-03-23
4452,11,224,10,3,KGID104451,Pradeep Hegde,1997-04-03,1,8,0,1999-08-29
4453,11,224,11,3,KGID104452,Ravi Gowda,1994-12-13,1,8,0,2001-03-22
4454,11,224,11,3,KGID104453,Srinivas Devaraj,1983-08-19,1,5,0,2004-03-14
4455,11,224,11,3,KGID104454,Umesh Devaraj,1980-02-18,1,5,0,2002-08-31
4456,11,224,11,3,KGID104455,Krishna Rao,2000-05-20,1,7,0,2011-03-14
4457,11,224,11,3,KGID104456,Raghavendra Kulkarni,1981-07-20,1,6,0,2014-09-08
4458,11,224,11,3,KGID104457,Vani Hegde,1998-01-20,2,6,0,2011-12-21
4459,11,224,12,3,KGID104458,Shivakumar Bhandari,1988-09-24,1,1,0,2004-04-17
4460,11,224,12,3,KGID104459,Roopa Hiremath,1985-01-15,2,6,0,2005-06-01
4461,11,224,12,3,KGID104460,Shivakumar Achar,1980-09-19,1,2,0,2002-04-28
4462,11,224,12,3,KGID104461,Dinesh Naik,1988-08-04,1,8,0,2017-07-31
4463,11,224,12,3,KGID104462,Harish Kumar,1982-09-26,1,8,0,2022-05-21
4464,11,224,12,3,KGID104463,Shivakumar Gowda,1992-11-21,1,1,0,2002-10-01
4465,11,224,12,3,KGID104464,Naveen Reddy,1987-09-21,1,4,0,2011-03-13
4466,11,224,12,3,KGID104465,Ravi Hegde,1982-04-30,1,4,0,2013-08-13
4467,11,224,12,3,KGID104466,Anand Iyer,1986-03-07,1,1,0,2013-10-30
4468,11,225,8,2,KGID104467,Shivakumar Shetty,1995-10-30,1,3,0,1997-06-21
4469,11,225,9,2,KGID104468,Rajesh Kumar,1975-02-04,1,5,0,2001-07-22
4470,11,225,9,1,KGID104469,Girish Reddy,1995-08-27,1,3,0,2004-12-10
4471,11,225,9,1,KGID104470,Mahesh Kamath,1984-05-06,1,6,0,2021-08-06
4472,11,225,10,3,KGID104471,Shivakumar Bhat,1982-09-09,1,6,0,2001-07-09
4473,11,225,10,3,KGID104472,Mahesh Kumar,1999-10-23,1,8,0,2022-12-13
4474,11,225,10,3,KGID104473,Lokesh Bhat,1994-06-08,1,5,0,2014-08-22
4475,11,225,11,3,KGID104474,Prakash Jadhav,1976-06-26,1,4,0,2020-10-13
4476,11,225,11,3,KGID104475,Yogesh Gowda,1982-11-25,1,7,0,2003-10-24
4477,11,225,11,3,KGID104476,Naveen Reddy,1987-06-17,1,4,0,2020-10-16
4478,11,225,11,3,KGID104477,Manjula Devaraj,1981-12-29,2,7,0,2012-06-21
4479,11,225,11,3,KGID104478,Vani Bhat,1990-09-04,2,6,0,2003-01-05
4480,11,225,12,3,KGID104479,Basavaraj Achar,1994-03-17,1,4,0,2013-12-09
4481,11,225,12,3,KGID104480,Yogesh Jadhav,1992-01-06,1,5,0,2008-04-25
4482,11,225,12,3,KGID104481,Yogesh Achar,1998-09-11,1,4,0,2003-10-29
4483,11,225,12,3,KGID104482,Suresh Gowda,1985-12-10,1,3,0,2015-06-08
4484,11,225,12,3,KGID104483,Manoj Reddy,1997-06-17,1,7,0,2005-06-27
4485,11,225,12,3,KGID104484,Basavaraj Naik,1987-01-02,1,8,0,2018-10-01
4486,11,225,12,3,KGID104485,Prakash Kulkarni,1994-01-27,1,1,0,2023-06-11
4487,11,225,12,3,KGID104486,Shivakumar Kumar,1990-12-28,1,3,0,2000-12-04
4488,11,225,12,3,KGID104487,Raghavendra Kamath,1998-03-14,1,1,0,2017-08-27
4489,11,225,12,3,KGID104488,Chandrashekar Rao,1985-05-12,1,2,0,2018-11-06
4490,11,225,12,3,KGID104489,Gopal Patil,1998-01-21,1,3,0,2016-09-07
4491,11,225,12,3,KGID104490,Prakash Gowda,1992-02-11,1,6,0,2004-10-23
4492,11,225,12,3,KGID104491,Lokesh Achar,1989-11-27,1,1,0,2018-10-07
4493,11,225,12,3,KGID104492,Santosh Kulkarni,1987-11-07,1,8,0,2019-04-17
4494,11,226,8,2,KGID104493,Srinivas Jadhav,1983-12-15,1,6,0,2013-08-11
4495,11,226,9,1,KGID104494,Krishna Jadhav,1982-04-12,1,3,0,2009-10-12
4496,11,226,9,1,KGID104495,Sandeep Gowda,1993-10-23,1,2,0,2018-04-13
4497,11,226,10,3,KGID104496,Suresh Devaraj,1995-06-07,1,5,0,2005-03-29
4498,11,226,10,3,KGID104497,Shivakumar Reddy,1987-07-07,1,5,0,2007-03-16
4499,11,226,10,3,KGID104498,Harish Achar,2000-03-22,1,5,0,2010-12-27
4500,11,226,11,3,KGID104499,Naveen Bhat,1979-02-25,1,8,0,2015-07-13
4501,11,226,11,3,KGID104500,Yogesh Desai,1984-05-17,1,5,0,2001-09-01
4502,11,226,11,3,KGID104501,Mahesh Iyer,2001-01-15,1,8,0,2001-08-21
4503,11,226,11,3,KGID104502,Shobha Kamath,1977-12-16,2,8,0,2010-11-22
4504,11,226,11,3,KGID104503,Chandrashekar Hiremath,1997-04-03,1,1,0,2014-10-17
4505,11,226,11,3,KGID104504,Krishna Poojary,1997-04-20,1,2,0,1998-10-25
4506,11,226,12,3,KGID104505,Ramesh Gowda,1980-07-02,1,1,0,2015-11-04
4507,11,226,12,3,KGID104506,Mahesh Naik,1989-12-02,1,6,0,2003-04-18
4508,11,226,12,3,KGID104507,Ravi Shetty,1982-06-22,1,2,0,2006-04-18
4509,11,226,12,3,KGID104508,Yogesh Bhandari,1984-06-19,1,6,0,2011-08-02
4510,11,226,12,3,KGID104509,Girish Kumar,2000-05-13,1,3,0,2005-04-13
4511,11,226,12,3,KGID104510,Santosh Bhat,1996-10-31,1,5,0,2006-07-06
4512,11,226,12,3,KGID104511,Srinivas Patil,1992-12-30,1,5,0,2021-03-13
4513,11,226,12,3,KGID104512,Yogesh Gowda,1988-05-29,1,7,0,2023-11-03
4514,11,226,12,3,KGID104513,Yogesh Kulkarni,2001-07-03,1,2,0,2018-12-14
4515,11,226,12,3,KGID104514,Raghavendra Hegde,2003-05-10,1,4,0,2014-12-06
4516,11,226,12,3,KGID104515,Srinivas Poojary,1987-03-20,1,8,0,2012-05-23
4517,11,226,12,3,KGID104516,Dinesh Naik,1984-08-13,1,6,0,2010-11-24
4518,11,226,12,3,KGID104517,Suresh Desai,2002-12-20,1,1,0,2006-01-06
4519,11,226,12,3,KGID104518,Ravi Rao,1989-03-31,1,1,0,2000-07-06
4520,11,226,12,3,KGID104519,Gopal Desai,2000-07-12,1,3,0,2002-08-13
4521,11,226,12,3,KGID104520,Suresh Patil,1984-09-15,1,1,0,2001-10-10
4522,11,227,8,2,KGID104521,Vinay Kulkarni,1978-05-17,1,6,0,2012-05-07
4523,11,227,9,2,KGID104522,Manjula Nayak,1987-03-12,2,3,0,1996-05-22
4524,11,227,9,1,KGID104523,Anitha Naik,1987-02-05,2,5,0,2002-08-28
4525,11,227,9,1,KGID104524,Ramesh Devaraj,1990-11-13,1,1,0,2012-09-18
4526,11,227,10,3,KGID104525,Santosh Kulkarni,1979-07-09,1,4,0,2021-09-28
4527,11,227,10,3,KGID104526,Pradeep Kamath,1987-06-22,1,8,0,2000-03-20
4528,11,227,11,3,KGID104527,Pradeep Gowda,1998-01-26,1,6,0,1995-07-01
4529,11,227,11,3,KGID104528,Raghavendra Kamath,1977-11-28,1,1,0,1998-05-19
4530,11,227,11,3,KGID104529,Vijay Hiremath,1985-08-11,1,2,0,2004-06-20
4531,11,227,11,3,KGID104530,Suresh Shetty,1983-03-04,1,6,0,2022-04-14
4532,11,227,11,3,KGID104531,Dinesh Bhat,1996-08-15,1,8,0,2000-12-15
4533,11,227,12,3,KGID104532,Anand Achar,1994-12-26,1,4,0,2005-03-17
4534,11,227,12,3,KGID104533,Ramesh Bhandari,1993-09-06,1,2,0,2013-10-22
4535,11,227,12,3,KGID104534,Lokesh Hiremath,2001-11-21,1,6,0,2001-12-09
4536,11,227,12,3,KGID104535,Dinesh Achar,2002-04-08,1,6,0,2015-06-08
4537,11,227,12,3,KGID104536,Sandeep Bhandari,1999-11-29,1,7,0,2016-07-05
4538,11,227,12,3,KGID104537,Manoj Shetty,1983-09-26,1,5,0,2022-05-15
4539,11,227,12,3,KGID104538,Basavaraj Achar,1988-01-06,1,5,0,2022-10-15
4540,11,227,12,3,KGID104539,Ravi Iyer,1985-05-02,1,6,0,2002-10-31
4541,11,228,8,2,KGID104540,Lokesh Jadhav,1979-04-23,1,2,0,1996-05-06
4542,11,228,9,1,KGID104541,Dinesh Nayak,1995-12-07,1,5,0,2014-05-09
4543,11,228,10,3,KGID104542,Gopal Hegde,1989-01-07,1,8,0,2014-10-07
4544,11,228,10,3,KGID104543,Rajesh Rao,1985-04-05,1,2,0,2015-05-07
4545,11,228,11,3,KGID104544,Shivakumar Jadhav,1999-05-18,1,1,0,2018-04-23
4546,11,228,11,3,KGID104545,Mahesh Kulkarni,1990-10-28,1,7,0,2004-10-06
4547,11,228,11,3,KGID104546,Gopal Jadhav,1985-04-20,1,8,0,2003-05-20
4548,11,228,11,3,KGID104547,Vijay Nayak,1991-08-12,1,8,0,2015-07-20
4549,11,228,11,3,KGID104548,Prakash Kamath,1999-09-09,1,3,0,2016-01-02
4550,11,228,11,3,KGID104549,Krishna Gowda,1983-01-22,1,6,0,2017-06-05
4551,11,228,11,3,KGID104550,Shivakumar Patil,1988-10-08,1,4,0,2001-05-20
4552,11,228,12,3,KGID104551,Prakash Reddy,1997-04-18,1,5,0,2004-12-24
4553,11,228,12,3,KGID104552,Srinivas Hegde,1988-08-16,1,7,0,2014-05-04
4554,11,228,12,3,KGID104553,Lokesh Patil,1983-07-17,1,6,0,2010-11-06
4555,11,228,12,3,KGID104554,Kiran Hegde,1992-10-31,1,1,0,2001-11-01
4556,11,228,12,3,KGID104555,Shivakumar Kamath,1990-12-26,1,5,0,2002-06-07
4557,11,228,12,3,KGID104556,Sunita Reddy,1994-09-12,2,3,0,2020-06-23
4558,11,228,12,3,KGID104557,Girish Kulkarni,1995-09-07,1,3,0,2016-12-07
4559,11,228,12,3,KGID104558,Mahesh Rao,1984-05-04,1,5,0,2021-04-03
4560,11,228,12,3,KGID104559,Rajesh Kumar,1993-06-08,1,3,0,2017-12-02
4561,11,228,12,3,KGID104560,Yogesh Jadhav,1998-04-04,1,3,0,2001-12-31
4562,11,228,12,3,KGID104561,Jayashree Patil,1989-04-08,2,6,0,2022-06-14
4563,11,228,12,3,KGID104562,Shivakumar Hiremath,1995-07-15,1,7,0,2004-04-20
4564,11,228,12,3,KGID104563,Manjunath Hiremath,1993-06-01,1,1,0,2013-08-06
4565,11,228,12,3,KGID104564,Shivakumar Reddy,1987-01-27,1,2,0,2007-10-08
4566,11,229,9,2,KGID104565,Sandeep Kamath,1984-03-17,1,5,0,2022-07-25
4567,11,229,9,2,KGID104566,Kiran Jadhav,1992-04-09,1,5,0,2007-10-18
4568,11,229,9,1,KGID104567,Santosh Patil,1998-07-23,1,4,0,2019-12-12
4569,11,229,9,1,KGID104568,Umesh Kulkarni,1994-02-27,1,2,0,2006-03-28
4570,11,229,10,3,KGID104569,Lakshmi Shetty,1995-09-23,2,7,0,2000-10-18
4571,11,229,10,3,KGID104570,Rajesh Kulkarni,1984-06-01,1,8,0,2014-11-01
4572,11,229,11,3,KGID104571,Naveen Desai,1997-06-03,1,3,0,2006-07-17
4573,11,229,11,3,KGID104572,Shobha Gowda,1978-07-03,2,8,0,2023-08-31
4574,11,229,11,3,KGID104573,Manoj Gowda,1994-08-24,1,7,0,2009-11-26
4575,11,229,11,3,KGID104574,Vinay Bhat,1984-09-16,1,6,0,1997-09-17
4576,11,229,11,3,KGID104575,Harish Reddy,1991-06-06,1,8,0,2018-09-27
4577,11,229,11,3,KGID104576,Shivakumar Shetty,1979-12-25,1,6,0,2022-08-25
4578,11,229,11,3,KGID104577,Suresh Reddy,1979-03-19,1,8,0,2008-09-16
4579,11,229,11,3,KGID104578,Naveen Jadhav,1981-02-03,1,6,0,1997-11-05
4580,11,229,12,3,KGID104579,Rajesh Nayak,1990-12-29,1,1,0,2014-10-13
4581,11,229,12,3,KGID104580,Raghavendra Achar,2000-07-21,1,4,0,2013-07-16
4582,11,229,12,3,KGID104581,Raghavendra Kumar,1990-05-20,1,2,0,2003-12-19
4583,11,229,12,3,KGID104582,Rajesh Bhandari,1987-04-10,1,7,0,2021-07-02
4584,11,229,12,3,KGID104583,Santosh Hiremath,1995-06-18,1,7,0,2003-05-17
4585,11,229,12,3,KGID104584,Raghavendra Nayak,1994-06-28,1,5,0,2005-01-01
4586,11,229,12,3,KGID104585,Girish Rao,1991-04-29,1,3,0,2000-09-13
4587,11,229,12,3,KGID104586,Anand Kamath,2002-01-18,1,6,0,2018-08-11
4588,11,229,12,3,KGID104587,Ravi Achar,1990-01-21,1,3,0,2009-12-22
4589,11,229,12,3,KGID104588,Sandeep Bhandari,1985-08-29,1,5,0,2013-03-12
4590,11,229,12,3,KGID104589,Jayashree Gowda,1991-08-22,2,6,0,2022-04-28
4591,11,229,12,3,KGID104590,Santosh Hegde,2002-11-02,1,1,0,2001-12-14
4592,11,230,8,2,KGID104591,Shobha Jadhav,1981-05-01,2,4,0,2021-06-24
4593,11,230,9,1,KGID104592,Shivakumar Jadhav,1986-04-04,1,2,0,2004-12-10
4594,11,230,9,1,KGID104593,Girish Kulkarni,1999-11-09,1,5,0,2012-09-15
4595,11,230,10,3,KGID104594,Ravi Reddy,1994-07-26,1,8,0,2011-05-16
4596,11,230,10,3,KGID104595,Lokesh Poojary,1984-05-20,1,6,0,2021-07-23
4597,11,230,10,3,KGID104596,Kiran Bhandari,1979-03-01,1,5,0,2012-05-13
4598,11,230,11,3,KGID104597,Rekha Bhandari,1986-07-20,2,6,0,2005-07-15
4599,11,230,11,3,KGID104598,Kiran Poojary,2001-07-15,1,3,0,2013-09-04
4600,11,230,11,3,KGID104599,Raghavendra Hiremath,1981-11-30,1,6,0,2009-11-08
4601,11,230,11,3,KGID104600,Anand Hegde,1975-08-20,1,6,0,1995-12-02
4602,11,230,11,3,KGID104601,Basavaraj Naik,1979-08-05,1,8,0,2019-06-30
4603,11,230,11,3,KGID104602,Naveen Patil,1977-04-16,1,7,0,2003-04-26
4604,11,230,11,3,KGID104603,Manjunath Devaraj,1998-12-04,1,6,0,2004-10-04
4605,11,230,11,3,KGID104604,Suresh Shetty,1979-08-14,1,1,0,2013-10-20
4606,11,230,12,3,KGID104605,Rekha Nayak,1983-11-03,2,8,0,2008-06-22
4607,11,230,12,3,KGID104606,Suresh Shetty,1988-04-04,1,6,0,2019-08-03
4608,11,230,12,3,KGID104607,Rajesh Rao,1997-10-11,1,5,0,2000-11-22
4609,11,230,12,3,KGID104608,Gopal Shetty,1996-01-04,1,7,0,2000-10-11
4610,11,230,12,3,KGID104609,Manjunath Rao,1984-12-30,1,2,0,2005-08-31
4611,11,230,12,3,KGID104610,Nagaraj Desai,2003-07-05,1,6,0,2001-10-15
4612,11,230,12,3,KGID104611,Lokesh Desai,2003-01-09,1,5,0,2023-08-11
4613,11,230,12,3,KGID104612,Raghavendra Achar,1984-09-11,1,1,0,2019-07-21
4614,11,230,12,3,KGID104613,Rajesh Devaraj,1985-11-27,1,4,0,2020-09-20
4615,11,230,12,3,KGID104614,Manjunath Shetty,1988-01-12,1,4,0,2012-05-07
4616,11,230,12,3,KGID104615,Krishna Kulkarni,1983-02-26,1,7,0,2010-10-07
4617,11,231,8,2,KGID104616,Sandeep Reddy,1992-05-01,1,2,0,2016-08-08
4618,11,231,8,2,KGID104617,Krishna Shetty,1997-10-15,1,2,0,2004-11-23
4619,11,231,9,1,KGID104618,Anand Naik,1998-11-21,1,3,0,2014-08-01
4620,11,231,10,3,KGID104619,Harish Hiremath,1981-12-17,1,2,0,2006-04-02
4621,11,231,10,3,KGID104620,Naveen Shetty,1979-06-15,1,2,0,2014-07-04
4622,11,231,10,3,KGID104621,Vijay Reddy,1997-01-26,1,2,0,2005-12-19
4623,11,231,11,3,KGID104622,Manoj Shetty,1995-07-28,1,2,0,2011-03-24
4624,11,231,11,3,KGID104623,Krishna Poojary,1997-09-10,1,8,0,1999-06-02
4625,11,231,11,3,KGID104624,Lokesh Desai,1992-01-10,1,2,0,1995-12-05
4626,11,231,11,3,KGID104625,Krishna Bhandari,1981-09-22,1,2,0,2001-04-02
4627,11,231,11,3,KGID104626,Deepa Gowda,1985-05-10,2,2,0,2014-12-17
4628,11,231,11,3,KGID104627,Vinay Nayak,1995-10-19,1,6,0,2023-08-28
4629,11,231,11,3,KGID104628,Yogesh Poojary,1986-12-02,1,6,0,2015-04-14
4630,11,231,11,3,KGID104629,Pradeep Reddy,1979-05-04,1,6,0,2009-07-12
4631,11,231,12,3,KGID104630,Manjunath Poojary,1984-05-20,1,4,0,2019-09-10
4632,11,231,12,3,KGID104631,Harish Hiremath,2004-09-27,1,2,0,2002-04-28
4633,11,231,12,3,KGID104632,Umesh Gowda,1983-12-14,1,4,0,2013-05-24
4634,11,231,12,3,KGID104633,Suresh Achar,1986-03-03,1,7,0,2011-09-22
4635,11,231,12,3,KGID104634,Chandrashekar Kamath,2004-12-30,1,7,0,2012-08-14
4636,11,231,12,3,KGID104635,Pradeep Hegde,1985-09-07,1,4,0,2001-10-29
4637,11,231,12,3,KGID104636,Manoj Iyer,2003-12-23,1,1,0,2008-11-11
4638,11,231,12,3,KGID104637,Harish Naik,1986-05-02,1,7,0,2021-08-15
4639,11,231,12,3,KGID104638,Umesh Gowda,1999-09-19,1,7,0,2014-09-16
4640,11,231,12,3,KGID104639,Krishna Jadhav,1987-05-04,1,4,0,2014-08-11
4641,11,231,12,3,KGID104640,Shivakumar Kamath,1984-10-15,1,1,0,2016-05-09
4642,11,231,12,3,KGID104641,Deepa Jadhav,1989-10-06,2,3,0,2019-04-10
4643,11,231,12,3,KGID104642,Nagaraj Iyer,1987-07-22,1,2,0,2000-08-20
4644,11,231,12,3,KGID104643,Rajesh Gowda,1980-11-14,1,4,0,2005-06-05
4645,11,231,12,3,KGID104644,Pallavi Jadhav,1988-10-17,2,4,0,2016-05-29
4646,11,231,12,3,KGID104645,Sandeep Shetty,1989-10-01,1,3,0,2011-03-23
4647,11,231,12,3,KGID104646,Kiran Hegde,1988-01-02,1,7,0,2022-08-23
4648,11,232,9,2,KGID104647,Krishna Nayak,1981-08-05,1,7,0,2010-06-04
4649,11,232,9,1,KGID104648,Yogesh Patil,1991-11-20,1,3,0,2011-09-09
4650,11,232,10,3,KGID104649,Nagaraj Rao,1993-11-15,1,8,0,2009-07-19
4651,11,232,10,3,KGID104650,Vijay Devaraj,1999-11-06,1,1,0,2015-07-05
4652,11,232,10,3,KGID104651,Nagaraj Kulkarni,1997-08-23,1,3,0,2015-11-25
4653,11,232,11,3,KGID104652,Kiran Poojary,1979-08-06,1,2,0,2001-09-20
4654,11,232,11,3,KGID104653,Raghavendra Poojary,1984-06-29,1,1,0,2020-11-11
4655,11,232,11,3,KGID104654,Srinivas Rao,1989-12-02,1,7,0,2021-04-13
4656,11,232,11,3,KGID104655,Kiran Nayak,2001-07-20,1,7,0,2013-07-15
4657,11,232,12,3,KGID104656,Vijay Hegde,1996-10-10,1,7,0,2000-06-18
4658,11,232,12,3,KGID104657,Manjunath Nayak,1996-09-11,1,1,0,2008-05-19
4659,11,232,12,3,KGID104658,Vinay Iyer,1983-08-25,1,6,0,2003-07-30
4660,11,232,12,3,KGID104659,Ravi Patil,1991-12-26,1,2,0,2023-09-06
4661,11,232,12,3,KGID104660,Yogesh Reddy,1991-02-14,1,4,0,2019-10-18
4662,11,232,12,3,KGID104661,Dinesh Reddy,1992-03-14,1,2,0,2008-08-22
4663,11,232,12,3,KGID104662,Chandrashekar Hiremath,1981-05-29,1,4,0,2000-09-23
4664,11,232,12,3,KGID104663,Sandeep Kulkarni,1983-12-14,1,1,0,2005-07-24
4665,11,232,12,3,KGID104664,Pradeep Kamath,1986-10-03,1,2,0,2015-12-20
4666,11,232,12,3,KGID104665,Manjunath Shetty,1993-12-23,1,7,0,2006-11-09
4667,11,232,12,3,KGID104666,Sandeep Hiremath,1996-12-29,1,5,0,2016-08-16
4668,11,232,12,3,KGID104667,Ravi Achar,1998-05-10,1,3,0,2009-12-19
4669,11,232,12,3,KGID104668,Shivakumar Kumar,1986-07-25,1,5,0,2001-03-18
4670,11,232,12,3,KGID104669,Srinivas Poojary,1985-07-13,1,7,0,2015-08-12
4671,11,233,9,2,KGID104670,Sandeep Bhat,1993-11-26,1,7,0,2000-05-09
4672,11,233,9,2,KGID104671,Prakash Achar,1992-04-27,1,2,0,2023-12-27
4673,11,233,9,1,KGID104672,Ramesh Bhandari,1985-09-28,1,5,0,2015-08-01
4674,11,233,10,3,KGID104673,Shivakumar Kumar,1990-03-16,1,7,0,2018-09-06
4675,11,233,10,3,KGID104674,Mahesh Nayak,1983-09-17,1,8,0,1997-10-17
4676,11,233,11,3,KGID104675,Suresh Patil,1980-01-28,1,8,0,1996-12-16
4677,11,233,11,3,KGID104676,Harish Iyer,1984-11-19,1,8,0,2019-08-11
4678,11,233,11,3,KGID104677,Umesh Bhandari,1999-09-07,1,5,0,2022-08-17
4679,11,233,11,3,KGID104678,Naveen Hegde,1999-01-15,1,6,0,1996-08-14
4680,11,233,11,3,KGID104679,Girish Shetty,1977-10-28,1,8,0,1998-04-06
4681,11,233,12,3,KGID104680,Umesh Poojary,1987-05-14,1,8,0,2001-07-08
4682,11,233,12,3,KGID104681,Suresh Reddy,1987-11-08,1,7,0,2002-09-23
4683,11,233,12,3,KGID104682,Pallavi Kumar,1992-08-21,2,2,0,2003-05-19
4684,11,233,12,3,KGID104683,Sandeep Hiremath,1987-11-05,1,8,0,2000-12-05
4685,11,233,12,3,KGID104684,Manjunath Gowda,1983-04-19,1,8,0,2004-08-17
4686,11,233,12,3,KGID104685,Manjunath Devaraj,2001-11-08,1,7,0,2010-11-05
4687,11,233,12,3,KGID104686,Prakash Bhandari,1992-01-10,1,4,0,2003-11-27
4688,11,233,12,3,KGID104687,Naveen Devaraj,1986-05-21,1,8,0,2012-08-02
4689,11,233,12,3,KGID104688,Umesh Iyer,1981-02-02,1,3,0,2007-04-02
4690,11,233,12,3,KGID104689,Anand Desai,1981-02-03,1,8,1,2008-08-09
4691,11,233,12,3,KGID104690,Harish Reddy,1989-03-29,1,6,0,2006-11-06
4692,11,233,12,3,KGID104691,Pradeep Jadhav,1994-11-21,1,1,0,2018-11-20
4693,11,233,12,3,KGID104692,Gopal Bhandari,1999-10-15,1,1,0,2011-05-03
4694,11,233,12,3,KGID104693,Basavaraj Jadhav,1983-06-18,1,7,0,2010-12-27
4695,11,233,12,3,KGID104694,Sandeep Bhandari,1981-09-29,1,6,0,2006-09-18
4696,11,233,12,3,KGID104695,Basavaraj Kumar,1991-08-05,1,1,0,2011-04-09
4697,11,233,12,3,KGID104696,Ravi Bhandari,1998-01-23,1,1,0,2000-05-11
4698,11,234,8,2,KGID104697,Vijay Hiremath,1982-04-20,1,7,0,1999-12-08
4699,11,234,9,1,KGID104698,Sunita Desai,1986-03-20,2,1,0,2016-10-11
4700,11,234,9,1,KGID104699,Vinay Kamath,1983-09-13,1,3,0,2015-04-21
4701,11,234,10,3,KGID104700,Nandini Kulkarni,1978-06-04,2,7,0,2008-08-03
4702,11,234,10,3,KGID104701,Suresh Desai,1995-02-27,1,5,0,2010-07-12
4703,11,234,11,3,KGID104702,Nagaveni Reddy,1993-07-18,2,7,0,2011-07-27
4704,11,234,11,3,KGID104703,Pradeep Kamath,1990-01-28,1,3,0,2015-11-20
4705,11,234,11,3,KGID104704,Yogesh Bhandari,1987-03-16,1,6,1,2015-04-24
4706,11,234,11,3,KGID104705,Deepa Reddy,1976-12-23,2,3,0,2017-07-30
4707,11,234,12,3,KGID104706,Sunita Shetty,1991-10-10,2,3,0,2011-09-12
4708,11,234,12,3,KGID104707,Naveen Bhat,1992-02-04,1,8,0,2015-07-12
4709,11,234,12,3,KGID104708,Ramesh Nayak,2004-02-27,1,1,0,2001-12-22
4710,11,234,12,3,KGID104709,Shwetha Iyer,1997-07-20,2,3,0,2021-05-26
4711,11,234,12,3,KGID104710,Nagaraj Kumar,1996-05-14,1,3,0,2011-05-05
4712,11,234,12,3,KGID104711,Gopal Gowda,1987-09-30,1,1,0,2008-03-17
4713,11,234,12,3,KGID104712,Srinivas Shetty,1993-09-23,1,4,0,2011-06-11
4714,11,234,12,3,KGID104713,Shobha Reddy,1991-09-13,2,6,0,2017-08-24
4715,11,234,12,3,KGID104714,Basavaraj Hegde,1999-04-16,1,8,0,2016-05-10
4716,11,234,12,3,KGID104715,Prakash Naik,1999-07-19,1,4,0,2005-09-22
4717,11,234,12,3,KGID104716,Ravi Jadhav,1982-05-15,1,5,0,2000-12-11
4718,11,234,12,3,KGID104717,Manoj Kulkarni,1998-09-01,1,1,0,2022-09-20
4719,11,234,12,3,KGID104718,Harish Jadhav,1998-09-10,1,4,0,2017-11-01
4720,11,234,12,3,KGID104719,Basavaraj Bhat,1993-06-18,1,8,0,2003-11-26
4721,11,234,12,3,KGID104720,Santosh Kulkarni,1985-01-04,1,2,0,2015-05-12
4722,11,235,9,2,KGID104721,Mahesh Bhandari,1976-02-01,1,7,0,2020-05-03
4723,11,235,9,1,KGID104722,Raghavendra Devaraj,1987-08-12,1,3,0,2012-07-06
4724,11,235,10,3,KGID104723,Rajesh Hegde,1985-02-04,1,8,0,2001-04-06
4725,11,235,10,3,KGID104724,Shivakumar Shetty,1995-05-31,1,3,0,2014-12-20
4726,11,235,10,3,KGID104725,Shwetha Hiremath,1986-10-01,2,6,0,2003-06-02
4727,11,235,11,3,KGID104726,Girish Bhandari,1993-11-02,1,1,0,2007-03-28
4728,11,235,11,3,KGID104727,Lokesh Hiremath,1987-03-02,1,4,0,2004-05-12
4729,11,235,11,3,KGID104728,Santosh Rao,1999-01-17,1,2,0,2012-12-24
4730,11,235,11,3,KGID104729,Nagaraj Bhat,1990-03-18,1,2,0,1997-06-07
4731,11,235,11,3,KGID104730,Lakshmi Poojary,1978-12-28,2,7,0,2019-07-18
4732,11,235,11,3,KGID104731,Harish Naik,1978-02-14,1,7,0,2007-06-13
4733,11,235,12,3,KGID104732,Yogesh Patil,1997-08-08,1,5,0,2008-06-06
4734,11,235,12,3,KGID104733,Radha Reddy,1986-01-28,2,6,0,2006-06-01
4735,11,235,12,3,KGID104734,Shivakumar Rao,2003-01-06,1,5,0,2016-04-08
4736,11,235,12,3,KGID104735,Prakash Iyer,1989-06-28,1,6,0,2018-10-17
4737,11,235,12,3,KGID104736,Raghavendra Shetty,1992-09-07,1,7,0,2002-05-26
4738,11,235,12,3,KGID104737,Lokesh Kamath,1985-09-01,1,5,1,2004-07-18
4739,11,235,12,3,KGID104738,Rajesh Devaraj,1987-03-28,1,7,0,2012-07-24
4740,11,235,12,3,KGID104739,Girish Patil,1980-02-07,1,8,0,2003-07-03
4741,11,235,12,3,KGID104740,Shobha Patil,1989-09-20,2,1,0,2022-12-06
4742,11,235,12,3,KGID104741,Dinesh Poojary,1981-05-17,1,4,0,2017-06-23
4743,11,235,12,3,KGID104742,Dinesh Kulkarni,1999-07-12,1,4,0,2000-06-22
4744,11,235,12,3,KGID104743,Raghavendra Hiremath,1999-10-12,1,8,0,2000-09-25
4745,11,235,12,3,KGID104744,Dinesh Poojary,1998-03-07,1,1,0,2021-05-29
4746,11,236,8,2,KGID104745,Anand Hiremath,1996-03-05,1,7,0,2023-08-01
4747,11,236,9,1,KGID104746,Mahesh Devaraj,1999-05-26,1,5,0,2017-10-17
4748,11,236,10,3,KGID104747,Dinesh Desai,1986-03-31,1,6,0,2005-09-27
4749,11,236,10,3,KGID104748,Mahesh Naik,1980-08-21,1,1,0,2021-04-30
4750,11,236,10,3,KGID104749,Lokesh Bhat,1985-11-22,1,2,0,2010-08-09
4751,11,236,11,3,KGID104750,Kiran Nayak,1990-05-03,1,7,0,1997-09-04
4752,11,236,11,3,KGID104751,Pushpa Hegde,1983-08-11,2,8,0,2015-04-27
4753,11,236,11,3,KGID104752,Vijay Bhandari,2000-01-08,1,1,0,2013-10-30
4754,11,236,11,3,KGID104753,Anand Shetty,1989-05-31,1,8,0,2012-11-21
4755,11,236,11,3,KGID104754,Gopal Hiremath,1992-05-23,1,4,0,2009-11-20
4756,11,236,11,3,KGID104755,Nagaraj Naik,1993-09-05,1,7,0,1997-08-26
4757,11,236,11,3,KGID104756,Chandrashekar Rao,1982-09-24,1,6,0,2007-12-17
4758,11,236,11,3,KGID104757,Harish Bhandari,1994-12-16,1,7,0,2007-03-20
4759,11,236,12,3,KGID104758,Lokesh Hegde,1985-02-17,1,5,0,2018-08-21
4760,11,236,12,3,KGID104759,Chandrashekar Kamath,1997-07-08,1,6,0,2015-04-09
4761,11,236,12,3,KGID104760,Chandrashekar Naik,2001-10-03,1,4,0,2020-07-04
4762,11,236,12,3,KGID104761,Suresh Shetty,2003-01-04,1,6,0,2007-04-02
4763,11,236,12,3,KGID104762,Mahesh Gowda,1991-02-25,1,5,0,2014-06-23
4764,11,236,12,3,KGID104763,Vinay Kulkarni,2003-09-20,1,5,0,2008-06-13
4765,11,236,12,3,KGID104764,Mahesh Patil,1981-03-19,1,3,0,2020-11-22
4766,11,236,12,3,KGID104765,Sandeep Poojary,1994-12-17,1,6,0,2016-03-15
4767,11,236,12,3,KGID104766,Kiran Patil,1987-06-15,1,1,0,2001-04-25
4768,11,236,12,3,KGID104767,Srinivas Hegde,1995-11-07,1,4,0,2013-04-13
4769,11,236,12,3,KGID104768,Ravi Kumar,2000-04-03,1,4,0,2010-06-14
4770,11,236,12,3,KGID104769,Gopal Iyer,1995-01-08,1,8,0,2023-10-09
4771,11,236,12,3,KGID104770,Manjunath Rao,1989-01-04,1,5,0,2020-12-18
4772,11,236,12,3,KGID104771,Lokesh Bhat,1990-11-22,1,1,0,2006-11-20
4773,11,236,12,3,KGID104772,Rekha Bhandari,1984-11-25,2,2,0,2004-08-08
4774,11,236,12,3,KGID104773,Suresh Bhat,1992-02-23,1,6,0,2000-06-30
4775,11,237,8,2,KGID104774,Mahesh Jadhav,1976-03-15,1,8,0,2016-03-14
4776,11,237,9,2,KGID104775,Ravi Jadhav,1976-05-05,1,1,0,2021-04-30
4777,11,237,9,1,KGID104776,Kiran Rao,1980-10-28,1,6,0,2004-09-24
4778,11,237,9,1,KGID104777,Basavaraj Bhandari,1996-03-06,1,4,0,2010-11-24
4779,11,237,10,3,KGID104778,Vinay Bhandari,1996-11-30,1,6,0,1999-10-01
4780,11,237,10,3,KGID104779,Suresh Naik,1996-12-17,1,4,0,2005-08-24
4781,11,237,10,3,KGID104780,Nagaraj Hiremath,1979-12-06,1,6,0,2008-04-27
4782,11,237,11,3,KGID104781,Ravi Poojary,1979-05-28,1,7,0,2015-04-03
4783,11,237,11,3,KGID104782,Rajesh Reddy,1979-10-12,1,1,0,1995-06-11
4784,11,237,11,3,KGID104783,Manjunath Achar,2000-06-22,1,6,0,2005-07-01
4785,11,237,11,3,KGID104784,Nandini Achar,1999-10-13,2,1,0,2020-11-03
4786,11,237,11,3,KGID104785,Shobha Hegde,1999-04-05,2,4,0,2021-11-01
4787,11,237,11,3,KGID104786,Umesh Hiremath,1996-07-25,1,8,0,2012-03-12
4788,11,237,12,3,KGID104787,Santosh Kumar,2000-12-07,1,5,0,2010-10-20
4789,11,237,12,3,KGID104788,Dinesh Hiremath,1994-03-07,1,2,0,2010-03-27
4790,11,237,12,3,KGID104789,Sowmya Poojary,1986-01-15,2,1,0,2011-11-11
4791,11,237,12,3,KGID104790,Manjunath Patil,1993-12-24,1,3,0,2012-10-13
4792,11,237,12,3,KGID104791,Prakash Poojary,1998-06-05,1,5,0,2023-04-12
4793,11,237,12,3,KGID104792,Vinay Achar,1982-04-01,1,1,0,2023-08-26
4794,11,237,12,3,KGID104793,Lokesh Kumar,1982-12-04,1,5,0,2001-04-27
4795,11,237,12,3,KGID104794,Mahesh Bhandari,1980-04-04,1,6,0,2016-08-17
4796,11,237,12,3,KGID104795,Ravi Bhandari,1986-07-14,1,6,0,2023-06-10
4797,11,237,12,3,KGID104796,Kiran Kulkarni,1988-12-23,1,5,0,2010-10-30
4798,11,237,12,3,KGID104797,Dinesh Kamath,1991-03-11,1,6,0,2006-09-16
4799,11,238,8,2,KGID104798,Manjunath Devaraj,1982-09-01,1,3,0,2019-08-16
4800,11,238,9,1,KGID104799,Nagaveni Kulkarni,1999-08-12,2,7,0,2004-07-07
4801,11,238,9,1,KGID104800,Raghavendra Kulkarni,1993-01-28,1,7,0,2003-04-09
4802,11,238,10,3,KGID104801,Girish Naik,1981-11-29,1,2,0,2004-07-14
4803,11,238,10,3,KGID104802,Savitri Kumar,1991-05-01,2,8,0,2019-04-10
4804,11,238,10,3,KGID104803,Shivakumar Bhandari,1979-01-13,1,1,0,2011-04-15
4805,11,238,11,3,KGID104804,Srinivas Kulkarni,1976-01-27,1,7,0,2011-10-31
4806,11,238,11,3,KGID104805,Pradeep Jadhav,1977-06-27,1,7,0,2011-10-27
4807,11,238,11,3,KGID104806,Basavaraj Nayak,1977-10-07,1,7,0,2014-04-12
4808,11,238,11,3,KGID104807,Yogesh Naik,1982-02-22,1,2,0,1998-06-11
4809,11,238,11,3,KGID104808,Manoj Desai,1989-10-21,1,5,0,1997-04-29
4810,11,238,12,3,KGID104809,Girish Patil,2002-07-04,1,3,0,2008-10-30
4811,11,238,12,3,KGID104810,Basavaraj Iyer,1996-10-08,1,7,0,2017-07-13
4812,11,238,12,3,KGID104811,Sandeep Kamath,2004-04-14,1,5,0,2013-04-12
4813,11,238,12,3,KGID104812,Nagaraj Naik,2002-05-20,1,6,0,2018-11-09
4814,11,238,12,3,KGID104813,Shivakumar Shetty,2004-02-20,1,2,0,2012-09-10
4815,11,238,12,3,KGID104814,Lokesh Achar,2001-04-18,1,1,0,2015-06-28
4816,11,238,12,3,KGID104815,Santosh Reddy,1985-09-15,1,3,0,2014-10-20
4817,11,238,12,3,KGID104816,Krishna Reddy,1982-11-09,1,5,0,2023-11-20
4818,11,238,12,3,KGID104817,Rajesh Nayak,1981-09-18,1,2,0,2000-11-13
4819,11,238,12,3,KGID104818,Santosh Nayak,2004-04-05,1,4,0,2008-04-18
4820,11,239,9,2,KGID104819,Basavaraj Devaraj,1982-03-15,1,1,0,1999-04-05
4821,11,239,8,2,KGID104820,Radha Patil,1994-06-04,2,4,0,2007-10-23
4822,11,239,9,1,KGID104821,Geetha Hiremath,1981-01-28,2,2,0,2000-04-18
4823,11,239,9,1,KGID104822,Basavaraj Devaraj,1998-01-24,1,3,0,2005-06-24
4824,11,239,10,3,KGID104823,Rajesh Shetty,1989-05-17,1,6,0,2007-05-29
4825,11,239,10,3,KGID104824,Umesh Reddy,1985-05-24,1,7,0,2014-07-11
4826,11,239,10,3,KGID104825,Anand Reddy,1978-08-12,1,4,0,2007-04-14
4827,11,239,11,3,KGID104826,Raghavendra Devaraj,1986-02-24,1,3,0,2019-07-26
4828,11,239,11,3,KGID104827,Manjunath Kulkarni,1991-09-28,1,3,0,2013-11-06
4829,11,239,11,3,KGID104828,Shivakumar Bhat,1991-12-17,1,4,0,2016-08-28
4830,11,239,11,3,KGID104829,Naveen Gowda,1985-10-07,1,5,0,2007-05-10
4831,11,239,11,3,KGID104830,Kiran Naik,1986-06-02,1,3,0,2011-06-26
4832,11,239,12,3,KGID104831,Ramesh Patil,1989-08-09,1,3,0,2013-04-23
4833,11,239,12,3,KGID104832,Dinesh Shetty,1989-08-02,1,7,0,2017-11-28
4834,11,239,12,3,KGID104833,Pradeep Reddy,1985-10-05,1,7,0,2020-06-26
4835,11,239,12,3,KGID104834,Sandeep Devaraj,1983-02-10,1,2,0,2022-05-01
4836,11,239,12,3,KGID104835,Ravi Poojary,1996-09-17,1,2,0,2023-11-01
4837,11,239,12,3,KGID104836,Lokesh Devaraj,1995-07-10,1,6,0,2019-06-22
4838,11,239,12,3,KGID104837,Manjunath Kamath,1995-08-23,1,8,0,2017-09-16
4839,11,239,12,3,KGID104838,Santosh Hegde,2001-01-22,1,5,0,2012-09-10
4840,11,239,12,3,KGID104839,Sandeep Kamath,1990-10-17,1,8,0,2004-05-30
4841,11,239,12,3,KGID104840,Rajesh Devaraj,2004-12-13,1,4,0,2000-09-24
4842,11,239,12,3,KGID104841,Manoj Jadhav,1985-03-09,1,6,0,2008-07-03
4843,11,239,12,3,KGID104842,Manoj Hiremath,1982-06-14,1,2,0,2003-12-03
4844,11,239,12,3,KGID104843,Kiran Reddy,1989-04-22,1,2,0,2011-12-09
4845,11,239,12,3,KGID104844,Girish Kulkarni,1986-10-24,1,7,0,2008-08-28
4846,11,239,12,3,KGID104845,Krishna Devaraj,1997-04-19,1,1,0,2019-04-27
4847,11,239,12,3,KGID104846,Naveen Rao,1998-09-20,1,4,0,2020-10-12
4848,11,239,12,3,KGID104847,Lokesh Kulkarni,1994-08-26,1,1,0,2006-12-17
4849,11,240,8,2,KGID104848,Girish Poojary,1976-11-13,1,8,0,2014-04-11
4850,11,240,9,1,KGID104849,Nagaveni Gowda,1984-05-01,2,4,0,2016-01-01
4851,11,240,10,3,KGID104850,Ravi Kulkarni,1987-07-14,1,7,0,2011-12-30
4852,11,240,10,3,KGID104851,Prakash Rao,1996-10-17,1,3,0,2006-10-19
4853,11,240,11,3,KGID104852,Mahesh Jadhav,1975-09-27,1,3,0,1996-04-26
4854,11,240,11,3,KGID104853,Basavaraj Achar,1976-09-01,1,5,0,1999-05-28
4855,11,240,11,3,KGID104854,Umesh Gowda,1995-03-08,1,5,0,2017-09-24
4856,11,240,11,3,KGID104855,Gopal Rao,1990-02-14,1,1,0,2005-05-31
4857,11,240,11,3,KGID104856,Krishna Nayak,1989-02-06,1,6,0,2011-12-20
4858,11,240,11,3,KGID104857,Vani Shetty,1998-10-06,2,6,0,2017-08-27
4859,11,240,12,3,KGID104858,Manjunath Kumar,1981-08-23,1,5,0,2005-03-25
4860,11,240,12,3,KGID104859,Vani Rao,1991-07-14,2,2,0,2020-10-16
4861,11,240,12,3,KGID104860,Dinesh Patil,1992-09-10,1,8,0,2009-03-26
4862,11,240,12,3,KGID104861,Rajesh Poojary,2004-08-01,1,5,0,2006-09-13
4863,11,240,12,3,KGID104862,Manoj Iyer,1988-11-22,1,6,0,2021-06-06
4864,11,240,12,3,KGID104863,Sowmya Nayak,1981-04-04,2,3,0,2003-07-01
4865,11,240,12,3,KGID104864,Lokesh Kumar,1997-04-27,1,4,0,2005-09-27
4866,11,240,12,3,KGID104865,Shivakumar Bhandari,1991-10-02,1,8,0,2001-06-20
4867,11,240,12,3,KGID104866,Yogesh Desai,1992-05-17,1,8,0,2010-04-14
4868,11,240,12,3,KGID104867,Manjunath Shetty,1998-07-07,1,5,0,2006-06-03
4869,11,240,12,3,KGID104868,Nagaraj Hegde,1996-03-09,1,1,0,2021-03-09
4870,11,240,12,3,KGID104869,Mahesh Desai,1984-04-07,1,3,0,2014-10-05
4871,11,241,8,2,KGID104870,Prakash Bhat,1976-05-07,1,1,0,1996-06-15
4872,11,241,9,1,KGID104871,Shivakumar Devaraj,1997-11-27,1,1,0,2016-11-10
4873,11,241,10,3,KGID104872,Yogesh Kamath,1995-09-29,1,3,0,2010-08-30
4874,11,241,10,3,KGID104873,Manjunath Gowda,1992-03-15,1,7,0,2004-12-31
4875,11,241,10,3,KGID104874,Kiran Kamath,1988-09-03,1,1,0,1997-05-18
4876,11,241,11,3,KGID104875,Manjunath Iyer,1981-02-08,1,8,0,2004-03-20
4877,11,241,11,3,KGID104876,Srinivas Bhandari,1980-12-29,1,7,0,2011-05-18
4878,11,241,11,3,KGID104877,Suresh Bhandari,1994-06-24,1,7,0,2009-10-05
4879,11,241,11,3,KGID104878,Ramesh Rao,1976-10-12,1,7,0,1999-10-01
4880,11,241,11,3,KGID104879,Vijay Poojary,1980-10-15,1,8,0,2022-06-30
4881,11,241,11,3,KGID104880,Prakash Bhat,1993-07-07,1,6,0,2004-05-11
4882,11,241,11,3,KGID104881,Pradeep Desai,1987-02-28,1,8,1,2017-10-15
4883,11,241,11,3,KGID104882,Dinesh Kamath,1998-01-24,1,2,0,2013-07-31
4884,11,241,12,3,KGID104883,Harish Rao,1990-01-28,1,7,1,2008-09-22
4885,11,241,12,3,KGID104884,Mahesh Hiremath,1986-06-07,1,7,0,2007-07-16
4886,11,241,12,3,KGID104885,Girish Bhat,2003-04-13,1,7,0,2013-05-07
4887,11,241,12,3,KGID104886,Kiran Shetty,1989-03-13,1,7,0,2014-09-18
4888,11,241,12,3,KGID104887,Girish Reddy,1989-12-14,1,8,0,2018-06-22
4889,11,241,12,3,KGID104888,Rekha Poojary,1989-02-07,2,5,0,2010-07-10
4890,11,241,12,3,KGID104889,Chandrashekar Kamath,1988-05-27,1,5,0,2003-06-23
4891,11,241,12,3,KGID104890,Nagaraj Bhat,1984-08-28,1,4,0,2009-11-26
4892,11,242,9,2,KGID104891,Kiran Reddy,1989-07-30,1,5,0,2003-12-20
4893,11,242,9,1,KGID104892,Naveen Kamath,1988-09-08,1,1,0,2009-04-27
4894,11,242,10,3,KGID104893,Srinivas Poojary,1992-01-27,1,6,0,1997-04-15
4895,11,242,10,3,KGID104894,Krishna Gowda,1980-02-27,1,4,0,2015-07-18
4896,11,242,11,3,KGID104895,Umesh Naik,1975-07-19,1,8,0,2015-03-27
4897,11,242,11,3,KGID104896,Girish Jadhav,1990-09-14,1,6,0,2006-09-18
4898,11,242,11,3,KGID104897,Santosh Achar,1983-10-07,1,7,0,2018-11-03
4899,11,242,11,3,KGID104898,Rajesh Gowda,1978-04-19,1,8,0,2022-08-14
4900,11,242,11,3,KGID104899,Manjunath Bhat,1995-12-11,1,1,0,1998-08-21
4901,11,242,12,3,KGID104900,Sandeep Gowda,1992-09-19,1,6,0,2018-08-25
4902,11,242,12,3,KGID104901,Shwetha Hegde,1981-10-31,2,8,0,2010-07-05
4903,11,242,12,3,KGID104902,Lokesh Poojary,1991-09-26,1,8,0,2017-08-07
4904,11,242,12,3,KGID104903,Umesh Achar,1991-08-26,1,1,0,2001-06-20
4905,11,242,12,3,KGID104904,Srinivas Desai,2000-05-03,1,5,0,2017-03-17
4906,11,242,12,3,KGID104905,Raghavendra Patil,1985-10-27,1,1,0,2022-03-14
4907,11,242,12,3,KGID104906,Mahesh Naik,2004-10-06,1,8,0,2003-05-02
4908,11,242,12,3,KGID104907,Prakash Poojary,2001-01-22,1,5,0,2004-07-23
4909,11,242,12,3,KGID104908,Gopal Desai,1996-03-10,1,4,0,2009-05-07
4910,11,242,12,3,KGID104909,Vani Nayak,1997-12-27,2,4,0,2010-11-22
4911,11,242,12,3,KGID104910,Kiran Desai,1990-02-08,1,4,0,2012-08-19
4912,11,242,12,3,KGID104911,Mahesh Naik,2004-07-13,1,3,0,2002-10-06
4913,11,242,12,3,KGID104912,Shivakumar Achar,2004-06-13,1,8,0,2007-05-11
4914,11,242,12,3,KGID104913,Dinesh Kumar,2002-02-15,1,3,0,2001-04-05
4915,11,242,12,3,KGID104914,Gopal Kumar,1997-06-17,1,3,0,2020-09-13
4916,11,242,12,3,KGID104915,Raghavendra Kumar,1990-09-02,1,4,0,2012-04-13
4917,11,242,12,3,KGID104916,Ramesh Gowda,1997-04-27,1,6,0,2010-04-24
4918,11,243,8,2,KGID104917,Harish Poojary,1982-03-21,1,6,0,2021-12-11
4919,11,243,9,1,KGID104918,Yogesh Naik,1999-06-03,1,8,0,2015-12-15
4920,11,243,10,3,KGID104919,Nagaveni Hiremath,1983-01-28,2,5,0,2003-08-06
4921,11,243,10,3,KGID104920,Vijay Bhat,1995-01-03,1,8,0,2016-08-26
4922,11,243,11,3,KGID104921,Umesh Devaraj,1991-02-06,1,5,0,2015-01-01
4923,11,243,11,3,KGID104922,Srinivas Gowda,1986-10-08,1,4,0,2007-12-08
4924,11,243,11,3,KGID104923,Radha Poojary,1987-04-02,2,5,0,1996-04-24
4925,11,243,11,3,KGID104924,Shivakumar Kamath,1999-06-02,1,5,0,2008-04-15
4926,11,243,11,3,KGID104925,Dinesh Bhandari,1993-12-18,1,6,0,2006-03-25
4927,11,243,12,3,KGID104926,Anitha Naik,1986-09-22,2,8,0,2023-09-22
4928,11,243,12,3,KGID104927,Basavaraj Achar,1993-05-30,1,1,0,2023-07-11
4929,11,243,12,3,KGID104928,Krishna Reddy,1993-10-19,1,7,0,2017-12-15
4930,11,243,12,3,KGID104929,Radha Bhat,1997-12-28,2,7,0,2004-10-14
4931,11,243,12,3,KGID104930,Srinivas Bhandari,2004-09-02,1,2,0,2023-05-22
4932,11,243,12,3,KGID104931,Girish Rao,1996-12-08,1,1,0,2018-05-11
4933,11,243,12,3,KGID104932,Manjunath Jadhav,1984-03-05,1,6,1,2012-09-16
4934,11,243,12,3,KGID104933,Dinesh Jadhav,1995-11-04,1,3,0,2017-11-24
4935,11,243,12,3,KGID104934,Shobha Naik,1980-01-23,2,5,0,2011-04-16
4936,11,243,12,3,KGID104935,Radha Naik,2001-01-17,2,6,0,2022-03-18
4937,11,243,12,3,KGID104936,Lokesh Hiremath,1995-01-11,1,6,0,2009-09-16
4938,11,243,12,3,KGID104937,Gopal Hiremath,1989-03-08,1,3,0,2009-09-23
4939,11,243,12,3,KGID104938,Santosh Hiremath,1982-07-27,1,2,0,2003-07-24
4940,11,243,12,3,KGID104939,Basavaraj Shetty,2002-04-07,1,3,0,2018-04-30
4941,11,244,9,2,KGID104940,Vijay Iyer,1993-03-14,1,3,0,2012-11-15
4942,11,244,9,1,KGID104941,Shwetha Hiremath,1988-02-13,2,2,0,2009-06-05
4943,11,244,9,1,KGID104942,Sunita Hiremath,1989-03-13,2,2,0,2022-08-31
4944,11,244,10,3,KGID104943,Vinay Hiremath,1977-03-01,1,8,0,2013-08-02
4945,11,244,10,3,KGID104944,Vijay Jadhav,1979-07-23,1,5,0,2023-08-05
4946,11,244,10,3,KGID104945,Vijay Bhandari,1997-07-25,1,3,0,2000-12-23
4947,11,244,11,3,KGID104946,Suresh Hegde,1992-06-14,1,6,0,2001-08-12
4948,11,244,11,3,KGID104947,Rajesh Bhat,1988-03-11,1,4,0,2012-07-11
4949,11,244,11,3,KGID104948,Umesh Naik,1991-04-24,1,3,0,2007-11-28
4950,11,244,11,3,KGID104949,Raghavendra Kulkarni,1987-05-31,1,8,0,1999-07-24
4951,11,244,11,3,KGID104950,Umesh Rao,1986-08-24,1,6,0,2012-03-16
4952,11,244,11,3,KGID104951,Shwetha Kulkarni,1979-11-13,2,3,0,2019-09-14
4953,11,244,11,3,KGID104952,Yogesh Kamath,1978-03-18,1,8,0,1998-09-03
4954,11,244,12,3,KGID104953,Umesh Iyer,2004-04-28,1,6,0,2022-08-10
4955,11,244,12,3,KGID104954,Kiran Achar,1995-04-03,1,8,0,2014-03-19
4956,11,244,12,3,KGID104955,Shobha Shetty,1981-11-18,2,6,0,2010-06-01
4957,11,244,12,3,KGID104956,Shivakumar Bhat,1983-05-06,1,4,0,2020-10-16
4958,11,244,12,3,KGID104957,Ramesh Nayak,2004-10-11,1,1,0,2009-05-30
4959,11,244,12,3,KGID104958,Basavaraj Desai,2001-10-19,1,7,0,2019-04-27
4960,11,244,12,3,KGID104959,Kiran Shetty,2002-08-15,1,5,0,2012-11-08
4961,11,244,12,3,KGID104960,Raghavendra Bhat,1984-12-16,1,6,0,2022-07-13
4962,11,244,12,3,KGID104961,Krishna Bhat,1995-07-12,1,7,0,2012-07-16
4963,11,244,12,3,KGID104962,Girish Bhat,2001-06-03,1,8,0,2006-09-19
4964,11,244,12,3,KGID104963,Suresh Jadhav,1980-06-13,1,6,0,2010-04-20
4965,11,245,9,5,KGID104964,Mahesh Naik,1979-11-27,1,5,0,2023-04-20
4966,11,245,9,5,KGID104965,Anand Iyer,1995-07-03,1,3,0,2013-05-08
4967,11,245,9,1,KGID104966,Santosh Poojary,1981-05-23,1,7,0,2005-09-10
4968,11,245,9,1,KGID104967,Dinesh Achar,1980-01-28,1,1,0,2016-11-29
4969,11,245,10,3,KGID104968,Lakshmi Patil,1984-04-26,2,1,0,2006-07-11
4970,11,245,10,3,KGID104969,Geetha Kumar,1983-10-03,2,6,0,2004-11-27
4971,11,245,11,3,KGID104970,Raghavendra Naik,1996-12-16,1,1,0,2018-06-10
4972,11,245,11,3,KGID104971,Kiran Shetty,1995-01-22,1,7,0,2002-09-08
4973,11,245,11,3,KGID104972,Dinesh Hegde,1983-12-21,1,8,0,2019-01-02
4974,11,245,11,3,KGID104973,Srinivas Shetty,1981-12-10,1,5,0,2006-04-09
4975,11,245,11,3,KGID104974,Pradeep Kulkarni,1987-04-19,1,7,0,2020-06-05
4976,11,245,11,3,KGID104975,Manoj Gowda,1978-08-26,1,4,0,1995-11-01
4977,11,245,12,3,KGID104976,Naveen Poojary,1982-11-25,1,7,0,2018-08-06
4978,11,245,12,3,KGID104977,Raghavendra Nayak,1996-10-23,1,1,0,2000-06-10
4979,11,245,12,3,KGID104978,Pradeep Desai,1984-03-30,1,7,0,2017-10-10
4980,11,245,12,3,KGID104979,Vijay Patil,1990-03-11,1,8,0,2003-07-24
4981,11,245,12,3,KGID104980,Anitha Devaraj,1995-08-22,2,7,0,2004-03-22
4982,11,245,12,3,KGID104981,Chandrashekar Kamath,1983-11-27,1,4,0,2014-08-26
4983,11,245,12,3,KGID104982,Santosh Patil,1986-03-01,1,6,0,2001-07-20
4984,11,245,12,3,KGID104983,Girish Kamath,1991-06-17,1,5,0,2014-10-23
4985,11,245,12,3,KGID104984,Pradeep Gowda,2000-02-21,1,7,0,2011-03-13
4986,11,245,12,3,KGID104985,Dinesh Hiremath,1986-06-26,1,2,0,2011-06-05
4987,11,245,12,3,KGID104986,Sandeep Reddy,2001-02-02,1,3,0,2006-10-05
4988,11,245,12,3,KGID104987,Vinay Poojary,1980-02-14,1,8,0,2003-10-30
4989,11,245,12,3,KGID104988,Santosh Desai,2003-09-13,1,5,0,2009-09-21
4990,11,245,12,3,KGID104989,Girish Hiremath,1992-01-29,1,7,0,2001-12-06
4991,11,245,12,3,KGID104990,Yogesh Hiremath,1995-01-12,1,4,0,2007-07-23
4992,11,246,9,6,KGID104991,Dinesh Iyer,1987-07-27,1,8,0,2005-06-23
4993,11,246,9,6,KGID104992,Dinesh Gowda,1983-04-29,1,1,0,2011-03-24
4994,11,246,9,1,KGID104993,Lokesh Poojary,1989-12-06,1,8,0,2000-11-01
4995,11,246,10,3,KGID104994,Girish Achar,1992-02-16,1,4,0,2015-08-22
4996,11,246,10,3,KGID104995,Vinay Achar,1999-07-03,1,6,0,2010-11-12
4997,11,246,11,3,KGID104996,Suresh Devaraj,1993-09-01,1,3,0,2018-12-13
4998,11,246,11,3,KGID104997,Vinay Kulkarni,1980-04-25,1,2,0,2010-05-24
4999,11,246,11,3,KGID104998,Geetha Bhandari,1997-12-13,2,2,0,2016-07-21
5000,11,246,11,3,KGID104999,Rajesh Iyer,1985-07-17,1,7,0,2002-12-27
5001,11,246,11,3,KGID105000,Krishna Jadhav,1998-09-09,1,6,0,2016-07-25
5002,11,246,11,3,KGID105001,Anitha Rao,1999-02-21,2,8,0,2015-09-30
5003,11,246,11,3,KGID105002,Pallavi Bhandari,1988-01-12,2,1,0,2017-09-30
5004,11,246,12,3,KGID105003,Prakash Gowda,2000-09-22,1,7,0,2017-03-29
5005,11,246,12,3,KGID105004,Manoj Desai,1981-04-28,1,1,0,2004-11-28
5006,11,246,12,3,KGID105005,Vijay Nayak,2000-11-03,1,6,0,2004-11-26
5007,11,246,12,3,KGID105006,Nagaraj Kamath,1984-08-12,1,1,0,2005-06-12
5008,11,246,12,3,KGID105007,Roopa Kamath,2000-05-09,2,7,0,2023-10-02
5009,11,246,12,3,KGID105008,Krishna Hiremath,2001-08-11,1,4,0,2017-07-25
5010,11,246,12,3,KGID105009,Manoj Bhat,2004-02-19,1,2,0,2008-05-05
5011,11,246,12,3,KGID105010,Krishna Reddy,1991-12-01,1,2,0,2023-10-16
5012,11,246,12,3,KGID105011,Rajesh Shetty,1986-05-22,1,8,0,2014-07-15
5013,11,246,12,3,KGID105012,Raghavendra Hegde,1990-09-09,1,2,0,2019-12-12
5014,11,247,9,4,KGID105013,Anitha Achar,1988-09-04,2,7,0,1998-11-25
5015,11,247,9,1,KGID105014,Girish Poojary,1987-12-19,1,2,0,2018-09-12
5016,11,247,9,1,KGID105015,Mahesh Reddy,1988-07-20,1,5,0,2007-12-26
5017,11,247,10,3,KGID105016,Ramesh Reddy,1990-07-20,1,1,0,2019-06-02
5018,11,247,10,3,KGID105017,Basavaraj Kulkarni,1988-02-22,1,6,0,2008-12-07
5019,11,247,11,3,KGID105018,Anand Desai,2001-07-08,1,1,0,1995-05-31
5020,11,247,11,3,KGID105019,Pradeep Patil,2001-07-27,1,3,0,2009-11-28
5021,11,247,11,3,KGID105020,Ramesh Kamath,1985-11-25,1,4,0,1996-06-26
5022,11,247,11,3,KGID105021,Gopal Hegde,1994-07-06,1,4,0,1998-10-04
5023,11,247,11,3,KGID105022,Manoj Bhandari,1990-08-23,1,6,0,2007-08-15
5024,11,247,11,3,KGID105023,Krishna Kulkarni,1988-07-24,1,5,0,2008-12-08
5025,11,247,11,3,KGID105024,Suresh Reddy,1998-01-11,1,5,0,2007-09-12
5026,11,247,11,3,KGID105025,Rajesh Iyer,1980-08-29,1,6,0,2010-04-10
5027,11,247,12,3,KGID105026,Raghavendra Patil,1986-12-29,1,2,0,2019-12-17
5028,11,247,12,3,KGID105027,Pradeep Iyer,1995-04-05,1,2,0,2007-12-21
5029,11,247,12,3,KGID105028,Roopa Hegde,1997-10-02,2,4,0,2014-06-18
5030,11,247,12,3,KGID105029,Yogesh Bhat,1998-09-08,1,5,0,2023-07-25
5031,11,247,12,3,KGID105030,Sandeep Jadhav,1982-12-15,1,5,0,2023-03-13
5032,11,247,12,3,KGID105031,Lokesh Kulkarni,1980-08-30,1,1,0,2016-05-18
5033,11,247,12,3,KGID105032,Sandeep Nayak,2000-11-18,1,8,0,2009-12-31
5034,11,247,12,3,KGID105033,Anand Hegde,1999-07-17,1,4,0,2001-10-13
5035,12,252,9,2,KGID105034,Roopa Poojary,1995-05-24,2,2,0,2003-04-06
5036,12,252,9,1,KGID105035,Nagaraj Kamath,1980-05-29,1,2,0,2012-12-17
5037,12,252,10,3,KGID105036,Santosh Gowda,1977-09-13,1,2,0,2001-03-25
5038,12,252,10,3,KGID105037,Krishna Bhandari,1979-07-19,1,2,0,2000-07-06
5039,12,252,10,3,KGID105038,Geetha Desai,1981-04-06,2,4,0,2017-08-30
5040,12,252,11,3,KGID105039,Ravi Hiremath,1989-08-15,1,5,0,2003-04-27
5041,12,252,11,3,KGID105040,Lokesh Bhat,2000-06-23,1,3,0,2012-08-06
5042,12,252,11,3,KGID105041,Ramesh Gowda,1991-03-23,1,8,0,2017-06-29
5043,12,252,11,3,KGID105042,Vinay Poojary,1989-07-05,1,3,0,2023-03-13
5044,12,252,11,3,KGID105043,Mahesh Reddy,1986-04-10,1,3,0,1995-07-29
5045,12,252,11,3,KGID105044,Mahesh Gowda,1983-02-07,1,3,0,1997-10-19
5046,12,252,12,3,KGID105045,Kavya Jadhav,1984-02-09,2,7,0,2011-12-03
5047,12,252,12,3,KGID105046,Jayashree Gowda,2004-11-06,2,2,0,2023-09-12
5048,12,252,12,3,KGID105047,Harish Kulkarni,1987-01-09,1,1,0,2006-12-03
5049,12,252,12,3,KGID105048,Dinesh Rao,1998-10-30,1,1,0,2008-06-12
5050,12,252,12,3,KGID105049,Nagaveni Kulkarni,1983-02-04,2,8,0,2001-04-14
5051,12,252,12,3,KGID105050,Shobha Poojary,2003-11-24,2,3,0,2015-05-12
5052,12,252,12,3,KGID105051,Mahesh Kamath,2001-11-14,1,7,0,2005-07-19
5053,12,252,12,3,KGID105052,Harish Iyer,2004-04-29,1,6,0,2009-09-24
5054,12,252,12,3,KGID105053,Basavaraj Naik,1986-01-24,1,6,0,2020-10-09
5055,12,252,12,3,KGID105054,Santosh Bhandari,2001-09-24,1,8,0,2012-06-13
5056,12,253,8,2,KGID105055,Roopa Kumar,1986-12-19,2,7,0,2022-04-24
5057,12,253,9,1,KGID105056,Pushpa Bhat,1991-04-16,2,2,0,2010-05-08
5058,12,253,10,3,KGID105057,Vani Hiremath,1977-11-16,2,8,0,2008-04-26
5059,12,253,10,3,KGID105058,Nagaraj Kamath,1991-04-29,1,6,0,2009-09-05
5060,12,253,10,3,KGID105059,Roopa Poojary,1991-09-21,2,8,0,2006-09-08
5061,12,253,11,3,KGID105060,Sandeep Patil,1996-07-12,1,4,0,2019-12-16
5062,12,253,11,3,KGID105061,Prakash Reddy,1989-09-01,1,7,0,2010-03-16
5063,12,253,11,3,KGID105062,Mahesh Bhandari,1998-03-18,1,4,0,2021-03-17
5064,12,253,11,3,KGID105063,Harish Patil,1994-01-26,1,4,0,2022-09-16
5065,12,253,11,3,KGID105064,Shivakumar Poojary,1986-03-31,1,3,0,2017-12-14
5066,12,253,12,3,KGID105065,Santosh Iyer,1981-05-12,1,6,0,2012-09-08
5067,12,253,12,3,KGID105066,Srinivas Nayak,1982-10-16,1,8,0,2022-10-25
5068,12,253,12,3,KGID105067,Anand Rao,1988-11-07,1,7,0,2020-09-29
5069,12,253,12,3,KGID105068,Manoj Bhat,1983-03-16,1,2,0,2017-08-08
5070,12,253,12,3,KGID105069,Gopal Hegde,1986-10-18,1,2,0,2019-10-25
5071,12,253,12,3,KGID105070,Krishna Gowda,1990-04-23,1,4,0,2010-07-18
5072,12,253,12,3,KGID105071,Nagaraj Naik,1996-01-22,1,6,0,2000-05-28
5073,12,253,12,3,KGID105072,Manoj Desai,1989-01-20,1,2,0,2002-04-29
5074,12,253,12,3,KGID105073,Girish Devaraj,1998-12-01,1,6,0,2019-08-02
5075,12,253,12,3,KGID105074,Manjunath Iyer,1997-04-25,1,8,0,2001-11-29
5076,12,253,12,3,KGID105075,Suresh Kamath,1986-10-30,1,5,0,2009-10-17
5077,12,253,12,3,KGID105076,Ramesh Bhat,1981-10-07,1,7,0,2011-06-28
5078,12,253,12,3,KGID105077,Gopal Kumar,1985-09-01,1,7,0,2017-09-23
5079,12,254,9,2,KGID105078,Shivakumar Gowda,1997-04-16,1,7,0,2006-07-29
5080,12,254,9,2,KGID105079,Vinay Kumar,1990-03-19,1,1,0,2003-08-21
5081,12,254,9,1,KGID105080,Umesh Desai,1997-12-30,1,8,0,2014-10-22
5082,12,254,10,3,KGID105081,Basavaraj Kumar,1994-07-14,1,1,0,2015-03-11
5083,12,254,10,3,KGID105082,Krishna Kamath,1984-12-05,1,7,0,2007-04-02
5084,12,254,10,3,KGID105083,Basavaraj Bhandari,1981-02-17,1,4,0,2020-09-15
5085,12,254,11,3,KGID105084,Rajesh Hiremath,1991-09-24,1,2,0,2007-08-02
5086,12,254,11,3,KGID105085,Raghavendra Kulkarni,1991-04-29,1,6,0,2022-09-28
5087,12,254,11,3,KGID105086,Raghavendra Rao,1981-11-25,1,7,0,1996-06-12
5088,12,254,11,3,KGID105087,Mahesh Rao,1975-07-26,1,1,0,2013-08-12
5089,12,254,11,3,KGID105088,Rajesh Poojary,1998-09-11,1,3,0,2013-08-29
5090,12,254,11,3,KGID105089,Yogesh Patil,1994-03-23,1,8,0,2015-01-02
5091,12,254,11,3,KGID105090,Chandrashekar Naik,1992-09-13,1,6,0,2015-06-21
5092,12,254,11,3,KGID105091,Manoj Naik,1993-05-12,1,7,0,2002-12-13
5093,12,254,12,3,KGID105092,Sunita Kulkarni,1997-03-21,2,6,0,2007-11-28
5094,12,254,12,3,KGID105093,Vinay Patil,1998-07-19,1,3,1,2019-11-26
5095,12,254,12,3,KGID105094,Yogesh Iyer,1999-10-15,1,7,0,2014-11-11
5096,12,254,12,3,KGID105095,Mahesh Nayak,1988-12-19,1,2,0,2004-07-18
5097,12,254,12,3,KGID105096,Girish Shetty,1994-08-23,1,7,0,2020-09-26
5098,12,254,12,3,KGID105097,Shivakumar Kamath,1982-01-05,1,2,0,2019-04-13
5099,12,254,12,3,KGID105098,Kavya Kulkarni,1991-01-18,2,2,0,2013-03-28
5100,12,254,12,3,KGID105099,Gopal Naik,1981-05-14,1,6,0,2006-10-11
5101,12,255,9,2,KGID105100,Sandeep Bhandari,1979-10-13,1,2,0,2018-11-21
5102,12,255,8,2,KGID105101,Gopal Kamath,1977-08-21,1,5,0,2018-03-17
5103,12,255,9,1,KGID105102,Pradeep Patil,1990-11-14,1,4,0,2015-01-01
5104,12,255,9,1,KGID105103,Krishna Bhandari,1988-01-20,1,4,0,2001-06-18
5105,12,255,10,3,KGID105104,Basavaraj Gowda,1991-10-15,1,2,0,2010-07-25
5106,12,255,10,3,KGID105105,Manjula Naik,1978-12-28,2,3,0,2020-05-17
5107,12,255,10,3,KGID105106,Jayashree Kamath,1984-02-14,2,7,0,2014-07-31
5108,12,255,11,3,KGID105107,Kiran Jadhav,1982-08-12,1,3,0,2006-11-30
5109,12,255,11,3,KGID105108,Dinesh Poojary,1976-03-11,1,8,0,2020-08-29
5110,12,255,11,3,KGID105109,Raghavendra Nayak,1991-03-05,1,2,0,2020-06-03
5111,12,255,11,3,KGID105110,Manoj Kumar,1991-10-04,1,1,0,1998-10-24
5112,12,255,11,3,KGID105111,Deepa Reddy,1998-10-02,2,4,0,2022-04-13
5113,12,255,12,3,KGID105112,Raghavendra Rao,1992-04-10,1,5,0,2018-09-05
5114,12,255,12,3,KGID105113,Chandrashekar Rao,2004-11-02,1,7,0,2019-08-28
5115,12,255,12,3,KGID105114,Ravi Reddy,2002-02-18,1,6,0,2016-10-15
5116,12,255,12,3,KGID105115,Anand Achar,1980-09-04,1,8,0,2018-09-02
5117,12,255,12,3,KGID105116,Raghavendra Reddy,1990-05-12,1,4,0,2011-12-21
5118,12,255,12,3,KGID105117,Yogesh Achar,1984-02-07,1,7,0,2002-04-08
5119,12,255,12,3,KGID105118,Yogesh Reddy,1995-12-13,1,2,0,2006-04-26
5120,12,255,12,3,KGID105119,Sandeep Naik,1984-07-21,1,1,0,2018-08-07
5121,12,255,12,3,KGID105120,Umesh Patil,1998-01-15,1,1,0,2022-06-27
5122,12,256,9,2,KGID105121,Shobha Bhat,1993-08-16,2,5,0,1998-05-17
5123,12,256,9,2,KGID105122,Gopal Shetty,1988-12-07,1,3,0,2010-04-08
5124,12,256,9,1,KGID105123,Gopal Jadhav,1986-01-12,1,6,0,2001-09-10
5125,12,256,9,1,KGID105124,Rajesh Jadhav,1992-03-30,1,3,0,2002-11-16
5126,12,256,10,3,KGID105125,Pushpa Rao,1984-03-21,2,8,0,2017-06-22
5127,12,256,10,3,KGID105126,Krishna Naik,1987-04-21,1,5,0,2023-05-03
5128,12,256,10,3,KGID105127,Manjunath Hiremath,1993-07-12,1,6,0,2009-09-09
5129,12,256,11,3,KGID105128,Dinesh Bhandari,1999-11-27,1,3,0,2000-06-03
5130,12,256,11,3,KGID105129,Raghavendra Kulkarni,1981-10-06,1,1,0,2013-08-30
5131,12,256,11,3,KGID105130,Yogesh Desai,1975-05-18,1,6,1,1997-01-07
5132,12,256,11,3,KGID105131,Sowmya Devaraj,1984-04-03,2,7,0,1999-08-09
5133,12,256,12,3,KGID105132,Mahesh Achar,1993-05-20,1,3,0,2011-04-22
5134,12,256,12,3,KGID105133,Lokesh Bhandari,1997-04-03,1,6,0,2023-07-20
5135,12,256,12,3,KGID105134,Manoj Bhat,1980-09-02,1,5,0,2006-08-16
5136,12,256,12,3,KGID105135,Deepa Kumar,1999-07-02,2,4,0,2005-07-20
5137,12,256,12,3,KGID105136,Srinivas Patil,1998-01-10,1,6,0,2022-07-19
5138,12,256,12,3,KGID105137,Prakash Kumar,1986-06-13,1,1,0,2017-07-06
5139,12,256,12,3,KGID105138,Dinesh Hegde,1989-08-04,1,7,0,2013-11-11
5140,12,256,12,3,KGID105139,Umesh Iyer,1980-07-13,1,1,0,2001-01-02
5141,12,256,12,3,KGID105140,Basavaraj Hegde,1989-09-10,1,5,0,2008-10-25
5142,12,256,12,3,KGID105141,Umesh Naik,1982-05-07,1,4,0,2007-05-13
5143,12,256,12,3,KGID105142,Prakash Reddy,1983-10-15,1,2,0,2017-03-30
5144,12,256,12,3,KGID105143,Pradeep Hegde,1988-02-26,1,6,0,2003-03-22
5145,12,257,9,2,KGID105144,Krishna Reddy,1976-05-31,1,2,0,2000-07-28
5146,12,257,9,1,KGID105145,Gopal Achar,1994-05-28,1,4,0,2000-07-29
5147,12,257,9,1,KGID105146,Raghavendra Kamath,1984-09-21,1,4,0,2021-11-19
5148,12,257,10,3,KGID105147,Chandrashekar Rao,1997-12-30,1,4,0,2006-04-24
5149,12,257,10,3,KGID105148,Vani Gowda,1987-07-23,2,1,0,1998-03-17
5150,12,257,11,3,KGID105149,Santosh Achar,1984-11-23,1,5,0,2007-12-28
5151,12,257,11,3,KGID105150,Lokesh Naik,1990-11-23,1,3,0,2002-12-19
5152,12,257,11,3,KGID105151,Ravi Jadhav,1997-08-05,1,2,0,2021-08-26
5153,12,257,11,3,KGID105152,Manjunath Achar,1997-04-17,1,8,0,2015-06-02
5154,12,257,12,3,KGID105153,Pradeep Patil,1984-02-22,1,5,0,2017-10-01
5155,12,257,12,3,KGID105154,Dinesh Reddy,1986-05-11,1,1,0,2023-09-17
5156,12,257,12,3,KGID105155,Vinay Shetty,1984-08-04,1,4,0,2002-04-29
5157,12,257,12,3,KGID105156,Nagaraj Patil,2000-11-14,1,1,0,2022-06-06
5158,12,257,12,3,KGID105157,Ravi Devaraj,1995-06-20,1,2,0,2023-11-30
5159,12,257,12,3,KGID105158,Nagaveni Bhandari,1997-07-19,2,5,0,2012-07-18
5160,12,257,12,3,KGID105159,Dinesh Hegde,1981-05-15,1,6,0,2019-10-30
5161,12,257,12,3,KGID105160,Yogesh Poojary,1982-05-19,1,2,0,2019-11-21
5162,12,257,12,3,KGID105161,Anand Desai,1980-03-10,1,8,0,2006-03-14
5163,12,258,9,2,KGID105162,Girish Hiremath,1983-07-06,1,8,0,1996-12-07
5164,12,258,9,1,KGID105163,Manjunath Jadhav,1997-11-03,1,4,0,2017-04-04
5165,12,258,10,3,KGID105164,Suresh Nayak,1980-02-21,1,8,0,1998-10-18
5166,12,258,10,3,KGID105165,Vinay Iyer,1992-07-08,1,6,0,2020-03-08
5167,12,258,11,3,KGID105166,Harish Kulkarni,1988-04-23,1,4,0,1998-11-26
5168,12,258,11,3,KGID105167,Yogesh Bhandari,1984-04-01,1,7,0,1995-12-25
5169,12,258,11,3,KGID105168,Kavya Bhat,1978-01-31,2,8,0,2022-08-29
5170,12,258,11,3,KGID105169,Lokesh Bhandari,1985-07-25,1,2,0,2004-09-30
5171,12,258,11,3,KGID105170,Dinesh Poojary,1984-02-19,1,3,0,2013-09-04
5172,12,258,11,3,KGID105171,Pradeep Hegde,1993-08-05,1,3,0,2004-10-01
5173,12,258,11,3,KGID105172,Lakshmi Achar,1980-03-29,2,4,0,2013-08-29
5174,12,258,11,3,KGID105173,Suresh Kulkarni,1988-05-21,1,2,0,2023-10-23
5175,12,258,12,3,KGID105174,Naveen Naik,1998-05-18,1,6,0,2006-08-17
5176,12,258,12,3,KGID105175,Pradeep Hegde,1984-07-16,1,6,0,2000-07-19
5177,12,258,12,3,KGID105176,Kiran Bhandari,1980-12-24,1,7,0,2009-04-16
5178,12,258,12,3,KGID105177,Rajesh Bhandari,1982-04-29,1,3,0,2007-04-06
5179,12,258,12,3,KGID105178,Manoj Naik,1981-11-03,1,8,0,2020-12-17
5180,12,258,12,3,KGID105179,Ravi Kamath,1983-02-04,1,5,0,2023-08-14
5181,12,258,12,3,KGID105180,Chandrashekar Kumar,2002-11-04,1,8,0,2018-08-05
5182,12,258,12,3,KGID105181,Krishna Nayak,1989-04-09,1,2,0,2001-12-31
5183,12,258,12,3,KGID105182,Mahesh Achar,2004-01-16,1,8,0,2014-03-28
5184,12,258,12,3,KGID105183,Jayashree Reddy,1991-08-31,2,5,0,2015-10-20
5185,12,258,12,3,KGID105184,Gopal Jadhav,1989-12-10,1,7,0,2001-08-28
5186,12,259,8,2,KGID105185,Ramesh Gowda,1997-11-08,1,4,0,2007-05-14
5187,12,259,9,1,KGID105186,Dinesh Devaraj,1989-05-17,1,4,0,2022-08-09
5188,12,259,10,3,KGID105187,Raghavendra Poojary,2000-05-14,1,7,0,2016-10-27
5189,12,259,10,3,KGID105188,Rekha Naik,1982-03-03,2,4,0,2008-08-27
5190,12,259,10,3,KGID105189,Vijay Kumar,1999-08-27,1,8,0,1998-09-14
5191,12,259,11,3,KGID105190,Basavaraj Nayak,1982-04-30,1,7,0,2005-03-19
5192,12,259,11,3,KGID105191,Raghavendra Hiremath,1996-08-15,1,2,0,2009-12-25
5193,12,259,11,3,KGID105192,Vijay Achar,1980-10-05,1,5,0,2022-11-16
5194,12,259,11,3,KGID105193,Lokesh Bhat,1994-11-27,1,7,0,1997-08-26
5195,12,259,11,3,KGID105194,Naveen Kulkarni,1998-04-21,1,6,0,1998-11-06
5196,12,259,11,3,KGID105195,Santosh Nayak,1975-05-15,1,4,0,2022-12-22
5197,12,259,12,3,KGID105196,Nagaraj Poojary,1990-08-24,1,8,0,2017-10-16
5198,12,259,12,3,KGID105197,Shobha Iyer,1982-07-26,2,2,0,2017-06-23
5199,12,259,12,3,KGID105198,Manjunath Iyer,1983-10-24,1,5,0,2017-11-01
5200,12,259,12,3,KGID105199,Harish Reddy,2002-11-09,1,1,0,2005-12-24
5201,12,259,12,3,KGID105200,Harish Bhandari,1989-11-18,1,4,0,2016-06-12
5202,12,259,12,3,KGID105201,Manjunath Devaraj,2003-07-06,1,5,0,2019-10-05
5203,12,259,12,3,KGID105202,Manoj Bhat,1991-05-30,1,4,0,2003-09-04
5204,12,259,12,3,KGID105203,Prakash Kumar,1983-11-03,1,7,0,2013-06-01
5205,12,259,12,3,KGID105204,Kiran Kamath,1983-08-04,1,5,0,2002-03-21
5206,12,259,12,3,KGID105205,Anand Nayak,2000-06-09,1,6,0,2001-11-25
5207,12,260,9,2,KGID105206,Vijay Reddy,1987-04-11,1,6,0,2019-06-12
5208,12,260,8,2,KGID105207,Suresh Rao,1989-03-02,1,4,0,2005-07-31
5209,12,260,9,1,KGID105208,Sandeep Bhat,1988-03-31,1,1,0,2012-09-09
5210,12,260,10,3,KGID105209,Vijay Hiremath,1979-02-25,1,1,0,2013-10-09
5211,12,260,10,3,KGID105210,Kiran Hiremath,1985-08-02,1,2,0,2022-04-23
5212,12,260,11,3,KGID105211,Nagaraj Nayak,1981-05-26,1,5,0,1998-09-22
5213,12,260,11,3,KGID105212,Yogesh Desai,1990-10-09,1,8,0,2015-05-07
5214,12,260,11,3,KGID105213,Vinay Bhandari,1977-08-25,1,4,0,2005-06-21
5215,12,260,11,3,KGID105214,Sunita Achar,1988-08-18,2,1,0,1998-12-12
5216,12,260,12,3,KGID105215,Raghavendra Jadhav,1987-04-24,1,7,0,2019-06-18
5217,12,260,12,3,KGID105216,Rajesh Bhat,1981-02-02,1,4,0,2009-07-03
5218,12,260,12,3,KGID105217,Krishna Devaraj,1986-09-16,1,7,0,2006-07-10
5219,12,260,12,3,KGID105218,Krishna Nayak,2001-10-27,1,1,0,2020-12-22
5220,12,260,12,3,KGID105219,Srinivas Achar,1993-09-01,1,1,0,2012-09-25
5221,12,260,12,3,KGID105220,Basavaraj Nayak,1991-12-10,1,8,0,2005-09-15
5222,12,260,12,3,KGID105221,Nagaraj Kumar,1986-10-29,1,8,0,2011-10-28
5223,12,260,12,3,KGID105222,Pushpa Reddy,2001-01-20,2,6,0,2011-12-07
5224,12,260,12,3,KGID105223,Raghavendra Hegde,1997-01-24,1,5,0,2001-03-14
5225,12,261,8,2,KGID105224,Basavaraj Hegde,1983-04-01,1,7,0,2005-07-07
5226,12,261,9,2,KGID105225,Vani Iyer,1979-08-30,2,5,0,2005-06-08
5227,12,261,9,1,KGID105226,Sandeep Kulkarni,1988-01-11,1,2,0,2004-07-09
5228,12,261,9,1,KGID105227,Dinesh Reddy,1993-11-14,1,8,0,2008-08-11
5229,12,261,10,3,KGID105228,Lokesh Nayak,1984-09-15,1,1,0,2019-10-21
5230,12,261,10,3,KGID105229,Pallavi Poojary,1981-09-27,2,2,0,2011-10-31
5231,12,261,11,3,KGID105230,Pradeep Nayak,1975-08-28,1,1,0,2001-12-23
5232,12,261,11,3,KGID105231,Prakash Patil,1989-07-21,1,3,0,2002-07-04
5233,12,261,11,3,KGID105232,Ravi Bhat,1994-04-25,1,1,0,2021-11-01
5234,12,261,11,3,KGID105233,Suresh Desai,1979-11-06,1,5,0,2006-10-16
5235,12,261,11,3,KGID105234,Rajesh Hiremath,1991-03-15,1,3,0,2012-10-10
5236,12,261,11,3,KGID105235,Anitha Shetty,1988-05-03,2,4,0,2008-08-19
5237,12,261,11,3,KGID105236,Sandeep Kulkarni,1993-09-19,1,4,0,1999-09-13
5238,12,261,11,3,KGID105237,Srinivas Achar,1997-05-27,1,3,0,2007-09-18
5239,12,261,12,3,KGID105238,Basavaraj Poojary,1993-11-08,1,1,0,2022-12-27
5240,12,261,12,3,KGID105239,Girish Nayak,1980-10-19,1,7,0,2021-08-24
5241,12,261,12,3,KGID105240,Girish Desai,1986-02-03,1,2,0,2011-07-14
5242,12,261,12,3,KGID105241,Ravi Bhat,1993-05-10,1,3,1,2016-11-07
5243,12,261,12,3,KGID105242,Anand Kulkarni,1986-03-30,1,4,0,2017-12-01
5244,12,261,12,3,KGID105243,Srinivas Shetty,1986-07-09,1,4,0,2022-05-04
5245,12,261,12,3,KGID105244,Girish Nayak,1997-11-15,1,2,0,2019-05-05
5246,12,261,12,3,KGID105245,Dinesh Kulkarni,1988-07-19,1,6,0,2022-10-13
5247,12,261,12,3,KGID105246,Jayashree Jadhav,1982-12-29,2,1,1,2007-10-22
5248,12,261,12,3,KGID105247,Lakshmi Jadhav,2003-05-10,2,8,0,2019-10-07
5249,12,261,12,3,KGID105248,Umesh Nayak,1999-11-06,1,6,0,2007-03-13
5250,12,261,12,3,KGID105249,Gopal Achar,1985-02-15,1,1,0,2001-07-26
5251,12,261,12,3,KGID105250,Nagaveni Bhat,1998-11-30,2,2,0,2013-04-15
5252,12,262,9,2,KGID105251,Girish Gowda,1978-12-28,1,1,0,2017-10-10
5253,12,262,8,2,KGID105252,Deepa Gowda,1978-08-21,2,3,0,2021-05-09
5254,12,262,9,1,KGID105253,Suresh Kulkarni,1991-11-08,1,7,0,2016-12-22
5255,12,262,10,3,KGID105254,Shivakumar Iyer,1989-04-20,1,6,0,2001-05-04
5256,12,262,10,3,KGID105255,Kavya Devaraj,2000-03-12,2,6,0,2013-03-16
5257,12,262,11,3,KGID105256,Chandrashekar Achar,1982-06-01,1,5,0,2018-08-29
5258,12,262,11,3,KGID105257,Jayashree Iyer,1997-05-24,2,2,0,2018-04-22
5259,12,262,11,3,KGID105258,Suresh Devaraj,1998-08-13,1,4,0,1999-11-01
5260,12,262,11,3,KGID105259,Dinesh Nayak,1993-02-03,1,7,0,2013-12-12
5261,12,262,11,3,KGID105260,Lokesh Devaraj,1986-06-27,1,4,0,2015-09-27
5262,12,262,11,3,KGID105261,Ramesh Nayak,1992-11-15,1,1,0,2010-06-26
5263,12,262,12,3,KGID105262,Sowmya Hiremath,1983-03-31,2,6,0,2002-06-07
5264,12,262,12,3,KGID105263,Pradeep Patil,1990-08-24,1,1,0,2004-11-29
5265,12,262,12,3,KGID105264,Mahesh Devaraj,1991-05-20,1,2,0,2003-10-22
5266,12,262,12,3,KGID105265,Ramesh Jadhav,1985-09-12,1,6,0,2003-03-17
5267,12,262,12,3,KGID105266,Vinay Bhandari,1989-12-14,1,4,0,2021-10-13
5268,12,262,12,3,KGID105267,Nagaraj Kamath,2001-05-31,1,3,0,2000-08-24
5269,12,262,12,3,KGID105268,Lakshmi Nayak,1996-09-03,2,8,1,2009-04-01
5270,12,262,12,3,KGID105269,Chandrashekar Bhat,2003-05-04,1,2,0,2003-09-27
5271,12,262,12,3,KGID105270,Naveen Achar,1990-07-02,1,3,0,2011-03-15
5272,12,262,12,3,KGID105271,Pallavi Shetty,1980-09-21,2,6,0,2002-10-18
5273,12,262,12,3,KGID105272,Krishna Desai,2001-10-26,1,3,0,2012-06-19
5274,12,262,12,3,KGID105273,Anand Iyer,2000-09-01,1,8,0,2023-12-20
5275,12,262,12,3,KGID105274,Nagaraj Hegde,1986-07-16,1,3,0,2005-11-09
5276,12,262,12,3,KGID105275,Ravi Gowda,1999-07-17,1,1,0,2011-06-25
5277,12,262,12,3,KGID105276,Mahesh Kamath,1994-05-02,1,1,0,2006-09-20
5278,12,262,12,3,KGID105277,Geetha Hegde,1998-12-23,2,7,0,2017-08-19
5279,12,262,12,3,KGID105278,Shivakumar Achar,1998-11-04,1,5,0,2005-04-18
5280,12,263,9,2,KGID105279,Rajesh Naik,1983-12-28,1,7,0,2000-04-27
5281,12,263,9,1,KGID105280,Sandeep Nayak,1984-08-24,1,4,0,2011-11-16
5282,12,263,10,3,KGID105281,Manoj Bhandari,1986-12-25,1,2,0,2022-08-13
5283,12,263,10,3,KGID105282,Girish Poojary,1979-05-08,1,8,0,2014-08-12
5284,12,263,11,3,KGID105283,Santosh Hiremath,1978-02-20,1,8,0,1997-06-27
5285,12,263,11,3,KGID105284,Kiran Desai,1999-07-08,1,5,0,1995-05-10
5286,12,263,11,3,KGID105285,Sandeep Hiremath,1978-07-30,1,7,0,2015-06-27
5287,12,263,11,3,KGID105286,Manoj Desai,1985-10-26,1,5,0,2014-04-03
5288,12,263,11,3,KGID105287,Krishna Hegde,1996-05-02,1,2,0,2007-07-05
5289,12,263,11,3,KGID105288,Yogesh Rao,1978-03-09,1,7,0,2007-04-25
5290,12,263,11,3,KGID105289,Manjunath Rao,1993-01-22,1,3,0,2005-10-10
5291,12,263,12,3,KGID105290,Anitha Kumar,1997-03-18,2,6,0,2005-04-13
5292,12,263,12,3,KGID105291,Girish Reddy,2004-12-29,1,1,0,2009-11-04
5293,12,263,12,3,KGID105292,Jayashree Kulkarni,1996-04-21,2,8,0,2015-07-09
5294,12,263,12,3,KGID105293,Harish Poojary,1983-08-28,1,7,1,2020-05-10
5295,12,263,12,3,KGID105294,Gopal Patil,1994-06-09,1,2,0,2006-09-10
5296,12,263,12,3,KGID105295,Harish Poojary,1981-08-06,1,8,0,2012-05-24
5297,12,263,12,3,KGID105296,Pallavi Achar,1983-05-26,2,7,0,2011-06-29
5298,12,263,12,3,KGID105297,Anand Bhat,1996-05-06,1,3,1,2011-12-13
5299,12,263,12,3,KGID105298,Gopal Achar,1983-07-20,1,5,0,2003-10-28
5300,12,263,12,3,KGID105299,Roopa Naik,1994-10-06,2,5,0,2021-04-26
5301,12,263,12,3,KGID105300,Basavaraj Bhandari,1987-04-20,1,8,0,2008-04-10
5302,12,263,12,3,KGID105301,Basavaraj Rao,1990-07-09,1,1,0,2014-08-16
5303,12,263,12,3,KGID105302,Kiran Naik,1983-01-18,1,7,0,2006-07-05
5304,12,264,8,2,KGID105303,Harish Hiremath,1978-04-13,1,7,0,2009-09-09
5305,12,264,9,2,KGID105304,Shobha Devaraj,1996-12-07,2,7,0,2011-05-05
5306,12,264,9,1,KGID105305,Santosh Rao,1986-09-29,1,2,0,2005-12-18
5307,12,264,10,3,KGID105306,Kiran Shetty,1999-09-30,1,4,0,2021-03-30
5308,12,264,10,3,KGID105307,Rajesh Hiremath,2000-11-27,1,5,0,2020-11-06
5309,12,264,10,3,KGID105308,Anand Iyer,1988-07-12,1,6,0,2015-04-23
5310,12,264,11,3,KGID105309,Nagaraj Reddy,1991-07-03,1,7,0,2019-08-08
5311,12,264,11,3,KGID105310,Srinivas Kulkarni,1999-08-19,1,5,0,2017-06-07
5312,12,264,11,3,KGID105311,Manjunath Kulkarni,1979-04-20,1,4,0,2017-07-25
5313,12,264,11,3,KGID105312,Shivakumar Bhat,1987-01-11,1,7,0,2021-09-01
5314,12,264,11,3,KGID105313,Dinesh Shetty,1982-06-04,1,6,0,1995-09-05
5315,12,264,11,3,KGID105314,Manjunath Kulkarni,1978-04-12,1,3,0,2010-08-30
5316,12,264,11,3,KGID105315,Kiran Kumar,1980-06-27,1,2,0,1995-12-17
5317,12,264,11,3,KGID105316,Umesh Achar,1978-06-05,1,5,0,2019-08-21
5318,12,264,12,3,KGID105317,Chandrashekar Jadhav,1991-01-14,1,5,0,2018-09-25
5319,12,264,12,3,KGID105318,Gopal Kulkarni,1988-07-08,1,4,0,2020-04-29
5320,12,264,12,3,KGID105319,Lakshmi Reddy,1986-03-06,2,8,0,2022-11-17
5321,12,264,12,3,KGID105320,Umesh Reddy,1985-12-12,1,1,0,2002-07-31
5322,12,264,12,3,KGID105321,Lokesh Reddy,1983-05-24,1,2,0,2018-11-13
5323,12,264,12,3,KGID105322,Suresh Nayak,1993-02-16,1,6,0,2021-03-16
5324,12,264,12,3,KGID105323,Mahesh Rao,1992-10-13,1,3,0,2014-08-19
5325,12,264,12,3,KGID105324,Girish Hegde,1992-07-20,1,4,0,2010-06-11
5326,12,264,12,3,KGID105325,Raghavendra Shetty,1993-12-21,1,3,0,2007-10-19
5327,12,264,12,3,KGID105326,Geetha Nayak,1994-09-07,2,1,0,2002-04-07
5328,12,265,9,2,KGID105327,Sandeep Devaraj,1987-08-03,1,2,0,1996-04-14
5329,12,265,9,1,KGID105328,Vijay Devaraj,1994-12-08,1,4,0,2019-08-12
5330,12,265,9,1,KGID105329,Nagaraj Gowda,1988-12-15,1,4,0,2008-08-15
5331,12,265,10,3,KGID105330,Umesh Bhandari,1993-10-06,1,8,0,2007-12-10
5332,12,265,10,3,KGID105331,Lokesh Shetty,1992-08-23,1,2,0,2023-08-01
5333,12,265,10,3,KGID105332,Prakash Jadhav,1982-01-05,1,3,0,2009-05-03
5334,12,265,11,3,KGID105333,Lokesh Reddy,1991-01-15,1,8,0,2001-09-06
5335,12,265,11,3,KGID105334,Nagaraj Iyer,1981-09-21,1,5,0,2008-05-27
5336,12,265,11,3,KGID105335,Nagaraj Desai,1999-05-28,1,4,0,2019-05-21
5337,12,265,11,3,KGID105336,Ramesh Kumar,1992-03-29,1,3,0,2020-08-08
5338,12,265,11,3,KGID105337,Krishna Hegde,1988-06-04,1,4,0,2020-07-13
5339,12,265,11,3,KGID105338,Naveen Kulkarni,1983-11-07,1,1,0,2004-08-23
5340,12,265,11,3,KGID105339,Girish Nayak,1999-07-14,1,4,0,2022-11-13
5341,12,265,11,3,KGID105340,Yogesh Kamath,1983-12-17,1,6,0,2010-10-17
5342,12,265,12,3,KGID105341,Girish Bhandari,1995-05-25,1,2,0,2008-10-01
5343,12,265,12,3,KGID105342,Ramesh Kumar,1985-03-07,1,2,0,2022-09-11
5344,12,265,12,3,KGID105343,Gopal Bhat,1990-07-16,1,6,0,2004-09-04
5345,12,265,12,3,KGID105344,Rajesh Patil,2002-08-12,1,7,0,2018-11-21
5346,12,265,12,3,KGID105345,Umesh Iyer,1999-10-09,1,2,0,2022-06-16
5347,12,265,12,3,KGID105346,Chandrashekar Nayak,1982-08-23,1,4,0,2015-09-29
5348,12,265,12,3,KGID105347,Manoj Bhandari,1995-09-02,1,7,0,2017-10-13
5349,12,265,12,3,KGID105348,Harish Naik,1996-10-24,1,8,0,2018-12-31
5350,12,265,12,3,KGID105349,Santosh Iyer,1999-05-26,1,3,0,2011-04-24
5351,12,266,8,2,KGID105350,Lokesh Jadhav,1977-04-28,1,6,0,1995-05-26
5352,12,266,9,1,KGID105351,Girish Jadhav,1996-12-10,1,6,0,2004-09-17
5353,12,266,10,3,KGID105352,Krishna Naik,2000-12-15,1,7,0,2005-12-15
5354,12,266,10,3,KGID105353,Harish Desai,1996-07-16,1,8,0,2007-06-03
5355,12,266,10,3,KGID105354,Mahesh Kumar,1991-06-17,1,8,0,2012-03-28
5356,12,266,11,3,KGID105355,Santosh Devaraj,1980-08-06,1,5,0,2009-12-22
5357,12,266,11,3,KGID105356,Kiran Devaraj,1981-09-23,1,7,0,2016-10-01
5358,12,266,11,3,KGID105357,Raghavendra Patil,1976-02-04,1,6,0,2010-04-10
5359,12,266,11,3,KGID105358,Nagaveni Iyer,1988-09-29,2,8,0,2013-11-04
5360,12,266,11,3,KGID105359,Nagaraj Kumar,1977-12-09,1,8,0,1997-04-20
5361,12,266,11,3,KGID105360,Roopa Bhandari,1980-06-28,2,7,0,2012-03-21
5362,12,266,11,3,KGID105361,Kiran Hegde,1989-01-03,1,8,0,2022-09-07
5363,12,266,11,3,KGID105362,Manoj Nayak,1997-10-06,1,5,0,2005-06-18
5364,12,266,12,3,KGID105363,Naveen Reddy,2003-01-02,1,6,0,2005-10-17
5365,12,266,12,3,KGID105364,Lokesh Bhandari,1996-07-18,1,6,0,2012-05-04
5366,12,266,12,3,KGID105365,Santosh Desai,1998-05-20,1,7,0,2003-11-02
5367,12,266,12,3,KGID105366,Lokesh Achar,1996-12-03,1,5,0,2014-10-23
5368,12,266,12,3,KGID105367,Anand Patil,1999-02-25,1,4,0,2008-12-13
5369,12,266,12,3,KGID105368,Basavaraj Kumar,2000-10-07,1,1,0,2005-03-26
5370,12,266,12,3,KGID105369,Raghavendra Shetty,1998-07-06,1,3,0,2003-10-23
5371,12,266,12,3,KGID105370,Manjula Bhandari,1984-07-05,2,7,0,2022-11-19
5372,12,266,12,3,KGID105371,Rajesh Achar,1987-08-30,1,6,0,2023-05-12
5373,12,266,12,3,KGID105372,Pushpa Devaraj,2003-04-02,2,8,0,2009-04-05
5374,12,267,8,5,KGID105373,Raghavendra Devaraj,1996-05-28,1,7,0,2007-10-19
5375,12,267,9,5,KGID105374,Santosh Achar,1985-03-05,1,1,0,2014-03-23
5376,12,267,9,1,KGID105375,Vijay Achar,1981-02-21,1,3,0,2014-09-19
5377,12,267,9,1,KGID105376,Deepa Bhandari,1989-01-01,2,3,0,2007-07-23
5378,12,267,10,3,KGID105377,Pallavi Rao,1980-06-07,2,7,0,2018-03-17
5379,12,267,10,3,KGID105378,Shivakumar Kulkarni,1996-09-22,1,3,0,1998-10-27
5380,12,267,10,3,KGID105379,Lokesh Jadhav,1980-08-09,1,3,0,2001-06-10
5381,12,267,11,3,KGID105380,Naveen Shetty,2000-01-23,1,4,0,2015-05-10
5382,12,267,11,3,KGID105381,Prakash Naik,1993-06-02,1,6,0,2010-06-16
5383,12,267,11,3,KGID105382,Manjunath Jadhav,1992-03-08,1,1,0,2000-06-24
5384,12,267,11,3,KGID105383,Sandeep Jadhav,1985-06-22,1,7,0,2018-04-21
5385,12,267,11,3,KGID105384,Yogesh Kamath,1978-04-21,1,3,0,2001-04-15
5386,12,267,11,3,KGID105385,Krishna Gowda,1993-03-05,1,4,0,1995-09-01
5387,12,267,11,3,KGID105386,Manjunath Hiremath,1976-02-15,1,7,0,2002-07-07
5388,12,267,11,3,KGID105387,Santosh Devaraj,1991-06-10,1,5,0,1998-11-25
5389,12,267,12,3,KGID105388,Umesh Kumar,1987-04-09,1,4,0,2016-09-05
5390,12,267,12,3,KGID105389,Vinay Desai,2001-06-18,1,7,0,2005-10-01
5391,12,267,12,3,KGID105390,Yogesh Kamath,2000-02-11,1,4,0,2017-04-26
5392,12,267,12,3,KGID105391,Pradeep Rao,1985-04-03,1,3,0,2023-11-17
5393,12,267,12,3,KGID105392,Prakash Hiremath,2004-11-27,1,6,0,2011-09-17
5394,12,267,12,3,KGID105393,Gopal Kumar,2004-02-19,1,6,0,2019-09-02
5395,12,267,12,3,KGID105394,Harish Shetty,2002-09-29,1,2,0,2016-06-15
5396,12,267,12,3,KGID105395,Manjunath Rao,2004-03-08,1,8,0,2006-10-08
5397,12,267,12,3,KGID105396,Yogesh Rao,1997-11-06,1,1,0,2006-06-02
5398,12,267,12,3,KGID105397,Krishna Hegde,1999-02-23,1,2,0,2012-12-26
5399,12,267,12,3,KGID105398,Chandrashekar Bhandari,1990-05-06,1,1,1,2003-07-28
5400,12,268,8,6,KGID105399,Harish Patil,1975-11-21,1,8,0,2003-03-16
5401,12,268,9,1,KGID105400,Umesh Devaraj,1989-09-23,1,4,0,2018-08-06
5402,12,268,9,1,KGID105401,Nagaraj Patil,1993-04-22,1,6,0,2008-11-08
5403,12,268,10,3,KGID105402,Prakash Kulkarni,1985-08-08,1,1,0,2010-11-07
5404,12,268,10,3,KGID105403,Basavaraj Desai,1978-04-05,1,3,0,2009-12-31
5405,12,268,11,3,KGID105404,Suresh Naik,1996-12-22,1,4,0,1996-08-31
5406,12,268,11,3,KGID105405,Lokesh Shetty,1978-04-21,1,5,0,2023-03-29
5407,12,268,11,3,KGID105406,Sandeep Shetty,1983-02-17,1,3,0,2020-10-03
5408,12,268,11,3,KGID105407,Nagaraj Kamath,1980-01-29,1,4,0,2023-12-21
5409,12,268,11,3,KGID105408,Basavaraj Bhat,1979-12-05,1,3,0,2006-09-09
5410,12,268,12,3,KGID105409,Harish Naik,1992-10-18,1,3,0,2012-10-21
5411,12,268,12,3,KGID105410,Gopal Bhat,2001-11-17,1,5,0,2010-05-11
5412,12,268,12,3,KGID105411,Pallavi Gowda,1981-09-23,2,2,0,2018-06-20
5413,12,268,12,3,KGID105412,Kavya Kumar,2002-06-15,2,7,0,2009-04-22
5414,12,268,12,3,KGID105413,Srinivas Gowda,1990-04-10,1,3,0,2010-10-28
5415,12,268,12,3,KGID105414,Vani Rao,1994-10-04,2,7,0,2007-06-17
5416,12,268,12,3,KGID105415,Suresh Kamath,1981-01-03,1,5,0,2018-10-08
5417,12,268,12,3,KGID105416,Raghavendra Gowda,1983-07-22,1,6,0,2017-12-23
5418,12,268,12,3,KGID105417,Pradeep Patil,2002-03-01,1,1,0,2007-08-16
5419,12,268,12,3,KGID105418,Ravi Hiremath,2004-05-21,1,5,0,2013-07-25
5420,12,268,12,3,KGID105419,Pallavi Kulkarni,1999-04-02,2,1,0,2014-06-07
5421,12,269,9,4,KGID105420,Srinivas Desai,1981-09-05,1,1,0,2010-05-19
5422,12,269,8,4,KGID105421,Vinay Devaraj,1997-02-08,1,1,0,2009-06-18
5423,12,269,9,1,KGID105422,Kiran Gowda,1983-09-15,1,2,0,2013-07-21
5424,12,269,9,1,KGID105423,Harish Kamath,1994-05-27,1,8,0,2018-05-16
5425,12,269,10,3,KGID105424,Gopal Gowda,1977-11-03,1,2,0,2006-10-03
5426,12,269,10,3,KGID105425,Nagaraj Kumar,1983-09-13,1,2,0,2019-12-29
5427,12,269,11,3,KGID105426,Mahesh Shetty,1999-10-01,1,7,0,2015-12-21
5428,12,269,11,3,KGID105427,Nagaraj Gowda,1999-02-25,1,3,0,2004-12-17
5429,12,269,11,3,KGID105428,Dinesh Desai,1989-08-01,1,5,0,2021-11-30
5430,12,269,11,3,KGID105429,Ramesh Naik,1986-12-02,1,7,0,2000-11-23
5431,12,269,11,3,KGID105430,Lokesh Hiremath,1990-05-29,1,7,0,2005-05-28
5432,12,269,11,3,KGID105431,Vani Naik,1981-02-09,2,8,0,2021-10-11
5433,12,269,11,3,KGID105432,Anand Patil,1982-12-30,1,4,0,2014-08-05
5434,12,269,12,3,KGID105433,Suresh Kumar,1983-04-20,1,2,0,2020-03-13
5435,12,269,12,3,KGID105434,Yogesh Poojary,1996-07-20,1,8,0,2001-06-13
5436,12,269,12,3,KGID105435,Vinay Bhandari,2002-03-13,1,7,0,2013-10-30
5437,12,269,12,3,KGID105436,Basavaraj Kumar,2001-05-04,1,8,0,2022-03-18
5438,12,269,12,3,KGID105437,Pradeep Naik,1994-12-01,1,3,0,2008-05-12
5439,12,269,12,3,KGID105438,Vinay Bhat,1983-09-28,1,4,0,2007-01-04
5440,12,269,12,3,KGID105439,Dinesh Reddy,1988-10-18,1,6,0,2009-05-15
5441,12,269,12,3,KGID105440,Sowmya Rao,1981-10-27,2,5,0,2022-07-06
5442,12,269,12,3,KGID105441,Kiran Hiremath,1987-05-13,1,8,0,2016-07-03
5443,13,273,9,2,KGID105442,Girish Iyer,1992-02-26,1,8,0,2004-10-01
5444,13,273,9,1,KGID105443,Ravi Kamath,1999-10-16,1,4,0,2001-08-30
5445,13,273,10,3,KGID105444,Kiran Kamath,1988-02-04,1,5,0,2010-09-27
5446,13,273,10,3,KGID105445,Basavaraj Kulkarni,1991-04-11,1,4,0,2014-08-21
5447,13,273,10,3,KGID105446,Roopa Reddy,1993-07-29,2,4,0,2000-06-20
5448,13,273,11,3,KGID105447,Chandrashekar Rao,1984-04-02,1,3,0,2010-05-18
5449,13,273,11,3,KGID105448,Umesh Devaraj,1991-09-16,1,1,0,1997-09-10
5450,13,273,11,3,KGID105449,Mahesh Achar,1981-10-23,1,4,0,2022-11-10
5451,13,273,11,3,KGID105450,Kiran Reddy,1977-12-13,1,2,0,2020-08-21
5452,13,273,11,3,KGID105451,Naveen Achar,1979-10-04,1,4,0,2015-07-13
5453,13,273,11,3,KGID105452,Naveen Shetty,1976-04-17,1,4,0,2006-06-06
5454,13,273,11,3,KGID105453,Nagaraj Bhat,2000-08-14,1,2,0,2015-08-21
5455,13,273,12,3,KGID105454,Umesh Devaraj,1984-08-07,1,3,0,2017-08-18
5456,13,273,12,3,KGID105455,Krishna Bhandari,2001-05-12,1,5,0,2013-08-22
5457,13,273,12,3,KGID105456,Anitha Patil,1986-07-24,2,5,0,2008-08-11
5458,13,273,12,3,KGID105457,Vijay Kumar,1984-08-10,1,6,0,2011-09-06
5459,13,273,12,3,KGID105458,Vinay Desai,1985-11-15,1,3,0,2020-06-08
5460,13,273,12,3,KGID105459,Sowmya Kamath,1983-06-27,2,8,0,2014-10-05
5461,13,273,12,3,KGID105460,Harish Kamath,1990-09-27,1,8,0,2013-09-17
5462,13,273,12,3,KGID105461,Santosh Gowda,1984-03-25,1,1,0,2020-07-02
5463,13,273,12,3,KGID105462,Rajesh Hiremath,2001-08-26,1,4,0,2012-11-27
5464,13,273,12,3,KGID105463,Suresh Iyer,1989-03-24,1,8,0,2018-09-05
5465,13,274,8,2,KGID105464,Manjunath Gowda,1989-07-27,1,2,0,2000-09-29
5466,13,274,9,1,KGID105465,Anand Poojary,1987-08-10,1,3,0,2016-05-04
5467,13,274,10,3,KGID105466,Lokesh Nayak,1977-12-19,1,7,0,1997-12-03
5468,13,274,10,3,KGID105467,Manoj Gowda,1987-03-14,1,7,0,2011-11-08
5469,13,274,11,3,KGID105468,Nagaveni Devaraj,1982-02-25,2,2,0,2010-09-03
5470,13,274,11,3,KGID105469,Srinivas Naik,1997-12-06,1,7,0,2007-04-30
5471,13,274,11,3,KGID105470,Nagaveni Patil,1988-12-01,2,6,0,1996-08-25
5472,13,274,11,3,KGID105471,Shivakumar Gowda,1998-11-13,1,3,0,1995-10-17
5473,13,274,11,3,KGID105472,Ravi Nayak,1995-11-28,1,1,0,2010-12-14
5474,13,274,12,3,KGID105473,Mahesh Hiremath,1989-10-17,1,4,0,2006-04-04
5475,13,274,12,3,KGID105474,Chandrashekar Patil,2001-10-10,1,5,0,2022-03-25
5476,13,274,12,3,KGID105475,Nagaraj Naik,1985-04-05,1,8,0,2014-10-24
5477,13,274,12,3,KGID105476,Vijay Nayak,1980-07-01,1,3,0,2004-05-20
5478,13,274,12,3,KGID105477,Manjunath Nayak,2003-02-09,1,5,0,2021-08-09
5479,13,274,12,3,KGID105478,Santosh Desai,1993-01-01,1,3,0,2003-05-09
5480,13,274,12,3,KGID105479,Gopal Bhat,1987-06-08,1,3,0,2021-07-05
5481,13,274,12,3,KGID105480,Ramesh Iyer,1994-03-08,1,8,0,2001-08-21
5482,13,274,12,3,KGID105481,Naveen Bhandari,1998-05-02,1,4,0,2001-04-25
5483,13,274,12,3,KGID105482,Yogesh Kamath,1994-04-28,1,4,0,2008-03-17
5484,13,274,12,3,KGID105483,Manoj Kumar,1992-01-01,1,1,0,2008-07-30
5485,13,274,12,3,KGID105484,Prakash Iyer,1998-03-04,1,1,0,2015-04-05
5486,13,274,12,3,KGID105485,Deepa Achar,1997-03-22,2,1,0,2022-09-03
5487,13,274,12,3,KGID105486,Srinivas Poojary,1988-07-11,1,7,0,2006-06-11
5488,13,275,9,2,KGID105487,Lokesh Poojary,1991-07-11,1,1,0,2014-05-10
5489,13,275,9,2,KGID105488,Manjunath Hiremath,1995-10-13,1,5,0,2021-12-04
5490,13,275,9,1,KGID105489,Raghavendra Devaraj,1994-02-03,1,2,0,2019-06-23
5491,13,275,9,1,KGID105490,Manjula Naik,1995-08-19,2,6,0,2012-03-12
5492,13,275,10,3,KGID105491,Chandrashekar Bhat,1981-02-21,1,4,0,2016-07-23
5493,13,275,10,3,KGID105492,Pradeep Kulkarni,1992-02-15,1,6,0,2016-05-08
5494,13,275,10,3,KGID105493,Deepa Kulkarni,1986-06-11,2,4,0,2002-07-06
5495,13,275,11,3,KGID105494,Manoj Reddy,1993-03-28,1,6,0,1998-07-12
5496,13,275,11,3,KGID105495,Manjula Achar,1996-07-22,2,8,0,1997-04-01
5497,13,275,11,3,KGID105496,Rajesh Iyer,1981-12-16,1,3,0,2021-04-26
5498,13,275,11,3,KGID105497,Srinivas Nayak,1986-03-15,1,7,0,1999-10-11
5499,13,275,11,3,KGID105498,Yogesh Nayak,1996-09-22,1,1,0,1998-06-19
5500,13,275,12,3,KGID105499,Vinay Naik,1997-02-01,1,8,1,2007-07-17
5501,13,275,12,3,KGID105500,Sowmya Patil,1987-08-29,2,3,0,2021-07-11
5502,13,275,12,3,KGID105501,Yogesh Iyer,1991-03-27,1,4,0,2000-07-28
5503,13,275,12,3,KGID105502,Dinesh Kamath,1987-07-20,1,8,0,2021-09-21
5504,13,275,12,3,KGID105503,Jayashree Patil,1997-07-21,2,5,0,2018-08-11
5505,13,275,12,3,KGID105504,Suresh Hiremath,1991-10-16,1,6,0,2023-08-17
5506,13,275,12,3,KGID105505,Krishna Achar,1992-09-05,1,2,0,2017-08-22
5507,13,275,12,3,KGID105506,Girish Kulkarni,1985-04-30,1,3,0,2007-04-28
5508,13,275,12,3,KGID105507,Dinesh Shetty,1984-06-29,1,1,0,2012-09-30
5509,13,275,12,3,KGID105508,Manjunath Poojary,1982-03-04,1,1,0,2021-05-01
5510,13,275,12,3,KGID105509,Vijay Bhat,1998-01-26,1,5,0,2016-12-03
5511,13,275,12,3,KGID105510,Mahesh Achar,1988-02-12,1,1,0,2014-08-30
5512,13,275,12,3,KGID105511,Manjunath Hegde,1984-01-03,1,8,0,2003-09-28
5513,13,275,12,3,KGID105512,Dinesh Patil,1987-12-17,1,1,0,2000-10-18
5514,13,275,12,3,KGID105513,Yogesh Kulkarni,1991-05-06,1,8,0,2000-06-10
5515,13,276,9,2,KGID105514,Nagaraj Bhat,1987-05-22,1,5,0,2011-07-30
5516,13,276,9,1,KGID105515,Kavya Kamath,1998-09-23,2,6,0,2015-04-21
5517,13,276,9,1,KGID105516,Prakash Naik,1991-09-28,1,3,0,2012-11-09
5518,13,276,10,3,KGID105517,Girish Hegde,1994-03-21,1,1,0,2013-06-28
5519,13,276,10,3,KGID105518,Girish Patil,1977-11-04,1,4,0,2017-08-29
5520,13,276,10,3,KGID105519,Deepa Iyer,1977-12-08,2,1,0,2014-04-13
5521,13,276,11,3,KGID105520,Mahesh Reddy,1997-06-29,1,7,0,2015-12-27
5522,13,276,11,3,KGID105521,Shivakumar Kumar,1987-08-19,1,5,0,2001-11-14
5523,13,276,11,3,KGID105522,Kavya Achar,1985-05-11,2,5,0,2010-10-17
5524,13,276,11,3,KGID105523,Ramesh Bhandari,1994-08-31,1,8,0,2002-10-30
5525,13,276,11,3,KGID105524,Mahesh Bhandari,1996-03-15,1,6,0,2014-12-08
5526,13,276,11,3,KGID105525,Naveen Hegde,1996-07-15,1,6,0,2018-12-17
5527,13,276,12,3,KGID105526,Anitha Bhat,1998-05-20,2,3,0,2009-11-09
5528,13,276,12,3,KGID105527,Sowmya Bhandari,1988-03-29,2,5,0,2004-11-24
5529,13,276,12,3,KGID105528,Srinivas Bhandari,1993-11-27,1,2,0,2011-07-19
5530,13,276,12,3,KGID105529,Sandeep Poojary,1982-03-19,1,5,0,2015-07-28
5531,13,276,12,3,KGID105530,Santosh Bhandari,1991-09-03,1,1,0,2013-10-23
5532,13,276,12,3,KGID105531,Umesh Reddy,2002-07-01,1,7,0,2018-08-01
5533,13,276,12,3,KGID105532,Krishna Gowda,1993-07-23,1,2,0,2015-04-27
5534,13,276,12,3,KGID105533,Pradeep Naik,1989-05-05,1,2,0,2004-07-13
5535,13,276,12,3,KGID105534,Manoj Kamath,1995-06-30,1,4,0,2009-12-14
5536,13,276,12,3,KGID105535,Manoj Reddy,2000-02-13,1,1,0,2013-12-13
5537,13,276,12,3,KGID105536,Ramesh Desai,1982-08-06,1,1,0,2002-11-29
5538,13,276,12,3,KGID105537,Suresh Hegde,1989-09-08,1,2,0,2015-06-02
5539,13,276,12,3,KGID105538,Manoj Desai,1997-02-02,1,3,0,2014-12-29
5540,13,276,12,3,KGID105539,Nagaraj Desai,1981-11-28,1,6,0,2011-08-21
5541,13,277,9,2,KGID105540,Kiran Hiremath,1986-08-16,1,4,0,2003-10-08
5542,13,277,9,2,KGID105541,Shivakumar Patil,1982-01-25,1,6,0,1995-04-27
5543,13,277,9,1,KGID105542,Manjunath Bhat,1986-06-24,1,6,0,2007-04-21
5544,13,277,10,3,KGID105543,Sandeep Achar,1997-01-18,1,7,0,2013-07-02
5545,13,277,10,3,KGID105544,Manjula Naik,1987-06-12,2,4,0,2006-03-14
5546,13,277,11,3,KGID105545,Mahesh Gowda,1978-09-12,1,6,0,2011-08-30
5547,13,277,11,3,KGID105546,Prakash Patil,1990-08-02,1,4,0,2020-06-05
5548,13,277,11,3,KGID105547,Basavaraj Nayak,1991-06-11,1,6,0,2017-09-30
5549,13,277,11,3,KGID105548,Srinivas Poojary,1985-10-26,1,2,0,2012-06-16
5550,13,277,11,3,KGID105549,Sowmya Kulkarni,1999-10-25,2,5,0,2003-06-02
5551,13,277,12,3,KGID105550,Yogesh Jadhav,1980-01-19,1,5,0,2011-03-15
5552,13,277,12,3,KGID105551,Manoj Shetty,1986-04-26,1,2,0,2003-06-12
5553,13,277,12,3,KGID105552,Pallavi Naik,1997-12-09,2,5,0,2012-10-14
5554,13,277,12,3,KGID105553,Roopa Bhandari,1992-03-22,2,2,0,2018-10-03
5555,13,277,12,3,KGID105554,Basavaraj Desai,2000-09-08,1,5,0,2023-11-02
5556,13,277,12,3,KGID105555,Chandrashekar Shetty,1983-01-06,1,2,0,2020-04-28
5557,13,277,12,3,KGID105556,Santosh Kulkarni,2002-03-20,1,1,0,2007-06-03
5558,13,277,12,3,KGID105557,Rajesh Poojary,1993-02-01,1,1,0,2012-09-11
5559,13,277,12,3,KGID105558,Jayashree Shetty,2000-10-10,2,6,0,2017-12-28
5560,13,277,12,3,KGID105559,Yogesh Kulkarni,1998-02-13,1,6,0,2000-07-11
5561,13,277,12,3,KGID105560,Raghavendra Patil,1981-08-16,1,1,0,2018-04-12
5562,13,277,12,3,KGID105561,Umesh Rao,2004-01-08,1,8,0,2022-09-13
5563,13,277,12,3,KGID105562,Naveen Kulkarni,1998-11-03,1,5,0,2014-04-11
5564,13,278,9,2,KGID105563,Rajesh Iyer,1991-07-27,1,7,0,2019-09-08
5565,13,278,9,1,KGID105564,Ravi Hegde,1982-04-23,1,1,0,2001-10-22
5566,13,278,10,3,KGID105565,Shivakumar Hiremath,1987-01-31,1,7,0,2001-03-15
5567,13,278,10,3,KGID105566,Girish Patil,1979-12-09,1,2,0,2006-07-19
5568,13,278,11,3,KGID105567,Ramesh Desai,1996-04-25,1,1,0,1999-11-29
5569,13,278,11,3,KGID105568,Chandrashekar Poojary,1995-02-16,1,4,0,2011-06-02
5570,13,278,11,3,KGID105569,Naveen Hiremath,1978-03-03,1,2,0,2014-05-04
5571,13,278,11,3,KGID105570,Gopal Hiremath,1996-06-09,1,5,0,1996-07-25
5572,13,278,11,3,KGID105571,Srinivas Naik,1995-09-28,1,3,0,2002-05-01
5573,13,278,11,3,KGID105572,Pallavi Bhat,1982-08-22,2,4,0,2023-09-09
5574,13,278,11,3,KGID105573,Dinesh Shetty,1979-10-03,1,3,0,2002-11-13
5575,13,278,11,3,KGID105574,Deepa Achar,1978-07-21,2,8,0,2019-05-19
5576,13,278,12,3,KGID105575,Radha Naik,1986-02-21,2,6,0,2013-12-11
5577,13,278,12,3,KGID105576,Rajesh Patil,1990-03-31,1,3,0,2022-05-14
5578,13,278,12,3,KGID105577,Raghavendra Kamath,1980-06-22,1,5,0,2013-10-19
5579,13,278,12,3,KGID105578,Naveen Kamath,1985-12-05,1,4,0,2007-07-08
5580,13,278,12,3,KGID105579,Shivakumar Kumar,2000-01-05,1,5,0,2001-12-01
5581,13,278,12,3,KGID105580,Gopal Patil,1990-04-30,1,4,0,2010-08-21
5582,13,278,12,3,KGID105581,Mahesh Bhat,2002-06-11,1,3,0,2012-05-24
5583,13,278,12,3,KGID105582,Prakash Bhandari,1999-10-31,1,6,0,2001-06-23
5584,13,278,12,3,KGID105583,Krishna Reddy,1982-03-29,1,5,0,2002-12-26
5585,13,279,9,2,KGID105584,Manoj Iyer,1979-08-14,1,8,0,2017-08-25
5586,13,279,9,2,KGID105585,Lokesh Jadhav,1985-12-02,1,7,0,2000-09-08
5587,13,279,9,1,KGID105586,Kiran Bhandari,1990-01-01,1,2,0,2000-12-21
5588,13,279,9,1,KGID105587,Manoj Kulkarni,1980-07-18,1,4,0,2000-06-17
5589,13,279,10,3,KGID105588,Lokesh Bhandari,1994-03-26,1,4,0,2001-07-05
5590,13,279,10,3,KGID105589,Geetha Reddy,2000-11-08,2,8,0,2005-08-14
5591,13,279,10,3,KGID105590,Dinesh Hegde,1988-11-16,1,7,0,2006-07-23
5592,13,279,11,3,KGID105591,Lokesh Kulkarni,1985-05-03,1,3,1,2006-12-16
5593,13,279,11,3,KGID105592,Pushpa Jadhav,1997-12-24,2,2,0,1995-09-17
5594,13,279,11,3,KGID105593,Srinivas Achar,1997-01-02,1,7,0,1999-03-19
5595,13,279,11,3,KGID105594,Ravi Shetty,1988-09-19,1,8,0,2009-10-14
5596,13,279,11,3,KGID105595,Krishna Poojary,1977-09-06,1,6,0,2007-09-14
5597,13,279,11,3,KGID105596,Gopal Gowda,2001-05-16,1,6,0,2003-11-17
5598,13,279,11,3,KGID105597,Sandeep Shetty,1991-05-03,1,7,0,1998-08-15
5599,13,279,11,3,KGID105598,Sandeep Kulkarni,2000-07-28,1,4,0,2015-06-18
5600,13,279,12,3,KGID105599,Gopal Iyer,2002-06-20,1,5,0,2016-01-02
5601,13,279,12,3,KGID105600,Manoj Hegde,1987-02-10,1,1,0,2006-04-28
5602,13,279,12,3,KGID105601,Prakash Naik,1988-04-27,1,3,0,2010-04-07
5603,13,279,12,3,KGID105602,Mahesh Achar,2001-10-29,1,3,0,2005-10-08
5604,13,279,12,3,KGID105603,Gopal Iyer,1989-04-24,1,1,0,2022-12-17
5605,13,279,12,3,KGID105604,Sandeep Iyer,2002-08-09,1,8,0,2011-11-04
5606,13,279,12,3,KGID105605,Lokesh Bhandari,2004-12-16,1,1,0,2023-11-27
5607,13,279,12,3,KGID105606,Vijay Iyer,2003-05-21,1,5,0,2017-04-13
5608,13,280,8,2,KGID105607,Raghavendra Hegde,1977-08-07,1,7,0,2000-04-28
5609,13,280,9,1,KGID105608,Anand Kamath,1992-03-21,1,5,0,2003-12-22
5610,13,280,9,1,KGID105609,Gopal Poojary,1996-03-19,1,8,0,2007-07-28
5611,13,280,10,3,KGID105610,Ravi Bhat,1993-10-27,1,5,0,2020-09-22
5612,13,280,10,3,KGID105611,Harish Rao,1979-04-10,1,6,0,2003-08-31
5613,13,280,10,3,KGID105612,Girish Bhat,1997-11-24,1,5,0,2005-12-16
5614,13,280,11,3,KGID105613,Sowmya Devaraj,2001-03-17,2,2,0,2014-10-11
5615,13,280,11,3,KGID105614,Manoj Hegde,1991-03-26,1,3,0,2009-12-18
5616,13,280,11,3,KGID105615,Ramesh Poojary,1984-01-13,1,7,0,2009-06-05
5617,13,280,11,3,KGID105616,Sandeep Hiremath,1981-06-27,1,6,0,1997-10-16
5618,13,280,11,3,KGID105617,Pradeep Devaraj,1975-12-08,1,1,0,1995-09-28
5619,13,280,11,3,KGID105618,Anand Shetty,1983-03-04,1,8,0,1997-05-13
5620,13,280,11,3,KGID105619,Ravi Hiremath,1980-01-19,1,2,0,2003-09-30
5621,13,280,12,3,KGID105620,Dinesh Shetty,1991-09-09,1,8,0,2018-03-18
5622,13,280,12,3,KGID105621,Shwetha Rao,1999-06-24,2,1,0,2011-09-03
5623,13,280,12,3,KGID105622,Anand Iyer,1993-08-03,1,2,0,2006-11-27
5624,13,280,12,3,KGID105623,Mahesh Naik,2001-11-28,1,6,0,2008-04-20
5625,13,280,12,3,KGID105624,Manjunath Bhandari,1990-06-16,1,3,0,2009-04-28
5626,13,280,12,3,KGID105625,Pradeep Naik,1983-03-31,1,4,0,2006-10-29
5627,13,280,12,3,KGID105626,Rajesh Kulkarni,2000-04-10,1,5,0,2009-07-26
5628,13,280,12,3,KGID105627,Dinesh Gowda,1988-02-25,1,4,0,2018-09-04
5629,13,280,12,3,KGID105628,Pallavi Kumar,1992-05-29,2,3,0,2008-04-09
5630,13,280,12,3,KGID105629,Savitri Iyer,1985-05-14,2,6,0,2002-10-10
5631,13,280,12,3,KGID105630,Raghavendra Bhandari,1990-12-08,1,7,0,2017-06-10
5632,13,280,12,3,KGID105631,Kiran Devaraj,1996-01-16,1,6,0,2012-11-17
5633,13,280,12,3,KGID105632,Manjula Devaraj,1993-10-10,2,3,0,2012-05-22
5634,13,280,12,3,KGID105633,Harish Kamath,1994-10-29,1,1,0,2000-06-07
5635,13,281,9,5,KGID105634,Shivakumar Achar,1994-11-17,1,8,0,1997-11-12
5636,13,281,8,5,KGID105635,Nagaveni Achar,1980-07-19,2,5,0,2021-07-23
5637,13,281,9,1,KGID105636,Suresh Achar,1984-12-23,1,1,0,2003-07-03
5638,13,281,9,1,KGID105637,Manjunath Bhandari,1982-09-30,1,4,0,2007-09-21
5639,13,281,10,3,KGID105638,Pradeep Desai,1990-01-15,1,6,0,2022-10-04
5640,13,281,10,3,KGID105639,Manoj Bhat,1987-12-15,1,7,0,2016-08-03
5641,13,281,10,3,KGID105640,Gopal Reddy,1993-09-25,1,4,0,1999-04-07
5642,13,281,11,3,KGID105641,Ramesh Naik,1990-10-31,1,6,0,2015-07-24
5643,13,281,11,3,KGID105642,Harish Reddy,1991-05-14,1,7,0,1996-04-12
5644,13,281,11,3,KGID105643,Rajesh Rao,1985-01-07,1,5,0,1997-09-27
5645,13,281,11,3,KGID105644,Savitri Kumar,1978-10-30,2,7,0,2009-11-21
5646,13,281,12,3,KGID105645,Gopal Kulkarni,1982-01-24,1,5,0,2007-06-27
5647,13,281,12,3,KGID105646,Ravi Shetty,1981-10-11,1,6,0,2017-05-08
5648,13,281,12,3,KGID105647,Pradeep Rao,1996-05-12,1,7,0,2006-05-24
5649,13,281,12,3,KGID105648,Anitha Bhandari,1986-10-06,2,5,0,2020-10-15
5650,13,281,12,3,KGID105649,Shobha Hiremath,1982-10-14,2,1,0,2001-09-15
5651,13,281,12,3,KGID105650,Santosh Bhandari,1980-06-25,1,5,0,2018-07-09
5652,13,281,12,3,KGID105651,Shivakumar Bhat,2001-04-25,1,5,0,2012-08-17
5653,13,281,12,3,KGID105652,Anand Hiremath,1987-03-03,1,4,0,2018-07-25
5654,13,281,12,3,KGID105653,Nagaraj Poojary,1981-01-10,1,4,0,2022-09-06
5655,13,281,12,3,KGID105654,Yogesh Shetty,1999-04-24,1,6,0,2019-05-28
5656,13,281,12,3,KGID105655,Gopal Jadhav,1986-01-06,1,7,0,2014-05-21
5657,13,281,12,3,KGID105656,Kiran Achar,2001-06-02,1,3,0,2007-03-13
5658,13,281,12,3,KGID105657,Mahesh Rao,2000-07-03,1,7,0,2022-04-09
5659,13,281,12,3,KGID105658,Raghavendra Kulkarni,1994-06-25,1,7,0,2014-09-19
5660,13,281,12,3,KGID105659,Girish Gowda,1983-04-18,1,3,0,2006-10-09
5661,13,281,12,3,KGID105660,Srinivas Devaraj,1987-05-31,1,7,0,2018-04-12
5662,13,282,8,6,KGID105661,Girish Hegde,1985-09-25,1,1,0,2021-06-13
5663,13,282,9,1,KGID105662,Yogesh Rao,1990-06-25,1,7,0,2022-11-11
5664,13,282,10,3,KGID105663,Santosh Shetty,1996-04-19,1,7,0,2000-01-01
5665,13,282,10,3,KGID105664,Rajesh Desai,1999-04-19,1,5,0,1997-08-16
5666,13,282,10,3,KGID105665,Vinay Hegde,1980-11-26,1,1,0,2010-09-05
5667,13,282,11,3,KGID105666,Chandrashekar Achar,1998-12-07,1,4,0,2001-11-18
5668,13,282,11,3,KGID105667,Vijay Nayak,1988-10-10,1,6,0,1999-10-27
5669,13,282,11,3,KGID105668,Nandini Iyer,1992-12-02,2,8,0,2015-01-03
5670,13,282,11,3,KGID105669,Nagaraj Patil,1989-10-24,1,2,0,2018-03-15
5671,13,282,11,3,KGID105670,Manjunath Naik,1985-08-04,1,7,0,2007-06-02
5672,13,282,11,3,KGID105671,Manoj Naik,1977-06-14,1,3,0,2000-12-16
5673,13,282,11,3,KGID105672,Kavya Kulkarni,2001-08-08,2,5,0,2010-12-27
5674,13,282,12,3,KGID105673,Lokesh Poojary,1994-09-28,1,3,0,2007-11-13
5675,13,282,12,3,KGID105674,Chandrashekar Desai,1996-12-01,1,5,0,2023-06-03
5676,13,282,12,3,KGID105675,Mahesh Bhat,1989-09-18,1,1,0,2019-11-26
5677,13,282,12,3,KGID105676,Pradeep Hiremath,1983-08-24,1,4,0,2019-09-17
5678,13,282,12,3,KGID105677,Manjunath Patil,1981-09-03,1,1,0,2023-05-12
5679,13,282,12,3,KGID105678,Nagaraj Gowda,1980-10-16,1,3,0,2004-04-17
5680,13,282,12,3,KGID105679,Sandeep Achar,1983-12-29,1,7,0,2012-12-20
5681,13,282,12,3,KGID105680,Lokesh Hegde,1996-04-06,1,4,0,2013-09-07
5682,13,282,12,3,KGID105681,Gopal Iyer,1989-11-29,1,6,0,2015-05-16
5683,13,282,12,3,KGID105682,Anitha Devaraj,2002-10-11,2,3,0,2005-03-30
5684,13,282,12,3,KGID105683,Manjunath Bhat,1999-04-23,1,3,0,2002-04-01
5685,13,282,12,3,KGID105684,Prakash Kulkarni,1986-01-27,1,7,0,2012-10-25
5686,13,282,12,3,KGID105685,Naveen Iyer,2001-10-18,1,1,0,2010-05-30
5687,13,282,12,3,KGID105686,Kiran Reddy,1980-12-13,1,5,0,2008-09-11
5688,13,282,12,3,KGID105687,Radha Naik,1985-12-09,2,4,0,2016-08-05
5689,13,283,8,4,KGID105688,Yogesh Nayak,1986-12-18,1,7,0,2000-10-13
5690,13,283,8,4,KGID105689,Raghavendra Naik,1980-09-16,1,4,0,2007-08-15
5691,13,283,9,1,KGID105690,Srinivas Bhandari,1987-07-13,1,5,0,2015-09-19
5692,13,283,9,1,KGID105691,Ravi Shetty,1982-07-13,1,4,0,2000-04-14
5693,13,283,10,3,KGID105692,Sandeep Kumar,1984-06-14,1,5,0,2003-08-30
5694,13,283,10,3,KGID105693,Gopal Naik,1980-09-08,1,6,0,1997-11-04
5695,13,283,10,3,KGID105694,Lokesh Hiremath,1990-12-11,1,8,0,1999-08-22
5696,13,283,11,3,KGID105695,Prakash Jadhav,1991-03-16,1,3,0,2023-07-25
5697,13,283,11,3,KGID105696,Suresh Kamath,1987-05-06,1,1,0,2018-11-11
5698,13,283,11,3,KGID105697,Kiran Hegde,1992-08-30,1,2,0,2008-03-18
5699,13,283,11,3,KGID105698,Umesh Gowda,1986-11-08,1,1,0,2008-08-30
5700,13,283,11,3,KGID105699,Dinesh Hiremath,1993-07-10,1,5,0,2011-04-10
5701,13,283,11,3,KGID105700,Pradeep Shetty,1985-06-22,1,8,0,2013-04-30
5702,13,283,12,3,KGID105701,Chandrashekar Gowda,1996-03-07,1,8,0,2011-06-12
5703,13,283,12,3,KGID105702,Pradeep Devaraj,1992-06-29,1,8,0,2000-12-09
5704,13,283,12,3,KGID105703,Anand Gowda,2001-01-03,1,4,0,2006-11-13
5705,13,283,12,3,KGID105704,Nagaraj Reddy,1985-09-25,1,5,1,2007-10-20
5706,13,283,12,3,KGID105705,Prakash Poojary,1998-03-16,1,1,0,2016-07-01
5707,13,283,12,3,KGID105706,Ramesh Bhat,1985-01-13,1,3,0,2013-05-02
5708,13,283,12,3,KGID105707,Anand Naik,1991-06-09,1,4,0,2006-08-11
5709,13,283,12,3,KGID105708,Yogesh Hiremath,2001-06-02,1,2,0,2017-06-13
5710,13,283,12,3,KGID105709,Geetha Hegde,2000-08-26,2,6,0,2003-03-30
5711,13,283,12,3,KGID105710,Santosh Kamath,1992-08-24,1,4,0,2018-04-15
5712,13,283,12,3,KGID105711,Basavaraj Poojary,1985-07-11,1,1,0,2016-06-30
5713,13,283,12,3,KGID105712,Srinivas Jadhav,1987-07-17,1,8,0,2017-10-03
5714,13,283,12,3,KGID105713,Manjunath Nayak,1995-01-13,1,8,0,2023-11-16
5715,13,283,12,3,KGID105714,Pallavi Shetty,1995-05-20,2,8,0,2013-08-18
5716,13,283,12,3,KGID105715,Gopal Achar,2003-08-18,1,8,0,2005-12-17
5717,13,283,12,3,KGID105716,Umesh Iyer,1985-08-05,1,8,0,2012-06-19
5718,13,283,12,3,KGID105717,Sunita Shetty,1997-03-01,2,5,0,2011-11-18
5719,14,288,9,2,KGID105718,Prakash Naik,1991-06-18,1,1,0,2006-03-15
5720,14,288,9,1,KGID105719,Krishna Iyer,1996-01-12,1,7,0,2002-04-28
5721,14,288,10,3,KGID105720,Umesh Rao,1992-09-21,1,2,0,2022-05-05
5722,14,288,10,3,KGID105721,Nagaveni Kulkarni,1984-02-07,2,2,0,1998-04-24
5723,14,288,10,3,KGID105722,Chandrashekar Iyer,1987-03-21,1,8,0,2005-11-16
5724,14,288,11,3,KGID105723,Kavya Naik,1988-09-05,2,5,0,2014-11-30
5725,14,288,11,3,KGID105724,Ramesh Kumar,1991-05-29,1,3,0,2006-06-06
5726,14,288,11,3,KGID105725,Anand Patil,1976-05-13,1,3,0,2001-10-18
5727,14,288,11,3,KGID105726,Pradeep Jadhav,1983-11-12,1,6,0,2018-04-27
5728,14,288,12,3,KGID105727,Manjunath Kamath,1999-08-28,1,7,0,2005-03-14
5729,14,288,12,3,KGID105728,Dinesh Jadhav,1988-08-13,1,6,0,2020-07-08
5730,14,288,12,3,KGID105729,Suresh Nayak,1998-05-14,1,4,0,2001-09-13
5731,14,288,12,3,KGID105730,Shivakumar Bhat,1991-09-27,1,7,0,2020-04-06
5732,14,288,12,3,KGID105731,Rekha Nayak,2004-04-28,2,5,0,2020-05-25
5733,14,288,12,3,KGID105732,Ravi Gowda,2001-08-21,1,1,0,2000-08-04
5734,14,288,12,3,KGID105733,Jayashree Naik,1996-12-20,2,3,0,2009-06-30
5735,14,288,12,3,KGID105734,Raghavendra Naik,2001-12-11,1,8,0,2000-06-05
5736,14,289,9,2,KGID105735,Manoj Rao,1992-03-15,1,3,0,2010-04-12
5737,14,289,9,2,KGID105736,Manoj Nayak,1988-10-23,1,5,0,2009-09-22
5738,14,289,9,1,KGID105737,Krishna Bhat,1984-03-22,1,2,0,2000-10-23
5739,14,289,9,1,KGID105738,Rajesh Achar,1980-05-11,1,7,0,2001-09-30
5740,14,289,10,3,KGID105739,Vijay Kulkarni,1990-08-21,1,4,0,2009-07-02
5741,14,289,10,3,KGID105740,Pushpa Bhandari,1985-12-07,2,3,0,2022-07-21
5742,14,289,11,3,KGID105741,Kiran Desai,1979-03-16,1,8,0,2022-05-27
5743,14,289,11,3,KGID105742,Ravi Kumar,1991-10-02,1,8,0,2001-06-16
5744,14,289,11,3,KGID105743,Suresh Rao,1994-01-15,1,6,0,2023-08-24
5745,14,289,11,3,KGID105744,Prakash Shetty,1976-12-13,1,2,0,2022-08-05
5746,14,289,11,3,KGID105745,Basavaraj Desai,1989-05-01,1,1,0,2009-07-09
5747,14,289,12,3,KGID105746,Prakash Kulkarni,2000-05-22,1,7,0,2005-05-12
5748,14,289,12,3,KGID105747,Naveen Kulkarni,1995-01-04,1,3,0,2010-08-07
5749,14,289,12,3,KGID105748,Pushpa Hiremath,1985-12-29,2,2,0,2001-08-10
5750,14,289,12,3,KGID105749,Basavaraj Rao,1981-06-17,1,8,0,2009-06-16
5751,14,289,12,3,KGID105750,Manjunath Poojary,1981-07-17,1,4,0,2014-08-31
5752,14,289,12,3,KGID105751,Vinay Desai,1994-04-22,1,3,0,2014-06-03
5753,14,289,12,3,KGID105752,Krishna Hiremath,2003-08-15,1,3,0,2011-05-11
5754,14,289,12,3,KGID105753,Srinivas Gowda,2003-01-22,1,7,0,2017-05-25
5755,14,289,12,3,KGID105754,Suresh Rao,2001-07-27,1,7,0,2001-07-12
5756,14,289,12,3,KGID105755,Santosh Patil,1997-08-29,1,3,0,2023-05-06
5757,14,289,12,3,KGID105756,Chandrashekar Kulkarni,1980-02-02,1,7,0,2022-05-26
5758,14,289,12,3,KGID105757,Shivakumar Hegde,1994-08-15,1,3,0,2004-01-05
5759,14,289,12,3,KGID105758,Gopal Nayak,1984-02-12,1,4,0,2020-06-06
5760,14,289,12,3,KGID105759,Lokesh Patil,1982-10-18,1,8,0,2007-05-29
5761,14,290,8,2,KGID105760,Santosh Hiremath,1986-04-02,1,1,0,1995-12-06
5762,14,290,9,2,KGID105761,Chandrashekar Kulkarni,1990-10-06,1,7,0,2020-09-10
5763,14,290,9,1,KGID105762,Prakash Iyer,1989-07-03,1,2,0,2019-06-08
5764,14,290,10,3,KGID105763,Yogesh Gowda,2000-07-12,1,6,0,2002-07-04
5765,14,290,10,3,KGID105764,Anand Poojary,1995-02-24,1,8,0,2012-12-17
5766,14,290,11,3,KGID105765,Pradeep Shetty,1993-08-13,1,6,0,2021-10-30
5767,14,290,11,3,KGID105766,Gopal Achar,1983-03-19,1,3,0,1997-04-04
5768,14,290,11,3,KGID105767,Umesh Poojary,1991-03-28,1,4,0,2011-10-20
5769,14,290,11,3,KGID105768,Shivakumar Bhat,2001-12-20,1,2,0,2011-10-02
5770,14,290,11,3,KGID105769,Kiran Bhat,1986-03-16,1,2,0,1996-05-25
5771,14,290,12,3,KGID105770,Gopal Iyer,1998-05-09,1,4,0,2007-08-31
5772,14,290,12,3,KGID105771,Pradeep Nayak,1999-05-20,1,6,0,2017-08-20
5773,14,290,12,3,KGID105772,Mahesh Rao,2004-01-29,1,2,0,2021-04-25
5774,14,290,12,3,KGID105773,Vinay Poojary,1996-06-08,1,2,0,2021-06-13
5775,14,290,12,3,KGID105774,Basavaraj Reddy,1982-06-05,1,3,0,2013-08-30
5776,14,290,12,3,KGID105775,Prakash Gowda,1996-05-22,1,2,0,2022-04-16
5777,14,290,12,3,KGID105776,Nagaveni Patil,1982-11-17,2,5,0,2018-03-11
5778,14,290,12,3,KGID105777,Santosh Kulkarni,1987-03-09,1,5,0,2002-09-01
5779,14,290,12,3,KGID105778,Rajesh Reddy,1980-02-15,1,7,0,2000-11-07
5780,14,290,12,3,KGID105779,Manoj Gowda,1989-03-08,1,1,0,2016-12-30
5781,14,290,12,3,KGID105780,Shivakumar Hiremath,1987-03-13,1,1,0,2004-12-31
5782,14,290,12,3,KGID105781,Raghavendra Gowda,1996-12-30,1,6,0,2017-09-15
5783,14,290,12,3,KGID105782,Deepa Poojary,1987-11-14,2,4,0,2001-12-14
5784,14,290,12,3,KGID105783,Sowmya Bhandari,1984-04-20,2,1,0,2000-05-31
5785,14,290,12,3,KGID105784,Mahesh Achar,2001-09-08,1,5,0,2021-11-14
5786,14,290,12,3,KGID105785,Lokesh Devaraj,2000-02-16,1,7,0,2021-10-12
5787,14,291,9,2,KGID105786,Basavaraj Bhat,1989-10-28,1,4,0,2007-11-09
5788,14,291,9,1,KGID105787,Rekha Hiremath,1994-12-13,2,5,0,2009-08-22
5789,14,291,10,3,KGID105788,Umesh Rao,1978-08-01,1,7,1,2004-11-29
5790,14,291,10,3,KGID105789,Santosh Patil,1982-10-27,1,5,0,2023-08-30
5791,14,291,11,3,KGID105790,Yogesh Kumar,1990-06-10,1,7,0,2002-07-10
5792,14,291,11,3,KGID105791,Girish Gowda,1986-04-23,1,5,0,2003-11-19
5793,14,291,11,3,KGID105792,Raghavendra Hegde,1982-07-19,1,7,0,1996-12-10
5794,14,291,11,3,KGID105793,Sunita Hiremath,1998-06-18,2,7,0,2015-07-08
5795,14,291,12,3,KGID105794,Girish Reddy,1981-01-15,1,3,0,2005-07-25
5796,14,291,12,3,KGID105795,Krishna Jadhav,2004-05-09,1,8,0,2019-08-18
5797,14,291,12,3,KGID105796,Krishna Shetty,2001-10-03,1,6,0,2010-11-16
5798,14,291,12,3,KGID105797,Shivakumar Jadhav,1980-07-10,1,7,0,2008-08-30
5799,14,291,12,3,KGID105798,Umesh Hiremath,1982-01-05,1,4,0,2001-07-26
5800,14,291,12,3,KGID105799,Nagaraj Nayak,1995-12-21,1,5,0,2007-09-16
5801,14,291,12,3,KGID105800,Vijay Bhat,1983-02-18,1,2,0,2008-04-17
5802,14,291,12,3,KGID105801,Nagaraj Poojary,2004-05-29,1,4,0,2004-06-24
5803,14,292,9,2,KGID105802,Basavaraj Hegde,1993-05-19,1,7,0,2010-10-14
5804,14,292,8,2,KGID105803,Krishna Nayak,1992-05-13,1,2,0,2013-09-08
5805,14,292,9,1,KGID105804,Shivakumar Desai,1980-03-07,1,1,0,2001-07-15
5806,14,292,10,3,KGID105805,Umesh Kulkarni,1996-04-19,1,8,0,2023-11-18
5807,14,292,10,3,KGID105806,Manjula Bhat,2000-06-05,2,1,0,2019-03-21
5808,14,292,11,3,KGID105807,Raghavendra Nayak,1989-02-05,1,8,0,1999-03-22
5809,14,292,11,3,KGID105808,Prakash Devaraj,1990-02-02,1,4,0,2017-08-14
5810,14,292,11,3,KGID105809,Manoj Kumar,2001-09-17,1,7,0,2018-09-03
5811,14,292,11,3,KGID105810,Harish Naik,1978-06-08,1,7,0,2009-03-18
5812,14,292,12,3,KGID105811,Harish Reddy,1989-08-31,1,1,0,2008-05-04
5813,14,292,12,3,KGID105812,Raghavendra Gowda,2001-11-27,1,4,0,2002-12-07
5814,14,292,12,3,KGID105813,Chandrashekar Gowda,1997-05-13,1,2,0,2006-10-10
5815,14,292,12,3,KGID105814,Rajesh Kamath,1990-05-14,1,6,0,2001-05-09
5816,14,292,12,3,KGID105815,Shivakumar Shetty,1998-08-16,1,4,0,2019-10-27
5817,14,292,12,3,KGID105816,Nagaraj Desai,2000-10-30,1,8,0,2015-10-31
5818,14,292,12,3,KGID105817,Nagaraj Kulkarni,1999-05-19,1,6,0,2009-08-29
5819,14,292,12,3,KGID105818,Krishna Bhat,2001-02-03,1,3,0,2007-04-12
5820,14,292,12,3,KGID105819,Suresh Hegde,1995-04-14,1,7,0,2014-05-28
5821,14,292,12,3,KGID105820,Pallavi Jadhav,1997-03-15,2,5,0,2011-04-07
5822,14,292,12,3,KGID105821,Shivakumar Bhandari,2004-01-30,1,4,0,2014-05-13
5823,14,293,9,2,KGID105822,Gopal Hegde,1983-05-13,1,3,0,2022-06-20
5824,14,293,8,2,KGID105823,Basavaraj Iyer,1993-02-12,1,5,0,2003-12-11
5825,14,293,9,1,KGID105824,Gopal Devaraj,1986-01-11,1,7,0,2002-05-10
5826,14,293,9,1,KGID105825,Dinesh Patil,1985-02-14,1,7,0,2009-04-12
5827,14,293,10,3,KGID105826,Shivakumar Kamath,1987-12-01,1,5,0,2016-03-16
5828,14,293,10,3,KGID105827,Prakash Jadhav,1990-03-16,1,6,0,2019-12-01
5829,14,293,10,3,KGID105828,Harish Naik,1995-09-13,1,2,0,2003-07-21
5830,14,293,11,3,KGID105829,Gopal Achar,1987-09-23,1,3,0,2008-05-01
5831,14,293,11,3,KGID105830,Chandrashekar Bhat,1995-04-25,1,5,0,1998-03-16
5832,14,293,11,3,KGID105831,Dinesh Kulkarni,1983-02-27,1,2,0,1995-05-02
5833,14,293,11,3,KGID105832,Rajesh Reddy,1984-02-24,1,1,0,2003-10-21
5834,14,293,12,3,KGID105833,Rajesh Gowda,1982-02-15,1,2,0,2020-12-22
5835,14,293,12,3,KGID105834,Srinivas Naik,1999-04-24,1,7,0,2010-06-06
5836,14,293,12,3,KGID105835,Gopal Iyer,2002-07-26,1,2,0,2008-07-24
5837,14,293,12,3,KGID105836,Ramesh Kumar,1986-12-20,1,1,0,2005-06-17
5838,14,293,12,3,KGID105837,Roopa Hiremath,2005-01-05,2,8,0,2001-08-25
5839,14,293,12,3,KGID105838,Yogesh Devaraj,1996-10-19,1,7,0,2002-10-10
5840,14,293,12,3,KGID105839,Sandeep Hiremath,1982-02-08,1,4,0,2019-08-04
5841,14,293,12,3,KGID105840,Sowmya Kulkarni,1993-11-11,2,3,0,2009-11-03
5842,14,293,12,3,KGID105841,Umesh Nayak,2002-10-06,1,4,0,2003-09-18
5843,14,293,12,3,KGID105842,Ramesh Bhat,1997-07-24,1,8,0,2016-05-27
5844,14,293,12,3,KGID105843,Shobha Poojary,1989-05-27,2,6,0,2017-08-28
5845,14,293,12,3,KGID105844,Dinesh Patil,1989-07-28,1,1,0,2022-09-19
5846,14,293,12,3,KGID105845,Vinay Gowda,1984-03-14,1,8,0,2009-11-19
5847,14,293,12,3,KGID105846,Umesh Hiremath,2002-02-18,1,1,0,2002-10-06
5848,14,293,12,3,KGID105847,Srinivas Naik,1991-11-27,1,8,0,2002-03-18
5849,14,294,9,2,KGID105848,Sandeep Nayak,1985-01-13,1,8,0,2010-04-26
5850,14,294,8,2,KGID105849,Manjula Hegde,1983-11-11,2,6,0,1999-10-13
5851,14,294,9,1,KGID105850,Girish Reddy,1983-02-09,1,6,0,2016-12-09
5852,14,294,10,3,KGID105851,Krishna Bhat,1988-03-22,1,6,0,2012-10-23
5853,14,294,10,3,KGID105852,Shivakumar Gowda,1977-07-02,1,8,0,2008-09-22
5854,14,294,11,3,KGID105853,Dinesh Desai,1977-11-26,1,3,0,2000-12-10
5855,14,294,11,3,KGID105854,Rajesh Kulkarni,1994-02-08,1,7,0,2004-08-07
5856,14,294,11,3,KGID105855,Naveen Poojary,1978-06-14,1,2,0,2000-12-02
5857,14,294,11,3,KGID105856,Dinesh Poojary,1979-02-19,1,4,0,1998-09-26
5858,14,294,12,3,KGID105857,Shivakumar Poojary,1986-06-22,1,5,0,2018-05-23
5859,14,294,12,3,KGID105858,Manjunath Kamath,1986-12-22,1,6,0,2005-07-27
5860,14,294,12,3,KGID105859,Harish Poojary,1992-09-19,1,4,0,2023-12-02
5861,14,294,12,3,KGID105860,Dinesh Patil,1982-11-12,1,7,0,2022-07-03
5862,14,294,12,3,KGID105861,Umesh Devaraj,1990-04-23,1,2,0,2009-12-08
5863,14,294,12,3,KGID105862,Umesh Desai,1981-02-11,1,4,0,2012-09-26
5864,14,294,12,3,KGID105863,Rekha Iyer,1993-10-19,2,7,0,2008-10-14
5865,14,294,12,3,KGID105864,Nagaraj Devaraj,1989-01-18,1,1,0,2022-07-15
5866,14,294,12,3,KGID105865,Srinivas Kamath,1999-01-17,1,2,0,2005-06-24
5867,14,294,12,3,KGID105866,Ravi Naik,1982-04-05,1,3,0,2018-05-04
5868,14,294,12,3,KGID105867,Basavaraj Poojary,1998-01-16,1,4,0,2020-09-16
5869,14,294,12,3,KGID105868,Manjunath Hegde,1996-06-06,1,7,0,2023-10-14
5870,14,294,12,3,KGID105869,Yogesh Desai,1987-08-16,1,2,0,2021-07-02
5871,14,294,12,3,KGID105870,Vinay Rao,1981-03-06,1,6,0,2021-04-08
5872,14,294,12,3,KGID105871,Pallavi Achar,1986-07-14,2,6,0,2010-11-23
5873,14,294,12,3,KGID105872,Roopa Bhat,1985-10-22,2,3,0,2019-09-13
5874,14,294,12,3,KGID105873,Umesh Achar,1994-03-30,1,4,1,2008-12-23
5875,14,295,8,2,KGID105874,Rekha Hegde,1993-04-03,2,4,0,1999-10-10
5876,14,295,9,1,KGID105875,Srinivas Desai,1995-04-05,1,2,0,2009-04-11
5877,14,295,10,3,KGID105876,Raghavendra Desai,1994-07-13,1,3,0,1998-06-13
5878,14,295,10,3,KGID105877,Vinay Achar,1979-08-07,1,5,0,2000-04-27
5879,14,295,10,3,KGID105878,Krishna Hiremath,1990-12-23,1,4,0,2009-10-20
5880,14,295,11,3,KGID105879,Manoj Naik,2001-11-05,1,1,0,2006-07-10
5881,14,295,11,3,KGID105880,Sandeep Bhat,1986-08-02,1,1,0,2011-07-31
5882,14,295,11,3,KGID105881,Shivakumar Hiremath,1991-04-07,1,1,0,2020-12-27
5883,14,295,11,3,KGID105882,Yogesh Kamath,1984-02-17,1,8,0,2006-06-05
5884,14,295,11,3,KGID105883,Manjunath Bhandari,1993-09-01,1,4,0,2008-05-28
5885,14,295,11,3,KGID105884,Pushpa Poojary,1976-04-07,2,5,0,2010-06-27
5886,14,295,12,3,KGID105885,Raghavendra Kulkarni,1994-09-06,1,8,0,2016-09-06
5887,14,295,12,3,KGID105886,Yogesh Bhandari,1986-06-15,1,3,0,2016-09-24
5888,14,295,12,3,KGID105887,Prakash Kamath,1982-06-05,1,2,0,2018-04-21
5889,14,295,12,3,KGID105888,Girish Jadhav,1999-09-18,1,8,0,2008-08-10
5890,14,295,12,3,KGID105889,Prakash Kamath,1994-12-14,1,5,1,2013-10-12
5891,14,295,12,3,KGID105890,Basavaraj Achar,1985-01-09,1,1,0,2015-05-07
5892,14,295,12,3,KGID105891,Srinivas Patil,1984-03-28,1,5,0,2010-10-14
5893,14,295,12,3,KGID105892,Mahesh Poojary,1986-05-06,1,1,0,2009-09-07
5894,14,295,12,3,KGID105893,Srinivas Jadhav,1980-08-02,1,2,0,2005-11-09
5895,14,296,9,2,KGID105894,Nagaraj Shetty,1982-09-15,1,8,0,2011-05-27
5896,14,296,9,1,KGID105895,Rajesh Devaraj,1983-07-16,1,6,0,2007-05-21
5897,14,296,9,1,KGID105896,Prakash Kamath,1988-05-23,1,5,0,2020-08-30
5898,14,296,10,3,KGID105897,Lokesh Achar,1992-03-07,1,4,0,2011-12-03
5899,14,296,10,3,KGID105898,Vinay Desai,1990-10-09,1,8,0,2013-05-04
5900,14,296,10,3,KGID105899,Manjunath Reddy,1993-05-29,1,4,0,2003-10-19
5901,14,296,11,3,KGID105900,Chandrashekar Patil,1985-05-22,1,2,0,2009-06-30
5902,14,296,11,3,KGID105901,Yogesh Iyer,1977-03-30,1,6,0,1997-04-18
5903,14,296,11,3,KGID105902,Basavaraj Rao,1980-04-11,1,1,0,1996-09-17
5904,14,296,11,3,KGID105903,Shivakumar Devaraj,2001-12-07,1,6,0,2013-12-29
5905,14,296,11,3,KGID105904,Anand Bhat,1987-09-15,1,5,0,2011-07-25
5906,14,296,11,3,KGID105905,Santosh Nayak,1978-03-28,1,5,0,2021-03-16
5907,14,296,11,3,KGID105906,Prakash Reddy,1992-06-13,1,4,0,2019-05-08
5908,14,296,12,3,KGID105907,Santosh Shetty,1997-12-10,1,6,0,2010-07-17
5909,14,296,12,3,KGID105908,Shivakumar Bhandari,1998-07-03,1,1,0,2004-05-10
5910,14,296,12,3,KGID105909,Srinivas Poojary,1999-04-25,1,1,0,2018-11-03
5911,14,296,12,3,KGID105910,Harish Desai,1987-05-05,1,3,0,2003-07-25
5912,14,296,12,3,KGID105911,Santosh Naik,1989-10-04,1,8,0,2009-06-02
5913,14,296,12,3,KGID105912,Umesh Achar,1986-02-16,1,7,0,2007-09-02
5914,14,296,12,3,KGID105913,Yogesh Hiremath,1986-04-30,1,6,0,2002-03-22
5915,14,296,12,3,KGID105914,Vinay Bhat,2004-12-08,1,1,0,2002-08-11
5916,14,296,12,3,KGID105915,Srinivas Gowda,2000-03-05,1,2,0,2011-10-17
5917,14,296,12,3,KGID105916,Kiran Reddy,1990-03-02,1,7,0,2016-10-02
5918,14,296,12,3,KGID105917,Raghavendra Poojary,1990-04-20,1,4,0,2018-07-11
5919,14,296,12,3,KGID105918,Manoj Bhat,1985-08-08,1,7,0,2002-11-28
5920,14,296,12,3,KGID105919,Girish Bhandari,2002-05-17,1,8,0,2009-07-26
5921,14,296,12,3,KGID105920,Kiran Bhandari,1984-08-02,1,8,0,2006-11-21
5922,14,297,9,2,KGID105921,Pradeep Shetty,1997-04-29,1,1,0,2013-07-27
5923,14,297,9,2,KGID105922,Basavaraj Achar,1987-02-28,1,4,0,2003-05-08
5924,14,297,9,1,KGID105923,Nagaraj Patil,1988-12-23,1,4,0,2009-12-24
5925,14,297,9,1,KGID105924,Naveen Patil,1986-03-06,1,3,0,2010-05-21
5926,14,297,10,3,KGID105925,Anand Kulkarni,1990-06-25,1,1,0,2006-09-04
5927,14,297,10,3,KGID105926,Santosh Kulkarni,1995-05-06,1,3,0,2007-07-20
5928,14,297,10,3,KGID105927,Manjunath Hegde,1977-03-25,1,8,0,2018-07-29
5929,14,297,11,3,KGID105928,Kiran Shetty,1995-01-07,1,1,0,1996-06-04
5930,14,297,11,3,KGID105929,Suresh Achar,1985-07-04,1,5,0,2007-09-18
5931,14,297,11,3,KGID105930,Pradeep Hiremath,1985-09-28,1,2,0,1996-06-05
5932,14,297,11,3,KGID105931,Mahesh Iyer,1996-09-28,1,7,0,2006-06-18
5933,14,297,11,3,KGID105932,Lokesh Bhat,1989-05-11,1,6,0,2008-06-29
5934,14,297,11,3,KGID105933,Rajesh Gowda,1994-07-25,1,6,0,2014-11-14
5935,14,297,11,3,KGID105934,Yogesh Reddy,1977-02-19,1,6,0,2002-05-26
5936,14,297,11,3,KGID105935,Kiran Jadhav,1992-12-19,1,2,0,2018-07-19
5937,14,297,12,3,KGID105936,Ramesh Reddy,1987-07-31,1,4,0,2013-04-09
5938,14,297,12,3,KGID105937,Harish Reddy,1988-08-13,1,1,0,2012-05-08
5939,14,297,12,3,KGID105938,Rajesh Devaraj,2000-08-12,1,2,0,2020-12-25
5940,14,297,12,3,KGID105939,Prakash Poojary,1990-08-07,1,7,0,2005-09-03
5941,14,297,12,3,KGID105940,Manjunath Iyer,1983-11-12,1,6,0,2010-11-08
5942,14,297,12,3,KGID105941,Ravi Nayak,1991-11-25,1,8,0,2016-08-11
5943,14,297,12,3,KGID105942,Umesh Devaraj,1993-12-16,1,6,0,2022-12-12
5944,14,297,12,3,KGID105943,Basavaraj Reddy,2003-02-12,1,8,0,2006-03-12
5945,14,297,12,3,KGID105944,Lokesh Poojary,1986-02-26,1,5,0,2002-12-19
5946,14,297,12,3,KGID105945,Mahesh Bhat,1995-02-23,1,1,0,2016-07-17
5947,14,297,12,3,KGID105946,Anand Shetty,1997-02-06,1,7,0,2011-09-19
5948,14,297,12,3,KGID105947,Shivakumar Hiremath,2000-10-14,1,2,0,2014-07-03
5949,14,297,12,3,KGID105948,Manjunath Devaraj,1988-09-18,1,3,0,2016-07-09
5950,14,297,12,3,KGID105949,Chandrashekar Hegde,1984-02-20,1,1,0,2004-06-12
5951,14,297,12,3,KGID105950,Pushpa Bhandari,1981-12-25,2,1,0,2015-07-06
5952,14,297,12,3,KGID105951,Pallavi Rao,1981-04-05,2,6,0,2006-06-07
5953,14,298,8,2,KGID105952,Manoj Kulkarni,1976-03-24,1,1,0,2011-11-10
5954,14,298,9,2,KGID105953,Gopal Hiremath,1991-12-03,1,2,0,2008-12-29
5955,14,298,9,1,KGID105954,Santosh Gowda,1986-04-12,1,4,0,2006-11-15
5956,14,298,9,1,KGID105955,Dinesh Rao,1982-08-14,1,2,0,2011-11-11
5957,14,298,10,3,KGID105956,Vani Achar,1997-06-26,2,7,0,2015-07-22
5958,14,298,10,3,KGID105957,Basavaraj Bhat,1989-05-30,1,4,0,2016-11-07
5959,14,298,11,3,KGID105958,Ramesh Poojary,1997-05-27,1,3,0,2011-04-24
5960,14,298,11,3,KGID105959,Rajesh Bhandari,1996-03-14,1,5,0,2012-04-24
5961,14,298,11,3,KGID105960,Harish Bhandari,1990-12-21,1,8,0,2006-12-07
5962,14,298,11,3,KGID105961,Pradeep Iyer,1994-02-09,1,8,0,2016-11-19
5963,14,298,11,3,KGID105962,Naveen Poojary,1988-12-22,1,2,0,1995-08-20
5964,14,298,11,3,KGID105963,Krishna Achar,1977-09-05,1,6,0,2009-11-22
5965,14,298,11,3,KGID105964,Nagaraj Rao,1993-08-27,1,7,0,1999-11-16
5966,14,298,12,3,KGID105965,Shobha Kamath,1993-01-24,2,7,0,2002-04-26
5967,14,298,12,3,KGID105966,Dinesh Bhandari,1995-07-04,1,2,0,2015-11-21
5968,14,298,12,3,KGID105967,Vinay Kamath,1981-05-19,1,8,0,2006-12-15
5969,14,298,12,3,KGID105968,Rajesh Jadhav,2000-12-27,1,4,0,2004-10-02
5970,14,298,12,3,KGID105969,Raghavendra Rao,1985-06-24,1,8,0,2013-10-12
5971,14,298,12,3,KGID105970,Dinesh Kumar,2004-01-11,1,5,0,2008-08-14
5972,14,298,12,3,KGID105971,Jayashree Kumar,1980-08-26,2,4,0,2023-10-07
5973,14,298,12,3,KGID105972,Shivakumar Poojary,1995-10-21,1,2,0,2013-07-08
5974,14,298,12,3,KGID105973,Sandeep Patil,2000-05-31,1,4,0,2000-10-21
5975,14,298,12,3,KGID105974,Geetha Gowda,2001-01-19,2,6,0,2012-07-12
5976,14,298,12,3,KGID105975,Umesh Desai,2000-02-20,1,6,1,2012-10-24
5977,14,298,12,3,KGID105976,Vijay Nayak,1992-04-06,1,3,0,2007-12-06
5978,14,298,12,3,KGID105977,Basavaraj Poojary,1990-10-21,1,4,0,2008-11-30
5979,14,298,12,3,KGID105978,Dinesh Kamath,2003-01-17,1,4,0,2002-10-05
5980,14,298,12,3,KGID105979,Yogesh Rao,2001-09-01,1,8,0,2019-06-09
5981,14,299,8,2,KGID105980,Jayashree Kulkarni,1984-11-07,2,5,0,2009-05-22
5982,14,299,9,1,KGID105981,Umesh Kumar,1980-07-24,1,5,0,2007-04-21
5983,14,299,10,3,KGID105982,Manjula Bhandari,1983-05-28,2,3,0,2003-05-18
5984,14,299,10,3,KGID105983,Rajesh Patil,1991-08-25,1,4,0,2004-09-29
5985,14,299,11,3,KGID105984,Naveen Poojary,1990-02-17,1,7,0,1995-05-01
5986,14,299,11,3,KGID105985,Lokesh Iyer,1979-03-09,1,4,0,1996-01-07
5987,14,299,11,3,KGID105986,Girish Rao,1988-05-30,1,1,0,2003-04-26
5988,14,299,11,3,KGID105987,Umesh Kumar,1989-11-07,1,8,0,1995-09-26
5989,14,299,11,3,KGID105988,Suresh Shetty,2001-07-16,1,4,0,2016-08-02
5990,14,299,11,3,KGID105989,Shwetha Gowda,1998-02-07,2,2,0,2013-11-16
5991,14,299,11,3,KGID105990,Anitha Hegde,1993-04-07,2,7,0,1998-01-03
5992,14,299,11,3,KGID105991,Vijay Hiremath,2000-11-06,1,6,0,1996-09-17
5993,14,299,12,3,KGID105992,Pradeep Hegde,2002-11-11,1,8,0,2012-08-16
5994,14,299,12,3,KGID105993,Vinay Patil,2001-07-06,1,6,0,2008-09-02
5995,14,299,12,3,KGID105994,Pradeep Achar,2002-12-26,1,1,0,2002-06-28
5996,14,299,12,3,KGID105995,Nagaraj Naik,1999-09-09,1,5,0,2001-06-27
5997,14,299,12,3,KGID105996,Rajesh Reddy,2000-06-10,1,5,0,2003-10-10
5998,14,299,12,3,KGID105997,Basavaraj Iyer,1989-04-02,1,2,0,2003-11-01
5999,14,299,12,3,KGID105998,Harish Kumar,1987-01-19,1,4,0,2019-05-30
6000,14,299,12,3,KGID105999,Vijay Devaraj,1991-11-06,1,1,0,2021-12-03
6001,14,299,12,3,KGID106000,Lokesh Gowda,1989-03-01,1,7,0,2005-04-27
6002,14,299,12,3,KGID106001,Sowmya Kamath,1985-04-17,2,8,0,2021-12-14
6003,14,299,12,3,KGID106002,Mahesh Bhat,1999-06-05,1,1,0,2007-06-18
6004,14,299,12,3,KGID106003,Pradeep Poojary,1998-06-07,1,3,0,2006-11-20
6005,14,299,12,3,KGID106004,Girish Naik,2003-05-25,1,8,0,2016-05-07
6006,14,299,12,3,KGID106005,Girish Kamath,1996-09-28,1,1,0,2005-12-28
6007,14,299,12,3,KGID106006,Umesh Poojary,2000-12-24,1,3,0,2022-07-12
6008,14,300,8,2,KGID106007,Harish Devaraj,1983-01-08,1,8,0,2003-10-09
6009,14,300,9,1,KGID106008,Nandini Hiremath,1989-02-09,2,3,0,2009-04-13
6010,14,300,10,3,KGID106009,Prakash Iyer,1995-05-17,1,3,0,2016-04-06
6011,14,300,10,3,KGID106010,Ramesh Rao,1994-10-12,1,6,0,2019-03-15
6012,14,300,10,3,KGID106011,Anand Devaraj,1997-08-09,1,8,0,2005-09-01
6013,14,300,11,3,KGID106012,Vijay Jadhav,1990-08-13,1,7,0,2016-11-21
6014,14,300,11,3,KGID106013,Anand Naik,1990-03-08,1,1,0,2015-05-17
6015,14,300,11,3,KGID106014,Pradeep Achar,1981-03-24,1,4,0,2018-08-18
6016,14,300,11,3,KGID106015,Sandeep Bhat,1982-04-19,1,6,0,2016-05-04
6017,14,300,11,3,KGID106016,Vinay Iyer,1981-07-08,1,4,0,2003-12-30
6018,14,300,12,3,KGID106017,Manoj Kulkarni,1993-12-20,1,1,0,2023-04-22
6019,14,300,12,3,KGID106018,Rajesh Reddy,2003-10-02,1,2,0,2020-05-20
6020,14,300,12,3,KGID106019,Kiran Hiremath,2002-09-12,1,1,0,2012-03-10
6021,14,300,12,3,KGID106020,Dinesh Achar,1998-09-08,1,7,0,2020-06-25
6022,14,300,12,3,KGID106021,Chandrashekar Gowda,2001-12-13,1,2,0,2021-07-27
6023,14,300,12,3,KGID106022,Naveen Gowda,1983-10-01,1,7,0,2017-07-20
6024,14,300,12,3,KGID106023,Girish Patil,1999-06-25,1,7,0,2022-03-18
6025,14,300,12,3,KGID106024,Santosh Kumar,2000-06-23,1,7,0,2011-09-11
6026,14,300,12,3,KGID106025,Prakash Gowda,2003-03-31,1,2,0,2019-09-28
6027,14,300,12,3,KGID106026,Raghavendra Iyer,1982-05-27,1,8,0,2020-03-10
6028,14,300,12,3,KGID106027,Srinivas Bhandari,1996-12-15,1,6,0,2013-11-09
6029,14,300,12,3,KGID106028,Ravi Iyer,2002-03-06,1,7,0,2002-01-02
6030,14,300,12,3,KGID106029,Rajesh Achar,1997-02-15,1,4,0,2012-10-16
6031,14,300,12,3,KGID106030,Santosh Bhat,1993-11-25,1,3,0,2008-05-29
6032,14,301,8,5,KGID106031,Rajesh Hiremath,1977-12-29,1,7,0,2019-09-30
6033,14,301,8,5,KGID106032,Manoj Achar,1996-06-18,1,1,0,2010-07-22
6034,14,301,9,1,KGID106033,Krishna Kulkarni,1981-10-18,1,8,0,2017-06-30
6035,14,301,9,1,KGID106034,Suresh Bhat,1997-02-01,1,8,0,2014-03-14
6036,14,301,10,3,KGID106035,Kiran Desai,1990-10-03,1,8,0,2019-10-30
6037,14,301,10,3,KGID106036,Kavya Iyer,1979-07-18,2,8,0,2018-06-16
6038,14,301,10,3,KGID106037,Srinivas Kumar,1984-02-26,1,7,0,2001-04-14
6039,14,301,11,3,KGID106038,Prakash Iyer,1984-09-05,1,2,0,2020-05-03
6040,14,301,11,3,KGID106039,Kavya Rao,1993-10-17,2,5,0,2000-08-26
6041,14,301,11,3,KGID106040,Jayashree Kulkarni,1985-08-04,2,4,0,2012-08-01
6042,14,301,11,3,KGID106041,Lokesh Desai,1980-09-29,1,5,0,2009-11-28
6043,14,301,11,3,KGID106042,Srinivas Iyer,2001-01-22,1,5,0,2010-06-14
6044,14,301,11,3,KGID106043,Nagaraj Desai,1991-02-08,1,1,0,2022-03-31
6045,14,301,11,3,KGID106044,Lokesh Desai,2001-11-05,1,7,0,2003-11-22
6046,14,301,12,3,KGID106045,Prakash Shetty,2002-05-15,1,1,0,2023-06-18
6047,14,301,12,3,KGID106046,Nandini Hegde,1983-11-08,2,2,0,2009-09-18
6048,14,301,12,3,KGID106047,Ramesh Rao,1988-02-21,1,1,0,2003-11-24
6049,14,301,12,3,KGID106048,Nagaraj Achar,1994-05-13,1,5,0,2005-06-26
6050,14,301,12,3,KGID106049,Manjula Reddy,2002-03-21,2,7,0,2021-07-24
6051,14,301,12,3,KGID106050,Manjula Patil,1982-06-01,2,2,0,2006-10-22
6052,14,301,12,3,KGID106051,Raghavendra Patil,1996-09-24,1,2,0,2015-10-08
6053,14,301,12,3,KGID106052,Mahesh Reddy,1989-07-31,1,5,0,2014-06-16
6054,14,302,8,6,KGID106053,Harish Achar,1993-09-13,1,5,0,1997-12-08
6055,14,302,9,1,KGID106054,Vani Poojary,1997-11-28,2,1,0,2010-04-19
6056,14,302,10,3,KGID106055,Srinivas Reddy,1981-07-17,1,4,0,2020-07-13
6057,14,302,10,3,KGID106056,Basavaraj Patil,1978-06-10,1,8,0,2011-07-26
6058,14,302,11,3,KGID106057,Prakash Achar,1993-07-26,1,5,0,2017-09-06
6059,14,302,11,3,KGID106058,Deepa Devaraj,1992-01-05,2,2,0,2010-12-19
6060,14,302,11,3,KGID106059,Lokesh Hegde,1995-05-10,1,5,0,2003-11-15
6061,14,302,11,3,KGID106060,Pradeep Gowda,1978-09-11,1,8,0,2003-11-15
6062,14,302,11,3,KGID106061,Anand Achar,1980-12-19,1,6,0,2003-05-05
6063,14,302,12,3,KGID106062,Rajesh Hiremath,1992-12-12,1,4,0,2020-03-23
6064,14,302,12,3,KGID106063,Harish Nayak,1996-11-14,1,5,0,2001-07-26
6065,14,302,12,3,KGID106064,Radha Bhat,1989-09-08,2,8,0,2016-08-20
6066,14,302,12,3,KGID106065,Kavya Achar,1980-03-09,2,6,0,2008-12-19
6067,14,302,12,3,KGID106066,Rajesh Iyer,1993-09-07,1,1,0,2021-04-30
6068,14,302,12,3,KGID106067,Ravi Patil,2004-03-23,1,2,0,2017-05-06
6069,14,302,12,3,KGID106068,Kiran Kulkarni,1985-06-21,1,5,0,2006-03-19
6070,14,302,12,3,KGID106069,Gopal Gowda,1981-02-28,1,6,0,2012-10-10
6071,14,302,12,3,KGID106070,Yogesh Bhandari,1983-07-14,1,3,0,2022-07-07
6072,14,302,12,3,KGID106071,Savitri Poojary,1988-08-26,2,1,0,2009-10-19
6073,14,302,12,3,KGID106072,Raghavendra Patil,1998-03-03,1,7,0,2004-10-10
6074,14,302,12,3,KGID106073,Umesh Nayak,2001-11-21,1,1,0,2004-07-13
6075,14,302,12,3,KGID106074,Pallavi Hiremath,1981-02-20,2,1,0,2011-10-07
6076,14,303,8,4,KGID106075,Manjunath Kumar,1985-04-28,1,3,0,1998-09-27
6077,14,303,9,1,KGID106076,Srinivas Reddy,1996-05-17,1,3,0,2005-07-20
6078,14,303,9,1,KGID106077,Naveen Iyer,1994-09-23,1,7,0,2016-11-23
6079,14,303,10,3,KGID106078,Vijay Bhat,1996-07-14,1,7,0,2023-09-15
6080,14,303,10,3,KGID106079,Vinay Patil,1995-01-21,1,4,0,2009-11-07
6081,14,303,11,3,KGID106080,Pushpa Reddy,1996-04-28,2,4,0,2003-04-29
6082,14,303,11,3,KGID106081,Umesh Nayak,1986-09-13,1,3,0,2001-05-02
6083,14,303,11,3,KGID106082,Manoj Reddy,1998-01-26,1,1,0,1995-08-04
6084,14,303,11,3,KGID106083,Krishna Desai,1996-12-21,1,5,0,2009-09-05
6085,14,303,12,3,KGID106084,Srinivas Kamath,1984-04-25,1,5,0,2009-12-03
6086,14,303,12,3,KGID106085,Basavaraj Iyer,2003-02-01,1,4,0,2013-03-20
6087,14,303,12,3,KGID106086,Nagaraj Jadhav,1985-01-09,1,8,0,2005-07-04
6088,14,303,12,3,KGID106087,Raghavendra Rao,1982-03-07,1,8,0,2016-06-15
6089,14,303,12,3,KGID106088,Santosh Hiremath,1986-07-16,1,2,0,2009-10-21
6090,14,303,12,3,KGID106089,Basavaraj Patil,1983-12-06,1,4,0,2019-03-11
6091,14,303,12,3,KGID106090,Santosh Shetty,2001-02-03,1,1,0,2003-12-01
6092,14,303,12,3,KGID106091,Pradeep Naik,1989-07-25,1,3,0,2017-06-27
6093,14,303,12,3,KGID106092,Sandeep Devaraj,1992-03-19,1,2,0,2015-04-11
6094,14,303,12,3,KGID106093,Umesh Rao,2000-11-03,1,1,0,2018-09-09
6095,14,303,12,3,KGID106094,Suresh Bhandari,1997-04-14,1,5,0,2013-05-07
6096,14,303,12,3,KGID106095,Vijay Bhat,2001-09-01,1,8,0,2008-12-30
6097,14,303,12,3,KGID106096,Kavya Hegde,1998-05-07,2,2,0,2004-10-12
6098,15,307,8,2,KGID106097,Vijay Gowda,1993-06-30,1,4,0,2003-12-11
6099,15,307,9,2,KGID106098,Lokesh Kulkarni,1994-02-23,1,5,0,2016-11-26
6100,15,307,9,1,KGID106099,Anand Gowda,1980-04-08,1,4,0,2006-09-02
6101,15,307,9,1,KGID106100,Anand Kumar,1991-02-11,1,2,0,2009-09-09
6102,15,307,10,3,KGID106101,Sowmya Nayak,1994-05-25,2,7,0,2022-08-27
6103,15,307,10,3,KGID106102,Ramesh Desai,1989-08-02,1,1,0,2014-12-20
6104,15,307,11,3,KGID106103,Vijay Reddy,1994-07-10,1,4,0,2013-04-20
6105,15,307,11,3,KGID106104,Pradeep Hiremath,1984-11-20,1,1,0,2002-11-05
6106,15,307,11,3,KGID106105,Vijay Iyer,1976-10-13,1,1,0,2005-09-10
6107,15,307,11,3,KGID106106,Yogesh Bhandari,1997-04-09,1,3,0,2015-04-28
6108,15,307,11,3,KGID106107,Santosh Kulkarni,1985-05-07,1,2,0,2000-07-10
6109,15,307,12,3,KGID106108,Krishna Hegde,1991-08-12,1,4,0,2020-07-22
6110,15,307,12,3,KGID106109,Mahesh Desai,1991-01-01,1,1,0,2011-06-09
6111,15,307,12,3,KGID106110,Pradeep Hegde,1983-01-19,1,2,0,2011-09-18
6112,15,307,12,3,KGID106111,Prakash Bhandari,2002-05-31,1,6,0,2001-11-21
6113,15,307,12,3,KGID106112,Yogesh Shetty,1997-12-25,1,2,0,2004-09-03
6114,15,307,12,3,KGID106113,Yogesh Desai,1996-01-23,1,2,0,2022-09-07
6115,15,307,12,3,KGID106114,Harish Shetty,2004-09-17,1,1,0,2008-03-19
6116,15,307,12,3,KGID106115,Krishna Gowda,1987-03-19,1,5,0,2019-12-08
6117,15,307,12,3,KGID106116,Yogesh Reddy,1993-04-19,1,2,0,2019-12-11
6118,15,307,12,3,KGID106117,Basavaraj Devaraj,1996-05-23,1,7,0,2001-08-08
6119,15,307,12,3,KGID106118,Krishna Iyer,1989-09-07,1,1,0,2019-07-03
6120,15,307,12,3,KGID106119,Deepa Hegde,1994-11-01,2,7,0,2005-12-25
6121,15,307,12,3,KGID106120,Basavaraj Gowda,1990-02-24,1,8,0,2003-11-07
6122,15,307,12,3,KGID106121,Yogesh Jadhav,1981-12-25,1,1,0,2004-07-14
6123,15,307,12,3,KGID106122,Ravi Jadhav,1994-01-17,1,2,0,2001-07-27
6124,15,307,12,3,KGID106123,Vinay Iyer,1980-06-13,1,7,0,2006-08-25
6125,15,308,9,2,KGID106124,Sandeep Kulkarni,1975-04-13,1,5,0,1999-11-29
6126,15,308,8,2,KGID106125,Lokesh Bhat,1996-07-30,1,2,0,2015-12-07
6127,15,308,9,1,KGID106126,Mahesh Desai,1988-01-22,1,5,1,2002-07-25
6128,15,308,9,1,KGID106127,Pallavi Iyer,1994-12-15,2,4,0,2020-06-15
6129,15,308,10,3,KGID106128,Umesh Patil,2000-12-01,1,5,0,2016-08-25
6130,15,308,10,3,KGID106129,Chandrashekar Desai,1989-02-21,1,1,0,2006-12-11
6131,15,308,10,3,KGID106130,Raghavendra Hiremath,1992-08-22,1,5,1,2010-07-06
6132,15,308,11,3,KGID106131,Suresh Gowda,2000-12-31,1,5,0,2022-08-05
6133,15,308,11,3,KGID106132,Chandrashekar Hiremath,1993-07-09,1,4,0,2015-05-13
6134,15,308,11,3,KGID106133,Nagaraj Achar,1984-05-30,1,1,0,2012-10-09
6135,15,308,11,3,KGID106134,Umesh Devaraj,1984-03-19,1,7,0,2004-10-26
6136,15,308,11,3,KGID106135,Manjunath Shetty,1991-05-27,1,1,0,2010-12-06
6137,15,308,11,3,KGID106136,Manjunath Hiremath,1982-07-26,1,2,0,2000-11-28
6138,15,308,12,3,KGID106137,Dinesh Bhat,2001-06-24,1,1,0,2012-10-06
6139,15,308,12,3,KGID106138,Srinivas Gowda,2001-07-02,1,5,0,2005-07-22
6140,15,308,12,3,KGID106139,Pallavi Nayak,1994-12-28,2,2,0,2009-11-30
6141,15,308,12,3,KGID106140,Umesh Poojary,1983-08-24,1,4,0,2008-05-03
6142,15,308,12,3,KGID106141,Pradeep Rao,2001-02-20,1,4,0,2022-09-07
6143,15,308,12,3,KGID106142,Naveen Bhat,1990-06-18,1,5,0,2008-12-07
6144,15,308,12,3,KGID106143,Lokesh Devaraj,2001-06-09,1,5,0,2007-08-29
6145,15,308,12,3,KGID106144,Srinivas Rao,1991-08-18,1,5,0,2012-04-21
6146,15,308,12,3,KGID106145,Naveen Hiremath,2002-01-31,1,2,0,2006-09-12
6147,15,308,12,3,KGID106146,Vinay Nayak,1997-05-25,1,8,0,2003-11-03
6148,15,308,12,3,KGID106147,Ramesh Iyer,1985-01-12,1,2,0,2018-03-13
6149,15,308,12,3,KGID106148,Raghavendra Gowda,1996-08-07,1,1,0,2007-03-18
6150,15,308,12,3,KGID106149,Vinay Poojary,1995-06-26,1,4,0,2013-04-01
6151,15,308,12,3,KGID106150,Anand Hiremath,1986-10-23,1,8,0,2003-08-12
6152,15,309,9,2,KGID106151,Mahesh Nayak,1990-05-10,1,8,0,2011-05-06
6153,15,309,9,2,KGID106152,Vinay Reddy,1981-12-19,1,6,0,2013-08-30
6154,15,309,9,1,KGID106153,Mahesh Reddy,1996-04-07,1,8,0,2009-11-04
6155,15,309,10,3,KGID106154,Kiran Poojary,1987-05-21,1,1,0,2010-06-02
6156,15,309,10,3,KGID106155,Roopa Rao,1998-03-12,2,7,0,2020-09-27
6157,15,309,10,3,KGID106156,Prakash Kulkarni,1996-07-16,1,7,0,2005-09-21
6158,15,309,11,3,KGID106157,Mahesh Kulkarni,1987-01-03,1,6,0,2007-07-09
6159,15,309,11,3,KGID106158,Manoj Shetty,2001-02-19,1,7,0,2012-05-26
6160,15,309,11,3,KGID106159,Rajesh Kulkarni,1980-08-09,1,8,0,1996-08-19
6161,15,309,11,3,KGID106160,Nagaraj Kulkarni,1975-11-18,1,8,0,2015-12-18
6162,15,309,11,3,KGID106161,Kiran Patil,2000-10-29,1,6,0,2012-12-26
6163,15,309,11,3,KGID106162,Sunita Kamath,1992-08-30,2,6,0,2004-08-15
6164,15,309,11,3,KGID106163,Harish Shetty,1991-11-03,1,8,0,2012-06-19
6165,15,309,11,3,KGID106164,Shivakumar Iyer,1993-04-02,1,8,0,2015-07-06
6166,15,309,12,3,KGID106165,Santosh Iyer,1980-02-02,1,5,0,2010-09-20
6167,15,309,12,3,KGID106166,Gopal Iyer,2004-01-09,1,4,0,2013-12-22
6168,15,309,12,3,KGID106167,Lokesh Desai,1983-05-26,1,3,0,2018-05-08
6169,15,309,12,3,KGID106168,Chandrashekar Bhandari,1982-01-20,1,6,0,2019-05-05
6170,15,309,12,3,KGID106169,Gopal Nayak,1987-05-01,1,3,0,2022-03-24
6171,15,309,12,3,KGID106170,Santosh Achar,1984-06-06,1,7,0,2011-12-25
6172,15,309,12,3,KGID106171,Pradeep Kulkarni,1987-12-26,1,7,0,2003-10-04
6173,15,309,12,3,KGID106172,Harish Kamath,1995-08-26,1,5,0,2006-10-10
6174,15,309,12,3,KGID106173,Srinivas Poojary,1993-12-16,1,2,0,2022-05-01
6175,15,310,8,2,KGID106174,Dinesh Hiremath,1982-05-03,1,5,0,1996-05-14
6176,15,310,9,2,KGID106175,Manjunath Bhandari,1994-06-07,1,2,0,2014-03-22
6177,15,310,9,1,KGID106176,Umesh Desai,1986-03-19,1,3,0,2013-12-24
6178,15,310,10,3,KGID106177,Chandrashekar Kamath,1995-07-16,1,2,0,2022-11-13
6179,15,310,10,3,KGID106178,Yogesh Kamath,1981-05-13,1,3,0,2007-12-06
6180,15,310,11,3,KGID106179,Vijay Patil,1986-02-02,1,4,0,2022-12-23
6181,15,310,11,3,KGID106180,Ravi Reddy,1978-08-08,1,4,0,1997-03-18
6182,15,310,11,3,KGID106181,Jayashree Bhandari,1986-08-10,2,3,0,2016-10-04
6183,15,310,11,3,KGID106182,Anand Gowda,1993-02-23,1,2,0,2014-11-15
6184,15,310,11,3,KGID106183,Lokesh Kamath,1980-03-22,1,2,0,2003-07-11
6185,15,310,11,3,KGID106184,Mahesh Nayak,1979-10-15,1,1,0,2005-08-06
6186,15,310,12,3,KGID106185,Ramesh Kamath,2001-04-04,1,2,0,2019-03-26
6187,15,310,12,3,KGID106186,Manjunath Reddy,1993-03-12,1,1,0,2012-11-16
6188,15,310,12,3,KGID106187,Nagaraj Kamath,1997-03-25,1,7,0,2000-12-08
6189,15,310,12,3,KGID106188,Vinay Reddy,1983-06-04,1,4,0,2003-03-17
6190,15,310,12,3,KGID106189,Manoj Desai,1995-10-04,1,6,0,2006-09-22
6191,15,310,12,3,KGID106190,Vijay Devaraj,1983-08-18,1,7,0,2018-04-07
6192,15,310,12,3,KGID106191,Harish Jadhav,1981-05-11,1,6,0,2016-07-31
6193,15,310,12,3,KGID106192,Umesh Kulkarni,1998-01-03,1,8,0,2000-10-08
6194,15,310,12,3,KGID106193,Pushpa Patil,1983-12-02,2,7,0,2009-03-17
6195,15,310,12,3,KGID106194,Naveen Achar,2003-07-22,1,8,0,2012-09-25
6196,15,310,12,3,KGID106195,Dinesh Hiremath,2000-08-17,1,4,0,2003-08-04
6197,15,310,12,3,KGID106196,Pradeep Desai,2000-06-18,1,4,0,2006-05-15
6198,15,310,12,3,KGID106197,Umesh Kamath,1983-04-17,1,2,0,2005-08-22
6199,15,310,12,3,KGID106198,Vijay Desai,1988-05-31,1,8,0,2009-10-13
6200,15,311,9,2,KGID106199,Ravi Kulkarni,1978-12-01,1,7,0,2022-08-05
6201,15,311,9,1,KGID106200,Shivakumar Rao,1994-03-09,1,5,0,2011-06-24
6202,15,311,10,3,KGID106201,Dinesh Hiremath,1990-05-06,1,1,0,2016-11-26
6203,15,311,10,3,KGID106202,Kiran Gowda,1991-12-30,1,8,0,2015-11-26
6204,15,311,11,3,KGID106203,Santosh Hegde,1983-12-07,1,8,0,2019-08-13
6205,15,311,11,3,KGID106204,Vijay Kumar,1996-06-05,1,5,0,2012-05-25
6206,15,311,11,3,KGID106205,Manjunath Bhandari,1994-07-09,1,4,0,2013-12-20
6207,15,311,11,3,KGID106206,Krishna Kumar,1999-02-03,1,6,0,2021-12-18
6208,15,311,11,3,KGID106207,Krishna Patil,1990-06-21,1,4,0,2009-09-12
6209,15,311,11,3,KGID106208,Dinesh Kulkarni,1979-12-20,1,5,0,2000-12-05
6210,15,311,12,3,KGID106209,Ravi Desai,2002-05-21,1,4,1,2012-06-06
6211,15,311,12,3,KGID106210,Girish Kulkarni,2001-01-10,1,4,0,2001-05-25
6212,15,311,12,3,KGID106211,Manjunath Gowda,1985-05-09,1,2,0,2003-12-16
6213,15,311,12,3,KGID106212,Naveen Patil,1995-03-25,1,3,0,2018-06-06
6214,15,311,12,3,KGID106213,Ravi Achar,1999-01-26,1,2,0,2015-12-28
6215,15,311,12,3,KGID106214,Lokesh Poojary,1992-07-21,1,1,0,2015-05-31
6216,15,311,12,3,KGID106215,Santosh Iyer,1984-08-03,1,1,0,2021-08-17
6217,15,311,12,3,KGID106216,Kiran Gowda,1989-11-28,1,1,0,2021-03-23
6218,15,311,12,3,KGID106217,Manoj Hegde,1994-12-13,1,2,0,2021-07-25
6219,15,311,12,3,KGID106218,Sunita Reddy,1986-07-27,2,8,0,2004-06-12
6220,15,311,12,3,KGID106219,Rajesh Desai,1980-10-06,1,8,0,2001-08-20
6221,15,311,12,3,KGID106220,Lokesh Hiremath,1991-12-15,1,6,0,2013-08-26
6222,15,311,12,3,KGID106221,Sandeep Nayak,1994-05-12,1,3,0,2012-12-31
6223,15,311,12,3,KGID106222,Gopal Nayak,1992-08-28,1,7,0,2022-06-18
6224,15,311,12,3,KGID106223,Kavya Hiremath,1980-05-05,2,3,0,2013-08-25
6225,15,311,12,3,KGID106224,Anand Jadhav,1989-11-15,1,2,0,2020-08-02
6226,15,311,12,3,KGID106225,Gopal Desai,1993-03-30,1,6,0,2023-11-25
6227,15,312,9,2,KGID106226,Yogesh Jadhav,1996-03-28,1,7,0,2018-06-12
6228,15,312,9,2,KGID106227,Manjunath Devaraj,1996-08-26,1,5,0,2015-08-09
6229,15,312,9,1,KGID106228,Yogesh Gowda,1980-08-31,1,1,0,2019-06-10
6230,15,312,9,1,KGID106229,Santosh Kulkarni,1998-12-05,1,7,0,2013-11-02
6231,15,312,10,3,KGID106230,Rekha Kulkarni,1995-06-12,2,1,0,2007-08-30
6232,15,312,10,3,KGID106231,Shwetha Kumar,1992-12-07,2,5,0,2010-03-23
6233,15,312,10,3,KGID106232,Manjunath Kulkarni,2000-05-24,1,1,0,2011-04-05
6234,15,312,11,3,KGID106233,Santosh Achar,1984-12-02,1,6,0,1995-08-27
6235,15,312,11,3,KGID106234,Chandrashekar Achar,1997-01-29,1,2,0,2016-05-09
6236,15,312,11,3,KGID106235,Rajesh Patil,1991-09-03,1,6,0,2020-05-12
6237,15,312,11,3,KGID106236,Manjunath Kulkarni,1976-05-04,1,6,0,2010-12-29
6238,15,312,11,3,KGID106237,Lakshmi Gowda,1998-01-09,2,8,0,2000-04-08
6239,15,312,11,3,KGID106238,Raghavendra Bhat,1984-09-04,1,6,0,2018-04-19
6240,15,312,11,3,KGID106239,Lokesh Desai,1998-04-11,1,8,0,2003-06-02
6241,15,312,12,3,KGID106240,Kiran Patil,1991-06-04,1,3,0,2008-10-30
6242,15,312,12,3,KGID106241,Gopal Kumar,1999-03-30,1,5,0,2016-08-03
6243,15,312,12,3,KGID106242,Nagaraj Rao,1984-03-13,1,8,0,2019-11-08
6244,15,312,12,3,KGID106243,Anand Hegde,1981-07-09,1,4,0,2004-05-03
6245,15,312,12,3,KGID106244,Krishna Hiremath,1990-08-19,1,2,0,2001-12-11
6246,15,312,12,3,KGID106245,Rajesh Nayak,1980-12-19,1,5,0,2012-03-11
6247,15,312,12,3,KGID106246,Umesh Jadhav,1984-06-24,1,1,0,2005-04-08
6248,15,312,12,3,KGID106247,Rajesh Reddy,1983-10-19,1,1,0,2013-06-11
6249,15,313,9,2,KGID106248,Anand Naik,1995-01-01,1,3,0,1996-03-28
6250,15,313,8,2,KGID106249,Kiran Naik,1995-06-16,1,7,0,1996-10-14
6251,15,313,9,1,KGID106250,Lokesh Iyer,1985-12-10,1,6,0,2016-06-27
6252,15,313,10,3,KGID106251,Savitri Kulkarni,1981-11-18,2,7,0,2013-11-02
6253,15,313,10,3,KGID106252,Gopal Poojary,1987-01-14,1,6,0,2010-10-20
6254,15,313,11,3,KGID106253,Basavaraj Bhat,1989-10-03,1,4,0,2011-12-09
6255,15,313,11,3,KGID106254,Lokesh Reddy,1989-04-22,1,1,0,2008-10-01
6256,15,313,11,3,KGID106255,Nagaraj Naik,1996-07-24,1,1,0,1996-08-20
6257,15,313,11,3,KGID106256,Anand Kulkarni,1993-12-30,1,4,0,2004-05-27
6258,15,313,11,3,KGID106257,Sandeep Jadhav,1981-03-31,1,4,0,2008-11-17
6259,15,313,11,3,KGID106258,Suresh Gowda,1992-11-09,1,7,0,1999-12-11
6260,15,313,11,3,KGID106259,Radha Bhandari,1984-08-14,2,4,0,2007-08-12
6261,15,313,12,3,KGID106260,Suresh Hegde,1981-01-09,1,6,0,2015-05-29
6262,15,313,12,3,KGID106261,Srinivas Desai,1982-06-13,1,1,0,2023-04-04
6263,15,313,12,3,KGID106262,Nagaraj Kamath,1986-01-26,1,1,0,2016-05-08
6264,15,313,12,3,KGID106263,Manoj Jadhav,1990-03-03,1,4,0,2022-07-25
6265,15,313,12,3,KGID106264,Harish Hiremath,1990-01-02,1,1,0,2019-04-28
6266,15,313,12,3,KGID106265,Prakash Shetty,1990-06-06,1,1,0,2015-06-30
6267,15,313,12,3,KGID106266,Krishna Kumar,1980-12-18,1,6,0,2013-12-10
6268,15,313,12,3,KGID106267,Krishna Jadhav,1994-08-09,1,1,0,2008-09-20
6269,15,313,12,3,KGID106268,Chandrashekar Rao,1999-05-04,1,3,0,2014-12-23
6270,15,313,12,3,KGID106269,Shivakumar Hegde,2004-05-23,1,3,0,2018-07-11
6271,15,313,12,3,KGID106270,Manjunath Iyer,1982-11-01,1,6,0,2006-07-06
6272,15,313,12,3,KGID106271,Vinay Kulkarni,2001-10-02,1,2,0,2013-10-16
6273,15,313,12,3,KGID106272,Dinesh Bhat,1990-04-01,1,1,0,2007-05-09
6274,15,313,12,3,KGID106273,Krishna Hiremath,2001-09-22,1,5,0,2004-11-06
6275,15,314,8,2,KGID106274,Prakash Reddy,1986-11-24,1,1,0,1997-08-13
6276,15,314,8,2,KGID106275,Vinay Bhat,1982-09-01,1,2,0,2003-12-17
6277,15,314,9,1,KGID106276,Rajesh Reddy,1981-03-08,1,8,0,2017-09-15
6278,15,314,10,3,KGID106277,Anand Bhandari,1981-10-29,1,5,0,1998-06-27
6279,15,314,10,3,KGID106278,Sunita Bhandari,1984-05-17,2,3,0,1997-09-27
6280,15,314,11,3,KGID106279,Savitri Naik,1996-09-25,2,6,0,2004-12-13
6281,15,314,11,3,KGID106280,Basavaraj Devaraj,1988-12-17,1,2,0,2009-11-25
6282,15,314,11,3,KGID106281,Srinivas Patil,1995-03-02,1,3,0,1996-08-09
6283,15,314,11,3,KGID106282,Krishna Achar,1984-12-06,1,7,0,2005-09-15
6284,15,314,12,3,KGID106283,Mahesh Bhat,1998-06-01,1,4,0,2014-09-20
6285,15,314,12,3,KGID106284,Nagaraj Achar,1995-07-31,1,2,0,2001-08-17
6286,15,314,12,3,KGID106285,Prakash Devaraj,1980-04-08,1,7,0,2005-07-27
6287,15,314,12,3,KGID106286,Rekha Jadhav,1984-11-16,2,8,0,2006-05-22
6288,15,314,12,3,KGID106287,Basavaraj Shetty,1980-09-17,1,1,0,2016-12-11
6289,15,314,12,3,KGID106288,Vijay Hegde,1998-09-06,1,2,0,2016-04-13
6290,15,314,12,3,KGID106289,Lakshmi Kamath,1993-01-06,2,3,0,2019-07-21
6291,15,314,12,3,KGID106290,Santosh Jadhav,1997-01-05,1,7,0,2023-07-28
6292,15,314,12,3,KGID106291,Suresh Desai,1991-04-21,1,3,0,2014-05-10
6293,15,314,12,3,KGID106292,Yogesh Hiremath,1981-10-21,1,7,0,2009-07-28
6294,15,314,12,3,KGID106293,Nagaraj Shetty,1998-06-10,1,8,0,2007-12-23
6295,15,314,12,3,KGID106294,Girish Shetty,2003-03-28,1,1,0,2007-10-23
6296,15,315,8,2,KGID106295,Nandini Rao,1995-03-03,2,5,0,1998-03-17
6297,15,315,8,2,KGID106296,Prakash Hiremath,1977-01-26,1,7,0,2009-07-04
6298,15,315,9,1,KGID106297,Pushpa Poojary,1999-03-25,2,8,0,2007-06-09
6299,15,315,10,3,KGID106298,Krishna Achar,1979-10-15,1,7,0,2007-12-03
6300,15,315,10,3,KGID106299,Dinesh Hiremath,1988-06-19,1,2,0,1998-04-25
6301,15,315,10,3,KGID106300,Raghavendra Rao,1995-05-04,1,6,0,2005-12-13
6302,15,315,11,3,KGID106301,Vijay Gowda,1980-08-28,1,7,0,2011-07-24
6303,15,315,11,3,KGID106302,Naveen Devaraj,1999-01-26,1,2,0,2009-10-29
6304,15,315,11,3,KGID106303,Ravi Shetty,1982-05-23,1,2,0,2004-05-25
6305,15,315,11,3,KGID106304,Anand Gowda,2000-04-10,1,6,0,2017-08-21
6306,15,315,11,3,KGID106305,Nandini Bhandari,1993-08-30,2,1,0,2007-05-18
6307,15,315,11,3,KGID106306,Santosh Shetty,1976-08-26,1,5,0,1995-04-11
6308,15,315,11,3,KGID106307,Lokesh Kulkarni,1976-08-03,1,3,0,2006-06-27
6309,15,315,12,3,KGID106308,Dinesh Hiremath,1999-11-17,1,1,0,2017-11-29
6310,15,315,12,3,KGID106309,Shivakumar Kamath,1991-06-11,1,8,0,2014-12-07
6311,15,315,12,3,KGID106310,Vijay Desai,1995-09-17,1,1,0,2003-12-26
6312,15,315,12,3,KGID106311,Lokesh Iyer,1998-05-25,1,4,0,2007-10-10
6313,15,315,12,3,KGID106312,Vijay Desai,2000-06-06,1,1,0,2000-04-13
6314,15,315,12,3,KGID106313,Anand Kumar,2002-07-20,1,4,0,2013-04-30
6315,15,315,12,3,KGID106314,Raghavendra Rao,1990-09-29,1,2,0,2001-11-29
6316,15,315,12,3,KGID106315,Vani Desai,1983-07-22,2,5,0,2011-10-27
6317,15,315,12,3,KGID106316,Yogesh Jadhav,1996-09-03,1,3,0,2017-11-08
6318,15,315,12,3,KGID106317,Mahesh Achar,1981-12-23,1,3,0,2012-05-05
6319,15,315,12,3,KGID106318,Vinay Poojary,1996-01-01,1,5,0,2009-04-14
6320,15,315,12,3,KGID106319,Ramesh Devaraj,1980-11-14,1,7,0,2013-05-23
6321,15,315,12,3,KGID106320,Shwetha Iyer,2000-11-08,2,7,0,2004-05-03
6322,15,315,12,3,KGID106321,Basavaraj Nayak,2000-07-29,1,6,0,2013-08-04
6323,15,315,12,3,KGID106322,Rekha Rao,1991-06-18,2,1,0,2009-10-08
6324,15,316,8,2,KGID106323,Suresh Achar,1993-06-07,1,1,0,2008-08-20
6325,15,316,9,1,KGID106324,Naveen Kulkarni,1991-11-17,1,4,0,2016-04-14
6326,15,316,10,3,KGID106325,Santosh Kamath,1979-04-12,1,3,0,2007-09-17
6327,15,316,10,3,KGID106326,Chandrashekar Reddy,1983-02-04,1,3,0,1999-04-15
6328,15,316,11,3,KGID106327,Manoj Achar,1993-06-06,1,3,0,2003-04-26
6329,15,316,11,3,KGID106328,Nagaraj Poojary,1988-11-26,1,6,0,2022-09-08
6330,15,316,11,3,KGID106329,Lokesh Devaraj,1981-04-03,1,4,0,2022-03-22
6331,15,316,11,3,KGID106330,Naveen Achar,1999-01-11,1,3,0,2014-03-14
6332,15,316,12,3,KGID106331,Suresh Naik,1984-07-07,1,2,0,2023-06-12
6333,15,316,12,3,KGID106332,Harish Naik,1991-06-12,1,7,0,2014-06-19
6334,15,316,12,3,KGID106333,Ravi Naik,1985-12-23,1,2,0,2005-11-25
6335,15,316,12,3,KGID106334,Raghavendra Iyer,1993-02-02,1,5,0,2005-07-25
6336,15,316,12,3,KGID106335,Yogesh Hiremath,1997-12-19,1,5,0,2022-11-14
6337,15,316,12,3,KGID106336,Manoj Devaraj,2000-02-06,1,3,0,2000-05-01
6338,15,316,12,3,KGID106337,Sandeep Reddy,2004-02-09,1,6,0,2013-10-04
6339,15,316,12,3,KGID106338,Dinesh Shetty,1987-03-24,1,1,0,2007-05-17
6340,15,317,8,2,KGID106339,Nagaraj Poojary,1992-11-14,1,2,0,2010-06-16
6341,15,317,9,2,KGID106340,Pradeep Patil,1996-02-21,1,2,0,2006-06-14
6342,15,317,9,1,KGID106341,Ravi Reddy,1997-09-20,1,6,0,2002-08-31
6343,15,317,9,1,KGID106342,Basavaraj Kulkarni,1999-06-13,1,7,0,2015-10-06
6344,15,317,10,3,KGID106343,Harish Devaraj,1992-09-05,1,7,0,2014-03-16
6345,15,317,10,3,KGID106344,Suresh Iyer,1987-01-31,1,4,0,2002-07-09
6346,15,317,11,3,KGID106345,Manjunath Patil,1986-01-31,1,7,0,1996-08-27
6347,15,317,11,3,KGID106346,Krishna Bhat,1985-07-03,1,4,0,2001-03-20
6348,15,317,11,3,KGID106347,Shivakumar Bhat,1984-04-10,1,8,0,2000-04-27
6349,15,317,11,3,KGID106348,Manoj Patil,1983-10-08,1,6,0,2022-08-22
6350,15,317,11,3,KGID106349,Radha Naik,1996-04-11,2,2,0,2000-10-15
6351,15,317,11,3,KGID106350,Harish Reddy,1993-09-12,1,8,0,2023-08-29
6352,15,317,12,3,KGID106351,Santosh Hegde,1996-08-10,1,3,0,2003-08-13
6353,15,317,12,3,KGID106352,Vijay Achar,1995-07-16,1,8,0,2002-05-19
6354,15,317,12,3,KGID106353,Raghavendra Desai,1981-08-20,1,8,0,2001-12-11
6355,15,317,12,3,KGID106354,Lokesh Kamath,1984-02-20,1,8,0,2011-08-18
6356,15,317,12,3,KGID106355,Kavya Bhandari,1981-04-25,2,1,0,2017-08-05
6357,15,317,12,3,KGID106356,Suresh Kamath,1984-02-08,1,8,0,2021-12-22
6358,15,317,12,3,KGID106357,Naveen Bhandari,1995-10-12,1,4,0,2004-04-21
6359,15,317,12,3,KGID106358,Basavaraj Hiremath,1984-08-31,1,3,0,2019-11-02
6360,15,317,12,3,KGID106359,Pradeep Naik,1988-07-15,1,3,0,2004-05-11
6361,15,317,12,3,KGID106360,Harish Bhat,1986-12-05,1,8,0,2023-07-11
6362,15,318,8,5,KGID106361,Santosh Nayak,1986-04-15,1,6,0,2000-08-27
6363,15,318,9,1,KGID106362,Pradeep Hegde,1988-11-11,1,5,0,2003-10-24
6364,15,318,9,1,KGID106363,Lakshmi Hiremath,1991-08-22,2,1,0,2022-05-08
6365,15,318,10,3,KGID106364,Gopal Iyer,1980-09-23,1,5,0,2021-09-02
6366,15,318,10,3,KGID106365,Umesh Iyer,1986-04-09,1,1,0,2000-08-23
6367,15,318,11,3,KGID106366,Shobha Hiremath,1995-01-20,2,3,0,2000-11-05
6368,15,318,11,3,KGID106367,Raghavendra Reddy,1998-12-02,1,2,0,2018-06-16
6369,15,318,11,3,KGID106368,Vinay Desai,1985-12-01,1,4,0,2013-08-26
6370,15,318,11,3,KGID106369,Suresh Bhat,1981-05-23,1,1,0,2022-04-28
6371,15,318,11,3,KGID106370,Harish Poojary,1982-07-06,1,3,0,2003-12-28
6372,15,318,12,3,KGID106371,Naveen Nayak,1998-10-05,1,4,0,2009-06-12
6373,15,318,12,3,KGID106372,Pradeep Desai,1994-05-22,1,1,0,2020-01-02
6374,15,318,12,3,KGID106373,Srinivas Hegde,1989-12-20,1,8,0,2008-04-18
6375,15,318,12,3,KGID106374,Anitha Shetty,1988-04-29,2,7,0,2008-07-21
6376,15,318,12,3,KGID106375,Shwetha Devaraj,1998-06-22,2,6,0,2005-11-12
6377,15,318,12,3,KGID106376,Dinesh Hegde,2001-01-24,1,6,0,2005-04-02
6378,15,318,12,3,KGID106377,Naveen Poojary,1982-03-26,1,3,0,2019-04-09
6379,15,318,12,3,KGID106378,Prakash Iyer,2004-11-15,1,6,0,2010-07-09
6380,15,318,12,3,KGID106379,Prakash Bhat,1995-05-25,1,6,0,2006-04-29
6381,15,318,12,3,KGID106380,Sowmya Hegde,1998-09-25,2,2,0,2021-05-19
6382,15,319,8,6,KGID106381,Shivakumar Poojary,1977-08-13,1,2,0,1997-04-30
6383,15,319,9,6,KGID106382,Harish Naik,1994-05-16,1,3,0,2011-07-05
6384,15,319,9,1,KGID106383,Yogesh Hiremath,1999-12-28,1,7,0,2022-10-07
6385,15,319,10,3,KGID106384,Nagaveni Naik,1981-03-29,2,1,0,2012-04-12
6386,15,319,10,3,KGID106385,Shwetha Naik,1980-11-08,2,7,0,2013-09-10
6387,15,319,10,3,KGID106386,Krishna Shetty,1981-01-18,1,8,0,2023-07-17
6388,15,319,11,3,KGID106387,Manoj Jadhav,1989-03-09,1,8,0,2017-10-08
6389,15,319,11,3,KGID106388,Raghavendra Poojary,1975-01-28,1,3,0,2018-04-24
6390,15,319,11,3,KGID106389,Shivakumar Shetty,1985-01-29,1,2,0,2004-05-08
6391,15,319,11,3,KGID106390,Pradeep Shetty,1990-10-18,1,8,0,2002-08-27
6392,15,319,11,3,KGID106391,Ramesh Kamath,1980-12-29,1,4,0,2009-07-23
6393,15,319,11,3,KGID106392,Rekha Nayak,1992-02-10,2,2,0,2014-08-29
6394,15,319,11,3,KGID106393,Deepa Bhandari,1983-07-03,2,7,0,2002-08-22
6395,15,319,11,3,KGID106394,Vani Gowda,1993-01-31,2,3,0,2017-03-26
6396,15,319,12,3,KGID106395,Nagaveni Hegde,1990-02-03,2,7,0,2021-07-05
6397,15,319,12,3,KGID106396,Deepa Kumar,2004-02-09,2,3,0,2009-12-06
6398,15,319,12,3,KGID106397,Manjunath Jadhav,1984-11-11,1,7,0,2023-09-26
6399,15,319,12,3,KGID106398,Prakash Nayak,2004-05-06,1,5,0,2012-03-14
6400,15,319,12,3,KGID106399,Rekha Achar,1993-06-10,2,7,0,2010-11-27
6401,15,319,12,3,KGID106400,Manoj Iyer,1983-07-03,1,1,0,2023-11-16
6402,15,319,12,3,KGID106401,Ravi Rao,1997-08-21,1,7,0,2023-11-22
6403,15,319,12,3,KGID106402,Ramesh Bhat,1994-05-21,1,7,0,2011-08-03
6404,15,319,12,3,KGID106403,Krishna Shetty,1980-06-23,1,3,0,2012-05-15
6405,15,319,12,3,KGID106404,Pradeep Naik,1989-05-09,1,6,1,2014-11-23
6406,15,319,12,3,KGID106405,Rajesh Reddy,1988-07-27,1,4,0,2004-12-27
6407,15,319,12,3,KGID106406,Prakash Devaraj,1985-08-11,1,8,0,2010-10-02
6408,15,319,12,3,KGID106407,Santosh Kulkarni,1991-11-20,1,4,0,2011-07-18
6409,15,319,12,3,KGID106408,Naveen Jadhav,2004-07-25,1,1,0,2017-08-05
6410,15,319,12,3,KGID106409,Basavaraj Bhandari,1982-04-16,1,4,0,2021-06-03
6411,15,319,12,3,KGID106410,Nagaraj Naik,1986-02-12,1,8,0,2011-11-09
6412,15,319,12,3,KGID106411,Chandrashekar Kamath,2003-05-30,1,1,0,2011-11-04
6413,15,320,9,4,KGID106412,Vinay Kumar,1996-07-22,1,2,0,2005-12-07
6414,15,320,9,4,KGID106413,Prakash Kamath,1983-03-06,1,5,0,2010-09-24
6415,15,320,9,1,KGID106414,Dinesh Naik,1998-03-23,1,8,0,2004-06-22
6416,15,320,9,1,KGID106415,Srinivas Hiremath,1986-12-06,1,4,0,2019-10-19
6417,15,320,10,3,KGID106416,Raghavendra Desai,1979-05-07,1,8,0,2006-04-17
6418,15,320,10,3,KGID106417,Vinay Shetty,1983-04-26,1,8,0,2007-10-20
6419,15,320,11,3,KGID106418,Anand Achar,1989-04-13,1,3,0,2000-06-21
6420,15,320,11,3,KGID106419,Ravi Naik,1993-04-26,1,8,0,2018-09-06
6421,15,320,11,3,KGID106420,Sowmya Bhat,1991-08-31,2,1,0,2008-07-19
6422,15,320,11,3,KGID106421,Umesh Reddy,1995-09-20,1,2,0,2011-05-19
6423,15,320,12,3,KGID106422,Manjunath Nayak,1994-06-27,1,1,0,2009-04-13
6424,15,320,12,3,KGID106423,Raghavendra Kamath,1987-10-09,1,2,0,2014-06-11
6425,15,320,12,3,KGID106424,Suresh Bhandari,1990-11-30,1,5,0,2010-07-23
6426,15,320,12,3,KGID106425,Roopa Bhandari,1999-02-02,2,7,0,2017-11-10
6427,15,320,12,3,KGID106426,Kavya Kamath,1989-04-09,2,2,0,2021-09-10
6428,15,320,12,3,KGID106427,Savitri Bhandari,1988-12-02,2,1,0,2001-09-06
6429,15,320,12,3,KGID106428,Mahesh Devaraj,1990-03-11,1,5,0,2022-07-31
6430,15,320,12,3,KGID106429,Manjunath Iyer,2003-07-13,1,2,0,2002-04-03
6431,15,320,12,3,KGID106430,Yogesh Jadhav,1997-02-26,1,2,0,2015-10-17
6432,15,320,12,3,KGID106431,Mahesh Jadhav,1982-02-25,1,1,0,2021-10-12
6433,15,320,12,3,KGID106432,Harish Achar,1988-06-05,1,2,0,2002-12-13
6434,15,320,12,3,KGID106433,Krishna Achar,1995-08-04,1,7,0,2021-05-28
6435,15,320,12,3,KGID106434,Sandeep Kamath,1989-05-16,1,5,0,2002-10-22
6436,16,324,8,2,KGID106435,Ravi Iyer,1984-05-15,1,6,0,2022-03-23
6437,16,324,9,1,KGID106436,Srinivas Desai,1991-01-27,1,8,0,2023-08-25
6438,16,324,9,1,KGID106437,Anitha Devaraj,1981-01-17,2,1,0,2013-05-02
6439,16,324,10,3,KGID106438,Geetha Hiremath,1999-09-28,2,7,0,2021-06-29
6440,16,324,10,3,KGID106439,Naveen Reddy,1989-03-14,1,5,0,2006-05-29
6441,16,324,10,3,KGID106440,Harish Kumar,1980-05-17,1,5,0,2010-08-23
6442,16,324,11,3,KGID106441,Lokesh Shetty,1975-07-20,1,3,0,1996-04-24
6443,16,324,11,3,KGID106442,Manjunath Gowda,1999-03-07,1,3,0,2005-12-18
6444,16,324,11,3,KGID106443,Vinay Kamath,1976-06-20,1,3,0,2016-09-17
6445,16,324,11,3,KGID106444,Suresh Jadhav,1987-05-07,1,6,0,2001-05-10
6446,16,324,11,3,KGID106445,Naveen Hegde,1980-10-19,1,6,0,2010-04-21
6447,16,324,12,3,KGID106446,Vinay Jadhav,1996-09-28,1,3,0,2001-08-18
6448,16,324,12,3,KGID106447,Prakash Iyer,1988-02-20,1,6,0,2023-11-03
6449,16,324,12,3,KGID106448,Kavya Shetty,1985-08-22,2,6,0,2020-06-27
6450,16,324,12,3,KGID106449,Nagaraj Gowda,1997-10-19,1,4,0,2017-05-08
6451,16,324,12,3,KGID106450,Krishna Rao,1997-11-08,1,6,0,2009-07-26
6452,16,324,12,3,KGID106451,Santosh Nayak,1982-09-21,1,3,0,2019-08-14
6453,16,324,12,3,KGID106452,Sowmya Achar,1998-03-22,2,6,0,2012-05-02
6454,16,324,12,3,KGID106453,Pushpa Hegde,1999-03-31,2,6,0,2023-04-26
6455,16,324,12,3,KGID106454,Pradeep Iyer,1991-01-11,1,1,0,2015-07-22
6456,16,324,12,3,KGID106455,Suresh Desai,1995-04-18,1,3,0,2018-08-07
6457,16,324,12,3,KGID106456,Shwetha Kulkarni,1999-07-04,2,3,0,2000-07-14
6458,16,324,12,3,KGID106457,Krishna Rao,1981-05-25,1,6,0,2023-05-28
6459,16,324,12,3,KGID106458,Vijay Naik,1990-09-20,1,6,0,2011-12-27
6460,16,325,8,2,KGID106459,Pradeep Shetty,1976-11-04,1,2,0,2010-10-24
6461,16,325,9,1,KGID106460,Geetha Bhat,1985-07-03,2,4,0,2023-12-01
6462,16,325,9,1,KGID106461,Pradeep Kumar,1985-12-29,1,5,0,2017-08-03
6463,16,325,10,3,KGID106462,Umesh Jadhav,1986-05-11,1,7,0,2013-06-24
6464,16,325,10,3,KGID106463,Gopal Bhandari,1985-11-26,1,8,1,2016-05-23
6465,16,325,11,3,KGID106464,Santosh Hiremath,2001-01-18,1,3,0,1996-07-22
6466,16,325,11,3,KGID106465,Rajesh Rao,1983-04-05,1,3,0,2000-11-30
6467,16,325,11,3,KGID106466,Deepa Kulkarni,1977-09-20,2,6,0,2002-06-22
6468,16,325,11,3,KGID106467,Vinay Devaraj,1977-02-16,1,6,0,2008-06-20
6469,16,325,12,3,KGID106468,Naveen Reddy,1984-07-27,1,1,0,2011-10-18
6470,16,325,12,3,KGID106469,Sandeep Nayak,1983-09-28,1,5,0,2015-06-10
6471,16,325,12,3,KGID106470,Prakash Shetty,2000-03-11,1,1,0,2005-06-23
6472,16,325,12,3,KGID106471,Lokesh Achar,1987-01-28,1,4,0,2011-12-14
6473,16,325,12,3,KGID106472,Chandrashekar Hiremath,1996-07-17,1,4,0,2021-12-15
6474,16,325,12,3,KGID106473,Chandrashekar Reddy,2000-02-26,1,7,0,2019-11-28
6475,16,325,12,3,KGID106474,Nagaraj Desai,1982-10-09,1,2,0,2008-04-21
6476,16,325,12,3,KGID106475,Harish Gowda,1997-06-06,1,6,0,2003-10-02
6477,16,325,12,3,KGID106476,Lokesh Rao,1994-02-09,1,6,0,2003-06-09
6478,16,325,12,3,KGID106477,Manjunath Reddy,1983-03-20,1,4,0,2011-08-05
6479,16,325,12,3,KGID106478,Lakshmi Jadhav,1987-04-15,2,7,0,2006-03-14
6480,16,326,8,2,KGID106479,Raghavendra Kamath,1996-01-07,1,3,0,2009-11-16
6481,16,326,8,2,KGID106480,Pradeep Achar,1975-06-23,1,1,0,2023-08-30
6482,16,326,9,1,KGID106481,Raghavendra Nayak,1989-03-30,1,5,0,2002-04-24
6483,16,326,9,1,KGID106482,Naveen Achar,1984-11-03,1,8,0,2020-09-23
6484,16,326,10,3,KGID106483,Pradeep Patil,1987-09-24,1,2,0,2006-09-14
6485,16,326,10,3,KGID106484,Santosh Hiremath,1984-12-13,1,5,0,1998-08-06
6486,16,326,10,3,KGID106485,Yogesh Iyer,1999-03-11,1,7,0,2008-03-20
6487,16,326,11,3,KGID106486,Anand Kumar,1976-09-01,1,1,0,2018-11-04
6488,16,326,11,3,KGID106487,Naveen Kamath,1985-05-14,1,2,0,2015-05-13
6489,16,326,11,3,KGID106488,Naveen Poojary,1979-09-18,1,6,0,2020-11-01
6490,16,326,11,3,KGID106489,Girish Naik,1987-08-05,1,3,0,2012-01-02
6491,16,326,11,3,KGID106490,Vijay Kumar,1998-10-31,1,8,0,2021-04-27
6492,16,326,11,3,KGID106491,Umesh Reddy,2001-08-02,1,8,0,2018-08-31
6493,16,326,12,3,KGID106492,Umesh Patil,1988-04-06,1,6,0,2006-11-20
6494,16,326,12,3,KGID106493,Ravi Nayak,1999-12-26,1,2,0,2010-09-16
6495,16,326,12,3,KGID106494,Manjunath Jadhav,2000-05-19,1,2,1,2018-06-15
6496,16,326,12,3,KGID106495,Ravi Patil,1993-09-15,1,8,0,2020-12-12
6497,16,326,12,3,KGID106496,Chandrashekar Rao,1999-07-26,1,3,0,2021-09-09
6498,16,326,12,3,KGID106497,Dinesh Kulkarni,1985-01-01,1,1,0,2021-09-14
6499,16,326,12,3,KGID106498,Sandeep Kamath,1986-02-10,1,5,1,2006-11-21
6500,16,326,12,3,KGID106499,Geetha Hegde,1980-08-23,2,7,0,2011-06-21
6501,16,326,12,3,KGID106500,Naveen Naik,1990-05-01,1,5,0,2019-04-27
6502,16,326,12,3,KGID106501,Mahesh Shetty,1982-03-25,1,6,0,2007-01-03
6503,16,327,8,2,KGID106502,Kiran Rao,1986-12-28,1,7,0,2020-06-11
6504,16,327,9,1,KGID106503,Vinay Poojary,1997-12-20,1,2,0,2014-03-15
6505,16,327,10,3,KGID106504,Rajesh Iyer,1999-07-06,1,2,0,2002-11-30
6506,16,327,10,3,KGID106505,Ramesh Shetty,1979-11-09,1,1,0,2023-06-14
6507,16,327,11,3,KGID106506,Yogesh Devaraj,1983-10-27,1,2,0,2015-01-04
6508,16,327,11,3,KGID106507,Mahesh Iyer,1995-07-19,1,4,0,2005-06-06
6509,16,327,11,3,KGID106508,Santosh Hiremath,2000-09-15,1,6,0,1998-06-26
6510,16,327,11,3,KGID106509,Gopal Iyer,1995-09-17,1,1,0,2004-11-16
6511,16,327,11,3,KGID106510,Savitri Reddy,2001-03-30,2,7,0,2014-11-13
6512,16,327,11,3,KGID106511,Mahesh Hiremath,2000-11-20,1,4,0,2001-08-02
6513,16,327,12,3,KGID106512,Lakshmi Hegde,1996-06-21,2,5,0,2013-01-02
6514,16,327,12,3,KGID106513,Savitri Devaraj,1993-07-08,2,3,0,2007-08-11
6515,16,327,12,3,KGID106514,Basavaraj Shetty,1988-11-16,1,3,1,2003-12-28
6516,16,327,12,3,KGID106515,Anand Kamath,1992-07-14,1,1,0,2020-04-10
6517,16,327,12,3,KGID106516,Pradeep Bhat,2004-03-07,1,1,0,2020-04-28
6518,16,327,12,3,KGID106517,Lokesh Rao,1994-11-08,1,7,0,2000-03-17
6519,16,327,12,3,KGID106518,Rajesh Gowda,1990-05-12,1,5,0,2003-07-10
6520,16,327,12,3,KGID106519,Dinesh Hiremath,1992-02-12,1,5,0,2018-10-21
6521,16,327,12,3,KGID106520,Nagaraj Achar,1981-03-08,1,8,0,2002-06-01
6522,16,327,12,3,KGID106521,Vinay Jadhav,2000-01-02,1,8,0,2020-01-02
6523,16,328,8,2,KGID106522,Santosh Devaraj,1990-06-27,1,8,0,1998-07-19
6524,16,328,9,1,KGID106523,Rajesh Reddy,1990-11-25,1,8,0,2015-08-08
6525,16,328,10,3,KGID106524,Girish Patil,1982-06-01,1,5,0,2014-07-16
6526,16,328,10,3,KGID106525,Suresh Naik,1989-07-12,1,3,0,2023-03-22
6527,16,328,10,3,KGID106526,Nagaraj Devaraj,2000-06-02,1,8,0,2000-03-15
6528,16,328,11,3,KGID106527,Rajesh Kulkarni,1991-06-06,1,3,0,2015-10-27
6529,16,328,11,3,KGID106528,Suresh Kamath,1995-06-11,1,1,0,2003-11-21
6530,16,328,11,3,KGID106529,Harish Hiremath,1996-08-27,1,2,0,2013-12-06
6531,16,328,11,3,KGID106530,Suresh Reddy,1988-02-04,1,4,0,2014-05-23
6532,16,328,11,3,KGID106531,Suresh Achar,1987-08-12,1,1,0,2020-04-26
6533,16,328,12,3,KGID106532,Lokesh Shetty,1993-10-14,1,2,0,2013-07-23
6534,16,328,12,3,KGID106533,Naveen Rao,1981-11-25,1,1,0,2009-06-04
6535,16,328,12,3,KGID106534,Nagaraj Nayak,1993-08-08,1,1,0,2021-04-26
6536,16,328,12,3,KGID106535,Roopa Jadhav,1997-05-23,2,5,0,2004-12-19
6537,16,328,12,3,KGID106536,Srinivas Shetty,1987-11-13,1,4,0,2009-10-01
6538,16,328,12,3,KGID106537,Ravi Jadhav,1985-06-17,1,3,0,2004-11-15
6539,16,328,12,3,KGID106538,Mahesh Kumar,1991-02-10,1,3,0,2002-07-10
6540,16,328,12,3,KGID106539,Manoj Achar,1992-08-16,1,8,0,2011-08-16
6541,16,328,12,3,KGID106540,Anitha Iyer,1990-03-31,2,1,0,2012-06-23
6542,16,328,12,3,KGID106541,Harish Devaraj,1993-12-10,1,4,0,2000-11-29
6543,16,328,12,3,KGID106542,Nagaraj Kulkarni,1986-03-19,1,1,0,2005-10-19
6544,16,328,12,3,KGID106543,Prakash Gowda,1986-10-15,1,3,0,2007-05-30
6545,16,328,12,3,KGID106544,Santosh Hiremath,1984-07-23,1,3,0,2020-08-27
6546,16,328,12,3,KGID106545,Naveen Jadhav,1994-10-28,1,7,0,2023-08-29
6547,16,329,8,2,KGID106546,Rajesh Hiremath,1980-11-10,1,1,0,1996-03-26
6548,16,329,9,1,KGID106547,Umesh Iyer,1994-04-12,1,4,0,2017-12-13
6549,16,329,10,3,KGID106548,Manoj Jadhav,1987-05-05,1,4,0,2016-12-27
6550,16,329,10,3,KGID106549,Ravi Kumar,1993-03-27,1,7,0,2007-08-11
6551,16,329,11,3,KGID106550,Kiran Patil,1987-06-19,1,2,0,2005-10-26
6552,16,329,11,3,KGID106551,Krishna Kumar,1992-01-03,1,8,0,1996-05-03
6553,16,329,11,3,KGID106552,Nagaraj Nayak,1990-05-06,1,1,0,2014-08-01
6554,16,329,11,3,KGID106553,Santosh Hiremath,1983-11-13,1,8,0,1995-08-04
6555,16,329,11,3,KGID106554,Santosh Kumar,1986-09-26,1,6,0,2006-08-03
6556,16,329,11,3,KGID106555,Srinivas Iyer,1990-06-12,1,8,0,2008-06-02
6557,16,329,12,3,KGID106556,Santosh Rao,1986-07-01,1,8,0,2018-06-08
6558,16,329,12,3,KGID106557,Girish Kamath,1996-09-13,1,2,0,2008-12-15
6559,16,329,12,3,KGID106558,Pradeep Iyer,2003-07-23,1,2,0,2010-06-12
6560,16,329,12,3,KGID106559,Raghavendra Shetty,1996-12-06,1,1,0,2002-09-10
6561,16,329,12,3,KGID106560,Basavaraj Bhandari,1992-04-18,1,8,0,2003-09-11
6562,16,329,12,3,KGID106561,Suresh Bhat,1982-04-06,1,2,0,2021-05-27
6563,16,329,12,3,KGID106562,Naveen Hegde,1990-01-06,1,7,0,2018-08-19
6564,16,329,12,3,KGID106563,Ramesh Hegde,1990-09-03,1,1,0,2000-09-19
6565,16,329,12,3,KGID106564,Raghavendra Patil,2002-04-12,1,4,0,2015-09-28
6566,16,329,12,3,KGID106565,Rajesh Achar,1983-05-10,1,3,0,2001-11-07
6567,16,329,12,3,KGID106566,Ramesh Poojary,2002-11-12,1,3,0,2000-08-14
6568,16,330,8,2,KGID106567,Krishna Hegde,1989-05-18,1,6,0,2006-05-05
6569,16,330,9,1,KGID106568,Umesh Devaraj,1991-07-28,1,8,0,2012-06-05
6570,16,330,9,1,KGID106569,Pradeep Poojary,1993-12-07,1,6,0,2003-11-18
6571,16,330,10,3,KGID106570,Harish Gowda,1988-06-17,1,1,0,2016-05-06
6572,16,330,10,3,KGID106571,Santosh Jadhav,1980-04-19,1,4,0,2004-08-22
6573,16,330,11,3,KGID106572,Yogesh Hiremath,1992-04-03,1,2,0,2002-07-04
6574,16,330,11,3,KGID106573,Suresh Nayak,1989-01-04,1,2,0,2007-04-10
6575,16,330,11,3,KGID106574,Raghavendra Devaraj,1982-12-23,1,7,0,1999-11-03
6576,16,330,11,3,KGID106575,Mahesh Patil,1996-03-29,1,8,0,2007-10-11
6577,16,330,11,3,KGID106576,Ramesh Shetty,1979-07-03,1,7,0,2022-03-29
6578,16,330,11,3,KGID106577,Geetha Hiremath,1999-08-26,2,2,0,2005-09-29
6579,16,330,11,3,KGID106578,Vijay Gowda,1997-10-22,1,5,0,2005-09-25
6580,16,330,11,3,KGID106579,Rajesh Hegde,1981-09-16,1,5,0,2023-04-09
6581,16,330,12,3,KGID106580,Yogesh Achar,1984-11-30,1,5,0,2011-08-12
6582,16,330,12,3,KGID106581,Kiran Achar,1981-05-12,1,2,0,2017-03-22
6583,16,330,12,3,KGID106582,Krishna Rao,1997-05-09,1,8,0,2003-11-01
6584,16,330,12,3,KGID106583,Manjunath Bhat,1980-04-01,1,6,0,2020-03-23
6585,16,330,12,3,KGID106584,Kiran Hiremath,1983-03-21,1,4,0,2018-07-01
6586,16,330,12,3,KGID106585,Yogesh Patil,1999-11-23,1,7,0,2017-06-14
6587,16,330,12,3,KGID106586,Manjunath Desai,1997-09-04,1,8,0,2007-07-31
6588,16,330,12,3,KGID106587,Rekha Gowda,2000-04-20,2,8,0,2008-07-31
6589,16,330,12,3,KGID106588,Vijay Patil,1982-01-25,1,1,0,2015-04-08
6590,16,330,12,3,KGID106589,Mahesh Desai,2004-08-31,1,2,0,2005-11-22
6591,16,330,12,3,KGID106590,Srinivas Hegde,1988-02-02,1,6,0,2016-05-21
6592,16,330,12,3,KGID106591,Shobha Rao,1986-09-18,2,8,0,2022-03-24
6593,16,331,8,2,KGID106592,Santosh Bhandari,1989-06-06,1,6,0,2005-07-12
6594,16,331,9,2,KGID106593,Santosh Rao,1979-04-23,1,1,0,2000-10-23
6595,16,331,9,1,KGID106594,Umesh Patil,1990-04-23,1,6,0,2010-11-16
6596,16,331,10,3,KGID106595,Sandeep Poojary,1979-10-23,1,8,0,2016-12-08
6597,16,331,10,3,KGID106596,Chandrashekar Desai,1998-01-25,1,1,0,2005-08-16
6598,16,331,11,3,KGID106597,Anand Gowda,1993-01-13,1,5,0,2021-10-17
6599,16,331,11,3,KGID106598,Girish Achar,1998-10-18,1,3,0,2022-03-21
6600,16,331,11,3,KGID106599,Chandrashekar Rao,1987-08-06,1,4,0,2007-07-22
6601,16,331,11,3,KGID106600,Kiran Patil,1984-02-14,1,8,0,2006-06-03
6602,16,331,12,3,KGID106601,Ravi Achar,2000-05-20,1,4,0,2009-06-11
6603,16,331,12,3,KGID106602,Kiran Hegde,1984-01-25,1,7,0,2013-12-02
6604,16,331,12,3,KGID106603,Pradeep Desai,1986-12-16,1,5,0,2010-07-05
6605,16,331,12,3,KGID106604,Harish Hegde,1991-03-12,1,7,0,2006-08-31
6606,16,331,12,3,KGID106605,Yogesh Bhat,1982-09-09,1,7,0,2002-09-03
6607,16,331,12,3,KGID106606,Shivakumar Desai,1988-08-23,1,8,0,2012-09-13
6608,16,331,12,3,KGID106607,Shobha Kamath,1989-04-16,2,5,0,2012-03-22
6609,16,331,12,3,KGID106608,Anand Hiremath,1988-09-12,1,4,0,2010-11-29
6610,16,331,12,3,KGID106609,Girish Kamath,1995-04-06,1,7,0,2005-10-13
6611,16,331,12,3,KGID106610,Ravi Rao,2000-08-22,1,6,0,2015-07-22
6612,16,331,12,3,KGID106611,Basavaraj Kumar,1992-04-29,1,8,0,2003-12-07
6613,16,331,12,3,KGID106612,Anand Jadhav,1999-02-25,1,2,0,2013-03-10
6614,16,331,12,3,KGID106613,Santosh Kulkarni,1980-11-17,1,7,0,2001-01-06
6615,16,331,12,3,KGID106614,Santosh Hiremath,1999-03-12,1,1,0,2015-01-03
6616,16,332,9,5,KGID106615,Mahesh Kamath,1989-11-24,1,1,0,2003-10-19
6617,16,332,9,1,KGID106616,Ravi Hiremath,1987-07-31,1,7,0,2013-11-04
6618,16,332,10,3,KGID106617,Lokesh Gowda,1997-02-27,1,8,0,1997-05-17
6619,16,332,10,3,KGID106618,Dinesh Patil,1977-04-30,1,4,0,2017-09-20
6620,16,332,11,3,KGID106619,Rajesh Bhat,1992-12-23,1,5,0,2018-05-07
6621,16,332,11,3,KGID106620,Nagaraj Kulkarni,2000-12-04,1,6,0,1995-06-17
6622,16,332,11,3,KGID106621,Girish Reddy,1986-08-09,1,2,0,2007-06-27
6623,16,332,11,3,KGID106622,Rajesh Iyer,1980-02-05,1,7,0,2009-01-04
6624,16,332,11,3,KGID106623,Vijay Devaraj,1991-08-01,1,2,0,2008-09-20
6625,16,332,11,3,KGID106624,Manoj Achar,1990-01-06,1,7,0,1999-12-25
6626,16,332,11,3,KGID106625,Dinesh Iyer,1988-01-30,1,4,0,1996-12-05
6627,16,332,12,3,KGID106626,Rajesh Rao,1990-06-30,1,5,0,2011-12-26
6628,16,332,12,3,KGID106627,Kiran Bhandari,1993-06-30,1,2,0,2004-05-14
6629,16,332,12,3,KGID106628,Umesh Kamath,1995-09-21,1,8,0,2016-06-19
6630,16,332,12,3,KGID106629,Rajesh Gowda,1994-07-07,1,7,0,2015-06-17
6631,16,332,12,3,KGID106630,Roopa Shetty,1996-10-07,2,4,0,2010-12-26
6632,16,332,12,3,KGID106631,Rekha Bhandari,1987-10-22,2,7,0,2003-08-02
6633,16,332,12,3,KGID106632,Shwetha Kulkarni,1992-12-14,2,6,0,2006-11-08
6634,16,332,12,3,KGID106633,Harish Gowda,2003-08-12,1,4,0,2020-08-07
6635,16,332,12,3,KGID106634,Vinay Iyer,1997-08-04,1,2,0,2007-05-24
6636,16,332,12,3,KGID106635,Krishna Hegde,1981-06-26,1,8,0,2020-03-20
6637,16,332,12,3,KGID106636,Krishna Gowda,1999-10-19,1,5,0,2003-09-23
6638,16,332,12,3,KGID106637,Rajesh Shetty,2002-01-20,1,5,0,2018-11-21
6639,16,332,12,3,KGID106638,Srinivas Kamath,1982-07-30,1,1,0,2013-05-24
6640,16,332,12,3,KGID106639,Chandrashekar Jadhav,1989-10-07,1,8,0,2013-06-13
6641,16,333,8,6,KGID106640,Mahesh Bhat,1996-06-26,1,8,0,2003-09-22
6642,16,333,9,1,KGID106641,Harish Bhat,1993-05-27,1,2,0,2001-12-01
6643,16,333,9,1,KGID106642,Chandrashekar Desai,1998-08-15,1,8,0,2020-09-04
6644,16,333,10,3,KGID106643,Rajesh Bhandari,1988-05-05,1,4,0,2004-07-06
6645,16,333,10,3,KGID106644,Yogesh Shetty,1977-11-06,1,8,0,2015-06-22
6646,16,333,11,3,KGID106645,Pradeep Kulkarni,1988-05-13,1,2,0,2013-07-20
6647,16,333,11,3,KGID106646,Vinay Gowda,2001-03-03,1,3,0,2014-07-17
6648,16,333,11,3,KGID106647,Girish Jadhav,1982-01-24,1,3,0,2015-08-05
6649,16,333,11,3,KGID106648,Vani Kumar,1983-05-28,2,4,0,2011-03-19
6650,16,333,11,3,KGID106649,Vijay Achar,1989-05-05,1,7,0,2015-03-31
6651,16,333,12,3,KGID106650,Mahesh Hegde,2004-04-15,1,2,0,2008-04-15
6652,16,333,12,3,KGID106651,Deepa Bhandari,1995-11-07,2,1,0,2006-09-06
6653,16,333,12,3,KGID106652,Dinesh Devaraj,1985-08-17,1,5,0,2004-12-10
6654,16,333,12,3,KGID106653,Ramesh Reddy,1996-10-04,1,6,0,2009-12-09
6655,16,333,12,3,KGID106654,Mahesh Patil,1994-10-23,1,1,0,2008-03-24
6656,16,333,12,3,KGID106655,Anand Desai,1996-05-17,1,5,0,2003-10-16
6657,16,333,12,3,KGID106656,Srinivas Kumar,1990-07-31,1,5,0,2021-08-30
6658,16,333,12,3,KGID106657,Naveen Jadhav,2004-09-05,1,1,0,2009-04-01
6659,16,333,12,3,KGID106658,Dinesh Gowda,1991-04-17,1,6,0,2004-11-09
6660,16,333,12,3,KGID106659,Nagaraj Gowda,1989-05-19,1,2,0,2023-05-07
6661,16,333,12,3,KGID106660,Sandeep Kamath,1984-02-01,1,3,0,2004-09-18
6662,16,333,12,3,KGID106661,Kiran Devaraj,1992-05-22,1,7,0,2004-05-07
6663,16,333,12,3,KGID106662,Vijay Poojary,2002-05-06,1,3,0,2008-12-02
6664,16,333,12,3,KGID106663,Mahesh Patil,1981-05-31,1,7,0,2000-04-12
6665,16,333,12,3,KGID106664,Rajesh Jadhav,1997-03-26,1,2,0,2011-09-21
6666,16,334,8,4,KGID106665,Dinesh Kamath,1993-06-13,1,7,0,2019-08-01
6667,16,334,9,1,KGID106666,Nagaraj Nayak,1980-09-04,1,8,0,2011-06-16
6668,16,334,9,1,KGID106667,Vinay Hegde,1989-09-16,1,5,0,2011-08-06
6669,16,334,10,3,KGID106668,Basavaraj Kumar,1980-07-23,1,8,0,2014-11-13
6670,16,334,10,3,KGID106669,Umesh Patil,1999-04-06,1,3,0,2003-12-22
6671,16,334,11,3,KGID106670,Lokesh Hiremath,1982-09-06,1,3,0,1995-09-01
6672,16,334,11,3,KGID106671,Sandeep Gowda,2001-01-26,1,6,0,2005-10-15
6673,16,334,11,3,KGID106672,Harish Bhat,1989-07-29,1,7,0,2023-08-08
6674,16,334,11,3,KGID106673,Suresh Patil,1982-06-11,1,3,0,2004-12-17
6675,16,334,12,3,KGID106674,Rajesh Devaraj,1998-11-23,1,1,0,2013-10-28
6676,16,334,12,3,KGID106675,Shivakumar Hiremath,2001-07-30,1,5,0,2003-05-19
6677,16,334,12,3,KGID106676,Mahesh Patil,2000-05-15,1,3,0,2010-04-16
6678,16,334,12,3,KGID106677,Rajesh Hegde,1981-03-25,1,4,0,2000-09-28
6679,16,334,12,3,KGID106678,Krishna Reddy,1994-05-30,1,1,0,2004-07-31
6680,16,334,12,3,KGID106679,Chandrashekar Poojary,1996-08-29,1,2,0,2013-05-20
6681,16,334,12,3,KGID106680,Sandeep Bhat,1982-02-03,1,1,0,2018-03-15
6682,16,334,12,3,KGID106681,Manjunath Jadhav,1995-12-06,1,5,0,2023-09-15
6683,16,334,12,3,KGID106682,Jayashree Bhat,1984-05-06,2,3,0,2016-10-03
6684,16,334,12,3,KGID106683,Raghavendra Achar,1984-06-05,1,2,0,2012-07-03
6685,16,334,12,3,KGID106684,Vinay Achar,1983-12-11,1,8,0,2016-04-01
6686,16,334,12,3,KGID106685,Geetha Kamath,1991-08-29,2,3,0,2014-12-09
6687,16,334,12,3,KGID106686,Dinesh Shetty,1988-03-07,1,6,0,2020-08-02
6688,16,334,12,3,KGID106687,Shivakumar Achar,1994-02-15,1,3,0,2015-10-04
6689,17,340,9,2,KGID106688,Manjunath Hegde,1978-01-11,1,5,0,2008-04-19
6690,17,340,9,2,KGID106689,Pradeep Naik,1987-12-04,1,8,0,2016-08-25
6691,17,340,9,1,KGID106690,Ravi Bhat,1980-11-27,1,3,0,2007-07-28
6692,17,340,9,1,KGID106691,Pradeep Nayak,1998-07-14,1,7,0,2002-07-30
6693,17,340,10,3,KGID106692,Srinivas Gowda,1998-11-01,1,7,0,2022-06-11
6694,17,340,10,3,KGID106693,Girish Kulkarni,1981-07-17,1,3,0,1999-05-21
6695,17,340,11,3,KGID106694,Shivakumar Jadhav,1977-01-12,1,5,0,2016-11-04
6696,17,340,11,3,KGID106695,Vinay Reddy,1994-03-09,1,1,0,1998-09-02
6697,17,340,11,3,KGID106696,Gopal Rao,1993-01-29,1,4,0,2023-12-02
6698,17,340,11,3,KGID106697,Yogesh Hegde,1990-12-16,1,1,0,2008-03-25
6699,17,340,11,3,KGID106698,Ravi Naik,1991-01-24,1,4,0,2017-03-12
6700,17,340,12,3,KGID106699,Manoj Kamath,1984-02-22,1,3,0,2017-09-30
6701,17,340,12,3,KGID106700,Pradeep Bhat,2000-12-25,1,6,0,2013-07-02
6702,17,340,12,3,KGID106701,Raghavendra Kamath,1981-06-30,1,8,0,2019-04-20
6703,17,340,12,3,KGID106702,Sandeep Hegde,1993-05-27,1,4,0,2006-09-16
6704,17,340,12,3,KGID106703,Lakshmi Bhandari,1980-08-16,2,6,0,2017-11-28
6705,17,340,12,3,KGID106704,Pradeep Kulkarni,1987-04-27,1,8,0,2007-07-10
6706,17,340,12,3,KGID106705,Shivakumar Desai,1999-04-11,1,3,0,2023-03-19
6707,17,340,12,3,KGID106706,Vijay Shetty,1988-09-07,1,1,0,2004-05-23
6708,17,340,12,3,KGID106707,Mahesh Bhat,2002-03-25,1,5,0,2004-03-25
6709,17,340,12,3,KGID106708,Sandeep Kulkarni,1984-01-22,1,5,0,2000-12-29
6710,17,340,12,3,KGID106709,Savitri Kulkarni,1991-10-21,2,1,0,2002-07-28
6711,17,340,12,3,KGID106710,Rajesh Hiremath,1999-05-23,1,8,0,2020-04-04
6712,17,340,12,3,KGID106711,Anand Naik,1990-07-25,1,3,0,2022-03-12
6713,17,340,12,3,KGID106712,Vinay Poojary,1994-02-03,1,1,0,2019-12-11
6714,17,340,12,3,KGID106713,Harish Poojary,1995-09-24,1,5,0,2005-12-27
6715,17,341,9,2,KGID106714,Suresh Reddy,1982-05-03,1,5,0,2017-10-10
6716,17,341,9,2,KGID106715,Santosh Kumar,1990-01-03,1,8,0,2002-05-08
6717,17,341,9,1,KGID106716,Prakash Patil,1982-02-11,1,3,0,2005-01-06
6718,17,341,10,3,KGID106717,Srinivas Patil,1994-06-19,1,7,0,2008-10-05
6719,17,341,10,3,KGID106718,Manjunath Poojary,1980-09-04,1,7,0,2019-05-27
6720,17,341,11,3,KGID106719,Yogesh Bhandari,1993-05-06,1,4,0,2021-12-19
6721,17,341,11,3,KGID106720,Basavaraj Gowda,1987-07-20,1,4,0,2010-07-02
6722,17,341,11,3,KGID106721,Geetha Poojary,1980-10-05,2,2,0,2023-12-31
6723,17,341,11,3,KGID106722,Shivakumar Rao,1985-09-19,1,1,0,2018-11-18
6724,17,341,11,3,KGID106723,Krishna Poojary,1986-08-12,1,5,0,2021-06-20
6725,17,341,11,3,KGID106724,Manjula Reddy,2000-03-31,2,4,0,2011-12-24
6726,17,341,12,3,KGID106725,Manjula Poojary,1989-10-30,2,5,0,2017-10-29
6727,17,341,12,3,KGID106726,Suresh Poojary,1989-11-11,1,1,0,2022-06-22
6728,17,341,12,3,KGID106727,Vijay Jadhav,1984-09-11,1,3,0,2008-05-18
6729,17,341,12,3,KGID106728,Sunita Kulkarni,2001-04-03,2,3,0,2020-12-13
6730,17,341,12,3,KGID106729,Yogesh Kamath,2004-04-23,1,1,0,2002-08-29
6731,17,341,12,3,KGID106730,Manoj Bhat,1984-11-23,1,7,0,2009-12-05
6732,17,341,12,3,KGID106731,Anand Bhat,1984-01-29,1,8,0,2010-07-20
6733,17,341,12,3,KGID106732,Rajesh Hegde,1990-03-12,1,7,0,2023-09-09
6734,17,342,9,2,KGID106733,Pallavi Kamath,1977-03-17,2,2,0,1999-08-18
6735,17,342,9,1,KGID106734,Sandeep Shetty,1999-03-15,1,8,0,2004-03-14
6736,17,342,10,3,KGID106735,Girish Naik,1983-06-20,1,1,0,2013-10-13
6737,17,342,10,3,KGID106736,Lakshmi Nayak,1994-10-01,2,3,0,2015-09-18
6738,17,342,10,3,KGID106737,Basavaraj Poojary,1986-12-25,1,8,0,2023-12-21
6739,17,342,11,3,KGID106738,Rajesh Kamath,1993-05-25,1,7,0,2012-09-23
6740,17,342,11,3,KGID106739,Pushpa Hiremath,1976-01-14,2,3,0,2021-05-30
6741,17,342,11,3,KGID106740,Sandeep Shetty,1998-05-11,1,1,0,1996-10-28
6742,17,342,11,3,KGID106741,Manjunath Desai,1976-07-18,1,3,0,2007-10-15
6743,17,342,11,3,KGID106742,Anand Naik,1994-01-23,1,5,0,2016-12-20
6744,17,342,11,3,KGID106743,Anand Hiremath,1975-02-21,1,7,0,2004-01-01
6745,17,342,12,3,KGID106744,Shwetha Gowda,2002-11-13,2,5,0,2018-06-29
6746,17,342,12,3,KGID106745,Nagaveni Desai,1997-12-08,2,3,0,2011-07-26
6747,17,342,12,3,KGID106746,Vijay Kumar,2000-05-24,1,1,0,2020-06-09
6748,17,342,12,3,KGID106747,Krishna Achar,2001-02-03,1,4,0,2009-06-07
6749,17,342,12,3,KGID106748,Lokesh Achar,2000-11-24,1,8,0,2013-10-19
6750,17,342,12,3,KGID106749,Ravi Kulkarni,1984-05-24,1,1,0,2020-11-26
6751,17,342,12,3,KGID106750,Vinay Achar,1987-06-14,1,5,0,2007-05-30
6752,17,342,12,3,KGID106751,Mahesh Jadhav,1989-09-11,1,6,0,2012-07-29
6753,17,343,9,2,KGID106752,Deepa Kulkarni,1988-10-06,2,8,0,2013-10-08
6754,17,343,9,2,KGID106753,Dinesh Bhandari,1975-05-12,1,6,0,1998-09-17
6755,17,343,9,1,KGID106754,Dinesh Hegde,1987-12-24,1,8,0,2016-10-13
6756,17,343,9,1,KGID106755,Krishna Kamath,1999-11-17,1,6,0,2015-12-27
6757,17,343,10,3,KGID106756,Nagaraj Kumar,1999-01-25,1,7,0,2009-11-27
6758,17,343,10,3,KGID106757,Suresh Devaraj,1980-09-20,1,8,0,2019-09-11
6759,17,343,11,3,KGID106758,Manjunath Patil,1997-07-19,1,6,0,2001-06-07
6760,17,343,11,3,KGID106759,Radha Hegde,1981-03-06,2,5,0,2001-07-15
6761,17,343,11,3,KGID106760,Lakshmi Achar,1997-01-23,2,3,0,1997-03-18
6762,17,343,11,3,KGID106761,Manoj Achar,1977-04-27,1,7,0,2021-07-22
6763,17,343,11,3,KGID106762,Anand Naik,1975-10-07,1,6,0,2023-03-14
6764,17,343,11,3,KGID106763,Lokesh Shetty,1981-04-19,1,5,0,2017-08-22
6765,17,343,12,3,KGID106764,Mahesh Hiremath,1998-06-13,1,1,0,2016-07-23
6766,17,343,12,3,KGID106765,Raghavendra Desai,1988-04-29,1,3,0,2009-08-31
6767,17,343,12,3,KGID106766,Ramesh Poojary,1982-08-31,1,3,0,2020-05-30
6768,17,343,12,3,KGID106767,Santosh Gowda,1987-05-04,1,7,0,2000-08-12
6769,17,343,12,3,KGID106768,Basavaraj Poojary,1995-11-03,1,4,0,2004-09-26
6770,17,343,12,3,KGID106769,Gopal Iyer,1988-05-07,1,2,0,2023-10-06
6771,17,343,12,3,KGID106770,Anand Devaraj,1999-03-27,1,6,0,2001-12-18
6772,17,343,12,3,KGID106771,Yogesh Shetty,2000-06-27,1,4,0,2019-05-24
6773,17,343,12,3,KGID106772,Basavaraj Jadhav,1999-07-19,1,8,0,2007-11-18
6774,17,343,12,3,KGID106773,Vinay Kumar,1992-09-16,1,8,0,2016-01-01
6775,17,343,12,3,KGID106774,Mahesh Iyer,1981-09-04,1,3,0,2015-05-10
6776,17,343,12,3,KGID106775,Vijay Iyer,2000-08-04,1,2,0,2011-06-14
6777,17,343,12,3,KGID106776,Manjunath Kulkarni,1999-12-04,1,2,0,2008-06-30
6778,17,343,12,3,KGID106777,Raghavendra Iyer,1982-02-09,1,5,0,2019-03-26
6779,17,343,12,3,KGID106778,Ravi Gowda,2004-01-07,1,6,0,2003-07-24
6780,17,343,12,3,KGID106779,Kiran Hiremath,1990-08-29,1,1,0,2002-07-21
6781,17,343,12,3,KGID106780,Vijay Devaraj,1991-08-03,1,2,0,2006-05-16
6782,17,344,8,2,KGID106781,Suresh Desai,1994-10-09,1,4,0,2009-05-27
6783,17,344,9,1,KGID106782,Harish Reddy,1980-08-18,1,5,0,2006-10-08
6784,17,344,10,3,KGID106783,Chandrashekar Gowda,1991-04-07,1,4,0,2006-11-07
6785,17,344,10,3,KGID106784,Mahesh Bhat,1993-08-03,1,5,0,2020-04-28
6786,17,344,11,3,KGID106785,Harish Bhandari,1976-08-31,1,2,0,2020-11-11
6787,17,344,11,3,KGID106786,Umesh Hegde,1998-08-11,1,2,0,2002-05-16
6788,17,344,11,3,KGID106787,Rajesh Iyer,1975-03-24,1,5,0,2007-09-08
6789,17,344,11,3,KGID106788,Basavaraj Kulkarni,1980-01-08,1,8,0,2002-11-18
6790,17,344,11,3,KGID106789,Lokesh Iyer,1987-05-05,1,7,0,2001-11-15
6791,17,344,11,3,KGID106790,Sandeep Bhandari,1991-10-02,1,2,0,1998-01-06
6792,17,344,11,3,KGID106791,Lokesh Nayak,1992-08-23,1,1,0,2008-03-20
6793,17,344,11,3,KGID106792,Rajesh Jadhav,2001-02-04,1,3,0,2017-12-20
6794,17,344,12,3,KGID106793,Sandeep Kumar,1984-12-19,1,7,0,2011-08-25
6795,17,344,12,3,KGID106794,Kiran Bhandari,1981-08-13,1,4,0,2022-10-15
6796,17,344,12,3,KGID106795,Harish Iyer,1996-07-27,1,8,0,2019-06-05
6797,17,344,12,3,KGID106796,Anand Poojary,1989-01-02,1,6,0,2018-09-04
6798,17,344,12,3,KGID106797,Lakshmi Bhat,1991-12-18,2,1,0,2023-03-25
6799,17,344,12,3,KGID106798,Ravi Gowda,2001-04-12,1,4,1,2006-04-20
6800,17,344,12,3,KGID106799,Basavaraj Jadhav,1994-10-01,1,7,0,2009-04-05
6801,17,344,12,3,KGID106800,Shobha Naik,1981-05-11,2,4,0,2003-10-17
6802,17,344,12,3,KGID106801,Krishna Achar,2002-12-06,1,3,0,2006-12-05
6803,17,344,12,3,KGID106802,Chandrashekar Poojary,1998-01-10,1,3,0,2005-05-12
6804,17,344,12,3,KGID106803,Gopal Jadhav,1996-12-03,1,1,0,2012-12-01
6805,17,344,12,3,KGID106804,Manoj Reddy,1980-01-30,1,3,0,2019-05-16
6806,17,344,12,3,KGID106805,Dinesh Jadhav,1982-03-13,1,7,0,2014-10-17
6807,17,344,12,3,KGID106806,Naveen Poojary,1987-09-11,1,4,0,2014-03-12
6808,17,344,12,3,KGID106807,Harish Nayak,1980-02-20,1,6,0,2006-05-02
6809,17,345,8,2,KGID106808,Santosh Bhat,1996-03-01,1,6,0,2019-09-08
6810,17,345,9,2,KGID106809,Harish Hegde,1983-10-27,1,5,0,1995-04-21
6811,17,345,9,1,KGID106810,Jayashree Patil,1993-02-11,2,1,0,2007-11-18
6812,17,345,9,1,KGID106811,Ravi Reddy,1982-05-07,1,7,0,2012-09-20
6813,17,345,10,3,KGID106812,Rajesh Kamath,1977-03-19,1,5,0,2004-12-08
6814,17,345,10,3,KGID106813,Harish Naik,1986-03-27,1,3,0,2013-10-16
6815,17,345,10,3,KGID106814,Vinay Iyer,1984-03-02,1,5,0,2002-11-19
6816,17,345,11,3,KGID106815,Yogesh Rao,1999-12-02,1,5,0,2006-11-06
6817,17,345,11,3,KGID106816,Vinay Bhandari,1985-08-09,1,5,0,2006-05-04
6818,17,345,11,3,KGID106817,Mahesh Rao,2000-03-17,1,7,0,1996-10-11
6819,17,345,11,3,KGID106818,Anitha Gowda,1984-12-30,2,1,0,1995-05-02
6820,17,345,11,3,KGID106819,Rajesh Gowda,1980-12-31,1,2,0,2012-05-16
6821,17,345,11,3,KGID106820,Pradeep Iyer,1986-08-17,1,8,0,1996-09-23
6822,17,345,11,3,KGID106821,Shivakumar Bhat,1997-02-05,1,6,0,2004-11-02
6823,17,345,11,3,KGID106822,Vinay Achar,1988-04-28,1,1,1,2023-03-28
6824,17,345,12,3,KGID106823,Prakash Reddy,1994-01-18,1,4,0,2003-03-26
6825,17,345,12,3,KGID106824,Raghavendra Kamath,2000-08-20,1,5,0,2001-10-04
6826,17,345,12,3,KGID106825,Lokesh Bhat,1983-12-23,1,2,0,2023-10-25
6827,17,345,12,3,KGID106826,Krishna Reddy,2003-06-19,1,5,0,2003-05-23
6828,17,345,12,3,KGID106827,Rajesh Desai,1980-06-08,1,8,0,2022-07-02
6829,17,345,12,3,KGID106828,Raghavendra Kulkarni,1995-04-11,1,7,0,2008-05-02
6830,17,345,12,3,KGID106829,Shivakumar Kulkarni,2003-01-20,1,3,0,2006-09-20
6831,17,345,12,3,KGID106830,Umesh Naik,1985-12-26,1,1,0,2004-11-19
6832,17,345,12,3,KGID106831,Raghavendra Patil,1991-09-04,1,1,0,2015-05-14
6833,17,345,12,3,KGID106832,Naveen Shetty,1980-11-04,1,1,0,2022-10-16
6834,17,345,12,3,KGID106833,Santosh Shetty,1986-05-11,1,7,0,2012-05-16
6835,17,346,8,2,KGID106834,Nagaveni Bhat,1981-05-11,2,6,0,2011-07-13
6836,17,346,9,2,KGID106835,Chandrashekar Jadhav,1981-06-14,1,6,0,2006-07-25
6837,17,346,9,1,KGID106836,Yogesh Hiremath,1986-06-28,1,3,0,2015-04-23
6838,17,346,10,3,KGID106837,Radha Naik,1991-04-23,2,1,0,2008-11-09
6839,17,346,10,3,KGID106838,Harish Nayak,1990-07-13,1,6,0,2015-06-11
6840,17,346,10,3,KGID106839,Nagaraj Reddy,1993-08-15,1,5,0,2009-04-20
6841,17,346,11,3,KGID106840,Lakshmi Devaraj,1985-08-17,2,2,0,2014-05-16
6842,17,346,11,3,KGID106841,Dinesh Poojary,1992-07-02,1,4,0,2022-07-18
6843,17,346,11,3,KGID106842,Harish Kumar,1986-12-21,1,2,0,2010-07-18
6844,17,346,11,3,KGID106843,Girish Jadhav,1983-06-24,1,8,0,2003-11-07
6845,17,346,11,3,KGID106844,Shivakumar Bhandari,1990-02-08,1,5,0,2004-07-12
6846,17,346,11,3,KGID106845,Santosh Reddy,1983-04-18,1,5,0,2020-09-27
6847,17,346,11,3,KGID106846,Manoj Patil,1980-03-03,1,2,0,2009-05-14
6848,17,346,11,3,KGID106847,Nagaveni Devaraj,1998-01-17,2,4,0,2011-05-24
6849,17,346,12,3,KGID106848,Umesh Bhandari,1996-04-03,1,6,0,2005-01-05
6850,17,346,12,3,KGID106849,Dinesh Achar,1990-11-20,1,5,0,2015-09-12
6851,17,346,12,3,KGID106850,Pradeep Desai,1985-09-27,1,7,0,2003-08-04
6852,17,346,12,3,KGID106851,Shwetha Achar,1988-04-11,2,2,0,2005-09-20
6853,17,346,12,3,KGID106852,Dinesh Desai,1981-11-26,1,8,0,2001-04-13
6854,17,346,12,3,KGID106853,Anand Devaraj,1981-08-03,1,4,0,2007-12-09
6855,17,346,12,3,KGID106854,Naveen Patil,1985-06-12,1,8,0,2003-07-29
6856,17,346,12,3,KGID106855,Umesh Iyer,1981-12-24,1,4,0,2003-12-24
6857,17,346,12,3,KGID106856,Shivakumar Desai,2000-06-06,1,5,0,2023-06-27
6858,17,346,12,3,KGID106857,Srinivas Bhat,1984-04-13,1,8,0,2014-07-16
6859,17,346,12,3,KGID106858,Harish Rao,1994-07-01,1,7,0,2005-11-19
6860,17,346,12,3,KGID106859,Santosh Kulkarni,1997-12-21,1,4,0,2008-04-15
6861,17,346,12,3,KGID106860,Nagaraj Bhandari,1988-01-20,1,5,0,2001-09-06
6862,17,346,12,3,KGID106861,Shivakumar Bhandari,1981-09-13,1,3,0,2000-08-27
6863,17,346,12,3,KGID106862,Manoj Rao,1993-01-19,1,5,0,2007-12-09
6864,17,346,12,3,KGID106863,Naveen Kulkarni,1989-12-01,1,5,0,2020-06-20
6865,17,347,9,2,KGID106864,Vijay Achar,1994-08-17,1,4,0,2004-11-03
6866,17,347,9,1,KGID106865,Ramesh Nayak,1998-10-21,1,1,0,2017-11-13
6867,17,347,9,1,KGID106866,Pradeep Desai,1997-12-16,1,7,0,2012-01-04
6868,17,347,10,3,KGID106867,Vinay Achar,1991-08-22,1,1,0,2017-09-19
6869,17,347,10,3,KGID106868,Manoj Bhat,1977-07-04,1,7,0,2017-08-31
6870,17,347,10,3,KGID106869,Gopal Jadhav,1978-06-20,1,8,0,2003-10-08
6871,17,347,11,3,KGID106870,Roopa Patil,1996-07-22,2,5,0,2019-11-16
6872,17,347,11,3,KGID106871,Pallavi Reddy,1978-09-18,2,4,0,2012-11-17
6873,17,347,11,3,KGID106872,Manoj Devaraj,1985-07-07,1,6,0,2022-08-21
6874,17,347,11,3,KGID106873,Sandeep Hegde,2000-02-17,1,6,0,1995-10-29
6875,17,347,12,3,KGID106874,Suresh Iyer,1989-10-23,1,6,0,2018-08-25
6876,17,347,12,3,KGID106875,Kavya Hegde,1997-12-15,2,1,1,2011-11-27
6877,17,347,12,3,KGID106876,Yogesh Bhat,1993-02-07,1,3,0,2007-10-29
6878,17,347,12,3,KGID106877,Roopa Achar,2003-04-22,2,4,0,2008-12-18
6879,17,347,12,3,KGID106878,Vijay Bhat,1993-07-09,1,2,0,2011-09-05
6880,17,347,12,3,KGID106879,Srinivas Bhandari,2000-03-28,1,8,0,2015-09-19
6881,17,347,12,3,KGID106880,Suresh Bhat,1992-03-18,1,6,0,2006-12-16
6882,17,347,12,3,KGID106881,Ramesh Kamath,1998-09-26,1,3,0,2008-01-05
6883,17,347,12,3,KGID106882,Ravi Devaraj,1993-01-08,1,5,0,2005-08-12
6884,17,347,12,3,KGID106883,Rajesh Iyer,1993-12-26,1,1,0,2020-05-15
6885,17,347,12,3,KGID106884,Vijay Kamath,1983-06-25,1,1,0,2012-07-23
6886,17,347,12,3,KGID106885,Umesh Reddy,1994-04-10,1,3,0,2011-04-26
6887,17,347,12,3,KGID106886,Radha Gowda,1995-10-07,2,1,0,2022-08-26
6888,17,347,12,3,KGID106887,Umesh Naik,1982-12-10,1,7,0,2005-11-14
6889,17,347,12,3,KGID106888,Chandrashekar Hegde,1989-11-19,1,6,0,2000-09-03
6890,17,348,8,2,KGID106889,Sandeep Reddy,1988-10-26,1,7,0,1997-12-14
6891,17,348,9,1,KGID106890,Mahesh Kumar,1995-09-20,1,5,1,2018-03-26
6892,17,348,10,3,KGID106891,Raghavendra Reddy,1996-02-17,1,3,0,2014-07-20
6893,17,348,10,3,KGID106892,Santosh Gowda,1981-10-24,1,3,0,2018-08-09
6894,17,348,10,3,KGID106893,Ravi Kumar,1996-01-14,1,4,0,2022-12-26
6895,17,348,11,3,KGID106894,Dinesh Rao,1985-03-07,1,5,0,2018-03-31
6896,17,348,11,3,KGID106895,Sandeep Desai,1991-12-09,1,2,0,2003-03-13
6897,17,348,11,3,KGID106896,Srinivas Iyer,1994-07-21,1,7,0,2016-10-13
6898,17,348,11,3,KGID106897,Krishna Hiremath,1986-06-14,1,5,0,2018-08-13
6899,17,348,11,3,KGID106898,Krishna Jadhav,1986-07-02,1,8,0,2014-12-07
6900,17,348,11,3,KGID106899,Krishna Nayak,1990-09-21,1,1,0,2011-12-01
6901,17,348,11,3,KGID106900,Srinivas Naik,2001-02-12,1,7,0,2009-12-16
6902,17,348,12,3,KGID106901,Yogesh Shetty,1997-06-29,1,2,0,2022-10-29
6903,17,348,12,3,KGID106902,Mahesh Patil,1994-06-06,1,8,0,2008-10-14
6904,17,348,12,3,KGID106903,Gopal Reddy,1980-10-02,1,5,0,2010-10-02
6905,17,348,12,3,KGID106904,Yogesh Kulkarni,1985-02-02,1,8,0,2006-03-20
6906,17,348,12,3,KGID106905,Pushpa Hiremath,1981-10-10,2,3,0,2001-08-07
6907,17,348,12,3,KGID106906,Naveen Rao,1991-10-16,1,3,0,2004-10-17
6908,17,348,12,3,KGID106907,Girish Hiremath,1997-09-29,1,6,0,2007-11-25
6909,17,348,12,3,KGID106908,Chandrashekar Reddy,1999-09-18,1,8,0,2013-12-21
6910,17,349,9,2,KGID106909,Raghavendra Patil,1996-01-22,1,3,0,2020-08-13
6911,17,349,8,2,KGID106910,Rajesh Bhat,1992-03-12,1,7,0,2019-08-28
6912,17,349,9,1,KGID106911,Santosh Bhandari,1999-04-15,1,4,0,2002-03-23
6913,17,349,9,1,KGID106912,Lokesh Rao,1988-12-23,1,4,0,2015-06-06
6914,17,349,10,3,KGID106913,Pushpa Iyer,1986-08-21,2,4,0,2020-07-06
6915,17,349,10,3,KGID106914,Nagaraj Kamath,1984-05-27,1,2,0,2007-03-14
6916,17,349,11,3,KGID106915,Santosh Naik,1976-03-06,1,5,0,2023-07-12
6917,17,349,11,3,KGID106916,Suresh Hiremath,1986-07-09,1,3,0,2005-07-14
6918,17,349,11,3,KGID106917,Manoj Shetty,1986-11-05,1,1,1,2016-10-02
6919,17,349,11,3,KGID106918,Anand Achar,2001-03-26,1,5,0,2010-12-01
6920,17,349,11,3,KGID106919,Raghavendra Kulkarni,1992-06-21,1,6,0,2002-05-19
6921,17,349,12,3,KGID106920,Santosh Bhat,1985-11-21,1,7,0,2015-03-30
6922,17,349,12,3,KGID106921,Gopal Reddy,2003-03-28,1,3,0,2003-06-26
6923,17,349,12,3,KGID106922,Shivakumar Reddy,1984-01-11,1,6,0,2000-10-11
6924,17,349,12,3,KGID106923,Krishna Kumar,1984-02-03,1,2,0,2001-08-25
6925,17,349,12,3,KGID106924,Naveen Devaraj,2003-07-02,1,2,0,2012-06-08
6926,17,349,12,3,KGID106925,Krishna Hiremath,1983-06-17,1,1,0,2009-06-04
6927,17,349,12,3,KGID106926,Gopal Poojary,1986-08-28,1,5,0,2022-07-26
6928,17,349,12,3,KGID106927,Anitha Devaraj,1997-09-27,2,6,0,2010-08-22
6929,17,350,8,5,KGID106928,Umesh Hegde,1997-06-01,1,3,0,2013-08-19
6930,17,350,8,5,KGID106929,Kiran Shetty,1988-09-19,1,8,0,2014-12-05
6931,17,350,9,1,KGID106930,Rajesh Kumar,1995-01-09,1,1,0,2015-09-29
6932,17,350,10,3,KGID106931,Nandini Hegde,1990-01-28,2,1,0,1997-06-12
6933,17,350,10,3,KGID106932,Manoj Rao,1977-07-10,1,3,0,2016-11-25
6934,17,350,10,3,KGID106933,Ramesh Devaraj,1995-06-17,1,8,0,2015-03-10
6935,17,350,11,3,KGID106934,Raghavendra Devaraj,2000-05-29,1,3,0,2009-06-24
6936,17,350,11,3,KGID106935,Dinesh Gowda,1981-09-14,1,8,0,2022-05-09
6937,17,350,11,3,KGID106936,Manoj Naik,1978-12-23,1,2,0,2000-12-03
6938,17,350,11,3,KGID106937,Nagaraj Poojary,1975-08-18,1,5,0,2008-01-02
6939,17,350,12,3,KGID106938,Yogesh Devaraj,2001-11-10,1,1,0,2000-04-22
6940,17,350,12,3,KGID106939,Dinesh Naik,1996-03-14,1,8,0,2021-12-06
6941,17,350,12,3,KGID106940,Lokesh Bhandari,1998-01-20,1,3,0,2021-08-05
6942,17,350,12,3,KGID106941,Ravi Achar,1995-03-23,1,5,0,2004-09-22
6943,17,350,12,3,KGID106942,Suresh Kulkarni,1996-11-25,1,1,0,2019-11-27
6944,17,350,12,3,KGID106943,Ravi Bhat,1996-01-23,1,6,0,2017-11-26
6945,17,350,12,3,KGID106944,Vijay Kulkarni,1998-11-23,1,6,0,2012-04-12
6946,17,350,12,3,KGID106945,Rajesh Bhat,1992-01-02,1,2,0,2010-05-23
6947,17,350,12,3,KGID106946,Lokesh Patil,1996-04-15,1,6,0,2016-07-11
6948,17,350,12,3,KGID106947,Manoj Reddy,1986-07-15,1,8,0,2020-08-19
6949,17,350,12,3,KGID106948,Pradeep Hegde,1983-10-24,1,7,0,2021-07-11
6950,17,350,12,3,KGID106949,Lokesh Achar,1994-11-07,1,3,0,2020-11-23
6951,17,351,9,6,KGID106950,Srinivas Shetty,1994-08-30,1,5,0,2017-06-28
6952,17,351,9,1,KGID106951,Shivakumar Gowda,1987-11-18,1,5,0,2003-06-06
6953,17,351,9,1,KGID106952,Girish Kumar,1984-10-07,1,1,0,2013-07-10
6954,17,351,10,3,KGID106953,Ravi Kulkarni,1985-12-03,1,3,0,2018-10-21
6955,17,351,10,3,KGID106954,Shivakumar Rao,1999-04-03,1,5,0,2003-08-04
6956,17,351,10,3,KGID106955,Manoj Kamath,1983-04-22,1,7,0,2010-12-19
6957,17,351,11,3,KGID106956,Sandeep Hegde,1997-07-29,1,7,0,1999-09-13
6958,17,351,11,3,KGID106957,Santosh Patil,1981-01-04,1,2,0,2005-03-18
6959,17,351,11,3,KGID106958,Ravi Kamath,1979-08-28,1,2,0,1999-12-09
6960,17,351,11,3,KGID106959,Rajesh Bhandari,1978-02-27,1,3,0,2009-11-10
6961,17,351,11,3,KGID106960,Vijay Kulkarni,1976-02-18,1,5,0,2018-04-14
6962,17,351,11,3,KGID106961,Srinivas Reddy,1991-01-11,1,6,0,2005-08-28
6963,17,351,12,3,KGID106962,Sandeep Naik,1998-08-08,1,3,0,2001-07-22
6964,17,351,12,3,KGID106963,Santosh Jadhav,1996-02-12,1,7,0,2018-05-03
6965,17,351,12,3,KGID106964,Manjunath Patil,1992-05-30,1,1,0,2015-03-30
6966,17,351,12,3,KGID106965,Kiran Kulkarni,1980-10-16,1,3,0,2005-10-29
6967,17,351,12,3,KGID106966,Yogesh Desai,1998-12-29,1,8,0,2000-06-03
6968,17,351,12,3,KGID106967,Ramesh Hiremath,1997-02-02,1,2,0,2011-05-17
6969,17,351,12,3,KGID106968,Vinay Naik,2004-04-19,1,4,0,2001-10-31
6970,17,351,12,3,KGID106969,Kavya Bhat,2002-01-16,2,8,0,2016-09-28
6971,17,351,12,3,KGID106970,Rajesh Achar,2003-03-25,1,7,0,2018-08-29
6972,17,351,12,3,KGID106971,Ravi Patil,1982-06-27,1,8,0,2003-10-16
6973,17,351,12,3,KGID106972,Dinesh Reddy,2000-03-11,1,7,0,2013-11-06
6974,17,351,12,3,KGID106973,Lokesh Achar,1992-12-10,1,7,0,2002-03-26
6975,17,351,12,3,KGID106974,Ravi Hegde,2002-12-27,1,1,0,2006-08-21
6976,17,351,12,3,KGID106975,Chandrashekar Desai,1999-02-04,1,4,0,2003-05-08
6977,17,351,12,3,KGID106976,Krishna Shetty,2004-04-10,1,4,0,2010-09-10
6978,17,351,12,3,KGID106977,Chandrashekar Poojary,1985-02-13,1,7,0,2012-12-13
6979,17,351,12,3,KGID106978,Nagaraj Gowda,1989-06-04,1,1,0,2023-07-12
6980,17,352,9,4,KGID106979,Anand Shetty,1996-01-26,1,1,0,2004-12-10
6981,17,352,8,4,KGID106980,Sandeep Naik,1986-12-17,1,6,0,2001-04-24
6982,17,352,9,1,KGID106981,Rajesh Patil,1988-06-03,1,5,0,2014-07-29
6983,17,352,9,1,KGID106982,Manjunath Poojary,1995-08-28,1,1,0,2017-06-04
6984,17,352,10,3,KGID106983,Rekha Naik,1978-10-12,2,8,0,2004-03-13
6985,17,352,10,3,KGID106984,Prakash Devaraj,1982-11-12,1,4,0,1999-04-25
6986,17,352,10,3,KGID106985,Santosh Reddy,1984-08-29,1,2,0,2004-12-30
6987,17,352,11,3,KGID106986,Kavya Desai,1993-03-26,2,7,0,1997-11-22
6988,17,352,11,3,KGID106987,Vinay Shetty,1990-12-29,1,8,0,2001-12-18
6989,17,352,11,3,KGID106988,Nagaraj Reddy,1995-11-16,1,3,0,2013-05-21
6990,17,352,11,3,KGID106989,Chandrashekar Naik,2000-04-06,1,4,0,2016-03-23
6991,17,352,11,3,KGID106990,Raghavendra Jadhav,2000-09-19,1,7,0,2010-04-27
6992,17,352,11,3,KGID106991,Umesh Shetty,1990-06-21,1,6,0,2008-07-01
6993,17,352,12,3,KGID106992,Raghavendra Shetty,1994-09-03,1,3,0,2015-04-27
6994,17,352,12,3,KGID106993,Nagaveni Jadhav,1988-11-17,2,1,0,2018-12-05
6995,17,352,12,3,KGID106994,Nandini Patil,1982-12-29,2,1,0,2017-04-26
6996,17,352,12,3,KGID106995,Vijay Reddy,1997-02-17,1,4,0,2020-01-01
6997,17,352,12,3,KGID106996,Gopal Kulkarni,2001-06-13,1,6,0,2023-12-21
6998,17,352,12,3,KGID106997,Krishna Poojary,1988-04-11,1,7,0,2012-11-07
6999,17,352,12,3,KGID106998,Raghavendra Nayak,2004-04-25,1,1,0,2011-08-25
7000,17,352,12,3,KGID106999,Kiran Patil,1986-08-16,1,7,0,2000-06-17
7001,17,352,12,3,KGID107000,Ramesh Kulkarni,2000-11-03,1,3,0,2001-10-13
7002,17,352,12,3,KGID107001,Naveen Poojary,2004-07-15,1,1,0,2015-12-16
7003,17,352,12,3,KGID107002,Umesh Achar,1999-04-15,1,6,0,2003-08-06
7004,17,352,12,3,KGID107003,Gopal Iyer,1986-10-30,1,7,0,2021-04-06
7005,17,352,12,3,KGID107004,Krishna Shetty,1992-09-02,1,4,0,2004-03-18
7006,18,358,9,2,KGID107005,Anand Naik,1989-07-13,1,3,0,2017-12-02
7007,18,358,9,1,KGID107006,Manjunath Devaraj,1990-03-31,1,5,0,2009-06-09
7008,18,358,10,3,KGID107007,Krishna Hegde,1977-09-20,1,7,0,2002-05-27
7009,18,358,10,3,KGID107008,Vijay Iyer,1980-12-24,1,8,0,2004-12-06
7010,18,358,10,3,KGID107009,Ramesh Poojary,1977-05-18,1,4,0,2004-08-03
7011,18,358,11,3,KGID107010,Naveen Bhandari,1979-09-23,1,1,0,2003-08-30
7012,18,358,11,3,KGID107011,Anand Iyer,1992-03-11,1,3,0,2018-04-29
7013,18,358,11,3,KGID107012,Shivakumar Patil,1992-06-18,1,3,0,2000-11-28
7014,18,358,11,3,KGID107013,Manoj Gowda,1975-06-09,1,7,0,2008-06-13
7015,18,358,12,3,KGID107014,Vijay Kamath,2004-06-26,1,8,0,2010-07-27
7016,18,358,12,3,KGID107015,Manoj Bhat,1999-01-11,1,7,0,2014-10-30
7017,18,358,12,3,KGID107016,Deepa Nayak,2000-03-17,2,1,0,2017-03-24
7018,18,358,12,3,KGID107017,Ravi Hegde,1995-08-11,1,7,0,2003-07-19
7019,18,358,12,3,KGID107018,Srinivas Gowda,1998-08-31,1,2,0,2011-06-20
7020,18,358,12,3,KGID107019,Suresh Reddy,1995-03-04,1,7,0,2007-06-20
7021,18,358,12,3,KGID107020,Kiran Hegde,1997-10-06,1,2,0,2002-03-29
7022,18,358,12,3,KGID107021,Ramesh Kamath,1998-12-27,1,2,0,2008-12-28
7023,18,358,12,3,KGID107022,Vijay Achar,1995-01-12,1,1,0,2007-04-27
7024,18,358,12,3,KGID107023,Lokesh Hegde,2003-04-18,1,5,0,2001-09-14
7025,18,358,12,3,KGID107024,Basavaraj Kamath,2002-10-07,1,5,0,2004-04-11
7026,18,359,8,2,KGID107025,Anand Hiremath,1981-09-27,1,2,0,2017-04-24
7027,18,359,9,2,KGID107026,Ravi Kulkarni,1975-08-09,1,5,0,2019-07-08
7028,18,359,9,1,KGID107027,Sandeep Naik,1995-12-16,1,1,0,2017-07-05
7029,18,359,9,1,KGID107028,Shivakumar Gowda,1986-05-27,1,1,0,2009-07-19
7030,18,359,10,3,KGID107029,Kiran Naik,1994-07-29,1,4,0,2008-06-23
7031,18,359,10,3,KGID107030,Manjunath Nayak,1986-09-26,1,3,0,2017-06-18
7032,18,359,11,3,KGID107031,Pradeep Patil,1986-08-20,1,7,0,2021-07-04
7033,18,359,11,3,KGID107032,Mahesh Patil,1997-02-26,1,5,0,2013-05-26
7034,18,359,11,3,KGID107033,Harish Hegde,1977-01-24,1,7,0,2018-08-21
7035,18,359,11,3,KGID107034,Anitha Kulkarni,1991-12-02,2,6,0,2009-04-10
7036,18,359,11,3,KGID107035,Geetha Nayak,1986-09-29,2,7,0,2022-06-18
7037,18,359,12,3,KGID107036,Rekha Poojary,1989-02-01,2,5,0,2015-11-21
7038,18,359,12,3,KGID107037,Shivakumar Achar,1981-12-12,1,4,0,2022-10-15
7039,18,359,12,3,KGID107038,Shobha Kulkarni,1983-07-27,2,4,0,2004-06-02
7040,18,359,12,3,KGID107039,Chandrashekar Iyer,1987-05-13,1,5,1,2008-05-05
7041,18,359,12,3,KGID107040,Raghavendra Bhat,1997-08-08,1,2,0,2008-11-04
7042,18,359,12,3,KGID107041,Pradeep Reddy,1990-08-23,1,3,0,2003-01-04
7043,18,359,12,3,KGID107042,Anitha Bhandari,1993-02-12,2,4,0,2010-07-14
7044,18,359,12,3,KGID107043,Naveen Kulkarni,1992-05-08,1,6,0,2012-06-20
7045,18,359,12,3,KGID107044,Santosh Devaraj,1994-01-28,1,4,0,2015-12-28
7046,18,359,12,3,KGID107045,Santosh Poojary,1993-02-25,1,5,0,2012-07-20
7047,18,359,12,3,KGID107046,Umesh Bhandari,1999-10-07,1,5,0,2002-12-13
7048,18,359,12,3,KGID107047,Umesh Poojary,1994-08-30,1,6,0,2015-04-26
7049,18,359,12,3,KGID107048,Manjunath Jadhav,1982-01-19,1,8,0,2017-12-29
7050,18,359,12,3,KGID107049,Suresh Nayak,1982-03-07,1,4,0,2018-05-20
7051,18,359,12,3,KGID107050,Manjunath Bhat,1994-10-25,1,4,0,2007-05-21
7052,18,359,12,3,KGID107051,Basavaraj Bhandari,1984-08-27,1,8,0,2016-12-22
7053,18,359,12,3,KGID107052,Vinay Rao,1997-04-01,1,5,0,2013-07-29
7054,18,360,9,2,KGID107053,Vijay Hiremath,1981-01-08,1,7,0,2014-06-01
7055,18,360,9,1,KGID107054,Anand Kulkarni,1980-01-13,1,7,0,2006-12-14
7056,18,360,9,1,KGID107055,Naveen Devaraj,1991-02-07,1,8,0,2018-04-29
7057,18,360,10,3,KGID107056,Anand Kulkarni,1997-11-11,1,4,0,2012-05-21
7058,18,360,10,3,KGID107057,Prakash Poojary,1983-11-29,1,3,0,2013-06-10
7059,18,360,10,3,KGID107058,Umesh Patil,1985-09-24,1,4,0,2011-05-08
7060,18,360,11,3,KGID107059,Manjula Gowda,1978-05-04,2,4,0,2017-12-02
7061,18,360,11,3,KGID107060,Chandrashekar Achar,1983-01-23,1,7,0,1997-11-09
7062,18,360,11,3,KGID107061,Raghavendra Poojary,1979-11-12,1,7,0,2010-10-11
7063,18,360,11,3,KGID107062,Shwetha Reddy,1989-10-13,2,3,0,2000-11-30
7064,18,360,11,3,KGID107063,Basavaraj Nayak,1983-02-23,1,8,0,2003-10-07
7065,18,360,11,3,KGID107064,Dinesh Kulkarni,1984-06-08,1,2,0,2009-12-15
7066,18,360,12,3,KGID107065,Vijay Bhandari,1990-11-23,1,6,0,2003-08-23
7067,18,360,12,3,KGID107066,Nagaraj Rao,2000-07-20,1,4,0,2009-04-06
7068,18,360,12,3,KGID107067,Ravi Kamath,2000-03-07,1,4,0,2007-12-09
7069,18,360,12,3,KGID107068,Vinay Iyer,2002-09-14,1,5,0,2009-09-05
7070,18,360,12,3,KGID107069,Nagaraj Iyer,1995-05-09,1,3,0,2020-11-30
7071,18,360,12,3,KGID107070,Shivakumar Patil,2002-03-27,1,8,0,2020-03-19
7072,18,360,12,3,KGID107071,Mahesh Kulkarni,1986-01-10,1,8,0,2009-12-23
7073,18,360,12,3,KGID107072,Girish Kumar,1983-03-07,1,7,0,2017-11-05
7074,18,360,12,3,KGID107073,Girish Shetty,1995-08-01,1,7,0,2016-03-26
7075,18,360,12,3,KGID107074,Umesh Hegde,1999-07-13,1,6,0,2013-12-31
7076,18,360,12,3,KGID107075,Suresh Kumar,1982-10-14,1,3,0,2000-11-23
7077,18,360,12,3,KGID107076,Shivakumar Kamath,1995-01-16,1,2,0,2011-05-20
7078,18,360,12,3,KGID107077,Umesh Bhandari,1986-02-02,1,8,0,2004-07-07
7079,18,361,8,2,KGID107078,Ravi Bhat,1994-01-14,1,7,0,1998-05-08
7080,18,361,8,2,KGID107079,Sunita Patil,1986-04-03,2,5,0,2017-09-30
7081,18,361,9,1,KGID107080,Chandrashekar Shetty,1993-07-24,1,7,0,2014-06-29
7082,18,361,10,3,KGID107081,Mahesh Hiremath,1981-04-25,1,7,0,2007-09-11
7083,18,361,10,3,KGID107082,Manoj Devaraj,1980-08-11,1,2,0,2002-08-01
7084,18,361,10,3,KGID107083,Rajesh Achar,1988-10-02,1,8,0,1999-11-02
7085,18,361,11,3,KGID107084,Chandrashekar Gowda,1983-11-01,1,5,0,2003-12-25
7086,18,361,11,3,KGID107085,Pradeep Patil,1983-08-14,1,2,0,2019-10-24
7087,18,361,11,3,KGID107086,Pushpa Iyer,1996-08-24,2,1,0,2009-08-24
7088,18,361,11,3,KGID107087,Suresh Bhandari,1980-05-09,1,4,0,2006-10-12
7089,18,361,11,3,KGID107088,Lokesh Gowda,1997-11-08,1,4,0,2020-10-24
7090,18,361,12,3,KGID107089,Girish Bhandari,1981-03-14,1,1,0,2004-04-23
7091,18,361,12,3,KGID107090,Srinivas Bhat,2004-01-30,1,5,0,2002-07-03
7092,18,361,12,3,KGID107091,Pradeep Naik,1991-11-30,1,7,0,2010-03-25
7093,18,361,12,3,KGID107092,Ravi Iyer,1997-12-19,1,5,0,2014-12-20
7094,18,361,12,3,KGID107093,Prakash Nayak,1989-01-01,1,4,0,2021-09-22
7095,18,361,12,3,KGID107094,Vinay Shetty,1992-01-09,1,3,0,2012-04-27
7096,18,361,12,3,KGID107095,Gopal Iyer,2001-11-06,1,3,0,2012-08-21
7097,18,361,12,3,KGID107096,Srinivas Poojary,1980-01-28,1,1,0,2008-11-11
7098,18,361,12,3,KGID107097,Manjunath Desai,2002-09-08,1,7,0,2011-08-09
7099,18,361,12,3,KGID107098,Lokesh Bhat,1982-03-26,1,5,0,2019-12-25
7100,18,361,12,3,KGID107099,Ravi Patil,1998-06-18,1,7,0,2023-03-17
7101,18,362,8,2,KGID107100,Manoj Achar,1994-11-27,1,1,0,2013-09-16
7102,18,362,9,2,KGID107101,Harish Shetty,1991-03-04,1,5,0,2014-07-02
7103,18,362,9,1,KGID107102,Ravi Bhandari,1984-09-26,1,7,0,2019-12-04
7104,18,362,10,3,KGID107103,Girish Gowda,1997-07-01,1,6,0,2017-07-16
7105,18,362,10,3,KGID107104,Lokesh Devaraj,1989-06-02,1,1,0,2000-10-11
7106,18,362,10,3,KGID107105,Vinay Achar,1991-03-10,1,5,0,2008-12-14
7107,18,362,11,3,KGID107106,Prakash Poojary,1979-07-27,1,4,0,2013-07-06
7108,18,362,11,3,KGID107107,Krishna Kulkarni,1992-12-23,1,5,0,1997-07-22
7109,18,362,11,3,KGID107108,Girish Bhandari,1981-03-28,1,2,0,2017-06-28
7110,18,362,11,3,KGID107109,Manjunath Poojary,1994-04-21,1,7,0,2003-03-17
7111,18,362,11,3,KGID107110,Basavaraj Patil,1980-12-29,1,6,0,2004-07-06
7112,18,362,12,3,KGID107111,Vinay Shetty,1992-04-12,1,5,0,2001-12-17
7113,18,362,12,3,KGID107112,Gopal Reddy,2004-12-20,1,6,0,2007-04-10
7114,18,362,12,3,KGID107113,Vijay Shetty,1987-02-20,1,1,0,2013-05-02
7115,18,362,12,3,KGID107114,Girish Patil,2004-09-18,1,3,0,2009-05-09
7116,18,362,12,3,KGID107115,Harish Devaraj,1987-04-01,1,6,0,2010-03-21
7117,18,362,12,3,KGID107116,Ramesh Jadhav,2003-05-18,1,2,0,2015-04-13
7118,18,362,12,3,KGID107117,Kiran Kumar,1996-12-27,1,5,0,2000-07-13
7119,18,362,12,3,KGID107118,Santosh Poojary,2003-12-01,1,2,0,2006-11-16
7120,18,362,12,3,KGID107119,Vijay Bhat,2004-01-05,1,5,0,2022-08-14
7121,18,363,8,2,KGID107120,Vijay Kumar,1993-01-24,1,1,0,2017-08-28
7122,18,363,9,1,KGID107121,Anitha Iyer,1981-08-19,2,6,0,2002-07-25
7123,18,363,9,1,KGID107122,Sandeep Bhat,1981-06-28,1,7,0,2019-07-22
7124,18,363,10,3,KGID107123,Anand Kulkarni,1992-11-18,1,1,0,2019-03-21
7125,18,363,10,3,KGID107124,Prakash Iyer,1999-02-28,1,3,0,2017-10-29
7126,18,363,11,3,KGID107125,Prakash Kumar,1998-04-28,1,2,0,1998-06-02
7127,18,363,11,3,KGID107126,Vinay Naik,1992-04-20,1,7,0,2016-10-15
7128,18,363,11,3,KGID107127,Sandeep Patil,1977-11-04,1,3,0,2002-06-11
7129,18,363,11,3,KGID107128,Raghavendra Hiremath,1975-06-16,1,2,0,2001-03-25
7130,18,363,11,3,KGID107129,Manjunath Rao,1981-12-12,1,4,0,2023-11-24
7131,18,363,11,3,KGID107130,Nagaveni Bhandari,1980-01-01,2,7,0,2020-06-02
7132,18,363,12,3,KGID107131,Krishna Hegde,1993-02-22,1,3,0,2011-05-13
7133,18,363,12,3,KGID107132,Vijay Devaraj,1981-02-14,1,2,0,2017-06-19
7134,18,363,12,3,KGID107133,Naveen Hiremath,1995-08-17,1,1,0,2011-10-11
7135,18,363,12,3,KGID107134,Shivakumar Shetty,1996-02-03,1,1,0,2004-12-09
7136,18,363,12,3,KGID107135,Naveen Hiremath,1985-07-06,1,2,0,2023-08-17
7137,18,363,12,3,KGID107136,Ramesh Desai,1997-06-18,1,3,0,2019-07-18
7138,18,363,12,3,KGID107137,Ramesh Devaraj,1982-04-30,1,2,0,2008-10-03
7139,18,363,12,3,KGID107138,Manoj Kulkarni,1993-03-16,1,2,0,2021-07-07
7140,18,364,9,2,KGID107139,Roopa Rao,1995-04-01,2,7,0,2014-07-06
7141,18,364,9,1,KGID107140,Yogesh Shetty,1989-10-30,1,3,0,2019-11-15
7142,18,364,10,3,KGID107141,Yogesh Rao,1996-08-25,1,1,0,1999-04-15
7143,18,364,10,3,KGID107142,Harish Kulkarni,2000-10-19,1,3,0,2004-11-29
7144,18,364,11,3,KGID107143,Manoj Nayak,1977-11-19,1,3,0,2003-09-05
7145,18,364,11,3,KGID107144,Vijay Kumar,1981-07-24,1,4,0,1997-05-02
7146,18,364,11,3,KGID107145,Santosh Naik,1990-06-29,1,4,0,2019-06-27
7147,18,364,11,3,KGID107146,Santosh Gowda,1997-08-17,1,1,0,1996-12-06
7148,18,364,11,3,KGID107147,Raghavendra Devaraj,1995-12-06,1,3,0,2014-06-01
7149,18,364,12,3,KGID107148,Vijay Gowda,1997-05-14,1,6,0,2003-05-08
7150,18,364,12,3,KGID107149,Krishna Desai,1985-11-01,1,8,0,2000-10-31
7151,18,364,12,3,KGID107150,Manoj Devaraj,1983-11-08,1,8,0,2010-12-09
7152,18,364,12,3,KGID107151,Manoj Hiremath,1984-05-13,1,8,0,2004-03-14
7153,18,364,12,3,KGID107152,Harish Devaraj,1993-06-16,1,2,0,2002-05-29
7154,18,364,12,3,KGID107153,Rajesh Devaraj,1994-01-01,1,7,0,2009-05-28
7155,18,364,12,3,KGID107154,Girish Shetty,1982-05-28,1,7,0,2001-06-15
7156,18,364,12,3,KGID107155,Srinivas Devaraj,2003-05-25,1,8,0,2020-11-09
7157,18,364,12,3,KGID107156,Basavaraj Naik,1983-07-13,1,2,0,2003-10-05
7158,18,364,12,3,KGID107157,Basavaraj Reddy,1990-01-05,1,6,0,2000-08-16
7159,18,364,12,3,KGID107158,Girish Jadhav,1981-09-19,1,2,0,2016-10-25
7160,18,364,12,3,KGID107159,Geetha Achar,1997-09-21,2,7,0,2020-06-08
7161,18,364,12,3,KGID107160,Dinesh Devaraj,1985-02-04,1,7,0,2008-08-01
7162,18,364,12,3,KGID107161,Srinivas Hiremath,2003-05-02,1,6,0,2020-11-06
7163,18,364,12,3,KGID107162,Nandini Kulkarni,2001-11-07,2,3,0,2012-04-27
7164,18,364,12,3,KGID107163,Shivakumar Bhat,2003-09-28,1,7,0,2008-11-06
7165,18,365,9,2,KGID107164,Umesh Rao,1988-11-04,1,5,0,2017-06-11
7166,18,365,9,2,KGID107165,Umesh Shetty,1975-07-05,1,8,0,2000-03-16
7167,18,365,9,1,KGID107166,Yogesh Bhat,1991-05-18,1,1,0,2003-03-31
7168,18,365,9,1,KGID107167,Geetha Patil,1999-07-09,2,8,0,2003-05-17
7169,18,365,10,3,KGID107168,Suresh Reddy,1980-08-07,1,8,0,2015-12-10
7170,18,365,10,3,KGID107169,Vinay Devaraj,1984-03-08,1,4,0,2015-10-09
7171,18,365,10,3,KGID107170,Suresh Devaraj,1994-06-15,1,5,0,2011-05-31
7172,18,365,11,3,KGID107171,Anand Hiremath,1989-05-20,1,2,0,2020-11-02
7173,18,365,11,3,KGID107172,Nagaveni Hegde,1985-10-16,2,5,0,2000-05-02
7174,18,365,11,3,KGID107173,Ramesh Hiremath,1987-08-16,1,5,0,2005-06-07
7175,18,365,11,3,KGID107174,Kiran Hegde,1997-05-16,1,2,0,1995-09-11
7176,18,365,11,3,KGID107175,Mahesh Desai,1975-04-22,1,6,0,2020-07-24
7177,18,365,11,3,KGID107176,Vinay Bhat,1998-09-20,1,6,0,1998-07-21
7178,18,365,11,3,KGID107177,Manoj Kulkarni,1982-05-23,1,1,0,2003-12-23
7179,18,365,12,3,KGID107178,Harish Bhat,1990-02-15,1,6,0,2022-07-28
7180,18,365,12,3,KGID107179,Girish Kumar,2004-12-26,1,5,0,2021-04-29
7181,18,365,12,3,KGID107180,Naveen Kumar,1989-10-13,1,3,0,2012-03-10
7182,18,365,12,3,KGID107181,Kiran Reddy,1987-07-12,1,5,0,2011-05-21
7183,18,365,12,3,KGID107182,Shivakumar Kumar,1993-07-17,1,8,0,2003-10-16
7184,18,365,12,3,KGID107183,Shivakumar Reddy,1984-04-13,1,7,0,2012-05-29
7185,18,365,12,3,KGID107184,Raghavendra Reddy,2000-08-21,1,3,0,2017-05-24
7186,18,365,12,3,KGID107185,Vinay Patil,2004-10-03,1,1,0,2019-12-08
7187,18,365,12,3,KGID107186,Naveen Poojary,1986-06-17,1,6,0,2022-05-13
7188,18,365,12,3,KGID107187,Vijay Kulkarni,2003-01-20,1,7,0,2020-08-13
7189,18,365,12,3,KGID107188,Naveen Bhat,1991-05-23,1,1,0,2016-05-24
7190,18,365,12,3,KGID107189,Shivakumar Poojary,1997-10-17,1,4,0,2020-03-15
7191,18,365,12,3,KGID107190,Mahesh Bhat,2003-06-29,1,1,0,2001-01-07
7192,18,365,12,3,KGID107191,Deepa Jadhav,1986-06-26,2,5,0,2003-11-10
7193,18,365,12,3,KGID107192,Vinay Bhandari,1993-11-05,1,5,0,2017-06-14
7194,18,365,12,3,KGID107193,Sunita Jadhav,1981-12-29,2,7,0,2022-10-07
7195,18,365,12,3,KGID107194,Rajesh Achar,1981-12-25,1,3,0,2014-12-06
7196,18,366,8,2,KGID107195,Shivakumar Kumar,1994-07-07,1,7,0,2020-05-09
7197,18,366,9,1,KGID107196,Shivakumar Hiremath,1994-03-19,1,7,0,2010-12-22
7198,18,366,10,3,KGID107197,Vinay Rao,1998-08-22,1,3,0,2002-09-21
7199,18,366,10,3,KGID107198,Rajesh Naik,1999-08-14,1,8,0,2017-11-24
7200,18,366,11,3,KGID107199,Vinay Kamath,1996-10-26,1,6,0,2006-05-13
7201,18,366,11,3,KGID107200,Yogesh Devaraj,1983-10-05,1,3,0,2000-06-17
7202,18,366,11,3,KGID107201,Pradeep Poojary,1989-12-24,1,8,0,2021-04-29
7203,18,366,11,3,KGID107202,Pradeep Hiremath,1985-05-25,1,1,0,2017-04-21
7204,18,366,12,3,KGID107203,Naveen Bhandari,2002-09-23,1,3,0,2022-07-07
7205,18,366,12,3,KGID107204,Basavaraj Shetty,1988-09-18,1,8,0,2012-10-12
7206,18,366,12,3,KGID107205,Lakshmi Poojary,2003-08-21,2,4,0,2014-04-11
7207,18,366,12,3,KGID107206,Anand Nayak,1996-08-18,1,7,0,2006-06-16
7208,18,366,12,3,KGID107207,Chandrashekar Bhat,2001-10-12,1,6,0,2010-11-13
7209,18,366,12,3,KGID107208,Girish Bhandari,2000-05-12,1,8,0,2005-09-02
7210,18,366,12,3,KGID107209,Manjunath Poojary,2001-08-07,1,1,0,2002-06-26
7211,18,366,12,3,KGID107210,Basavaraj Kamath,1983-07-01,1,7,0,2021-12-08
7212,18,366,12,3,KGID107211,Raghavendra Patil,1984-02-13,1,1,0,2012-08-23
7213,18,366,12,3,KGID107212,Sunita Rao,1996-09-28,2,7,0,2008-05-12
7214,18,366,12,3,KGID107213,Shivakumar Achar,2003-07-21,1,3,0,2023-09-19
7215,18,366,12,3,KGID107214,Dinesh Nayak,1990-10-06,1,6,0,2015-06-15
7216,18,366,12,3,KGID107215,Roopa Patil,1993-01-04,2,2,0,2014-04-04
7217,18,367,8,5,KGID107216,Manoj Hegde,1985-07-31,1,3,0,1999-06-21
7218,18,367,9,1,KGID107217,Pradeep Kumar,1987-05-07,1,2,0,2004-12-01
7219,18,367,10,3,KGID107218,Nagaraj Kamath,1984-07-22,1,3,0,2020-10-02
7220,18,367,10,3,KGID107219,Rekha Devaraj,1995-03-17,2,3,0,2021-06-09
7221,18,367,11,3,KGID107220,Santosh Jadhav,1997-03-03,1,5,0,2019-07-09
7222,18,367,11,3,KGID107221,Lokesh Poojary,1987-07-25,1,2,0,1998-05-09
7223,18,367,11,3,KGID107222,Naveen Nayak,1990-01-27,1,6,0,2008-10-15
7224,18,367,11,3,KGID107223,Mahesh Achar,1975-04-22,1,1,0,1996-09-10
7225,18,367,11,3,KGID107224,Suresh Hiremath,1984-09-22,1,4,0,2016-08-12
7226,18,367,11,3,KGID107225,Pushpa Poojary,1976-10-05,2,2,0,2008-04-19
7227,18,367,12,3,KGID107226,Mahesh Hiremath,1984-03-21,1,7,0,2018-06-18
7228,18,367,12,3,KGID107227,Yogesh Bhandari,1988-12-28,1,6,0,2006-12-26
7229,18,367,12,3,KGID107228,Anitha Reddy,1997-12-12,2,8,0,2023-12-08
7230,18,367,12,3,KGID107229,Dinesh Gowda,2004-02-25,1,5,0,2017-06-08
7231,18,367,12,3,KGID107230,Suresh Hegde,2004-02-24,1,4,0,2019-03-23
7232,18,367,12,3,KGID107231,Girish Desai,2002-08-24,1,5,0,2019-11-07
7233,18,367,12,3,KGID107232,Gopal Rao,1999-04-27,1,3,0,2005-09-12
7234,18,367,12,3,KGID107233,Sowmya Iyer,1981-01-16,2,5,0,2007-08-17
7235,18,367,12,3,KGID107234,Manoj Hegde,1991-11-06,1,7,0,2004-09-02
7236,18,368,8,6,KGID107235,Naveen Hiremath,1993-08-03,1,2,0,2023-05-06
7237,18,368,9,6,KGID107236,Lokesh Patil,1978-04-30,1,1,0,2020-06-03
7238,18,368,9,1,KGID107237,Anand Naik,1983-12-27,1,5,0,2004-04-08
7239,18,368,10,3,KGID107238,Ramesh Reddy,1994-09-12,1,5,0,2011-10-07
7240,18,368,10,3,KGID107239,Nagaraj Kamath,1990-11-05,1,5,0,2018-05-01
7241,18,368,11,3,KGID107240,Kiran Desai,1986-09-13,1,3,0,1998-11-01
7242,18,368,11,3,KGID107241,Nagaraj Hegde,1997-11-16,1,3,0,1998-07-31
7243,18,368,11,3,KGID107242,Girish Rao,1977-11-24,1,8,0,2011-03-15
7244,18,368,11,3,KGID107243,Shivakumar Patil,1998-11-25,1,7,1,2001-06-19
7245,18,368,11,3,KGID107244,Sandeep Bhandari,1989-10-13,1,6,0,1999-08-10
7246,18,368,11,3,KGID107245,Mahesh Gowda,1994-09-28,1,6,0,2005-06-03
7247,18,368,12,3,KGID107246,Chandrashekar Poojary,1994-10-24,1,5,0,2003-03-19
7248,18,368,12,3,KGID107247,Vijay Patil,1989-12-07,1,4,0,2002-11-21
7249,18,368,12,3,KGID107248,Basavaraj Shetty,2000-02-04,1,2,0,2023-05-15
7250,18,368,12,3,KGID107249,Deepa Bhat,2002-04-06,2,1,0,2015-06-14
7251,18,368,12,3,KGID107250,Shivakumar Patil,1998-05-31,1,7,0,2005-04-21
7252,18,368,12,3,KGID107251,Nagaraj Kamath,1981-06-10,1,2,0,2003-07-07
7253,18,368,12,3,KGID107252,Ramesh Poojary,1985-06-30,1,1,0,2010-03-12
7254,18,368,12,3,KGID107253,Raghavendra Bhandari,2000-09-27,1,6,0,2011-08-18
7255,18,368,12,3,KGID107254,Manoj Nayak,1995-09-10,1,4,0,2010-01-03
7256,18,368,12,3,KGID107255,Umesh Achar,1996-10-20,1,3,0,2014-11-12
7257,18,368,12,3,KGID107256,Pradeep Nayak,2001-04-27,1,5,0,2009-05-10
7258,18,368,12,3,KGID107257,Basavaraj Kumar,2000-11-17,1,8,0,2018-08-02
7259,18,368,12,3,KGID107258,Ravi Hegde,1988-11-23,1,5,0,2002-03-18
7260,18,368,12,3,KGID107259,Suresh Rao,2001-05-19,1,6,0,2013-11-14
7261,18,368,12,3,KGID107260,Vijay Shetty,1981-03-31,1,4,0,2013-12-28
7262,18,368,12,3,KGID107261,Girish Iyer,2001-12-25,1,2,0,2014-07-28
7263,18,368,12,3,KGID107262,Dinesh Devaraj,1994-02-10,1,4,0,2010-09-24
7264,18,369,9,4,KGID107263,Savitri Hegde,1995-03-05,2,4,0,2002-12-05
7265,18,369,9,1,KGID107264,Kiran Bhat,1991-05-26,1,5,0,2003-11-25
7266,18,369,10,3,KGID107265,Krishna Rao,1994-09-06,1,6,0,2003-04-23
7267,18,369,10,3,KGID107266,Basavaraj Reddy,1985-06-14,1,1,0,2006-03-20
7268,18,369,11,3,KGID107267,Shivakumar Jadhav,1984-11-03,1,1,0,2005-08-29
7269,18,369,11,3,KGID107268,Prakash Jadhav,1985-08-08,1,7,0,2012-05-14
7270,18,369,11,3,KGID107269,Dinesh Hiremath,1980-11-21,1,2,0,1999-03-26
7271,18,369,11,3,KGID107270,Prakash Devaraj,1996-07-02,1,6,0,2014-09-26
7272,18,369,12,3,KGID107271,Pushpa Hiremath,1991-07-20,2,7,0,2020-09-22
7273,18,369,12,3,KGID107272,Savitri Patil,1997-06-09,2,7,0,2009-08-10
7274,18,369,12,3,KGID107273,Santosh Kulkarni,2004-07-26,1,1,0,2015-09-03
7275,18,369,12,3,KGID107274,Yogesh Patil,1983-01-21,1,3,0,2016-06-22
7276,18,369,12,3,KGID107275,Srinivas Bhat,1996-05-05,1,4,0,2023-06-03
7277,18,369,12,3,KGID107276,Sandeep Kamath,1999-11-13,1,5,0,2009-04-10
7278,18,369,12,3,KGID107277,Shobha Kamath,1983-01-25,2,7,0,2011-05-20
7279,18,369,12,3,KGID107278,Anand Achar,2000-12-11,1,3,0,2015-11-20
7280,18,369,12,3,KGID107279,Nagaveni Jadhav,2002-02-25,2,8,0,2020-06-23
7281,18,369,12,3,KGID107280,Yogesh Nayak,1982-04-01,1,1,0,2011-08-26
7282,18,369,12,3,KGID107281,Nagaraj Hegde,2001-03-01,1,2,0,2019-07-01
7283,18,369,12,3,KGID107282,Chandrashekar Kumar,1994-07-25,1,7,0,2023-08-22
7284,18,369,12,3,KGID107283,Suresh Hegde,1982-09-14,1,8,0,2006-08-20
7285,18,369,12,3,KGID107284,Nagaraj Kulkarni,1992-05-09,1,7,0,2013-08-13
7286,18,369,12,3,KGID107285,Manjunath Nayak,1984-12-12,1,3,0,2005-08-09
7287,19,375,8,2,KGID107286,Mahesh Naik,1978-07-16,1,4,0,2011-09-27
7288,19,375,9,1,KGID107287,Naveen Shetty,1989-10-19,1,2,0,2007-04-14
7289,19,375,9,1,KGID107288,Yogesh Hiremath,1995-02-26,1,4,0,2004-06-02
7290,19,375,10,3,KGID107289,Kiran Bhat,1991-09-28,1,2,0,2012-04-05
7291,19,375,10,3,KGID107290,Vijay Bhat,1986-05-17,1,7,0,2010-09-01
7292,19,375,10,3,KGID107291,Shivakumar Nayak,1979-03-24,1,4,0,2019-10-23
7293,19,375,11,3,KGID107292,Naveen Hiremath,1988-10-01,1,8,0,2010-06-12
7294,19,375,11,3,KGID107293,Nagaraj Shetty,1987-11-12,1,6,0,1998-05-30
7295,19,375,11,3,KGID107294,Lokesh Bhat,1991-07-16,1,1,0,2017-08-19
7296,19,375,11,3,KGID107295,Vijay Reddy,1983-04-20,1,5,0,2004-07-18
7297,19,375,11,3,KGID107296,Manoj Kulkarni,1994-12-08,1,3,0,2004-03-19
7298,19,375,11,3,KGID107297,Prakash Kulkarni,1991-01-19,1,4,0,2003-08-19
7299,19,375,11,3,KGID107298,Manjunath Devaraj,1977-03-03,1,2,0,2014-09-14
7300,19,375,11,3,KGID107299,Manoj Naik,1999-07-09,1,7,0,2015-07-30
7301,19,375,12,3,KGID107300,Anand Bhat,1992-10-25,1,8,0,2014-10-23
7302,19,375,12,3,KGID107301,Manoj Desai,1995-12-28,1,8,0,2012-10-15
7303,19,375,12,3,KGID107302,Lokesh Kulkarni,2004-09-25,1,7,0,2012-08-29
7304,19,375,12,3,KGID107303,Gopal Kamath,1997-12-13,1,8,0,2009-05-24
7305,19,375,12,3,KGID107304,Ravi Poojary,1983-02-15,1,6,0,2023-03-10
7306,19,375,12,3,KGID107305,Yogesh Rao,2001-02-22,1,4,0,2014-12-24
7307,19,375,12,3,KGID107306,Vinay Kumar,1991-11-18,1,2,0,2012-12-14
7308,19,375,12,3,KGID107307,Basavaraj Naik,1988-10-23,1,3,0,2005-10-21
7309,19,375,12,3,KGID107308,Ravi Rao,2002-01-13,1,6,0,2017-12-20
7310,19,375,12,3,KGID107309,Vinay Kulkarni,1981-11-25,1,3,0,2014-05-24
7311,19,375,12,3,KGID107310,Deepa Reddy,2003-01-09,2,4,0,2012-06-29
7312,19,375,12,3,KGID107311,Vinay Kamath,1998-01-17,1,8,0,2004-12-23
7313,19,375,12,3,KGID107312,Lokesh Jadhav,1982-08-15,1,5,0,2013-06-26
7314,19,376,9,2,KGID107313,Pradeep Jadhav,1990-10-01,1,5,0,2017-08-31
7315,19,376,9,1,KGID107314,Lokesh Naik,1986-07-19,1,4,0,2021-03-16
7316,19,376,9,1,KGID107315,Basavaraj Devaraj,1982-10-01,1,2,0,2022-03-22
7317,19,376,10,3,KGID107316,Chandrashekar Nayak,1997-06-05,1,5,0,1998-12-14
7318,19,376,10,3,KGID107317,Santosh Devaraj,1999-09-26,1,2,0,2012-03-21
7319,19,376,11,3,KGID107318,Girish Devaraj,1980-05-09,1,4,0,2000-09-30
7320,19,376,11,3,KGID107319,Prakash Jadhav,1979-02-24,1,3,0,2022-05-15
7321,19,376,11,3,KGID107320,Naveen Patil,1998-02-21,1,7,0,1996-04-11
7322,19,376,11,3,KGID107321,Naveen Hegde,1988-02-04,1,2,0,2017-03-18
7323,19,376,11,3,KGID107322,Prakash Patil,1989-05-18,1,1,0,2003-04-16
7324,19,376,11,3,KGID107323,Lokesh Jadhav,2000-10-20,1,4,0,1996-09-10
7325,19,376,11,3,KGID107324,Pradeep Reddy,1983-01-28,1,6,0,2009-01-02
7326,19,376,12,3,KGID107325,Raghavendra Nayak,1994-09-08,1,2,0,2012-06-02
7327,19,376,12,3,KGID107326,Roopa Devaraj,1985-02-09,2,8,0,2002-10-03
7328,19,376,12,3,KGID107327,Kiran Poojary,1988-06-23,1,3,0,2016-03-20
7329,19,376,12,3,KGID107328,Vijay Nayak,2004-02-01,1,3,0,2018-09-07
7330,19,376,12,3,KGID107329,Srinivas Patil,2002-05-08,1,5,0,2003-07-15
7331,19,376,12,3,KGID107330,Harish Shetty,1985-12-19,1,6,0,2004-12-25
7332,19,376,12,3,KGID107331,Srinivas Iyer,2000-04-15,1,4,0,2011-09-04
7333,19,376,12,3,KGID107332,Umesh Desai,1984-11-26,1,4,0,2023-06-20
7334,19,376,12,3,KGID107333,Shivakumar Shetty,1988-10-07,1,5,0,2009-06-23
7335,19,376,12,3,KGID107334,Gopal Poojary,2003-10-07,1,7,0,2001-08-07
7336,19,376,12,3,KGID107335,Anand Bhat,1986-01-15,1,6,0,2018-09-05
7337,19,376,12,3,KGID107336,Ravi Kumar,1981-10-10,1,6,0,2023-11-26
7338,19,376,12,3,KGID107337,Yogesh Kamath,1995-08-04,1,3,1,2006-08-01
7339,19,376,12,3,KGID107338,Rajesh Jadhav,1996-12-09,1,8,0,2012-11-12
7340,19,377,8,2,KGID107339,Manoj Kulkarni,1976-11-05,1,8,0,2018-11-12
7341,19,377,9,1,KGID107340,Vani Kamath,1980-12-15,2,4,0,2019-07-11
7342,19,377,10,3,KGID107341,Vani Kumar,2000-09-22,2,1,0,2018-12-31
7343,19,377,10,3,KGID107342,Suresh Reddy,1985-11-04,1,8,0,2007-12-03
7344,19,377,11,3,KGID107343,Krishna Kumar,1991-05-25,1,3,0,2013-07-06
7345,19,377,11,3,KGID107344,Yogesh Kamath,1987-12-13,1,7,0,2003-12-10
7346,19,377,11,3,KGID107345,Rajesh Rao,1981-09-25,1,3,0,2017-12-23
7347,19,377,11,3,KGID107346,Sandeep Jadhav,1987-06-26,1,3,0,2010-05-27
7348,19,377,11,3,KGID107347,Anitha Kumar,1996-05-02,2,4,0,2014-06-05
7349,19,377,11,3,KGID107348,Anand Rao,1990-03-20,1,6,0,1995-07-16
7350,19,377,11,3,KGID107349,Gopal Rao,1990-06-20,1,6,0,2018-12-02
7351,19,377,12,3,KGID107350,Raghavendra Devaraj,2003-03-14,1,2,0,2000-03-23
7352,19,377,12,3,KGID107351,Mahesh Shetty,1989-07-07,1,8,0,2017-05-24
7353,19,377,12,3,KGID107352,Lokesh Devaraj,1982-10-14,1,6,0,2012-06-05
7354,19,377,12,3,KGID107353,Gopal Bhat,1995-04-29,1,6,0,2010-06-06
7355,19,377,12,3,KGID107354,Anand Achar,1990-01-07,1,6,0,2013-11-05
7356,19,377,12,3,KGID107355,Mahesh Nayak,2003-06-18,1,6,0,2009-03-14
7357,19,377,12,3,KGID107356,Deepa Kamath,1993-03-15,2,3,0,2004-01-05
7358,19,377,12,3,KGID107357,Ravi Devaraj,1994-06-11,1,3,0,2007-05-18
7359,19,377,12,3,KGID107358,Suresh Jadhav,1992-03-02,1,1,0,2008-07-07
7360,19,377,12,3,KGID107359,Sandeep Gowda,1995-01-21,1,7,0,2011-06-11
7361,19,377,12,3,KGID107360,Sunita Devaraj,1982-10-10,2,2,0,2007-06-30
7362,19,377,12,3,KGID107361,Umesh Rao,1980-05-19,1,1,0,2014-01-04
7363,19,377,12,3,KGID107362,Prakash Rao,1999-10-07,1,4,0,2013-10-07
7364,19,377,12,3,KGID107363,Vani Poojary,1999-03-16,2,3,0,2002-08-16
7365,19,378,9,2,KGID107364,Krishna Devaraj,1990-07-28,1,8,0,2000-11-19
7366,19,378,9,2,KGID107365,Basavaraj Kamath,1977-11-27,1,6,0,2013-11-16
7367,19,378,9,1,KGID107366,Shivakumar Hegde,1982-03-11,1,4,0,2016-03-30
7368,19,378,10,3,KGID107367,Mahesh Bhandari,1979-08-15,1,6,0,2005-12-03
7369,19,378,10,3,KGID107368,Basavaraj Reddy,1989-02-13,1,8,0,2003-07-18
7370,19,378,11,3,KGID107369,Gopal Naik,1991-11-30,1,2,0,2019-12-31
7371,19,378,11,3,KGID107370,Ramesh Hegde,1986-02-03,1,2,0,2014-03-16
7372,19,378,11,3,KGID107371,Girish Achar,1992-03-04,1,1,0,2010-09-05
7373,19,378,11,3,KGID107372,Shivakumar Gowda,1982-11-23,1,5,0,1996-12-12
7374,19,378,12,3,KGID107373,Harish Kumar,1980-07-31,1,8,0,2004-06-21
7375,19,378,12,3,KGID107374,Srinivas Desai,1996-12-07,1,6,0,2023-07-01
7376,19,378,12,3,KGID107375,Nagaraj Kamath,1998-08-26,1,5,0,2002-08-12
7377,19,378,12,3,KGID107376,Dinesh Hiremath,2004-08-05,1,5,0,2018-12-26
7378,19,378,12,3,KGID107377,Shivakumar Nayak,1988-10-06,1,1,0,2006-06-12
7379,19,378,12,3,KGID107378,Shivakumar Naik,1987-05-29,1,6,0,2018-07-21
7380,19,378,12,3,KGID107379,Gopal Shetty,1994-11-08,1,8,0,2004-12-13
7381,19,378,12,3,KGID107380,Sandeep Bhandari,1990-05-16,1,7,0,2023-05-21
7382,19,378,12,3,KGID107381,Jayashree Bhandari,2004-01-22,2,5,0,2011-11-19
7383,19,378,12,3,KGID107382,Sandeep Jadhav,1980-07-09,1,5,0,2020-10-07
7384,19,378,12,3,KGID107383,Pradeep Bhat,1987-09-28,1,6,0,2011-07-29
7385,19,378,12,3,KGID107384,Kiran Achar,1999-05-04,1,3,0,2009-12-05
7386,19,379,9,2,KGID107385,Chandrashekar Bhandari,1978-02-10,1,5,0,2020-06-25
7387,19,379,9,1,KGID107386,Yogesh Achar,1986-12-31,1,2,0,2007-10-07
7388,19,379,10,3,KGID107387,Sandeep Patil,1995-01-09,1,3,0,2016-07-06
7389,19,379,10,3,KGID107388,Kiran Poojary,1981-09-01,1,2,0,2012-03-10
7390,19,379,11,3,KGID107389,Srinivas Nayak,1977-05-17,1,4,0,2017-08-23
7391,19,379,11,3,KGID107390,Girish Desai,1981-02-07,1,6,0,2010-09-25
7392,19,379,11,3,KGID107391,Gopal Patil,1985-01-20,1,4,0,2000-08-23
7393,19,379,11,3,KGID107392,Pallavi Gowda,1978-05-15,2,2,0,1995-04-14
7394,19,379,11,3,KGID107393,Prakash Hegde,1999-02-19,1,4,0,1998-11-25
7395,19,379,11,3,KGID107394,Girish Shetty,1982-07-29,1,2,0,1995-10-20
7396,19,379,11,3,KGID107395,Ravi Kulkarni,1996-08-19,1,2,0,2021-05-21
7397,19,379,12,3,KGID107396,Santosh Hegde,1988-05-06,1,8,0,2004-06-07
7398,19,379,12,3,KGID107397,Geetha Shetty,1985-02-14,2,3,0,2022-04-15
7399,19,379,12,3,KGID107398,Krishna Naik,2003-04-22,1,5,0,2019-10-03
7400,19,379,12,3,KGID107399,Umesh Iyer,1995-02-05,1,2,0,2001-09-07
7401,19,379,12,3,KGID107400,Vani Bhandari,1988-03-28,2,6,0,2020-06-04
7402,19,379,12,3,KGID107401,Dinesh Iyer,1980-12-25,1,1,0,2014-10-24
7403,19,379,12,3,KGID107402,Naveen Reddy,1984-10-07,1,5,0,2007-08-09
7404,19,379,12,3,KGID107403,Anand Hegde,1989-12-18,1,2,0,2001-11-05
7405,19,379,12,3,KGID107404,Vinay Naik,1989-01-28,1,4,0,2015-09-19
7406,19,379,12,3,KGID107405,Gopal Rao,2003-07-16,1,6,0,2000-05-10
7407,19,379,12,3,KGID107406,Santosh Hegde,1984-11-25,1,6,0,2008-09-13
7408,19,379,12,3,KGID107407,Anitha Naik,1997-06-12,2,2,0,2007-10-15
7409,19,379,12,3,KGID107408,Srinivas Achar,1994-10-21,1,6,0,2004-05-02
7410,19,380,9,2,KGID107409,Ramesh Gowda,1992-11-28,1,1,0,2021-06-19
7411,19,380,9,1,KGID107410,Sandeep Reddy,1998-04-19,1,5,1,2019-11-10
7412,19,380,10,3,KGID107411,Manoj Iyer,1979-07-03,1,4,0,2010-08-13
7413,19,380,10,3,KGID107412,Krishna Iyer,1982-11-07,1,1,0,2020-08-30
7414,19,380,11,3,KGID107413,Vinay Kamath,1998-11-15,1,7,0,2016-08-18
7415,19,380,11,3,KGID107414,Gopal Reddy,1979-03-22,1,2,0,2013-12-22
7416,19,380,11,3,KGID107415,Lokesh Bhandari,1985-08-17,1,5,0,2007-03-13
7417,19,380,11,3,KGID107416,Basavaraj Bhat,1980-03-19,1,5,0,2015-05-25
7418,19,380,11,3,KGID107417,Raghavendra Desai,1997-02-04,1,5,0,1995-12-12
7419,19,380,11,3,KGID107418,Ramesh Bhat,1992-11-05,1,7,0,2002-11-13
7420,19,380,12,3,KGID107419,Sandeep Poojary,1996-03-13,1,6,0,2023-08-21
7421,19,380,12,3,KGID107420,Mahesh Bhat,1995-08-07,1,8,0,2015-08-01
7422,19,380,12,3,KGID107421,Naveen Iyer,2002-08-10,1,3,0,2000-07-29
7423,19,380,12,3,KGID107422,Raghavendra Poojary,1988-04-23,1,6,0,2006-06-19
7424,19,380,12,3,KGID107423,Vani Hegde,1987-03-04,2,2,0,2016-12-22
7425,19,380,12,3,KGID107424,Santosh Kamath,1987-08-13,1,2,0,2019-11-25
7426,19,380,12,3,KGID107425,Shivakumar Nayak,1991-01-15,1,4,0,2004-04-26
7427,19,380,12,3,KGID107426,Manoj Kulkarni,1989-05-06,1,2,0,2008-10-30
7428,19,380,12,3,KGID107427,Prakash Rao,1996-10-22,1,6,0,2018-08-25
7429,19,380,12,3,KGID107428,Vinay Kumar,2004-09-23,1,3,0,2007-09-21
7430,19,380,12,3,KGID107429,Shobha Naik,2000-10-06,2,8,0,2016-05-15
7431,19,380,12,3,KGID107430,Girish Desai,2002-03-06,1,1,0,2008-07-13
7432,19,380,12,3,KGID107431,Santosh Kamath,2003-06-01,1,8,0,2016-10-13
7433,19,380,12,3,KGID107432,Prakash Gowda,1998-09-14,1,6,0,2012-10-15
7434,19,380,12,3,KGID107433,Nagaraj Jadhav,1998-02-14,1,3,0,2009-07-02
7435,19,381,8,2,KGID107434,Rajesh Bhat,1992-11-25,1,2,0,2007-08-16
7436,19,381,9,1,KGID107435,Sowmya Bhandari,1982-04-19,2,2,0,2012-04-20
7437,19,381,9,1,KGID107436,Naveen Jadhav,1996-03-05,1,2,0,2004-08-21
7438,19,381,10,3,KGID107437,Basavaraj Gowda,1978-04-01,1,7,0,2016-08-10
7439,19,381,10,3,KGID107438,Shivakumar Shetty,1994-02-06,1,5,0,2005-07-27
7440,19,381,10,3,KGID107439,Kiran Kumar,1991-03-27,1,8,0,2002-05-20
7441,19,381,11,3,KGID107440,Dinesh Shetty,2001-08-21,1,3,0,2022-03-19
7442,19,381,11,3,KGID107441,Umesh Gowda,1993-09-30,1,2,0,1997-12-23
7443,19,381,11,3,KGID107442,Chandrashekar Shetty,1977-05-22,1,4,0,2016-11-07
7444,19,381,11,3,KGID107443,Harish Desai,1981-09-17,1,3,0,2023-04-13
7445,19,381,11,3,KGID107444,Manoj Gowda,1986-04-28,1,8,0,2016-03-16
7446,19,381,11,3,KGID107445,Nagaraj Desai,1997-11-26,1,7,0,1995-10-16
7447,19,381,11,3,KGID107446,Kavya Bhandari,1999-12-13,2,3,0,2019-08-01
7448,19,381,11,3,KGID107447,Naveen Naik,1996-08-17,1,8,0,2014-07-04
7449,19,381,12,3,KGID107448,Basavaraj Jadhav,1986-02-23,1,4,0,2021-07-04
7450,19,381,12,3,KGID107449,Shwetha Bhandari,1980-03-28,2,6,0,2009-04-28
7451,19,381,12,3,KGID107450,Nandini Naik,1992-07-09,2,1,0,2022-11-09
7452,19,381,12,3,KGID107451,Ramesh Poojary,1995-12-29,1,1,0,2019-05-10
7453,19,381,12,3,KGID107452,Basavaraj Iyer,2000-09-15,1,8,0,2020-06-17
7454,19,381,12,3,KGID107453,Chandrashekar Achar,2004-12-19,1,6,0,2023-09-14
7455,19,381,12,3,KGID107454,Harish Hegde,1995-09-08,1,5,0,2005-05-08
7456,19,381,12,3,KGID107455,Vinay Bhat,1990-02-16,1,2,0,2021-03-29
7457,19,381,12,3,KGID107456,Naveen Bhandari,1997-12-14,1,2,0,2018-11-10
7458,19,381,12,3,KGID107457,Shobha Iyer,1998-06-13,2,2,0,2017-05-06
7459,19,381,12,3,KGID107458,Manoj Shetty,1985-02-05,1,2,0,2007-12-21
7460,19,381,12,3,KGID107459,Ravi Bhat,1992-10-22,1,1,0,2016-05-23
7461,19,381,12,3,KGID107460,Manoj Rao,1990-01-30,1,6,0,2014-03-25
7462,19,381,12,3,KGID107461,Raghavendra Poojary,2000-03-18,1,6,0,2018-07-21
7463,19,382,9,2,KGID107462,Mahesh Kamath,1982-07-03,1,2,0,2016-11-25
7464,19,382,9,1,KGID107463,Chandrashekar Iyer,1988-03-11,1,4,0,2022-09-19
7465,19,382,10,3,KGID107464,Ramesh Rao,1977-08-21,1,5,0,2018-09-21
7466,19,382,10,3,KGID107465,Naveen Achar,1986-06-28,1,8,0,2000-11-04
7467,19,382,10,3,KGID107466,Gopal Gowda,1985-08-08,1,5,0,2003-05-27
7468,19,382,11,3,KGID107467,Raghavendra Rao,1977-07-25,1,1,0,2018-10-22
7469,19,382,11,3,KGID107468,Nagaraj Devaraj,1976-06-08,1,8,0,2015-10-21
7470,19,382,11,3,KGID107469,Manjunath Kamath,1989-08-23,1,7,0,2016-05-02
7471,19,382,11,3,KGID107470,Srinivas Desai,1981-10-07,1,4,0,2014-04-18
7472,19,382,11,3,KGID107471,Chandrashekar Iyer,1988-12-17,1,4,0,2020-07-08
7473,19,382,11,3,KGID107472,Lokesh Patil,1983-03-09,1,2,0,2012-10-02
7474,19,382,11,3,KGID107473,Rajesh Rao,1981-01-27,1,5,1,2013-08-14
7475,19,382,12,3,KGID107474,Girish Kulkarni,1993-12-28,1,1,0,2002-08-27
7476,19,382,12,3,KGID107475,Rajesh Hiremath,1991-04-04,1,4,0,2023-04-06
7477,19,382,12,3,KGID107476,Harish Hegde,1982-07-06,1,7,0,2012-04-22
7478,19,382,12,3,KGID107477,Nagaraj Kamath,1996-02-18,1,8,0,2006-05-22
7479,19,382,12,3,KGID107478,Shobha Bhat,1980-01-13,2,5,0,2008-08-25
7480,19,382,12,3,KGID107479,Manoj Devaraj,1984-03-19,1,4,0,2003-12-09
7481,19,382,12,3,KGID107480,Vijay Nayak,1999-05-08,1,8,0,2013-06-12
7482,19,382,12,3,KGID107481,Vijay Achar,1988-07-26,1,8,0,2022-05-16
7483,19,382,12,3,KGID107482,Shwetha Kumar,1980-08-02,2,6,0,2016-12-05
7484,19,382,12,3,KGID107483,Dinesh Kamath,1987-06-18,1,5,0,2009-04-13
7485,19,382,12,3,KGID107484,Rajesh Devaraj,2001-03-04,1,7,0,2016-10-14
7486,19,382,12,3,KGID107485,Nagaveni Iyer,1984-02-17,2,3,0,2005-10-19
7487,19,382,12,3,KGID107486,Rekha Bhat,2001-12-27,2,7,0,2023-10-19
7488,19,382,12,3,KGID107487,Ramesh Naik,2002-03-26,1,6,0,2008-07-10
7489,19,382,12,3,KGID107488,Chandrashekar Patil,1999-12-17,1,4,0,2005-09-03
7490,19,382,12,3,KGID107489,Rajesh Achar,2004-12-03,1,5,0,2014-07-29
7491,19,383,8,2,KGID107490,Sandeep Devaraj,1978-05-11,1,2,0,2018-03-21
7492,19,383,8,2,KGID107491,Lakshmi Poojary,1984-05-03,2,4,0,2013-04-08
7493,19,383,9,1,KGID107492,Manjunath Patil,1983-03-15,1,8,0,2015-12-15
7494,19,383,10,3,KGID107493,Kiran Desai,1994-12-22,1,1,0,1999-09-03
7495,19,383,10,3,KGID107494,Nagaveni Bhandari,1997-04-12,2,1,0,2015-06-08
7496,19,383,10,3,KGID107495,Girish Kumar,1985-01-18,1,7,0,2016-05-05
7497,19,383,11,3,KGID107496,Srinivas Rao,1976-10-31,1,8,0,2009-07-13
7498,19,383,11,3,KGID107497,Savitri Kamath,2000-11-24,2,8,0,2022-12-25
7499,19,383,11,3,KGID107498,Suresh Patil,2001-01-06,1,4,0,2004-05-15
7500,19,383,11,3,KGID107499,Chandrashekar Patil,1981-01-31,1,1,0,2001-06-18
7501,19,383,11,3,KGID107500,Rajesh Kulkarni,2001-04-12,1,1,1,2013-09-02
7502,19,383,11,3,KGID107501,Lokesh Reddy,2000-12-27,1,3,0,2020-12-30
7503,19,383,12,3,KGID107502,Anand Shetty,2001-10-12,1,1,0,2001-06-19
7504,19,383,12,3,KGID107503,Pradeep Jadhav,1981-12-24,1,2,0,2020-11-24
7505,19,383,12,3,KGID107504,Ravi Poojary,1986-10-02,1,8,0,2015-11-08
7506,19,383,12,3,KGID107505,Sandeep Kumar,1988-05-10,1,5,0,2021-12-13
7507,19,383,12,3,KGID107506,Sandeep Rao,2002-11-26,1,3,0,2010-09-10
7508,19,383,12,3,KGID107507,Vinay Reddy,1993-11-12,1,6,0,2005-06-25
7509,19,383,12,3,KGID107508,Basavaraj Kumar,1992-11-07,1,2,0,2010-05-22
7510,19,383,12,3,KGID107509,Vinay Devaraj,1989-12-30,1,7,0,2019-07-20
7511,19,383,12,3,KGID107510,Lokesh Rao,2003-10-18,1,2,0,2001-08-19
7512,19,383,12,3,KGID107511,Harish Hiremath,1983-10-31,1,1,0,2013-08-23
7513,19,383,12,3,KGID107512,Ravi Rao,1990-07-17,1,5,0,2004-07-22
7514,19,383,12,3,KGID107513,Girish Hegde,1996-02-09,1,6,0,2019-06-03
7515,19,383,12,3,KGID107514,Raghavendra Hiremath,2001-02-03,1,8,0,2009-07-25
7516,19,383,12,3,KGID107515,Ravi Reddy,2001-01-20,1,1,0,2017-10-17
7517,19,383,12,3,KGID107516,Lakshmi Hegde,1982-09-28,2,2,0,2004-11-01
7518,19,384,9,2,KGID107517,Vinay Devaraj,1983-06-08,1,3,0,1997-05-17
7519,19,384,9,2,KGID107518,Srinivas Naik,1981-01-06,1,1,0,2008-09-28
7520,19,384,9,1,KGID107519,Sunita Bhandari,1990-03-02,2,7,0,2010-09-10
7521,19,384,9,1,KGID107520,Chandrashekar Naik,1985-06-01,1,3,0,2018-03-19
7522,19,384,10,3,KGID107521,Rekha Kamath,1978-03-07,2,2,0,2010-07-30
7523,19,384,10,3,KGID107522,Kavya Achar,1980-12-21,2,5,0,2015-04-27
7524,19,384,11,3,KGID107523,Sandeep Iyer,1982-07-28,1,5,0,1996-08-30
7525,19,384,11,3,KGID107524,Kiran Kumar,1988-07-17,1,4,0,2009-05-14
7526,19,384,11,3,KGID107525,Girish Nayak,1981-05-26,1,3,0,2020-07-10
7527,19,384,11,3,KGID107526,Vijay Kulkarni,1978-03-21,1,4,0,2017-10-06
7528,19,384,11,3,KGID107527,Pradeep Poojary,1976-10-16,1,7,0,1998-05-14
7529,19,384,11,3,KGID107528,Shobha Desai,1993-04-10,2,5,0,2003-08-12
7530,19,384,11,3,KGID107529,Shivakumar Nayak,1977-08-17,1,1,0,2010-08-02
7531,19,384,11,3,KGID107530,Basavaraj Kumar,1978-12-28,1,5,0,2000-12-24
7532,19,384,12,3,KGID107531,Nagaraj Shetty,1991-07-26,1,3,0,2005-08-09
7533,19,384,12,3,KGID107532,Rajesh Iyer,1998-10-30,1,4,0,2016-07-31
7534,19,384,12,3,KGID107533,Shobha Hiremath,1992-06-09,2,7,0,2007-10-16
7535,19,384,12,3,KGID107534,Raghavendra Kamath,1980-05-09,1,3,0,2002-07-03
7536,19,384,12,3,KGID107535,Ravi Kumar,1997-01-14,1,4,0,2004-04-01
7537,19,384,12,3,KGID107536,Manjunath Kamath,1984-05-17,1,2,0,2003-06-18
7538,19,384,12,3,KGID107537,Prakash Devaraj,1983-05-23,1,2,0,2009-01-01
7539,19,384,12,3,KGID107538,Prakash Poojary,2002-07-08,1,3,0,2000-04-12
7540,19,384,12,3,KGID107539,Naveen Jadhav,1993-09-06,1,2,0,2004-08-20
7541,19,384,12,3,KGID107540,Shivakumar Naik,1987-05-19,1,2,0,2000-06-14
7542,19,384,12,3,KGID107541,Lakshmi Bhat,1985-05-26,2,8,0,2003-07-05
7543,19,384,12,3,KGID107542,Geetha Naik,1985-11-01,2,2,0,2020-06-27
7544,19,384,12,3,KGID107543,Santosh Gowda,1984-03-20,1,1,0,2015-08-07
7545,19,385,9,2,KGID107544,Dinesh Poojary,1990-10-31,1,6,0,2000-01-01
7546,19,385,9,1,KGID107545,Harish Shetty,1990-10-27,1,1,0,2009-06-08
7547,19,385,9,1,KGID107546,Lokesh Rao,1983-10-15,1,7,0,2011-09-26
7548,19,385,10,3,KGID107547,Manjunath Devaraj,1987-09-17,1,4,0,2001-11-17
7549,19,385,10,3,KGID107548,Umesh Kamath,1999-05-18,1,8,0,2013-09-09
7550,19,385,10,3,KGID107549,Mahesh Devaraj,1992-11-14,1,3,0,2015-10-01
7551,19,385,11,3,KGID107550,Manoj Poojary,2001-06-28,1,2,0,2002-08-29
7552,19,385,11,3,KGID107551,Sandeep Hiremath,1995-04-24,1,2,0,2000-09-26
7553,19,385,11,3,KGID107552,Kiran Jadhav,1992-01-12,1,6,0,2000-10-31
7554,19,385,11,3,KGID107553,Pallavi Nayak,2000-07-08,2,4,0,2006-08-14
7555,19,385,11,3,KGID107554,Basavaraj Hiremath,1983-08-15,1,8,0,2008-07-17
7556,19,385,11,3,KGID107555,Sandeep Kamath,1996-02-09,1,8,0,2014-07-18
7557,19,385,12,3,KGID107556,Naveen Devaraj,1987-03-15,1,6,0,2006-10-07
7558,19,385,12,3,KGID107557,Basavaraj Kumar,1995-12-26,1,1,1,2000-08-17
7559,19,385,12,3,KGID107558,Prakash Kumar,1995-02-17,1,8,0,2005-06-16
7560,19,385,12,3,KGID107559,Gopal Naik,1994-08-18,1,6,0,2012-09-20
7561,19,385,12,3,KGID107560,Shobha Achar,1985-04-06,2,3,0,2011-06-23
7562,19,385,12,3,KGID107561,Rajesh Hegde,1998-09-08,1,1,0,2005-07-17
7563,19,385,12,3,KGID107562,Manoj Bhat,1983-02-24,1,4,0,2019-07-10
7564,19,385,12,3,KGID107563,Chandrashekar Shetty,1983-10-10,1,8,0,2003-07-02
7565,19,385,12,3,KGID107564,Prakash Rao,1989-02-01,1,6,0,2000-09-18
7566,19,385,12,3,KGID107565,Rajesh Naik,1993-04-12,1,2,0,2000-05-02
7567,19,385,12,3,KGID107566,Nagaraj Kumar,2001-11-08,1,8,0,2021-05-20
7568,19,385,12,3,KGID107567,Mahesh Reddy,1998-07-05,1,5,0,2006-09-28
7569,19,385,12,3,KGID107568,Manjunath Iyer,1984-10-12,1,7,0,2020-07-14
7570,19,385,12,3,KGID107569,Krishna Jadhav,1995-09-18,1,8,0,2006-04-28
7571,19,385,12,3,KGID107570,Nagaraj Hiremath,2002-09-10,1,2,0,2013-09-16
7572,19,385,12,3,KGID107571,Shivakumar Achar,1993-08-19,1,3,0,2006-10-09
7573,19,386,9,2,KGID107572,Pushpa Shetty,1991-03-03,2,2,0,2010-08-15
7574,19,386,8,2,KGID107573,Lokesh Jadhav,1997-02-12,1,7,0,2004-10-26
7575,19,386,9,1,KGID107574,Dinesh Desai,1984-03-31,1,8,0,2014-10-18
7576,19,386,9,1,KGID107575,Rajesh Reddy,1989-09-18,1,1,0,2011-05-25
7577,19,386,10,3,KGID107576,Chandrashekar Kamath,1986-07-13,1,2,0,2022-06-20
7578,19,386,10,3,KGID107577,Shivakumar Poojary,1980-11-07,1,6,0,2000-04-03
7579,19,386,10,3,KGID107578,Raghavendra Bhandari,1992-08-12,1,4,0,2021-06-01
7580,19,386,11,3,KGID107579,Chandrashekar Jadhav,1977-12-01,1,6,0,2021-07-23
7581,19,386,11,3,KGID107580,Prakash Hiremath,2001-10-11,1,1,0,2011-11-02
7582,19,386,11,3,KGID107581,Kiran Hegde,1979-02-10,1,7,0,1999-01-03
7583,19,386,11,3,KGID107582,Nandini Iyer,1994-01-23,2,3,0,2012-11-03
7584,19,386,11,3,KGID107583,Chandrashekar Patil,1980-11-27,1,4,0,2010-07-08
7585,19,386,11,3,KGID107584,Rajesh Kamath,2000-05-26,1,8,0,2000-09-06
7586,19,386,12,3,KGID107585,Dinesh Iyer,1983-08-16,1,5,0,2007-08-11
7587,19,386,12,3,KGID107586,Harish Devaraj,1998-12-23,1,6,0,2023-05-10
7588,19,386,12,3,KGID107587,Yogesh Devaraj,1980-05-26,1,2,0,2000-05-02
7589,19,386,12,3,KGID107588,Umesh Kumar,1995-06-07,1,4,0,2000-07-14
7590,19,386,12,3,KGID107589,Radha Hegde,1997-09-27,2,7,0,2018-06-30
7591,19,386,12,3,KGID107590,Ramesh Hiremath,1994-05-20,1,7,0,2000-07-11
7592,19,386,12,3,KGID107591,Sandeep Iyer,2003-05-19,1,1,0,2022-09-29
7593,19,386,12,3,KGID107592,Lokesh Poojary,1992-06-04,1,6,0,2010-12-14
7594,19,386,12,3,KGID107593,Manjunath Naik,1993-01-09,1,7,0,2019-05-30
7595,19,386,12,3,KGID107594,Shobha Poojary,1991-07-03,2,5,0,2012-09-19
7596,19,386,12,3,KGID107595,Manjunath Rao,2001-02-08,1,5,0,2001-08-28
7597,19,386,12,3,KGID107596,Mahesh Hiremath,1980-08-31,1,5,0,2017-03-18
7598,19,386,12,3,KGID107597,Suresh Gowda,1998-07-29,1,1,0,2005-06-22
7599,19,386,12,3,KGID107598,Ravi Hiremath,1987-02-07,1,8,0,2002-10-20
7600,19,387,8,2,KGID107599,Kiran Bhandari,1981-04-04,1,3,0,2020-09-14
7601,19,387,8,2,KGID107600,Anand Kumar,1981-03-14,1,8,0,2005-09-16
7602,19,387,9,1,KGID107601,Ravi Kumar,1995-11-20,1,2,0,2010-07-19
7603,19,387,10,3,KGID107602,Prakash Hiremath,1989-05-21,1,1,0,2011-01-01
7604,19,387,10,3,KGID107603,Manoj Reddy,1987-01-11,1,3,0,2009-07-26
7605,19,387,11,3,KGID107604,Shivakumar Reddy,1992-03-09,1,4,0,1998-11-25
7606,19,387,11,3,KGID107605,Shivakumar Patil,1998-06-15,1,8,0,1996-05-30
7607,19,387,11,3,KGID107606,Umesh Kamath,1995-11-30,1,8,0,2017-11-22
7608,19,387,11,3,KGID107607,Shivakumar Reddy,1983-09-08,1,8,0,2020-09-02
7609,19,387,11,3,KGID107608,Shivakumar Kamath,1988-10-08,1,4,0,1998-07-16
7610,19,387,12,3,KGID107609,Manjunath Hiremath,1991-02-06,1,3,0,2012-12-03
7611,19,387,12,3,KGID107610,Prakash Poojary,1980-06-08,1,4,0,2003-07-19
7612,19,387,12,3,KGID107611,Pradeep Iyer,1990-10-15,1,5,0,2008-11-18
7613,19,387,12,3,KGID107612,Geetha Shetty,1998-06-10,2,5,0,2018-04-05
7614,19,387,12,3,KGID107613,Raghavendra Poojary,1994-12-27,1,1,0,2017-09-22
7615,19,387,12,3,KGID107614,Ramesh Iyer,1995-03-11,1,8,0,2010-04-22
7616,19,387,12,3,KGID107615,Raghavendra Nayak,1981-08-13,1,3,0,2010-07-28
7617,19,387,12,3,KGID107616,Dinesh Rao,1989-09-20,1,2,0,2004-03-27
7618,19,387,12,3,KGID107617,Yogesh Desai,1994-07-26,1,5,0,2007-04-03
7619,19,387,12,3,KGID107618,Pradeep Patil,1980-07-16,1,6,0,2022-09-13
7620,19,387,12,3,KGID107619,Suresh Jadhav,1995-02-02,1,7,0,2011-06-28
7621,19,388,9,5,KGID107620,Anand Desai,1978-03-30,1,5,0,2010-09-15
7622,19,388,9,5,KGID107621,Naveen Iyer,1995-09-14,1,4,0,2014-11-21
7623,19,388,9,1,KGID107622,Vinay Patil,1983-01-20,1,1,0,2003-09-02
7624,19,388,10,3,KGID107623,Mahesh Poojary,1986-11-02,1,6,0,2004-05-23
7625,19,388,10,3,KGID107624,Harish Naik,1995-12-18,1,4,0,2010-04-25
7626,19,388,10,3,KGID107625,Umesh Desai,1993-09-21,1,8,0,2011-05-25
7627,19,388,11,3,KGID107626,Vinay Shetty,1998-12-21,1,8,0,1996-03-28
7628,19,388,11,3,KGID107627,Kiran Naik,1978-11-16,1,1,0,2007-10-03
7629,19,388,11,3,KGID107628,Deepa Hiremath,1993-12-21,2,3,0,2004-09-03
7630,19,388,11,3,KGID107629,Girish Reddy,1980-11-14,1,1,0,1995-05-06
7631,19,388,11,3,KGID107630,Savitri Devaraj,1981-01-06,2,7,0,2010-06-16
7632,19,388,11,3,KGID107631,Vijay Hiremath,1998-04-26,1,8,0,2015-05-06
7633,19,388,11,3,KGID107632,Anand Hiremath,1981-02-27,1,5,0,2009-04-11
7634,19,388,11,3,KGID107633,Srinivas Bhat,1985-02-24,1,8,0,2001-05-01
7635,19,388,12,3,KGID107634,Umesh Kamath,1989-11-27,1,2,0,2020-08-06
7636,19,388,12,3,KGID107635,Harish Kamath,1985-08-13,1,1,0,2010-12-02
7637,19,388,12,3,KGID107636,Sowmya Bhat,1986-01-13,2,2,0,2018-09-10
7638,19,388,12,3,KGID107637,Dinesh Hiremath,1984-09-28,1,7,0,2019-04-26
7639,19,388,12,3,KGID107638,Vijay Devaraj,1991-04-07,1,3,0,2002-03-21
7640,19,388,12,3,KGID107639,Suresh Hegde,1997-10-04,1,1,0,2011-07-20
7641,19,388,12,3,KGID107640,Vinay Rao,2000-08-26,1,1,0,2020-11-14
7642,19,388,12,3,KGID107641,Girish Iyer,1991-07-02,1,3,0,2020-09-10
7643,19,389,9,6,KGID107642,Suresh Hegde,1978-07-05,1,7,0,2008-05-27
7644,19,389,8,6,KGID107643,Naveen Bhandari,1997-04-06,1,8,0,2015-03-20
7645,19,389,9,1,KGID107644,Nandini Kulkarni,1989-09-26,2,7,0,2007-06-03
7646,19,389,9,1,KGID107645,Chandrashekar Reddy,1981-05-27,1,2,0,2010-04-29
7647,19,389,10,3,KGID107646,Chandrashekar Patil,1994-07-21,1,5,0,2014-07-24
7648,19,389,10,3,KGID107647,Lokesh Hiremath,1997-07-15,1,4,0,2000-09-28
7649,19,389,11,3,KGID107648,Sowmya Bhat,1992-03-29,2,4,0,1997-03-19
7650,19,389,11,3,KGID107649,Suresh Hiremath,1999-10-08,1,6,0,1996-12-14
7651,19,389,11,3,KGID107650,Anitha Nayak,2000-07-31,2,2,0,2022-12-18
7652,19,389,11,3,KGID107651,Kiran Nayak,1987-12-25,1,3,0,2017-06-10
7653,19,389,11,3,KGID107652,Girish Patil,1976-05-06,1,4,0,2000-09-02
7654,19,389,11,3,KGID107653,Raghavendra Kulkarni,1981-10-27,1,2,0,2014-12-03
7655,19,389,12,3,KGID107654,Umesh Patil,1986-05-09,1,8,0,2011-10-14
7656,19,389,12,3,KGID107655,Manoj Reddy,1989-03-05,1,3,0,2002-08-10
7657,19,389,12,3,KGID107656,Krishna Nayak,2001-04-28,1,3,0,2019-04-25
7658,19,389,12,3,KGID107657,Ravi Desai,1994-11-25,1,7,0,2008-07-17
7659,19,389,12,3,KGID107658,Dinesh Nayak,1997-10-26,1,7,0,2015-12-05
7660,19,389,12,3,KGID107659,Manjunath Kamath,1985-06-10,1,7,0,2001-07-28
7661,19,389,12,3,KGID107660,Yogesh Naik,1989-11-23,1,7,0,2015-07-09
7662,19,389,12,3,KGID107661,Pradeep Hiremath,1982-04-14,1,7,0,2001-05-31
7663,19,389,12,3,KGID107662,Nagaraj Kulkarni,1980-09-24,1,8,0,2009-04-19
7664,19,389,12,3,KGID107663,Gopal Bhandari,1990-11-08,1,4,0,2018-12-01
7665,19,389,12,3,KGID107664,Chandrashekar Desai,1984-03-07,1,1,0,2021-04-25
7666,19,390,9,4,KGID107665,Naveen Kulkarni,1978-01-07,1,7,0,2023-10-29
7667,19,390,9,4,KGID107666,Vijay Devaraj,1988-07-21,1,4,1,2018-05-22
7668,19,390,9,1,KGID107667,Yogesh Hiremath,1999-09-17,1,1,0,2004-04-02
7669,19,390,9,1,KGID107668,Raghavendra Kamath,1990-06-07,1,2,0,2013-03-22
7670,19,390,10,3,KGID107669,Srinivas Hiremath,1983-06-13,1,8,0,2006-08-04
7671,19,390,10,3,KGID107670,Lakshmi Shetty,1981-01-13,2,3,0,2017-10-04
7672,19,390,11,3,KGID107671,Ravi Shetty,1984-06-18,1,8,0,2007-05-10
7673,19,390,11,3,KGID107672,Rajesh Devaraj,1978-05-06,1,6,0,2006-07-02
7674,19,390,11,3,KGID107673,Girish Gowda,1979-06-29,1,3,0,1995-07-27
7675,19,390,11,3,KGID107674,Lokesh Hiremath,1988-08-15,1,2,0,2017-12-25
7676,19,390,11,3,KGID107675,Nagaraj Gowda,1997-10-11,1,5,0,2012-05-14
7677,19,390,11,3,KGID107676,Pradeep Hegde,1996-06-06,1,6,0,2011-08-02
7678,19,390,12,3,KGID107677,Nagaraj Kulkarni,2004-03-19,1,4,0,2015-07-27
7679,19,390,12,3,KGID107678,Mahesh Rao,1980-03-26,1,3,0,2019-05-31
7680,19,390,12,3,KGID107679,Ravi Shetty,1996-05-01,1,3,0,2009-05-31
7681,19,390,12,3,KGID107680,Suresh Naik,1988-12-10,1,3,0,2008-12-01
7682,19,390,12,3,KGID107681,Vinay Kumar,1988-04-14,1,8,0,2002-06-02
7683,19,390,12,3,KGID107682,Srinivas Desai,1997-03-07,1,4,0,2004-06-21
7684,19,390,12,3,KGID107683,Santosh Hiremath,1980-02-19,1,4,0,2016-09-22
7685,19,390,12,3,KGID107684,Vijay Shetty,1988-05-26,1,7,0,2010-03-28
7686,19,390,12,3,KGID107685,Prakash Kulkarni,1988-10-25,1,4,0,2012-04-17
7687,19,390,12,3,KGID107686,Lokesh Poojary,1981-06-03,1,6,0,2006-11-15
7688,19,390,12,3,KGID107687,Yogesh Kamath,2000-09-01,1,4,0,2013-12-16
7689,19,390,12,3,KGID107688,Shobha Kumar,1989-09-12,2,1,0,2000-07-07
7690,19,390,12,3,KGID107689,Lakshmi Shetty,1988-09-01,2,4,0,2004-06-14
7691,19,390,12,3,KGID107690,Sunita Jadhav,1999-03-09,2,7,0,2004-07-11
7692,20,395,8,2,KGID107691,Naveen Jadhav,1984-02-06,1,2,0,2003-05-30
7693,20,395,9,2,KGID107692,Rajesh Jadhav,1985-05-30,1,7,0,2009-05-23
7694,20,395,9,1,KGID107693,Manjunath Jadhav,1992-01-15,1,2,0,2004-05-05
7695,20,395,9,1,KGID107694,Ramesh Nayak,1998-07-08,1,7,0,2003-03-18
7696,20,395,10,3,KGID107695,Suresh Bhat,1982-03-26,1,4,0,2016-09-14
7697,20,395,10,3,KGID107696,Naveen Nayak,1992-12-18,1,3,0,2002-06-04
7698,20,395,11,3,KGID107697,Basavaraj Nayak,2000-01-09,1,8,0,2016-09-02
7699,20,395,11,3,KGID107698,Anand Nayak,1989-07-14,1,2,0,2020-04-07
7700,20,395,11,3,KGID107699,Manjunath Shetty,1975-06-18,1,3,0,1999-06-21
7701,20,395,11,3,KGID107700,Yogesh Rao,2001-06-16,1,5,0,2016-07-01
7702,20,395,11,3,KGID107701,Yogesh Reddy,1995-03-08,1,7,0,2006-07-12
7703,20,395,11,3,KGID107702,Ramesh Reddy,1985-07-29,1,5,0,2022-12-28
7704,20,395,11,3,KGID107703,Vijay Gowda,1985-02-13,1,1,0,2001-07-10
7705,20,395,12,3,KGID107704,Krishna Bhandari,1986-04-24,1,3,0,2010-05-28
7706,20,395,12,3,KGID107705,Lokesh Iyer,1996-02-12,1,2,0,2013-12-27
7707,20,395,12,3,KGID107706,Nagaveni Hegde,1985-12-27,2,6,0,2014-04-22
7708,20,395,12,3,KGID107707,Sandeep Devaraj,1989-07-02,1,6,0,2015-09-11
7709,20,395,12,3,KGID107708,Chandrashekar Kumar,1992-08-11,1,1,0,2004-03-23
7710,20,395,12,3,KGID107709,Ramesh Reddy,1981-03-24,1,3,0,2004-05-24
7711,20,395,12,3,KGID107710,Manoj Patil,1982-06-06,1,6,0,2014-06-25
7712,20,395,12,3,KGID107711,Yogesh Gowda,1997-12-21,1,3,0,2023-10-19
7713,20,395,12,3,KGID107712,Rajesh Kamath,1993-12-09,1,8,0,2008-06-05
7714,20,395,12,3,KGID107713,Santosh Jadhav,1982-06-02,1,1,0,2001-03-25
7715,20,395,12,3,KGID107714,Umesh Jadhav,2001-08-30,1,7,0,2012-09-03
7716,20,395,12,3,KGID107715,Vijay Patil,1984-01-06,1,3,0,2020-05-25
7717,20,395,12,3,KGID107716,Suresh Gowda,2003-04-27,1,7,0,2014-01-01
7718,20,395,12,3,KGID107717,Nagaraj Bhat,1980-03-01,1,6,0,2002-11-27
7719,20,395,12,3,KGID107718,Umesh Reddy,1997-03-14,1,5,0,2002-10-19
7720,20,396,9,2,KGID107719,Naveen Reddy,1984-07-21,1,2,0,2018-09-17
7721,20,396,9,1,KGID107720,Pradeep Patil,1982-03-03,1,4,0,2014-08-14
7722,20,396,10,3,KGID107721,Lokesh Kulkarni,1982-03-23,1,7,0,2012-11-22
7723,20,396,10,3,KGID107722,Anand Patil,1994-09-24,1,6,0,2022-09-02
7724,20,396,11,3,KGID107723,Ravi Bhat,1991-03-15,1,7,0,2022-05-01
7725,20,396,11,3,KGID107724,Sandeep Shetty,1979-12-10,1,7,0,2023-05-27
7726,20,396,11,3,KGID107725,Vijay Desai,1981-12-10,1,5,0,1998-10-29
7727,20,396,11,3,KGID107726,Manjunath Kulkarni,1976-04-30,1,4,0,2003-11-11
7728,20,396,12,3,KGID107727,Sandeep Hiremath,1983-07-03,1,3,0,2005-09-11
7729,20,396,12,3,KGID107728,Krishna Hiremath,1994-11-02,1,7,0,2006-05-26
7730,20,396,12,3,KGID107729,Anand Devaraj,1986-09-12,1,1,0,2023-09-29
7731,20,396,12,3,KGID107730,Shivakumar Poojary,2002-04-24,1,1,0,2012-12-11
7732,20,396,12,3,KGID107731,Basavaraj Achar,1998-11-14,1,1,0,2005-11-18
7733,20,396,12,3,KGID107732,Gopal Achar,1981-04-07,1,6,0,2012-04-09
7734,20,396,12,3,KGID107733,Vinay Gowda,1987-12-07,1,4,0,2006-08-20
7735,20,396,12,3,KGID107734,Manjunath Kamath,1991-07-13,1,3,0,2014-05-14
7736,20,396,12,3,KGID107735,Vinay Hiremath,1984-12-15,1,8,0,2002-07-01
7737,20,396,12,3,KGID107736,Savitri Reddy,1989-12-22,2,4,0,2013-06-14
7738,20,397,8,2,KGID107737,Harish Devaraj,1986-06-24,1,5,0,2023-03-09
7739,20,397,8,2,KGID107738,Basavaraj Hegde,1987-01-05,1,6,0,1996-11-20
7740,20,397,9,1,KGID107739,Mahesh Naik,1987-02-23,1,6,0,2012-06-26
7741,20,397,10,3,KGID107740,Umesh Bhat,1989-02-27,1,6,0,2023-04-16
7742,20,397,10,3,KGID107741,Krishna Bhandari,1987-07-26,1,4,0,2008-04-05
7743,20,397,10,3,KGID107742,Gopal Kumar,1985-03-23,1,5,0,2001-09-02
7744,20,397,11,3,KGID107743,Sandeep Bhandari,1994-05-17,1,1,0,2019-03-19
7745,20,397,11,3,KGID107744,Manoj Poojary,1991-10-23,1,1,0,2021-03-18
7746,20,397,11,3,KGID107745,Lokesh Nayak,2001-10-28,1,8,0,2009-06-03
7747,20,397,11,3,KGID107746,Dinesh Hegde,1977-08-08,1,3,0,2018-08-28
7748,20,397,11,3,KGID107747,Basavaraj Achar,1999-02-18,1,7,0,2005-12-12
7749,20,397,11,3,KGID107748,Girish Jadhav,1997-09-09,1,2,0,2008-05-20
7750,20,397,11,3,KGID107749,Santosh Kumar,1976-09-07,1,5,0,2023-04-02
7751,20,397,11,3,KGID107750,Lokesh Gowda,1996-09-02,1,4,0,2008-04-07
7752,20,397,12,3,KGID107751,Vijay Kulkarni,1998-09-29,1,5,0,2000-10-07
7753,20,397,12,3,KGID107752,Krishna Jadhav,1993-06-09,1,7,0,2013-06-12
7754,20,397,12,3,KGID107753,Lokesh Jadhav,1987-12-24,1,1,0,2000-07-21
7755,20,397,12,3,KGID107754,Dinesh Bhat,1982-07-11,1,4,0,2006-03-18
7756,20,397,12,3,KGID107755,Lokesh Patil,1994-05-13,1,6,0,2012-12-08
7757,20,397,12,3,KGID107756,Ramesh Jadhav,1983-04-08,1,2,0,2001-07-21
7758,20,397,12,3,KGID107757,Srinivas Kumar,2003-05-05,1,5,0,2009-08-18
7759,20,397,12,3,KGID107758,Raghavendra Nayak,1988-11-12,1,7,0,2012-11-07
7760,20,397,12,3,KGID107759,Vinay Kumar,1985-02-08,1,8,0,2004-07-16
7761,20,397,12,3,KGID107760,Sandeep Reddy,2004-06-11,1,7,0,2012-06-06
7762,20,397,12,3,KGID107761,Umesh Iyer,1987-04-02,1,6,0,2012-08-09
7763,20,397,12,3,KGID107762,Yogesh Desai,1984-01-26,1,7,0,2011-09-15
7764,20,397,12,3,KGID107763,Naveen Hegde,1985-02-27,1,5,0,2012-12-12
7765,20,398,8,2,KGID107764,Naveen Rao,1990-03-28,1,7,0,2020-05-28
7766,20,398,9,1,KGID107765,Vijay Poojary,1991-04-23,1,2,0,2014-11-10
7767,20,398,10,3,KGID107766,Chandrashekar Shetty,1995-04-03,1,6,0,2007-09-09
7768,20,398,10,3,KGID107767,Girish Patil,1999-02-04,1,6,0,2012-09-21
7769,20,398,11,3,KGID107768,Nagaraj Achar,1995-11-30,1,2,0,2002-09-29
7770,20,398,11,3,KGID107769,Vijay Devaraj,1988-01-08,1,8,0,2018-04-30
7771,20,398,11,3,KGID107770,Pushpa Kulkarni,1992-05-20,2,3,0,1997-03-19
7772,20,398,11,3,KGID107771,Yogesh Poojary,1994-02-25,1,2,0,1995-11-14
7773,20,398,11,3,KGID107772,Roopa Hiremath,1988-03-30,2,6,0,2018-10-08
7774,20,398,11,3,KGID107773,Prakash Shetty,1985-08-24,1,6,0,2002-09-29
7775,20,398,12,3,KGID107774,Vijay Kulkarni,1983-05-03,1,5,0,2014-12-28
7776,20,398,12,3,KGID107775,Basavaraj Bhandari,2004-05-19,1,7,0,2017-05-04
7777,20,398,12,3,KGID107776,Ramesh Desai,1989-07-16,1,1,0,2010-07-15
7778,20,398,12,3,KGID107777,Vinay Reddy,1988-09-07,1,6,0,2000-08-12
7779,20,398,12,3,KGID107778,Vinay Iyer,1988-12-21,1,6,0,2004-07-29
7780,20,398,12,3,KGID107779,Nagaraj Reddy,1983-11-08,1,7,0,2014-11-12
7781,20,398,12,3,KGID107780,Mahesh Patil,1987-09-04,1,8,0,2023-11-29
7782,20,398,12,3,KGID107781,Srinivas Kumar,1984-02-04,1,5,0,2011-08-30
7783,20,398,12,3,KGID107782,Sandeep Rao,1998-09-04,1,1,0,2008-07-11
7784,20,398,12,3,KGID107783,Vinay Achar,1993-06-27,1,2,0,2004-11-19
7785,20,398,12,3,KGID107784,Santosh Shetty,1995-11-30,1,8,0,2012-05-07
7786,20,398,12,3,KGID107785,Girish Nayak,1988-08-24,1,2,0,2023-11-18
7787,20,398,12,3,KGID107786,Pallavi Kumar,1988-12-05,2,6,0,2023-12-31
7788,20,398,12,3,KGID107787,Prakash Devaraj,2001-02-04,1,6,0,2014-07-12
7789,20,398,12,3,KGID107788,Shivakumar Jadhav,1986-01-22,1,4,0,2003-07-08
7790,20,399,8,2,KGID107789,Naveen Kamath,1985-04-04,1,7,0,2022-05-08
7791,20,399,8,2,KGID107790,Santosh Hiremath,1981-12-17,1,2,0,2006-08-28
7792,20,399,9,1,KGID107791,Umesh Kulkarni,1982-08-05,1,3,0,2007-10-27
7793,20,399,9,1,KGID107792,Ramesh Gowda,1999-03-09,1,5,0,2004-12-21
7794,20,399,10,3,KGID107793,Ravi Hegde,1988-08-21,1,1,0,2015-07-14
7795,20,399,10,3,KGID107794,Nagaraj Kumar,1988-02-01,1,1,0,2023-08-22
7796,20,399,10,3,KGID107795,Suresh Gowda,1984-05-10,1,3,0,2016-09-17
7797,20,399,11,3,KGID107796,Rajesh Kulkarni,1975-07-04,1,3,0,2016-10-24
7798,20,399,11,3,KGID107797,Srinivas Iyer,1976-05-03,1,1,0,2016-05-30
7799,20,399,11,3,KGID107798,Krishna Naik,1995-10-26,1,6,0,2003-06-24
7800,20,399,11,3,KGID107799,Girish Iyer,1993-05-16,1,3,0,2016-07-05
7801,20,399,11,3,KGID107800,Gopal Shetty,1977-02-10,1,1,0,2012-08-24
7802,20,399,11,3,KGID107801,Gopal Kulkarni,1975-07-21,1,4,0,1996-09-23
7803,20,399,11,3,KGID107802,Dinesh Bhat,1975-07-08,1,7,0,2020-09-25
7804,20,399,12,3,KGID107803,Sandeep Naik,1991-12-10,1,1,0,2003-06-27
7805,20,399,12,3,KGID107804,Ramesh Nayak,1985-01-14,1,1,0,2009-10-17
7806,20,399,12,3,KGID107805,Prakash Poojary,2002-08-27,1,5,0,2003-09-05
7807,20,399,12,3,KGID107806,Kiran Shetty,2002-03-01,1,7,0,2004-11-22
7808,20,399,12,3,KGID107807,Kiran Bhat,1995-12-14,1,5,0,2003-10-19
7809,20,399,12,3,KGID107808,Mahesh Reddy,1999-06-02,1,3,0,2022-12-12
7810,20,399,12,3,KGID107809,Umesh Kulkarni,1988-08-30,1,4,0,2017-07-03
7811,20,399,12,3,KGID107810,Nagaraj Jadhav,1985-07-31,1,3,0,2005-08-06
7812,20,399,12,3,KGID107811,Umesh Desai,2002-02-12,1,6,0,2008-08-16
7813,20,399,12,3,KGID107812,Nagaraj Poojary,1996-02-24,1,6,0,2009-05-16
7814,20,399,12,3,KGID107813,Jayashree Shetty,1999-04-19,2,4,0,2007-07-20
7815,20,399,12,3,KGID107814,Suresh Shetty,1991-06-07,1,2,0,2012-05-17
7816,20,399,12,3,KGID107815,Santosh Hegde,2002-10-13,1,8,0,2019-11-28
7817,20,399,12,3,KGID107816,Naveen Patil,1998-02-13,1,5,0,2002-08-26
7818,20,400,8,2,KGID107817,Pradeep Kulkarni,1987-08-16,1,5,0,2002-07-22
7819,20,400,8,2,KGID107818,Girish Jadhav,1978-06-09,1,3,0,1995-04-18
7820,20,400,9,1,KGID107819,Srinivas Shetty,1988-08-16,1,6,0,2017-12-16
7821,20,400,10,3,KGID107820,Manjunath Desai,1990-10-13,1,4,0,2021-07-06
7822,20,400,10,3,KGID107821,Rajesh Achar,1991-06-29,1,3,0,2010-12-26
7823,20,400,11,3,KGID107822,Yogesh Iyer,1993-05-13,1,7,0,2020-07-03
7824,20,400,11,3,KGID107823,Suresh Shetty,2001-04-02,1,1,0,2022-11-24
7825,20,400,11,3,KGID107824,Shivakumar Bhat,1998-10-28,1,2,0,2017-03-11
7826,20,400,11,3,KGID107825,Santosh Reddy,1975-06-14,1,4,0,2004-04-19
7827,20,400,11,3,KGID107826,Basavaraj Rao,1990-08-30,1,7,0,2020-08-21
7828,20,400,11,3,KGID107827,Prakash Devaraj,1981-11-04,1,5,0,2010-11-01
7829,20,400,12,3,KGID107828,Vinay Iyer,1989-11-16,1,2,0,2013-12-17
7830,20,400,12,3,KGID107829,Yogesh Jadhav,1992-05-03,1,1,0,2006-05-26
7831,20,400,12,3,KGID107830,Pradeep Kamath,2002-01-24,1,2,0,2020-07-06
7832,20,400,12,3,KGID107831,Girish Rao,1991-04-10,1,7,0,2014-10-01
7833,20,400,12,3,KGID107832,Girish Shetty,1993-08-24,1,7,0,2010-12-16
7834,20,400,12,3,KGID107833,Suresh Iyer,1986-01-14,1,8,0,2017-11-20
7835,20,400,12,3,KGID107834,Kiran Jadhav,1990-09-05,1,2,0,2018-09-23
7836,20,400,12,3,KGID107835,Nandini Desai,1994-07-19,2,7,0,2019-05-16
7837,20,400,12,3,KGID107836,Krishna Rao,1999-02-19,1,4,0,2012-01-02
7838,20,400,12,3,KGID107837,Santosh Gowda,1995-12-28,1,7,0,2002-03-15
7839,20,400,12,3,KGID107838,Ravi Desai,2002-03-05,1,7,0,2000-06-30
7840,20,400,12,3,KGID107839,Rekha Bhandari,1986-06-24,2,4,0,2005-03-20
7841,20,401,8,2,KGID107840,Raghavendra Jadhav,1979-02-16,1,8,0,2020-03-18
7842,20,401,8,2,KGID107841,Srinivas Gowda,1992-09-10,1,1,0,2002-11-26
7843,20,401,9,1,KGID107842,Yogesh Iyer,1997-07-06,1,7,0,2013-11-08
7844,20,401,9,1,KGID107843,Girish Rao,1985-09-25,1,8,0,2013-09-22
7845,20,401,10,3,KGID107844,Mahesh Achar,1984-03-13,1,7,0,2004-06-15
7846,20,401,10,3,KGID107845,Sandeep Nayak,1983-07-07,1,4,0,1997-04-07
7847,20,401,11,3,KGID107846,Kiran Poojary,1989-10-19,1,6,0,2021-12-03
7848,20,401,11,3,KGID107847,Sandeep Kulkarni,1977-11-30,1,4,0,2014-08-28
7849,20,401,11,3,KGID107848,Manoj Shetty,1989-07-07,1,2,0,2002-08-12
7850,20,401,11,3,KGID107849,Dinesh Naik,1990-05-30,1,4,0,2008-12-03
7851,20,401,12,3,KGID107850,Gopal Achar,1983-10-30,1,1,0,2009-07-20
7852,20,401,12,3,KGID107851,Anand Poojary,1984-04-06,1,8,0,2005-07-21
7853,20,401,12,3,KGID107852,Vinay Rao,1994-04-17,1,4,0,2014-09-22
7854,20,401,12,3,KGID107853,Manoj Kumar,1986-08-22,1,3,0,2013-10-11
7855,20,401,12,3,KGID107854,Shobha Gowda,1987-06-03,2,2,0,2022-05-30
7856,20,401,12,3,KGID107855,Umesh Kamath,1983-08-25,1,2,0,2022-03-14
7857,20,401,12,3,KGID107856,Nagaraj Naik,1995-11-16,1,6,0,2015-01-03
7858,20,401,12,3,KGID107857,Yogesh Nayak,2002-01-11,1,3,0,2016-08-20
7859,20,401,12,3,KGID107858,Vani Patil,1982-06-20,2,3,0,2016-06-05
7860,20,401,12,3,KGID107859,Shivakumar Nayak,1991-08-07,1,4,0,2009-10-28
7861,20,401,12,3,KGID107860,Girish Kamath,1981-10-12,1,7,0,2014-07-14
7862,20,401,12,3,KGID107861,Anand Patil,1995-11-05,1,8,0,2015-12-22
7863,20,402,9,2,KGID107862,Lokesh Bhandari,1993-07-04,1,7,0,2002-09-08
7864,20,402,9,1,KGID107863,Rajesh Achar,1989-02-23,1,3,0,2018-05-17
7865,20,402,9,1,KGID107864,Prakash Rao,1996-04-02,1,3,0,2003-04-01
7866,20,402,10,3,KGID107865,Anitha Jadhav,1988-06-24,2,1,0,2020-08-23
7867,20,402,10,3,KGID107866,Srinivas Kulkarni,1986-01-10,1,1,0,2018-12-30
7868,20,402,11,3,KGID107867,Sandeep Iyer,1980-09-07,1,2,0,2012-11-14
7869,20,402,11,3,KGID107868,Prakash Kulkarni,1991-02-11,1,1,0,2017-09-05
7870,20,402,11,3,KGID107869,Srinivas Desai,1990-09-27,1,1,0,2016-04-23
7871,20,402,11,3,KGID107870,Ramesh Desai,2000-08-02,1,6,0,1995-09-11
7872,20,402,11,3,KGID107871,Manjunath Desai,1996-07-03,1,3,0,2017-05-09
7873,20,402,11,3,KGID107872,Santosh Gowda,1998-07-26,1,1,0,2016-09-03
7874,20,402,11,3,KGID107873,Lokesh Achar,1996-07-19,1,5,0,2011-03-17
7875,20,402,12,3,KGID107874,Manjunath Kumar,1996-12-04,1,6,0,2017-09-05
7876,20,402,12,3,KGID107875,Anand Devaraj,1991-04-27,1,3,0,2016-08-08
7877,20,402,12,3,KGID107876,Nagaraj Devaraj,1984-06-03,1,4,0,2017-11-20
7878,20,402,12,3,KGID107877,Kiran Bhandari,1985-12-26,1,2,0,2017-07-28
7879,20,402,12,3,KGID107878,Girish Poojary,1993-06-27,1,7,0,2003-07-16
7880,20,402,12,3,KGID107879,Krishna Shetty,1998-06-16,1,6,0,2014-06-04
7881,20,402,12,3,KGID107880,Shwetha Reddy,1995-07-26,2,4,0,2018-10-01
7882,20,402,12,3,KGID107881,Vijay Iyer,1994-01-22,1,3,0,2017-07-29
7883,20,402,12,3,KGID107882,Pushpa Nayak,1985-05-27,2,7,0,2004-03-22
7884,20,402,12,3,KGID107883,Santosh Hegde,1990-05-21,1,6,0,2013-03-29
7885,20,402,12,3,KGID107884,Dinesh Poojary,1983-03-06,1,5,1,2009-01-05
7886,20,402,12,3,KGID107885,Girish Patil,1991-08-15,1,6,0,2021-10-21
7887,20,402,12,3,KGID107886,Vijay Shetty,2000-08-02,1,1,0,2015-05-14
7888,20,402,12,3,KGID107887,Chandrashekar Shetty,1990-07-22,1,3,0,2023-11-09
7889,20,402,12,3,KGID107888,Gopal Kumar,2004-09-30,1,5,0,2003-08-23
7890,20,403,8,2,KGID107889,Srinivas Poojary,1976-07-19,1,4,0,2019-06-23
7891,20,403,9,1,KGID107890,Lokesh Reddy,1986-08-11,1,2,0,2018-05-11
7892,20,403,9,1,KGID107891,Raghavendra Shetty,1987-08-30,1,7,0,2002-07-31
7893,20,403,10,3,KGID107892,Srinivas Achar,1984-02-14,1,8,0,1999-05-07
7894,20,403,10,3,KGID107893,Chandrashekar Kamath,1988-05-09,1,7,0,2003-10-04
7895,20,403,10,3,KGID107894,Girish Hegde,2000-11-22,1,3,0,2001-09-10
7896,20,403,11,3,KGID107895,Basavaraj Kumar,1977-03-31,1,8,1,2000-04-01
7897,20,403,11,3,KGID107896,Prakash Kamath,1981-06-12,1,7,0,2002-05-05
7898,20,403,11,3,KGID107897,Umesh Jadhav,1982-08-20,1,6,0,2004-11-19
7899,20,403,11,3,KGID107898,Prakash Achar,1978-05-22,1,1,0,2012-06-02
7900,20,403,12,3,KGID107899,Kiran Reddy,1987-08-19,1,7,0,2005-07-23
7901,20,403,12,3,KGID107900,Vijay Kulkarni,1991-04-21,1,6,0,2018-10-15
7902,20,403,12,3,KGID107901,Gopal Poojary,2002-08-02,1,7,0,2021-12-28
7903,20,403,12,3,KGID107902,Naveen Iyer,1993-02-28,1,8,0,2018-09-28
7904,20,403,12,3,KGID107903,Rajesh Naik,2003-04-01,1,7,0,2007-07-19
7905,20,403,12,3,KGID107904,Raghavendra Desai,1998-12-10,1,2,0,2001-09-16
7906,20,403,12,3,KGID107905,Ravi Reddy,2003-10-28,1,4,0,2008-09-19
7907,20,403,12,3,KGID107906,Sandeep Iyer,1984-07-09,1,2,0,2003-03-20
7908,20,403,12,3,KGID107907,Sunita Kulkarni,2000-03-09,2,3,0,2003-10-21
7909,20,403,12,3,KGID107908,Manoj Jadhav,2003-09-24,1,3,0,2016-06-27
7910,20,403,12,3,KGID107909,Manjunath Kumar,1986-04-09,1,2,0,2004-07-07
7911,20,403,12,3,KGID107910,Pradeep Desai,1984-02-28,1,4,0,2005-04-27
7912,20,403,12,3,KGID107911,Ramesh Jadhav,1983-05-22,1,8,0,2004-10-18
7913,20,403,12,3,KGID107912,Chandrashekar Gowda,1990-04-11,1,5,0,2018-08-31
7914,20,403,12,3,KGID107913,Prakash Devaraj,1986-06-28,1,5,0,2010-07-21
7915,20,403,12,3,KGID107914,Vinay Shetty,1988-07-01,1,1,0,2013-05-14
7916,20,404,8,2,KGID107915,Raghavendra Jadhav,1997-06-26,1,5,0,2007-12-04
7917,20,404,9,1,KGID107916,Vijay Kulkarni,1980-02-26,1,3,0,2020-03-08
7918,20,404,10,3,KGID107917,Pushpa Gowda,1982-04-23,2,1,0,2021-12-01
7919,20,404,10,3,KGID107918,Prakash Devaraj,1993-02-11,1,2,0,2017-03-10
7920,20,404,11,3,KGID107919,Kiran Kulkarni,1984-11-12,1,7,0,1999-12-01
7921,20,404,11,3,KGID107920,Ravi Kulkarni,1995-12-29,1,5,0,2003-07-19
7922,20,404,11,3,KGID107921,Manjula Hegde,1991-12-13,2,3,0,1996-08-17
7923,20,404,11,3,KGID107922,Anand Gowda,1975-03-17,1,3,0,2018-03-17
7924,20,404,11,3,KGID107923,Rajesh Achar,1993-02-10,1,2,0,2015-11-08
7925,20,404,11,3,KGID107924,Rajesh Rao,1983-09-24,1,5,0,2002-06-12
7926,20,404,11,3,KGID107925,Umesh Kumar,1985-04-16,1,7,0,1999-07-23
7927,20,404,11,3,KGID107926,Yogesh Gowda,1994-04-24,1,6,0,2020-09-24
7928,20,404,12,3,KGID107927,Santosh Desai,1983-08-14,1,7,0,2021-12-14
7929,20,404,12,3,KGID107928,Srinivas Nayak,1999-06-09,1,2,0,2000-07-20
7930,20,404,12,3,KGID107929,Vijay Bhat,2000-07-06,1,2,0,2006-09-21
7931,20,404,12,3,KGID107930,Manjunath Kumar,1997-07-30,1,7,0,2008-04-16
7932,20,404,12,3,KGID107931,Mahesh Hiremath,1980-08-22,1,5,0,2001-05-30
7933,20,404,12,3,KGID107932,Rajesh Kumar,2001-10-01,1,1,0,2018-12-04
7934,20,404,12,3,KGID107933,Vijay Iyer,1985-02-12,1,2,0,2020-07-13
7935,20,404,12,3,KGID107934,Lokesh Kumar,1987-07-06,1,1,0,2007-11-26
7936,20,404,12,3,KGID107935,Pradeep Bhat,1992-12-16,1,4,0,2019-09-28
7937,20,404,12,3,KGID107936,Naveen Hiremath,1984-03-13,1,1,0,2011-04-20
7938,20,404,12,3,KGID107937,Shobha Hegde,1996-12-14,2,6,0,2006-11-09
7939,20,404,12,3,KGID107938,Chandrashekar Naik,2002-06-16,1,3,0,2008-06-24
7940,20,404,12,3,KGID107939,Ramesh Hiremath,1992-03-27,1,5,0,2005-10-06
7941,20,404,12,3,KGID107940,Anand Patil,1988-01-24,1,4,0,2009-11-21
7942,20,405,8,2,KGID107941,Manoj Naik,1988-04-29,1,6,0,2002-05-25
7943,20,405,8,2,KGID107942,Ravi Jadhav,1977-09-04,1,1,0,2008-09-08
7944,20,405,9,1,KGID107943,Prakash Patil,1983-10-19,1,5,0,2020-09-14
7945,20,405,10,3,KGID107944,Sandeep Devaraj,1995-08-02,1,4,0,2003-11-21
7946,20,405,10,3,KGID107945,Ramesh Jadhav,1991-08-04,1,5,0,2011-03-21
7947,20,405,11,3,KGID107946,Raghavendra Bhandari,1991-03-27,1,1,0,2010-09-14
7948,20,405,11,3,KGID107947,Vijay Kamath,1999-03-11,1,4,0,2009-06-05
7949,20,405,11,3,KGID107948,Prakash Kamath,1991-01-06,1,6,0,2022-08-23
7950,20,405,11,3,KGID107949,Girish Gowda,1999-09-28,1,8,0,2003-12-16
7951,20,405,11,3,KGID107950,Chandrashekar Kumar,1989-12-04,1,7,0,2009-01-03
7952,20,405,11,3,KGID107951,Umesh Achar,1989-03-31,1,5,0,2000-08-23
7953,20,405,11,3,KGID107952,Lokesh Kamath,1984-01-31,1,8,0,2019-12-19
7954,20,405,12,3,KGID107953,Prakash Jadhav,1995-04-16,1,7,0,2021-04-15
7955,20,405,12,3,KGID107954,Vinay Nayak,1985-10-31,1,1,0,2016-08-13
7956,20,405,12,3,KGID107955,Pradeep Kulkarni,1990-10-29,1,3,0,2014-04-24
7957,20,405,12,3,KGID107956,Harish Poojary,1997-03-21,1,3,0,2010-09-27
7958,20,405,12,3,KGID107957,Dinesh Nayak,1986-12-03,1,5,0,2011-01-02
7959,20,405,12,3,KGID107958,Geetha Kamath,1989-01-16,2,1,0,2018-09-26
7960,20,405,12,3,KGID107959,Sandeep Hiremath,2003-01-14,1,7,0,2011-06-03
7961,20,405,12,3,KGID107960,Rajesh Bhat,1990-11-02,1,4,0,2020-03-29
7962,20,405,12,3,KGID107961,Rajesh Devaraj,1988-09-03,1,8,0,2000-12-12
7963,20,405,12,3,KGID107962,Sandeep Rao,1993-01-18,1,7,0,2009-11-21
7964,20,405,12,3,KGID107963,Prakash Achar,1993-06-26,1,6,0,2001-08-18
7965,20,405,12,3,KGID107964,Ramesh Kumar,1991-05-20,1,2,0,2020-07-15
7966,20,405,12,3,KGID107965,Prakash Hiremath,2000-12-18,1,1,0,2008-12-27
7967,20,405,12,3,KGID107966,Pradeep Bhat,1984-04-16,1,7,0,2005-09-30
7968,20,405,12,3,KGID107967,Nagaraj Iyer,1986-10-07,1,3,0,2010-10-04
7969,20,406,9,2,KGID107968,Girish Bhat,1995-07-14,1,5,0,2023-09-03
7970,20,406,9,1,KGID107969,Jayashree Hiremath,1983-06-12,2,4,0,2021-04-19
7971,20,406,9,1,KGID107970,Anitha Bhandari,1991-09-27,2,8,0,2015-10-22
7972,20,406,10,3,KGID107971,Kiran Gowda,1994-11-03,1,2,0,1997-11-06
7973,20,406,10,3,KGID107972,Sandeep Shetty,1993-03-16,1,1,0,2006-03-23
7974,20,406,11,3,KGID107973,Yogesh Achar,1994-01-05,1,6,0,2022-08-29
7975,20,406,11,3,KGID107974,Prakash Devaraj,1975-02-11,1,1,0,2005-12-29
7976,20,406,11,3,KGID107975,Basavaraj Bhat,1988-07-23,1,8,0,2001-01-07
7977,20,406,11,3,KGID107976,Srinivas Iyer,2000-01-28,1,1,0,2000-12-15
7978,20,406,11,3,KGID107977,Vinay Poojary,1987-03-08,1,4,0,2006-01-03
7979,20,406,12,3,KGID107978,Vijay Shetty,2002-03-08,1,7,0,2005-11-10
7980,20,406,12,3,KGID107979,Basavaraj Achar,1988-04-08,1,7,0,2017-06-23
7981,20,406,12,3,KGID107980,Dinesh Desai,1982-10-04,1,2,0,2011-05-23
7982,20,406,12,3,KGID107981,Srinivas Achar,1982-05-22,1,5,0,2013-10-02
7983,20,406,12,3,KGID107982,Nagaraj Nayak,1999-01-20,1,8,0,2011-11-16
7984,20,406,12,3,KGID107983,Prakash Reddy,1987-11-26,1,5,0,2002-08-25
7985,20,406,12,3,KGID107984,Nagaraj Naik,1999-05-25,1,8,0,2008-12-18
7986,20,406,12,3,KGID107985,Naveen Nayak,1994-12-19,1,5,0,2013-05-29
7987,20,407,8,2,KGID107986,Ramesh Hiremath,1980-04-12,1,6,0,2006-06-23
7988,20,407,8,2,KGID107987,Girish Hiremath,1990-03-22,1,8,0,2020-03-13
7989,20,407,9,1,KGID107988,Ravi Kumar,1991-11-29,1,4,0,2014-10-10
7990,20,407,10,3,KGID107989,Umesh Devaraj,1981-02-09,1,4,0,1998-04-08
7991,20,407,10,3,KGID107990,Lokesh Devaraj,1977-10-15,1,1,0,2006-11-29
7992,20,407,11,3,KGID107991,Mahesh Shetty,1996-08-01,1,6,0,2008-04-08
7993,20,407,11,3,KGID107992,Dinesh Rao,1977-10-10,1,8,0,2017-06-07
7994,20,407,11,3,KGID107993,Ravi Hegde,1994-12-15,1,5,0,2007-03-20
7995,20,407,11,3,KGID107994,Manjula Hegde,1992-08-03,2,3,0,2011-04-24
7996,20,407,11,3,KGID107995,Raghavendra Kamath,1978-12-22,1,7,0,1996-07-28
7997,20,407,11,3,KGID107996,Suresh Desai,1998-05-03,1,1,0,2009-10-01
7998,20,407,12,3,KGID107997,Srinivas Hiremath,2002-01-16,1,5,0,2000-03-21
7999,20,407,12,3,KGID107998,Srinivas Bhandari,1991-12-06,1,6,0,2009-12-27
8000,20,407,12,3,KGID107999,Chandrashekar Rao,1980-12-22,1,6,0,2017-07-08
8001,20,407,12,3,KGID108000,Manoj Kamath,1992-11-01,1,1,0,2021-12-04
8002,20,407,12,3,KGID108001,Nagaraj Gowda,2004-07-12,1,1,0,2009-07-14
8003,20,407,12,3,KGID108002,Manjunath Bhat,1980-09-02,1,7,0,2014-08-17
8004,20,407,12,3,KGID108003,Suresh Bhat,1980-06-30,1,8,0,2002-09-08
8005,20,407,12,3,KGID108004,Rajesh Rao,1989-07-03,1,1,0,2010-10-18
8006,20,407,12,3,KGID108005,Anitha Jadhav,1990-07-30,2,4,0,2006-03-22
8007,20,407,12,3,KGID108006,Ravi Kumar,2004-07-25,1,4,0,2017-05-13
8008,20,407,12,3,KGID108007,Dinesh Kulkarni,1982-06-25,1,3,1,2001-12-24
8009,20,407,12,3,KGID108008,Vijay Kamath,1998-10-21,1,4,0,2000-08-18
8010,20,407,12,3,KGID108009,Krishna Desai,2000-09-12,1,6,0,2003-05-14
8011,20,407,12,3,KGID108010,Chandrashekar Jadhav,1989-03-02,1,6,0,2015-06-26
8012,20,407,12,3,KGID108011,Vijay Devaraj,1999-08-19,1,3,0,2020-08-05
8013,20,407,12,3,KGID108012,Manoj Naik,1987-03-07,1,8,0,2007-03-31
8014,20,407,12,3,KGID108013,Rajesh Bhat,1989-02-19,1,6,0,2014-05-26
8015,20,408,9,2,KGID108014,Nagaraj Patil,1980-07-05,1,3,0,2011-08-05
8016,20,408,9,2,KGID108015,Anand Reddy,1979-09-11,1,6,0,2015-06-21
8017,20,408,9,1,KGID108016,Yogesh Shetty,1988-10-28,1,6,0,2018-04-12
8018,20,408,10,3,KGID108017,Chandrashekar Hegde,1983-05-17,1,5,0,2008-04-09
8019,20,408,10,3,KGID108018,Krishna Desai,1998-08-20,1,8,0,2014-03-24
8020,20,408,10,3,KGID108019,Sowmya Kulkarni,1986-06-16,2,2,0,1999-09-30
8021,20,408,11,3,KGID108020,Nandini Kulkarni,2001-09-30,2,3,0,2021-04-09
8022,20,408,11,3,KGID108021,Dinesh Jadhav,1983-06-11,1,7,0,2022-06-07
8023,20,408,11,3,KGID108022,Ravi Iyer,1979-08-21,1,1,0,2000-10-10
8024,20,408,11,3,KGID108023,Raghavendra Poojary,1975-07-31,1,3,0,2008-04-07
8025,20,408,11,3,KGID108024,Jayashree Iyer,1999-06-14,2,2,0,2017-08-22
8026,20,408,12,3,KGID108025,Santosh Patil,1992-07-30,1,3,0,2020-07-09
8027,20,408,12,3,KGID108026,Basavaraj Kamath,2002-01-25,1,8,0,2016-04-12
8028,20,408,12,3,KGID108027,Mahesh Iyer,1987-06-04,1,2,0,2002-04-22
8029,20,408,12,3,KGID108028,Rajesh Kumar,1996-05-29,1,8,0,2010-12-09
8030,20,408,12,3,KGID108029,Srinivas Achar,1980-07-16,1,8,0,2005-09-07
8031,20,408,12,3,KGID108030,Naveen Poojary,1982-07-24,1,5,0,2012-10-12
8032,20,408,12,3,KGID108031,Shivakumar Reddy,2000-08-25,1,6,0,2011-06-28
8033,20,408,12,3,KGID108032,Prakash Poojary,1987-05-24,1,4,0,2017-07-25
8034,20,408,12,3,KGID108033,Geetha Shetty,1999-10-18,2,2,0,2009-11-03
8035,20,408,12,3,KGID108034,Srinivas Hiremath,2003-10-25,1,1,0,2021-08-13
8036,20,408,12,3,KGID108035,Dinesh Iyer,1980-04-13,1,6,0,2015-05-23
8037,20,408,12,3,KGID108036,Dinesh Shetty,1983-05-08,1,3,0,2016-08-08
8038,20,408,12,3,KGID108037,Basavaraj Patil,1997-03-03,1,4,0,2021-09-28
8039,20,408,12,3,KGID108038,Santosh Bhat,1986-08-29,1,1,0,2004-04-17
8040,20,408,12,3,KGID108039,Girish Reddy,1992-03-07,1,8,0,2007-04-27
8041,20,409,9,5,KGID108040,Prakash Shetty,1987-06-06,1,8,0,2019-05-06
8042,20,409,9,1,KGID108041,Umesh Kamath,1995-08-29,1,5,0,2014-06-18
8043,20,409,10,3,KGID108042,Srinivas Naik,1983-03-03,1,7,0,2000-12-24
8044,20,409,10,3,KGID108043,Vijay Shetty,2000-03-19,1,1,0,2014-05-10
8045,20,409,11,3,KGID108044,Manoj Iyer,1997-06-04,1,8,0,2014-06-11
8046,20,409,11,3,KGID108045,Chandrashekar Hegde,1993-08-24,1,2,0,1999-08-08
8047,20,409,11,3,KGID108046,Dinesh Naik,1985-01-25,1,3,0,2015-10-25
8048,20,409,11,3,KGID108047,Sandeep Naik,1983-09-08,1,2,0,2002-03-23
8049,20,409,11,3,KGID108048,Geetha Iyer,1997-10-29,2,2,0,2022-10-01
8050,20,409,11,3,KGID108049,Manjunath Shetty,1981-01-26,1,7,0,2007-07-09
8051,20,409,12,3,KGID108050,Kiran Poojary,2003-07-24,1,6,0,2014-11-10
8052,20,409,12,3,KGID108051,Pradeep Jadhav,1997-05-02,1,8,0,2024-01-02
8053,20,409,12,3,KGID108052,Pradeep Naik,1993-11-30,1,4,0,2004-12-10
8054,20,409,12,3,KGID108053,Santosh Devaraj,1981-06-05,1,8,0,2023-05-04
8055,20,409,12,3,KGID108054,Ramesh Nayak,1995-09-08,1,5,0,2018-05-30
8056,20,409,12,3,KGID108055,Sandeep Shetty,1984-09-20,1,3,0,2021-12-02
8057,20,409,12,3,KGID108056,Rajesh Nayak,1997-04-04,1,4,0,2002-07-10
8058,20,409,12,3,KGID108057,Roopa Jadhav,1991-05-08,2,6,0,2016-12-06
8059,20,409,12,3,KGID108058,Pradeep Iyer,2002-02-23,1,7,0,2010-08-16
8060,20,409,12,3,KGID108059,Lokesh Reddy,2000-08-21,1,2,0,2017-11-17
8061,20,409,12,3,KGID108060,Girish Kamath,1993-04-27,1,3,0,2007-04-15
8062,20,409,12,3,KGID108061,Vinay Kumar,2004-05-06,1,3,0,2006-11-06
8063,20,410,9,6,KGID108062,Ramesh Naik,1984-01-01,1,8,0,2002-06-10
8064,20,410,9,1,KGID108063,Sandeep Devaraj,1980-01-17,1,5,0,2002-10-04
8065,20,410,9,1,KGID108064,Shivakumar Kamath,1989-08-09,1,8,0,2000-05-12
8066,20,410,10,3,KGID108065,Rajesh Hiremath,1993-11-13,1,8,0,2012-06-06
8067,20,410,10,3,KGID108066,Naveen Poojary,1979-12-22,1,5,0,2019-08-04
8068,20,410,10,3,KGID108067,Vinay Achar,1977-06-07,1,5,0,2016-03-17
8069,20,410,11,3,KGID108068,Rajesh Bhandari,1995-01-11,1,1,0,2020-12-27
8070,20,410,11,3,KGID108069,Vijay Desai,1990-03-31,1,3,0,2002-07-15
8071,20,410,11,3,KGID108070,Nagaraj Naik,1980-10-08,1,3,0,2001-05-10
8072,20,410,11,3,KGID108071,Raghavendra Rao,1999-03-03,1,2,0,2019-06-18
8073,20,410,11,3,KGID108072,Sandeep Rao,1996-09-09,1,1,0,2006-05-27
8074,20,410,11,3,KGID108073,Gopal Desai,1988-06-11,1,1,0,2000-08-03
8075,20,410,11,3,KGID108074,Manoj Kumar,1982-08-04,1,7,0,2006-01-05
8076,20,410,11,3,KGID108075,Nagaraj Achar,1975-08-30,1,3,0,2016-09-03
8077,20,410,12,3,KGID108076,Krishna Patil,1994-12-26,1,2,0,2018-11-27
8078,20,410,12,3,KGID108077,Ravi Naik,1988-05-13,1,3,0,2023-12-11
8079,20,410,12,3,KGID108078,Manoj Rao,2003-07-07,1,1,0,2016-10-28
8080,20,410,12,3,KGID108079,Chandrashekar Naik,1997-03-19,1,1,0,2001-07-08
8081,20,410,12,3,KGID108080,Lakshmi Patil,1992-12-03,2,5,0,2009-11-07
8082,20,410,12,3,KGID108081,Roopa Bhandari,1987-10-10,2,2,0,2015-05-11
8083,20,410,12,3,KGID108082,Savitri Achar,1989-10-03,2,6,0,2005-12-15
8084,20,410,12,3,KGID108083,Nagaraj Kulkarni,1992-04-20,1,7,0,2007-04-24
8085,20,410,12,3,KGID108084,Mahesh Gowda,1999-05-14,1,4,0,2017-11-02
8086,20,410,12,3,KGID108085,Krishna Iyer,1993-12-12,1,1,0,2019-07-31
8087,20,410,12,3,KGID108086,Sunita Bhat,1998-11-04,2,3,0,2000-05-15
8088,20,410,12,3,KGID108087,Srinivas Nayak,1996-11-23,1,6,0,2002-06-03
8089,20,410,12,3,KGID108088,Chandrashekar Kulkarni,1995-06-27,1,7,0,2006-06-08
8090,20,410,12,3,KGID108089,Srinivas Kumar,1983-01-12,1,5,0,2015-06-08
8091,20,410,12,3,KGID108090,Ravi Gowda,1988-08-06,1,2,0,2023-12-25
8092,20,411,9,4,KGID108091,Vinay Desai,1989-10-04,1,2,0,2009-04-19
8093,20,411,9,4,KGID108092,Girish Rao,1990-04-25,1,3,0,1998-10-09
8094,20,411,9,1,KGID108093,Yogesh Achar,1982-01-23,1,3,0,2016-09-11
8095,20,411,9,1,KGID108094,Vinay Iyer,1995-09-23,1,1,0,2000-09-09
8096,20,411,10,3,KGID108095,Chandrashekar Bhat,1992-11-09,1,8,0,2008-04-28
8097,20,411,10,3,KGID108096,Kiran Naik,1987-06-01,1,1,0,2021-12-12
8098,20,411,11,3,KGID108097,Vijay Poojary,1990-03-09,1,3,0,2021-11-01
8099,20,411,11,3,KGID108098,Srinivas Shetty,1993-04-28,1,4,0,2004-09-06
8100,20,411,11,3,KGID108099,Raghavendra Naik,1985-02-04,1,3,0,2005-11-24
8101,20,411,11,3,KGID108100,Lokesh Hegde,1983-02-17,1,2,0,2002-06-22
8102,20,411,11,3,KGID108101,Dinesh Hiremath,1979-07-19,1,1,0,2003-07-12
8103,20,411,12,3,KGID108102,Pradeep Iyer,1988-05-08,1,8,0,2012-04-24
8104,20,411,12,3,KGID108103,Lokesh Hegde,1982-09-25,1,3,0,2020-04-17
8105,20,411,12,3,KGID108104,Vinay Nayak,1989-12-13,1,5,0,2002-04-07
8106,20,411,12,3,KGID108105,Dinesh Shetty,1984-07-31,1,2,0,2023-11-10
8107,20,411,12,3,KGID108106,Anand Devaraj,1993-01-27,1,3,0,2014-11-10
8108,20,411,12,3,KGID108107,Shivakumar Kulkarni,1999-06-15,1,1,0,2000-08-17
8109,20,411,12,3,KGID108108,Dinesh Naik,1990-09-04,1,2,0,2016-04-29
8110,20,411,12,3,KGID108109,Nagaraj Devaraj,1993-10-02,1,8,0,2011-12-14
8111,20,411,12,3,KGID108110,Harish Naik,1989-03-20,1,3,0,2016-11-24
8112,20,411,12,3,KGID108111,Ramesh Iyer,1999-02-10,1,7,0,2003-05-06
8113,20,411,12,3,KGID108112,Mahesh Gowda,1981-03-11,1,5,0,2005-01-06
8114,20,411,12,3,KGID108113,Srinivas Bhat,1991-02-28,1,7,0,2011-12-31
8115,20,411,12,3,KGID108114,Naveen Jadhav,2001-11-24,1,3,0,2000-03-29
8116,20,411,12,3,KGID108115,Vijay Achar,1983-01-03,1,5,0,2008-07-29
8117,20,411,12,3,KGID108116,Pallavi Iyer,1987-09-11,2,4,0,2023-03-09
8118,20,411,12,3,KGID108117,Vinay Bhandari,1982-07-02,1,3,0,2017-11-07
8119,21,416,9,2,KGID108118,Kavya Desai,1979-11-25,2,6,0,2007-06-14
8120,21,416,9,1,KGID108119,Krishna Iyer,1982-06-04,1,5,0,2017-08-28
8121,21,416,10,3,KGID108120,Naveen Gowda,1988-08-19,1,7,0,2002-10-13
8122,21,416,10,3,KGID108121,Shivakumar Iyer,1982-03-24,1,4,0,2002-10-21
8123,21,416,11,3,KGID108122,Dinesh Jadhav,1995-07-13,1,8,0,2006-12-07
8124,21,416,11,3,KGID108123,Srinivas Kumar,1981-09-08,1,1,0,2015-08-09
8125,21,416,11,3,KGID108124,Lokesh Jadhav,1990-09-12,1,4,0,2014-03-25
8126,21,416,11,3,KGID108125,Lokesh Kulkarni,1982-10-08,1,8,0,2009-10-14
8127,21,416,11,3,KGID108126,Gopal Shetty,1995-08-14,1,3,0,2022-04-23
8128,21,416,11,3,KGID108127,Chandrashekar Desai,1985-12-01,1,2,0,2006-11-22
8129,21,416,11,3,KGID108128,Prakash Gowda,1986-05-24,1,4,0,2002-11-20
8130,21,416,11,3,KGID108129,Mahesh Patil,1996-12-11,1,8,0,2008-09-15
8131,21,416,12,3,KGID108130,Harish Kamath,1990-08-29,1,2,0,2020-05-05
8132,21,416,12,3,KGID108131,Rajesh Naik,1984-04-15,1,1,0,2023-12-24
8133,21,416,12,3,KGID108132,Sandeep Rao,2002-09-12,1,2,0,2016-12-04
8134,21,416,12,3,KGID108133,Lokesh Gowda,1987-03-15,1,2,0,2023-08-25
8135,21,416,12,3,KGID108134,Prakash Bhat,1997-02-13,1,2,0,2005-10-16
8136,21,416,12,3,KGID108135,Raghavendra Hegde,1990-05-03,1,8,0,2019-08-20
8137,21,416,12,3,KGID108136,Vijay Devaraj,1995-07-27,1,7,0,2011-11-28
8138,21,416,12,3,KGID108137,Pushpa Shetty,2001-06-29,2,7,0,2001-04-03
8139,21,416,12,3,KGID108138,Krishna Naik,1985-05-29,1,2,0,2014-04-30
8140,21,416,12,3,KGID108139,Kiran Kamath,1990-01-22,1,1,0,2020-09-30
8141,21,416,12,3,KGID108140,Savitri Bhat,1997-09-15,2,7,0,2007-10-31
8142,21,416,12,3,KGID108141,Chandrashekar Jadhav,1989-04-11,1,2,0,2003-03-16
8143,21,416,12,3,KGID108142,Prakash Poojary,1992-06-12,1,3,0,2002-03-16
8144,21,416,12,3,KGID108143,Dinesh Hiremath,1990-05-23,1,7,0,2002-12-25
8145,21,416,12,3,KGID108144,Lokesh Jadhav,1992-07-11,1,7,0,2009-08-07
8146,21,417,9,2,KGID108145,Yogesh Achar,1983-02-06,1,8,0,2013-05-12
8147,21,417,9,1,KGID108146,Shivakumar Naik,1984-01-03,1,7,0,2022-05-11
8148,21,417,10,3,KGID108147,Pallavi Hegde,1994-02-07,2,4,0,2000-09-02
8149,21,417,10,3,KGID108148,Kiran Patil,1992-05-14,1,3,0,1999-08-17
8150,21,417,10,3,KGID108149,Ramesh Naik,1983-04-30,1,8,0,2011-07-17
8151,21,417,11,3,KGID108150,Vinay Poojary,1975-04-10,1,1,0,1995-07-05
8152,21,417,11,3,KGID108151,Ramesh Shetty,1977-07-12,1,3,0,2019-11-23
8153,21,417,11,3,KGID108152,Shwetha Kulkarni,1996-01-07,2,3,0,2003-07-21
8154,21,417,11,3,KGID108153,Naveen Rao,1985-04-17,1,6,0,1996-01-02
8155,21,417,11,3,KGID108154,Suresh Hiremath,1977-05-02,1,4,0,2011-09-16
8156,21,417,11,3,KGID108155,Manoj Patil,1980-12-26,1,1,0,2009-03-13
8157,21,417,11,3,KGID108156,Nagaraj Devaraj,1995-01-23,1,4,0,2002-11-26
8158,21,417,12,3,KGID108157,Pallavi Devaraj,1995-02-23,2,8,1,2021-03-20
8159,21,417,12,3,KGID108158,Pallavi Kumar,1987-08-17,2,2,0,2006-06-17
8160,21,417,12,3,KGID108159,Harish Iyer,1980-10-22,1,7,0,2014-04-09
8161,21,417,12,3,KGID108160,Srinivas Nayak,1998-06-05,1,2,0,2012-12-11
8162,21,417,12,3,KGID108161,Ramesh Rao,2000-02-18,1,5,0,2001-06-21
8163,21,417,12,3,KGID108162,Dinesh Desai,1985-06-30,1,1,0,2018-03-23
8164,21,417,12,3,KGID108163,Nagaraj Poojary,1982-09-07,1,7,0,2019-11-13
8165,21,417,12,3,KGID108164,Shwetha Kulkarni,2002-01-25,2,2,0,2004-11-28
8166,21,417,12,3,KGID108165,Rajesh Kamath,2004-08-21,1,3,0,2013-03-17
8167,21,417,12,3,KGID108166,Umesh Kamath,2003-05-08,1,1,0,2021-04-13
8168,21,417,12,3,KGID108167,Gopal Poojary,2002-09-04,1,1,0,2020-03-24
8169,21,417,12,3,KGID108168,Umesh Patil,1998-08-01,1,8,0,2011-11-11
8170,21,417,12,3,KGID108169,Lokesh Patil,2002-05-04,1,5,0,2001-08-29
8171,21,418,9,2,KGID108170,Rajesh Rao,1986-08-10,1,4,0,2013-11-22
8172,21,418,9,2,KGID108171,Rajesh Devaraj,1986-03-16,1,2,0,2021-06-04
8173,21,418,9,1,KGID108172,Kiran Shetty,1986-06-17,1,7,0,2017-12-22
8174,21,418,10,3,KGID108173,Vijay Poojary,1984-06-14,1,6,0,2001-08-03
8175,21,418,10,3,KGID108174,Shivakumar Rao,1986-08-13,1,6,0,2015-09-20
8176,21,418,10,3,KGID108175,Mahesh Bhat,2000-12-05,1,4,0,2005-11-23
8177,21,418,11,3,KGID108176,Harish Achar,1987-12-31,1,7,0,1998-06-21
8178,21,418,11,3,KGID108177,Shwetha Kumar,1981-01-29,2,4,0,2008-05-02
8179,21,418,11,3,KGID108178,Umesh Nayak,1992-07-17,1,7,0,2019-08-16
8180,21,418,11,3,KGID108179,Girish Bhat,1983-12-09,1,1,0,2002-07-30
8181,21,418,11,3,KGID108180,Manoj Patil,1980-08-29,1,5,0,2017-07-08
8182,21,418,11,3,KGID108181,Srinivas Nayak,1989-09-25,1,7,0,2004-10-20
8183,21,418,12,3,KGID108182,Manjunath Naik,1980-09-29,1,1,0,2019-05-15
8184,21,418,12,3,KGID108183,Mahesh Nayak,1984-03-18,1,4,0,2020-10-06
8185,21,418,12,3,KGID108184,Manoj Kamath,1996-05-11,1,2,0,2001-12-25
8186,21,418,12,3,KGID108185,Suresh Kamath,1999-02-10,1,2,0,2023-07-01
8187,21,418,12,3,KGID108186,Dinesh Hegde,1998-09-07,1,7,0,2005-10-21
8188,21,418,12,3,KGID108187,Mahesh Bhat,1986-09-20,1,8,0,2019-03-27
8189,21,418,12,3,KGID108188,Kiran Devaraj,2001-11-11,1,2,0,2001-10-13
8190,21,418,12,3,KGID108189,Mahesh Rao,1980-09-25,1,4,0,2023-12-20
8191,21,418,12,3,KGID108190,Vinay Bhat,2001-04-19,1,2,0,2017-10-08
8192,21,418,12,3,KGID108191,Chandrashekar Kumar,1986-11-26,1,7,1,2008-05-20
8193,21,418,12,3,KGID108192,Basavaraj Kamath,1985-11-28,1,3,0,2020-05-06
8194,21,418,12,3,KGID108193,Santosh Shetty,1982-07-28,1,6,0,2005-11-05
8195,21,419,9,2,KGID108194,Kiran Jadhav,1990-07-13,1,8,0,2010-10-12
8196,21,419,9,1,KGID108195,Pradeep Nayak,1990-07-12,1,1,0,2001-12-27
8197,21,419,9,1,KGID108196,Manjunath Achar,1996-08-24,1,3,0,2009-04-26
8198,21,419,10,3,KGID108197,Anand Reddy,1981-04-11,1,5,0,2018-11-25
8199,21,419,10,3,KGID108198,Chandrashekar Shetty,1983-10-21,1,7,0,1997-11-20
8200,21,419,10,3,KGID108199,Mahesh Devaraj,1986-01-08,1,8,0,2017-04-11
8201,21,419,11,3,KGID108200,Basavaraj Nayak,1997-10-16,1,3,0,2017-10-24
8202,21,419,11,3,KGID108201,Manoj Shetty,1995-05-22,1,7,0,1996-03-30
8203,21,419,11,3,KGID108202,Prakash Devaraj,1999-10-18,1,6,0,2013-08-29
8204,21,419,11,3,KGID108203,Vinay Desai,1985-05-07,1,6,0,1997-04-06
8205,21,419,11,3,KGID108204,Kiran Patil,1993-08-29,1,8,0,2009-08-14
8206,21,419,11,3,KGID108205,Ravi Bhat,1995-08-22,1,8,0,2015-11-26
8207,21,419,11,3,KGID108206,Naveen Bhat,1980-12-25,1,4,0,2011-07-25
8208,21,419,12,3,KGID108207,Manjula Nayak,1997-02-18,2,4,0,2019-08-19
8209,21,419,12,3,KGID108208,Nagaraj Iyer,1993-11-09,1,1,0,2005-03-12
8210,21,419,12,3,KGID108209,Yogesh Iyer,1984-01-19,1,5,0,2004-05-21
8211,21,419,12,3,KGID108210,Dinesh Kulkarni,1982-04-08,1,1,0,2020-07-22
8212,21,419,12,3,KGID108211,Prakash Achar,1991-10-10,1,3,0,2013-01-04
8213,21,419,12,3,KGID108212,Ramesh Kumar,1995-10-01,1,5,0,2002-05-23
8214,21,419,12,3,KGID108213,Raghavendra Hiremath,1995-04-03,1,5,0,2008-10-13
8215,21,419,12,3,KGID108214,Naveen Hiremath,2000-06-01,1,4,1,2020-07-08
8216,21,419,12,3,KGID108215,Sunita Jadhav,1980-06-08,2,1,0,2006-10-30
8217,21,419,12,3,KGID108216,Umesh Gowda,2004-05-08,1,3,0,2003-04-25
8218,21,419,12,3,KGID108217,Naveen Kumar,2003-03-15,1,1,0,2019-07-05
8219,21,419,12,3,KGID108218,Roopa Nayak,1986-08-23,2,8,0,2019-09-25
8220,21,420,8,2,KGID108219,Basavaraj Bhandari,1996-10-19,1,1,0,2008-03-14
8221,21,420,8,2,KGID108220,Anitha Desai,1997-12-31,2,3,0,1998-10-15
8222,21,420,9,1,KGID108221,Krishna Hiremath,1985-03-24,1,4,0,2005-04-19
8223,21,420,9,1,KGID108222,Pushpa Rao,1980-01-24,2,7,0,2000-09-01
8224,21,420,10,3,KGID108223,Raghavendra Naik,1993-10-09,1,1,0,1997-10-13
8225,21,420,10,3,KGID108224,Ravi Hegde,1986-05-13,1,8,0,2003-12-22
8226,21,420,11,3,KGID108225,Suresh Poojary,1998-05-01,1,6,0,2020-07-09
8227,21,420,11,3,KGID108226,Krishna Jadhav,1990-01-03,1,6,0,2007-04-20
8228,21,420,11,3,KGID108227,Shivakumar Kumar,1996-01-28,1,6,0,2022-03-31
8229,21,420,11,3,KGID108228,Jayashree Poojary,1996-10-28,2,1,0,2003-04-21
8230,21,420,11,3,KGID108229,Kiran Devaraj,1983-03-19,1,5,0,2004-05-18
8231,21,420,11,3,KGID108230,Gopal Naik,1998-05-26,1,4,0,2020-06-25
8232,21,420,11,3,KGID108231,Santosh Desai,1975-05-02,1,3,0,2000-05-02
8233,21,420,12,3,KGID108232,Kavya Reddy,1985-01-31,2,6,0,2002-12-28
8234,21,420,12,3,KGID108233,Kiran Shetty,1991-04-25,1,5,0,2015-04-13
8235,21,420,12,3,KGID108234,Anand Achar,1982-11-03,1,8,0,2005-05-25
8236,21,420,12,3,KGID108235,Deepa Kamath,1995-02-06,2,6,0,2018-03-19
8237,21,420,12,3,KGID108236,Dinesh Desai,2002-03-15,1,1,0,2014-05-25
8238,21,420,12,3,KGID108237,Santosh Bhat,2002-03-05,1,4,0,2021-12-09
8239,21,420,12,3,KGID108238,Prakash Desai,1997-07-13,1,3,0,2004-10-22
8240,21,420,12,3,KGID108239,Nagaraj Iyer,2004-07-16,1,7,0,2003-11-24
8241,21,420,12,3,KGID108240,Dinesh Hegde,2001-02-03,1,8,0,2003-08-21
8242,21,420,12,3,KGID108241,Basavaraj Kumar,2001-12-05,1,2,0,2013-08-02
8243,21,420,12,3,KGID108242,Srinivas Nayak,1982-04-19,1,2,0,2007-07-17
8244,21,420,12,3,KGID108243,Dinesh Bhandari,1981-01-13,1,6,0,2011-07-23
8245,21,420,12,3,KGID108244,Mahesh Devaraj,1998-09-10,1,2,0,2011-06-20
8246,21,421,8,2,KGID108245,Ravi Gowda,1991-05-24,1,2,0,1995-08-27
8247,21,421,9,1,KGID108246,Krishna Achar,1998-11-09,1,4,0,2020-12-31
8248,21,421,9,1,KGID108247,Naveen Poojary,1994-08-21,1,6,0,2015-09-06
8249,21,421,10,3,KGID108248,Srinivas Hiremath,1982-08-04,1,2,0,2021-04-14
8250,21,421,10,3,KGID108249,Deepa Patil,1985-04-29,2,8,0,2003-07-22
8251,21,421,11,3,KGID108250,Chandrashekar Bhandari,1990-08-17,1,1,0,1996-09-08
8252,21,421,11,3,KGID108251,Anand Kamath,1995-08-23,1,4,0,2012-08-26
8253,21,421,11,3,KGID108252,Shwetha Naik,1992-02-28,2,2,0,2015-12-10
8254,21,421,11,3,KGID108253,Chandrashekar Kamath,2001-06-07,1,2,0,2005-07-24
8255,21,421,11,3,KGID108254,Manjunath Poojary,1979-09-24,1,8,0,2017-09-28
8256,21,421,11,3,KGID108255,Raghavendra Gowda,1977-10-18,1,4,0,2011-06-22
8257,21,421,11,3,KGID108256,Gopal Bhandari,1987-07-17,1,1,0,2023-07-14
8258,21,421,11,3,KGID108257,Kavya Naik,1988-08-20,2,7,0,2023-04-13
8259,21,421,12,3,KGID108258,Srinivas Poojary,2003-03-18,1,6,0,2020-05-21
8260,21,421,12,3,KGID108259,Nandini Poojary,1994-03-05,2,6,0,2018-12-21
8261,21,421,12,3,KGID108260,Nagaraj Bhat,1989-08-14,1,4,0,2005-08-20
8262,21,421,12,3,KGID108261,Chandrashekar Iyer,2002-04-13,1,5,0,2012-05-27
8263,21,421,12,3,KGID108262,Prakash Reddy,1997-08-30,1,7,0,2009-04-19
8264,21,421,12,3,KGID108263,Harish Jadhav,1988-11-07,1,7,0,2023-05-07
8265,21,421,12,3,KGID108264,Naveen Naik,1982-02-24,1,2,0,2002-09-07
8266,21,421,12,3,KGID108265,Yogesh Hiremath,2003-02-19,1,2,0,2017-12-23
8267,21,421,12,3,KGID108266,Shivakumar Iyer,1991-11-05,1,2,0,2016-10-07
8268,21,421,12,3,KGID108267,Naveen Kulkarni,1981-02-27,1,8,0,2003-11-09
8269,21,422,9,2,KGID108268,Vijay Nayak,1994-04-04,1,5,0,2023-05-17
8270,21,422,9,1,KGID108269,Suresh Nayak,1987-05-16,1,3,0,2010-12-27
8271,21,422,10,3,KGID108270,Shivakumar Desai,1989-03-04,1,2,0,2009-06-09
8272,21,422,10,3,KGID108271,Raghavendra Kulkarni,1992-08-09,1,6,0,2012-03-31
8273,21,422,11,3,KGID108272,Umesh Kamath,1989-12-08,1,1,0,2015-03-17
8274,21,422,11,3,KGID108273,Ravi Bhandari,1999-02-04,1,1,0,2001-08-25
8275,21,422,11,3,KGID108274,Mahesh Rao,1981-08-11,1,6,0,2014-03-18
8276,21,422,11,3,KGID108275,Anand Kamath,1998-06-06,1,8,0,2012-08-31
8277,21,422,11,3,KGID108276,Krishna Naik,1976-09-23,1,8,0,1998-03-16
8278,21,422,11,3,KGID108277,Shobha Nayak,1989-06-18,2,5,0,2008-07-07
8279,21,422,12,3,KGID108278,Gopal Bhandari,1997-11-15,1,8,1,2013-05-03
8280,21,422,12,3,KGID108279,Basavaraj Nayak,1993-03-29,1,6,0,2021-11-11
8281,21,422,12,3,KGID108280,Mahesh Hegde,1989-05-30,1,6,0,2006-09-09
8282,21,422,12,3,KGID108281,Suresh Kumar,1985-06-09,1,3,0,2000-04-21
8283,21,422,12,3,KGID108282,Naveen Shetty,1990-11-09,1,4,0,2010-06-07
8284,21,422,12,3,KGID108283,Harish Kulkarni,1992-01-09,1,3,0,2021-05-11
8285,21,422,12,3,KGID108284,Sandeep Shetty,1994-07-21,1,3,0,2007-12-03
8286,21,422,12,3,KGID108285,Harish Nayak,1991-11-20,1,3,0,2017-07-16
8287,21,422,12,3,KGID108286,Basavaraj Shetty,2004-11-24,1,4,0,2002-03-31
8288,21,422,12,3,KGID108287,Suresh Rao,2000-02-12,1,6,0,2003-12-09
8289,21,422,12,3,KGID108288,Sandeep Poojary,1983-09-19,1,8,0,2022-08-14
8290,21,423,8,2,KGID108289,Santosh Hegde,1983-11-24,1,2,0,2006-06-30
8291,21,423,9,2,KGID108290,Santosh Iyer,1985-08-12,1,7,0,2001-04-23
8292,21,423,9,1,KGID108291,Dinesh Kumar,1982-05-21,1,5,0,2013-09-28
8293,21,423,10,3,KGID108292,Gopal Reddy,1993-09-09,1,2,0,2011-08-11
8294,21,423,10,3,KGID108293,Nagaraj Hiremath,1978-03-18,1,8,0,2010-08-29
8295,21,423,11,3,KGID108294,Kiran Naik,1989-06-27,1,4,0,2017-09-18
8296,21,423,11,3,KGID108295,Kiran Hiremath,1996-11-19,1,1,0,2010-03-29
8297,21,423,11,3,KGID108296,Sandeep Iyer,1998-04-20,1,6,0,2019-11-22
8298,21,423,11,3,KGID108297,Rajesh Bhat,1976-02-03,1,2,0,2021-10-26
8299,21,423,11,3,KGID108298,Raghavendra Gowda,1984-04-06,1,2,0,2017-09-26
8300,21,423,11,3,KGID108299,Vinay Iyer,1979-12-06,1,6,0,2005-08-04
8301,21,423,11,3,KGID108300,Basavaraj Bhat,1988-06-25,1,4,0,2005-06-28
8302,21,423,12,3,KGID108301,Manoj Reddy,2001-11-15,1,1,0,2008-11-04
8303,21,423,12,3,KGID108302,Prakash Kulkarni,1993-01-20,1,6,0,2008-08-21
8304,21,423,12,3,KGID108303,Suresh Reddy,1985-10-14,1,3,0,2018-01-01
8305,21,423,12,3,KGID108304,Manjunath Poojary,1999-11-02,1,7,0,2016-05-18
8306,21,423,12,3,KGID108305,Manoj Bhat,1998-02-03,1,2,0,2000-10-01
8307,21,423,12,3,KGID108306,Lokesh Patil,1985-02-27,1,2,0,2009-10-16
8308,21,423,12,3,KGID108307,Pradeep Gowda,2000-02-27,1,4,0,2018-05-22
8309,21,423,12,3,KGID108308,Basavaraj Naik,1991-05-13,1,2,0,2010-08-27
8310,21,423,12,3,KGID108309,Manjunath Naik,2002-04-26,1,2,0,2001-09-04
8311,21,423,12,3,KGID108310,Chandrashekar Naik,2001-12-22,1,1,0,2002-08-26
8312,21,423,12,3,KGID108311,Gopal Iyer,1999-02-10,1,7,0,2022-07-27
8313,21,423,12,3,KGID108312,Manjunath Gowda,1987-06-19,1,4,0,2001-07-14
8314,21,423,12,3,KGID108313,Dinesh Rao,1985-07-11,1,3,0,2017-05-07
8315,21,423,12,3,KGID108314,Krishna Rao,1982-04-15,1,1,0,2016-03-16
8316,21,423,12,3,KGID108315,Shwetha Jadhav,1998-10-07,2,1,0,2014-08-20
8317,21,423,12,3,KGID108316,Nagaraj Kulkarni,1991-03-09,1,8,0,2000-05-29
8318,21,423,12,3,KGID108317,Nagaraj Kamath,1994-08-02,1,3,0,2017-03-17
8319,21,424,8,2,KGID108318,Naveen Devaraj,1989-06-07,1,6,0,2016-11-27
8320,21,424,9,1,KGID108319,Geetha Patil,1991-05-22,2,7,0,2015-03-13
8321,21,424,9,1,KGID108320,Anand Kumar,1983-08-29,1,3,0,2002-05-14
8322,21,424,10,3,KGID108321,Dinesh Nayak,1994-02-13,1,5,0,2001-08-24
8323,21,424,10,3,KGID108322,Vijay Bhat,1979-08-11,1,7,0,2006-08-04
8324,21,424,11,3,KGID108323,Manjunath Nayak,1976-08-07,1,3,0,2014-07-20
8325,21,424,11,3,KGID108324,Manjunath Nayak,1990-05-17,1,3,0,2019-03-09
8326,21,424,11,3,KGID108325,Girish Bhandari,2000-05-06,1,2,0,2021-09-12
8327,21,424,11,3,KGID108326,Rajesh Devaraj,1984-11-05,1,7,0,2009-06-13
8328,21,424,11,3,KGID108327,Shivakumar Nayak,1977-11-06,1,6,0,2017-07-07
8329,21,424,11,3,KGID108328,Manoj Bhandari,1981-10-28,1,2,0,1995-07-22
8330,21,424,12,3,KGID108329,Rajesh Kulkarni,1990-10-13,1,8,0,2023-06-05
8331,21,424,12,3,KGID108330,Anand Gowda,1983-09-22,1,4,0,2022-05-12
8332,21,424,12,3,KGID108331,Anand Poojary,1985-09-23,1,3,0,2015-06-14
8333,21,424,12,3,KGID108332,Prakash Kamath,1989-07-18,1,2,0,2017-03-21
8334,21,424,12,3,KGID108333,Lokesh Rao,1984-03-18,1,2,0,2017-03-28
8335,21,424,12,3,KGID108334,Ravi Kulkarni,1981-09-26,1,4,0,2000-07-27
8336,21,424,12,3,KGID108335,Shivakumar Gowda,1995-04-11,1,6,0,2003-07-27
8337,21,424,12,3,KGID108336,Dinesh Patil,1988-11-10,1,5,0,2012-11-17
8338,21,425,9,2,KGID108337,Naveen Patil,1981-07-25,1,8,0,2011-06-11
8339,21,425,9,2,KGID108338,Raghavendra Hegde,1992-01-29,1,2,0,2009-10-07
8340,21,425,9,1,KGID108339,Roopa Patil,1990-08-25,2,5,0,2012-06-09
8341,21,425,10,3,KGID108340,Manjunath Devaraj,1986-07-19,1,5,0,2017-12-17
8342,21,425,10,3,KGID108341,Shivakumar Iyer,1994-09-06,1,5,0,2006-08-26
8343,21,425,11,3,KGID108342,Basavaraj Patil,2001-11-22,1,5,0,2019-10-23
8344,21,425,11,3,KGID108343,Nagaraj Kamath,1995-11-29,1,4,0,2019-12-07
8345,21,425,11,3,KGID108344,Ravi Bhandari,1983-04-20,1,3,0,2004-09-09
8346,21,425,11,3,KGID108345,Naveen Devaraj,1996-10-22,1,2,0,2001-12-18
8347,21,425,11,3,KGID108346,Sunita Poojary,1988-06-15,2,4,0,1998-05-29
8348,21,425,11,3,KGID108347,Kiran Achar,1996-03-31,1,8,0,2018-06-24
8349,21,425,11,3,KGID108348,Rekha Desai,1981-01-02,2,8,0,2003-01-04
8350,21,425,11,3,KGID108349,Naveen Bhat,1979-08-15,1,6,0,2005-06-11
8351,21,425,12,3,KGID108350,Girish Bhat,1981-11-13,1,6,0,2019-11-18
8352,21,425,12,3,KGID108351,Santosh Nayak,2003-11-07,1,4,0,2018-07-14
8353,21,425,12,3,KGID108352,Radha Kulkarni,1996-06-22,2,1,0,2010-03-14
8354,21,425,12,3,KGID108353,Raghavendra Gowda,1984-07-26,1,4,0,2010-08-06
8355,21,425,12,3,KGID108354,Prakash Patil,1996-04-19,1,5,0,2018-10-02
8356,21,425,12,3,KGID108355,Lakshmi Bhat,1994-01-16,2,6,0,2008-10-05
8357,21,425,12,3,KGID108356,Rajesh Jadhav,1997-10-16,1,6,0,2020-06-13
8358,21,425,12,3,KGID108357,Chandrashekar Kamath,1993-07-30,1,5,0,2023-10-16
8359,21,425,12,3,KGID108358,Manoj Poojary,2004-07-09,1,1,0,2007-09-22
8360,21,425,12,3,KGID108359,Rajesh Bhandari,2000-03-26,1,4,0,2007-08-15
8361,21,425,12,3,KGID108360,Harish Jadhav,1986-10-26,1,7,0,2000-04-10
8362,21,425,12,3,KGID108361,Prakash Gowda,1988-03-19,1,7,0,2007-12-30
8363,21,425,12,3,KGID108362,Raghavendra Devaraj,1994-10-08,1,4,0,2007-07-14
8364,21,425,12,3,KGID108363,Prakash Nayak,1999-02-03,1,2,0,2017-05-31
8365,21,425,12,3,KGID108364,Ramesh Rao,1997-02-07,1,8,0,2009-12-27
8366,21,425,12,3,KGID108365,Roopa Naik,1982-11-01,2,3,0,2023-12-10
8367,21,425,12,3,KGID108366,Srinivas Hegde,1996-01-06,1,8,0,2009-03-20
8368,21,426,8,5,KGID108367,Sowmya Kumar,1996-08-26,2,6,0,2007-07-01
8369,21,426,8,5,KGID108368,Anand Kulkarni,1986-08-28,1,5,0,2018-08-05
8370,21,426,9,1,KGID108369,Prakash Nayak,1990-11-17,1,1,0,2014-04-24
8371,21,426,10,3,KGID108370,Pradeep Bhat,1984-05-18,1,2,0,2008-03-16
8372,21,426,10,3,KGID108371,Basavaraj Bhandari,1988-03-03,1,2,0,2005-10-16
8373,21,426,11,3,KGID108372,Suresh Patil,1995-05-20,1,7,0,2003-03-15
8374,21,426,11,3,KGID108373,Kiran Desai,1992-01-29,1,7,0,2023-07-29
8375,21,426,11,3,KGID108374,Raghavendra Desai,1995-01-03,1,2,0,1999-03-17
8376,21,426,11,3,KGID108375,Naveen Hiremath,1991-02-08,1,5,0,1998-03-19
8377,21,426,11,3,KGID108376,Vinay Kumar,1989-05-03,1,7,0,1997-05-20
8378,21,426,11,3,KGID108377,Savitri Kulkarni,1977-05-30,2,6,0,2015-06-10
8379,21,426,12,3,KGID108378,Chandrashekar Devaraj,1998-01-22,1,4,0,2009-11-15
8380,21,426,12,3,KGID108379,Chandrashekar Hiremath,1984-01-15,1,6,0,2020-11-15
8381,21,426,12,3,KGID108380,Krishna Desai,1993-10-30,1,2,0,2014-11-29
8382,21,426,12,3,KGID108381,Naveen Iyer,1989-08-08,1,7,0,2008-03-31
8383,21,426,12,3,KGID108382,Manjunath Gowda,1996-09-25,1,2,0,2018-07-21
8384,21,426,12,3,KGID108383,Shwetha Shetty,2004-10-13,2,2,0,2002-03-28
8385,21,426,12,3,KGID108384,Geetha Naik,1986-02-03,2,2,0,2021-08-17
8386,21,426,12,3,KGID108385,Manjula Kulkarni,2000-12-14,2,5,0,2021-05-15
8387,21,426,12,3,KGID108386,Gopal Achar,2002-07-30,1,2,0,2002-05-09
8388,21,427,9,6,KGID108387,Suresh Rao,1993-10-04,1,2,0,1999-04-27
8389,21,427,9,1,KGID108388,Vinay Desai,1989-01-19,1,1,0,2006-10-20
8390,21,427,10,3,KGID108389,Naveen Kulkarni,2000-04-26,1,6,0,2022-03-09
8391,21,427,10,3,KGID108390,Naveen Iyer,1977-10-06,1,5,0,2010-08-11
8392,21,427,10,3,KGID108391,Naveen Poojary,1991-01-27,1,2,0,2009-12-05
8393,21,427,11,3,KGID108392,Savitri Achar,1975-02-09,2,3,0,2014-06-14
8394,21,427,11,3,KGID108393,Sowmya Kulkarni,2001-05-04,2,3,0,1999-10-11
8395,21,427,11,3,KGID108394,Manoj Hiremath,1977-09-14,1,8,0,2001-11-09
8396,21,427,11,3,KGID108395,Girish Devaraj,1985-06-14,1,5,0,2001-09-06
8397,21,427,11,3,KGID108396,Anand Rao,1983-05-31,1,1,0,2012-12-12
8398,21,427,11,3,KGID108397,Suresh Reddy,1985-07-30,1,5,0,2011-04-24
8399,21,427,11,3,KGID108398,Mahesh Reddy,1997-05-22,1,7,0,2007-09-26
8400,21,427,11,3,KGID108399,Prakash Devaraj,1979-08-24,1,8,0,2004-08-08
8401,21,427,12,3,KGID108400,Manjunath Bhat,1996-08-14,1,4,0,2009-07-22
8402,21,427,12,3,KGID108401,Krishna Gowda,1984-03-06,1,7,0,2018-06-12
8403,21,427,12,3,KGID108402,Basavaraj Gowda,1987-11-05,1,1,0,2016-04-14
8404,21,427,12,3,KGID108403,Anand Gowda,1984-10-14,1,7,0,2004-05-10
8405,21,427,12,3,KGID108404,Mahesh Iyer,1981-04-04,1,6,0,2019-08-19
8406,21,427,12,3,KGID108405,Naveen Kumar,1985-10-27,1,3,0,2019-10-03
8407,21,427,12,3,KGID108406,Girish Iyer,2001-06-16,1,4,0,2004-12-27
8408,21,427,12,3,KGID108407,Yogesh Reddy,1999-10-23,1,4,0,2016-10-10
8409,21,427,12,3,KGID108408,Umesh Naik,2000-08-22,1,4,0,2021-06-16
8410,21,427,12,3,KGID108409,Pradeep Jadhav,1984-02-04,1,5,0,2021-08-25
8411,21,428,8,4,KGID108410,Basavaraj Rao,1976-10-20,1,5,0,2017-09-27
8412,21,428,9,4,KGID108411,Ramesh Patil,1994-03-06,1,1,0,2005-03-22
8413,21,428,9,1,KGID108412,Basavaraj Kumar,1996-04-22,1,4,0,2011-09-27
8414,21,428,9,1,KGID108413,Manjunath Nayak,1985-01-21,1,6,0,2013-10-05
8415,21,428,10,3,KGID108414,Basavaraj Desai,1991-08-31,1,1,0,2009-10-30
8416,21,428,10,3,KGID108415,Rajesh Nayak,1992-04-19,1,5,0,2004-04-29
8417,21,428,10,3,KGID108416,Girish Naik,1995-02-06,1,4,0,2013-05-18
8418,21,428,11,3,KGID108417,Vijay Shetty,1985-07-08,1,8,0,2003-12-12
8419,21,428,11,3,KGID108418,Sunita Poojary,1994-10-26,2,1,0,2000-12-13
8420,21,428,11,3,KGID108419,Harish Kulkarni,1976-04-06,1,8,0,2017-01-02
8421,21,428,11,3,KGID108420,Pradeep Bhat,1988-02-04,1,6,0,2011-05-03
8422,21,428,11,3,KGID108421,Ramesh Hegde,1987-05-06,1,4,0,2021-07-24
8423,21,428,11,3,KGID108422,Pradeep Bhandari,1994-04-27,1,1,0,2017-04-23
8424,21,428,11,3,KGID108423,Shivakumar Achar,1984-03-13,1,5,0,2014-12-07
8425,21,428,12,3,KGID108424,Ramesh Hiremath,1990-06-29,1,2,0,2020-10-08
8426,21,428,12,3,KGID108425,Basavaraj Nayak,1983-12-20,1,1,0,2009-06-14
8427,21,428,12,3,KGID108426,Vinay Reddy,1985-07-14,1,8,0,2018-10-14
8428,21,428,12,3,KGID108427,Krishna Kulkarni,2001-05-21,1,3,0,2001-09-04
8429,21,428,12,3,KGID108428,Prakash Kulkarni,1989-01-20,1,6,0,2023-12-01
8430,21,428,12,3,KGID108429,Ramesh Devaraj,1994-01-18,1,8,0,2011-05-18
8431,21,428,12,3,KGID108430,Kiran Devaraj,2001-12-15,1,5,0,2010-05-18
8432,21,428,12,3,KGID108431,Suresh Desai,1985-03-06,1,2,0,2007-03-24
8433,21,428,12,3,KGID108432,Krishna Hiremath,1989-02-22,1,1,0,2008-04-15
8434,22,434,8,2,KGID108433,Santosh Gowda,1988-03-21,1,1,0,1996-10-31
8435,22,434,9,1,KGID108434,Yogesh Kumar,1992-08-07,1,6,0,2020-04-04
8436,22,434,9,1,KGID108435,Suresh Hegde,1999-09-29,1,1,0,2004-09-29
8437,22,434,10,3,KGID108436,Radha Kulkarni,1989-08-25,2,4,0,2017-11-11
8438,22,434,10,3,KGID108437,Rajesh Nayak,1978-03-26,1,2,0,2012-12-21
8439,22,434,10,3,KGID108438,Gopal Bhandari,1983-05-01,1,8,0,2001-07-05
8440,22,434,11,3,KGID108439,Basavaraj Desai,1979-10-14,1,1,0,2003-03-15
8441,22,434,11,3,KGID108440,Nandini Poojary,1997-04-15,2,4,0,2016-03-15
8442,22,434,11,3,KGID108441,Naveen Gowda,1998-02-19,1,5,0,2022-06-02
8443,22,434,11,3,KGID108442,Lokesh Shetty,1975-05-23,1,1,0,2006-06-08
8444,22,434,11,3,KGID108443,Gopal Patil,1984-12-09,1,5,0,1996-06-24
8445,22,434,12,3,KGID108444,Kiran Kamath,1989-12-20,1,7,0,2009-06-25
8446,22,434,12,3,KGID108445,Manjunath Kumar,1996-08-21,1,6,0,2015-03-10
8447,22,434,12,3,KGID108446,Ramesh Rao,2001-07-15,1,6,0,2015-10-11
8448,22,434,12,3,KGID108447,Vijay Naik,1990-09-14,1,8,0,2023-11-11
8449,22,434,12,3,KGID108448,Ravi Reddy,1988-08-08,1,3,0,2018-09-11
8450,22,434,12,3,KGID108449,Naveen Kumar,1989-10-09,1,6,0,2008-06-29
8451,22,434,12,3,KGID108450,Santosh Patil,1999-05-03,1,2,0,2000-10-24
8452,22,434,12,3,KGID108451,Chandrashekar Hegde,1997-08-13,1,3,0,2021-06-19
8453,22,434,12,3,KGID108452,Basavaraj Kulkarni,1990-07-06,1,8,0,2005-05-27
8454,22,434,12,3,KGID108453,Mahesh Gowda,1984-03-24,1,6,0,2007-08-19
8455,22,435,9,2,KGID108454,Raghavendra Naik,1985-07-25,1,7,0,2003-05-27
8456,22,435,9,1,KGID108455,Mahesh Kamath,1992-08-29,1,8,0,2001-04-09
8457,22,435,9,1,KGID108456,Gopal Patil,1990-06-18,1,8,0,2018-10-31
8458,22,435,10,3,KGID108457,Shivakumar Hegde,1994-06-23,1,1,0,1999-12-30
8459,22,435,10,3,KGID108458,Lakshmi Naik,1983-12-10,2,8,0,2021-12-27
8460,22,435,11,3,KGID108459,Sandeep Hiremath,1986-04-09,1,3,0,2016-11-05
8461,22,435,11,3,KGID108460,Geetha Bhandari,1995-05-09,2,8,0,2003-09-01
8462,22,435,11,3,KGID108461,Shivakumar Naik,2000-09-22,1,2,0,2018-09-30
8463,22,435,11,3,KGID108462,Naveen Desai,1994-02-23,1,5,0,2002-10-23
8464,22,435,11,3,KGID108463,Manoj Devaraj,1990-08-27,1,5,0,2002-07-12
8465,22,435,12,3,KGID108464,Kiran Kamath,1999-05-25,1,3,0,2007-04-28
8466,22,435,12,3,KGID108465,Lokesh Patil,1990-01-28,1,8,0,2000-05-17
8467,22,435,12,3,KGID108466,Ramesh Bhandari,1991-06-23,1,5,0,2006-06-22
8468,22,435,12,3,KGID108467,Girish Desai,2004-01-23,1,7,0,2011-11-05
8469,22,435,12,3,KGID108468,Chandrashekar Patil,1987-10-18,1,3,0,2017-05-17
8470,22,435,12,3,KGID108469,Anand Desai,1981-03-08,1,8,0,2017-12-19
8471,22,435,12,3,KGID108470,Manjunath Rao,1985-12-06,1,2,0,2018-04-22
8472,22,435,12,3,KGID108471,Prakash Bhat,1992-09-19,1,7,0,2013-03-26
8473,22,435,12,3,KGID108472,Naveen Iyer,2003-10-10,1,2,0,2011-10-10
8474,22,435,12,3,KGID108473,Shwetha Devaraj,1998-07-29,2,5,0,2010-10-31
8475,22,435,12,3,KGID108474,Krishna Hiremath,1983-10-10,1,5,0,2006-10-04
8476,22,435,12,3,KGID108475,Suresh Naik,2001-10-13,1,5,0,2012-10-29
8477,22,435,12,3,KGID108476,Naveen Hiremath,2003-03-24,1,2,0,2021-04-01
8478,22,435,12,3,KGID108477,Mahesh Kulkarni,1989-02-27,1,4,0,2011-06-05
8479,22,435,12,3,KGID108478,Suresh Kamath,2001-05-01,1,4,0,2018-08-20
8480,22,435,12,3,KGID108479,Yogesh Achar,1989-07-14,1,5,0,2021-09-15
8481,22,435,12,3,KGID108480,Yogesh Bhandari,1995-02-08,1,2,0,2020-06-22
8482,22,436,9,2,KGID108481,Vijay Nayak,1995-02-23,1,7,0,2020-01-02
8483,22,436,9,2,KGID108482,Nagaraj Poojary,1995-03-23,1,5,0,2015-12-15
8484,22,436,9,1,KGID108483,Kiran Nayak,1988-02-20,1,1,0,2005-09-19
8485,22,436,9,1,KGID108484,Umesh Rao,1996-12-14,1,8,0,2009-07-03
8486,22,436,10,3,KGID108485,Basavaraj Iyer,1981-03-01,1,8,0,2008-10-13
8487,22,436,10,3,KGID108486,Basavaraj Rao,1979-01-16,1,6,0,2013-12-11
8488,22,436,11,3,KGID108487,Krishna Rao,1979-11-13,1,8,0,2002-10-19
8489,22,436,11,3,KGID108488,Roopa Iyer,1993-08-15,2,1,0,2002-03-22
8490,22,436,11,3,KGID108489,Anand Reddy,2001-05-20,1,6,0,2005-07-28
8491,22,436,11,3,KGID108490,Santosh Kamath,1988-05-14,1,7,0,2009-10-21
8492,22,436,11,3,KGID108491,Ravi Kulkarni,1986-04-19,1,6,0,2017-03-21
8493,22,436,11,3,KGID108492,Chandrashekar Achar,1988-09-28,1,3,0,2007-01-04
8494,22,436,12,3,KGID108493,Srinivas Bhandari,1989-02-25,1,1,0,2014-12-29
8495,22,436,12,3,KGID108494,Yogesh Poojary,1990-11-01,1,5,0,2018-11-07
8496,22,436,12,3,KGID108495,Harish Bhat,1998-06-17,1,5,0,2021-08-09
8497,22,436,12,3,KGID108496,Lokesh Kamath,1983-10-10,1,6,0,2004-11-27
8498,22,436,12,3,KGID108497,Vinay Jadhav,2004-01-31,1,5,0,2013-04-12
8499,22,436,12,3,KGID108498,Rajesh Reddy,1984-08-25,1,4,0,2005-10-07
8500,22,436,12,3,KGID108499,Shobha Bhandari,1982-06-20,2,4,0,2022-10-26
8501,22,436,12,3,KGID108500,Pradeep Devaraj,2002-11-26,1,7,0,2002-05-03
8502,22,436,12,3,KGID108501,Nagaraj Jadhav,1985-09-08,1,5,0,2006-12-14
8503,22,436,12,3,KGID108502,Santosh Iyer,2003-05-09,1,2,0,2023-08-21
8504,22,436,12,3,KGID108503,Anitha Achar,1985-10-04,2,2,0,2021-05-23
8505,22,436,12,3,KGID108504,Shivakumar Poojary,2003-04-04,1,4,0,2002-08-26
8506,22,436,12,3,KGID108505,Prakash Rao,2002-08-31,1,7,0,2009-06-16
8507,22,436,12,3,KGID108506,Nagaraj Iyer,1988-04-10,1,6,0,2001-05-03
8508,22,436,12,3,KGID108507,Anand Hiremath,1989-03-13,1,2,0,2004-05-07
8509,22,437,9,2,KGID108508,Shivakumar Patil,1981-02-20,1,2,0,2022-06-09
8510,22,437,9,1,KGID108509,Harish Devaraj,1983-04-03,1,8,0,2009-08-12
8511,22,437,9,1,KGID108510,Vijay Iyer,1994-11-27,1,5,0,2008-05-19
8512,22,437,10,3,KGID108511,Ravi Poojary,1991-05-10,1,1,0,2002-05-16
8513,22,437,10,3,KGID108512,Anand Hiremath,1980-07-20,1,4,0,2000-07-18
8514,22,437,11,3,KGID108513,Manjula Hegde,1976-07-05,2,3,0,1996-06-10
8515,22,437,11,3,KGID108514,Manjunath Iyer,1979-07-10,1,7,0,2014-11-23
8516,22,437,11,3,KGID108515,Roopa Poojary,1986-05-23,2,3,0,2022-11-20
8517,22,437,11,3,KGID108516,Manjunath Jadhav,1977-02-27,1,1,0,2005-04-06
8518,22,437,11,3,KGID108517,Basavaraj Gowda,1997-05-22,1,1,0,1998-03-14
8519,22,437,11,3,KGID108518,Jayashree Nayak,1993-06-19,2,7,0,2016-11-12
8520,22,437,11,3,KGID108519,Gopal Shetty,1980-06-20,1,3,0,2003-08-02
8521,22,437,11,3,KGID108520,Girish Hiremath,1991-07-25,1,4,0,2001-04-07
8522,22,437,12,3,KGID108521,Vinay Bhandari,1997-09-13,1,4,0,2003-11-23
8523,22,437,12,3,KGID108522,Lokesh Bhandari,1993-08-15,1,3,0,2007-07-24
8524,22,437,12,3,KGID108523,Savitri Achar,1984-10-13,2,7,0,2001-01-03
8525,22,437,12,3,KGID108524,Lokesh Patil,1996-04-27,1,1,0,2004-05-22
8526,22,437,12,3,KGID108525,Ravi Naik,2004-10-20,1,1,0,2006-11-25
8527,22,437,12,3,KGID108526,Umesh Patil,1999-06-07,1,8,0,2011-06-10
8528,22,437,12,3,KGID108527,Raghavendra Kamath,1988-04-23,1,2,0,2011-08-27
8529,22,437,12,3,KGID108528,Pradeep Achar,2000-04-28,1,6,1,2001-05-04
8530,22,437,12,3,KGID108529,Roopa Naik,1981-03-06,2,2,0,2014-10-14
8531,22,437,12,3,KGID108530,Roopa Shetty,1986-11-12,2,8,0,2012-09-23
8532,22,437,12,3,KGID108531,Gopal Kulkarni,1986-10-22,1,7,0,2008-11-29
8533,22,437,12,3,KGID108532,Basavaraj Kamath,2001-06-28,1,4,0,2018-08-09
8534,22,438,8,2,KGID108533,Krishna Naik,1994-01-31,1,2,0,2022-05-05
8535,22,438,9,2,KGID108534,Santosh Devaraj,1988-06-21,1,7,0,2023-04-01
8536,22,438,9,1,KGID108535,Ravi Kulkarni,1996-05-03,1,4,0,2000-07-26
8537,22,438,10,3,KGID108536,Umesh Iyer,1996-09-25,1,4,0,2016-11-05
8538,22,438,10,3,KGID108537,Sandeep Desai,1985-07-01,1,5,0,2018-11-12
8539,22,438,10,3,KGID108538,Nagaraj Kumar,2000-02-15,1,5,0,2016-05-17
8540,22,438,11,3,KGID108539,Kiran Poojary,1993-03-27,1,3,0,2000-06-12
8541,22,438,11,3,KGID108540,Dinesh Shetty,1995-03-02,1,3,0,2001-05-20
8542,22,438,11,3,KGID108541,Raghavendra Kamath,1989-12-24,1,7,0,2018-04-09
8543,22,438,11,3,KGID108542,Manjunath Reddy,1990-07-06,1,2,0,2012-12-27
8544,22,438,12,3,KGID108543,Lokesh Bhandari,1983-03-27,1,6,0,2021-08-21
8545,22,438,12,3,KGID108544,Santosh Gowda,1998-07-19,1,2,0,2005-07-03
8546,22,438,12,3,KGID108545,Manoj Desai,1992-07-06,1,1,0,2015-03-19
8547,22,438,12,3,KGID108546,Dinesh Bhandari,1985-08-15,1,2,0,2015-07-04
8548,22,438,12,3,KGID108547,Suresh Shetty,2000-12-01,1,8,1,2023-10-24
8549,22,438,12,3,KGID108548,Ravi Devaraj,1990-12-03,1,3,0,2016-05-29
8550,22,438,12,3,KGID108549,Mahesh Jadhav,2002-01-03,1,8,0,2022-08-09
8551,22,438,12,3,KGID108550,Krishna Naik,1993-10-27,1,5,0,2021-12-13
8552,22,438,12,3,KGID108551,Dinesh Iyer,1994-08-08,1,7,0,2018-07-10
8553,22,438,12,3,KGID108552,Naveen Kamath,1988-06-27,1,1,0,2019-10-02
8554,22,438,12,3,KGID108553,Kavya Kulkarni,1984-07-30,2,2,0,2015-08-12
8555,22,438,12,3,KGID108554,Srinivas Shetty,1992-04-29,1,7,0,2017-10-22
8556,22,438,12,3,KGID108555,Vinay Hiremath,2003-05-13,1,8,0,2023-06-22
8557,22,438,12,3,KGID108556,Anand Bhandari,1997-07-20,1,6,0,2007-10-02
8558,22,439,9,2,KGID108557,Ramesh Desai,1977-11-02,1,1,0,2022-07-31
8559,22,439,9,1,KGID108558,Dinesh Kulkarni,1983-10-03,1,7,0,2002-01-04
8560,22,439,9,1,KGID108559,Girish Jadhav,1992-10-13,1,3,0,2012-07-13
8561,22,439,10,3,KGID108560,Santosh Reddy,1977-08-08,1,7,0,2017-03-24
8562,22,439,10,3,KGID108561,Mahesh Shetty,1995-11-04,1,5,0,2013-12-06
8563,22,439,10,3,KGID108562,Krishna Hegde,1986-09-12,1,1,0,2000-10-29
8564,22,439,11,3,KGID108563,Nagaraj Gowda,1988-08-31,1,4,0,2010-05-03
8565,22,439,11,3,KGID108564,Krishna Patil,1976-03-10,1,6,0,2013-08-06
8566,22,439,11,3,KGID108565,Prakash Naik,2000-09-20,1,2,0,2005-04-28
8567,22,439,11,3,KGID108566,Girish Shetty,2001-08-18,1,1,0,1999-08-23
8568,22,439,12,3,KGID108567,Sandeep Bhandari,2003-03-14,1,4,0,2006-12-10
8569,22,439,12,3,KGID108568,Kiran Gowda,2003-02-01,1,1,0,2005-06-11
8570,22,439,12,3,KGID108569,Dinesh Hiremath,1989-06-17,1,7,0,2007-08-10
8571,22,439,12,3,KGID108570,Naveen Bhat,1988-02-01,1,3,0,2014-10-17
8572,22,439,12,3,KGID108571,Ramesh Iyer,1990-06-24,1,6,0,2007-07-10
8573,22,439,12,3,KGID108572,Gopal Rao,1980-08-14,1,8,0,2014-10-24
8574,22,439,12,3,KGID108573,Basavaraj Bhat,2004-11-22,1,3,0,2004-09-21
8575,22,439,12,3,KGID108574,Basavaraj Rao,1990-08-03,1,3,0,2004-08-16
8576,22,439,12,3,KGID108575,Naveen Shetty,1992-12-10,1,2,0,2004-07-09
8577,22,439,12,3,KGID108576,Manjula Rao,1985-04-05,2,1,0,2009-11-28
8578,22,439,12,3,KGID108577,Ramesh Desai,1982-09-20,1,8,0,2002-07-29
8579,22,439,12,3,KGID108578,Manjula Bhandari,2001-10-08,2,4,0,2015-12-10
8580,22,439,12,3,KGID108579,Pradeep Hegde,1982-09-24,1,2,0,2011-10-22
8581,22,439,12,3,KGID108580,Girish Kulkarni,1994-02-15,1,4,0,2012-09-22
8582,22,439,12,3,KGID108581,Girish Naik,1989-05-15,1,7,0,2003-05-31
8583,22,439,12,3,KGID108582,Ramesh Achar,1987-07-12,1,6,0,2007-10-25
8584,22,439,12,3,KGID108583,Manjunath Bhat,1984-06-26,1,8,0,2004-03-12
8585,22,440,8,2,KGID108584,Pradeep Hiremath,1977-09-09,1,6,0,2001-05-01
8586,22,440,9,1,KGID108585,Harish Reddy,1996-08-23,1,4,0,2002-08-01
8587,22,440,10,3,KGID108586,Ramesh Iyer,1986-06-15,1,1,0,2020-12-23
8588,22,440,10,3,KGID108587,Pradeep Bhat,1998-11-18,1,6,0,2001-07-14
8589,22,440,10,3,KGID108588,Prakash Jadhav,1999-04-30,1,7,0,2014-03-31
8590,22,440,11,3,KGID108589,Manjunath Bhat,1982-06-30,1,1,0,1995-11-17
8591,22,440,11,3,KGID108590,Gopal Kulkarni,1999-04-25,1,1,0,2009-11-02
8592,22,440,11,3,KGID108591,Vijay Shetty,1978-10-09,1,2,0,1995-06-11
8593,22,440,11,3,KGID108592,Naveen Naik,1989-10-15,1,7,0,2003-08-27
8594,22,440,11,3,KGID108593,Chandrashekar Kamath,1981-12-07,1,8,0,1999-11-20
8595,22,440,11,3,KGID108594,Shivakumar Reddy,2001-07-15,1,7,0,2015-08-31
8596,22,440,11,3,KGID108595,Rekha Devaraj,1976-11-09,2,8,0,2000-12-04
8597,22,440,12,3,KGID108596,Radha Rao,1982-01-11,2,8,0,2001-11-01
8598,22,440,12,3,KGID108597,Shobha Iyer,2003-01-15,2,8,0,2008-09-01
8599,22,440,12,3,KGID108598,Rajesh Naik,2000-11-06,1,4,0,2018-09-03
8600,22,440,12,3,KGID108599,Shivakumar Achar,1988-03-02,1,5,0,2005-12-06
8601,22,440,12,3,KGID108600,Pradeep Patil,1998-11-27,1,1,0,2009-10-27
8602,22,440,12,3,KGID108601,Rajesh Patil,1996-06-19,1,7,0,2017-11-30
8603,22,440,12,3,KGID108602,Gopal Jadhav,1981-05-24,1,8,0,2023-11-29
8604,22,440,12,3,KGID108603,Raghavendra Devaraj,1998-07-12,1,6,0,2023-07-23
8605,22,440,12,3,KGID108604,Prakash Reddy,2001-04-01,1,6,0,2020-09-11
8606,22,440,12,3,KGID108605,Yogesh Shetty,1991-01-08,1,5,0,2005-03-15
8607,22,440,12,3,KGID108606,Lokesh Iyer,1997-07-08,1,5,0,2003-12-28
8608,22,440,12,3,KGID108607,Prakash Jadhav,1990-06-13,1,7,0,2015-05-02
8609,22,440,12,3,KGID108608,Mahesh Jadhav,1984-03-16,1,2,0,2015-09-28
8610,22,441,9,2,KGID108609,Anand Gowda,1987-09-13,1,8,0,1999-08-17
8611,22,441,9,1,KGID108610,Manoj Bhat,1999-05-27,1,5,0,2006-08-31
8612,22,441,9,1,KGID108611,Naveen Kulkarni,1990-12-13,1,8,0,2018-10-28
8613,22,441,10,3,KGID108612,Anand Naik,1980-01-10,1,7,0,2019-11-15
8614,22,441,10,3,KGID108613,Ramesh Bhandari,1985-11-07,1,4,0,2013-10-06
8615,22,441,10,3,KGID108614,Roopa Kumar,1977-08-20,2,1,0,2015-08-19
8616,22,441,11,3,KGID108615,Manjunath Gowda,1986-08-11,1,4,0,2003-10-26
8617,22,441,11,3,KGID108616,Sandeep Desai,1995-08-20,1,2,0,2014-09-24
8618,22,441,11,3,KGID108617,Shivakumar Kulkarni,1980-04-21,1,6,0,2015-10-11
8619,22,441,11,3,KGID108618,Shivakumar Shetty,1996-09-12,1,5,0,2009-09-05
8620,22,441,12,3,KGID108619,Mahesh Hiremath,1990-11-06,1,4,0,2014-04-12
8621,22,441,12,3,KGID108620,Naveen Rao,1994-09-17,1,8,0,2013-12-22
8622,22,441,12,3,KGID108621,Ravi Shetty,1996-02-09,1,4,0,2011-03-15
8623,22,441,12,3,KGID108622,Krishna Gowda,1989-11-14,1,6,0,2016-05-04
8624,22,441,12,3,KGID108623,Manoj Iyer,1989-01-23,1,3,0,2001-05-01
8625,22,441,12,3,KGID108624,Manoj Naik,2002-01-22,1,1,0,2003-10-17
8626,22,441,12,3,KGID108625,Dinesh Nayak,2004-02-16,1,3,0,2019-09-16
8627,22,441,12,3,KGID108626,Yogesh Shetty,2003-10-02,1,5,0,2016-03-30
8628,22,441,12,3,KGID108627,Rajesh Naik,1980-09-26,1,3,0,2012-12-19
8629,22,441,12,3,KGID108628,Girish Poojary,1983-06-15,1,7,0,2016-03-31
8630,22,441,12,3,KGID108629,Umesh Iyer,1996-02-15,1,7,0,2017-06-09
8631,22,441,12,3,KGID108630,Yogesh Jadhav,1995-02-27,1,6,0,2021-03-13
8632,22,442,8,2,KGID108631,Raghavendra Iyer,1990-01-11,1,6,0,2003-08-02
8633,22,442,8,2,KGID108632,Girish Desai,1978-06-27,1,6,0,2008-04-26
8634,22,442,9,1,KGID108633,Shwetha Jadhav,1995-04-06,2,7,0,2017-11-19
8635,22,442,10,3,KGID108634,Sandeep Devaraj,1987-06-20,1,3,0,2016-09-01
8636,22,442,10,3,KGID108635,Shivakumar Nayak,1999-03-05,1,2,0,2021-11-14
8637,22,442,11,3,KGID108636,Ramesh Gowda,1996-08-09,1,6,0,2004-05-14
8638,22,442,11,3,KGID108637,Manjunath Nayak,1993-02-01,1,1,0,2005-11-09
8639,22,442,11,3,KGID108638,Yogesh Poojary,1988-07-03,1,6,0,2003-08-22
8640,22,442,11,3,KGID108639,Srinivas Gowda,1996-06-04,1,8,0,2008-08-18
8641,22,442,11,3,KGID108640,Shwetha Hegde,1994-07-14,2,5,0,2020-09-22
8642,22,442,12,3,KGID108641,Santosh Devaraj,1991-10-17,1,6,0,2005-09-18
8643,22,442,12,3,KGID108642,Shobha Reddy,1994-11-14,2,4,0,2013-04-07
8644,22,442,12,3,KGID108643,Suresh Iyer,1985-08-10,1,7,0,2008-06-14
8645,22,442,12,3,KGID108644,Geetha Rao,1981-07-09,2,5,0,2002-05-31
8646,22,442,12,3,KGID108645,Manjula Nayak,1987-01-26,2,2,0,2017-09-08
8647,22,442,12,3,KGID108646,Pushpa Hiremath,1989-03-19,2,3,0,2011-03-14
8648,22,442,12,3,KGID108647,Harish Kamath,1999-02-27,1,4,0,2020-08-09
8649,22,442,12,3,KGID108648,Srinivas Naik,1998-07-18,1,4,0,2003-10-18
8650,22,442,12,3,KGID108649,Kiran Hiremath,1981-12-01,1,7,0,2001-06-21
8651,22,442,12,3,KGID108650,Jayashree Hiremath,1996-08-26,2,8,0,2009-04-12
8652,22,442,12,3,KGID108651,Manjunath Kumar,2004-05-16,1,7,0,2021-04-05
8653,22,442,12,3,KGID108652,Basavaraj Poojary,1996-11-10,1,8,0,2002-04-02
8654,22,442,12,3,KGID108653,Dinesh Naik,1983-11-30,1,2,0,2007-05-12
8655,22,442,12,3,KGID108654,Vinay Gowda,1981-03-25,1,6,0,2006-05-15
8656,22,442,12,3,KGID108655,Rajesh Bhandari,2002-03-17,1,5,0,2021-03-10
8657,22,442,12,3,KGID108656,Dinesh Kumar,1982-03-09,1,2,0,2006-07-27
8658,22,443,9,2,KGID108657,Basavaraj Reddy,1992-06-23,1,8,0,2021-07-27
8659,22,443,9,1,KGID108658,Anitha Hiremath,1990-07-10,2,6,0,2021-10-09
8660,22,443,9,1,KGID108659,Harish Kulkarni,1983-03-28,1,1,0,2003-09-18
8661,22,443,10,3,KGID108660,Dinesh Nayak,1999-09-09,1,4,0,2012-05-18
8662,22,443,10,3,KGID108661,Lakshmi Devaraj,1983-03-27,2,3,0,2020-12-15
8663,22,443,11,3,KGID108662,Anand Bhat,2000-11-06,1,5,0,1995-10-24
8664,22,443,11,3,KGID108663,Anitha Poojary,1983-03-23,2,4,0,2000-05-18
8665,22,443,11,3,KGID108664,Ravi Jadhav,1991-12-14,1,7,0,2007-12-01
8666,22,443,11,3,KGID108665,Manoj Bhandari,1975-12-17,1,6,0,2015-10-30
8667,22,443,12,3,KGID108666,Shivakumar Nayak,1990-03-09,1,1,0,2023-09-15
8668,22,443,12,3,KGID108667,Naveen Hegde,1992-08-23,1,6,0,2019-04-08
8669,22,443,12,3,KGID108668,Lokesh Desai,1988-08-19,1,7,0,2006-04-24
8670,22,443,12,3,KGID108669,Raghavendra Hiremath,1983-12-02,1,5,0,2006-06-06
8671,22,443,12,3,KGID108670,Raghavendra Bhandari,1999-11-27,1,7,0,2019-09-04
8672,22,443,12,3,KGID108671,Suresh Poojary,1985-02-15,1,3,0,2017-04-23
8673,22,443,12,3,KGID108672,Vinay Shetty,1997-07-20,1,7,0,2019-06-17
8674,22,443,12,3,KGID108673,Suresh Iyer,1997-04-17,1,8,0,2006-05-09
8675,22,443,12,3,KGID108674,Vinay Desai,1991-10-19,1,6,0,2004-04-22
8676,22,443,12,3,KGID108675,Gopal Achar,1988-05-02,1,5,0,2022-12-07
8677,22,443,12,3,KGID108676,Shwetha Hegde,1996-06-29,2,6,0,2005-08-16
8678,22,444,8,2,KGID108677,Vijay Iyer,1994-05-31,1,7,0,1998-06-06
8679,22,444,9,1,KGID108678,Santosh Reddy,1985-04-16,1,5,0,2004-07-20
8680,22,444,9,1,KGID108679,Suresh Hegde,1989-09-21,1,7,0,2004-09-21
8681,22,444,10,3,KGID108680,Basavaraj Poojary,1981-03-25,1,1,0,2005-09-22
8682,22,444,10,3,KGID108681,Prakash Bhat,1983-01-24,1,8,0,2000-06-18
8683,22,444,10,3,KGID108682,Umesh Poojary,1991-11-03,1,4,0,1997-10-04
8684,22,444,11,3,KGID108683,Ramesh Patil,1986-01-06,1,8,0,2002-09-18
8685,22,444,11,3,KGID108684,Ravi Kulkarni,1988-07-29,1,5,0,2006-04-03
8686,22,444,11,3,KGID108685,Suresh Nayak,1976-11-14,1,7,0,2001-10-24
8687,22,444,11,3,KGID108686,Chandrashekar Hegde,1991-06-30,1,7,0,2013-05-27
8688,22,444,11,3,KGID108687,Dinesh Kumar,1995-06-22,1,4,0,2017-03-27
8689,22,444,12,3,KGID108688,Girish Naik,2000-02-04,1,5,0,2019-10-05
8690,22,444,12,3,KGID108689,Yogesh Kamath,1999-11-19,1,3,0,2022-09-06
8691,22,444,12,3,KGID108690,Gopal Shetty,1995-02-13,1,8,0,2006-05-23
8692,22,444,12,3,KGID108691,Pushpa Iyer,1980-11-25,2,8,0,2018-09-07
8693,22,444,12,3,KGID108692,Harish Desai,1986-09-21,1,6,0,2000-04-29
8694,22,444,12,3,KGID108693,Gopal Kamath,2002-10-07,1,3,0,2004-11-01
8695,22,444,12,3,KGID108694,Ramesh Gowda,2004-12-02,1,5,0,2016-09-18
8696,22,444,12,3,KGID108695,Dinesh Jadhav,1989-08-26,1,6,0,2002-01-04
8697,22,444,12,3,KGID108696,Srinivas Patil,1981-05-15,1,2,0,2001-08-09
8698,22,444,12,3,KGID108697,Girish Achar,1985-10-23,1,7,0,2006-10-30
8699,22,444,12,3,KGID108698,Pradeep Achar,1985-09-10,1,4,0,2006-10-23
8700,22,444,12,3,KGID108699,Kiran Shetty,1988-01-03,1,4,0,2001-12-29
8701,22,444,12,3,KGID108700,Manoj Shetty,1997-05-30,1,7,0,2000-05-19
8702,22,444,12,3,KGID108701,Dinesh Achar,1981-12-11,1,2,0,2014-04-24
8703,22,444,12,3,KGID108702,Anand Kumar,1993-06-07,1,2,0,2021-07-23
8704,22,445,8,2,KGID108703,Dinesh Reddy,1985-01-17,1,3,0,2004-08-12
8705,22,445,8,2,KGID108704,Gopal Iyer,1995-02-25,1,4,0,2008-04-22
8706,22,445,9,1,KGID108705,Dinesh Jadhav,1995-12-18,1,2,0,2021-12-14
8707,22,445,10,3,KGID108706,Manoj Reddy,1985-10-21,1,8,0,2016-10-20
8708,22,445,10,3,KGID108707,Rajesh Naik,1977-06-01,1,2,0,2007-09-07
8709,22,445,10,3,KGID108708,Vijay Jadhav,1991-08-26,1,4,0,2020-12-30
8710,22,445,11,3,KGID108709,Santosh Desai,1993-09-02,1,5,0,2019-07-14
8711,22,445,11,3,KGID108710,Vijay Iyer,1982-08-11,1,5,0,2021-04-24
8712,22,445,11,3,KGID108711,Gopal Reddy,1986-12-19,1,4,0,2019-09-15
8713,22,445,11,3,KGID108712,Lokesh Patil,1982-12-09,1,2,0,2012-05-25
8714,22,445,11,3,KGID108713,Pradeep Bhandari,1981-09-11,1,3,0,2000-05-25
8715,22,445,11,3,KGID108714,Lakshmi Reddy,1994-08-03,2,5,0,1995-11-24
8716,22,445,11,3,KGID108715,Girish Kumar,2000-07-26,1,1,0,2004-06-21
8717,22,445,11,3,KGID108716,Raghavendra Devaraj,1977-10-24,1,2,0,2010-03-25
8718,22,445,12,3,KGID108717,Srinivas Achar,1990-05-15,1,2,0,2010-04-04
8719,22,445,12,3,KGID108718,Kiran Rao,1991-02-19,1,7,0,2006-05-27
8720,22,445,12,3,KGID108719,Yogesh Bhat,2004-08-04,1,2,0,2018-03-09
8721,22,445,12,3,KGID108720,Suresh Gowda,2002-01-19,1,3,0,2014-12-03
8722,22,445,12,3,KGID108721,Suresh Poojary,1986-02-19,1,6,0,2018-09-17
8723,22,445,12,3,KGID108722,Umesh Iyer,1989-06-12,1,2,0,2006-10-16
8724,22,445,12,3,KGID108723,Suresh Devaraj,2000-04-23,1,7,0,2007-12-24
8725,22,445,12,3,KGID108724,Ravi Bhat,1993-08-21,1,1,0,2010-03-23
8726,22,445,12,3,KGID108725,Geetha Desai,1984-02-16,2,1,0,2005-07-19
8727,22,445,12,3,KGID108726,Girish Gowda,2000-12-12,1,8,0,2014-05-04
8728,22,445,12,3,KGID108727,Santosh Rao,1990-07-24,1,3,0,2019-06-20
8729,22,445,12,3,KGID108728,Santosh Hegde,1988-09-01,1,4,0,2014-11-06
8730,22,445,12,3,KGID108729,Suresh Shetty,1984-12-14,1,8,0,2018-11-27
8731,22,445,12,3,KGID108730,Sandeep Shetty,2004-12-22,1,6,0,2019-09-03
8732,22,445,12,3,KGID108731,Naveen Kulkarni,1998-07-22,1,5,0,2023-05-24
8733,22,445,12,3,KGID108732,Krishna Hiremath,1981-07-06,1,4,0,2008-12-09
8734,22,445,12,3,KGID108733,Chandrashekar Kumar,1992-12-21,1,5,0,2015-11-16
8735,22,446,9,2,KGID108734,Kiran Hiremath,1990-08-07,1,3,0,2005-11-10
8736,22,446,9,1,KGID108735,Manjula Achar,1988-02-04,2,5,0,2013-05-18
8737,22,446,9,1,KGID108736,Sandeep Gowda,1993-09-12,1,4,0,2022-08-16
8738,22,446,10,3,KGID108737,Anand Patil,1999-01-31,1,2,0,2002-07-18
8739,22,446,10,3,KGID108738,Ravi Achar,1984-07-15,1,3,0,2016-07-12
8740,22,446,10,3,KGID108739,Manoj Kamath,1989-04-10,1,5,0,2002-12-21
8741,22,446,11,3,KGID108740,Pradeep Hegde,1983-02-10,1,8,0,1996-09-02
8742,22,446,11,3,KGID108741,Sandeep Kamath,1994-09-21,1,4,0,2021-10-04
8743,22,446,11,3,KGID108742,Pradeep Jadhav,1989-07-13,1,6,0,2013-06-12
8744,22,446,11,3,KGID108743,Ravi Jadhav,2000-10-18,1,1,0,1995-10-31
8745,22,446,11,3,KGID108744,Sandeep Bhandari,1984-01-15,1,3,0,2014-04-26
8746,22,446,11,3,KGID108745,Pradeep Nayak,1990-12-07,1,7,0,2017-10-01
8747,22,446,11,3,KGID108746,Krishna Kamath,1984-10-06,1,2,0,2002-07-02
8748,22,446,11,3,KGID108747,Prakash Nayak,1998-02-19,1,1,0,2018-12-12
8749,22,446,12,3,KGID108748,Ravi Gowda,1986-04-26,1,8,0,2016-08-16
8750,22,446,12,3,KGID108749,Harish Naik,2002-01-20,1,2,0,2003-06-06
8751,22,446,12,3,KGID108750,Rajesh Hegde,1987-09-20,1,5,0,2020-05-22
8752,22,446,12,3,KGID108751,Naveen Kumar,1981-03-28,1,6,0,2010-09-24
8753,22,446,12,3,KGID108752,Umesh Iyer,1984-09-09,1,4,0,2004-05-14
8754,22,446,12,3,KGID108753,Kavya Rao,1994-11-02,2,3,0,2006-06-28
8755,22,446,12,3,KGID108754,Suresh Reddy,2004-02-12,1,6,0,2002-12-14
8756,22,446,12,3,KGID108755,Manjunath Jadhav,1989-01-12,1,4,0,2013-04-03
8757,22,446,12,3,KGID108756,Anand Desai,1984-12-18,1,5,0,2018-10-21
8758,22,446,12,3,KGID108757,Nagaraj Desai,1983-04-15,1,5,0,2005-04-30
8759,22,446,12,3,KGID108758,Lokesh Naik,1997-07-14,1,3,0,2021-03-21
8760,22,446,12,3,KGID108759,Gopal Reddy,1995-10-08,1,5,0,2020-08-01
8761,22,446,12,3,KGID108760,Krishna Devaraj,1981-09-14,1,8,0,2001-08-18
8762,22,446,12,3,KGID108761,Srinivas Shetty,1986-10-07,1,3,1,2008-06-06
8763,22,446,12,3,KGID108762,Lakshmi Nayak,1993-11-28,2,6,0,2012-05-11
8764,22,446,12,3,KGID108763,Santosh Nayak,1998-09-11,1,5,0,2023-08-07
8765,22,446,12,3,KGID108764,Sandeep Reddy,1993-03-24,1,7,0,2006-04-20
8766,22,447,9,2,KGID108765,Lokesh Shetty,1988-09-19,1,2,0,2016-04-26
8767,22,447,8,2,KGID108766,Ravi Naik,1993-03-03,1,2,0,2023-09-08
8768,22,447,9,1,KGID108767,Manjunath Kumar,1999-09-16,1,5,0,2004-11-21
8769,22,447,10,3,KGID108768,Anand Achar,1989-07-02,1,3,0,2005-05-12
8770,22,447,10,3,KGID108769,Raghavendra Devaraj,1987-09-22,1,4,0,2015-04-20
8771,22,447,11,3,KGID108770,Lokesh Desai,1991-09-22,1,6,0,2014-08-24
8772,22,447,11,3,KGID108771,Nandini Reddy,2001-04-18,2,2,0,2019-09-08
8773,22,447,11,3,KGID108772,Gopal Iyer,1999-09-10,1,1,0,2009-11-23
8774,22,447,11,3,KGID108773,Manjula Poojary,1976-10-31,2,4,0,2008-11-04
8775,22,447,11,3,KGID108774,Jayashree Hiremath,1992-10-28,2,7,0,2006-08-03
8776,22,447,11,3,KGID108775,Suresh Shetty,1981-04-08,1,3,0,2009-10-07
8777,22,447,12,3,KGID108776,Suresh Devaraj,1997-10-20,1,5,0,2019-05-02
8778,22,447,12,3,KGID108777,Ravi Rao,2000-05-07,1,7,0,2001-08-11
8779,22,447,12,3,KGID108778,Vinay Bhat,1987-07-29,1,1,0,2004-10-06
8780,22,447,12,3,KGID108779,Vijay Kumar,1981-09-07,1,6,0,2020-12-19
8781,22,447,12,3,KGID108780,Sandeep Iyer,1981-04-12,1,2,0,2000-12-26
8782,22,447,12,3,KGID108781,Yogesh Hegde,1983-04-22,1,8,0,2007-10-08
8783,22,447,12,3,KGID108782,Gopal Nayak,1996-03-17,1,5,0,2022-03-08
8784,22,447,12,3,KGID108783,Pushpa Reddy,2002-04-08,2,5,0,2003-12-05
8785,22,447,12,3,KGID108784,Mahesh Kumar,1991-10-25,1,4,0,2021-08-10
8786,22,447,12,3,KGID108785,Pallavi Naik,1996-05-28,2,3,0,2017-08-30
8787,22,447,12,3,KGID108786,Girish Devaraj,1994-07-28,1,2,0,2012-06-18
8788,22,448,8,2,KGID108787,Dinesh Kumar,1977-07-16,1,1,0,2009-05-18
8789,22,448,9,1,KGID108788,Pradeep Shetty,1991-03-26,1,7,0,2019-10-22
8790,22,448,9,1,KGID108789,Kiran Kumar,1995-04-11,1,5,0,2003-07-04
8791,22,448,10,3,KGID108790,Pradeep Kulkarni,2000-04-19,1,5,0,1999-10-08
8792,22,448,10,3,KGID108791,Nagaraj Bhandari,1986-08-23,1,3,0,2012-06-08
8793,22,448,11,3,KGID108792,Santosh Desai,2001-05-02,1,4,0,2010-09-30
8794,22,448,11,3,KGID108793,Pallavi Kumar,1977-10-01,2,3,0,2012-09-08
8795,22,448,11,3,KGID108794,Suresh Naik,1989-09-07,1,6,0,2022-04-22
8796,22,448,11,3,KGID108795,Pradeep Jadhav,1977-01-02,1,7,0,2015-10-09
8797,22,448,12,3,KGID108796,Chandrashekar Bhat,1997-12-05,1,6,0,2022-10-04
8798,22,448,12,3,KGID108797,Dinesh Devaraj,1989-08-18,1,4,0,2008-08-23
8799,22,448,12,3,KGID108798,Prakash Poojary,1989-09-15,1,1,0,2013-10-23
8800,22,448,12,3,KGID108799,Gopal Kulkarni,1995-12-16,1,5,0,2018-04-19
8801,22,448,12,3,KGID108800,Girish Nayak,1985-09-24,1,7,0,2002-03-14
8802,22,448,12,3,KGID108801,Srinivas Iyer,1985-10-02,1,7,0,2012-09-14
8803,22,448,12,3,KGID108802,Kiran Achar,2001-07-24,1,3,0,2014-10-20
8804,22,448,12,3,KGID108803,Rekha Rao,1990-11-29,2,7,0,2007-04-06
8805,22,448,12,3,KGID108804,Manjunath Bhandari,2003-11-22,1,2,0,2017-05-28
8806,22,449,9,2,KGID108805,Prakash Kulkarni,1990-10-06,1,8,0,1998-10-28
8807,22,449,9,2,KGID108806,Yogesh Rao,1995-08-09,1,1,0,2015-04-30
8808,22,449,9,1,KGID108807,Manoj Poojary,1989-09-16,1,8,0,2016-05-22
8809,22,449,9,1,KGID108808,Basavaraj Nayak,1986-11-01,1,4,0,2009-06-15
8810,22,449,10,3,KGID108809,Radha Naik,1979-12-18,2,1,0,1999-06-17
8811,22,449,10,3,KGID108810,Kiran Shetty,1982-04-15,1,2,0,2018-09-19
8812,22,449,10,3,KGID108811,Umesh Achar,1985-09-28,1,4,0,2002-07-05
8813,22,449,11,3,KGID108812,Anand Kumar,1999-11-13,1,7,0,2007-05-19
8814,22,449,11,3,KGID108813,Ramesh Hegde,1981-03-24,1,6,0,2007-05-07
8815,22,449,11,3,KGID108814,Girish Devaraj,1998-12-14,1,5,0,2012-05-13
8816,22,449,11,3,KGID108815,Suresh Kamath,1988-04-17,1,5,0,2014-01-03
8817,22,449,11,3,KGID108816,Gopal Hegde,1980-08-31,1,7,0,2009-10-14
8818,22,449,12,3,KGID108817,Umesh Reddy,1984-11-21,1,1,0,2011-06-09
8819,22,449,12,3,KGID108818,Anand Poojary,1986-11-04,1,4,0,2005-06-19
8820,22,449,12,3,KGID108819,Santosh Kamath,1991-05-04,1,7,0,2009-06-01
8821,22,449,12,3,KGID108820,Chandrashekar Gowda,1993-11-04,1,1,0,2008-09-05
8822,22,449,12,3,KGID108821,Vinay Gowda,1990-07-09,1,5,0,2012-12-30
8823,22,449,12,3,KGID108822,Gopal Naik,1998-04-21,1,2,0,2016-04-22
8824,22,449,12,3,KGID108823,Ravi Desai,1994-10-24,1,1,0,2006-10-31
8825,22,449,12,3,KGID108824,Manoj Jadhav,1989-02-15,1,7,0,2005-04-24
8826,22,449,12,3,KGID108825,Kiran Patil,1988-10-12,1,7,0,2012-06-06
8827,22,449,12,3,KGID108826,Basavaraj Jadhav,2003-10-11,1,1,0,2007-01-05
8828,22,449,12,3,KGID108827,Sandeep Poojary,1999-01-25,1,7,0,2014-08-07
8829,22,449,12,3,KGID108828,Yogesh Bhat,1982-06-14,1,7,0,2013-11-18
8830,22,449,12,3,KGID108829,Sandeep Naik,1999-06-15,1,5,0,2012-04-25
8831,22,449,12,3,KGID108830,Pradeep Bhandari,1987-04-14,1,3,0,2017-09-25
8832,22,449,12,3,KGID108831,Rekha Bhandari,1983-04-19,2,2,0,2015-12-23
8833,22,449,12,3,KGID108832,Savitri Nayak,1992-03-08,2,6,0,2021-05-14
8834,22,449,12,3,KGID108833,Sandeep Iyer,1995-10-15,1,5,0,2009-09-20
8835,22,450,9,2,KGID108834,Basavaraj Naik,1997-07-27,1,3,0,2014-05-10
8836,22,450,9,1,KGID108835,Gopal Achar,1987-01-23,1,8,0,2013-10-24
8837,22,450,9,1,KGID108836,Srinivas Patil,1991-05-13,1,7,0,2020-04-21
8838,22,450,10,3,KGID108837,Manoj Naik,1999-05-02,1,1,0,2016-11-06
8839,22,450,10,3,KGID108838,Chandrashekar Poojary,1986-03-25,1,1,0,2008-05-10
8840,22,450,11,3,KGID108839,Kiran Achar,1996-12-31,1,5,0,2023-08-28
8841,22,450,11,3,KGID108840,Santosh Iyer,1995-04-22,1,6,0,2018-10-26
8842,22,450,11,3,KGID108841,Anitha Nayak,2001-03-04,2,6,0,2014-11-14
8843,22,450,11,3,KGID108842,Basavaraj Gowda,1989-10-06,1,3,0,2003-11-13
8844,22,450,11,3,KGID108843,Gopal Nayak,1975-02-16,1,2,0,1997-12-26
8845,22,450,11,3,KGID108844,Shivakumar Nayak,1995-03-23,1,6,0,1998-06-16
8846,22,450,11,3,KGID108845,Pradeep Poojary,1979-08-05,1,6,0,2020-05-20
8847,22,450,12,3,KGID108846,Raghavendra Kamath,1985-03-30,1,6,0,2016-06-02
8848,22,450,12,3,KGID108847,Basavaraj Hiremath,1985-02-09,1,8,0,2018-06-09
8849,22,450,12,3,KGID108848,Kiran Kumar,1989-10-23,1,5,0,2022-09-26
8850,22,450,12,3,KGID108849,Santosh Rao,2004-06-12,1,6,0,2020-08-02
8851,22,450,12,3,KGID108850,Suresh Kamath,1986-02-26,1,1,0,2014-05-18
8852,22,450,12,3,KGID108851,Gopal Reddy,1986-04-05,1,4,0,2020-03-26
8853,22,450,12,3,KGID108852,Manjula Bhandari,1989-12-04,2,1,0,2022-08-23
8854,22,450,12,3,KGID108853,Vani Achar,1983-11-19,2,1,0,2016-06-01
8855,22,450,12,3,KGID108854,Ramesh Hiremath,1992-01-11,1,6,0,2006-04-11
8856,22,450,12,3,KGID108855,Basavaraj Kulkarni,2004-10-01,1,8,0,2004-11-16
8857,22,450,12,3,KGID108856,Manoj Desai,2003-07-18,1,6,0,2017-04-01
8858,22,450,12,3,KGID108857,Girish Nayak,1982-04-27,1,3,0,2001-07-17
8859,22,450,12,3,KGID108858,Santosh Bhandari,1986-05-24,1,8,0,2003-12-11
8860,22,450,12,3,KGID108859,Ravi Gowda,1989-09-28,1,5,0,2016-04-15
8861,22,451,9,2,KGID108860,Rekha Devaraj,1976-10-05,2,5,0,2018-06-04
8862,22,451,9,1,KGID108861,Sandeep Reddy,1999-08-25,1,1,0,2019-09-20
8863,22,451,9,1,KGID108862,Chandrashekar Rao,1982-06-27,1,4,0,2012-03-31
8864,22,451,10,3,KGID108863,Manjunath Kamath,1992-03-27,1,4,0,2008-04-12
8865,22,451,10,3,KGID108864,Ramesh Devaraj,1995-11-22,1,7,0,2021-08-10
8866,22,451,10,3,KGID108865,Manjunath Nayak,1985-09-20,1,2,0,2018-07-25
8867,22,451,11,3,KGID108866,Geetha Rao,1988-12-05,2,5,0,2009-09-30
8868,22,451,11,3,KGID108867,Basavaraj Nayak,1998-03-16,1,8,0,2009-03-18
8869,22,451,11,3,KGID108868,Vinay Naik,1979-06-22,1,4,0,2020-05-11
8870,22,451,11,3,KGID108869,Suresh Iyer,1979-09-30,1,7,0,2001-12-19
8871,22,451,12,3,KGID108870,Yogesh Shetty,1996-11-05,1,5,0,2009-10-18
8872,22,451,12,3,KGID108871,Prakash Hegde,1986-05-04,1,3,0,2013-08-23
8873,22,451,12,3,KGID108872,Deepa Naik,1982-01-13,2,3,0,2023-11-11
8874,22,451,12,3,KGID108873,Basavaraj Patil,1988-09-28,1,4,0,2022-10-17
8875,22,451,12,3,KGID108874,Rajesh Naik,1990-12-25,1,4,0,2015-07-24
8876,22,451,12,3,KGID108875,Anitha Kamath,1988-06-14,2,5,0,2023-04-23
8877,22,451,12,3,KGID108876,Girish Nayak,1991-10-30,1,6,0,2007-05-17
8878,22,451,12,3,KGID108877,Dinesh Reddy,1986-07-05,1,6,0,2020-05-21
8879,22,451,12,3,KGID108878,Prakash Poojary,1992-04-28,1,1,0,2004-09-05
8880,22,451,12,3,KGID108879,Girish Devaraj,2000-05-09,1,8,0,2007-06-03
8881,22,451,12,3,KGID108880,Lokesh Kumar,1980-07-10,1,3,0,2000-06-21
8882,22,451,12,3,KGID108881,Lokesh Iyer,2003-06-11,1,3,0,2004-07-12
8883,22,451,12,3,KGID108882,Girish Patil,2001-12-19,1,7,0,2001-07-22
8884,22,452,9,2,KGID108883,Dinesh Iyer,1985-06-24,1,8,0,2008-03-28
8885,22,452,8,2,KGID108884,Rekha Reddy,1989-12-03,2,2,1,2020-10-28
8886,22,452,9,1,KGID108885,Harish Rao,1994-09-22,1,5,0,2006-07-24
8887,22,452,9,1,KGID108886,Manjula Bhat,1987-07-31,2,1,0,2001-07-08
8888,22,452,10,3,KGID108887,Vijay Iyer,1990-07-28,1,1,0,2015-04-03
8889,22,452,10,3,KGID108888,Nandini Desai,1999-08-04,2,5,0,2016-03-13
8890,22,452,10,3,KGID108889,Umesh Gowda,1983-08-09,1,7,0,1999-08-18
8891,22,452,11,3,KGID108890,Gopal Bhat,1976-06-28,1,5,0,2005-12-20
8892,22,452,11,3,KGID108891,Sowmya Hiremath,1980-02-17,2,1,0,2019-11-11
8893,22,452,11,3,KGID108892,Girish Naik,2001-04-27,1,2,0,2009-04-25
8894,22,452,11,3,KGID108893,Girish Shetty,2001-10-15,1,7,0,2005-09-16
8895,22,452,11,3,KGID108894,Basavaraj Bhandari,1987-05-26,1,8,0,2022-07-10
8896,22,452,11,3,KGID108895,Prakash Reddy,1990-09-12,1,8,0,2006-08-02
8897,22,452,11,3,KGID108896,Santosh Hegde,1998-09-15,1,3,0,2019-06-26
8898,22,452,11,3,KGID108897,Pradeep Gowda,1985-03-29,1,5,0,2007-08-26
8899,22,452,12,3,KGID108898,Naveen Reddy,1991-10-13,1,2,0,2008-08-18
8900,22,452,12,3,KGID108899,Raghavendra Nayak,2001-11-22,1,5,0,2000-07-25
8901,22,452,12,3,KGID108900,Manjula Achar,1988-07-14,2,2,0,2023-10-20
8902,22,452,12,3,KGID108901,Geetha Gowda,1982-12-06,2,8,0,2011-04-07
8903,22,452,12,3,KGID108902,Umesh Desai,1989-05-06,1,4,0,2002-03-16
8904,22,452,12,3,KGID108903,Prakash Devaraj,1985-02-20,1,7,0,2003-07-20
8905,22,452,12,3,KGID108904,Raghavendra Naik,1998-04-30,1,4,0,2018-12-05
8906,22,452,12,3,KGID108905,Raghavendra Gowda,1983-08-12,1,2,0,2023-08-10
8907,22,452,12,3,KGID108906,Kiran Shetty,1990-03-31,1,5,0,2013-06-01
8908,22,452,12,3,KGID108907,Sandeep Naik,2002-08-19,1,2,0,2013-07-02
8909,22,453,8,2,KGID108908,Vijay Achar,1989-09-09,1,7,0,2021-10-13
8910,22,453,9,2,KGID108909,Krishna Kamath,1986-06-28,1,4,0,2014-06-14
8911,22,453,9,1,KGID108910,Raghavendra Hiremath,1993-10-23,1,2,0,2022-03-17
8912,22,453,10,3,KGID108911,Krishna Bhandari,1989-10-04,1,1,0,2021-03-10
8913,22,453,10,3,KGID108912,Chandrashekar Kumar,1985-12-24,1,8,0,2021-07-31
8914,22,453,11,3,KGID108913,Yogesh Hegde,2000-02-20,1,3,0,2001-10-16
8915,22,453,11,3,KGID108914,Manjunath Devaraj,1989-05-18,1,7,0,2006-09-10
8916,22,453,11,3,KGID108915,Manoj Rao,1991-12-26,1,4,0,2007-04-17
8917,22,453,11,3,KGID108916,Sandeep Bhandari,1993-02-19,1,7,0,2017-06-07
8918,22,453,11,3,KGID108917,Pallavi Shetty,1978-08-09,2,3,0,2001-05-23
8919,22,453,11,3,KGID108918,Rekha Rao,1996-08-30,2,2,0,1996-10-16
8920,22,453,11,3,KGID108919,Manjunath Hiremath,1997-08-04,1,7,0,2023-06-15
8921,22,453,11,3,KGID108920,Nagaraj Poojary,1981-08-17,1,3,0,2011-12-26
8922,22,453,12,3,KGID108921,Jayashree Kamath,1996-07-02,2,6,0,2023-06-29
8923,22,453,12,3,KGID108922,Manoj Bhandari,1999-06-26,1,2,0,2021-05-28
8924,22,453,12,3,KGID108923,Basavaraj Iyer,1997-02-20,1,1,0,2007-12-01
8925,22,453,12,3,KGID108924,Vinay Desai,1992-10-14,1,7,0,2021-05-21
8926,22,453,12,3,KGID108925,Basavaraj Nayak,1981-08-12,1,2,0,2022-08-03
8927,22,453,12,3,KGID108926,Savitri Reddy,1982-01-30,2,7,0,2010-07-28
8928,22,453,12,3,KGID108927,Raghavendra Hegde,1992-12-11,1,1,0,2015-06-12
8929,22,453,12,3,KGID108928,Ramesh Poojary,2004-05-26,1,7,0,2018-07-31
8930,22,453,12,3,KGID108929,Manjunath Shetty,2004-07-07,1,8,0,2001-09-18
8931,22,453,12,3,KGID108930,Chandrashekar Poojary,1998-05-16,1,4,0,2014-05-05
8932,22,453,12,3,KGID108931,Pradeep Rao,1981-05-10,1,5,0,2018-07-31
8933,22,454,9,2,KGID108932,Dinesh Desai,1975-12-08,1,7,0,2018-04-03
8934,22,454,8,2,KGID108933,Prakash Rao,1993-04-25,1,5,0,2019-05-30
8935,22,454,9,1,KGID108934,Ramesh Kamath,1981-03-04,1,5,0,2006-05-15
8936,22,454,9,1,KGID108935,Kiran Naik,1983-12-05,1,7,0,2005-07-31
8937,22,454,10,3,KGID108936,Chandrashekar Patil,1997-10-09,1,1,0,2009-07-12
8938,22,454,10,3,KGID108937,Sandeep Shetty,1999-03-27,1,3,0,2010-05-09
8939,22,454,10,3,KGID108938,Vijay Patil,1984-06-23,1,1,0,2007-08-23
8940,22,454,11,3,KGID108939,Chandrashekar Bhat,1996-08-19,1,7,0,2009-11-28
8941,22,454,11,3,KGID108940,Manoj Achar,1981-01-19,1,6,0,1998-04-09
8942,22,454,11,3,KGID108941,Prakash Bhat,1996-12-25,1,3,0,2013-08-23
8943,22,454,11,3,KGID108942,Krishna Devaraj,1978-05-10,1,8,0,2007-06-05
8944,22,454,11,3,KGID108943,Chandrashekar Reddy,2001-11-09,1,1,0,2010-03-14
8945,22,454,11,3,KGID108944,Chandrashekar Reddy,1997-02-02,1,8,0,2016-09-27
8946,22,454,12,3,KGID108945,Manjunath Shetty,1992-07-02,1,8,0,2016-03-23
8947,22,454,12,3,KGID108946,Lokesh Shetty,1994-06-24,1,6,0,2001-10-29
8948,22,454,12,3,KGID108947,Naveen Bhandari,1997-07-04,1,1,0,2003-12-04
8949,22,454,12,3,KGID108948,Kiran Jadhav,1987-03-27,1,6,0,2010-09-15
8950,22,454,12,3,KGID108949,Shivakumar Naik,1993-10-30,1,1,0,2014-12-11
8951,22,454,12,3,KGID108950,Manoj Poojary,1994-11-25,1,7,0,2000-12-27
8952,22,454,12,3,KGID108951,Suresh Bhandari,2004-06-28,1,6,0,2006-04-19
8953,22,454,12,3,KGID108952,Harish Hiremath,1984-08-30,1,2,0,2017-03-13
8954,22,454,12,3,KGID108953,Naveen Reddy,1988-02-24,1,6,0,2007-09-02
8955,22,454,12,3,KGID108954,Mahesh Jadhav,2003-10-12,1,7,0,2020-11-09
8956,22,454,12,3,KGID108955,Srinivas Rao,1983-12-20,1,2,0,2018-04-03
8957,22,455,9,5,KGID108956,Sandeep Desai,1986-06-02,1,2,0,1996-11-21
8958,22,455,9,5,KGID108957,Kiran Shetty,1989-01-29,1,7,0,1999-04-01
8959,22,455,9,1,KGID108958,Santosh Hegde,1997-07-30,1,7,0,2016-03-24
8960,22,455,9,1,KGID108959,Raghavendra Kulkarni,1990-08-17,1,5,0,2005-09-28
8961,22,455,10,3,KGID108960,Mahesh Kulkarni,1993-08-11,1,5,0,2003-10-27
8962,22,455,10,3,KGID108961,Prakash Iyer,1988-06-01,1,6,0,2000-12-05
8963,22,455,10,3,KGID108962,Srinivas Poojary,1980-12-03,1,5,0,2011-01-04
8964,22,455,11,3,KGID108963,Jayashree Achar,1990-05-30,2,1,0,2007-04-29
8965,22,455,11,3,KGID108964,Naveen Kamath,1978-12-05,1,7,0,2008-04-02
8966,22,455,11,3,KGID108965,Ravi Kulkarni,1992-02-22,1,5,0,2008-09-11
8967,22,455,11,3,KGID108966,Srinivas Desai,1978-12-29,1,3,0,2019-05-15
8968,22,455,11,3,KGID108967,Sandeep Bhandari,1986-09-29,1,7,0,2023-11-06
8969,22,455,11,3,KGID108968,Rajesh Reddy,1983-08-08,1,2,0,2011-06-29
8970,22,455,12,3,KGID108969,Anand Bhandari,1993-02-08,1,5,0,2011-07-29
8971,22,455,12,3,KGID108970,Sandeep Devaraj,1987-06-08,1,4,0,2006-08-08
8972,22,455,12,3,KGID108971,Vinay Kumar,2004-01-30,1,5,0,2011-04-13
8973,22,455,12,3,KGID108972,Pushpa Jadhav,1986-07-13,2,2,0,2012-05-17
8974,22,455,12,3,KGID108973,Harish Reddy,1991-05-23,1,2,0,2005-05-11
8975,22,455,12,3,KGID108974,Basavaraj Hegde,1991-11-28,1,3,0,2017-12-24
8976,22,455,12,3,KGID108975,Chandrashekar Kamath,1992-09-20,1,5,0,2004-11-21
8977,22,455,12,3,KGID108976,Chandrashekar Hiremath,1989-09-26,1,8,0,2005-05-21
8978,22,455,12,3,KGID108977,Raghavendra Desai,1992-07-05,1,2,0,2005-06-11
8979,22,456,8,6,KGID108978,Vinay Naik,1976-05-11,1,7,0,2012-09-10
8980,22,456,9,6,KGID108979,Rajesh Desai,1977-07-20,1,6,0,2020-11-19
8981,22,456,9,1,KGID108980,Mahesh Naik,1993-08-17,1,3,0,2015-12-06
8982,22,456,10,3,KGID108981,Mahesh Kamath,1982-11-21,1,7,0,2011-10-04
8983,22,456,10,3,KGID108982,Shwetha Hegde,1987-05-10,2,4,0,2018-05-16
8984,22,456,10,3,KGID108983,Girish Patil,1995-06-28,1,7,0,2017-04-27
8985,22,456,11,3,KGID108984,Gopal Hiremath,1996-08-05,1,2,0,2017-06-02
8986,22,456,11,3,KGID108985,Anand Kamath,2000-12-15,1,8,0,2010-05-08
8987,22,456,11,3,KGID108986,Gopal Patil,1987-11-10,1,5,0,2012-06-02
8988,22,456,11,3,KGID108987,Srinivas Jadhav,1988-01-03,1,4,0,2021-10-14
8989,22,456,11,3,KGID108988,Dinesh Bhat,1977-03-18,1,5,0,2000-08-30
8990,22,456,11,3,KGID108989,Ravi Desai,1976-07-01,1,2,0,2015-06-21
8991,22,456,11,3,KGID108990,Roopa Rao,2001-05-31,2,6,0,2003-06-20
8992,22,456,11,3,KGID108991,Nagaraj Desai,2000-12-21,1,7,0,2015-07-21
8993,22,456,12,3,KGID108992,Basavaraj Reddy,1994-02-26,1,1,0,2018-10-19
8994,22,456,12,3,KGID108993,Harish Kulkarni,1992-07-15,1,5,0,2000-05-08
8995,22,456,12,3,KGID108994,Manjunath Hiremath,1995-08-22,1,1,0,2019-12-06
8996,22,456,12,3,KGID108995,Manoj Jadhav,1995-10-27,1,8,0,2023-06-23
8997,22,456,12,3,KGID108996,Vinay Achar,1999-12-04,1,7,0,2008-12-22
8998,22,456,12,3,KGID108997,Prakash Desai,1989-02-15,1,7,0,2023-03-23
8999,22,456,12,3,KGID108998,Basavaraj Hegde,2002-05-29,1,1,0,2008-11-11
9000,22,456,12,3,KGID108999,Krishna Poojary,1982-07-20,1,6,0,2007-09-13
9001,22,456,12,3,KGID109000,Mahesh Achar,1988-01-09,1,6,0,2000-11-19
9002,22,456,12,3,KGID109001,Rajesh Achar,1983-11-20,1,3,0,2016-06-01
9003,22,456,12,3,KGID109002,Umesh Patil,2000-12-18,1,1,0,2006-06-28
9004,22,456,12,3,KGID109003,Ravi Bhandari,1997-12-28,1,7,0,2001-07-05
9005,22,456,12,3,KGID109004,Anand Shetty,1985-03-23,1,5,0,2015-05-01
9006,22,457,8,4,KGID109005,Pradeep Jadhav,1975-08-30,1,3,0,2012-01-02
9007,22,457,9,1,KGID109006,Gopal Devaraj,1985-08-09,1,4,0,2023-05-08
9008,22,457,10,3,KGID109007,Sandeep Bhat,1991-11-13,1,7,0,2002-05-13
9009,22,457,10,3,KGID109008,Naveen Patil,1988-11-25,1,4,0,1997-06-19
9010,22,457,10,3,KGID109009,Ravi Kumar,1993-03-16,1,8,0,2018-06-26
9011,22,457,11,3,KGID109010,Basavaraj Kumar,1999-12-18,1,7,0,1999-10-01
9012,22,457,11,3,KGID109011,Anand Kulkarni,1976-04-30,1,3,0,2002-01-05
9013,22,457,11,3,KGID109012,Dinesh Patil,1986-01-28,1,2,0,2022-07-17
9014,22,457,11,3,KGID109013,Srinivas Gowda,1985-04-11,1,5,0,2017-12-03
9015,22,457,12,3,KGID109014,Sandeep Rao,1988-11-26,1,2,0,2011-05-10
9016,22,457,12,3,KGID109015,Pradeep Naik,1998-01-02,1,2,0,2015-10-30
9017,22,457,12,3,KGID109016,Naveen Desai,1993-03-15,1,4,0,2022-07-07
9018,22,457,12,3,KGID109017,Nagaraj Achar,1980-04-05,1,8,0,2009-06-18
9019,22,457,12,3,KGID109018,Vijay Poojary,1999-08-20,1,6,0,2020-10-14
9020,22,457,12,3,KGID109019,Prakash Naik,1982-09-06,1,2,0,2007-07-31
9021,22,457,12,3,KGID109020,Naveen Rao,1986-07-13,1,5,0,2005-10-03
9022,22,457,12,3,KGID109021,Ravi Poojary,1982-08-26,1,7,0,2015-08-23
9023,22,457,12,3,KGID109022,Kiran Reddy,2002-07-14,1,3,0,2005-10-08
9024,22,457,12,3,KGID109023,Sandeep Jadhav,1986-05-04,1,7,0,2011-08-16
9025,22,457,12,3,KGID109024,Rajesh Iyer,1998-03-26,1,2,0,2018-07-09
9026,22,457,12,3,KGID109025,Naveen Nayak,1999-11-30,1,6,0,2020-04-30
9027,22,457,12,3,KGID109026,Naveen Naik,2003-07-14,1,1,0,2021-04-15
9028,22,457,12,3,KGID109027,Vijay Desai,2001-05-20,1,2,0,2008-01-05
9029,23,461,8,2,KGID109028,Basavaraj Nayak,1981-08-07,1,3,0,2009-09-27
9030,23,461,9,2,KGID109029,Mahesh Bhat,1983-12-12,1,6,0,2000-09-15
9031,23,461,9,1,KGID109030,Manoj Rao,1989-05-10,1,8,0,2023-04-25
9032,23,461,9,1,KGID109031,Vani Achar,1981-10-23,2,2,0,2005-01-06
9033,23,461,10,3,KGID109032,Radha Desai,1998-05-28,2,1,0,2019-11-21
9034,23,461,10,3,KGID109033,Manjunath Poojary,1987-12-05,1,8,0,2011-04-30
9035,23,461,11,3,KGID109034,Manoj Devaraj,1986-12-14,1,2,0,2019-10-21
9036,23,461,11,3,KGID109035,Ravi Jadhav,1996-06-08,1,4,0,2018-11-15
9037,23,461,11,3,KGID109036,Manjunath Devaraj,1995-10-05,1,4,0,2023-03-12
9038,23,461,11,3,KGID109037,Rajesh Nayak,1975-03-24,1,2,0,2016-04-04
9039,23,461,11,3,KGID109038,Kiran Hiremath,1976-09-08,1,3,0,2021-11-28
9040,23,461,11,3,KGID109039,Sowmya Kulkarni,1986-09-14,2,3,0,2021-09-07
9041,23,461,12,3,KGID109040,Ramesh Kulkarni,1988-05-13,1,2,0,2018-04-08
9042,23,461,12,3,KGID109041,Umesh Hegde,1981-12-22,1,8,0,2014-10-24
9043,23,461,12,3,KGID109042,Ravi Gowda,1988-12-29,1,8,0,2000-03-13
9044,23,461,12,3,KGID109043,Raghavendra Rao,1981-05-22,1,8,0,2004-06-02
9045,23,461,12,3,KGID109044,Shwetha Bhat,1981-12-25,2,3,0,2004-05-15
9046,23,461,12,3,KGID109045,Girish Hiremath,1980-03-17,1,6,0,2004-12-04
9047,23,461,12,3,KGID109046,Harish Nayak,2002-09-13,1,5,0,2020-05-12
9048,23,461,12,3,KGID109047,Rajesh Bhandari,1984-07-23,1,6,0,2001-11-06
9049,23,461,12,3,KGID109048,Vani Nayak,1999-01-29,2,1,0,2016-09-20
9050,23,461,12,3,KGID109049,Nagaraj Iyer,1982-04-02,1,2,1,2003-04-23
9051,23,461,12,3,KGID109050,Ramesh Kumar,1988-03-05,1,1,0,2019-11-12
9052,23,461,12,3,KGID109051,Shivakumar Hegde,1983-05-25,1,2,0,2015-04-05
9053,23,461,12,3,KGID109052,Dinesh Poojary,1984-03-12,1,1,0,2010-08-11
9054,23,461,12,3,KGID109053,Vinay Desai,1990-01-26,1,8,0,2019-07-14
9055,23,461,12,3,KGID109054,Prakash Kulkarni,1994-09-10,1,7,0,2007-04-01
9056,23,462,9,2,KGID109055,Vijay Patil,1991-11-04,1,2,0,2015-05-08
9057,23,462,9,1,KGID109056,Srinivas Hiremath,1996-06-03,1,8,0,2019-11-06
9058,23,462,10,3,KGID109057,Manjunath Achar,1991-06-08,1,2,0,2005-09-25
9059,23,462,10,3,KGID109058,Chandrashekar Devaraj,1978-07-20,1,2,0,2002-12-01
9060,23,462,10,3,KGID109059,Krishna Nayak,2000-04-29,1,6,0,2022-08-17
9061,23,462,11,3,KGID109060,Umesh Rao,1979-07-04,1,4,0,2014-03-16
9062,23,462,11,3,KGID109061,Umesh Kamath,1989-01-19,1,1,0,2010-12-03
9063,23,462,11,3,KGID109062,Umesh Devaraj,1981-08-25,1,3,0,1998-04-18
9064,23,462,11,3,KGID109063,Sandeep Kulkarni,1996-08-23,1,2,0,1996-06-13
9065,23,462,11,3,KGID109064,Sandeep Desai,2000-06-25,1,4,0,2001-08-09
9066,23,462,12,3,KGID109065,Girish Iyer,2004-04-10,1,4,0,2008-07-09
9067,23,462,12,3,KGID109066,Lokesh Kumar,1996-09-23,1,4,0,2013-07-04
9068,23,462,12,3,KGID109067,Lokesh Nayak,2002-06-11,1,4,0,2000-07-01
9069,23,462,12,3,KGID109068,Santosh Bhat,1999-08-19,1,6,0,2010-03-21
9070,23,462,12,3,KGID109069,Rajesh Shetty,1985-05-01,1,8,0,2006-04-17
9071,23,462,12,3,KGID109070,Raghavendra Hegde,1989-05-08,1,8,0,2018-12-07
9072,23,462,12,3,KGID109071,Basavaraj Kulkarni,1988-04-22,1,2,0,2006-08-20
9073,23,462,12,3,KGID109072,Mahesh Devaraj,1981-02-26,1,6,0,2010-07-28
9074,23,462,12,3,KGID109073,Vinay Gowda,1998-03-07,1,4,0,2018-04-12
9075,23,462,12,3,KGID109074,Raghavendra Bhat,1989-06-02,1,5,0,2004-06-15
9076,23,463,9,2,KGID109075,Srinivas Bhandari,1997-06-08,1,5,0,2011-04-15
9077,23,463,8,2,KGID109076,Gopal Hegde,1992-04-20,1,1,0,2017-06-14
9078,23,463,9,1,KGID109077,Harish Jadhav,1982-12-27,1,8,0,2021-11-13
9079,23,463,9,1,KGID109078,Lakshmi Rao,1993-03-24,2,1,0,2006-10-02
9080,23,463,10,3,KGID109079,Nagaveni Rao,1989-06-04,2,4,0,2003-07-17
9081,23,463,10,3,KGID109080,Manjunath Jadhav,1979-11-10,1,7,0,2010-12-12
9082,23,463,10,3,KGID109081,Vani Naik,1997-09-05,2,7,0,1997-06-02
9083,23,463,11,3,KGID109082,Manoj Patil,1984-12-25,1,5,0,1998-07-08
9084,23,463,11,3,KGID109083,Roopa Naik,1981-05-04,2,4,0,2008-09-04
9085,23,463,11,3,KGID109084,Ramesh Devaraj,1985-04-15,1,2,0,2014-03-10
9086,23,463,11,3,KGID109085,Nagaraj Achar,1996-10-15,1,4,0,2007-07-30
9087,23,463,11,3,KGID109086,Sandeep Rao,1994-06-06,1,4,0,2011-01-03
9088,23,463,11,3,KGID109087,Dinesh Reddy,1978-11-26,1,2,0,2008-03-18
9089,23,463,11,3,KGID109088,Manjunath Hegde,1984-10-13,1,1,0,2006-03-19
9090,23,463,12,3,KGID109089,Ramesh Patil,1994-12-02,1,1,0,2023-10-15
9091,23,463,12,3,KGID109090,Ramesh Bhandari,1984-04-19,1,7,0,2021-08-20
9092,23,463,12,3,KGID109091,Santosh Shetty,1982-07-25,1,1,0,2011-10-26
9093,23,463,12,3,KGID109092,Savitri Hiremath,1990-03-20,2,6,0,2000-05-22
9094,23,463,12,3,KGID109093,Rajesh Nayak,1998-08-27,1,6,0,2003-06-24
9095,23,463,12,3,KGID109094,Pushpa Desai,1985-07-29,2,4,0,2015-06-12
9096,23,463,12,3,KGID109095,Vani Kulkarni,2004-12-15,2,2,0,2016-12-31
9097,23,463,12,3,KGID109096,Harish Rao,1992-10-23,1,6,0,2016-08-11
9098,23,463,12,3,KGID109097,Harish Hiremath,1984-12-18,1,2,0,2020-10-30
9099,23,463,12,3,KGID109098,Basavaraj Bhandari,2005-01-04,1,6,0,2020-11-18
9100,23,463,12,3,KGID109099,Prakash Jadhav,1989-02-04,1,8,0,2000-04-25
9101,23,464,9,2,KGID109100,Jayashree Achar,1994-08-06,2,4,0,2011-07-11
9102,23,464,9,1,KGID109101,Pradeep Hegde,1984-12-22,1,8,0,2003-08-27
9103,23,464,10,3,KGID109102,Vinay Hegde,1986-01-15,1,6,0,2012-11-24
9104,23,464,10,3,KGID109103,Mahesh Rao,1990-07-14,1,3,0,2000-08-26
9105,23,464,10,3,KGID109104,Pradeep Poojary,1983-01-13,1,7,0,2014-05-15
9106,23,464,11,3,KGID109105,Ravi Bhandari,1982-05-07,1,2,0,2014-03-15
9107,23,464,11,3,KGID109106,Nagaraj Jadhav,1989-11-15,1,2,0,2004-09-13
9108,23,464,11,3,KGID109107,Rekha Devaraj,1992-11-20,2,1,0,2006-07-01
9109,23,464,11,3,KGID109108,Shivakumar Achar,1985-03-07,1,1,0,1998-06-17
9110,23,464,12,3,KGID109109,Dinesh Nayak,1992-03-26,1,6,0,2012-08-19
9111,23,464,12,3,KGID109110,Ramesh Bhat,1981-01-18,1,6,0,2005-05-12
9112,23,464,12,3,KGID109111,Raghavendra Gowda,1980-12-08,1,1,0,2018-08-31
9113,23,464,12,3,KGID109112,Naveen Kamath,1980-01-20,1,1,0,2013-10-28
9114,23,464,12,3,KGID109113,Ravi Desai,2004-02-18,1,7,0,2021-07-04
9115,23,464,12,3,KGID109114,Prakash Reddy,1982-08-26,1,2,0,2018-12-23
9116,23,464,12,3,KGID109115,Santosh Nayak,1980-10-09,1,3,0,2022-08-02
9117,23,464,12,3,KGID109116,Dinesh Kamath,1988-10-31,1,6,0,2014-11-22
9118,23,464,12,3,KGID109117,Raghavendra Kumar,1981-04-24,1,4,0,2008-09-19
9119,23,464,12,3,KGID109118,Santosh Iyer,2000-09-22,1,8,0,2022-05-14
9120,23,464,12,3,KGID109119,Vijay Kulkarni,1998-06-22,1,8,0,2000-12-03
9121,23,464,12,3,KGID109120,Girish Bhat,1989-04-21,1,3,0,2005-07-06
9122,23,464,12,3,KGID109121,Rekha Bhandari,1994-09-04,2,6,0,2013-07-23
9123,23,464,12,3,KGID109122,Mahesh Naik,1996-11-15,1,5,0,2014-08-30
9124,23,464,12,3,KGID109123,Ravi Jadhav,1989-11-05,1,5,0,2014-09-06
9125,23,464,12,3,KGID109124,Harish Kumar,1992-12-23,1,5,0,2010-08-24
9126,23,464,12,3,KGID109125,Gopal Poojary,2000-07-05,1,4,0,2000-12-13
9127,23,465,9,2,KGID109126,Dinesh Naik,1987-01-17,1,2,0,2008-03-18
9128,23,465,9,2,KGID109127,Umesh Achar,1997-04-12,1,4,0,2007-01-06
9129,23,465,9,1,KGID109128,Roopa Gowda,1983-08-17,2,6,0,2013-08-18
9130,23,465,9,1,KGID109129,Santosh Desai,1994-03-06,1,1,0,2011-07-13
9131,23,465,10,3,KGID109130,Krishna Naik,1992-05-11,1,6,0,2010-04-23
9132,23,465,10,3,KGID109131,Suresh Bhat,1988-04-04,1,2,0,2016-07-27
9133,23,465,10,3,KGID109132,Naveen Kulkarni,1993-08-20,1,6,0,2014-12-20
9134,23,465,11,3,KGID109133,Prakash Nayak,1981-05-05,1,3,0,2002-12-11
9135,23,465,11,3,KGID109134,Pushpa Achar,1983-07-22,2,4,0,2023-09-01
9136,23,465,11,3,KGID109135,Krishna Kumar,1994-08-08,1,2,0,2022-10-15
9137,23,465,11,3,KGID109136,Shwetha Naik,1990-08-10,2,5,0,1999-03-22
9138,23,465,11,3,KGID109137,Harish Bhandari,1989-07-09,1,4,0,2017-07-31
9139,23,465,11,3,KGID109138,Lokesh Shetty,1988-06-13,1,5,0,1996-05-30
9140,23,465,11,3,KGID109139,Nagaraj Iyer,1988-07-01,1,8,0,1996-12-12
9141,23,465,11,3,KGID109140,Nagaraj Iyer,1995-03-20,1,5,0,2022-08-22
9142,23,465,12,3,KGID109141,Srinivas Shetty,1999-09-16,1,2,0,2017-11-23
9143,23,465,12,3,KGID109142,Anand Kumar,1983-12-04,1,2,0,2001-12-15
9144,23,465,12,3,KGID109143,Yogesh Shetty,2003-09-17,1,1,0,2006-05-01
9145,23,465,12,3,KGID109144,Prakash Bhandari,1990-04-29,1,7,0,2006-04-17
9146,23,465,12,3,KGID109145,Savitri Achar,1991-01-04,2,5,0,2001-06-08
9147,23,465,12,3,KGID109146,Suresh Kamath,1998-11-23,1,4,0,2010-07-25
9148,23,465,12,3,KGID109147,Yogesh Reddy,1987-12-08,1,5,0,2002-10-07
9149,23,465,12,3,KGID109148,Nagaraj Devaraj,2003-11-12,1,4,0,2015-12-08
9150,23,465,12,3,KGID109149,Srinivas Hiremath,1997-08-17,1,5,0,2011-04-16
9151,23,465,12,3,KGID109150,Gopal Iyer,1997-04-19,1,4,0,2014-08-30
9152,23,465,12,3,KGID109151,Ravi Patil,1999-07-03,1,6,0,2000-04-18
9153,23,465,12,3,KGID109152,Gopal Achar,1983-07-07,1,3,0,2007-08-15
9154,23,466,8,2,KGID109153,Suresh Rao,1991-10-08,1,1,0,1997-09-15
9155,23,466,8,2,KGID109154,Suresh Kumar,1985-02-08,1,8,0,2006-06-16
9156,23,466,9,1,KGID109155,Nagaraj Bhat,1988-07-28,1,1,0,2001-07-05
9157,23,466,9,1,KGID109156,Umesh Poojary,1982-11-25,1,2,0,2001-05-14
9158,23,466,10,3,KGID109157,Manjula Hegde,1988-06-09,2,7,0,2019-08-05
9159,23,466,10,3,KGID109158,Geetha Patil,1979-01-11,2,1,0,1997-08-30
9160,23,466,11,3,KGID109159,Harish Poojary,2000-02-18,1,5,0,1995-10-10
9161,23,466,11,3,KGID109160,Vinay Hiremath,1995-07-28,1,6,0,2002-05-08
9162,23,466,11,3,KGID109161,Yogesh Iyer,1993-10-29,1,4,0,2012-10-20
9163,23,466,11,3,KGID109162,Nagaraj Hegde,1986-03-17,1,8,0,2021-12-30
9164,23,466,11,3,KGID109163,Santosh Shetty,1990-06-14,1,8,0,2012-06-21
9165,23,466,11,3,KGID109164,Anand Jadhav,1993-10-02,1,2,0,1996-08-04
9166,23,466,11,3,KGID109165,Vani Rao,2001-12-22,2,1,0,2023-10-08
9167,23,466,12,3,KGID109166,Chandrashekar Gowda,2002-10-31,1,7,0,2009-05-14
9168,23,466,12,3,KGID109167,Nagaraj Desai,2000-06-29,1,8,0,2002-03-15
9169,23,466,12,3,KGID109168,Raghavendra Hiremath,2001-11-18,1,5,0,2019-04-21
9170,23,466,12,3,KGID109169,Pradeep Reddy,1989-10-12,1,2,0,2008-08-29
9171,23,466,12,3,KGID109170,Umesh Desai,1985-09-01,1,2,0,2022-08-08
9172,23,466,12,3,KGID109171,Harish Achar,1989-11-14,1,5,0,2010-12-01
9173,23,466,12,3,KGID109172,Srinivas Patil,1983-04-29,1,3,0,2003-03-23
9174,23,466,12,3,KGID109173,Ramesh Kamath,1997-01-19,1,5,0,2007-11-03
9175,23,466,12,3,KGID109174,Gopal Kulkarni,1993-02-12,1,4,0,2013-01-03
9176,23,467,8,2,KGID109175,Yogesh Naik,1991-12-17,1,4,0,2004-04-15
9177,23,467,9,1,KGID109176,Sandeep Rao,1983-10-21,1,6,0,2001-08-20
9178,23,467,9,1,KGID109177,Harish Hegde,1984-12-11,1,5,0,2014-05-21
9179,23,467,10,3,KGID109178,Chandrashekar Nayak,1991-06-24,1,8,0,2017-08-06
9180,23,467,10,3,KGID109179,Radha Kumar,1987-07-21,2,2,0,2005-11-05
9181,23,467,10,3,KGID109180,Geetha Hiremath,1989-11-05,2,2,0,1997-10-16
9182,23,467,11,3,KGID109181,Anand Patil,1977-03-19,1,3,0,2012-04-03
9183,23,467,11,3,KGID109182,Chandrashekar Naik,1976-03-31,1,3,0,2007-06-10
9184,23,467,11,3,KGID109183,Santosh Bhandari,1994-07-02,1,6,0,2020-11-27
9185,23,467,11,3,KGID109184,Gopal Devaraj,1996-07-26,1,6,0,2000-08-25
9186,23,467,11,3,KGID109185,Anand Kumar,1995-11-29,1,1,0,2008-06-14
9187,23,467,11,3,KGID109186,Sandeep Rao,1975-11-30,1,5,0,1999-09-21
9188,23,467,12,3,KGID109187,Prakash Devaraj,1989-10-05,1,2,0,2022-04-16
9189,23,467,12,3,KGID109188,Vani Iyer,1997-05-28,2,5,0,2012-05-25
9190,23,467,12,3,KGID109189,Ramesh Hegde,1980-07-04,1,4,1,2003-11-06
9191,23,467,12,3,KGID109190,Sandeep Hiremath,1991-07-20,1,8,0,2001-08-26
9192,23,467,12,3,KGID109191,Sowmya Patil,1990-04-13,2,7,0,2021-06-26
9193,23,467,12,3,KGID109192,Rajesh Kulkarni,1993-07-21,1,3,0,2003-11-21
9194,23,467,12,3,KGID109193,Pradeep Shetty,1992-09-02,1,7,0,2019-11-25
9195,23,467,12,3,KGID109194,Yogesh Rao,2001-05-06,1,3,0,2021-07-31
9196,23,467,12,3,KGID109195,Shivakumar Shetty,2000-03-02,1,2,0,2001-08-15
9197,23,467,12,3,KGID109196,Raghavendra Devaraj,1982-08-02,1,2,0,2021-06-20
9198,23,467,12,3,KGID109197,Ravi Hiremath,2004-07-19,1,6,0,2015-12-30
9199,23,467,12,3,KGID109198,Pradeep Rao,1989-01-03,1,1,0,2002-08-21
9200,23,468,9,2,KGID109199,Kiran Kamath,1978-06-23,1,1,0,2001-11-14
9201,23,468,9,2,KGID109200,Shivakumar Bhandari,1979-04-10,1,2,0,1998-06-04
9202,23,468,9,1,KGID109201,Umesh Hiremath,1996-03-29,1,8,0,2008-12-25
9203,23,468,10,3,KGID109202,Kiran Bhandari,1998-07-21,1,2,0,2009-08-25
9204,23,468,10,3,KGID109203,Mahesh Desai,1985-12-07,1,1,0,2010-07-25
9205,23,468,10,3,KGID109204,Rajesh Jadhav,1984-06-04,1,6,0,2010-04-28
9206,23,468,11,3,KGID109205,Girish Jadhav,1988-04-03,1,6,0,2018-12-23
9207,23,468,11,3,KGID109206,Rajesh Naik,1985-07-07,1,2,0,2009-08-05
9208,23,468,11,3,KGID109207,Dinesh Bhat,1991-08-15,1,1,0,2001-11-26
9209,23,468,11,3,KGID109208,Geetha Kumar,1976-03-19,2,2,0,2006-07-16
9210,23,468,11,3,KGID109209,Yogesh Shetty,1980-05-06,1,5,0,1996-04-10
9211,23,468,11,3,KGID109210,Prakash Nayak,2000-03-26,1,7,0,1999-07-28
9212,23,468,11,3,KGID109211,Kiran Poojary,1987-07-03,1,6,0,2009-11-15
9213,23,468,11,3,KGID109212,Pradeep Devaraj,1997-10-01,1,3,0,2020-09-22
9214,23,468,12,3,KGID109213,Gopal Kamath,1987-10-02,1,6,0,2004-06-25
9215,23,468,12,3,KGID109214,Ramesh Gowda,1997-02-16,1,1,0,2003-07-11
9216,23,468,12,3,KGID109215,Harish Reddy,1987-08-14,1,3,0,2012-12-02
9217,23,468,12,3,KGID109216,Vijay Kulkarni,1984-12-10,1,4,0,2018-09-12
9218,23,468,12,3,KGID109217,Chandrashekar Naik,1987-11-12,1,5,1,2014-05-11
9219,23,468,12,3,KGID109218,Shobha Bhandari,1992-01-17,2,3,0,2018-06-01
9220,23,468,12,3,KGID109219,Girish Kulkarni,1980-03-27,1,7,0,2001-07-09
9221,23,468,12,3,KGID109220,Girish Rao,2004-03-22,1,8,0,2006-07-06
9222,23,468,12,3,KGID109221,Ramesh Bhat,2000-12-17,1,5,0,2010-06-16
9223,23,468,12,3,KGID109222,Yogesh Shetty,1985-01-03,1,1,0,2012-03-15
9224,23,468,12,3,KGID109223,Pradeep Nayak,1994-02-01,1,6,0,2016-05-07
9225,23,468,12,3,KGID109224,Girish Gowda,1982-12-11,1,7,0,2007-04-17
9226,23,468,12,3,KGID109225,Prakash Kulkarni,2000-03-24,1,1,0,2015-04-15
9227,23,468,12,3,KGID109226,Basavaraj Bhandari,1986-01-23,1,5,0,2010-05-01
9228,23,468,12,3,KGID109227,Lokesh Patil,1981-02-28,1,7,0,2021-03-09
9229,23,469,8,2,KGID109228,Pradeep Gowda,1983-01-21,1,1,0,2004-04-14
9230,23,469,9,2,KGID109229,Lokesh Jadhav,1994-01-08,1,3,0,2018-04-07
9231,23,469,9,1,KGID109230,Ravi Jadhav,1981-05-30,1,8,0,2005-05-02
9232,23,469,9,1,KGID109231,Krishna Devaraj,1997-07-30,1,3,0,2002-10-13
9233,23,469,10,3,KGID109232,Lokesh Reddy,1991-09-04,1,4,0,2021-12-11
9234,23,469,10,3,KGID109233,Yogesh Nayak,1997-12-27,1,1,0,2017-06-11
9235,23,469,11,3,KGID109234,Basavaraj Desai,1996-07-17,1,1,0,1997-08-27
9236,23,469,11,3,KGID109235,Umesh Kumar,1985-09-22,1,1,0,2020-04-14
9237,23,469,11,3,KGID109236,Prakash Devaraj,1993-10-04,1,4,0,2023-05-14
9238,23,469,11,3,KGID109237,Rajesh Jadhav,1991-08-05,1,3,0,2012-12-23
9239,23,469,11,3,KGID109238,Rajesh Poojary,1981-07-12,1,6,0,2002-04-04
9240,23,469,11,3,KGID109239,Vijay Jadhav,1998-03-09,1,5,0,2008-08-15
9241,23,469,12,3,KGID109240,Naveen Shetty,1990-08-30,1,3,0,2006-10-19
9242,23,469,12,3,KGID109241,Ravi Devaraj,1992-08-31,1,7,0,2018-07-16
9243,23,469,12,3,KGID109242,Manjula Reddy,1990-11-23,2,7,0,2001-05-04
9244,23,469,12,3,KGID109243,Jayashree Achar,1987-04-07,2,2,0,2014-12-08
9245,23,469,12,3,KGID109244,Manjunath Achar,1996-07-15,1,1,0,2023-11-21
9246,23,469,12,3,KGID109245,Nandini Kumar,1999-02-15,2,2,0,2015-11-07
9247,23,469,12,3,KGID109246,Manoj Kumar,2003-05-18,1,1,0,2011-10-06
9248,23,469,12,3,KGID109247,Mahesh Rao,1992-03-02,1,2,0,2003-10-16
9249,23,469,12,3,KGID109248,Naveen Naik,1996-05-12,1,7,0,2018-12-25
9250,23,470,9,2,KGID109249,Vinay Nayak,1995-12-22,1,4,0,2005-11-01
9251,23,470,9,2,KGID109250,Rajesh Achar,1989-01-07,1,7,0,2002-07-15
9252,23,470,9,1,KGID109251,Pallavi Rao,1981-06-24,2,5,0,2000-11-05
9253,23,470,9,1,KGID109252,Manjunath Hiremath,1985-11-01,1,8,0,2008-09-21
9254,23,470,10,3,KGID109253,Shobha Gowda,1999-08-02,2,4,0,2015-06-19
9255,23,470,10,3,KGID109254,Gopal Kamath,1991-07-12,1,2,0,2008-11-29
9256,23,470,10,3,KGID109255,Kiran Reddy,1979-05-13,1,2,0,2017-08-12
9257,23,470,11,3,KGID109256,Ramesh Jadhav,1999-11-18,1,2,0,2015-12-23
9258,23,470,11,3,KGID109257,Rekha Reddy,1988-02-05,2,1,0,2011-07-30
9259,23,470,11,3,KGID109258,Umesh Bhandari,1995-04-18,1,5,0,1998-09-17
9260,23,470,11,3,KGID109259,Basavaraj Devaraj,1998-09-17,1,8,0,2000-08-25
9261,23,470,11,3,KGID109260,Basavaraj Reddy,1980-08-12,1,3,0,2002-03-22
9262,23,470,11,3,KGID109261,Suresh Gowda,1987-11-22,1,5,0,2010-08-10
9263,23,470,12,3,KGID109262,Vani Kumar,1982-03-25,2,5,0,2012-10-13
9264,23,470,12,3,KGID109263,Mahesh Devaraj,1996-01-13,1,7,0,2001-07-05
9265,23,470,12,3,KGID109264,Sandeep Hiremath,1998-03-04,1,1,0,2008-11-26
9266,23,470,12,3,KGID109265,Santosh Bhat,2000-12-15,1,8,0,2011-09-21
9267,23,470,12,3,KGID109266,Srinivas Nayak,1986-03-03,1,8,0,2001-05-08
9268,23,470,12,3,KGID109267,Vinay Poojary,1992-05-18,1,7,0,2012-06-04
9269,23,470,12,3,KGID109268,Kiran Patil,1992-05-28,1,4,0,2015-03-16
9270,23,470,12,3,KGID109269,Pradeep Nayak,1988-11-18,1,1,0,2011-03-12
9271,23,470,12,3,KGID109270,Mahesh Nayak,1995-10-28,1,6,0,2018-11-08
9272,23,470,12,3,KGID109271,Shobha Kumar,2000-01-25,2,5,0,2014-08-11
9273,23,470,12,3,KGID109272,Shwetha Shetty,2004-12-28,2,6,0,2014-03-18
9274,23,470,12,3,KGID109273,Prakash Kamath,2003-12-10,1,4,0,2013-04-22
9275,23,470,12,3,KGID109274,Suresh Iyer,2002-08-10,1,2,0,2011-03-14
9276,23,470,12,3,KGID109275,Girish Kamath,1997-05-06,1,8,0,2010-07-09
9277,23,471,8,5,KGID109276,Girish Nayak,1996-07-27,1,2,0,2009-04-05
9278,23,471,9,1,KGID109277,Krishna Bhandari,1998-04-28,1,6,0,2012-12-17
9279,23,471,10,3,KGID109278,Prakash Shetty,1994-07-27,1,7,0,2015-06-28
9280,23,471,10,3,KGID109279,Naveen Reddy,1999-11-04,1,1,0,2000-08-08
9281,23,471,10,3,KGID109280,Ravi Shetty,1983-07-25,1,2,0,2005-07-26
9282,23,471,11,3,KGID109281,Nagaraj Iyer,1977-01-20,1,6,0,1997-11-20
9283,23,471,11,3,KGID109282,Vani Patil,1978-07-08,2,8,0,2005-10-10
9284,23,471,11,3,KGID109283,Chandrashekar Naik,1989-07-20,1,2,0,2013-09-16
9285,23,471,11,3,KGID109284,Girish Reddy,1998-02-11,1,1,0,2009-01-05
9286,23,471,11,3,KGID109285,Nandini Shetty,1997-01-17,2,7,0,2012-09-24
9287,23,471,11,3,KGID109286,Yogesh Bhandari,1992-08-25,1,3,0,1997-11-07
9288,23,471,12,3,KGID109287,Raghavendra Jadhav,1984-06-10,1,2,0,2013-11-28
9289,23,471,12,3,KGID109288,Yogesh Rao,2001-08-09,1,7,0,2010-03-28
9290,23,471,12,3,KGID109289,Naveen Kumar,1989-09-11,1,6,0,2008-12-29
9291,23,471,12,3,KGID109290,Umesh Shetty,1980-09-02,1,6,0,2012-12-14
9292,23,471,12,3,KGID109291,Santosh Patil,1986-03-10,1,4,0,2011-05-14
9293,23,471,12,3,KGID109292,Manoj Rao,2000-11-07,1,5,0,2017-11-26
9294,23,471,12,3,KGID109293,Savitri Reddy,1982-02-04,2,2,0,2011-06-25
9295,23,471,12,3,KGID109294,Shivakumar Hegde,1982-07-02,1,5,0,2018-11-24
9296,23,472,9,6,KGID109295,Sandeep Devaraj,1997-06-25,1,7,0,2023-11-24
9297,23,472,8,6,KGID109296,Vinay Kamath,1997-07-16,1,5,0,2001-03-30
9298,23,472,9,1,KGID109297,Mahesh Naik,1985-07-04,1,1,0,2016-09-23
9299,23,472,10,3,KGID109298,Nagaraj Hegde,1984-11-16,1,4,0,2017-09-29
9300,23,472,10,3,KGID109299,Manjunath Kulkarni,1993-06-03,1,6,0,2004-08-19
9301,23,472,11,3,KGID109300,Dinesh Bhat,2001-01-27,1,7,0,2023-05-18
9302,23,472,11,3,KGID109301,Vijay Hegde,1997-07-19,1,7,0,2013-08-24
9303,23,472,11,3,KGID109302,Girish Iyer,1976-07-04,1,8,0,2021-10-22
9304,23,472,11,3,KGID109303,Suresh Kamath,1992-01-07,1,1,0,2008-09-22
9305,23,472,11,3,KGID109304,Shivakumar Poojary,1997-03-24,1,4,0,2015-04-09
9306,23,472,12,3,KGID109305,Lokesh Shetty,1992-05-27,1,7,0,2017-11-14
9307,23,472,12,3,KGID109306,Girish Jadhav,1982-04-21,1,8,0,2011-09-01
9308,23,472,12,3,KGID109307,Naveen Patil,1989-12-29,1,5,0,2020-11-23
9309,23,472,12,3,KGID109308,Krishna Kamath,1982-07-12,1,4,0,2004-10-01
9310,23,472,12,3,KGID109309,Sandeep Reddy,1999-05-25,1,2,0,2018-04-16
9311,23,472,12,3,KGID109310,Lakshmi Devaraj,1991-07-05,2,1,0,2000-06-26
9312,23,472,12,3,KGID109311,Ramesh Kulkarni,1983-05-19,1,1,0,2014-08-01
9313,23,472,12,3,KGID109312,Shivakumar Desai,1987-12-01,1,3,0,2017-09-03
9314,23,472,12,3,KGID109313,Lokesh Reddy,1986-10-23,1,4,0,2015-08-12
9315,23,472,12,3,KGID109314,Vijay Devaraj,1980-12-20,1,4,0,2011-04-01
9316,23,473,8,4,KGID109315,Ravi Poojary,1979-09-20,1,3,0,2002-06-22
9317,23,473,9,1,KGID109316,Santosh Kamath,1993-04-06,1,2,0,2001-10-24
9318,23,473,10,3,KGID109317,Dinesh Desai,1982-08-13,1,5,0,2008-04-23
9319,23,473,10,3,KGID109318,Umesh Shetty,1992-07-08,1,2,0,2010-12-29
9320,23,473,11,3,KGID109319,Krishna Poojary,1975-04-11,1,6,0,2010-04-22
9321,23,473,11,3,KGID109320,Lokesh Hiremath,1986-03-11,1,2,0,1997-08-02
9322,23,473,11,3,KGID109321,Manjula Iyer,1996-03-03,2,5,0,2003-06-10
9323,23,473,11,3,KGID109322,Gopal Bhat,1997-05-17,1,2,0,2008-11-03
9324,23,473,11,3,KGID109323,Vani Kumar,1998-02-22,2,4,0,2000-03-13
9325,23,473,11,3,KGID109324,Naveen Bhandari,1992-01-27,1,2,0,2009-05-09
9326,23,473,11,3,KGID109325,Suresh Kumar,1985-08-18,1,5,0,1996-08-03
9327,23,473,12,3,KGID109326,Girish Patil,1983-01-11,1,7,0,2006-10-08
9328,23,473,12,3,KGID109327,Umesh Jadhav,1984-10-29,1,3,0,2012-04-17
9329,23,473,12,3,KGID109328,Lokesh Rao,1988-08-30,1,8,0,2001-08-26
9330,23,473,12,3,KGID109329,Nagaraj Iyer,1984-04-26,1,2,0,2023-08-20
9331,23,473,12,3,KGID109330,Prakash Rao,1987-03-05,1,2,0,2005-06-30
9332,23,473,12,3,KGID109331,Rajesh Kulkarni,1983-05-12,1,6,0,2014-07-31
9333,23,473,12,3,KGID109332,Prakash Hiremath,1980-09-16,1,4,0,2011-07-14
9334,23,473,12,3,KGID109333,Suresh Rao,1989-12-28,1,4,0,2014-05-15
9335,23,473,12,3,KGID109334,Nagaraj Gowda,1980-11-09,1,7,0,2003-10-16
9336,24,477,8,2,KGID109335,Umesh Bhat,1994-10-30,1,2,0,2023-09-12
9337,24,477,9,2,KGID109336,Srinivas Achar,1978-02-08,1,3,0,2013-11-23
9338,24,477,9,1,KGID109337,Roopa Bhat,1988-10-25,2,8,0,2015-12-19
9339,24,477,10,3,KGID109338,Dinesh Kamath,1989-03-11,1,6,0,2021-03-18
9340,24,477,10,3,KGID109339,Srinivas Kulkarni,1989-10-21,1,8,0,2018-10-16
9341,24,477,11,3,KGID109340,Rajesh Jadhav,1996-07-05,1,5,0,2003-03-14
9342,24,477,11,3,KGID109341,Basavaraj Rao,1976-08-02,1,1,0,2013-08-12
9343,24,477,11,3,KGID109342,Lokesh Rao,1978-04-30,1,2,0,2000-05-21
9344,24,477,11,3,KGID109343,Chandrashekar Kulkarni,1985-02-08,1,4,0,2001-03-25
9345,24,477,11,3,KGID109344,Ramesh Gowda,1990-01-28,1,7,0,1996-09-10
9346,24,477,11,3,KGID109345,Harish Patil,1997-09-24,1,8,0,2023-01-01
9347,24,477,12,3,KGID109346,Rajesh Achar,1981-07-14,1,4,0,2012-05-05
9348,24,477,12,3,KGID109347,Umesh Achar,1993-02-10,1,3,0,2020-06-15
9349,24,477,12,3,KGID109348,Vinay Jadhav,1993-01-20,1,7,0,2010-05-08
9350,24,477,12,3,KGID109349,Harish Gowda,1995-05-02,1,4,0,2022-09-03
9351,24,477,12,3,KGID109350,Basavaraj Poojary,1997-04-18,1,8,0,2010-12-09
9352,24,477,12,3,KGID109351,Vinay Gowda,1983-05-23,1,6,0,2013-04-22
9353,24,477,12,3,KGID109352,Mahesh Iyer,1980-12-08,1,6,0,2006-03-30
9354,24,477,12,3,KGID109353,Chandrashekar Kumar,1988-04-21,1,8,0,2003-05-12
9355,24,477,12,3,KGID109354,Santosh Devaraj,1996-06-08,1,2,1,2022-12-28
9356,24,477,12,3,KGID109355,Rajesh Hiremath,1993-03-27,1,8,0,2006-10-10
9357,24,477,12,3,KGID109356,Manjunath Bhandari,1997-07-01,1,5,0,2021-05-03
9358,24,477,12,3,KGID109357,Deepa Gowda,1982-03-28,2,1,0,2009-08-26
9359,24,477,12,3,KGID109358,Suresh Desai,2003-06-02,1,2,0,2015-08-25
9360,24,477,12,3,KGID109359,Jayashree Kumar,1983-07-31,2,2,0,2016-08-09
9361,24,477,12,3,KGID109360,Sandeep Nayak,1994-02-22,1,1,0,2013-10-03
9362,24,477,12,3,KGID109361,Suresh Kumar,1990-03-29,1,6,0,2002-10-05
9363,24,478,8,2,KGID109362,Radha Kamath,1990-12-25,2,6,0,1995-04-21
9364,24,478,9,1,KGID109363,Harish Kumar,1997-05-30,1,6,0,2003-07-26
9365,24,478,9,1,KGID109364,Rajesh Naik,1995-09-25,1,7,0,2015-07-21
9366,24,478,10,3,KGID109365,Yogesh Poojary,1985-12-03,1,7,0,2000-09-18
9367,24,478,10,3,KGID109366,Chandrashekar Gowda,2000-02-05,1,7,0,2006-12-06
9368,24,478,10,3,KGID109367,Raghavendra Gowda,1990-12-10,1,6,0,2001-06-07
9369,24,478,11,3,KGID109368,Manoj Nayak,1984-09-15,1,1,0,2018-03-27
9370,24,478,11,3,KGID109369,Manoj Nayak,1978-11-24,1,1,0,2002-08-10
9371,24,478,11,3,KGID109370,Sowmya Shetty,2001-08-20,2,6,0,2017-04-14
9372,24,478,11,3,KGID109371,Manjula Achar,1987-10-05,2,2,0,2000-10-25
9373,24,478,11,3,KGID109372,Manjula Patil,1980-07-12,2,2,0,2018-10-16
9374,24,478,11,3,KGID109373,Kavya Reddy,1993-11-29,2,7,0,2014-03-28
9375,24,478,12,3,KGID109374,Anand Hegde,1986-11-03,1,6,0,2011-06-30
9376,24,478,12,3,KGID109375,Girish Kamath,1999-05-11,1,7,0,2016-04-04
9377,24,478,12,3,KGID109376,Jayashree Kamath,1987-07-29,2,5,0,2010-12-23
9378,24,478,12,3,KGID109377,Ramesh Naik,1992-04-22,1,4,0,2003-08-20
9379,24,478,12,3,KGID109378,Dinesh Bhandari,1985-07-03,1,7,0,2008-03-21
9380,24,478,12,3,KGID109379,Srinivas Nayak,2001-10-06,1,5,0,2003-09-05
9381,24,478,12,3,KGID109380,Ravi Kulkarni,1984-03-05,1,5,0,2015-09-15
9382,24,478,12,3,KGID109381,Manoj Rao,1988-08-28,1,4,0,2015-12-04
9383,24,478,12,3,KGID109382,Deepa Naik,1989-11-12,2,3,0,2014-06-21
9384,24,478,12,3,KGID109383,Santosh Kulkarni,2004-11-28,1,7,0,2021-04-18
9385,24,478,12,3,KGID109384,Rajesh Jadhav,2002-12-21,1,2,0,2007-11-30
9386,24,478,12,3,KGID109385,Suresh Kumar,1980-09-21,1,2,0,2008-04-10
9387,24,478,12,3,KGID109386,Vinay Nayak,1991-01-08,1,5,0,2007-08-22
9388,24,479,8,2,KGID109387,Yogesh Reddy,1976-11-05,1,2,0,2012-06-11
9389,24,479,9,1,KGID109388,Manjunath Patil,1997-03-25,1,1,0,2002-07-22
9390,24,479,10,3,KGID109389,Chandrashekar Bhat,1989-01-23,1,3,0,2002-11-01
9391,24,479,10,3,KGID109390,Rajesh Achar,1990-07-11,1,3,0,2021-08-02
9392,24,479,11,3,KGID109391,Vijay Jadhav,2002-01-06,1,8,0,2023-04-05
9393,24,479,11,3,KGID109392,Ramesh Kulkarni,1992-11-15,1,3,0,2014-09-04
9394,24,479,11,3,KGID109393,Rajesh Bhandari,1985-07-06,1,4,0,2013-05-30
9395,24,479,11,3,KGID109394,Nagaraj Devaraj,1977-08-23,1,2,0,2005-09-10
9396,24,479,11,3,KGID109395,Ramesh Achar,1978-05-05,1,2,0,2017-10-22
9397,24,479,11,3,KGID109396,Pallavi Kulkarni,1982-12-22,2,4,0,2016-05-19
9398,24,479,11,3,KGID109397,Kiran Shetty,2001-10-11,1,8,0,1997-07-29
9399,24,479,12,3,KGID109398,Shivakumar Jadhav,1994-03-17,1,6,0,2016-09-19
9400,24,479,12,3,KGID109399,Sowmya Nayak,1993-02-01,2,1,0,2021-08-04
9401,24,479,12,3,KGID109400,Basavaraj Hegde,1989-08-27,1,8,0,2010-05-08
9402,24,479,12,3,KGID109401,Vijay Hiremath,1988-04-10,1,3,0,2021-11-10
9403,24,479,12,3,KGID109402,Umesh Naik,1981-12-18,1,6,0,2009-06-26
9404,24,479,12,3,KGID109403,Nandini Kulkarni,1980-03-22,2,1,0,2012-07-26
9405,24,479,12,3,KGID109404,Lokesh Kulkarni,1993-09-16,1,7,0,2001-05-28
9406,24,479,12,3,KGID109405,Shobha Bhat,1991-05-10,2,5,0,2001-09-02
9407,24,479,12,3,KGID109406,Naveen Jadhav,1992-12-24,1,8,0,2009-01-02
9408,24,480,9,2,KGID109407,Nagaraj Kulkarni,1993-09-23,1,2,0,2006-12-23
9409,24,480,8,2,KGID109408,Savitri Hiremath,1985-06-01,2,3,0,2018-06-21
9410,24,480,9,1,KGID109409,Sunita Nayak,1991-10-15,2,3,0,2007-03-24
9411,24,480,9,1,KGID109410,Savitri Gowda,1989-01-23,2,7,0,2014-08-09
9412,24,480,10,3,KGID109411,Srinivas Kamath,1984-03-22,1,4,0,2013-04-20
9413,24,480,10,3,KGID109412,Girish Naik,1998-02-22,1,5,0,2021-09-07
9414,24,480,11,3,KGID109413,Pushpa Devaraj,1998-05-08,2,6,0,2004-07-24
9415,24,480,11,3,KGID109414,Mahesh Rao,1991-01-02,1,5,0,2014-07-29
9416,24,480,11,3,KGID109415,Krishna Kumar,1977-08-07,1,7,0,2002-08-11
9417,24,480,11,3,KGID109416,Pradeep Devaraj,1999-06-04,1,2,0,2000-06-24
9418,24,480,11,3,KGID109417,Ramesh Bhandari,2000-12-06,1,1,0,2016-09-13
9419,24,480,11,3,KGID109418,Prakash Reddy,1975-06-02,1,1,0,2015-11-01
9420,24,480,11,3,KGID109419,Umesh Hiremath,1980-06-23,1,1,0,2023-06-25
9421,24,480,12,3,KGID109420,Pradeep Reddy,1987-07-28,1,2,0,2011-01-02
9422,24,480,12,3,KGID109421,Ravi Kulkarni,2003-04-25,1,3,0,2007-04-24
9423,24,480,12,3,KGID109422,Ravi Jadhav,2003-05-07,1,8,0,2013-09-06
9424,24,480,12,3,KGID109423,Pradeep Poojary,2000-10-21,1,8,0,2011-06-03
9425,24,480,12,3,KGID109424,Sunita Patil,1985-08-02,2,6,0,2007-05-28
9426,24,480,12,3,KGID109425,Shivakumar Nayak,2003-04-11,1,2,0,2012-03-26
9427,24,480,12,3,KGID109426,Mahesh Desai,1982-06-26,1,3,0,2012-12-01
9428,24,480,12,3,KGID109427,Basavaraj Poojary,2000-05-26,1,2,0,2021-07-23
9429,24,480,12,3,KGID109428,Dinesh Bhandari,1988-06-09,1,7,0,2008-12-06
9430,24,480,12,3,KGID109429,Manjunath Achar,1982-05-14,1,5,0,2019-12-21
9431,24,480,12,3,KGID109430,Santosh Hegde,1994-08-29,1,3,0,2009-11-26
9432,24,480,12,3,KGID109431,Kiran Achar,1987-11-25,1,4,0,2001-03-14
9433,24,481,8,2,KGID109432,Raghavendra Hegde,1990-12-31,1,7,0,1997-12-21
9434,24,481,9,2,KGID109433,Deepa Hegde,1977-06-26,2,4,1,2005-11-09
9435,24,481,9,1,KGID109434,Kiran Poojary,1982-12-01,1,3,0,2006-04-26
9436,24,481,10,3,KGID109435,Manjunath Gowda,2000-08-16,1,2,0,2010-06-26
9437,24,481,10,3,KGID109436,Roopa Hiremath,1979-01-18,2,2,0,2021-03-15
9438,24,481,11,3,KGID109437,Kiran Reddy,1999-04-12,1,7,0,2004-09-25
9439,24,481,11,3,KGID109438,Manjula Bhat,1988-06-26,2,1,0,1999-11-12
9440,24,481,11,3,KGID109439,Anand Bhat,1984-12-05,1,1,0,2006-05-06
9441,24,481,11,3,KGID109440,Chandrashekar Patil,1975-05-21,1,3,0,2014-09-23
9442,24,481,11,3,KGID109441,Krishna Kumar,1992-10-15,1,2,0,1999-06-24
9443,24,481,11,3,KGID109442,Manjunath Reddy,1999-07-24,1,2,0,1997-10-19
9444,24,481,12,3,KGID109443,Anand Kulkarni,1984-02-26,1,4,0,2016-09-17
9445,24,481,12,3,KGID109444,Harish Rao,1983-06-28,1,8,0,2022-09-04
9446,24,481,12,3,KGID109445,Ramesh Kulkarni,1982-07-12,1,6,0,2009-09-11
9447,24,481,12,3,KGID109446,Harish Kumar,1981-01-23,1,1,0,2003-08-09
9448,24,481,12,3,KGID109447,Pallavi Reddy,1995-07-03,2,6,0,2019-12-18
9449,24,481,12,3,KGID109448,Chandrashekar Nayak,1997-01-04,1,5,0,2017-04-25
9450,24,481,12,3,KGID109449,Umesh Nayak,1998-09-08,1,6,0,2023-04-15
9451,24,481,12,3,KGID109450,Raghavendra Kamath,1982-11-03,1,5,0,2012-07-23
9452,24,481,12,3,KGID109451,Vinay Patil,1999-04-22,1,4,0,2013-11-29
9453,24,481,12,3,KGID109452,Krishna Iyer,1981-09-30,1,7,0,2019-07-08
9454,24,481,12,3,KGID109453,Lokesh Shetty,1997-09-21,1,1,0,2000-10-02
9455,24,481,12,3,KGID109454,Manjunath Kumar,2001-02-19,1,4,0,2016-11-09
9456,24,481,12,3,KGID109455,Rekha Naik,1998-01-16,2,3,0,2010-05-10
9457,24,481,12,3,KGID109456,Manoj Rao,2001-09-20,1,3,0,2000-07-02
9458,24,481,12,3,KGID109457,Gopal Gowda,2001-11-28,1,4,0,2020-04-13
9459,24,482,8,2,KGID109458,Girish Hegde,1981-05-10,1,4,0,2005-03-21
9460,24,482,8,2,KGID109459,Harish Kamath,1991-04-20,1,7,0,1998-11-27
9461,24,482,9,1,KGID109460,Basavaraj Jadhav,1999-10-17,1,7,0,2023-04-16
9462,24,482,9,1,KGID109461,Prakash Nayak,1983-02-20,1,4,0,2020-03-29
9463,24,482,10,3,KGID109462,Jayashree Rao,1990-02-14,2,4,0,1998-04-18
9464,24,482,10,3,KGID109463,Ravi Bhat,1989-04-26,1,8,0,2001-03-26
9465,24,482,11,3,KGID109464,Sunita Kulkarni,1975-03-16,2,7,0,2010-04-24
9466,24,482,11,3,KGID109465,Raghavendra Achar,1983-12-16,1,5,0,2018-08-13
9467,24,482,11,3,KGID109466,Vijay Poojary,1995-02-07,1,5,0,2012-03-16
9468,24,482,11,3,KGID109467,Naveen Desai,2001-01-18,1,1,0,2000-03-15
9469,24,482,12,3,KGID109468,Vinay Reddy,1986-12-21,1,3,0,2008-06-29
9470,24,482,12,3,KGID109469,Anand Naik,1984-08-29,1,2,0,2006-03-14
9471,24,482,12,3,KGID109470,Pradeep Shetty,1992-04-07,1,7,0,2005-03-31
9472,24,482,12,3,KGID109471,Krishna Kamath,1983-03-07,1,7,0,2020-07-15
9473,24,482,12,3,KGID109472,Kavya Nayak,1988-07-01,2,1,0,2010-04-12
9474,24,482,12,3,KGID109473,Vinay Iyer,1996-04-07,1,4,0,2015-07-14
9475,24,482,12,3,KGID109474,Lokesh Achar,1986-10-06,1,4,0,2003-10-11
9476,24,482,12,3,KGID109475,Vijay Patil,1993-01-24,1,2,0,2009-12-07
9477,24,482,12,3,KGID109476,Rajesh Patil,1993-03-11,1,5,0,2011-06-11
9478,24,482,12,3,KGID109477,Dinesh Nayak,1991-06-24,1,1,0,2012-04-14
9479,24,482,12,3,KGID109478,Prakash Naik,1985-01-11,1,8,0,2012-05-09
9480,24,482,12,3,KGID109479,Naveen Rao,2001-11-18,1,4,0,2015-12-28
9481,24,482,12,3,KGID109480,Chandrashekar Bhat,1994-03-13,1,6,0,2010-12-31
9482,24,483,8,2,KGID109481,Ravi Kamath,1992-03-14,1,5,0,1998-07-07
9483,24,483,9,2,KGID109482,Rajesh Devaraj,1997-08-22,1,7,0,2006-04-18
9484,24,483,9,1,KGID109483,Raghavendra Iyer,1997-04-10,1,8,0,2020-04-24
9485,24,483,9,1,KGID109484,Mahesh Shetty,1985-06-18,1,7,0,2007-11-01
9486,24,483,10,3,KGID109485,Lokesh Hiremath,1980-01-06,1,8,0,2003-12-20
9487,24,483,10,3,KGID109486,Santosh Achar,1993-02-11,1,6,0,1998-12-15
9488,24,483,10,3,KGID109487,Vinay Achar,1978-12-26,1,8,0,2009-05-11
9489,24,483,11,3,KGID109488,Lokesh Gowda,1993-09-20,1,8,0,2017-08-04
9490,24,483,11,3,KGID109489,Prakash Shetty,1991-07-21,1,4,0,1998-12-24
9491,24,483,11,3,KGID109490,Manoj Patil,1977-08-17,1,8,0,1996-09-14
9492,24,483,11,3,KGID109491,Srinivas Achar,1980-05-07,1,4,0,2001-08-13
9493,24,483,11,3,KGID109492,Ravi Reddy,1985-07-12,1,7,0,2016-08-25
9494,24,483,12,3,KGID109493,Manoj Hiremath,1983-12-18,1,6,0,2020-07-17
9495,24,483,12,3,KGID109494,Pushpa Patil,2000-06-25,2,1,0,2017-10-09
9496,24,483,12,3,KGID109495,Yogesh Desai,1988-01-14,1,5,0,2003-07-19
9497,24,483,12,3,KGID109496,Ravi Patil,2003-06-30,1,2,0,2014-10-28
9498,24,483,12,3,KGID109497,Naveen Poojary,1992-04-22,1,4,0,2018-05-08
9499,24,483,12,3,KGID109498,Manjunath Devaraj,2003-11-27,1,8,0,2007-04-02
9500,24,483,12,3,KGID109499,Lokesh Patil,1990-08-31,1,3,0,2020-03-27
9501,24,483,12,3,KGID109500,Pradeep Shetty,1984-07-12,1,2,0,2000-11-16
9502,24,483,12,3,KGID109501,Anand Reddy,1988-10-15,1,8,0,2000-04-07
9503,24,484,8,2,KGID109502,Jayashree Hegde,1989-09-24,2,6,0,1998-08-27
9504,24,484,9,1,KGID109503,Chandrashekar Jadhav,1996-04-10,1,4,0,2001-04-12
9505,24,484,9,1,KGID109504,Raghavendra Iyer,1991-05-13,1,8,0,2016-05-10
9506,24,484,10,3,KGID109505,Vinay Kulkarni,1978-05-29,1,4,0,2018-05-19
9507,24,484,10,3,KGID109506,Ravi Kulkarni,1978-02-13,1,2,0,1997-04-07
9508,24,484,10,3,KGID109507,Kavya Reddy,1994-06-05,2,2,0,2009-04-18
9509,24,484,11,3,KGID109508,Ramesh Hegde,1993-10-19,1,8,0,1997-09-18
9510,24,484,11,3,KGID109509,Vinay Iyer,1980-01-02,1,7,0,2015-11-13
9511,24,484,11,3,KGID109510,Santosh Bhat,1989-08-24,1,1,0,2017-10-18
9512,24,484,11,3,KGID109511,Shivakumar Iyer,1997-04-24,1,5,0,2009-05-19
9513,24,484,12,3,KGID109512,Raghavendra Reddy,1988-08-16,1,2,0,2022-12-26
9514,24,484,12,3,KGID109513,Gopal Hiremath,1983-03-12,1,6,0,2005-05-03
9515,24,484,12,3,KGID109514,Chandrashekar Achar,1983-01-09,1,7,0,2021-03-16
9516,24,484,12,3,KGID109515,Manoj Rao,1986-09-28,1,8,0,2005-03-23
9517,24,484,12,3,KGID109516,Umesh Desai,1983-10-04,1,1,0,2011-12-20
9518,24,484,12,3,KGID109517,Srinivas Rao,1986-05-06,1,1,0,2000-04-09
9519,24,484,12,3,KGID109518,Kiran Hegde,1981-03-22,1,2,0,2007-09-08
9520,24,484,12,3,KGID109519,Vinay Gowda,2001-10-02,1,4,0,2011-10-31
9521,24,484,12,3,KGID109520,Vinay Poojary,1994-01-25,1,8,0,2019-06-24
9522,24,484,12,3,KGID109521,Manoj Rao,1996-07-27,1,3,0,2010-09-29
9523,24,484,12,3,KGID109522,Raghavendra Poojary,1981-07-27,1,8,0,2023-06-29
9524,24,484,12,3,KGID109523,Umesh Jadhav,1988-02-06,1,1,0,2014-04-23
9525,24,484,12,3,KGID109524,Yogesh Devaraj,1993-03-19,1,3,1,2013-08-23
9526,24,484,12,3,KGID109525,Santosh Devaraj,2000-04-09,1,4,0,2005-10-22
9527,24,484,12,3,KGID109526,Girish Hiremath,2001-08-08,1,1,0,2018-08-11
9528,24,484,12,3,KGID109527,Srinivas Rao,1997-05-16,1,5,0,2018-08-17
9529,24,485,9,2,KGID109528,Santosh Hiremath,1978-06-12,1,6,0,2013-04-28
9530,24,485,9,2,KGID109529,Ravi Desai,1987-11-16,1,3,0,2018-10-18
9531,24,485,9,1,KGID109530,Harish Naik,1989-03-23,1,6,0,2002-04-04
9532,24,485,9,1,KGID109531,Yogesh Naik,1994-10-06,1,4,0,2019-08-19
9533,24,485,10,3,KGID109532,Ramesh Jadhav,1978-11-30,1,1,0,2016-09-28
9534,24,485,10,3,KGID109533,Vinay Reddy,1983-08-06,1,4,0,2023-06-07
9535,24,485,11,3,KGID109534,Ramesh Bhandari,1990-07-26,1,4,0,2012-12-15
9536,24,485,11,3,KGID109535,Basavaraj Reddy,1978-01-09,1,5,0,2022-04-06
9537,24,485,11,3,KGID109536,Suresh Poojary,1976-03-15,1,2,1,2020-09-12
9538,24,485,11,3,KGID109537,Suresh Nayak,1990-07-31,1,2,0,2002-05-04
9539,24,485,11,3,KGID109538,Vinay Kumar,1988-09-01,1,6,0,2023-06-21
9540,24,485,11,3,KGID109539,Naveen Devaraj,1998-04-22,1,2,0,2019-10-02
9541,24,485,11,3,KGID109540,Nagaraj Naik,1979-10-20,1,2,0,2000-03-18
9542,24,485,11,3,KGID109541,Manoj Kumar,1994-10-09,1,4,0,2017-10-15
9543,24,485,12,3,KGID109542,Deepa Hiremath,1984-01-27,2,2,0,2019-04-02
9544,24,485,12,3,KGID109543,Suresh Rao,1999-04-29,1,3,0,2016-07-25
9545,24,485,12,3,KGID109544,Geetha Naik,1996-02-26,2,2,0,2021-06-16
9546,24,485,12,3,KGID109545,Manjunath Gowda,1986-07-21,1,6,0,2016-10-23
9547,24,485,12,3,KGID109546,Sandeep Jadhav,1988-02-16,1,2,0,2014-10-05
9548,24,485,12,3,KGID109547,Sandeep Kumar,1984-09-06,1,5,0,2003-07-26
9549,24,485,12,3,KGID109548,Rekha Jadhav,2001-02-21,2,2,0,2005-05-12
9550,24,485,12,3,KGID109549,Srinivas Kumar,1997-12-27,1,2,0,2002-11-14
9551,24,485,12,3,KGID109550,Suresh Patil,1998-11-10,1,5,0,2010-05-22
9552,24,485,12,3,KGID109551,Vijay Reddy,2004-08-04,1,1,0,2002-03-27
9553,24,485,12,3,KGID109552,Harish Gowda,1983-07-17,1,1,0,2011-10-23
9554,24,485,12,3,KGID109553,Girish Achar,1998-02-18,1,6,0,2018-04-25
9555,24,485,12,3,KGID109554,Srinivas Kulkarni,1982-02-03,1,3,0,2005-09-24
9556,24,485,12,3,KGID109555,Manoj Iyer,1984-01-17,1,7,0,2019-12-08
9557,24,485,12,3,KGID109556,Krishna Achar,1982-05-19,1,8,0,2004-11-19
9558,24,485,12,3,KGID109557,Rajesh Nayak,2002-10-26,1,1,0,2009-07-30
9559,24,486,8,2,KGID109558,Shivakumar Shetty,1986-03-21,1,4,0,2009-10-31
9560,24,486,9,1,KGID109559,Ramesh Naik,1994-08-03,1,8,0,2003-03-15
9561,24,486,9,1,KGID109560,Umesh Jadhav,1999-06-19,1,8,0,2006-06-03
9562,24,486,10,3,KGID109561,Lokesh Naik,1987-11-12,1,3,0,2005-10-05
9563,24,486,10,3,KGID109562,Raghavendra Naik,1996-04-04,1,5,0,2001-07-15
9564,24,486,11,3,KGID109563,Rajesh Hiremath,1989-11-23,1,5,0,2010-06-20
9565,24,486,11,3,KGID109564,Manoj Reddy,2000-11-16,1,3,0,2013-05-28
9566,24,486,11,3,KGID109565,Srinivas Gowda,1984-08-29,1,7,0,2007-11-09
9567,24,486,11,3,KGID109566,Naveen Kulkarni,1991-02-13,1,2,0,2000-04-04
9568,24,486,12,3,KGID109567,Raghavendra Kamath,1989-12-22,1,8,0,2013-05-27
9569,24,486,12,3,KGID109568,Naveen Poojary,1989-10-27,1,2,0,2005-11-04
9570,24,486,12,3,KGID109569,Santosh Shetty,1997-09-15,1,5,0,2015-07-05
9571,24,486,12,3,KGID109570,Mahesh Kamath,2004-02-27,1,8,0,2003-10-29
9572,24,486,12,3,KGID109571,Suresh Rao,1984-10-02,1,1,0,2017-11-04
9573,24,486,12,3,KGID109572,Chandrashekar Nayak,1982-10-25,1,6,0,2022-07-01
9574,24,486,12,3,KGID109573,Suresh Iyer,2004-10-01,1,6,0,2015-08-27
9575,24,486,12,3,KGID109574,Sowmya Desai,1981-03-02,2,5,0,2012-11-25
9576,24,487,9,5,KGID109575,Manjula Bhandari,1996-09-01,2,3,0,1995-08-11
9577,24,487,9,1,KGID109576,Shivakumar Bhat,1999-03-10,1,5,0,2012-08-14
9578,24,487,9,1,KGID109577,Manjunath Kumar,1997-10-06,1,8,0,2007-09-21
9579,24,487,10,3,KGID109578,Krishna Nayak,1982-08-19,1,3,0,2005-08-09
9580,24,487,10,3,KGID109579,Shivakumar Hiremath,1984-09-11,1,8,0,2019-03-16
9581,24,487,10,3,KGID109580,Manoj Hegde,1991-10-22,1,1,0,2009-06-09
9582,24,487,11,3,KGID109581,Ravi Bhandari,1982-07-31,1,5,0,1997-07-18
9583,24,487,11,3,KGID109582,Kiran Devaraj,1984-02-12,1,2,0,2002-06-27
9584,24,487,11,3,KGID109583,Vijay Patil,1995-04-04,1,1,0,2006-10-12
9585,24,487,11,3,KGID109584,Roopa Kumar,1991-03-27,2,3,0,1999-10-18
9586,24,487,11,3,KGID109585,Chandrashekar Rao,1985-03-14,1,4,0,2000-08-16
9587,24,487,12,3,KGID109586,Sandeep Bhat,2002-05-29,1,7,0,2011-06-30
9588,24,487,12,3,KGID109587,Suresh Devaraj,1984-06-06,1,4,0,2017-01-03
9589,24,487,12,3,KGID109588,Chandrashekar Devaraj,1986-12-21,1,1,0,2021-07-08
9590,24,487,12,3,KGID109589,Gopal Devaraj,1984-07-08,1,2,0,2013-06-12
9591,24,487,12,3,KGID109590,Rekha Reddy,1992-05-27,2,4,0,2017-07-13
9592,24,487,12,3,KGID109591,Pradeep Desai,1985-06-28,1,8,0,2019-06-29
9593,24,487,12,3,KGID109592,Rajesh Achar,2001-02-04,1,6,0,2011-11-04
9594,24,487,12,3,KGID109593,Raghavendra Gowda,1992-07-31,1,7,0,2009-06-14
9595,24,487,12,3,KGID109594,Chandrashekar Kumar,1992-07-09,1,8,0,2013-04-19
9596,24,487,12,3,KGID109595,Nagaveni Bhandari,2003-06-04,2,7,0,2005-06-11
9597,24,487,12,3,KGID109596,Harish Achar,1985-10-08,1,3,0,2015-03-11
9598,24,487,12,3,KGID109597,Vijay Iyer,1995-09-28,1,2,0,2010-10-09
9599,24,488,8,6,KGID109598,Srinivas Devaraj,1975-04-19,1,8,0,2017-04-24
9600,24,488,9,6,KGID109599,Santosh Hegde,1995-04-28,1,7,0,2000-09-19
9601,24,488,9,1,KGID109600,Anand Achar,1998-11-09,1,8,0,2022-05-07
9602,24,488,10,3,KGID109601,Raghavendra Iyer,1979-12-20,1,1,0,2012-09-17
9603,24,488,10,3,KGID109602,Mahesh Bhat,1983-01-23,1,5,0,1999-11-18
9604,24,488,10,3,KGID109603,Harish Poojary,1983-02-24,1,2,0,2003-12-10
9605,24,488,11,3,KGID109604,Rajesh Desai,1992-06-27,1,7,1,2014-03-27
9606,24,488,11,3,KGID109605,Krishna Poojary,1985-02-02,1,5,0,2012-05-18
9607,24,488,11,3,KGID109606,Krishna Shetty,1975-12-31,1,3,0,2017-06-25
9608,24,488,11,3,KGID109607,Chandrashekar Rao,1997-04-07,1,3,0,1999-06-02
9609,24,488,11,3,KGID109608,Ramesh Hegde,1982-02-24,1,7,0,2019-11-20
9610,24,488,11,3,KGID109609,Santosh Kamath,1991-06-01,1,1,0,2010-05-16
9611,24,488,11,3,KGID109610,Yogesh Desai,1980-12-20,1,3,0,2008-10-16
9612,24,488,11,3,KGID109611,Kiran Kulkarni,1980-10-04,1,7,0,2010-06-28
9613,24,488,12,3,KGID109612,Jayashree Bhat,1996-05-17,2,8,0,2001-05-31
9614,24,488,12,3,KGID109613,Anitha Poojary,1991-09-01,2,2,0,2023-10-14
9615,24,488,12,3,KGID109614,Umesh Bhandari,1983-11-07,1,5,0,2017-08-26
9616,24,488,12,3,KGID109615,Kiran Nayak,1994-05-24,1,2,0,2018-08-20
9617,24,488,12,3,KGID109616,Mahesh Kumar,1996-04-07,1,5,0,2001-10-05
9618,24,488,12,3,KGID109617,Srinivas Iyer,1984-12-04,1,8,0,2023-03-12
9619,24,488,12,3,KGID109618,Vijay Gowda,2002-03-25,1,8,0,2016-09-21
9620,24,488,12,3,KGID109619,Nagaraj Poojary,1997-02-18,1,7,0,2016-11-05
9621,24,488,12,3,KGID109620,Harish Naik,2004-07-15,1,6,0,2017-08-29
9622,24,488,12,3,KGID109621,Suresh Poojary,1987-09-30,1,7,0,2006-06-23
9623,24,488,12,3,KGID109622,Mahesh Bhandari,1995-02-26,1,2,0,2006-07-04
9624,24,488,12,3,KGID109623,Umesh Bhat,1999-01-01,1,7,0,2006-05-26
9625,24,488,12,3,KGID109624,Suresh Devaraj,1982-02-10,1,5,0,2023-08-23
9626,24,488,12,3,KGID109625,Kavya Shetty,1992-12-01,2,1,0,2011-06-12
9627,24,489,9,4,KGID109626,Gopal Achar,1988-04-15,1,2,0,2012-09-27
9628,24,489,9,1,KGID109627,Vijay Jadhav,1999-08-12,1,1,0,2007-12-27
9629,24,489,9,1,KGID109628,Vijay Desai,1984-08-29,1,6,0,2002-03-15
9630,24,489,10,3,KGID109629,Pradeep Bhandari,1992-12-12,1,4,0,2018-08-03
9631,24,489,10,3,KGID109630,Ramesh Bhandari,1998-09-19,1,4,0,2006-10-26
9632,24,489,11,3,KGID109631,Shivakumar Jadhav,1992-08-27,1,1,0,2002-08-23
9633,24,489,11,3,KGID109632,Harish Naik,1978-06-02,1,2,0,1998-09-27
9634,24,489,11,3,KGID109633,Manjunath Nayak,1982-07-30,1,6,0,2019-06-15
9635,24,489,11,3,KGID109634,Sandeep Devaraj,1987-02-17,1,6,0,2007-10-11
9636,24,489,11,3,KGID109635,Pushpa Naik,1989-06-06,2,6,0,2016-05-26
9637,24,489,12,3,KGID109636,Sandeep Kulkarni,1988-11-28,1,7,0,2010-09-27
9638,24,489,12,3,KGID109637,Pradeep Shetty,2002-05-16,1,6,0,2016-09-25
9639,24,489,12,3,KGID109638,Pradeep Iyer,1984-09-05,1,8,0,2011-03-19
9640,24,489,12,3,KGID109639,Deepa Naik,1981-02-22,2,4,0,2022-11-05
9641,24,489,12,3,KGID109640,Girish Iyer,2001-06-01,1,7,0,2019-10-05
9642,24,489,12,3,KGID109641,Nagaraj Kulkarni,1997-08-26,1,2,0,2017-09-03
9643,24,489,12,3,KGID109642,Raghavendra Kamath,1999-12-30,1,3,0,2013-04-30
9644,24,489,12,3,KGID109643,Ravi Poojary,1997-02-14,1,3,0,2006-06-03
9645,24,489,12,3,KGID109644,Ramesh Naik,1990-11-02,1,3,0,2002-04-21
9646,24,489,12,3,KGID109645,Krishna Hegde,1993-06-17,1,2,0,2014-07-21
9647,24,489,12,3,KGID109646,Kiran Naik,2003-05-11,1,8,0,2011-03-12
9648,24,489,12,3,KGID109647,Suresh Jadhav,1980-02-02,1,7,0,2005-06-23
9649,25,495,9,2,KGID109648,Pradeep Hegde,1990-02-14,1,5,0,2013-03-10
9650,25,495,9,1,KGID109649,Umesh Bhat,1984-12-05,1,7,0,2010-11-09
9651,25,495,9,1,KGID109650,Ravi Patil,1988-01-01,1,4,0,2010-11-25
9652,25,495,10,3,KGID109651,Ravi Hegde,1994-12-04,1,7,0,2018-09-28
9653,25,495,10,3,KGID109652,Santosh Naik,1987-04-28,1,2,0,2014-05-24
9654,25,495,10,3,KGID109653,Girish Nayak,1999-09-28,1,3,0,2013-12-21
9655,25,495,11,3,KGID109654,Manoj Hiremath,1997-04-23,1,1,0,2000-07-16
9656,25,495,11,3,KGID109655,Harish Patil,1992-03-31,1,7,0,2013-11-14
9657,25,495,11,3,KGID109656,Manjunath Patil,1984-09-18,1,5,0,2005-10-17
9658,25,495,11,3,KGID109657,Roopa Hiremath,1981-07-02,2,8,0,2008-03-30
9659,25,495,12,3,KGID109658,Chandrashekar Desai,1981-01-28,1,7,0,2015-06-21
9660,25,495,12,3,KGID109659,Suresh Gowda,1992-04-12,1,8,0,2019-09-19
9661,25,495,12,3,KGID109660,Rajesh Desai,2004-09-05,1,5,0,2007-05-20
9662,25,495,12,3,KGID109661,Ravi Hiremath,1996-09-11,1,3,0,2007-07-16
9663,25,495,12,3,KGID109662,Krishna Iyer,1990-12-25,1,6,0,2014-08-21
9664,25,495,12,3,KGID109663,Anand Desai,1987-09-07,1,5,0,2012-04-17
9665,25,495,12,3,KGID109664,Umesh Jadhav,2003-03-15,1,1,0,2015-09-07
9666,25,495,12,3,KGID109665,Manoj Hiremath,1995-01-22,1,4,1,2009-08-23
9667,25,495,12,3,KGID109666,Lokesh Jadhav,2001-04-15,1,1,0,2010-12-11
9668,25,495,12,3,KGID109667,Gopal Hegde,1990-07-05,1,6,0,2001-09-17
9669,25,496,9,2,KGID109668,Naveen Desai,1985-01-06,1,1,0,2023-08-26
9670,25,496,9,1,KGID109669,Raghavendra Hiremath,1992-03-06,1,5,0,2010-07-18
9671,25,496,9,1,KGID109670,Roopa Shetty,1993-04-20,2,7,0,2004-01-03
9672,25,496,10,3,KGID109671,Yogesh Hiremath,1986-02-22,1,1,0,2021-06-18
9673,25,496,10,3,KGID109672,Suresh Bhat,1986-02-11,1,5,0,2002-03-30
9674,25,496,10,3,KGID109673,Vijay Rao,1996-03-14,1,5,0,2018-06-28
9675,25,496,11,3,KGID109674,Ramesh Nayak,1992-04-04,1,6,0,2023-03-23
9676,25,496,11,3,KGID109675,Girish Kumar,1998-02-08,1,1,0,2007-03-19
9677,25,496,11,3,KGID109676,Chandrashekar Kamath,1986-06-25,1,5,0,1999-04-17
9678,25,496,11,3,KGID109677,Chandrashekar Iyer,1999-04-01,1,8,0,2015-11-23
9679,25,496,11,3,KGID109678,Dinesh Kulkarni,1998-02-03,1,5,0,2008-03-29
9680,25,496,11,3,KGID109679,Ravi Iyer,1977-02-03,1,7,0,2001-11-08
9681,25,496,11,3,KGID109680,Umesh Nayak,1997-06-11,1,7,0,1995-10-10
9682,25,496,12,3,KGID109681,Anand Achar,2003-10-06,1,6,0,2013-04-27
9683,25,496,12,3,KGID109682,Jayashree Poojary,1994-05-07,2,8,0,2006-06-24
9684,25,496,12,3,KGID109683,Umesh Kumar,1991-12-26,1,2,0,2016-10-21
9685,25,496,12,3,KGID109684,Anand Achar,1982-10-18,1,2,0,2015-07-24
9686,25,496,12,3,KGID109685,Vijay Devaraj,1996-05-05,1,5,0,2004-03-17
9687,25,496,12,3,KGID109686,Manjunath Kamath,2001-04-03,1,7,0,2002-07-13
9688,25,496,12,3,KGID109687,Basavaraj Jadhav,1982-10-22,1,1,0,2008-06-05
9689,25,496,12,3,KGID109688,Nagaraj Bhandari,1997-05-04,1,7,0,2020-12-19
9690,25,497,8,2,KGID109689,Ravi Nayak,1991-09-16,1,8,0,2001-04-22
9691,25,497,8,2,KGID109690,Basavaraj Nayak,1993-05-02,1,4,0,1998-10-07
9692,25,497,9,1,KGID109691,Prakash Achar,1984-08-02,1,3,0,2006-11-17
9693,25,497,10,3,KGID109692,Manjunath Hiremath,1988-03-01,1,6,0,1997-05-25
9694,25,497,10,3,KGID109693,Ramesh Kumar,1992-02-01,1,7,0,2009-05-24
9695,25,497,10,3,KGID109694,Vijay Naik,1978-08-04,1,7,0,2004-09-27
9696,25,497,11,3,KGID109695,Krishna Kumar,1978-05-20,1,2,0,2007-06-19
9697,25,497,11,3,KGID109696,Anand Hegde,1983-12-09,1,5,0,2005-10-14
9698,25,497,11,3,KGID109697,Sandeep Reddy,1979-01-27,1,7,0,2015-12-17
9699,25,497,11,3,KGID109698,Krishna Hegde,1975-12-21,1,6,0,2002-04-20
9700,25,497,12,3,KGID109699,Ramesh Devaraj,1981-04-09,1,4,0,2000-03-23
9701,25,497,12,3,KGID109700,Nandini Devaraj,1995-12-08,2,3,0,2007-07-29
9702,25,497,12,3,KGID109701,Rekha Rao,1995-03-02,2,8,0,2012-08-29
9703,25,497,12,3,KGID109702,Ramesh Iyer,1990-02-01,1,4,0,2013-05-28
9704,25,497,12,3,KGID109703,Manjunath Devaraj,1991-06-14,1,6,0,2006-04-17
9705,25,497,12,3,KGID109704,Sandeep Patil,1998-03-11,1,4,0,2019-07-30
9706,25,497,12,3,KGID109705,Rajesh Rao,1998-05-02,1,7,0,2017-09-29
9707,25,497,12,3,KGID109706,Raghavendra Devaraj,2003-04-15,1,1,0,2020-08-02
9708,25,497,12,3,KGID109707,Shobha Kulkarni,2000-12-25,2,4,0,2007-08-08
9709,25,498,8,2,KGID109708,Yogesh Hiremath,1979-11-08,1,7,0,2021-07-25
9710,25,498,9,1,KGID109709,Sandeep Rao,1991-01-14,1,7,0,2015-04-08
9711,25,498,9,1,KGID109710,Dinesh Hiremath,1995-01-02,1,8,0,2013-10-21
9712,25,498,10,3,KGID109711,Naveen Devaraj,1997-03-19,1,7,0,2022-06-24
9713,25,498,10,3,KGID109712,Umesh Reddy,1989-10-24,1,6,0,2021-10-30
9714,25,498,10,3,KGID109713,Mahesh Reddy,1992-08-13,1,3,0,2016-05-12
9715,25,498,11,3,KGID109714,Vani Bhat,2000-06-03,2,7,0,2010-07-10
9716,25,498,11,3,KGID109715,Suresh Shetty,1981-06-10,1,8,0,1998-04-30
9717,25,498,11,3,KGID109716,Gopal Bhat,1987-12-17,1,6,0,2021-12-07
9718,25,498,11,3,KGID109717,Manoj Reddy,1990-09-12,1,6,0,2007-04-11
9719,25,498,11,3,KGID109718,Ramesh Patil,1987-04-01,1,2,0,2015-09-21
9720,25,498,11,3,KGID109719,Nagaraj Poojary,1977-12-07,1,2,0,1997-03-30
9721,25,498,12,3,KGID109720,Vijay Jadhav,1982-05-15,1,8,0,2006-11-26
9722,25,498,12,3,KGID109721,Gopal Kumar,1988-11-25,1,7,0,2012-03-29
9723,25,498,12,3,KGID109722,Vinay Naik,1985-09-27,1,8,0,2009-04-15
9724,25,498,12,3,KGID109723,Savitri Rao,1993-05-09,2,2,1,2021-07-10
9725,25,498,12,3,KGID109724,Kiran Patil,2003-12-28,1,5,0,2015-04-30
9726,25,498,12,3,KGID109725,Deepa Bhandari,1984-07-26,2,1,0,2010-04-16
9727,25,498,12,3,KGID109726,Jayashree Patil,1998-05-25,2,5,0,2023-03-31
9728,25,498,12,3,KGID109727,Basavaraj Kulkarni,1998-03-12,1,5,0,2021-12-06
9729,25,498,12,3,KGID109728,Harish Achar,1989-04-25,1,3,0,2017-05-20
9730,25,498,12,3,KGID109729,Manjunath Reddy,2001-08-19,1,7,0,2009-01-03
9731,25,498,12,3,KGID109730,Srinivas Reddy,1981-07-06,1,7,0,2010-10-17
9732,25,498,12,3,KGID109731,Suresh Kumar,1999-09-10,1,4,0,2011-10-29
9733,25,498,12,3,KGID109732,Sandeep Desai,2001-08-31,1,7,0,2001-04-22
9734,25,498,12,3,KGID109733,Chandrashekar Reddy,2000-01-12,1,2,0,2005-04-25
9735,25,499,8,2,KGID109734,Kiran Hiremath,1991-11-09,1,6,0,2005-06-20
9736,25,499,9,1,KGID109735,Lokesh Hiremath,1981-12-07,1,3,0,2017-07-09
9737,25,499,9,1,KGID109736,Ramesh Hiremath,1992-04-29,1,3,0,2000-08-16
9738,25,499,10,3,KGID109737,Yogesh Jadhav,1979-03-01,1,2,0,2020-04-11
9739,25,499,10,3,KGID109738,Basavaraj Shetty,1994-03-24,1,3,0,2020-04-26
9740,25,499,11,3,KGID109739,Srinivas Rao,1996-02-13,1,8,0,1999-09-15
9741,25,499,11,3,KGID109740,Yogesh Naik,1999-09-25,1,6,0,1995-04-13
9742,25,499,11,3,KGID109741,Kiran Devaraj,1992-08-17,1,8,0,2023-07-15
9743,25,499,11,3,KGID109742,Lokesh Shetty,1995-10-07,1,7,0,2014-11-08
9744,25,499,11,3,KGID109743,Suresh Rao,1982-12-22,1,5,0,1998-05-09
9745,25,499,11,3,KGID109744,Ravi Desai,1998-08-18,1,2,0,2002-11-15
9746,25,499,12,3,KGID109745,Mahesh Desai,1987-05-20,1,6,0,2007-03-23
9747,25,499,12,3,KGID109746,Vinay Iyer,1982-06-30,1,5,0,2024-01-02
9748,25,499,12,3,KGID109747,Umesh Bhat,1985-08-19,1,4,0,2019-04-24
9749,25,499,12,3,KGID109748,Umesh Bhandari,1990-09-25,1,6,0,2018-06-14
9750,25,499,12,3,KGID109749,Gopal Desai,2000-08-29,1,2,0,2014-08-17
9751,25,499,12,3,KGID109750,Lokesh Patil,1999-06-28,1,5,0,2005-07-29
9752,25,499,12,3,KGID109751,Lokesh Naik,1984-09-09,1,1,0,2010-10-14
9753,25,499,12,3,KGID109752,Roopa Hegde,1980-10-30,2,5,0,2012-04-18
9754,25,499,12,3,KGID109753,Lokesh Gowda,2003-10-30,1,6,0,2004-05-03
9755,25,499,12,3,KGID109754,Mahesh Nayak,1982-03-06,1,1,0,2008-12-25
9756,25,499,12,3,KGID109755,Chandrashekar Desai,1989-08-25,1,3,0,2006-03-18
9757,25,499,12,3,KGID109756,Vinay Poojary,1997-05-01,1,2,1,2011-11-02
9758,25,500,8,2,KGID109757,Dinesh Devaraj,1994-04-04,1,8,0,2023-08-05
9759,25,500,8,2,KGID109758,Rajesh Kumar,1987-12-22,1,6,0,1998-07-25
9760,25,500,9,1,KGID109759,Santosh Iyer,1981-01-05,1,7,0,2010-12-05
9761,25,500,10,3,KGID109760,Manjunath Gowda,1995-05-17,1,6,0,2023-06-19
9762,25,500,10,3,KGID109761,Lokesh Kamath,1981-11-22,1,6,0,2008-11-13
9763,25,500,10,3,KGID109762,Yogesh Nayak,1996-03-29,1,1,0,2020-05-11
9764,25,500,11,3,KGID109763,Gopal Kulkarni,1984-04-17,1,6,0,2014-05-07
9765,25,500,11,3,KGID109764,Roopa Devaraj,1999-01-24,2,6,0,2000-11-08
9766,25,500,11,3,KGID109765,Girish Hegde,1978-12-11,1,3,0,2010-08-05
9767,25,500,11,3,KGID109766,Ravi Naik,1994-06-25,1,8,0,1996-05-17
9768,25,500,11,3,KGID109767,Anand Reddy,1998-03-31,1,8,0,2006-06-08
9769,25,500,12,3,KGID109768,Anand Kulkarni,1989-11-21,1,3,0,2005-04-04
9770,25,500,12,3,KGID109769,Shivakumar Bhat,1983-10-04,1,8,0,2022-05-23
9771,25,500,12,3,KGID109770,Shivakumar Jadhav,1991-02-11,1,5,0,2020-06-22
9772,25,500,12,3,KGID109771,Lokesh Rao,1999-01-04,1,3,0,2022-09-20
9773,25,500,12,3,KGID109772,Mahesh Achar,1995-06-17,1,8,0,2018-12-23
9774,25,500,12,3,KGID109773,Gopal Devaraj,1988-09-08,1,2,0,2010-11-23
9775,25,500,12,3,KGID109774,Srinivas Poojary,2004-10-05,1,4,0,2007-10-08
9776,25,500,12,3,KGID109775,Mahesh Devaraj,1988-01-24,1,3,0,2023-10-04
9777,25,500,12,3,KGID109776,Manjunath Bhat,1980-03-31,1,2,0,2022-09-06
9778,25,500,12,3,KGID109777,Shivakumar Hiremath,1999-10-13,1,2,0,2000-06-01
9779,25,501,9,2,KGID109778,Nagaraj Kulkarni,1983-10-14,1,4,0,2005-10-04
9780,25,501,9,2,KGID109779,Ravi Iyer,1981-11-18,1,4,0,2019-09-12
9781,25,501,9,1,KGID109780,Suresh Patil,1989-10-31,1,2,0,2010-12-12
9782,25,501,9,1,KGID109781,Pallavi Shetty,1996-10-05,2,1,0,2016-12-26
9783,25,501,10,3,KGID109782,Geetha Reddy,1998-02-19,2,5,0,2019-10-10
9784,25,501,10,3,KGID109783,Roopa Reddy,1977-01-28,2,2,0,1998-06-10
9785,25,501,11,3,KGID109784,Shivakumar Rao,2000-05-25,1,1,0,1998-08-22
9786,25,501,11,3,KGID109785,Manjunath Patil,1979-12-17,1,8,0,2022-03-13
9787,25,501,11,3,KGID109786,Harish Kumar,1985-12-27,1,2,0,2007-06-30
9788,25,501,11,3,KGID109787,Prakash Rao,1999-07-26,1,3,0,2023-07-31
9789,25,501,11,3,KGID109788,Prakash Rao,1991-12-10,1,8,0,1997-12-01
9790,25,501,11,3,KGID109789,Chandrashekar Kulkarni,1991-12-10,1,1,0,2007-10-05
9791,25,501,11,3,KGID109790,Anand Gowda,2000-03-11,1,8,0,2008-09-01
9792,25,501,11,3,KGID109791,Yogesh Kumar,1998-08-15,1,2,0,2004-09-05
9793,25,501,12,3,KGID109792,Vinay Poojary,1993-11-13,1,2,0,2014-11-03
9794,25,501,12,3,KGID109793,Gopal Bhat,1994-06-13,1,4,0,2021-12-12
9795,25,501,12,3,KGID109794,Shivakumar Kamath,1995-04-07,1,2,0,2000-09-07
9796,25,501,12,3,KGID109795,Manoj Rao,1990-07-22,1,5,0,2016-06-04
9797,25,501,12,3,KGID109796,Nagaraj Rao,1989-03-01,1,4,0,2004-12-09
9798,25,501,12,3,KGID109797,Yogesh Iyer,1981-02-07,1,1,0,2000-08-03
9799,25,501,12,3,KGID109798,Anand Shetty,1980-03-22,1,6,0,2021-04-30
9800,25,501,12,3,KGID109799,Sandeep Naik,1998-02-10,1,6,0,2011-08-20
9801,25,502,9,2,KGID109800,Anand Bhat,1981-04-04,1,6,0,2021-11-12
9802,25,502,9,1,KGID109801,Sandeep Kulkarni,1997-05-11,1,6,0,2023-05-21
9803,25,502,9,1,KGID109802,Suresh Poojary,1986-11-04,1,2,0,2009-11-30
9804,25,502,10,3,KGID109803,Santosh Gowda,1991-10-13,1,8,0,1999-12-23
9805,25,502,10,3,KGID109804,Chandrashekar Hiremath,1978-07-18,1,3,0,2016-03-22
9806,25,502,11,3,KGID109805,Anand Gowda,1999-07-27,1,1,0,2004-05-12
9807,25,502,11,3,KGID109806,Lokesh Achar,1981-03-30,1,1,0,2011-11-07
9808,25,502,11,3,KGID109807,Kiran Kulkarni,1985-08-01,1,6,0,2016-08-23
9809,25,502,11,3,KGID109808,Prakash Nayak,1978-06-02,1,5,0,2014-04-11
9810,25,502,11,3,KGID109809,Jayashree Kamath,1994-03-12,2,3,0,2015-08-14
9811,25,502,11,3,KGID109810,Rekha Bhat,1996-06-09,2,2,0,1999-09-20
9812,25,502,11,3,KGID109811,Anand Hegde,1979-04-20,1,4,0,2020-09-08
9813,25,502,11,3,KGID109812,Manjunath Iyer,1979-03-03,1,6,0,2003-08-05
9814,25,502,12,3,KGID109813,Ramesh Desai,1986-02-28,1,8,0,2018-05-12
9815,25,502,12,3,KGID109814,Prakash Poojary,1993-04-10,1,1,0,2004-06-10
9816,25,502,12,3,KGID109815,Sandeep Desai,1998-11-15,1,8,0,2020-08-31
9817,25,502,12,3,KGID109816,Dinesh Hiremath,1987-05-14,1,3,0,2002-05-16
9818,25,502,12,3,KGID109817,Nagaveni Desai,1997-12-09,2,3,0,2005-12-08
9819,25,502,12,3,KGID109818,Srinivas Gowda,1987-08-11,1,7,0,2022-12-07
9820,25,502,12,3,KGID109819,Pradeep Nayak,1984-07-25,1,7,0,2023-03-09
9821,25,502,12,3,KGID109820,Krishna Gowda,1983-06-23,1,7,0,2023-07-15
9822,25,502,12,3,KGID109821,Manoj Rao,2004-10-04,1,8,0,2012-06-29
9823,25,503,9,2,KGID109822,Vinay Kumar,1997-05-26,1,1,0,2003-01-02
9824,25,503,9,2,KGID109823,Yogesh Kulkarni,1994-06-12,1,3,0,2002-11-15
9825,25,503,9,1,KGID109824,Pradeep Hegde,1984-03-25,1,1,0,2003-05-27
9826,25,503,10,3,KGID109825,Pradeep Naik,2000-07-22,1,2,0,2016-09-26
9827,25,503,10,3,KGID109826,Mahesh Devaraj,1995-07-24,1,8,0,2020-04-08
9828,25,503,10,3,KGID109827,Suresh Rao,1984-07-04,1,4,0,2000-07-29
9829,25,503,11,3,KGID109828,Kiran Nayak,1977-05-27,1,8,0,1999-08-11
9830,25,503,11,3,KGID109829,Pushpa Desai,1990-06-30,2,2,0,2012-12-09
9831,25,503,11,3,KGID109830,Yogesh Nayak,1978-01-15,1,4,0,2023-12-28
9832,25,503,11,3,KGID109831,Sandeep Naik,1997-05-29,1,2,0,2006-10-24
9833,25,503,11,3,KGID109832,Chandrashekar Rao,1997-11-13,1,1,0,2013-10-23
9834,25,503,11,3,KGID109833,Sowmya Bhat,1980-06-08,2,8,0,2002-05-11
9835,25,503,12,3,KGID109834,Mahesh Kamath,1990-11-17,1,8,0,2000-04-24
9836,25,503,12,3,KGID109835,Santosh Achar,2004-12-23,1,6,0,2010-05-12
9837,25,503,12,3,KGID109836,Vani Bhandari,1988-05-25,2,3,0,2001-03-15
9838,25,503,12,3,KGID109837,Prakash Kumar,1983-09-26,1,1,0,2020-07-09
9839,25,503,12,3,KGID109838,Vijay Shetty,1984-03-31,1,2,0,2021-04-25
9840,25,503,12,3,KGID109839,Gopal Shetty,1994-05-19,1,7,0,2021-12-03
9841,25,503,12,3,KGID109840,Vijay Hiremath,2001-05-04,1,2,0,2010-07-05
9842,25,503,12,3,KGID109841,Lakshmi Achar,1988-09-09,2,2,0,2009-06-26
9843,25,503,12,3,KGID109842,Shivakumar Naik,1990-12-01,1,8,0,2019-07-06
9844,25,503,12,3,KGID109843,Rajesh Desai,1996-03-20,1,3,0,2017-11-05
9845,25,503,12,3,KGID109844,Girish Nayak,1991-08-26,1,5,0,2022-03-28
9846,25,504,9,2,KGID109845,Vijay Iyer,1996-10-06,1,6,0,1995-04-20
9847,25,504,9,1,KGID109846,Ramesh Kumar,1997-12-10,1,8,0,2007-05-18
9848,25,504,10,3,KGID109847,Deepa Desai,1987-07-01,2,1,0,2000-09-03
9849,25,504,10,3,KGID109848,Mahesh Hiremath,1977-04-28,1,4,0,2021-04-02
9850,25,504,10,3,KGID109849,Anand Poojary,2000-05-12,1,6,0,2000-09-25
9851,25,504,11,3,KGID109850,Prakash Reddy,1994-05-26,1,7,0,2023-11-09
9852,25,504,11,3,KGID109851,Shobha Reddy,1983-10-12,2,5,0,2007-05-16
9853,25,504,11,3,KGID109852,Raghavendra Jadhav,1987-06-16,1,8,0,2021-09-12
9854,25,504,11,3,KGID109853,Santosh Kumar,1980-06-30,1,1,0,2022-11-14
9855,25,504,11,3,KGID109854,Nagaraj Shetty,1984-06-05,1,2,0,2019-08-23
9856,25,504,11,3,KGID109855,Shobha Poojary,1991-05-02,2,6,0,2020-03-29
9857,25,504,11,3,KGID109856,Chandrashekar Hiremath,1987-11-12,1,5,0,2002-01-03
9858,25,504,11,3,KGID109857,Nagaraj Jadhav,1975-06-04,1,5,0,2012-06-05
9859,25,504,12,3,KGID109858,Manjunath Naik,1999-02-16,1,4,0,2001-03-17
9860,25,504,12,3,KGID109859,Mahesh Devaraj,1996-03-15,1,6,0,2009-09-28
9861,25,504,12,3,KGID109860,Raghavendra Kamath,2002-10-17,1,8,0,2021-10-12
9862,25,504,12,3,KGID109861,Yogesh Reddy,1995-12-01,1,2,0,2013-07-08
9863,25,504,12,3,KGID109862,Radha Bhandari,2002-01-15,2,7,0,2004-11-25
9864,25,504,12,3,KGID109863,Anitha Hiremath,1997-03-11,2,3,0,2001-12-14
9865,25,504,12,3,KGID109864,Naveen Gowda,1991-05-06,1,8,0,2000-10-09
9866,25,504,12,3,KGID109865,Nagaraj Gowda,2002-02-11,1,4,0,2021-09-14
9867,25,504,12,3,KGID109866,Sandeep Kamath,1991-04-19,1,5,0,2005-08-12
9868,25,504,12,3,KGID109867,Yogesh Desai,1989-03-29,1,5,0,2017-05-30
9869,25,504,12,3,KGID109868,Ramesh Kumar,1998-10-13,1,6,0,2014-07-19
9870,25,504,12,3,KGID109869,Anand Nayak,1993-08-23,1,8,0,2005-05-29
9871,25,504,12,3,KGID109870,Vinay Patil,1990-01-23,1,3,0,2011-12-15
9872,25,504,12,3,KGID109871,Yogesh Patil,2002-05-07,1,7,0,2008-11-10
9873,25,504,12,3,KGID109872,Naveen Jadhav,1986-08-17,1,4,0,2015-07-30
9874,25,504,12,3,KGID109873,Suresh Gowda,1998-10-11,1,5,0,2015-04-27
9875,25,504,12,3,KGID109874,Manoj Nayak,1983-02-09,1,8,0,2012-07-24
9876,25,505,8,2,KGID109875,Manjunath Poojary,1996-12-20,1,1,0,2009-09-09
9877,25,505,9,1,KGID109876,Basavaraj Hegde,1987-03-29,1,8,0,2018-08-18
9878,25,505,9,1,KGID109877,Girish Reddy,1987-01-20,1,4,0,2008-07-26
9879,25,505,10,3,KGID109878,Srinivas Bhandari,1983-05-11,1,1,0,2001-07-17
9880,25,505,10,3,KGID109879,Pradeep Devaraj,1984-08-10,1,3,0,2020-03-10
9881,25,505,11,3,KGID109880,Manjunath Hiremath,1975-08-15,1,1,0,2002-11-09
9882,25,505,11,3,KGID109881,Suresh Gowda,1978-08-27,1,7,0,2011-05-19
9883,25,505,11,3,KGID109882,Rajesh Nayak,1988-03-07,1,8,0,2017-04-02
9884,25,505,11,3,KGID109883,Santosh Desai,1999-12-23,1,1,0,1999-06-20
9885,25,505,11,3,KGID109884,Nagaraj Naik,1987-10-16,1,3,0,2021-03-21
9886,25,505,11,3,KGID109885,Suresh Iyer,1999-06-17,1,5,0,2016-07-30
9887,25,505,11,3,KGID109886,Kavya Desai,1982-04-27,2,6,0,2013-12-25
9888,25,505,12,3,KGID109887,Manjunath Kulkarni,1995-12-08,1,6,0,2002-01-03
9889,25,505,12,3,KGID109888,Shivakumar Kulkarni,1995-03-11,1,2,0,2002-09-08
9890,25,505,12,3,KGID109889,Manjunath Bhat,2000-05-10,1,4,0,2008-12-24
9891,25,505,12,3,KGID109890,Dinesh Jadhav,1988-05-01,1,4,0,2004-10-29
9892,25,505,12,3,KGID109891,Sandeep Hegde,1999-03-09,1,2,0,2020-10-16
9893,25,505,12,3,KGID109892,Vinay Naik,2002-02-05,1,1,0,2006-04-30
9894,25,505,12,3,KGID109893,Naveen Jadhav,1996-09-15,1,5,0,2019-06-20
9895,25,505,12,3,KGID109894,Suresh Shetty,1997-02-03,1,6,0,2008-06-23
9896,25,505,12,3,KGID109895,Krishna Reddy,2000-03-09,1,5,0,2015-08-17
9897,25,505,12,3,KGID109896,Raghavendra Desai,1999-10-29,1,3,0,2018-06-01
9898,25,505,12,3,KGID109897,Raghavendra Hegde,1997-02-13,1,3,0,2016-09-13
9899,25,506,8,2,KGID109898,Basavaraj Reddy,1976-02-03,1,8,0,2017-10-03
9900,25,506,8,2,KGID109899,Vijay Shetty,1982-02-12,1,5,0,1995-07-12
9901,25,506,9,1,KGID109900,Rekha Hiremath,1997-05-19,2,2,0,2016-12-22
9902,25,506,9,1,KGID109901,Kiran Reddy,1983-11-30,1,5,0,2001-03-19
9903,25,506,10,3,KGID109902,Rajesh Rao,1979-11-01,1,7,0,2015-11-09
9904,25,506,10,3,KGID109903,Naveen Reddy,1989-03-07,1,4,0,2008-06-30
9905,25,506,11,3,KGID109904,Pradeep Nayak,1977-03-01,1,1,0,2016-04-28
9906,25,506,11,3,KGID109905,Mahesh Kulkarni,1975-03-09,1,8,0,2018-09-07
9907,25,506,11,3,KGID109906,Deepa Nayak,1975-12-02,2,5,0,2015-07-10
9908,25,506,11,3,KGID109907,Lokesh Hegde,1978-08-09,1,8,0,2019-05-11
9909,25,506,12,3,KGID109908,Girish Nayak,1987-10-06,1,4,0,2018-09-07
9910,25,506,12,3,KGID109909,Harish Hegde,1983-07-15,1,8,0,2012-05-20
9911,25,506,12,3,KGID109910,Krishna Patil,2002-09-10,1,2,0,2004-09-28
9912,25,506,12,3,KGID109911,Basavaraj Achar,1992-07-24,1,5,0,2017-11-06
9913,25,506,12,3,KGID109912,Nagaveni Bhat,1992-01-19,2,8,0,2000-06-28
9914,25,506,12,3,KGID109913,Nagaraj Kamath,1989-11-16,1,2,0,2008-11-19
9915,25,506,12,3,KGID109914,Nagaraj Poojary,1997-09-12,1,3,0,2016-09-07
9916,25,506,12,3,KGID109915,Prakash Shetty,1984-07-04,1,6,0,2013-12-27
9917,25,506,12,3,KGID109916,Manoj Nayak,1995-11-12,1,2,0,2022-08-31
9918,25,506,12,3,KGID109917,Ravi Reddy,1997-05-27,1,3,0,2017-10-24
9919,25,506,12,3,KGID109918,Umesh Reddy,1990-09-15,1,7,0,2006-10-09
9920,25,506,12,3,KGID109919,Harish Jadhav,2003-06-17,1,7,0,2006-06-19
9921,25,506,12,3,KGID109920,Rajesh Devaraj,2004-05-04,1,7,0,2023-06-05
9922,25,507,9,5,KGID109921,Gopal Rao,1987-06-05,1,6,0,2006-11-17
9923,25,507,9,1,KGID109922,Srinivas Hiremath,1997-11-24,1,5,0,2023-10-29
9924,25,507,9,1,KGID109923,Ravi Bhandari,1993-04-14,1,4,0,2017-07-24
9925,25,507,10,3,KGID109924,Srinivas Poojary,1986-07-06,1,5,0,2017-10-30
9926,25,507,10,3,KGID109925,Suresh Patil,1977-06-24,1,4,0,2017-10-31
9927,25,507,10,3,KGID109926,Pradeep Shetty,2000-06-18,1,4,0,1997-07-27
9928,25,507,11,3,KGID109927,Kavya Jadhav,1982-01-23,2,7,0,2011-11-30
9929,25,507,11,3,KGID109928,Manjunath Poojary,1980-11-16,1,5,0,2021-07-13
9930,25,507,11,3,KGID109929,Lokesh Achar,1977-02-04,1,6,0,1997-09-01
9931,25,507,11,3,KGID109930,Pradeep Bhat,1997-10-01,1,8,0,2004-06-08
9932,25,507,11,3,KGID109931,Vijay Gowda,1988-03-16,1,1,0,2023-12-07
9933,25,507,11,3,KGID109932,Mahesh Naik,2001-09-27,1,1,0,2018-10-13
9934,25,507,11,3,KGID109933,Lokesh Bhandari,1985-04-13,1,2,0,2014-09-29
9935,25,507,11,3,KGID109934,Prakash Gowda,1993-02-25,1,6,0,2009-09-02
9936,25,507,12,3,KGID109935,Prakash Rao,1988-04-14,1,1,0,2003-09-16
9937,25,507,12,3,KGID109936,Krishna Reddy,1981-08-25,1,4,0,2018-04-21
9938,25,507,12,3,KGID109937,Ravi Kamath,2001-05-31,1,8,0,2022-11-20
9939,25,507,12,3,KGID109938,Kiran Jadhav,1987-02-25,1,3,0,2003-09-24
9940,25,507,12,3,KGID109939,Prakash Bhat,1981-02-18,1,2,1,2020-12-13
9941,25,507,12,3,KGID109940,Shwetha Devaraj,1991-12-16,2,8,0,2000-05-02
9942,25,507,12,3,KGID109941,Kiran Naik,1995-01-28,1,8,0,2003-10-20
9943,25,507,12,3,KGID109942,Dinesh Hegde,1990-01-30,1,2,0,2011-06-01
9944,25,507,12,3,KGID109943,Girish Patil,2003-03-04,1,5,0,2014-07-17
9945,25,507,12,3,KGID109944,Naveen Desai,1998-06-25,1,2,0,2013-09-04
9946,25,507,12,3,KGID109945,Ravi Desai,1989-01-19,1,7,0,2018-07-10
9947,25,507,12,3,KGID109946,Lokesh Bhat,1998-09-13,1,1,0,2019-05-14
9948,25,508,9,6,KGID109947,Manjunath Desai,1988-08-30,1,5,0,2007-09-15
9949,25,508,8,6,KGID109948,Savitri Patil,1985-01-06,2,7,0,1998-12-02
9950,25,508,9,1,KGID109949,Manoj Gowda,1984-01-12,1,8,0,2011-09-13
9951,25,508,10,3,KGID109950,Yogesh Bhat,1995-10-23,1,5,0,1997-07-31
9952,25,508,10,3,KGID109951,Ramesh Naik,1988-09-25,1,2,0,2004-11-07
9953,25,508,10,3,KGID109952,Prakash Gowda,1984-03-02,1,3,0,2006-04-02
9954,25,508,11,3,KGID109953,Basavaraj Rao,1975-06-01,1,4,0,2006-04-15
9955,25,508,11,3,KGID109954,Vijay Achar,1994-01-27,1,3,0,1996-07-20
9956,25,508,11,3,KGID109955,Sandeep Devaraj,1997-02-05,1,3,0,2019-09-09
9957,25,508,11,3,KGID109956,Vinay Nayak,1992-12-01,1,3,0,2023-11-01
9958,25,508,11,3,KGID109957,Rajesh Iyer,2001-07-05,1,8,0,2011-06-20
9959,25,508,11,3,KGID109958,Nagaraj Kumar,2001-06-14,1,8,0,2020-10-17
9960,25,508,12,3,KGID109959,Anand Devaraj,1995-10-12,1,4,0,2020-12-19
9961,25,508,12,3,KGID109960,Kiran Bhandari,1987-04-23,1,1,0,2005-09-26
9962,25,508,12,3,KGID109961,Vinay Poojary,2001-05-29,1,7,0,2004-06-10
9963,25,508,12,3,KGID109962,Yogesh Devaraj,2004-10-21,1,6,0,2011-03-27
9964,25,508,12,3,KGID109963,Dinesh Achar,1984-11-19,1,2,0,2009-06-02
9965,25,508,12,3,KGID109964,Shivakumar Bhandari,1989-01-24,1,8,0,2011-03-29
9966,25,508,12,3,KGID109965,Lokesh Achar,1995-06-03,1,6,0,2005-10-18
9967,25,508,12,3,KGID109966,Naveen Desai,1984-12-21,1,8,0,2018-03-28
9968,25,508,12,3,KGID109967,Naveen Iyer,1991-03-01,1,5,0,2015-04-01
9969,25,508,12,3,KGID109968,Raghavendra Kulkarni,1990-06-29,1,3,0,2016-08-06
9970,25,508,12,3,KGID109969,Vijay Hegde,2001-09-30,1,6,0,2008-06-22
9971,25,508,12,3,KGID109970,Santosh Desai,1999-01-27,1,3,0,2007-11-28
9972,25,508,12,3,KGID109971,Roopa Hegde,1999-12-15,2,6,0,2014-06-04
9973,25,509,9,4,KGID109972,Basavaraj Poojary,1977-12-12,1,8,0,2013-05-06
9974,25,509,8,4,KGID109973,Pushpa Naik,1996-12-14,2,5,0,2019-12-09
9975,25,509,9,1,KGID109974,Sandeep Gowda,1998-05-04,1,1,0,2009-03-22
9976,25,509,10,3,KGID109975,Krishna Shetty,1996-11-23,1,3,0,1997-07-08
9977,25,509,10,3,KGID109976,Srinivas Iyer,1983-08-06,1,6,0,2022-03-17
9978,25,509,10,3,KGID109977,Anand Kumar,1987-10-20,1,1,0,2008-11-04
9979,25,509,11,3,KGID109978,Raghavendra Nayak,1999-03-08,1,1,0,2006-07-03
9980,25,509,11,3,KGID109979,Basavaraj Kamath,1987-06-29,1,1,0,2015-05-28
9981,25,509,11,3,KGID109980,Manjunath Poojary,1977-01-13,1,6,0,2010-07-24
9982,25,509,11,3,KGID109981,Lokesh Desai,1989-07-30,1,4,0,1996-09-02
9983,25,509,12,3,KGID109982,Manjula Kumar,1996-10-15,2,6,0,2003-12-05
9984,25,509,12,3,KGID109983,Yogesh Naik,1987-05-25,1,1,1,2009-04-10
9985,25,509,12,3,KGID109984,Suresh Achar,1988-07-19,1,4,0,2015-07-11
9986,25,509,12,3,KGID109985,Dinesh Shetty,1984-05-12,1,2,0,2011-09-05
9987,25,509,12,3,KGID109986,Harish Shetty,1994-08-09,1,7,0,2003-09-30
9988,25,509,12,3,KGID109987,Yogesh Achar,1992-10-21,1,1,0,2023-09-19
9989,25,509,12,3,KGID109988,Ramesh Hegde,2003-02-18,1,8,0,2008-12-20
9990,25,509,12,3,KGID109989,Santosh Patil,1992-06-08,1,7,0,2006-12-15
9991,25,509,12,3,KGID109990,Ramesh Kamath,1984-05-29,1,1,0,2010-12-28
9992,25,509,12,3,KGID109991,Suresh Iyer,1992-02-14,1,6,0,2010-12-25
9993,25,509,12,3,KGID109992,Vinay Bhandari,1997-12-05,1,4,0,2005-03-16
9994,25,509,12,3,KGID109993,Harish Poojary,1996-02-29,1,2,0,2001-12-04
9995,26,513,8,2,KGID109994,Krishna Reddy,1992-03-28,1,7,0,2009-03-24
9996,26,513,8,2,KGID109995,Krishna Devaraj,1987-07-22,1,2,0,2013-05-21
9997,26,513,9,1,KGID109996,Vijay Kamath,1991-07-17,1,1,0,2003-12-16
9998,26,513,9,1,KGID109997,Vinay Gowda,1999-09-11,1,2,0,2010-09-08
9999,26,513,10,3,KGID109998,Girish Kumar,1988-11-30,1,4,0,2010-03-22
10000,26,513,10,3,KGID109999,Raghavendra Iyer,1994-09-03,1,3,0,2011-09-25
10001,26,513,10,3,KGID110000,Naveen Poojary,1992-02-03,1,5,0,2016-09-29
10002,26,513,11,3,KGID110001,Prakash Poojary,1975-07-06,1,5,0,1998-04-22
10003,26,513,11,3,KGID110002,Krishna Rao,1993-06-10,1,7,0,2020-07-18
10004,26,513,11,3,KGID110003,Mahesh Kulkarni,1991-03-02,1,5,0,2020-07-01
10005,26,513,11,3,KGID110004,Vinay Bhandari,2001-02-18,1,2,0,2008-03-11
10006,26,513,11,3,KGID110005,Mahesh Gowda,1979-03-06,1,2,0,2001-12-24
10007,26,513,11,3,KGID110006,Basavaraj Kamath,1987-12-10,1,3,0,2011-12-21
10008,26,513,11,3,KGID110007,Manjunath Devaraj,1993-04-02,1,8,0,2005-05-27
10009,26,513,12,3,KGID110008,Sandeep Iyer,1991-05-05,1,1,0,2012-06-18
10010,26,513,12,3,KGID110009,Naveen Kumar,2004-01-26,1,8,0,2002-12-29
10011,26,513,12,3,KGID110010,Rajesh Kulkarni,1980-01-22,1,1,0,2010-08-03
10012,26,513,12,3,KGID110011,Manjunath Poojary,1982-04-01,1,6,0,2010-12-22
10013,26,513,12,3,KGID110012,Basavaraj Iyer,2000-08-01,1,7,0,2010-06-09
10014,26,513,12,3,KGID110013,Manjunath Achar,1993-12-07,1,3,0,2019-06-27
10015,26,513,12,3,KGID110014,Lokesh Kumar,1984-12-26,1,5,0,2018-06-22
10016,26,513,12,3,KGID110015,Yogesh Devaraj,2000-04-12,1,7,0,2002-08-11
10017,26,513,12,3,KGID110016,Mahesh Hiremath,1988-07-17,1,2,0,2020-09-17
10018,26,513,12,3,KGID110017,Vinay Poojary,1980-04-10,1,4,0,2023-08-15
10019,26,513,12,3,KGID110018,Shobha Kulkarni,1983-04-05,2,3,0,2022-12-12
10020,26,513,12,3,KGID110019,Kavya Reddy,1990-11-18,2,2,0,2015-11-02
10021,26,513,12,3,KGID110020,Vijay Hiremath,1985-12-21,1,5,0,2012-04-12
10022,26,513,12,3,KGID110021,Chandrashekar Shetty,1998-06-21,1,2,0,2003-10-13
10023,26,513,12,3,KGID110022,Mahesh Gowda,1982-08-10,1,8,0,2005-08-29
10024,26,513,12,3,KGID110023,Krishna Reddy,1981-04-25,1,2,0,2018-07-15
10025,26,514,8,2,KGID110024,Anitha Kamath,1980-07-20,2,4,0,2018-10-27
10026,26,514,8,2,KGID110025,Geetha Patil,1988-10-07,2,6,0,1996-09-15
10027,26,514,9,1,KGID110026,Harish Gowda,1990-05-07,1,5,0,2005-05-20
10028,26,514,9,1,KGID110027,Dinesh Hegde,1981-04-13,1,2,0,2002-04-21
10029,26,514,10,3,KGID110028,Dinesh Naik,1978-10-15,1,6,0,2023-06-23
10030,26,514,10,3,KGID110029,Radha Rao,1982-07-20,2,5,0,1998-08-03
10031,26,514,11,3,KGID110030,Girish Jadhav,1981-12-03,1,8,0,2019-03-21
10032,26,514,11,3,KGID110031,Ravi Kulkarni,1985-08-25,1,5,0,2017-11-25
10033,26,514,11,3,KGID110032,Mahesh Nayak,1999-08-26,1,3,0,2007-05-21
10034,26,514,11,3,KGID110033,Suresh Kumar,2002-01-03,1,8,0,2005-10-13
10035,26,514,11,3,KGID110034,Girish Reddy,1977-06-12,1,3,0,2003-04-04
10036,26,514,12,3,KGID110035,Naveen Hiremath,2003-11-27,1,1,0,2020-06-23
10037,26,514,12,3,KGID110036,Santosh Rao,1991-04-08,1,2,0,2022-05-10
10038,26,514,12,3,KGID110037,Ramesh Desai,1990-07-06,1,3,0,2003-12-22
10039,26,514,12,3,KGID110038,Mahesh Bhat,1987-02-27,1,1,0,2023-05-27
10040,26,514,12,3,KGID110039,Vinay Gowda,1991-07-08,1,1,0,2012-09-07
10041,26,514,12,3,KGID110040,Mahesh Patil,1991-01-25,1,8,0,2008-11-24
10042,26,514,12,3,KGID110041,Rekha Bhandari,1990-05-27,2,6,0,2013-09-07
10043,26,514,12,3,KGID110042,Prakash Patil,1998-01-25,1,7,0,2021-05-28
10044,26,514,12,3,KGID110043,Harish Kumar,2001-08-17,1,6,0,2001-10-11
10045,26,514,12,3,KGID110044,Krishna Devaraj,1986-09-09,1,5,0,2022-12-21
10046,26,515,8,2,KGID110045,Srinivas Kulkarni,1979-08-29,1,7,0,2010-03-29
10047,26,515,9,2,KGID110046,Nagaraj Kulkarni,1984-11-08,1,1,0,2020-04-03
10048,26,515,9,1,KGID110047,Suresh Desai,1997-12-28,1,4,0,2005-10-18
10049,26,515,10,3,KGID110048,Nagaraj Desai,1978-06-03,1,2,0,2011-07-25
10050,26,515,10,3,KGID110049,Suresh Shetty,1990-05-07,1,5,0,2018-03-19
10051,26,515,10,3,KGID110050,Manjunath Kulkarni,1993-04-04,1,7,0,2010-07-29
10052,26,515,11,3,KGID110051,Harish Desai,1980-02-09,1,3,0,2003-09-12
10053,26,515,11,3,KGID110052,Savitri Shetty,1996-07-15,2,6,0,1997-12-25
10054,26,515,11,3,KGID110053,Roopa Patil,1994-11-08,2,1,0,2018-11-04
10055,26,515,11,3,KGID110054,Srinivas Bhandari,1982-03-08,1,3,0,2020-10-05
10056,26,515,11,3,KGID110055,Prakash Shetty,1975-08-27,1,2,0,2007-05-30
10057,26,515,11,3,KGID110056,Ramesh Kulkarni,1995-07-25,1,2,0,2007-12-24
10058,26,515,12,3,KGID110057,Lokesh Nayak,1986-11-24,1,6,0,2018-12-05
10059,26,515,12,3,KGID110058,Rekha Bhat,1986-09-15,2,7,0,2007-05-08
10060,26,515,12,3,KGID110059,Shivakumar Nayak,1983-08-10,1,7,0,2013-08-30
10061,26,515,12,3,KGID110060,Naveen Shetty,2001-02-23,1,1,1,2010-06-23
10062,26,515,12,3,KGID110061,Ramesh Bhat,1990-09-12,1,8,0,2011-09-27
10063,26,515,12,3,KGID110062,Manjunath Jadhav,2003-04-16,1,1,0,2021-07-17
10064,26,515,12,3,KGID110063,Girish Achar,1990-05-01,1,3,0,2006-09-13
10065,26,515,12,3,KGID110064,Savitri Nayak,1995-01-19,2,6,0,2001-08-05
10066,26,516,9,2,KGID110065,Krishna Naik,1986-09-19,1,3,0,2021-12-02
10067,26,516,9,2,KGID110066,Raghavendra Rao,1980-03-06,1,8,0,2001-05-25
10068,26,516,9,1,KGID110067,Naveen Bhat,1997-08-21,1,6,0,2007-12-05
10069,26,516,9,1,KGID110068,Girish Kamath,1996-01-26,1,8,0,2011-07-13
10070,26,516,10,3,KGID110069,Manjunath Iyer,1992-05-22,1,7,0,2015-12-31
10071,26,516,10,3,KGID110070,Sandeep Rao,1987-04-16,1,8,0,2014-03-15
10072,26,516,11,3,KGID110071,Umesh Hiremath,1990-08-31,1,4,0,2013-10-10
10073,26,516,11,3,KGID110072,Sandeep Reddy,1978-10-28,1,4,0,2015-12-21
10074,26,516,11,3,KGID110073,Basavaraj Rao,1985-03-18,1,5,0,1995-12-03
10075,26,516,11,3,KGID110074,Suresh Kumar,1987-11-18,1,1,0,2000-07-31
10076,26,516,12,3,KGID110075,Prakash Devaraj,1983-09-07,1,3,0,2005-08-07
10077,26,516,12,3,KGID110076,Raghavendra Naik,1986-12-13,1,2,0,2022-03-17
10078,26,516,12,3,KGID110077,Gopal Rao,1989-08-29,1,4,0,2004-11-18
10079,26,516,12,3,KGID110078,Ravi Bhandari,1986-07-05,1,7,0,2020-11-06
10080,26,516,12,3,KGID110079,Krishna Devaraj,1982-05-25,1,2,0,2023-10-04
10081,26,516,12,3,KGID110080,Manjula Kulkarni,1991-03-20,2,8,0,2004-09-14
10082,26,516,12,3,KGID110081,Manoj Poojary,2000-03-01,1,8,0,2008-08-19
10083,26,516,12,3,KGID110082,Prakash Desai,2004-01-16,1,3,0,2009-10-22
10084,26,516,12,3,KGID110083,Yogesh Kamath,1986-01-17,1,1,0,2002-10-30
10085,26,516,12,3,KGID110084,Harish Nayak,2003-06-13,1,7,0,2000-04-20
10086,26,516,12,3,KGID110085,Nagaraj Kulkarni,1987-04-30,1,7,0,2016-08-02
10087,26,516,12,3,KGID110086,Girish Kumar,1993-04-21,1,2,0,2000-05-17
10088,26,516,12,3,KGID110087,Shivakumar Jadhav,1998-07-04,1,7,0,2014-10-04
10089,26,517,9,2,KGID110088,Prakash Shetty,1984-08-15,1,3,0,2014-09-12
10090,26,517,9,1,KGID110089,Girish Achar,1996-06-30,1,3,0,2011-11-27
10091,26,517,9,1,KGID110090,Srinivas Naik,1992-02-05,1,5,0,2000-10-25
10092,26,517,10,3,KGID110091,Dinesh Kulkarni,2000-04-17,1,5,0,2014-06-21
10093,26,517,10,3,KGID110092,Lokesh Naik,1996-08-13,1,2,0,1997-04-13
10094,26,517,11,3,KGID110093,Prakash Desai,1982-02-27,1,1,0,2004-05-04
10095,26,517,11,3,KGID110094,Anitha Desai,1993-03-29,2,8,0,2021-07-23
10096,26,517,11,3,KGID110095,Yogesh Iyer,1999-07-08,1,1,0,2000-10-16
10097,26,517,11,3,KGID110096,Manjunath Hegde,1978-09-30,1,3,0,1999-06-05
10098,26,517,11,3,KGID110097,Pradeep Rao,2000-06-17,1,3,0,1997-09-03
10099,26,517,11,3,KGID110098,Harish Bhandari,1996-02-13,1,8,0,2007-11-19
10100,26,517,11,3,KGID110099,Girish Gowda,1999-11-15,1,8,0,1998-11-27
10101,26,517,12,3,KGID110100,Ramesh Kumar,1991-06-25,1,8,0,2021-06-09
10102,26,517,12,3,KGID110101,Manjunath Poojary,1991-03-11,1,3,0,2009-04-12
10103,26,517,12,3,KGID110102,Jayashree Jadhav,1989-11-22,2,3,0,2015-12-03
10104,26,517,12,3,KGID110103,Suresh Naik,1982-07-09,1,8,0,2005-04-29
10105,26,517,12,3,KGID110104,Manjunath Reddy,1999-11-12,1,2,0,2019-05-17
10106,26,517,12,3,KGID110105,Srinivas Poojary,2001-02-23,1,3,0,2009-12-27
10107,26,517,12,3,KGID110106,Sandeep Nayak,2001-06-01,1,3,0,2008-09-23
10108,26,517,12,3,KGID110107,Vijay Achar,1996-10-26,1,2,0,2010-05-01
10109,26,517,12,3,KGID110108,Raghavendra Jadhav,1988-08-19,1,6,0,2023-07-21
10110,26,517,12,3,KGID110109,Mahesh Kumar,1984-11-14,1,3,0,2019-12-26
10111,26,517,12,3,KGID110110,Ravi Kumar,1988-05-11,1,5,0,2016-05-08
10112,26,517,12,3,KGID110111,Prakash Bhat,1983-04-29,1,3,0,2009-05-03
10113,26,517,12,3,KGID110112,Dinesh Bhat,1989-03-31,1,4,0,2020-10-20
10114,26,517,12,3,KGID110113,Gopal Desai,1986-01-25,1,4,0,2005-11-28
10115,26,517,12,3,KGID110114,Shivakumar Patil,1991-08-26,1,2,0,2018-11-04
10116,26,518,8,2,KGID110115,Gopal Patil,1975-06-27,1,3,0,2021-12-30
10117,26,518,8,2,KGID110116,Dinesh Bhat,1982-05-07,1,4,0,2013-06-25
10118,26,518,9,1,KGID110117,Mahesh Kulkarni,1982-01-17,1,4,0,2017-04-27
10119,26,518,10,3,KGID110118,Naveen Achar,1995-06-07,1,7,0,1999-08-04
10120,26,518,10,3,KGID110119,Vinay Reddy,1986-09-24,1,4,0,2023-11-19
10121,26,518,11,3,KGID110120,Radha Devaraj,1997-05-04,2,1,0,2002-08-23
10122,26,518,11,3,KGID110121,Basavaraj Desai,1987-12-04,1,7,0,2001-06-14
10123,26,518,11,3,KGID110122,Vijay Achar,1986-04-15,1,1,0,2001-08-03
10124,26,518,11,3,KGID110123,Manjunath Gowda,1989-09-03,1,7,0,2020-09-07
10125,26,518,12,3,KGID110124,Srinivas Desai,1980-12-20,1,3,0,2000-10-21
10126,26,518,12,3,KGID110125,Umesh Achar,1994-11-09,1,1,0,2017-07-06
10127,26,518,12,3,KGID110126,Rajesh Hiremath,2003-11-29,1,1,0,2002-08-27
10128,26,518,12,3,KGID110127,Umesh Bhandari,2002-12-08,1,6,0,2010-07-16
10129,26,518,12,3,KGID110128,Dinesh Reddy,1998-02-13,1,7,0,2011-09-16
10130,26,518,12,3,KGID110129,Shivakumar Devaraj,1997-05-09,1,4,0,2013-12-24
10131,26,518,12,3,KGID110130,Yogesh Jadhav,1999-06-07,1,5,0,2023-10-13
10132,26,518,12,3,KGID110131,Savitri Hiremath,1982-10-10,2,4,0,2014-12-07
10133,26,519,9,2,KGID110132,Vijay Desai,1978-09-02,1,1,0,2001-07-09
10134,26,519,9,1,KGID110133,Suresh Iyer,1993-12-30,1,7,0,2008-12-03
10135,26,519,10,3,KGID110134,Manjula Kumar,1978-01-01,2,6,0,2010-05-20
10136,26,519,10,3,KGID110135,Raghavendra Gowda,1985-03-04,1,8,0,2013-10-29
10137,26,519,10,3,KGID110136,Krishna Gowda,1997-07-30,1,8,0,1999-07-03
10138,26,519,11,3,KGID110137,Chandrashekar Hegde,1988-08-30,1,3,0,2014-03-15
10139,26,519,11,3,KGID110138,Manjula Rao,1984-11-10,2,5,0,2005-06-19
10140,26,519,11,3,KGID110139,Chandrashekar Bhat,2000-08-15,1,5,0,1999-09-30
10141,26,519,11,3,KGID110140,Suresh Naik,1999-03-11,1,3,0,2021-05-29
10142,26,519,11,3,KGID110141,Lokesh Achar,1997-06-03,1,8,0,2002-07-22
10143,26,519,11,3,KGID110142,Basavaraj Devaraj,1982-10-23,1,4,0,2010-06-27
10144,26,519,12,3,KGID110143,Dinesh Patil,1982-11-23,1,5,0,2009-04-02
10145,26,519,12,3,KGID110144,Nagaraj Jadhav,1981-12-21,1,7,0,2006-06-21
10146,26,519,12,3,KGID110145,Kiran Patil,1991-03-02,1,4,0,2019-11-05
10147,26,519,12,3,KGID110146,Yogesh Nayak,1992-04-08,1,2,0,2009-07-04
10148,26,519,12,3,KGID110147,Yogesh Gowda,1999-04-22,1,5,0,2008-05-31
10149,26,519,12,3,KGID110148,Gopal Devaraj,1989-12-04,1,2,0,2006-06-22
10150,26,519,12,3,KGID110149,Nandini Naik,1985-12-15,2,7,0,2015-12-17
10151,26,519,12,3,KGID110150,Shivakumar Iyer,1981-04-20,1,8,0,2001-09-11
10152,26,519,12,3,KGID110151,Girish Patil,1999-05-13,1,2,0,2022-03-08
10153,26,519,12,3,KGID110152,Rajesh Bhandari,1982-12-10,1,6,0,2019-07-16
10154,26,519,12,3,KGID110153,Manjula Kumar,1994-09-21,2,3,0,2003-10-31
10155,26,519,12,3,KGID110154,Dinesh Naik,1991-06-17,1,7,0,2001-10-08
10156,26,519,12,3,KGID110155,Sandeep Kamath,1994-06-22,1,1,0,2010-12-14
10157,26,519,12,3,KGID110156,Manjunath Patil,1988-04-04,1,2,0,2013-08-02
10158,26,519,12,3,KGID110157,Nagaraj Naik,1984-11-04,1,3,0,2023-11-17
10159,26,520,8,2,KGID110158,Manoj Reddy,1987-07-05,1,8,0,1996-08-31
10160,26,520,9,1,KGID110159,Manjunath Naik,1985-02-01,1,5,0,2021-08-16
10161,26,520,10,3,KGID110160,Mahesh Devaraj,1996-04-16,1,7,0,2006-05-10
10162,26,520,10,3,KGID110161,Kiran Nayak,1984-12-31,1,6,0,1998-12-27
10163,26,520,11,3,KGID110162,Manoj Hiremath,2001-07-19,1,6,0,2001-11-13
10164,26,520,11,3,KGID110163,Umesh Shetty,1978-06-30,1,8,0,2015-11-17
10165,26,520,11,3,KGID110164,Shobha Rao,1977-04-01,2,4,0,2020-11-09
10166,26,520,11,3,KGID110165,Santosh Achar,1993-03-29,1,7,0,2006-06-13
10167,26,520,11,3,KGID110166,Vinay Jadhav,1996-03-02,1,6,0,2013-06-30
10168,26,520,11,3,KGID110167,Shivakumar Rao,1983-01-16,1,7,0,1995-05-26
10169,26,520,12,3,KGID110168,Nagaraj Achar,1980-05-06,1,3,0,2022-12-04
10170,26,520,12,3,KGID110169,Srinivas Naik,1995-08-16,1,2,0,2017-10-21
10171,26,520,12,3,KGID110170,Naveen Kamath,1991-12-18,1,4,0,2001-06-11
10172,26,520,12,3,KGID110171,Girish Poojary,1994-02-16,1,2,0,2010-11-20
10173,26,520,12,3,KGID110172,Yogesh Nayak,2002-01-02,1,3,0,2023-09-20
10174,26,520,12,3,KGID110173,Lokesh Kamath,2001-01-02,1,7,0,2004-06-06
10175,26,520,12,3,KGID110174,Ramesh Patil,1982-05-02,1,6,0,2009-07-22
10176,26,520,12,3,KGID110175,Gopal Devaraj,1994-06-25,1,8,0,2019-09-29
10177,26,521,9,2,KGID110176,Sandeep Iyer,1975-03-04,1,8,0,2021-08-11
10178,26,521,9,1,KGID110177,Gopal Iyer,1988-02-27,1,2,0,2002-01-04
10179,26,521,10,3,KGID110178,Rekha Kamath,1983-12-28,2,1,0,2005-07-30
10180,26,521,10,3,KGID110179,Chandrashekar Poojary,2000-09-18,1,3,0,1997-11-04
10181,26,521,11,3,KGID110180,Prakash Bhat,1991-11-21,1,4,0,2022-09-05
10182,26,521,11,3,KGID110181,Ravi Rao,1987-12-24,1,5,0,2016-09-09
10183,26,521,11,3,KGID110182,Anand Jadhav,1986-06-10,1,8,0,2002-06-06
10184,26,521,11,3,KGID110183,Vijay Naik,1988-08-12,1,2,1,2021-12-05
10185,26,521,11,3,KGID110184,Srinivas Achar,1981-10-24,1,8,0,1995-03-27
10186,26,521,11,3,KGID110185,Prakash Iyer,1992-04-14,1,8,0,2013-07-09
10187,26,521,11,3,KGID110186,Rajesh Bhandari,1995-08-29,1,2,0,2017-08-12
10188,26,521,11,3,KGID110187,Santosh Iyer,1999-02-02,1,8,0,2022-12-06
10189,26,521,12,3,KGID110188,Harish Hegde,2003-07-19,1,5,0,2006-09-12
10190,26,521,12,3,KGID110189,Manjula Desai,1996-09-04,2,6,0,2003-05-03
10191,26,521,12,3,KGID110190,Girish Bhandari,1998-06-16,1,3,0,2006-07-18
10192,26,521,12,3,KGID110191,Harish Hegde,1981-09-29,1,5,0,2011-03-13
10193,26,521,12,3,KGID110192,Nagaraj Achar,2002-12-05,1,5,0,2012-10-26
10194,26,521,12,3,KGID110193,Mahesh Devaraj,1984-06-20,1,4,0,2012-12-10
10195,26,521,12,3,KGID110194,Savitri Bhandari,2004-07-13,2,7,0,2014-12-04
10196,26,521,12,3,KGID110195,Umesh Jadhav,1996-04-21,1,3,0,2019-06-20
10197,26,521,12,3,KGID110196,Suresh Naik,1994-06-14,1,3,0,2016-08-30
10198,26,521,12,3,KGID110197,Yogesh Desai,2000-08-17,1,2,0,2021-11-17
10199,26,521,12,3,KGID110198,Santosh Kumar,1982-10-05,1,8,0,2010-04-29
10200,26,521,12,3,KGID110199,Basavaraj Kumar,1999-12-05,1,3,0,2020-07-11
10201,26,522,8,2,KGID110200,Yogesh Naik,1985-01-07,1,8,0,2005-03-12
10202,26,522,9,2,KGID110201,Ravi Hegde,1986-11-20,1,7,0,2016-11-17
10203,26,522,9,1,KGID110202,Srinivas Devaraj,1983-06-06,1,2,0,2017-07-17
10204,26,522,9,1,KGID110203,Chandrashekar Kulkarni,1999-01-29,1,5,0,2008-07-07
10205,26,522,10,3,KGID110204,Vinay Reddy,1986-05-05,1,3,0,2022-06-14
10206,26,522,10,3,KGID110205,Geetha Achar,1994-04-23,2,1,0,1999-07-06
10207,26,522,10,3,KGID110206,Raghavendra Nayak,1997-10-20,1,3,0,2021-11-22
10208,26,522,11,3,KGID110207,Sandeep Nayak,1984-12-01,1,1,0,2014-07-19
10209,26,522,11,3,KGID110208,Vinay Achar,1986-08-24,1,5,0,2020-07-11
10210,26,522,11,3,KGID110209,Umesh Reddy,1990-07-04,1,8,0,2005-10-27
10211,26,522,11,3,KGID110210,Yogesh Devaraj,1982-10-10,1,5,0,2004-01-03
10212,26,522,11,3,KGID110211,Chandrashekar Rao,1998-08-10,1,8,0,2002-04-17
10213,26,522,11,3,KGID110212,Krishna Devaraj,1995-11-02,1,6,0,2003-04-24
10214,26,522,11,3,KGID110213,Manoj Kumar,1998-10-15,1,7,0,1999-03-22
10215,26,522,11,3,KGID110214,Lakshmi Bhandari,2000-08-22,2,4,0,2002-01-01
10216,26,522,12,3,KGID110215,Pallavi Reddy,1987-05-26,2,2,0,2022-11-30
10217,26,522,12,3,KGID110216,Harish Kulkarni,1982-11-28,1,5,0,2006-08-24
10218,26,522,12,3,KGID110217,Vani Hegde,2003-12-06,2,2,0,2022-07-24
10219,26,522,12,3,KGID110218,Kiran Achar,1983-10-21,1,5,0,2019-10-12
10220,26,522,12,3,KGID110219,Naveen Devaraj,1999-09-16,1,5,0,2019-05-22
10221,26,522,12,3,KGID110220,Krishna Hegde,1984-02-02,1,4,0,2012-12-18
10222,26,522,12,3,KGID110221,Deepa Rao,1991-02-09,2,4,0,2015-03-11
10223,26,522,12,3,KGID110222,Yogesh Devaraj,1994-09-28,1,3,0,2000-05-10
10224,26,523,9,2,KGID110223,Anand Nayak,1983-12-10,1,4,0,2011-08-11
10225,26,523,8,2,KGID110224,Basavaraj Poojary,1988-07-10,1,1,0,2014-06-11
10226,26,523,9,1,KGID110225,Nagaraj Jadhav,1992-04-26,1,6,0,2012-07-07
10227,26,523,10,3,KGID110226,Gopal Naik,1982-11-22,1,4,0,2000-04-11
10228,26,523,10,3,KGID110227,Vinay Kamath,1985-05-20,1,6,0,2002-08-31
10229,26,523,10,3,KGID110228,Prakash Patil,1983-07-24,1,4,0,2017-11-11
10230,26,523,11,3,KGID110229,Basavaraj Patil,1976-04-15,1,3,0,1997-09-24
10231,26,523,11,3,KGID110230,Jayashree Reddy,1975-06-09,2,6,0,2020-05-16
10232,26,523,11,3,KGID110231,Sandeep Kumar,1977-03-24,1,1,0,2009-09-22
10233,26,523,11,3,KGID110232,Radha Shetty,1981-02-06,2,2,0,2004-04-17
10234,26,523,12,3,KGID110233,Prakash Gowda,1994-10-28,1,1,0,2003-04-26
10235,26,523,12,3,KGID110234,Dinesh Jadhav,1995-03-02,1,8,0,2006-04-01
10236,26,523,12,3,KGID110235,Raghavendra Naik,2004-07-07,1,5,0,2015-04-12
10237,26,523,12,3,KGID110236,Lokesh Poojary,1987-12-14,1,7,0,2022-03-31
10238,26,523,12,3,KGID110237,Umesh Shetty,1988-02-09,1,4,0,2021-07-25
10239,26,523,12,3,KGID110238,Pradeep Hegde,1992-10-21,1,4,0,2019-09-02
10240,26,523,12,3,KGID110239,Vinay Bhandari,1980-06-06,1,5,0,2005-07-12
10241,26,523,12,3,KGID110240,Ravi Bhat,1993-01-17,1,5,0,2005-10-25
10242,26,523,12,3,KGID110241,Krishna Shetty,1988-07-08,1,3,0,2022-05-08
10243,26,523,12,3,KGID110242,Dinesh Kamath,1985-11-27,1,1,0,2010-10-03
10244,26,523,12,3,KGID110243,Nagaraj Rao,1989-10-17,1,4,0,2010-11-01
10245,26,523,12,3,KGID110244,Mahesh Reddy,2003-03-04,1,8,0,2004-06-13
10246,26,523,12,3,KGID110245,Ravi Patil,2000-07-16,1,3,0,2022-04-28
10247,26,523,12,3,KGID110246,Yogesh Bhat,2004-03-30,1,3,0,2014-12-12
10248,26,523,12,3,KGID110247,Vijay Iyer,1989-11-05,1,4,0,2002-08-01
10249,26,524,9,2,KGID110248,Vijay Desai,1981-07-24,1,4,0,2007-05-10
10250,26,524,9,2,KGID110249,Kiran Poojary,1990-04-08,1,8,0,2011-05-05
10251,26,524,9,1,KGID110250,Pushpa Kulkarni,1999-01-26,2,7,0,2017-05-02
10252,26,524,10,3,KGID110251,Girish Achar,1996-03-29,1,8,0,1997-12-19
10253,26,524,10,3,KGID110252,Vinay Poojary,1978-03-24,1,6,0,2005-03-17
10254,26,524,10,3,KGID110253,Yogesh Hiremath,1998-10-04,1,3,0,2017-07-15
10255,26,524,11,3,KGID110254,Krishna Kamath,1995-02-15,1,8,0,2004-08-20
10256,26,524,11,3,KGID110255,Mahesh Reddy,1984-09-20,1,7,0,2014-12-11
10257,26,524,11,3,KGID110256,Raghavendra Devaraj,1990-01-28,1,2,0,2016-06-15
10258,26,524,11,3,KGID110257,Deepa Bhandari,1986-05-05,2,5,0,2009-08-08
10259,26,524,11,3,KGID110258,Pradeep Gowda,1984-09-16,1,1,0,2011-04-17
10260,26,524,11,3,KGID110259,Srinivas Poojary,1995-10-15,1,5,0,2023-05-23
10261,26,524,11,3,KGID110260,Sandeep Bhat,1985-12-08,1,3,0,2008-07-08
10262,26,524,12,3,KGID110261,Anitha Bhat,1982-09-16,2,6,0,2004-12-04
10263,26,524,12,3,KGID110262,Suresh Jadhav,1994-12-25,1,8,0,2023-09-26
10264,26,524,12,3,KGID110263,Dinesh Rao,1981-05-13,1,8,0,2010-12-11
10265,26,524,12,3,KGID110264,Basavaraj Kumar,1989-12-12,1,6,0,2017-08-29
10266,26,524,12,3,KGID110265,Girish Naik,1988-09-24,1,4,0,2003-06-15
10267,26,524,12,3,KGID110266,Vijay Achar,1985-11-07,1,8,0,2007-07-14
10268,26,524,12,3,KGID110267,Raghavendra Hiremath,1997-02-19,1,4,0,2011-12-25
10269,26,524,12,3,KGID110268,Lokesh Kulkarni,2000-04-01,1,6,1,2002-11-10
10270,26,524,12,3,KGID110269,Kiran Kulkarni,2003-01-19,1,2,0,2005-08-09
10271,26,524,12,3,KGID110270,Rekha Bhat,1988-04-20,2,2,0,2023-06-17
10272,26,524,12,3,KGID110271,Krishna Nayak,1997-11-25,1,3,0,2005-11-05
10273,26,524,12,3,KGID110272,Vinay Poojary,1990-09-29,1,7,0,2023-05-19
10274,26,524,12,3,KGID110273,Sandeep Patil,1987-07-01,1,1,0,2014-06-19
10275,26,524,12,3,KGID110274,Naveen Kulkarni,1981-05-23,1,8,0,2006-11-17
10276,26,524,12,3,KGID110275,Mahesh Iyer,1996-02-25,1,6,0,2020-05-06
10277,26,524,12,3,KGID110276,Santosh Kamath,1985-04-03,1,2,0,2007-11-01
10278,26,524,12,3,KGID110277,Srinivas Kumar,2000-05-04,1,5,0,2022-08-05
10279,26,525,8,2,KGID110278,Radha Hegde,1981-07-10,2,4,0,2010-11-01
10280,26,525,9,1,KGID110279,Naveen Bhandari,1992-11-13,1,1,0,2011-04-25
10281,26,525,10,3,KGID110280,Harish Desai,1986-10-31,1,1,0,1997-08-04
10282,26,525,10,3,KGID110281,Manoj Kamath,1982-02-06,1,6,0,2015-11-05
10283,26,525,11,3,KGID110282,Shivakumar Bhat,1995-12-13,1,3,0,2008-08-06
10284,26,525,11,3,KGID110283,Nagaraj Kamath,2000-02-16,1,3,0,2023-09-23
10285,26,525,11,3,KGID110284,Umesh Jadhav,1990-05-10,1,4,0,2003-12-21
10286,26,525,11,3,KGID110285,Santosh Gowda,1997-02-04,1,4,0,2019-06-05
10287,26,525,11,3,KGID110286,Manjunath Achar,1985-09-13,1,5,0,2003-04-28
10288,26,525,11,3,KGID110287,Kavya Reddy,1982-08-23,2,6,0,1999-06-16
10289,26,525,11,3,KGID110288,Dinesh Kumar,1986-03-04,1,3,0,1995-04-10
10290,26,525,12,3,KGID110289,Sandeep Shetty,2001-01-21,1,1,0,2010-12-22
10291,26,525,12,3,KGID110290,Chandrashekar Hegde,1985-03-09,1,2,0,2018-06-27
10292,26,525,12,3,KGID110291,Nagaraj Shetty,1995-12-28,1,1,0,2018-11-16
10293,26,525,12,3,KGID110292,Nagaveni Achar,2004-08-14,2,2,0,2022-10-12
10294,26,525,12,3,KGID110293,Sandeep Hiremath,1989-04-05,1,4,0,2020-10-08
10295,26,525,12,3,KGID110294,Basavaraj Reddy,1997-08-19,1,4,0,2012-08-26
10296,26,525,12,3,KGID110295,Vijay Kumar,2002-05-07,1,7,0,2002-04-27
10297,26,525,12,3,KGID110296,Mahesh Bhat,2001-08-19,1,7,0,2018-05-05
10298,26,525,12,3,KGID110297,Manjunath Nayak,2004-05-06,1,2,0,2010-10-20
10299,26,525,12,3,KGID110298,Manjunath Devaraj,1994-12-11,1,3,0,2002-10-28
10300,26,525,12,3,KGID110299,Prakash Nayak,2004-06-26,1,2,0,2003-11-07
10301,26,525,12,3,KGID110300,Shivakumar Hiremath,1981-06-26,1,3,1,2014-07-24
10302,26,526,9,2,KGID110301,Vinay Bhat,1995-01-19,1,2,0,2019-08-18
10303,26,526,9,2,KGID110302,Ravi Kamath,1984-07-24,1,3,0,2016-05-11
10304,26,526,9,1,KGID110303,Sandeep Hegde,1983-02-03,1,3,0,2008-04-15
10305,26,526,9,1,KGID110304,Ramesh Kulkarni,1994-09-06,1,1,0,2001-06-27
10306,26,526,10,3,KGID110305,Shobha Bhat,1982-07-06,2,2,0,2017-08-04
10307,26,526,10,3,KGID110306,Shwetha Jadhav,1997-10-01,2,2,0,1998-07-30
10308,26,526,10,3,KGID110307,Basavaraj Nayak,1997-06-30,1,4,0,2012-07-09
10309,26,526,11,3,KGID110308,Girish Gowda,1977-04-29,1,2,0,2008-11-03
10310,26,526,11,3,KGID110309,Pradeep Patil,1984-04-18,1,2,0,2023-07-28
10311,26,526,11,3,KGID110310,Chandrashekar Kumar,1996-12-05,1,1,0,2002-11-02
10312,26,526,11,3,KGID110311,Kiran Kumar,1979-02-19,1,1,0,2023-05-30
10313,26,526,11,3,KGID110312,Yogesh Nayak,1997-03-21,1,7,0,1999-06-23
10314,26,526,11,3,KGID110313,Ravi Shetty,1982-05-16,1,5,0,2009-04-19
10315,26,526,12,3,KGID110314,Rekha Shetty,1998-11-15,2,5,0,2010-09-08
10316,26,526,12,3,KGID110315,Gopal Gowda,1993-07-07,1,6,0,2009-07-30
10317,26,526,12,3,KGID110316,Prakash Iyer,1989-11-28,1,6,0,2008-05-24
10318,26,526,12,3,KGID110317,Vinay Hegde,1988-03-21,1,3,0,2001-06-29
10319,26,526,12,3,KGID110318,Santosh Kumar,1996-06-21,1,2,0,2005-06-23
10320,26,526,12,3,KGID110319,Ravi Bhandari,1987-03-12,1,4,0,2004-06-05
10321,26,526,12,3,KGID110320,Girish Nayak,1984-02-22,1,4,0,2018-06-19
10322,26,526,12,3,KGID110321,Sandeep Devaraj,2000-05-31,1,3,0,2018-12-25
10323,26,527,8,5,KGID110322,Pradeep Shetty,1986-10-28,1,2,0,2021-05-17
10324,26,527,9,5,KGID110323,Raghavendra Desai,1990-09-26,1,2,0,2001-10-06
10325,26,527,9,1,KGID110324,Srinivas Kamath,1994-07-18,1,7,0,2006-03-13
10326,26,527,10,3,KGID110325,Kavya Poojary,1993-02-28,2,8,0,2022-09-27
10327,26,527,10,3,KGID110326,Nagaraj Jadhav,1984-11-19,1,5,0,2006-04-20
10328,26,527,11,3,KGID110327,Gopal Gowda,1994-08-13,1,6,0,2016-11-22
10329,26,527,11,3,KGID110328,Rekha Hiremath,1979-09-26,2,7,0,2015-06-17
10330,26,527,11,3,KGID110329,Sunita Patil,1991-01-24,2,6,0,2006-05-09
10331,26,527,11,3,KGID110330,Dinesh Desai,1978-08-19,1,1,0,2019-10-27
10332,26,527,11,3,KGID110331,Ramesh Rao,1978-07-08,1,1,0,2012-05-06
10333,26,527,11,3,KGID110332,Mahesh Jadhav,2000-07-26,1,1,0,2001-09-10
10334,26,527,11,3,KGID110333,Radha Jadhav,1988-08-23,2,3,0,2016-07-27
10335,26,527,11,3,KGID110334,Ramesh Patil,1984-05-15,1,3,0,2008-06-08
10336,26,527,12,3,KGID110335,Manoj Patil,1986-08-26,1,2,0,2003-08-31
10337,26,527,12,3,KGID110336,Basavaraj Desai,1985-01-09,1,1,0,2004-11-12
10338,26,527,12,3,KGID110337,Suresh Achar,1998-06-24,1,3,0,2011-10-06
10339,26,527,12,3,KGID110338,Sandeep Bhandari,1996-08-18,1,7,0,2009-12-30
10340,26,527,12,3,KGID110339,Jayashree Reddy,1994-01-02,2,4,0,2009-12-03
10341,26,527,12,3,KGID110340,Dinesh Bhat,1993-11-01,1,6,0,2010-07-12
10342,26,527,12,3,KGID110341,Krishna Hiremath,1990-07-20,1,2,0,2009-06-11
10343,26,527,12,3,KGID110342,Deepa Iyer,2004-12-18,2,6,0,2012-06-04
10344,26,527,12,3,KGID110343,Yogesh Nayak,2003-01-31,1,4,0,2015-12-25
10345,26,527,12,3,KGID110344,Anitha Kulkarni,1985-09-28,2,1,0,2007-05-17
10346,26,527,12,3,KGID110345,Santosh Bhat,1993-03-04,1,3,0,2001-09-20
10347,26,527,12,3,KGID110346,Anand Reddy,1998-03-28,1,4,0,2014-08-29
10348,26,527,12,3,KGID110347,Manoj Desai,1987-03-15,1,2,0,2023-11-14
10349,26,527,12,3,KGID110348,Kiran Kumar,1998-05-03,1,7,0,2007-11-29
10350,26,527,12,3,KGID110349,Gopal Iyer,1986-09-08,1,5,0,2006-09-20
10351,26,527,12,3,KGID110350,Basavaraj Jadhav,1984-07-24,1,5,0,2008-11-27
10352,26,528,8,6,KGID110351,Umesh Bhat,1981-08-30,1,8,0,1999-12-08
10353,26,528,9,1,KGID110352,Gopal Shetty,1991-03-01,1,2,0,2000-11-21
10354,26,528,9,1,KGID110353,Manoj Shetty,1985-09-20,1,6,0,2019-09-06
10355,26,528,10,3,KGID110354,Shobha Shetty,1990-12-14,2,4,0,2004-06-08
10356,26,528,10,3,KGID110355,Pradeep Hegde,2000-01-27,1,4,0,2012-03-20
10357,26,528,11,3,KGID110356,Yogesh Shetty,1995-09-23,1,4,0,2009-04-14
10358,26,528,11,3,KGID110357,Naveen Kamath,1985-12-11,1,6,0,2013-03-29
10359,26,528,11,3,KGID110358,Anand Gowda,1985-12-07,1,6,0,2014-04-15
10360,26,528,11,3,KGID110359,Mahesh Desai,1991-12-06,1,5,0,2012-07-13
10361,26,528,11,3,KGID110360,Suresh Naik,1997-10-06,1,7,0,2009-09-26
10362,26,528,12,3,KGID110361,Rajesh Hiremath,1995-05-16,1,8,0,2022-08-13
10363,26,528,12,3,KGID110362,Vani Jadhav,2000-04-10,2,2,0,2003-12-16
10364,26,528,12,3,KGID110363,Ramesh Achar,1985-08-14,1,4,0,2003-08-22
10365,26,528,12,3,KGID110364,Krishna Hegde,1983-05-23,1,1,0,2008-03-18
10366,26,528,12,3,KGID110365,Santosh Gowda,1980-05-27,1,4,0,2022-11-05
10367,26,528,12,3,KGID110366,Sowmya Kumar,1992-01-04,2,8,0,2015-11-10
10368,26,528,12,3,KGID110367,Sowmya Kulkarni,1990-12-30,2,4,0,2013-05-16
10369,26,528,12,3,KGID110368,Yogesh Patil,1988-12-14,1,4,0,2000-10-11
10370,26,528,12,3,KGID110369,Yogesh Hiremath,1999-10-06,1,5,0,2013-06-30
10371,26,528,12,3,KGID110370,Basavaraj Reddy,1987-01-06,1,2,0,2016-10-19
10372,26,528,12,3,KGID110371,Srinivas Patil,1982-04-27,1,7,0,2007-06-02
10373,26,528,12,3,KGID110372,Manjunath Bhandari,2004-05-09,1,6,0,2023-07-29
10374,26,529,9,4,KGID110373,Anand Iyer,1992-09-01,1,5,0,2021-06-06
10375,26,529,9,1,KGID110374,Geetha Naik,1993-06-23,2,6,0,2005-04-21
10376,26,529,10,3,KGID110375,Raghavendra Desai,1992-01-05,1,5,0,2012-09-13
10377,26,529,10,3,KGID110376,Manjunath Naik,1980-09-25,1,8,0,2022-04-01
10378,26,529,10,3,KGID110377,Chandrashekar Bhat,1982-09-15,1,2,0,2015-07-07
10379,26,529,11,3,KGID110378,Dinesh Rao,1983-02-04,1,7,0,2023-05-07
10380,26,529,11,3,KGID110379,Umesh Hegde,1992-02-04,1,4,0,1997-07-27
10381,26,529,11,3,KGID110380,Gopal Bhandari,1997-07-29,1,2,0,2000-03-20
10382,26,529,11,3,KGID110381,Yogesh Kumar,1984-12-26,1,6,0,2003-10-06
10383,26,529,11,3,KGID110382,Umesh Rao,1997-05-21,1,3,0,2016-05-02
10384,26,529,11,3,KGID110383,Lokesh Kulkarni,1995-04-13,1,2,0,2010-11-09
10385,26,529,12,3,KGID110384,Shivakumar Hiremath,2002-09-30,1,2,0,2006-10-01
10386,26,529,12,3,KGID110385,Basavaraj Devaraj,1988-11-22,1,6,0,2023-07-03
10387,26,529,12,3,KGID110386,Girish Bhat,1994-05-21,1,5,0,2003-04-08
10388,26,529,12,3,KGID110387,Krishna Iyer,1980-11-13,1,8,0,2001-09-27
10389,26,529,12,3,KGID110388,Raghavendra Gowda,1992-11-23,1,1,0,2014-08-23
10390,26,529,12,3,KGID110389,Raghavendra Hegde,1986-03-25,1,2,0,2008-03-31
10391,26,529,12,3,KGID110390,Prakash Gowda,1999-10-16,1,8,0,2008-11-23
10392,26,529,12,3,KGID110391,Roopa Hegde,1993-07-18,2,1,0,2022-06-09
10393,26,529,12,3,KGID110392,Manoj Poojary,2004-12-23,1,6,0,2010-04-05
10394,27,534,8,2,KGID110393,Sandeep Gowda,1992-12-14,1,5,0,2014-10-27
10395,27,534,9,1,KGID110394,Naveen Hiremath,1991-05-16,1,5,0,2023-08-22
10396,27,534,9,1,KGID110395,Chandrashekar Desai,1989-12-16,1,3,0,2021-09-22
10397,27,534,10,3,KGID110396,Basavaraj Naik,2000-03-25,1,1,0,2004-09-07
10398,27,534,10,3,KGID110397,Shivakumar Reddy,1977-01-25,1,2,0,2006-05-25
10399,27,534,11,3,KGID110398,Vani Poojary,1994-10-19,2,5,0,2011-08-06
10400,27,534,11,3,KGID110399,Manoj Reddy,2001-11-03,1,1,0,2005-11-08
10401,27,534,11,3,KGID110400,Girish Bhat,1988-02-10,1,8,0,2013-04-13
10402,27,534,11,3,KGID110401,Pradeep Achar,1979-05-17,1,3,0,1995-04-18
10403,27,534,11,3,KGID110402,Gopal Bhandari,1978-03-14,1,8,0,2018-05-14
10404,27,534,11,3,KGID110403,Sowmya Nayak,1993-03-30,2,1,0,2017-10-06
10405,27,534,11,3,KGID110404,Prakash Kulkarni,1997-06-16,1,6,0,2008-01-02
10406,27,534,11,3,KGID110405,Ramesh Bhat,1987-05-11,1,1,0,2012-08-15
10407,27,534,12,3,KGID110406,Prakash Bhat,2002-06-06,1,8,0,2003-04-19
10408,27,534,12,3,KGID110407,Rekha Achar,1991-08-03,2,1,0,2000-12-31
10409,27,534,12,3,KGID110408,Ravi Hiremath,2004-12-27,1,2,0,2017-03-20
10410,27,534,12,3,KGID110409,Ramesh Poojary,1990-12-11,1,6,0,2002-08-03
10411,27,534,12,3,KGID110410,Anand Jadhav,1994-08-10,1,6,0,2014-12-16
10412,27,534,12,3,KGID110411,Lokesh Bhandari,1998-05-01,1,4,0,2018-11-30
10413,27,534,12,3,KGID110412,Harish Devaraj,2002-03-28,1,3,0,2023-04-11
10414,27,534,12,3,KGID110413,Mahesh Rao,1992-01-01,1,1,0,2001-08-15
10415,27,535,9,2,KGID110414,Basavaraj Rao,1990-04-03,1,2,0,2014-09-14
10416,27,535,9,2,KGID110415,Srinivas Desai,1990-08-11,1,7,0,1995-09-30
10417,27,535,9,1,KGID110416,Sandeep Hegde,1995-02-21,1,2,0,2012-10-31
10418,27,535,10,3,KGID110417,Anitha Kamath,1991-05-12,2,6,0,2014-09-19
10419,27,535,10,3,KGID110418,Rajesh Hiremath,1986-07-13,1,4,0,2013-09-05
10420,27,535,11,3,KGID110419,Manjunath Shetty,1988-07-17,1,1,0,2001-08-31
10421,27,535,11,3,KGID110420,Umesh Nayak,1986-02-17,1,4,0,1997-08-21
10422,27,535,11,3,KGID110421,Naveen Reddy,1986-03-25,1,3,0,2020-01-02
10423,27,535,11,3,KGID110422,Krishna Gowda,1997-09-09,1,4,0,2002-05-21
10424,27,535,11,3,KGID110423,Vijay Hiremath,1975-02-14,1,8,0,2001-10-29
10425,27,535,12,3,KGID110424,Ravi Naik,1983-10-11,1,6,0,2002-05-30
10426,27,535,12,3,KGID110425,Raghavendra Kumar,1991-11-12,1,1,0,2023-04-09
10427,27,535,12,3,KGID110426,Yogesh Kulkarni,1992-03-16,1,6,0,2002-04-29
10428,27,535,12,3,KGID110427,Pushpa Desai,2000-09-04,2,8,0,2006-06-19
10429,27,535,12,3,KGID110428,Nagaveni Jadhav,1992-08-10,2,6,0,2019-11-05
10430,27,535,12,3,KGID110429,Vijay Gowda,1983-05-15,1,5,0,2018-10-09
10431,27,535,12,3,KGID110430,Ramesh Devaraj,1997-06-19,1,3,0,2004-11-22
10432,27,535,12,3,KGID110431,Jayashree Kamath,1987-12-14,2,2,0,2003-04-08
10433,27,535,12,3,KGID110432,Krishna Jadhav,2002-04-14,1,2,0,2022-03-15
10434,27,535,12,3,KGID110433,Kiran Kulkarni,1995-07-29,1,6,0,2013-10-29
10435,27,535,12,3,KGID110434,Lokesh Kumar,1990-01-05,1,1,0,2023-08-27
10436,27,535,12,3,KGID110435,Anand Poojary,1998-09-17,1,5,0,2011-10-16
10437,27,535,12,3,KGID110436,Yogesh Desai,2002-06-20,1,1,0,2004-11-03
10438,27,535,12,3,KGID110437,Dinesh Hegde,1987-03-12,1,7,0,2016-11-28
10439,27,536,8,2,KGID110438,Ramesh Patil,1990-06-02,1,7,0,2001-07-24
10440,27,536,9,2,KGID110439,Manjunath Kamath,1993-03-12,1,1,0,2003-09-16
10441,27,536,9,1,KGID110440,Vani Gowda,1997-04-05,2,6,0,2012-07-08
10442,27,536,10,3,KGID110441,Umesh Gowda,1992-08-15,1,4,0,2007-05-03
10443,27,536,10,3,KGID110442,Yogesh Nayak,1998-01-17,1,8,0,2008-11-17
10444,27,536,10,3,KGID110443,Santosh Reddy,2000-05-09,1,6,0,2004-10-05
10445,27,536,11,3,KGID110444,Girish Gowda,1986-09-05,1,6,0,2011-10-23
10446,27,536,11,3,KGID110445,Kiran Kulkarni,1989-10-24,1,3,0,1998-12-14
10447,27,536,11,3,KGID110446,Krishna Jadhav,1988-03-07,1,6,0,2016-11-02
10448,27,536,11,3,KGID110447,Vijay Achar,1977-07-23,1,3,0,2018-11-13
10449,27,536,12,3,KGID110448,Gopal Nayak,1985-07-11,1,8,0,2011-09-18
10450,27,536,12,3,KGID110449,Sowmya Naik,2000-08-29,2,4,0,2017-08-07
10451,27,536,12,3,KGID110450,Mahesh Hegde,2000-06-23,1,5,0,2005-10-18
10452,27,536,12,3,KGID110451,Prakash Gowda,1987-09-25,1,6,0,2023-08-27
10453,27,536,12,3,KGID110452,Ravi Patil,1994-02-07,1,4,0,2007-06-21
10454,27,536,12,3,KGID110453,Yogesh Iyer,1989-10-15,1,7,0,2006-06-21
10455,27,536,12,3,KGID110454,Raghavendra Iyer,1987-12-29,1,8,0,2008-09-28
10456,27,536,12,3,KGID110455,Vijay Gowda,2004-05-13,1,7,0,2020-05-13
10457,27,537,9,2,KGID110456,Yogesh Reddy,1996-10-11,1,3,0,2010-08-03
10458,27,537,9,2,KGID110457,Suresh Reddy,1984-01-28,1,1,0,2014-10-18
10459,27,537,9,1,KGID110458,Mahesh Poojary,1987-07-11,1,8,0,2008-03-18
10460,27,537,9,1,KGID110459,Radha Devaraj,1997-01-19,2,5,0,2017-08-03
10461,27,537,10,3,KGID110460,Santosh Poojary,1986-06-30,1,7,0,2000-10-13
10462,27,537,10,3,KGID110461,Prakash Rao,1993-05-25,1,1,0,2006-06-02
10463,27,537,10,3,KGID110462,Pradeep Achar,1989-02-25,1,8,0,2008-04-26
10464,27,537,11,3,KGID110463,Srinivas Bhat,1981-09-04,1,1,0,2022-08-26
10465,27,537,11,3,KGID110464,Geetha Kamath,1981-03-11,2,2,0,2018-07-09
10466,27,537,11,3,KGID110465,Rajesh Rao,1980-07-04,1,3,0,2010-07-14
10467,27,537,11,3,KGID110466,Chandrashekar Reddy,1984-11-08,1,5,0,2003-10-02
10468,27,537,11,3,KGID110467,Yogesh Desai,2001-01-09,1,4,0,2015-05-28
10469,27,537,11,3,KGID110468,Rajesh Naik,1984-09-11,1,3,0,2005-07-17
10470,27,537,11,3,KGID110469,Dinesh Poojary,1987-03-30,1,4,0,2011-10-17
10471,27,537,12,3,KGID110470,Shivakumar Naik,2001-08-24,1,4,0,2021-09-08
10472,27,537,12,3,KGID110471,Manjunath Devaraj,1985-05-25,1,2,0,2007-07-30
10473,27,537,12,3,KGID110472,Chandrashekar Desai,2002-11-30,1,8,0,2005-12-25
10474,27,537,12,3,KGID110473,Dinesh Hegde,1991-04-06,1,8,0,2013-10-07
10475,27,537,12,3,KGID110474,Prakash Kumar,1984-08-05,1,6,0,2009-06-07
10476,27,537,12,3,KGID110475,Pradeep Shetty,1981-08-20,1,5,1,2005-05-07
10477,27,537,12,3,KGID110476,Roopa Reddy,1988-11-14,2,2,0,2021-12-02
10478,27,537,12,3,KGID110477,Manoj Achar,2004-01-30,1,8,0,2008-06-03
10479,27,537,12,3,KGID110478,Chandrashekar Poojary,1982-11-21,1,5,0,2004-04-09
10480,27,537,12,3,KGID110479,Santosh Shetty,1997-04-18,1,2,0,2017-05-15
10481,27,537,12,3,KGID110480,Chandrashekar Gowda,1990-02-21,1,4,0,2014-05-25
10482,27,537,12,3,KGID110481,Harish Bhat,1989-05-27,1,4,0,2009-09-30
10483,27,537,12,3,KGID110482,Krishna Devaraj,1991-08-27,1,2,0,2021-08-17
10484,27,537,12,3,KGID110483,Anand Jadhav,1980-07-06,1,1,0,2008-03-20
10485,27,537,12,3,KGID110484,Shivakumar Rao,1980-11-01,1,6,0,2022-09-24
10486,27,538,8,2,KGID110485,Shivakumar Devaraj,1978-04-16,1,7,0,2009-07-06
10487,27,538,8,2,KGID110486,Nandini Kulkarni,1997-08-14,2,1,0,2008-07-08
10488,27,538,9,1,KGID110487,Ravi Jadhav,1996-11-01,1,8,0,2000-04-17
10489,27,538,10,3,KGID110488,Girish Jadhav,1992-11-18,1,7,0,2020-06-16
10490,27,538,10,3,KGID110489,Suresh Kumar,1999-01-03,1,6,0,2007-09-26
10491,27,538,11,3,KGID110490,Umesh Kulkarni,1977-02-01,1,1,0,2003-10-29
10492,27,538,11,3,KGID110491,Vijay Jadhav,1978-07-29,1,7,0,2010-12-17
10493,27,538,11,3,KGID110492,Manjunath Kamath,1984-02-08,1,7,0,1998-08-14
10494,27,538,11,3,KGID110493,Rajesh Kamath,1984-08-04,1,5,0,1998-11-15
10495,27,538,11,3,KGID110494,Manoj Bhat,1992-06-23,1,8,0,2004-12-23
10496,27,538,12,3,KGID110495,Nandini Shetty,1997-10-13,2,6,0,2002-12-06
10497,27,538,12,3,KGID110496,Vijay Kamath,1982-04-10,1,4,0,2012-09-26
10498,27,538,12,3,KGID110497,Kavya Kamath,1992-11-05,2,6,0,2001-08-24
10499,27,538,12,3,KGID110498,Prakash Jadhav,1980-04-02,1,3,0,2011-09-07
10500,27,538,12,3,KGID110499,Mahesh Hiremath,1992-02-27,1,8,0,2006-07-03
10501,27,538,12,3,KGID110500,Pushpa Kulkarni,1986-06-28,2,6,0,2001-05-20
10502,27,538,12,3,KGID110501,Shivakumar Kamath,1988-12-24,1,7,0,2000-04-17
10503,27,538,12,3,KGID110502,Manjula Hiremath,2000-11-07,2,8,0,2011-09-16
10504,27,538,12,3,KGID110503,Kavya Naik,1992-08-24,2,6,0,2007-12-25
10505,27,538,12,3,KGID110504,Rajesh Reddy,1984-11-24,1,7,0,2007-08-14
10506,27,538,12,3,KGID110505,Rajesh Naik,2002-01-04,1,6,0,2018-10-21
10507,27,538,12,3,KGID110506,Pradeep Jadhav,1994-03-18,1,1,0,2013-05-06
10508,27,538,12,3,KGID110507,Umesh Rao,1997-07-14,1,8,0,2019-06-25
10509,27,538,12,3,KGID110508,Chandrashekar Gowda,1983-04-11,1,7,0,2018-05-22
10510,27,538,12,3,KGID110509,Nagaraj Gowda,1990-12-22,1,2,0,2011-10-23
10511,27,538,12,3,KGID110510,Umesh Poojary,1989-02-09,1,2,0,2004-10-13
10512,27,539,8,2,KGID110511,Rajesh Poojary,1978-07-30,1,4,0,2010-12-06
10513,27,539,9,1,KGID110512,Mahesh Desai,1992-10-30,1,4,0,2000-09-30
10514,27,539,9,1,KGID110513,Geetha Bhandari,1989-01-23,2,8,0,2015-12-11
10515,27,539,10,3,KGID110514,Lakshmi Reddy,1998-11-23,2,8,0,1999-10-13
10516,27,539,10,3,KGID110515,Yogesh Devaraj,1997-06-20,1,2,0,2016-11-30
10517,27,539,10,3,KGID110516,Dinesh Kulkarni,1993-04-03,1,4,0,2005-11-02
10518,27,539,11,3,KGID110517,Anand Poojary,1993-12-31,1,4,0,2004-07-19
10519,27,539,11,3,KGID110518,Rajesh Reddy,1988-03-16,1,7,0,2018-08-29
10520,27,539,11,3,KGID110519,Sowmya Bhandari,1988-10-30,2,7,0,2015-10-19
10521,27,539,11,3,KGID110520,Umesh Kulkarni,1989-09-17,1,5,0,2005-12-29
10522,27,539,11,3,KGID110521,Vijay Kamath,1989-06-07,1,2,0,2017-09-18
10523,27,539,11,3,KGID110522,Sandeep Hegde,1985-12-28,1,8,0,2023-09-30
10524,27,539,11,3,KGID110523,Ravi Kamath,1977-01-30,1,4,0,2000-06-12
10525,27,539,11,3,KGID110524,Radha Poojary,1999-05-18,2,2,0,2002-09-04
10526,27,539,12,3,KGID110525,Geetha Jadhav,1986-09-21,2,5,0,2017-03-29
10527,27,539,12,3,KGID110526,Lokesh Kulkarni,1984-08-20,1,6,0,2002-03-15
10528,27,539,12,3,KGID110527,Santosh Hiremath,1982-01-28,1,6,0,2013-10-16
10529,27,539,12,3,KGID110528,Rajesh Poojary,1990-10-24,1,8,0,2012-12-25
10530,27,539,12,3,KGID110529,Ramesh Gowda,1997-10-27,1,1,0,2019-09-13
10531,27,539,12,3,KGID110530,Raghavendra Devaraj,2001-09-06,1,4,0,2014-06-18
10532,27,539,12,3,KGID110531,Santosh Bhandari,1982-11-30,1,6,0,2013-09-10
10533,27,539,12,3,KGID110532,Nagaraj Naik,1998-01-18,1,1,0,2019-06-01
10534,27,540,8,2,KGID110533,Srinivas Hegde,1981-08-07,1,7,0,2003-04-09
10535,27,540,9,1,KGID110534,Sunita Poojary,1980-12-11,2,8,0,2016-12-08
10536,27,540,10,3,KGID110535,Raghavendra Achar,1982-03-14,1,1,0,2021-09-21
10537,27,540,10,3,KGID110536,Manjunath Reddy,2000-06-24,1,2,0,2012-06-16
10538,27,540,11,3,KGID110537,Mahesh Desai,1986-08-04,1,3,0,2008-10-26
10539,27,540,11,3,KGID110538,Lokesh Kulkarni,2000-05-29,1,8,0,2006-04-02
10540,27,540,11,3,KGID110539,Anand Achar,1977-07-23,1,7,0,2003-09-28
10541,27,540,11,3,KGID110540,Ramesh Shetty,1979-05-09,1,5,0,2001-12-10
10542,27,540,11,3,KGID110541,Manoj Hiremath,1997-11-16,1,4,0,2006-12-29
10543,27,540,11,3,KGID110542,Manoj Desai,1982-04-28,1,6,0,2019-09-23
10544,27,540,11,3,KGID110543,Shivakumar Achar,1979-08-11,1,7,0,2019-12-20
10545,27,540,11,3,KGID110544,Chandrashekar Kulkarni,1987-09-18,1,6,0,2012-10-09
10546,27,540,12,3,KGID110545,Lokesh Gowda,1993-10-10,1,6,0,2004-04-05
10547,27,540,12,3,KGID110546,Ravi Gowda,2003-09-29,1,5,0,2011-11-06
10548,27,540,12,3,KGID110547,Kavya Gowda,1984-12-31,2,1,0,2000-07-21
10549,27,540,12,3,KGID110548,Suresh Kamath,1986-02-26,1,8,0,2014-01-03
10550,27,540,12,3,KGID110549,Prakash Achar,1996-06-07,1,8,0,2019-05-18
10551,27,540,12,3,KGID110550,Santosh Iyer,2001-01-02,1,5,0,2012-03-17
10552,27,540,12,3,KGID110551,Yogesh Nayak,1989-10-21,1,3,0,2016-03-13
10553,27,540,12,3,KGID110552,Anand Bhandari,1990-08-18,1,2,0,2019-07-21
10554,27,540,12,3,KGID110553,Pradeep Devaraj,1986-01-13,1,7,0,2013-04-28
10555,27,540,12,3,KGID110554,Mahesh Bhat,2002-03-18,1,7,0,2006-08-08
10556,27,540,12,3,KGID110555,Rajesh Shetty,1981-11-16,1,3,0,2011-12-21
10557,27,540,12,3,KGID110556,Nandini Bhandari,1983-04-03,2,8,0,2007-08-27
10558,27,540,12,3,KGID110557,Basavaraj Achar,1985-08-08,1,4,0,2020-04-25
10559,27,540,12,3,KGID110558,Basavaraj Hiremath,1993-11-01,1,1,0,2007-03-30
10560,27,541,8,2,KGID110559,Dinesh Naik,1991-11-21,1,3,0,2014-09-28
10561,27,541,8,2,KGID110560,Pradeep Hiremath,1997-02-07,1,1,0,2019-03-15
10562,27,541,9,1,KGID110561,Suresh Jadhav,1986-03-23,1,8,0,2001-04-02
10563,27,541,10,3,KGID110562,Yogesh Gowda,1990-09-10,1,8,0,2015-06-25
10564,27,541,10,3,KGID110563,Pradeep Achar,1984-07-26,1,2,0,2003-12-20
10565,27,541,10,3,KGID110564,Prakash Kulkarni,1993-11-09,1,2,0,2003-10-22
10566,27,541,11,3,KGID110565,Srinivas Hiremath,1996-06-21,1,8,0,2010-06-13
10567,27,541,11,3,KGID110566,Radha Hiremath,1997-10-17,2,5,0,1995-09-10
10568,27,541,11,3,KGID110567,Ramesh Bhandari,1992-06-18,1,6,0,2021-11-17
10569,27,541,11,3,KGID110568,Sandeep Patil,1978-07-08,1,2,0,2000-05-18
10570,27,541,11,3,KGID110569,Harish Devaraj,2001-08-09,1,2,0,2004-08-28
10571,27,541,11,3,KGID110570,Shivakumar Patil,1995-06-25,1,4,0,2020-08-24
10572,27,541,11,3,KGID110571,Sandeep Hiremath,1975-09-18,1,2,0,2019-11-16
10573,27,541,11,3,KGID110572,Raghavendra Bhandari,1976-05-15,1,2,0,1998-12-19
10574,27,541,12,3,KGID110573,Lokesh Desai,1992-11-14,1,3,0,2023-12-04
10575,27,541,12,3,KGID110574,Manjunath Achar,1990-06-29,1,5,0,2007-07-10
10576,27,541,12,3,KGID110575,Suresh Naik,2003-02-12,1,6,0,2010-08-11
10577,27,541,12,3,KGID110576,Prakash Reddy,1981-08-17,1,3,0,2014-07-11
10578,27,541,12,3,KGID110577,Krishna Jadhav,2000-02-23,1,2,0,2015-10-15
10579,27,541,12,3,KGID110578,Naveen Nayak,1991-06-02,1,4,0,2014-05-06
10580,27,541,12,3,KGID110579,Raghavendra Jadhav,1994-03-07,1,6,0,2013-04-26
10581,27,541,12,3,KGID110580,Nagaraj Bhandari,1980-09-21,1,4,0,2017-04-23
10582,27,541,12,3,KGID110581,Nandini Jadhav,1993-04-01,2,2,0,2018-09-19
10583,27,541,12,3,KGID110582,Savitri Kulkarni,2001-06-17,2,6,0,2005-08-30
10584,27,542,8,2,KGID110583,Raghavendra Kulkarni,1978-02-25,1,7,0,1997-10-07
10585,27,542,9,2,KGID110584,Ramesh Bhat,1993-07-24,1,2,0,2008-03-19
10586,27,542,9,1,KGID110585,Mahesh Desai,1989-08-20,1,7,0,2010-10-01
10587,27,542,10,3,KGID110586,Sandeep Gowda,1997-09-18,1,7,0,2002-05-30
10588,27,542,10,3,KGID110587,Lokesh Nayak,1991-01-12,1,8,0,2005-08-18
10589,27,542,10,3,KGID110588,Nagaraj Iyer,1995-04-28,1,8,0,2019-07-28
10590,27,542,11,3,KGID110589,Shivakumar Patil,1983-03-18,1,2,0,2006-04-26
10591,27,542,11,3,KGID110590,Dinesh Shetty,1985-03-13,1,4,0,1996-09-03
10592,27,542,11,3,KGID110591,Ravi Patil,1995-02-27,1,5,0,2005-05-31
10593,27,542,11,3,KGID110592,Gopal Kulkarni,1986-11-13,1,8,0,2012-03-15
10594,27,542,11,3,KGID110593,Shivakumar Kamath,1999-03-19,1,6,0,2015-08-18
10595,27,542,11,3,KGID110594,Suresh Kamath,1982-06-24,1,8,0,2021-08-21
10596,27,542,11,3,KGID110595,Prakash Reddy,1992-11-26,1,7,0,2007-08-15
10597,27,542,12,3,KGID110596,Basavaraj Kamath,2004-07-23,1,4,0,2016-07-02
10598,27,542,12,3,KGID110597,Pallavi Shetty,2000-05-15,2,1,0,2011-03-11
10599,27,542,12,3,KGID110598,Mahesh Nayak,1990-10-09,1,6,0,2020-04-16
10600,27,542,12,3,KGID110599,Geetha Poojary,1983-09-20,2,2,0,2019-05-26
10601,27,542,12,3,KGID110600,Rekha Nayak,1996-03-20,2,6,0,2005-09-15
10602,27,542,12,3,KGID110601,Vijay Gowda,1999-05-24,1,6,0,2001-11-17
10603,27,542,12,3,KGID110602,Kiran Achar,1996-05-01,1,8,0,2022-12-05
10604,27,542,12,3,KGID110603,Rajesh Bhandari,1983-01-09,1,7,0,2003-10-28
10605,27,542,12,3,KGID110604,Harish Hegde,2004-07-13,1,4,0,2000-06-12
10606,27,542,12,3,KGID110605,Mahesh Reddy,1996-12-14,1,3,0,2005-05-20
10607,27,542,12,3,KGID110606,Anand Rao,1983-10-22,1,7,0,2000-03-28
10608,27,542,12,3,KGID110607,Ramesh Rao,2004-03-21,1,6,0,2011-04-01
10609,27,542,12,3,KGID110608,Pradeep Nayak,1995-12-16,1,2,0,2009-04-28
10610,27,543,9,2,KGID110609,Girish Rao,1981-10-26,1,2,0,2023-08-13
10611,27,543,9,2,KGID110610,Pradeep Kulkarni,1982-09-22,1,5,0,2020-05-14
10612,27,543,9,1,KGID110611,Srinivas Nayak,1994-01-26,1,4,0,2008-04-06
10613,27,543,10,3,KGID110612,Vinay Reddy,1979-04-02,1,8,0,2008-10-16
10614,27,543,10,3,KGID110613,Shivakumar Naik,1998-08-21,1,6,0,2023-06-21
10615,27,543,10,3,KGID110614,Girish Kumar,1977-03-26,1,7,0,2003-07-02
10616,27,543,11,3,KGID110615,Nandini Jadhav,1987-12-17,2,8,0,2012-08-23
10617,27,543,11,3,KGID110616,Harish Shetty,1979-08-27,1,3,0,2022-04-30
10618,27,543,11,3,KGID110617,Vijay Bhandari,1992-07-16,1,4,0,2011-04-02
10619,27,543,11,3,KGID110618,Manjunath Naik,1975-04-20,1,3,0,2021-05-02
10620,27,543,12,3,KGID110619,Suresh Shetty,1987-11-10,1,4,0,2005-08-22
10621,27,543,12,3,KGID110620,Harish Kamath,1982-05-11,1,4,0,2009-07-06
10622,27,543,12,3,KGID110621,Vijay Jadhav,1990-04-07,1,5,0,2016-07-05
10623,27,543,12,3,KGID110622,Mahesh Desai,1986-12-25,1,2,0,2002-04-04
10624,27,543,12,3,KGID110623,Kavya Kamath,1983-10-31,2,7,0,2016-11-11
10625,27,543,12,3,KGID110624,Ramesh Iyer,1989-01-10,1,4,0,2011-08-15
10626,27,543,12,3,KGID110625,Vijay Hiremath,1993-06-29,1,3,0,2011-09-01
10627,27,543,12,3,KGID110626,Chandrashekar Bhandari,1999-10-07,1,8,0,2010-01-01
10628,27,543,12,3,KGID110627,Sandeep Devaraj,1989-09-11,1,3,0,2022-04-05
10629,27,543,12,3,KGID110628,Sandeep Kulkarni,1988-08-02,1,1,0,2022-05-17
10630,27,543,12,3,KGID110629,Dinesh Naik,1998-05-31,1,5,0,2006-11-22
10631,27,543,12,3,KGID110630,Basavaraj Gowda,1997-06-23,1,2,0,2002-09-04
10632,27,543,12,3,KGID110631,Basavaraj Patil,1993-08-08,1,5,0,2011-11-30
10633,27,543,12,3,KGID110632,Anand Achar,2002-10-09,1,8,0,2003-10-06
10634,27,543,12,3,KGID110633,Sowmya Nayak,1983-03-15,2,3,0,2015-11-04
10635,27,544,9,2,KGID110634,Shivakumar Hiremath,1976-11-20,1,1,0,2020-04-05
10636,27,544,8,2,KGID110635,Deepa Rao,1992-02-11,2,2,0,2017-11-17
10637,27,544,9,1,KGID110636,Manjunath Reddy,1983-01-05,1,5,0,2005-06-10
10638,27,544,10,3,KGID110637,Manoj Devaraj,1996-12-07,1,4,0,2020-03-27
10639,27,544,10,3,KGID110638,Ravi Kamath,1977-03-14,1,1,0,2008-09-13
10640,27,544,10,3,KGID110639,Vijay Naik,1985-10-28,1,2,0,2008-10-01
10641,27,544,11,3,KGID110640,Mahesh Shetty,1991-04-02,1,3,0,2014-07-03
10642,27,544,11,3,KGID110641,Manoj Bhat,1975-07-20,1,4,0,2015-01-01
10643,27,544,11,3,KGID110642,Kavya Iyer,1989-07-26,2,5,0,2010-04-21
10644,27,544,11,3,KGID110643,Dinesh Rao,1975-03-12,1,2,0,2007-07-04
10645,27,544,11,3,KGID110644,Mahesh Reddy,1986-10-09,1,3,0,2003-03-24
10646,27,544,11,3,KGID110645,Yogesh Kumar,1994-01-27,1,5,0,2014-06-07
10647,27,544,12,3,KGID110646,Basavaraj Kulkarni,2002-02-04,1,5,0,2009-09-30
10648,27,544,12,3,KGID110647,Nagaveni Nayak,1983-05-29,2,1,0,2011-06-23
10649,27,544,12,3,KGID110648,Ramesh Achar,2001-02-16,1,7,0,2007-08-06
10650,27,544,12,3,KGID110649,Gopal Poojary,1981-07-08,1,1,0,2017-07-11
10651,27,544,12,3,KGID110650,Anand Nayak,2002-10-24,1,8,0,2015-12-08
10652,27,544,12,3,KGID110651,Chandrashekar Rao,1982-10-24,1,3,0,2023-07-09
10653,27,544,12,3,KGID110652,Suresh Shetty,1980-05-24,1,2,0,2020-04-05
10654,27,544,12,3,KGID110653,Prakash Naik,1995-02-19,1,5,0,2016-05-15
10655,27,545,9,5,KGID110654,Suresh Bhandari,1977-04-20,1,7,0,2018-06-23
10656,27,545,8,5,KGID110655,Kiran Bhandari,1983-08-03,1,8,0,2022-05-12
10657,27,545,9,1,KGID110656,Vijay Gowda,1995-10-18,1,7,0,2021-05-14
10658,27,545,9,1,KGID110657,Shwetha Bhandari,1985-08-08,2,4,0,2007-12-02
10659,27,545,10,3,KGID110658,Kiran Achar,1980-12-08,1,5,0,2011-09-24
10660,27,545,10,3,KGID110659,Manjunath Jadhav,1987-09-09,1,2,0,2017-05-25
10661,27,545,11,3,KGID110660,Nagaraj Kulkarni,1991-07-19,1,3,0,1995-06-01
10662,27,545,11,3,KGID110661,Prakash Hiremath,1984-05-03,1,5,0,1997-04-01
10663,27,545,11,3,KGID110662,Chandrashekar Rao,1978-08-10,1,4,0,1996-05-16
10664,27,545,11,3,KGID110663,Suresh Kamath,1996-06-20,1,5,0,1997-05-03
10665,27,545,11,3,KGID110664,Manjunath Achar,1984-06-06,1,5,0,2009-05-03
10666,27,545,12,3,KGID110665,Vani Bhandari,2001-08-25,2,2,0,2010-12-10
10667,27,545,12,3,KGID110666,Pradeep Reddy,1983-09-20,1,3,0,2010-09-25
10668,27,545,12,3,KGID110667,Srinivas Hiremath,1981-02-07,1,1,0,2018-05-19
10669,27,545,12,3,KGID110668,Basavaraj Naik,2002-09-20,1,7,0,2014-05-01
10670,27,545,12,3,KGID110669,Chandrashekar Desai,1997-04-07,1,6,0,2000-06-05
10671,27,545,12,3,KGID110670,Sandeep Poojary,1991-07-02,1,8,0,2017-05-21
10672,27,545,12,3,KGID110671,Yogesh Devaraj,1997-02-22,1,2,0,2000-10-11
10673,27,545,12,3,KGID110672,Dinesh Iyer,1987-09-11,1,1,0,2004-05-25
10674,27,546,8,6,KGID110673,Girish Poojary,1997-04-01,1,1,0,2003-10-01
10675,27,546,9,6,KGID110674,Manjunath Patil,1984-05-05,1,3,0,2020-07-07
10676,27,546,9,1,KGID110675,Raghavendra Hiremath,1998-09-06,1,2,0,2018-10-09
10677,27,546,10,3,KGID110676,Vinay Bhat,1999-08-04,1,6,0,2017-05-19
10678,27,546,10,3,KGID110677,Gopal Devaraj,1988-05-31,1,1,0,1999-09-04
10679,27,546,10,3,KGID110678,Shwetha Nayak,1982-11-06,2,3,0,2008-07-20
10680,27,546,11,3,KGID110679,Srinivas Rao,1990-03-12,1,3,0,2014-05-18
10681,27,546,11,3,KGID110680,Vinay Poojary,1976-12-17,1,8,0,2021-10-17
10682,27,546,11,3,KGID110681,Girish Hegde,1991-05-07,1,8,0,1997-06-26
10683,27,546,11,3,KGID110682,Shivakumar Kumar,1979-12-07,1,8,0,2004-09-26
10684,27,546,12,3,KGID110683,Shivakumar Naik,1987-05-22,1,2,0,2020-06-03
10685,27,546,12,3,KGID110684,Manjunath Shetty,1998-01-24,1,6,0,2009-06-17
10686,27,546,12,3,KGID110685,Gopal Nayak,2000-03-30,1,6,0,2020-05-28
10687,27,546,12,3,KGID110686,Shivakumar Iyer,1982-01-13,1,5,0,2006-08-27
10688,27,546,12,3,KGID110687,Vinay Nayak,1984-02-15,1,8,0,2009-10-29
10689,27,546,12,3,KGID110688,Ramesh Bhandari,1998-02-24,1,3,0,2003-03-30
10690,27,546,12,3,KGID110689,Krishna Kamath,2002-08-15,1,3,0,2007-10-23
10691,27,546,12,3,KGID110690,Dinesh Bhandari,1989-03-03,1,7,0,2018-06-30
10692,27,546,12,3,KGID110691,Mahesh Gowda,1983-07-31,1,2,0,2023-06-22
10693,27,546,12,3,KGID110692,Vijay Poojary,2002-06-15,1,6,0,2012-07-16
10694,27,546,12,3,KGID110693,Nagaraj Bhat,1993-12-25,1,2,0,2016-07-22
10695,27,546,12,3,KGID110694,Mahesh Poojary,1987-01-29,1,1,0,2022-12-07
10696,27,546,12,3,KGID110695,Harish Kumar,1983-05-09,1,4,0,2008-10-02
10697,27,546,12,3,KGID110696,Manoj Shetty,2004-12-16,1,1,0,2006-08-20
10698,27,546,12,3,KGID110697,Yogesh Hiremath,1981-06-08,1,3,0,2016-09-06
10699,27,546,12,3,KGID110698,Ravi Kamath,1997-06-05,1,8,0,2005-11-09
10700,27,546,12,3,KGID110699,Kavya Poojary,1990-10-15,2,4,0,2021-03-13
10701,27,547,8,4,KGID110700,Anand Naik,1984-07-25,1,1,0,2021-06-02
10702,27,547,9,1,KGID110701,Girish Iyer,1984-10-08,1,8,0,2020-07-19
10703,27,547,10,3,KGID110702,Shivakumar Hiremath,1999-12-28,1,8,0,2004-09-22
10704,27,547,10,3,KGID110703,Suresh Bhat,1985-12-11,1,6,0,2018-12-29
10705,27,547,11,3,KGID110704,Manoj Jadhav,1991-01-02,1,8,0,2003-11-13
10706,27,547,11,3,KGID110705,Lokesh Rao,1984-01-05,1,5,0,2022-07-20
10707,27,547,11,3,KGID110706,Krishna Shetty,1997-07-10,1,4,0,2012-08-22
10708,27,547,11,3,KGID110707,Naveen Patil,1996-01-22,1,3,0,1999-09-23
10709,27,547,11,3,KGID110708,Vijay Shetty,1996-01-05,1,4,0,2019-07-18
10710,27,547,12,3,KGID110709,Santosh Reddy,1998-06-17,1,3,0,2003-12-01
10711,27,547,12,3,KGID110710,Sandeep Desai,1991-03-19,1,5,0,2023-08-25
10712,27,547,12,3,KGID110711,Prakash Kumar,1984-09-15,1,1,0,2023-04-15
10713,27,547,12,3,KGID110712,Ravi Jadhav,1990-02-16,1,8,0,2000-03-29
10714,27,547,12,3,KGID110713,Shivakumar Shetty,1992-05-07,1,4,0,2007-08-03
10715,27,547,12,3,KGID110714,Nagaraj Kulkarni,1984-10-05,1,5,0,2000-09-05
10716,27,547,12,3,KGID110715,Vijay Naik,2003-12-02,1,4,0,2002-12-01
10717,27,547,12,3,KGID110716,Girish Desai,1992-11-27,1,6,0,2017-06-17
10718,27,547,12,3,KGID110717,Santosh Bhat,2004-07-29,1,2,0,2022-09-12
10719,28,551,8,2,KGID110718,Anand Devaraj,1985-09-12,1,6,0,1998-05-08
10720,28,551,9,2,KGID110719,Nagaraj Hegde,1977-09-14,1,1,0,2010-10-11
10721,28,551,9,1,KGID110720,Ramesh Hegde,1995-06-01,1,3,0,2023-10-08
10722,28,551,10,3,KGID110721,Krishna Kulkarni,1988-02-29,1,3,0,2004-11-01
10723,28,551,10,3,KGID110722,Srinivas Devaraj,1986-12-28,1,1,0,2019-10-01
10724,28,551,11,3,KGID110723,Umesh Patil,1979-05-07,1,1,0,2013-11-24
10725,28,551,11,3,KGID110724,Ravi Bhandari,1983-09-12,1,7,0,2004-08-24
10726,28,551,11,3,KGID110725,Harish Poojary,1987-03-31,1,5,0,2005-07-07
10727,28,551,11,3,KGID110726,Dinesh Patil,1990-03-05,1,8,0,2002-04-14
10728,28,551,11,3,KGID110727,Rajesh Jadhav,2000-09-15,1,5,0,2018-10-21
10729,28,551,11,3,KGID110728,Anand Devaraj,1978-10-19,1,4,0,2020-09-16
10730,28,551,11,3,KGID110729,Pradeep Naik,1999-09-05,1,1,0,1995-09-14
10731,28,551,11,3,KGID110730,Chandrashekar Gowda,1992-10-16,1,4,0,2004-07-21
10732,28,551,12,3,KGID110731,Gopal Iyer,2000-03-07,1,8,0,2018-01-03
10733,28,551,12,3,KGID110732,Nagaraj Reddy,2004-10-11,1,1,0,2023-05-16
10734,28,551,12,3,KGID110733,Chandrashekar Kamath,1982-10-15,1,4,0,2013-07-06
10735,28,551,12,3,KGID110734,Santosh Kumar,1992-01-06,1,5,0,2010-10-15
10736,28,551,12,3,KGID110735,Yogesh Hegde,1989-08-18,1,1,0,2014-09-08
10737,28,551,12,3,KGID110736,Pallavi Achar,1993-02-27,2,4,0,2010-10-30
10738,28,551,12,3,KGID110737,Pradeep Hegde,1981-03-17,1,3,0,2008-06-24
10739,28,551,12,3,KGID110738,Krishna Poojary,1990-02-07,1,8,0,2016-05-23
10740,28,551,12,3,KGID110739,Santosh Bhandari,1996-04-01,1,2,0,2006-11-22
10741,28,551,12,3,KGID110740,Pradeep Poojary,2004-09-09,1,5,0,2008-07-04
10742,28,551,12,3,KGID110741,Ravi Kumar,1995-09-03,1,4,0,2021-08-03
10743,28,551,12,3,KGID110742,Raghavendra Rao,1987-05-14,1,6,0,2001-03-26
10744,28,551,12,3,KGID110743,Prakash Hiremath,1980-09-30,1,5,0,2000-05-16
10745,28,551,12,3,KGID110744,Ravi Jadhav,1980-10-08,1,6,0,2006-08-15
10746,28,551,12,3,KGID110745,Nandini Iyer,1997-04-26,2,3,0,2023-10-01
10747,28,551,12,3,KGID110746,Harish Patil,1980-12-16,1,7,0,2022-08-09
10748,28,551,12,3,KGID110747,Roopa Bhat,1987-01-17,2,7,0,2012-11-18
10749,28,552,9,2,KGID110748,Lokesh Kumar,1996-10-03,1,8,0,1996-10-31
10750,28,552,9,2,KGID110749,Anand Hiremath,1996-02-01,1,5,0,2006-03-31
10751,28,552,9,1,KGID110750,Ravi Reddy,1992-02-02,1,2,0,2012-08-22
10752,28,552,9,1,KGID110751,Anand Patil,1982-01-21,1,4,0,2022-05-30
10753,28,552,10,3,KGID110752,Umesh Reddy,1988-09-27,1,3,0,2002-06-25
10754,28,552,10,3,KGID110753,Mahesh Iyer,1991-06-02,1,6,0,1999-10-06
10755,28,552,10,3,KGID110754,Basavaraj Hegde,1989-02-03,1,6,0,2008-05-20
10756,28,552,11,3,KGID110755,Vinay Jadhav,1999-05-07,1,5,0,2019-05-12
10757,28,552,11,3,KGID110756,Suresh Bhat,1982-01-27,1,5,0,2018-05-09
10758,28,552,11,3,KGID110757,Santosh Iyer,1993-06-29,1,4,0,2020-05-17
10759,28,552,11,3,KGID110758,Raghavendra Desai,1988-01-14,1,1,0,2007-08-13
10760,28,552,11,3,KGID110759,Srinivas Patil,1979-05-07,1,3,0,2015-01-02
10761,28,552,11,3,KGID110760,Lokesh Naik,1997-02-16,1,1,0,2007-05-18
10762,28,552,12,3,KGID110761,Mahesh Devaraj,1990-12-07,1,1,0,2020-12-20
10763,28,552,12,3,KGID110762,Dinesh Hiremath,2000-09-29,1,7,0,2019-07-05
10764,28,552,12,3,KGID110763,Pradeep Jadhav,1984-04-24,1,2,0,2023-12-02
10765,28,552,12,3,KGID110764,Chandrashekar Iyer,1995-04-06,1,5,0,2003-08-01
10766,28,552,12,3,KGID110765,Shobha Kamath,2002-10-06,2,7,0,2015-10-07
10767,28,552,12,3,KGID110766,Santosh Jadhav,2003-06-03,1,3,0,2004-11-25
10768,28,552,12,3,KGID110767,Manoj Kamath,2001-05-09,1,6,0,2001-10-18
10769,28,552,12,3,KGID110768,Mahesh Kulkarni,1982-12-03,1,3,0,2006-06-10
10770,28,552,12,3,KGID110769,Shivakumar Achar,1983-03-20,1,8,0,2010-05-03
10771,28,553,9,2,KGID110770,Chandrashekar Hegde,1979-08-17,1,8,0,2002-03-29
10772,28,553,9,1,KGID110771,Lokesh Kumar,1983-07-17,1,2,0,2013-05-22
10773,28,553,10,3,KGID110772,Raghavendra Hiremath,1981-05-10,1,2,0,2001-11-01
10774,28,553,10,3,KGID110773,Girish Desai,1987-01-01,1,8,0,2010-09-26
10775,28,553,10,3,KGID110774,Pradeep Kulkarni,1986-10-24,1,4,0,2001-06-11
10776,28,553,11,3,KGID110775,Mahesh Patil,1989-04-19,1,6,0,2020-09-05
10777,28,553,11,3,KGID110776,Raghavendra Naik,1978-03-03,1,8,0,2016-06-13
10778,28,553,11,3,KGID110777,Dinesh Jadhav,1997-12-15,1,3,0,2001-10-09
10779,28,553,11,3,KGID110778,Sowmya Iyer,1979-12-29,2,7,0,2008-08-01
10780,28,553,11,3,KGID110779,Lokesh Reddy,1993-11-24,1,5,0,2003-09-04
10781,28,553,12,3,KGID110780,Santosh Patil,1981-11-17,1,5,0,2000-11-02
10782,28,553,12,3,KGID110781,Rajesh Bhat,2002-08-21,1,3,0,2018-11-23
10783,28,553,12,3,KGID110782,Vinay Hegde,1996-07-16,1,5,0,2000-11-08
10784,28,553,12,3,KGID110783,Vijay Poojary,2000-07-14,1,3,0,2022-12-05
10785,28,553,12,3,KGID110784,Vinay Patil,1993-12-04,1,6,0,2022-09-26
10786,28,553,12,3,KGID110785,Kiran Jadhav,1980-02-29,1,4,0,2002-10-29
10787,28,553,12,3,KGID110786,Nagaraj Reddy,1995-10-23,1,8,0,2007-09-02
10788,28,553,12,3,KGID110787,Vinay Kamath,2004-05-22,1,8,0,2008-11-28
10789,28,553,12,3,KGID110788,Pallavi Naik,2000-09-10,2,4,0,2011-11-12
10790,28,553,12,3,KGID110789,Santosh Devaraj,2000-07-31,1,2,0,2018-10-02
10791,28,553,12,3,KGID110790,Pradeep Patil,1984-05-21,1,2,0,2005-10-21
10792,28,554,8,2,KGID110791,Umesh Kamath,1986-10-19,1,7,0,2014-07-28
10793,28,554,9,1,KGID110792,Umesh Kumar,1999-11-20,1,8,0,2018-05-07
10794,28,554,10,3,KGID110793,Raghavendra Gowda,1999-03-25,1,3,0,2002-04-07
10795,28,554,10,3,KGID110794,Girish Patil,1999-02-12,1,6,0,2005-08-21
10796,28,554,10,3,KGID110795,Prakash Desai,1998-03-02,1,7,0,1997-05-03
10797,28,554,11,3,KGID110796,Nagaraj Achar,1990-02-09,1,4,0,2011-11-20
10798,28,554,11,3,KGID110797,Harish Iyer,1984-06-20,1,1,0,2015-06-21
10799,28,554,11,3,KGID110798,Ravi Achar,1991-07-01,1,3,0,2005-06-22
10800,28,554,11,3,KGID110799,Sandeep Devaraj,1994-06-25,1,3,0,1997-05-04
10801,28,554,11,3,KGID110800,Manjunath Patil,1976-12-09,1,4,0,2007-05-11
10802,28,554,11,3,KGID110801,Girish Kumar,1988-09-12,1,4,0,2012-08-10
10803,28,554,11,3,KGID110802,Dinesh Desai,1998-11-21,1,1,0,2001-10-27
10804,28,554,11,3,KGID110803,Yogesh Hiremath,1976-08-19,1,4,0,2013-07-30
10805,28,554,12,3,KGID110804,Vinay Bhandari,1986-02-09,1,8,0,2005-12-27
10806,28,554,12,3,KGID110805,Manoj Shetty,2002-12-28,1,4,0,2016-12-14
10807,28,554,12,3,KGID110806,Geetha Hiremath,1986-03-05,2,6,0,2020-06-09
10808,28,554,12,3,KGID110807,Ramesh Naik,1999-02-26,1,7,0,2009-06-15
10809,28,554,12,3,KGID110808,Deepa Desai,2004-03-06,2,8,0,2017-12-19
10810,28,554,12,3,KGID110809,Ravi Poojary,1982-02-13,1,3,0,2021-08-07
10811,28,554,12,3,KGID110810,Anand Achar,2003-07-14,1,4,0,2014-10-17
10812,28,554,12,3,KGID110811,Shwetha Iyer,1989-08-19,2,2,0,2022-03-23
10813,28,554,12,3,KGID110812,Radha Hiremath,1996-08-08,2,3,0,2014-11-27
10814,28,554,12,3,KGID110813,Pradeep Bhat,1984-10-10,1,6,0,2000-09-04
10815,28,554,12,3,KGID110814,Anand Naik,1997-05-17,1,7,0,2017-08-31
10816,28,554,12,3,KGID110815,Gopal Naik,1989-05-09,1,5,0,2004-04-19
10817,28,554,12,3,KGID110816,Sunita Gowda,1998-04-09,2,7,0,2001-11-24
10818,28,554,12,3,KGID110817,Ravi Kulkarni,2004-07-28,1,7,0,2004-07-10
10819,28,554,12,3,KGID110818,Mahesh Hiremath,2004-01-28,1,8,0,2015-04-16
10820,28,554,12,3,KGID110819,Pallavi Hegde,1983-06-03,2,4,0,2004-12-07
10821,28,554,12,3,KGID110820,Sunita Naik,2001-12-08,2,2,0,2004-10-05
10822,28,555,8,2,KGID110821,Nagaraj Gowda,1994-01-22,1,5,0,2011-03-27
10823,28,555,9,1,KGID110822,Dinesh Poojary,1993-02-28,1,5,0,2007-09-16
10824,28,555,10,3,KGID110823,Kavya Gowda,1982-01-06,2,7,0,2003-06-06
10825,28,555,10,3,KGID110824,Shobha Shetty,1993-04-17,2,3,0,2000-10-20
10826,28,555,10,3,KGID110825,Shivakumar Desai,1989-09-23,1,3,0,2009-07-27
10827,28,555,11,3,KGID110826,Pradeep Iyer,2000-07-20,1,1,0,2004-10-31
10828,28,555,11,3,KGID110827,Ramesh Reddy,1984-02-23,1,1,0,1997-04-09
10829,28,555,11,3,KGID110828,Yogesh Poojary,1989-07-09,1,8,0,1996-05-28
10830,28,555,11,3,KGID110829,Yogesh Kumar,1977-05-19,1,4,0,2006-04-23
10831,28,555,11,3,KGID110830,Girish Kamath,1985-02-24,1,8,0,2015-04-22
10832,28,555,11,3,KGID110831,Girish Reddy,2000-06-20,1,6,0,2001-06-04
10833,28,555,11,3,KGID110832,Ramesh Devaraj,1983-04-10,1,4,0,2011-07-08
10834,28,555,11,3,KGID110833,Manoj Patil,1975-02-20,1,8,0,2023-05-27
10835,28,555,12,3,KGID110834,Manjunath Devaraj,2005-01-04,1,1,0,2017-04-10
10836,28,555,12,3,KGID110835,Nagaraj Shetty,1987-04-09,1,2,0,2023-11-18
10837,28,555,12,3,KGID110836,Girish Bhat,2004-12-31,1,4,0,2012-04-07
10838,28,555,12,3,KGID110837,Raghavendra Rao,1987-07-30,1,6,0,2003-03-29
10839,28,555,12,3,KGID110838,Vijay Devaraj,2002-08-18,1,4,0,2021-05-21
10840,28,555,12,3,KGID110839,Pradeep Hiremath,1990-06-24,1,4,0,2023-11-13
10841,28,555,12,3,KGID110840,Vijay Kumar,1993-05-09,1,7,0,2002-03-21
10842,28,555,12,3,KGID110841,Shobha Nayak,1982-02-04,2,7,0,2016-06-30
10843,28,555,12,3,KGID110842,Suresh Nayak,1986-10-05,1,3,0,2002-06-03
10844,28,555,12,3,KGID110843,Manjunath Kamath,1986-12-31,1,4,0,2016-01-01
10845,28,555,12,3,KGID110844,Manjunath Hiremath,1994-03-28,1,5,0,2005-04-21
10846,28,555,12,3,KGID110845,Pallavi Devaraj,1999-08-17,2,4,0,2014-07-03
10847,28,555,12,3,KGID110846,Harish Patil,1999-07-30,1,3,0,2005-07-09
10848,28,555,12,3,KGID110847,Shobha Bhandari,1987-06-18,2,4,0,2005-07-20
10849,28,555,12,3,KGID110848,Prakash Naik,1981-02-23,1,7,0,2007-10-16
10850,28,556,9,2,KGID110849,Dinesh Naik,1980-07-18,1,1,0,2019-11-14
10851,28,556,8,2,KGID110850,Pushpa Rao,1987-03-11,2,6,0,2022-11-24
10852,28,556,9,1,KGID110851,Raghavendra Patil,1985-12-30,1,5,0,2003-08-05
10853,28,556,9,1,KGID110852,Anitha Iyer,1995-08-19,2,6,0,2017-12-25
10854,28,556,10,3,KGID110853,Krishna Kulkarni,1983-07-09,1,4,0,1997-07-26
10855,28,556,10,3,KGID110854,Naveen Poojary,1993-03-04,1,1,0,2008-08-22
10856,28,556,10,3,KGID110855,Naveen Bhat,1989-12-18,1,2,0,2019-06-16
10857,28,556,11,3,KGID110856,Girish Bhandari,1980-09-12,1,6,0,1997-07-30
10858,28,556,11,3,KGID110857,Ramesh Rao,1976-08-02,1,1,0,2010-11-04
10859,28,556,11,3,KGID110858,Srinivas Jadhav,1994-05-31,1,4,0,2001-05-04
10860,28,556,11,3,KGID110859,Prakash Bhat,1989-09-19,1,3,0,1995-12-16
10861,28,556,12,3,KGID110860,Kiran Jadhav,1989-09-29,1,2,0,2009-08-14
10862,28,556,12,3,KGID110861,Anand Bhandari,1995-08-21,1,1,0,2006-04-28
10863,28,556,12,3,KGID110862,Raghavendra Naik,1986-11-20,1,1,0,2006-08-14
10864,28,556,12,3,KGID110863,Ramesh Hiremath,1999-07-16,1,3,0,2013-04-15
10865,28,556,12,3,KGID110864,Ravi Rao,1990-09-30,1,3,0,2020-09-16
10866,28,556,12,3,KGID110865,Lokesh Bhat,2004-09-09,1,5,0,2009-09-02
10867,28,556,12,3,KGID110866,Dinesh Nayak,1993-02-15,1,1,0,2016-09-23
10868,28,556,12,3,KGID110867,Nandini Bhat,2001-06-07,2,1,0,2015-05-14
10869,28,556,12,3,KGID110868,Girish Desai,1991-12-24,1,2,0,2004-09-11
10870,28,556,12,3,KGID110869,Manjunath Gowda,1992-07-12,1,3,0,2007-07-27
10871,28,556,12,3,KGID110870,Chandrashekar Iyer,1982-12-07,1,5,0,2000-08-13
10872,28,556,12,3,KGID110871,Naveen Rao,2001-03-24,1,1,0,2002-09-24
10873,28,557,9,2,KGID110872,Umesh Gowda,1995-07-12,1,2,0,2018-07-25
10874,28,557,8,2,KGID110873,Kiran Kulkarni,1983-05-10,1,6,0,2004-04-20
10875,28,557,9,1,KGID110874,Ravi Poojary,1990-05-16,1,3,0,2003-12-22
10876,28,557,10,3,KGID110875,Shivakumar Kamath,1999-11-30,1,2,0,2009-04-28
10877,28,557,10,3,KGID110876,Srinivas Rao,1991-04-05,1,4,0,2003-12-19
10878,28,557,10,3,KGID110877,Harish Nayak,1993-06-13,1,8,0,2023-07-29
10879,28,557,11,3,KGID110878,Mahesh Naik,1978-02-24,1,6,0,2023-06-02
10880,28,557,11,3,KGID110879,Girish Bhandari,1989-07-29,1,4,0,2019-05-07
10881,28,557,11,3,KGID110880,Sowmya Hiremath,1978-11-25,2,3,0,2018-07-21
10882,28,557,11,3,KGID110881,Ramesh Gowda,1975-12-01,1,2,0,2007-04-07
10883,28,557,11,3,KGID110882,Vinay Bhat,1997-01-23,1,2,0,2014-08-27
10884,28,557,11,3,KGID110883,Lakshmi Hegde,1988-11-28,2,5,0,2017-04-28
10885,28,557,11,3,KGID110884,Vijay Iyer,1984-02-03,1,4,0,2014-05-06
10886,28,557,12,3,KGID110885,Manjula Hegde,1982-12-20,2,4,0,2019-05-15
10887,28,557,12,3,KGID110886,Dinesh Poojary,1982-11-13,1,6,0,2005-11-16
10888,28,557,12,3,KGID110887,Mahesh Reddy,1986-08-20,1,1,0,2006-12-25
10889,28,557,12,3,KGID110888,Srinivas Iyer,1994-11-02,1,7,0,2000-04-29
10890,28,557,12,3,KGID110889,Girish Hegde,1999-07-10,1,1,0,2022-09-27
10891,28,557,12,3,KGID110890,Ravi Iyer,1991-04-04,1,4,0,2018-10-23
10892,28,557,12,3,KGID110891,Anand Kumar,1988-08-18,1,4,0,2013-10-14
10893,28,557,12,3,KGID110892,Lokesh Iyer,1990-04-21,1,3,0,2013-05-21
10894,28,557,12,3,KGID110893,Manjunath Naik,1997-10-25,1,4,0,2011-06-27
10895,28,558,8,2,KGID110894,Ravi Iyer,1994-04-15,1,1,0,2010-10-09
10896,28,558,9,1,KGID110895,Sunita Bhandari,1988-07-30,2,7,0,2021-08-31
10897,28,558,10,3,KGID110896,Raghavendra Kamath,1981-08-12,1,8,0,2018-06-09
10898,28,558,10,3,KGID110897,Manjula Iyer,2000-05-08,2,7,0,2023-09-13
10899,28,558,10,3,KGID110898,Yogesh Nayak,1989-07-10,1,3,0,2013-10-27
10900,28,558,11,3,KGID110899,Gopal Bhat,1998-06-17,1,8,0,2005-11-15
10901,28,558,11,3,KGID110900,Manoj Gowda,1983-08-09,1,5,0,2020-03-18
10902,28,558,11,3,KGID110901,Raghavendra Desai,1983-12-17,1,3,0,2010-07-25
10903,28,558,11,3,KGID110902,Shwetha Poojary,1992-12-11,2,7,0,2003-04-26
10904,28,558,11,3,KGID110903,Umesh Kulkarni,1980-11-17,1,1,0,1996-04-13
10905,28,558,11,3,KGID110904,Srinivas Gowda,1987-08-26,1,1,0,2004-03-29
10906,28,558,12,3,KGID110905,Pushpa Kumar,1987-12-21,2,6,0,2019-12-18
10907,28,558,12,3,KGID110906,Prakash Achar,1990-05-18,1,4,0,2013-10-01
10908,28,558,12,3,KGID110907,Raghavendra Bhat,1999-02-21,1,1,0,2015-08-14
10909,28,558,12,3,KGID110908,Shwetha Bhandari,1994-08-05,2,2,0,2009-04-10
10910,28,558,12,3,KGID110909,Gopal Kulkarni,1993-02-23,1,8,0,2016-04-04
10911,28,558,12,3,KGID110910,Basavaraj Iyer,1983-02-04,1,1,0,2020-07-29
10912,28,558,12,3,KGID110911,Naveen Gowda,1995-10-26,1,4,0,2018-11-06
10913,28,558,12,3,KGID110912,Rajesh Achar,1980-05-16,1,1,0,2000-09-20
10914,28,558,12,3,KGID110913,Naveen Hegde,1995-07-28,1,3,0,2018-09-02
10915,28,558,12,3,KGID110914,Vinay Kumar,2001-08-12,1,8,0,2019-12-17
10916,28,558,12,3,KGID110915,Vijay Devaraj,1982-03-24,1,4,0,2013-09-14
10917,28,558,12,3,KGID110916,Raghavendra Achar,1989-12-04,1,7,0,2001-04-21
10918,28,558,12,3,KGID110917,Prakash Nayak,2004-09-03,1,1,0,2001-07-22
10919,28,559,8,2,KGID110918,Girish Poojary,1990-11-21,1,1,0,2016-03-18
10920,28,559,9,1,KGID110919,Sunita Kulkarni,1988-01-18,2,4,0,2008-10-22
10921,28,559,10,3,KGID110920,Pallavi Achar,1989-01-30,2,3,0,1999-06-11
10922,28,559,10,3,KGID110921,Shobha Poojary,1984-06-06,2,4,0,2012-04-07
10923,28,559,11,3,KGID110922,Umesh Patil,1976-11-24,1,1,0,2001-06-29
10924,28,559,11,3,KGID110923,Ramesh Bhandari,1976-02-04,1,5,0,2017-04-10
10925,28,559,11,3,KGID110924,Manoj Bhat,1995-01-28,1,5,0,2015-01-01
10926,28,559,11,3,KGID110925,Sandeep Poojary,1990-07-03,1,4,0,2021-07-16
10927,28,559,11,3,KGID110926,Manjunath Jadhav,1996-10-04,1,2,0,2004-03-16
10928,28,559,11,3,KGID110927,Rajesh Bhandari,1982-01-08,1,2,0,2004-12-03
10929,28,559,11,3,KGID110928,Sandeep Hiremath,1979-12-29,1,3,0,2021-03-14
10930,28,559,12,3,KGID110929,Sowmya Iyer,1990-02-13,2,7,0,2020-05-14
10931,28,559,12,3,KGID110930,Sandeep Poojary,1994-02-18,1,7,0,2006-05-27
10932,28,559,12,3,KGID110931,Kiran Devaraj,2002-01-07,1,5,0,2009-04-30
10933,28,559,12,3,KGID110932,Raghavendra Shetty,1993-06-29,1,8,0,2012-05-19
10934,28,559,12,3,KGID110933,Raghavendra Jadhav,1994-03-07,1,2,0,2007-10-04
10935,28,559,12,3,KGID110934,Rajesh Kumar,1987-11-12,1,3,0,2007-12-30
10936,28,559,12,3,KGID110935,Dinesh Nayak,1993-07-12,1,6,0,2007-08-20
10937,28,559,12,3,KGID110936,Vinay Naik,1998-07-25,1,8,0,2018-06-18
10938,28,559,12,3,KGID110937,Manjunath Shetty,1981-08-09,1,2,0,2003-03-21
10939,28,559,12,3,KGID110938,Raghavendra Naik,1991-07-03,1,5,0,2019-04-23
10940,28,559,12,3,KGID110939,Manjunath Rao,1996-07-27,1,1,0,2015-09-18
10941,28,559,12,3,KGID110940,Basavaraj Bhandari,1999-06-05,1,5,0,2013-11-15
10942,28,559,12,3,KGID110941,Pradeep Hegde,1986-03-18,1,4,0,2019-06-10
10943,28,560,8,2,KGID110942,Girish Kamath,1978-07-18,1,2,0,2020-11-28
10944,28,560,8,2,KGID110943,Prakash Bhat,1993-10-21,1,5,0,2009-05-29
10945,28,560,9,1,KGID110944,Lokesh Jadhav,1988-01-18,1,8,0,2021-11-19
10946,28,560,9,1,KGID110945,Anand Iyer,1994-10-20,1,4,0,2016-11-03
10947,28,560,10,3,KGID110946,Nagaraj Desai,1978-09-23,1,1,0,2018-05-01
10948,28,560,10,3,KGID110947,Manoj Jadhav,2000-02-23,1,2,0,2009-11-06
10949,28,560,11,3,KGID110948,Chandrashekar Reddy,1984-07-05,1,8,0,2014-09-09
10950,28,560,11,3,KGID110949,Anand Kulkarni,1993-04-17,1,4,0,1996-11-15
10951,28,560,11,3,KGID110950,Basavaraj Bhandari,1978-04-04,1,8,0,1996-08-01
10952,28,560,11,3,KGID110951,Anand Iyer,1996-04-22,1,2,0,2015-06-19
10953,28,560,11,3,KGID110952,Dinesh Jadhav,1989-12-07,1,7,0,2008-07-09
10954,28,560,12,3,KGID110953,Naveen Kamath,2000-05-21,1,1,0,2001-08-15
10955,28,560,12,3,KGID110954,Chandrashekar Kumar,2003-09-14,1,1,0,2004-11-06
10956,28,560,12,3,KGID110955,Yogesh Naik,2002-11-12,1,5,0,2020-11-12
10957,28,560,12,3,KGID110956,Santosh Desai,1982-05-02,1,5,0,2006-05-11
10958,28,560,12,3,KGID110957,Manoj Gowda,1993-10-31,1,3,0,2020-05-10
10959,28,560,12,3,KGID110958,Harish Patil,1997-03-24,1,7,0,2008-12-08
10960,28,560,12,3,KGID110959,Shivakumar Hiremath,2001-06-04,1,2,0,2019-03-13
10961,28,560,12,3,KGID110960,Chandrashekar Desai,1990-05-09,1,7,0,2020-03-11
10962,28,560,12,3,KGID110961,Chandrashekar Naik,1981-09-02,1,7,0,2021-06-10
10963,28,560,12,3,KGID110962,Anand Devaraj,1994-04-02,1,5,0,2002-04-14
10964,28,560,12,3,KGID110963,Vani Kamath,2000-08-13,2,7,0,2013-12-06
10965,28,560,12,3,KGID110964,Anand Devaraj,1993-09-17,1,6,0,2007-06-04
10966,28,560,12,3,KGID110965,Jayashree Achar,1991-07-25,2,8,0,2018-04-26
10967,28,560,12,3,KGID110966,Naveen Iyer,1997-11-13,1,5,0,2013-06-30
10968,28,560,12,3,KGID110967,Manjunath Patil,1990-04-08,1,3,0,2017-10-02
10969,28,561,8,2,KGID110968,Ravi Poojary,1980-06-14,1,4,0,2007-07-01
10970,28,561,9,1,KGID110969,Manoj Bhandari,1983-01-31,1,8,0,2013-06-05
10971,28,561,9,1,KGID110970,Harish Poojary,1998-01-07,1,3,0,2014-06-30
10972,28,561,10,3,KGID110971,Manjula Rao,1978-09-14,2,4,0,2014-10-06
10973,28,561,10,3,KGID110972,Ravi Gowda,1995-04-12,1,6,0,2007-05-09
10974,28,561,11,3,KGID110973,Yogesh Rao,1999-09-22,1,6,0,2011-10-04
10975,28,561,11,3,KGID110974,Prakash Patil,1989-11-10,1,5,0,2007-10-04
10976,28,561,11,3,KGID110975,Ramesh Nayak,1984-08-24,1,3,0,2000-04-26
10977,28,561,11,3,KGID110976,Ramesh Kumar,1990-02-20,1,3,0,1998-08-02
10978,28,561,11,3,KGID110977,Nagaraj Kulkarni,1978-07-04,1,4,0,2019-05-07
10979,28,561,12,3,KGID110978,Mahesh Kumar,1982-10-09,1,2,0,2022-12-21
10980,28,561,12,3,KGID110979,Nandini Kamath,1983-03-04,2,6,0,2016-05-26
10981,28,561,12,3,KGID110980,Pradeep Devaraj,1985-01-20,1,1,0,2002-05-12
10982,28,561,12,3,KGID110981,Naveen Hegde,1982-10-04,1,6,0,2016-07-04
10983,28,561,12,3,KGID110982,Rekha Achar,1984-09-03,2,4,0,2002-06-30
10984,28,561,12,3,KGID110983,Raghavendra Poojary,1998-02-01,1,1,0,2003-04-18
10985,28,561,12,3,KGID110984,Umesh Kumar,1986-12-05,1,6,0,2011-04-13
10986,28,561,12,3,KGID110985,Pradeep Naik,1991-11-18,1,5,0,2017-05-29
10987,28,562,9,5,KGID110986,Naveen Nayak,1994-02-18,1,3,0,2023-08-07
10988,28,562,9,1,KGID110987,Vijay Bhandari,1982-08-31,1,4,0,2011-06-28
10989,28,562,9,1,KGID110988,Lokesh Achar,1989-05-10,1,6,0,2021-05-18
10990,28,562,10,3,KGID110989,Ravi Hiremath,1992-03-12,1,5,0,2004-08-21
10991,28,562,10,3,KGID110990,Basavaraj Hiremath,1986-10-27,1,1,0,2008-05-19
10992,28,562,10,3,KGID110991,Raghavendra Gowda,1996-04-28,1,1,0,2009-11-29
10993,28,562,11,3,KGID110992,Lokesh Nayak,1980-08-19,1,1,0,1998-06-30
10994,28,562,11,3,KGID110993,Radha Achar,1982-04-09,2,2,0,2020-05-05
10995,28,562,11,3,KGID110994,Basavaraj Nayak,1985-07-22,1,6,0,2009-07-14
10996,28,562,11,3,KGID110995,Harish Naik,1998-06-22,1,2,0,2014-10-12
10997,28,562,11,3,KGID110996,Pradeep Kamath,1985-12-16,1,6,0,2007-10-12
10998,28,562,11,3,KGID110997,Geetha Patil,1984-02-13,2,3,0,2013-10-28
10999,28,562,12,3,KGID110998,Rajesh Achar,1982-07-09,1,4,0,2005-07-31
11000,28,562,12,3,KGID110999,Gopal Jadhav,1987-11-17,1,5,0,2000-05-10
11001,28,562,12,3,KGID111000,Ramesh Kulkarni,1991-03-12,1,1,0,2022-11-12
11002,28,562,12,3,KGID111001,Lokesh Hegde,1985-02-15,1,4,0,2022-07-18
11003,28,562,12,3,KGID111002,Chandrashekar Hegde,1983-11-09,1,7,0,2004-09-08
11004,28,562,12,3,KGID111003,Mahesh Nayak,2002-08-27,1,7,0,2003-09-19
11005,28,562,12,3,KGID111004,Nagaraj Devaraj,1992-01-17,1,6,0,2005-12-09
11006,28,562,12,3,KGID111005,Chandrashekar Desai,1986-12-21,1,2,0,2005-10-13
11007,28,562,12,3,KGID111006,Raghavendra Desai,1994-04-09,1,7,0,2015-12-30
11008,28,562,12,3,KGID111007,Ramesh Hegde,1988-02-08,1,6,0,2016-12-21
11009,28,562,12,3,KGID111008,Gopal Kulkarni,1991-12-16,1,5,0,2023-04-28
11010,28,562,12,3,KGID111009,Pradeep Poojary,1989-05-31,1,5,0,2007-07-11
11011,28,563,8,6,KGID111010,Santosh Nayak,1987-07-21,1,7,0,2005-09-10
11012,28,563,9,1,KGID111011,Ravi Reddy,1990-06-15,1,3,0,2006-12-07
11013,28,563,10,3,KGID111012,Vinay Poojary,1979-03-05,1,6,0,2009-06-03
11014,28,563,10,3,KGID111013,Kiran Kamath,1978-05-03,1,6,0,2002-06-30
11015,28,563,10,3,KGID111014,Vinay Reddy,1996-01-22,1,4,0,2002-05-10
11016,28,563,11,3,KGID111015,Anand Hegde,1980-11-10,1,5,0,1995-10-23
11017,28,563,11,3,KGID111016,Ravi Hegde,1994-02-16,1,8,0,1996-05-13
11018,28,563,11,3,KGID111017,Vijay Bhat,1989-03-02,1,8,0,1998-06-09
11019,28,563,11,3,KGID111018,Girish Kamath,1982-12-09,1,5,0,2011-11-13
11020,28,563,11,3,KGID111019,Basavaraj Desai,1976-03-07,1,7,0,2016-09-05
11021,28,563,12,3,KGID111020,Vinay Hiremath,2002-06-28,1,2,0,2017-04-22
11022,28,563,12,3,KGID111021,Kavya Rao,1990-10-24,2,6,0,2019-07-14
11023,28,563,12,3,KGID111022,Naveen Devaraj,1988-11-10,1,7,0,2012-09-20
11024,28,563,12,3,KGID111023,Prakash Hiremath,1984-07-01,1,1,0,2016-04-15
11025,28,563,12,3,KGID111024,Pradeep Poojary,1993-08-22,1,1,0,2018-12-17
11026,28,563,12,3,KGID111025,Suresh Naik,1985-09-05,1,8,0,2004-06-18
11027,28,563,12,3,KGID111026,Shivakumar Gowda,1981-09-01,1,7,0,2005-09-19
11028,28,563,12,3,KGID111027,Krishna Hiremath,1989-05-22,1,3,0,2018-09-21
11029,28,563,12,3,KGID111028,Manjula Jadhav,1993-12-02,2,7,0,2020-09-02
11030,28,563,12,3,KGID111029,Prakash Gowda,1990-03-13,1,4,0,2010-03-26
11031,28,563,12,3,KGID111030,Prakash Desai,2000-10-15,1,4,0,2016-01-03
11032,28,563,12,3,KGID111031,Pradeep Devaraj,1987-11-29,1,4,0,2013-07-24
11033,28,563,12,3,KGID111032,Yogesh Nayak,2000-08-26,1,1,0,2003-06-13
11034,28,563,12,3,KGID111033,Radha Kulkarni,1985-08-16,2,2,0,2023-08-02
11035,28,563,12,3,KGID111034,Vijay Kulkarni,2002-11-08,1,4,0,2005-06-29
11036,28,563,12,3,KGID111035,Vinay Naik,2003-06-09,1,6,0,2001-09-11
11037,28,564,8,4,KGID111036,Ramesh Rao,1991-12-22,1,4,0,2022-07-08
11038,28,564,8,4,KGID111037,Vijay Rao,1992-05-22,1,4,0,2005-11-09
11039,28,564,9,1,KGID111038,Mahesh Reddy,1996-06-12,1,7,0,2008-11-06
11040,28,564,9,1,KGID111039,Pradeep Iyer,1982-12-09,1,5,0,2002-05-13
11041,28,564,10,3,KGID111040,Harish Hegde,1998-08-13,1,4,0,2014-10-30
11042,28,564,10,3,KGID111041,Chandrashekar Naik,1996-02-01,1,3,0,2020-07-25
11043,28,564,10,3,KGID111042,Raghavendra Poojary,1980-10-17,1,8,0,2014-04-26
11044,28,564,11,3,KGID111043,Roopa Bhat,1997-04-30,2,2,0,2021-03-26
11045,28,564,11,3,KGID111044,Sowmya Kulkarni,2000-09-22,2,8,0,2001-07-12
11046,28,564,11,3,KGID111045,Vijay Devaraj,1985-01-02,1,2,0,2006-04-28
11047,28,564,11,3,KGID111046,Srinivas Shetty,1988-05-13,1,7,0,2004-09-14
11048,28,564,11,3,KGID111047,Dinesh Iyer,1983-08-10,1,8,0,2000-03-13
11049,28,564,11,3,KGID111048,Naveen Kumar,1997-12-12,1,1,0,2017-07-25
11050,28,564,12,3,KGID111049,Vijay Patil,2001-11-07,1,4,0,2015-06-05
11051,28,564,12,3,KGID111050,Girish Hiremath,1986-09-16,1,7,0,2016-11-27
11052,28,564,12,3,KGID111051,Girish Iyer,1983-08-17,1,3,0,2005-10-29
11053,28,564,12,3,KGID111052,Suresh Nayak,1985-10-02,1,2,0,2008-11-09
11054,28,564,12,3,KGID111053,Umesh Gowda,1999-03-29,1,4,0,2013-11-12
11055,28,564,12,3,KGID111054,Manoj Nayak,2002-06-10,1,1,0,2015-12-14
11056,28,564,12,3,KGID111055,Basavaraj Kumar,1985-01-18,1,2,0,2009-06-15
11057,28,564,12,3,KGID111056,Vinay Hegde,1987-12-31,1,2,0,2010-12-18
11058,28,564,12,3,KGID111057,Srinivas Bhandari,1984-04-23,1,2,0,2019-11-29
11059,28,564,12,3,KGID111058,Manjunath Hiremath,1992-10-25,1,6,0,2015-08-10
11060,28,564,12,3,KGID111059,Manoj Devaraj,2002-01-29,1,2,0,2010-06-05
11061,28,564,12,3,KGID111060,Yogesh Iyer,2004-03-02,1,7,0,2004-07-02
11062,28,564,12,3,KGID111061,Vinay Hegde,2002-11-30,1,2,0,2003-09-12
11063,28,564,12,3,KGID111062,Vinay Bhandari,1999-03-06,1,4,0,2016-11-16
11064,28,564,12,3,KGID111063,Pradeep Rao,1981-04-22,1,4,0,2003-10-20
11065,28,564,12,3,KGID111064,Krishna Desai,1985-06-19,1,3,0,2016-08-15
11066,28,564,12,3,KGID111065,Sandeep Kulkarni,1991-10-16,1,2,0,2000-08-22
11067,29,569,8,2,KGID111066,Krishna Rao,1979-11-25,1,8,0,2010-07-27
11068,29,569,9,2,KGID111067,Kiran Reddy,1992-01-07,1,5,0,2006-05-08
11069,29,569,9,1,KGID111068,Pradeep Naik,1992-06-20,1,1,0,2014-04-11
11070,29,569,9,1,KGID111069,Ravi Achar,1994-02-02,1,5,0,2012-08-10
11071,29,569,10,3,KGID111070,Dinesh Kulkarni,1977-02-25,1,7,0,2002-06-26
11072,29,569,10,3,KGID111071,Manoj Desai,1998-05-01,1,6,0,2019-05-01
11073,29,569,11,3,KGID111072,Girish Poojary,1996-03-18,1,6,0,2020-10-27
11074,29,569,11,3,KGID111073,Vinay Bhandari,1988-08-13,1,4,1,2015-11-10
11075,29,569,11,3,KGID111074,Girish Jadhav,1999-07-03,1,3,0,2005-01-06
11076,29,569,11,3,KGID111075,Anitha Reddy,2001-09-07,2,4,0,2022-03-09
11077,29,569,11,3,KGID111076,Nagaraj Poojary,1995-06-25,1,7,0,2015-08-04
11078,29,569,11,3,KGID111077,Mahesh Bhandari,1983-02-13,1,6,0,2022-06-23
11079,29,569,11,3,KGID111078,Ravi Poojary,1978-08-19,1,7,0,1999-08-23
11080,29,569,12,3,KGID111079,Manjunath Iyer,1995-08-02,1,8,0,2010-07-01
11081,29,569,12,3,KGID111080,Suresh Gowda,1983-03-22,1,3,0,2019-09-07
11082,29,569,12,3,KGID111081,Lokesh Jadhav,1998-08-18,1,5,0,2005-11-03
11083,29,569,12,3,KGID111082,Manjula Rao,1994-07-25,2,3,0,2022-05-04
11084,29,569,12,3,KGID111083,Gopal Nayak,2004-09-27,1,5,0,2001-05-03
11085,29,569,12,3,KGID111084,Krishna Iyer,2004-01-01,1,7,0,2022-01-01
11086,29,569,12,3,KGID111085,Santosh Achar,1986-05-08,1,5,0,2008-12-11
11087,29,569,12,3,KGID111086,Basavaraj Reddy,1985-07-02,1,2,0,2014-08-03
11088,29,569,12,3,KGID111087,Srinivas Rao,1986-06-16,1,7,0,2002-04-15
11089,29,569,12,3,KGID111088,Sandeep Devaraj,1986-05-23,1,6,0,2005-09-09
11090,29,569,12,3,KGID111089,Basavaraj Shetty,1998-07-07,1,2,0,2008-11-02
11091,29,569,12,3,KGID111090,Nagaraj Kulkarni,1980-02-02,1,5,0,2011-12-19
11092,29,569,12,3,KGID111091,Prakash Gowda,1994-05-19,1,1,0,2013-04-08
11093,29,569,12,3,KGID111092,Roopa Patil,1993-08-04,2,3,0,2014-05-14
11094,29,570,9,2,KGID111093,Kiran Jadhav,1982-09-13,1,5,0,2008-03-20
11095,29,570,9,1,KGID111094,Rajesh Gowda,1998-01-12,1,4,0,2022-10-19
11096,29,570,9,1,KGID111095,Ramesh Hiremath,1983-05-03,1,7,0,2003-12-12
11097,29,570,10,3,KGID111096,Rajesh Reddy,1985-04-16,1,3,0,2000-09-09
11098,29,570,10,3,KGID111097,Rajesh Bhat,1999-03-07,1,6,0,2001-11-15
11099,29,570,11,3,KGID111098,Radha Reddy,1996-10-08,2,7,0,2019-10-01
11100,29,570,11,3,KGID111099,Raghavendra Reddy,1999-05-20,1,7,0,1995-07-10
11101,29,570,11,3,KGID111100,Pushpa Rao,1978-01-14,2,1,0,2007-04-15
11102,29,570,11,3,KGID111101,Basavaraj Nayak,1982-03-23,1,3,0,1997-11-29
11103,29,570,11,3,KGID111102,Jayashree Patil,1984-10-06,2,5,0,2003-12-19
11104,29,570,11,3,KGID111103,Basavaraj Kulkarni,1989-01-18,1,6,0,2001-05-05
11105,29,570,12,3,KGID111104,Dinesh Bhandari,2004-10-29,1,5,0,2001-09-22
11106,29,570,12,3,KGID111105,Vani Poojary,1989-01-17,2,8,0,2009-11-26
11107,29,570,12,3,KGID111106,Srinivas Reddy,1984-03-15,1,2,0,2000-12-14
11108,29,570,12,3,KGID111107,Girish Rao,1990-12-20,1,8,0,2020-04-10
11109,29,570,12,3,KGID111108,Harish Desai,1998-11-09,1,5,0,2010-08-11
11110,29,570,12,3,KGID111109,Pradeep Bhat,2002-04-06,1,8,0,2007-11-11
11111,29,570,12,3,KGID111110,Krishna Naik,1983-07-05,1,3,0,2021-06-25
11112,29,570,12,3,KGID111111,Basavaraj Patil,1992-08-28,1,5,0,2013-03-24
11113,29,570,12,3,KGID111112,Vijay Achar,2002-05-08,1,2,0,2010-09-02
11114,29,570,12,3,KGID111113,Raghavendra Gowda,1985-12-28,1,4,0,2006-07-11
11115,29,570,12,3,KGID111114,Roopa Iyer,1998-10-26,2,6,0,2012-09-13
11116,29,570,12,3,KGID111115,Naveen Gowda,1981-07-11,1,6,0,2017-05-19
11117,29,570,12,3,KGID111116,Kiran Devaraj,2005-01-04,1,3,1,2003-06-08
11118,29,570,12,3,KGID111117,Yogesh Hegde,1999-10-27,1,7,0,2012-03-20
11119,29,571,8,2,KGID111118,Kiran Gowda,1983-11-28,1,2,0,2022-06-17
11120,29,571,8,2,KGID111119,Santosh Reddy,1975-09-16,1,3,0,2004-01-05
11121,29,571,9,1,KGID111120,Santosh Shetty,1994-09-03,1,8,0,2012-08-01
11122,29,571,10,3,KGID111121,Kiran Iyer,1992-07-29,1,7,0,2017-05-28
11123,29,571,10,3,KGID111122,Krishna Kumar,1996-06-22,1,3,0,2008-07-30
11124,29,571,11,3,KGID111123,Vinay Iyer,1989-09-19,1,7,0,2007-10-14
11125,29,571,11,3,KGID111124,Basavaraj Nayak,1996-09-13,1,5,0,2004-05-02
11126,29,571,11,3,KGID111125,Srinivas Bhandari,1988-01-17,1,7,0,2000-12-13
11127,29,571,11,3,KGID111126,Gopal Patil,1976-05-23,1,1,0,2005-10-01
11128,29,571,11,3,KGID111127,Manoj Kulkarni,1998-07-11,1,2,0,2003-12-23
11129,29,571,11,3,KGID111128,Mahesh Bhat,2000-04-10,1,4,0,1997-11-30
11130,29,571,11,3,KGID111129,Nagaraj Patil,1991-03-21,1,6,0,2001-04-10
11131,29,571,12,3,KGID111130,Kiran Kamath,1998-02-21,1,3,0,2019-12-03
11132,29,571,12,3,KGID111131,Basavaraj Nayak,1984-07-04,1,6,1,2016-08-17
11133,29,571,12,3,KGID111132,Ravi Naik,2002-07-27,1,7,0,2018-04-06
11134,29,571,12,3,KGID111133,Nagaveni Kulkarni,1988-06-14,2,4,0,2020-07-26
11135,29,571,12,3,KGID111134,Kiran Kamath,1983-10-09,1,7,0,2015-06-12
11136,29,571,12,3,KGID111135,Girish Hiremath,1985-10-15,1,7,0,2007-05-30
11137,29,571,12,3,KGID111136,Chandrashekar Bhandari,2001-10-04,1,4,0,2001-06-06
11138,29,571,12,3,KGID111137,Chandrashekar Nayak,2003-07-27,1,3,0,2014-05-21
11139,29,571,12,3,KGID111138,Manoj Jadhav,1985-08-24,1,3,0,2014-10-24
11140,29,571,12,3,KGID111139,Shivakumar Bhat,2002-04-18,1,2,0,2017-10-16
11141,29,572,9,2,KGID111140,Harish Jadhav,1985-03-12,1,3,0,2021-04-30
11142,29,572,9,1,KGID111141,Prakash Hegde,1994-03-04,1,7,0,2009-10-03
11143,29,572,9,1,KGID111142,Ravi Rao,1999-03-28,1,3,0,2011-05-31
11144,29,572,10,3,KGID111143,Umesh Naik,1993-12-02,1,2,0,2010-07-07
11145,29,572,10,3,KGID111144,Manoj Shetty,1992-12-09,1,5,0,2014-12-30
11146,29,572,11,3,KGID111145,Dinesh Kamath,1998-05-07,1,8,0,2011-01-03
11147,29,572,11,3,KGID111146,Vijay Poojary,1986-05-11,1,5,0,2008-09-17
11148,29,572,11,3,KGID111147,Suresh Jadhav,1987-12-26,1,7,0,2015-10-19
11149,29,572,11,3,KGID111148,Mahesh Shetty,1978-08-13,1,6,0,2008-04-09
11150,29,572,11,3,KGID111149,Geetha Reddy,1980-08-27,2,3,0,2016-12-27
11151,29,572,11,3,KGID111150,Dinesh Iyer,1992-11-09,1,5,0,2013-09-02
11152,29,572,11,3,KGID111151,Harish Bhat,1998-04-24,1,1,0,2008-12-30
11153,29,572,11,3,KGID111152,Manjunath Achar,1975-10-22,1,3,0,1995-10-26
11154,29,572,12,3,KGID111153,Vinay Gowda,1985-09-19,1,5,0,2018-10-03
11155,29,572,12,3,KGID111154,Girish Hiremath,1984-05-01,1,4,0,2014-03-17
11156,29,572,12,3,KGID111155,Shobha Iyer,2002-06-12,2,3,0,2019-09-01
11157,29,572,12,3,KGID111156,Gopal Kumar,1996-08-03,1,4,0,2023-10-23
11158,29,572,12,3,KGID111157,Pushpa Bhandari,2000-05-06,2,3,0,2010-12-26
11159,29,572,12,3,KGID111158,Vijay Naik,1986-11-19,1,7,0,2010-07-22
11160,29,572,12,3,KGID111159,Rajesh Iyer,1998-02-21,1,2,0,2007-06-30
11161,29,572,12,3,KGID111160,Kiran Hegde,1986-04-26,1,2,0,2010-06-13
11162,29,572,12,3,KGID111161,Rajesh Gowda,2004-07-24,1,8,0,2007-09-03
11163,29,572,12,3,KGID111162,Girish Iyer,2004-02-03,1,1,0,2014-06-26
11164,29,572,12,3,KGID111163,Shivakumar Kamath,1997-11-13,1,4,0,2006-04-07
11165,29,572,12,3,KGID111164,Nagaraj Kamath,1990-07-08,1,5,0,2016-09-14
11166,29,573,9,2,KGID111165,Lokesh Rao,1977-02-12,1,5,0,2016-09-27
11167,29,573,9,1,KGID111166,Umesh Gowda,1992-09-30,1,7,0,2000-07-24
11168,29,573,10,3,KGID111167,Girish Hiremath,1984-08-15,1,1,0,2014-09-02
11169,29,573,10,3,KGID111168,Dinesh Rao,1992-04-28,1,8,0,2000-11-23
11170,29,573,10,3,KGID111169,Pradeep Devaraj,2000-06-19,1,6,0,2011-08-30
11171,29,573,11,3,KGID111170,Kiran Poojary,1988-05-07,1,3,0,1998-04-03
11172,29,573,11,3,KGID111171,Prakash Reddy,1985-07-12,1,8,0,2001-07-30
11173,29,573,11,3,KGID111172,Pushpa Achar,2000-11-19,2,1,0,2020-04-07
11174,29,573,11,3,KGID111173,Shivakumar Devaraj,1994-04-29,1,6,0,2023-07-22
11175,29,573,12,3,KGID111174,Harish Patil,1994-11-16,1,5,0,2013-08-18
11176,29,573,12,3,KGID111175,Manjunath Devaraj,1997-01-15,1,6,0,2006-06-06
11177,29,573,12,3,KGID111176,Naveen Reddy,1995-11-06,1,6,0,2016-03-25
11178,29,573,12,3,KGID111177,Manjunath Gowda,2002-08-23,1,2,0,2001-12-21
11179,29,573,12,3,KGID111178,Dinesh Devaraj,1986-12-29,1,5,0,2012-12-18
11180,29,573,12,3,KGID111179,Manjula Iyer,1983-04-09,2,1,0,2020-06-02
11181,29,573,12,3,KGID111180,Kiran Hegde,1988-11-15,1,6,0,2022-06-13
11182,29,573,12,3,KGID111181,Girish Devaraj,1986-05-04,1,5,0,2019-06-13
11183,29,573,12,3,KGID111182,Raghavendra Desai,1991-07-03,1,7,0,2006-10-17
11184,29,573,12,3,KGID111183,Nagaraj Bhandari,1982-08-03,1,8,0,2006-08-30
11185,29,573,12,3,KGID111184,Dinesh Patil,2003-07-01,1,7,0,2022-11-02
11186,29,574,8,2,KGID111185,Mahesh Desai,1984-04-20,1,8,0,2014-03-11
11187,29,574,9,2,KGID111186,Shobha Bhandari,1994-03-15,2,8,0,2018-12-10
11188,29,574,9,1,KGID111187,Sandeep Bhat,1985-05-27,1,8,0,2013-07-11
11189,29,574,10,3,KGID111188,Umesh Poojary,1991-09-13,1,7,0,2020-09-28
11190,29,574,10,3,KGID111189,Rajesh Bhat,1998-11-22,1,4,0,2011-10-13
11191,29,574,10,3,KGID111190,Nandini Poojary,1996-03-03,2,3,0,1997-09-14
11192,29,574,11,3,KGID111191,Yogesh Bhandari,1983-02-13,1,4,0,2021-04-03
11193,29,574,11,3,KGID111192,Shivakumar Kamath,1978-02-18,1,4,0,2002-05-13
11194,29,574,11,3,KGID111193,Nagaraj Kumar,1987-02-20,1,4,0,2019-05-04
11195,29,574,11,3,KGID111194,Basavaraj Gowda,1977-07-29,1,8,0,2007-06-26
11196,29,574,12,3,KGID111195,Yogesh Kulkarni,1998-04-14,1,6,0,2005-08-31
11197,29,574,12,3,KGID111196,Vinay Bhat,1984-12-15,1,4,0,2009-03-12
11198,29,574,12,3,KGID111197,Girish Achar,1996-11-25,1,5,0,2020-09-30
11199,29,574,12,3,KGID111198,Shivakumar Naik,1982-10-11,1,7,0,2003-04-04
11200,29,574,12,3,KGID111199,Chandrashekar Nayak,1990-01-22,1,8,0,2019-12-31
11201,29,574,12,3,KGID111200,Santosh Desai,1982-07-21,1,6,0,2012-12-27
11202,29,574,12,3,KGID111201,Nagaraj Desai,1981-06-16,1,1,0,2023-07-21
11203,29,574,12,3,KGID111202,Lokesh Reddy,1989-04-24,1,4,0,2009-12-04
11204,29,574,12,3,KGID111203,Kiran Hegde,1981-10-13,1,6,0,2006-05-11
11205,29,574,12,3,KGID111204,Basavaraj Kamath,1988-07-10,1,7,0,2010-08-29
11206,29,574,12,3,KGID111205,Rekha Iyer,1980-03-01,2,5,0,2005-12-06
11207,29,575,9,2,KGID111206,Krishna Kumar,1975-06-03,1,7,0,1998-09-01
11208,29,575,9,1,KGID111207,Vijay Bhandari,1984-08-19,1,7,0,2001-08-18
11209,29,575,10,3,KGID111208,Ravi Gowda,1990-11-18,1,1,0,2002-05-31
11210,29,575,10,3,KGID111209,Santosh Iyer,1994-07-06,1,2,1,2000-04-08
11211,29,575,10,3,KGID111210,Suresh Kulkarni,1987-02-02,1,7,0,1997-05-12
11212,29,575,11,3,KGID111211,Santosh Gowda,1979-01-26,1,1,0,2015-07-01
11213,29,575,11,3,KGID111212,Vinay Patil,1979-05-23,1,6,0,2003-10-03
11214,29,575,11,3,KGID111213,Basavaraj Jadhav,1993-02-03,1,2,0,2019-11-21
11215,29,575,11,3,KGID111214,Rajesh Hiremath,2000-03-01,1,1,0,2014-09-03
11216,29,575,11,3,KGID111215,Umesh Bhat,1984-12-13,1,4,0,2006-04-30
11217,29,575,11,3,KGID111216,Manoj Achar,1992-11-15,1,1,0,1995-10-12
11218,29,575,11,3,KGID111217,Vinay Iyer,1996-06-05,1,7,0,2003-05-28
11219,29,575,12,3,KGID111218,Basavaraj Gowda,1988-03-24,1,7,0,2003-08-29
11220,29,575,12,3,KGID111219,Vijay Reddy,1995-04-09,1,1,0,2006-05-18
11221,29,575,12,3,KGID111220,Girish Achar,1980-03-30,1,6,0,2019-07-09
11222,29,575,12,3,KGID111221,Girish Jadhav,2000-10-19,1,5,0,2023-07-26
11223,29,575,12,3,KGID111222,Nagaraj Kumar,2003-09-09,1,6,0,2023-10-05
11224,29,575,12,3,KGID111223,Kiran Devaraj,2001-06-20,1,7,0,2021-07-13
11225,29,575,12,3,KGID111224,Manjula Kumar,1998-03-08,2,6,0,2023-08-08
11226,29,575,12,3,KGID111225,Vijay Shetty,1990-12-05,1,6,0,2021-09-18
11227,29,575,12,3,KGID111226,Ramesh Poojary,1991-09-05,1,6,0,2012-08-09
11228,29,575,12,3,KGID111227,Rajesh Iyer,1987-01-20,1,5,0,2000-03-30
11229,29,575,12,3,KGID111228,Ravi Achar,1981-05-22,1,4,0,2010-10-06
11230,29,575,12,3,KGID111229,Girish Kulkarni,1995-04-22,1,1,0,2011-05-02
11231,29,575,12,3,KGID111230,Chandrashekar Kumar,1999-11-13,1,8,0,2001-05-08
11232,29,575,12,3,KGID111231,Manoj Patil,1998-10-29,1,8,0,2010-08-03
11233,29,575,12,3,KGID111232,Prakash Devaraj,1983-10-09,1,6,0,2012-07-03
11234,29,575,12,3,KGID111233,Anand Rao,1988-07-25,1,1,0,2023-10-31
11235,29,575,12,3,KGID111234,Chandrashekar Hegde,2004-11-11,1,1,0,2022-10-07
11236,29,576,8,2,KGID111235,Manoj Hegde,1978-03-20,1,5,0,2023-05-18
11237,29,576,9,1,KGID111236,Pushpa Kamath,1982-09-07,2,1,0,2015-01-04
11238,29,576,9,1,KGID111237,Sandeep Patil,1999-05-21,1,8,0,2002-05-09
11239,29,576,10,3,KGID111238,Vinay Iyer,1981-05-08,1,1,0,2022-09-27
11240,29,576,10,3,KGID111239,Dinesh Naik,1983-02-23,1,3,0,2007-10-12
11241,29,576,10,3,KGID111240,Harish Shetty,1988-02-01,1,8,0,1999-08-16
11242,29,576,11,3,KGID111241,Gopal Hiremath,1997-07-25,1,4,1,2008-04-29
11243,29,576,11,3,KGID111242,Shivakumar Shetty,1981-11-05,1,3,0,2020-08-15
11244,29,576,11,3,KGID111243,Girish Naik,1995-09-08,1,2,0,2018-11-18
11245,29,576,11,3,KGID111244,Krishna Hiremath,1995-04-02,1,3,0,1999-06-26
11246,29,576,11,3,KGID111245,Mahesh Kumar,1987-10-14,1,2,0,2016-07-12
11247,29,576,11,3,KGID111246,Raghavendra Desai,1992-10-02,1,6,0,2010-11-16
11248,29,576,11,3,KGID111247,Basavaraj Hegde,1983-05-27,1,6,0,2006-04-03
11249,29,576,11,3,KGID111248,Raghavendra Devaraj,1995-12-03,1,7,0,2006-08-28
11250,29,576,12,3,KGID111249,Shivakumar Poojary,1995-04-20,1,4,0,2007-09-26
11251,29,576,12,3,KGID111250,Harish Hiremath,1989-11-20,1,1,0,2010-03-28
11252,29,576,12,3,KGID111251,Anand Achar,1989-05-20,1,7,0,2021-12-04
11253,29,576,12,3,KGID111252,Suresh Reddy,2003-06-18,1,4,0,2012-12-22
11254,29,576,12,3,KGID111253,Pradeep Naik,1981-08-09,1,8,0,2021-08-03
11255,29,576,12,3,KGID111254,Shivakumar Devaraj,1996-10-26,1,4,0,2021-12-22
11256,29,576,12,3,KGID111255,Shwetha Hegde,2002-10-01,2,5,0,2009-11-15
11257,29,576,12,3,KGID111256,Gopal Reddy,1986-02-22,1,3,0,2008-03-14
11258,29,576,12,3,KGID111257,Ramesh Jadhav,2003-04-02,1,6,0,2022-05-22
11259,29,576,12,3,KGID111258,Dinesh Kamath,1988-07-28,1,3,0,2004-11-24
11260,29,576,12,3,KGID111259,Pradeep Kulkarni,1983-01-30,1,7,0,2019-11-04
11261,29,576,12,3,KGID111260,Anand Hegde,1986-06-05,1,5,0,2022-09-08
11262,29,576,12,3,KGID111261,Vinay Achar,1988-06-03,1,2,0,2019-06-08
11263,29,576,12,3,KGID111262,Manjunath Jadhav,2001-07-21,1,7,0,2003-12-12
11264,29,576,12,3,KGID111263,Krishna Kamath,2004-09-06,1,1,0,2013-12-18
11265,29,576,12,3,KGID111264,Umesh Kumar,1989-04-11,1,5,0,2011-12-01
11266,29,576,12,3,KGID111265,Santosh Devaraj,1990-06-03,1,8,0,2009-12-26
11267,29,577,8,2,KGID111266,Dinesh Achar,1985-10-05,1,5,0,2008-08-05
11268,29,577,8,2,KGID111267,Vinay Kulkarni,1976-07-19,1,7,0,2022-05-18
11269,29,577,9,1,KGID111268,Manoj Jadhav,1981-04-06,1,4,0,2005-09-04
11270,29,577,10,3,KGID111269,Manjunath Poojary,1990-03-23,1,5,0,2016-12-28
11271,29,577,10,3,KGID111270,Shobha Bhat,1999-05-26,2,8,0,2021-03-08
11272,29,577,11,3,KGID111271,Raghavendra Gowda,1998-05-18,1,4,0,2021-08-26
11273,29,577,11,3,KGID111272,Ramesh Shetty,1984-05-22,1,2,0,2013-06-11
11274,29,577,11,3,KGID111273,Chandrashekar Poojary,1977-12-19,1,1,0,2020-05-09
11275,29,577,11,3,KGID111274,Dinesh Reddy,1996-05-27,1,7,0,2004-11-21
11276,29,577,11,3,KGID111275,Lokesh Bhat,1993-12-21,1,7,0,2004-04-19
11277,29,577,11,3,KGID111276,Raghavendra Jadhav,2000-01-05,1,2,0,2016-09-22
11278,29,577,12,3,KGID111277,Girish Bhandari,1997-10-02,1,4,0,2014-07-14
11279,29,577,12,3,KGID111278,Basavaraj Patil,1989-08-04,1,7,0,2000-11-02
11280,29,577,12,3,KGID111279,Nagaraj Desai,1986-04-29,1,2,0,2020-11-20
11281,29,577,12,3,KGID111280,Harish Kamath,1992-01-29,1,6,0,2009-04-13
11282,29,577,12,3,KGID111281,Suresh Poojary,1990-03-05,1,4,0,2019-04-02
11283,29,577,12,3,KGID111282,Vinay Hiremath,1992-02-01,1,2,0,2006-10-30
11284,29,577,12,3,KGID111283,Prakash Shetty,1980-02-21,1,2,0,2018-04-26
11285,29,577,12,3,KGID111284,Suresh Jadhav,1994-04-20,1,5,0,2018-07-20
11286,29,577,12,3,KGID111285,Umesh Kumar,1996-02-02,1,3,0,2018-11-17
11287,29,577,12,3,KGID111286,Manoj Rao,1987-10-09,1,2,0,2006-04-13
11288,29,577,12,3,KGID111287,Lokesh Devaraj,1995-05-14,1,4,0,2022-07-23
11289,29,578,8,5,KGID111288,Harish Devaraj,1993-07-28,1,4,0,2005-07-07
11290,29,578,9,1,KGID111289,Manoj Kamath,1991-08-13,1,3,0,2001-09-19
11291,29,578,9,1,KGID111290,Sandeep Gowda,1985-04-22,1,6,0,2003-11-12
11292,29,578,10,3,KGID111291,Rekha Nayak,2000-04-01,2,1,0,2005-03-27
11293,29,578,10,3,KGID111292,Naveen Hegde,1978-12-01,1,4,0,2011-05-14
11294,29,578,11,3,KGID111293,Ramesh Shetty,1994-07-02,1,6,0,2020-12-11
11295,29,578,11,3,KGID111294,Nagaraj Achar,1976-09-23,1,8,0,2014-09-18
11296,29,578,11,3,KGID111295,Raghavendra Gowda,1983-08-18,1,5,0,2021-07-10
11297,29,578,11,3,KGID111296,Mahesh Shetty,1987-08-22,1,8,0,2012-07-25
11298,29,578,11,3,KGID111297,Prakash Iyer,2000-11-06,1,2,0,2007-05-03
11299,29,578,11,3,KGID111298,Raghavendra Naik,2002-01-04,1,7,0,2011-10-01
11300,29,578,11,3,KGID111299,Gopal Rao,1998-10-10,1,7,0,1995-03-15
11301,29,578,11,3,KGID111300,Prakash Jadhav,1980-09-17,1,2,0,1999-06-24
11302,29,578,12,3,KGID111301,Raghavendra Reddy,1986-05-17,1,4,0,2009-06-11
11303,29,578,12,3,KGID111302,Ramesh Bhandari,1982-04-30,1,1,0,2013-12-17
11304,29,578,12,3,KGID111303,Naveen Shetty,1995-05-18,1,1,0,2012-07-10
11305,29,578,12,3,KGID111304,Harish Gowda,1998-01-18,1,2,0,2001-07-31
11306,29,578,12,3,KGID111305,Rajesh Kumar,1999-03-22,1,2,0,2023-12-08
11307,29,578,12,3,KGID111306,Prakash Bhat,1996-02-28,1,3,0,2016-08-13
11308,29,578,12,3,KGID111307,Prakash Naik,1999-11-26,1,1,0,2012-11-27
11309,29,578,12,3,KGID111308,Chandrashekar Achar,1987-03-27,1,6,0,2013-12-10
11310,29,578,12,3,KGID111309,Sandeep Kumar,1982-09-18,1,5,0,2013-06-16
11311,29,578,12,3,KGID111310,Raghavendra Bhat,2004-03-31,1,3,0,2000-11-18
11312,29,578,12,3,KGID111311,Anand Bhandari,1987-06-24,1,3,0,2023-06-10
11313,29,578,12,3,KGID111312,Manoj Gowda,1989-08-05,1,8,0,2015-04-28
11314,29,578,12,3,KGID111313,Raghavendra Kamath,1983-07-25,1,5,0,2018-10-24
11315,29,578,12,3,KGID111314,Chandrashekar Hegde,1984-04-06,1,2,0,2005-05-25
11316,29,578,12,3,KGID111315,Raghavendra Patil,2003-05-22,1,7,0,2011-03-20
11317,29,578,12,3,KGID111316,Nagaraj Reddy,1987-05-18,1,6,0,2023-11-26
11318,29,579,9,6,KGID111317,Harish Achar,1990-07-21,1,8,0,2014-11-09
11319,29,579,9,1,KGID111318,Raghavendra Iyer,1989-09-18,1,7,0,2023-08-14
11320,29,579,10,3,KGID111319,Lokesh Patil,1989-02-13,1,7,0,2005-04-19
11321,29,579,10,3,KGID111320,Girish Iyer,1996-02-15,1,1,0,2014-09-19
11322,29,579,11,3,KGID111321,Basavaraj Kulkarni,1981-07-15,1,5,0,2021-11-05
11323,29,579,11,3,KGID111322,Basavaraj Achar,1981-01-12,1,6,0,2020-06-20
11324,29,579,11,3,KGID111323,Ravi Iyer,2001-07-17,1,4,0,2010-06-08
11325,29,579,11,3,KGID111324,Pradeep Nayak,1981-12-10,1,7,0,2005-05-15
11326,29,579,11,3,KGID111325,Basavaraj Bhat,1989-09-26,1,7,0,2003-04-11
11327,29,579,11,3,KGID111326,Manjunath Kamath,1996-04-13,1,8,0,2009-06-18
11328,29,579,12,3,KGID111327,Shwetha Bhandari,1991-04-09,2,2,0,2021-09-11
11329,29,579,12,3,KGID111328,Kiran Devaraj,1984-12-21,1,1,0,2006-04-26
11330,29,579,12,3,KGID111329,Sandeep Achar,1987-03-15,1,6,0,2005-09-09
11331,29,579,12,3,KGID111330,Manjunath Kamath,2004-12-15,1,1,0,2000-09-02
11332,29,579,12,3,KGID111331,Shivakumar Hiremath,1990-03-31,1,5,0,2006-10-17
11333,29,579,12,3,KGID111332,Nagaraj Reddy,1999-12-29,1,1,0,2007-06-27
11334,29,579,12,3,KGID111333,Anitha Bhat,1995-04-16,2,7,0,2011-12-12
11335,29,579,12,3,KGID111334,Sandeep Poojary,1989-04-24,1,1,0,2021-11-18
11336,29,579,12,3,KGID111335,Naveen Hiremath,1990-10-25,1,6,0,2009-09-03
11337,29,579,12,3,KGID111336,Vinay Jadhav,1980-05-04,1,5,0,2009-05-07
11338,29,579,12,3,KGID111337,Pradeep Rao,2004-04-13,1,7,0,2012-10-12
11339,29,579,12,3,KGID111338,Basavaraj Achar,1985-04-15,1,1,0,2019-05-24
11340,29,579,12,3,KGID111339,Rekha Kamath,1989-06-01,2,7,0,2007-10-17
11341,29,580,8,4,KGID111340,Vijay Poojary,1988-11-17,1,1,0,1997-05-17
11342,29,580,9,1,KGID111341,Dinesh Kamath,1983-04-11,1,3,0,2008-04-19
11343,29,580,9,1,KGID111342,Kiran Reddy,1981-04-18,1,5,0,2011-05-25
11344,29,580,10,3,KGID111343,Harish Bhat,1981-07-12,1,8,0,2014-11-02
11345,29,580,10,3,KGID111344,Chandrashekar Kulkarni,1987-10-15,1,3,0,2011-03-20
11346,29,580,11,3,KGID111345,Mahesh Bhat,1983-11-02,1,6,0,2012-05-01
11347,29,580,11,3,KGID111346,Srinivas Bhandari,1999-08-26,1,4,0,2010-07-05
11348,29,580,11,3,KGID111347,Santosh Rao,1995-12-10,1,2,0,2004-07-14
11349,29,580,11,3,KGID111348,Dinesh Hegde,1975-09-14,1,1,0,2020-07-01
11350,29,580,12,3,KGID111349,Anand Shetty,1988-06-29,1,4,0,2012-08-23
11351,29,580,12,3,KGID111350,Kavya Kamath,1987-12-19,2,2,0,2010-04-25
11352,29,580,12,3,KGID111351,Umesh Achar,1999-07-05,1,8,0,2021-04-15
11353,29,580,12,3,KGID111352,Prakash Kulkarni,1983-06-15,1,6,0,2011-05-08
11354,29,580,12,3,KGID111353,Srinivas Kulkarni,2000-08-06,1,6,0,2002-12-15
11355,29,580,12,3,KGID111354,Santosh Nayak,2001-09-02,1,8,0,2003-03-25
11356,29,580,12,3,KGID111355,Suresh Devaraj,1983-03-20,1,5,0,2012-12-14
11357,29,580,12,3,KGID111356,Ravi Achar,1987-07-11,1,1,0,2003-12-10
11358,29,580,12,3,KGID111357,Raghavendra Hegde,1989-02-08,1,7,0,2001-04-17
11359,29,580,12,3,KGID111358,Deepa Achar,1996-04-13,2,6,0,2011-11-24
11360,29,580,12,3,KGID111359,Sandeep Gowda,1989-03-07,1,5,0,2017-08-07
11361,29,580,12,3,KGID111360,Geetha Shetty,1985-09-05,2,8,0,2006-08-24
11362,29,580,12,3,KGID111361,Umesh Shetty,1988-05-14,1,1,0,2023-09-07
11363,29,580,12,3,KGID111362,Vijay Reddy,2002-08-16,1,7,0,2021-11-06
11364,30,585,9,2,KGID111363,Vijay Rao,1975-12-22,1,2,0,1999-06-24
11365,30,585,9,2,KGID111364,Yogesh Gowda,1984-08-24,1,6,0,1997-06-18
11366,30,585,9,1,KGID111365,Suresh Naik,1990-10-15,1,1,0,2023-07-10
11367,30,585,10,3,KGID111366,Jayashree Gowda,1999-12-06,2,7,0,2007-10-21
11368,30,585,10,3,KGID111367,Rajesh Poojary,1997-11-06,1,8,0,2005-01-02
11369,30,585,10,3,KGID111368,Suresh Devaraj,1977-03-08,1,3,0,2022-03-10
11370,30,585,11,3,KGID111369,Santosh Nayak,1988-02-18,1,6,0,1996-06-11
11371,30,585,11,3,KGID111370,Pradeep Naik,1991-12-22,1,8,0,2003-08-25
11372,30,585,11,3,KGID111371,Umesh Kamath,1992-10-25,1,3,0,2003-07-12
11373,30,585,11,3,KGID111372,Shobha Gowda,1996-12-06,2,8,0,2016-07-20
11374,30,585,11,3,KGID111373,Shivakumar Bhandari,1993-01-25,1,4,0,1996-09-03
11375,30,585,12,3,KGID111374,Rajesh Shetty,1991-11-08,1,8,0,2003-04-22
11376,30,585,12,3,KGID111375,Manjula Patil,1994-05-21,2,7,0,2008-08-02
11377,30,585,12,3,KGID111376,Kiran Iyer,1991-10-24,1,5,0,2020-08-09
11378,30,585,12,3,KGID111377,Yogesh Patil,1988-01-18,1,7,0,2003-08-23
11379,30,585,12,3,KGID111378,Mahesh Kumar,1984-03-23,1,8,0,2001-09-15
11380,30,585,12,3,KGID111379,Anand Patil,1992-03-31,1,5,0,2018-06-13
11381,30,585,12,3,KGID111380,Lokesh Patil,1993-07-24,1,5,0,2002-12-23
11382,30,585,12,3,KGID111381,Dinesh Gowda,1991-01-02,1,2,0,2023-08-11
11383,30,585,12,3,KGID111382,Shivakumar Bhandari,1998-02-13,1,2,0,2016-05-14
11384,30,585,12,3,KGID111383,Kiran Patil,1999-04-13,1,4,0,2003-06-06
11385,30,585,12,3,KGID111384,Shivakumar Kulkarni,1988-04-20,1,1,0,2017-07-14
11386,30,586,8,2,KGID111385,Sandeep Bhandari,1994-06-04,1,5,0,2021-06-27
11387,30,586,9,1,KGID111386,Pradeep Reddy,1988-01-21,1,6,0,2016-07-21
11388,30,586,10,3,KGID111387,Ravi Poojary,2000-02-28,1,6,0,2014-10-17
11389,30,586,10,3,KGID111388,Vinay Gowda,1982-03-17,1,1,0,2013-08-14
11390,30,586,10,3,KGID111389,Harish Hiremath,1982-08-02,1,3,0,2006-10-19
11391,30,586,11,3,KGID111390,Umesh Bhandari,1981-07-24,1,7,0,1998-08-05
11392,30,586,11,3,KGID111391,Yogesh Reddy,2001-04-23,1,6,0,2016-05-03
11393,30,586,11,3,KGID111392,Anand Bhandari,1984-04-29,1,6,0,2016-09-26
11394,30,586,11,3,KGID111393,Naveen Poojary,1975-03-19,1,4,0,2021-12-16
11395,30,586,12,3,KGID111394,Nagaraj Devaraj,1981-06-12,1,5,0,2014-09-14
11396,30,586,12,3,KGID111395,Shivakumar Iyer,1984-05-07,1,5,0,2023-05-18
11397,30,586,12,3,KGID111396,Radha Nayak,1987-04-06,2,1,0,2018-10-16
11398,30,586,12,3,KGID111397,Shivakumar Desai,1990-12-23,1,5,0,2007-03-23
11399,30,586,12,3,KGID111398,Vijay Reddy,1988-10-28,1,3,0,2010-04-26
11400,30,586,12,3,KGID111399,Vijay Naik,1986-04-20,1,8,0,2009-06-27
11401,30,586,12,3,KGID111400,Prakash Hegde,1980-12-07,1,2,0,2022-07-04
11402,30,586,12,3,KGID111401,Girish Hiremath,1986-10-22,1,7,0,2005-09-16
11403,30,587,8,2,KGID111402,Naveen Hegde,1989-07-10,1,7,0,2007-05-03
11404,30,587,9,1,KGID111403,Manoj Hiremath,1987-10-26,1,5,0,2007-07-21
11405,30,587,10,3,KGID111404,Sandeep Nayak,1982-04-08,1,6,0,2021-11-09
11406,30,587,10,3,KGID111405,Krishna Achar,1984-05-20,1,1,0,2016-04-06
11407,30,587,10,3,KGID111406,Prakash Kumar,1978-05-23,1,6,0,2014-07-28
11408,30,587,11,3,KGID111407,Geetha Gowda,1987-12-03,2,1,0,2007-05-26
11409,30,587,11,3,KGID111408,Santosh Iyer,1996-01-08,1,3,0,1995-12-14
11410,30,587,11,3,KGID111409,Harish Rao,1986-07-28,1,7,0,2020-05-10
11411,30,587,11,3,KGID111410,Yogesh Hiremath,1993-02-23,1,4,0,2014-03-29
11412,30,587,11,3,KGID111411,Krishna Reddy,1977-12-24,1,5,0,2001-12-17
11413,30,587,11,3,KGID111412,Manoj Jadhav,1979-07-08,1,3,0,2003-07-08
11414,30,587,11,3,KGID111413,Harish Kumar,1999-08-09,1,8,0,1999-06-16
11415,30,587,12,3,KGID111414,Manjunath Jadhav,1981-10-18,1,2,0,2008-12-21
11416,30,587,12,3,KGID111415,Yogesh Reddy,1987-05-02,1,4,0,2019-11-06
11417,30,587,12,3,KGID111416,Nandini Hiremath,1991-03-05,2,5,0,2011-06-03
11418,30,587,12,3,KGID111417,Srinivas Hegde,1987-05-03,1,2,0,2005-08-12
11419,30,587,12,3,KGID111418,Mahesh Rao,1998-10-31,1,5,0,2019-12-20
11420,30,587,12,3,KGID111419,Krishna Kulkarni,1987-12-26,1,5,0,2009-10-15
11421,30,587,12,3,KGID111420,Gopal Shetty,1988-01-28,1,3,0,2012-06-22
11422,30,587,12,3,KGID111421,Krishna Devaraj,1989-08-27,1,3,0,2001-09-04
11423,30,587,12,3,KGID111422,Raghavendra Naik,2003-07-21,1,1,0,2023-10-11
11424,30,588,8,2,KGID111423,Suresh Shetty,1975-01-20,1,8,0,2014-07-10
11425,30,588,9,1,KGID111424,Krishna Poojary,1989-01-03,1,3,0,2004-10-07
11426,30,588,10,3,KGID111425,Manjunath Desai,1979-02-16,1,6,0,2018-05-30
11427,30,588,10,3,KGID111426,Harish Reddy,1992-11-25,1,3,0,2007-04-03
11428,30,588,10,3,KGID111427,Basavaraj Patil,1984-05-24,1,4,0,2022-12-05
11429,30,588,11,3,KGID111428,Gopal Rao,1981-11-27,1,4,0,2017-03-13
11430,30,588,11,3,KGID111429,Kiran Kulkarni,1995-03-14,1,5,0,2002-04-24
11431,30,588,11,3,KGID111430,Prakash Rao,1980-02-17,1,3,0,2014-07-20
11432,30,588,11,3,KGID111431,Umesh Kulkarni,1981-01-25,1,7,0,2003-01-06
11433,30,588,11,3,KGID111432,Raghavendra Reddy,1987-01-18,1,1,0,2011-08-10
11434,30,588,11,3,KGID111433,Santosh Bhat,2000-04-29,1,3,0,2008-11-14
11435,30,588,11,3,KGID111434,Rekha Bhandari,1994-11-24,2,6,0,2018-03-29
11436,30,588,12,3,KGID111435,Nagaraj Nayak,1988-06-03,1,3,0,2001-01-06
11437,30,588,12,3,KGID111436,Chandrashekar Reddy,2002-11-16,1,6,0,2003-10-15
11438,30,588,12,3,KGID111437,Chandrashekar Poojary,1996-04-20,1,8,0,2004-08-16
11439,30,588,12,3,KGID111438,Nagaraj Kulkarni,1982-07-29,1,6,0,2013-12-23
11440,30,588,12,3,KGID111439,Shobha Iyer,1986-08-27,2,5,0,2016-08-26
11441,30,588,12,3,KGID111440,Anand Bhat,1984-07-31,1,2,0,2003-01-03
11442,30,588,12,3,KGID111441,Roopa Gowda,1995-03-22,2,5,0,2015-05-19
11443,30,588,12,3,KGID111442,Deepa Devaraj,1993-09-20,2,3,0,2015-10-09
11444,30,588,12,3,KGID111443,Harish Hegde,1980-04-30,1,3,0,2006-12-26
11445,30,588,12,3,KGID111444,Pradeep Jadhav,1999-03-22,1,1,0,2008-08-10
11446,30,588,12,3,KGID111445,Ramesh Shetty,1990-03-11,1,4,0,2010-03-28
11447,30,588,12,3,KGID111446,Anand Kamath,1999-12-20,1,8,0,2020-04-11
11448,30,588,12,3,KGID111447,Sandeep Achar,2002-11-24,1,4,0,2022-05-19
11449,30,588,12,3,KGID111448,Umesh Bhat,1999-04-17,1,4,0,2010-06-02
11450,30,589,8,2,KGID111449,Nagaraj Kulkarni,1980-03-21,1,2,0,1997-04-02
11451,30,589,9,1,KGID111450,Chandrashekar Jadhav,1994-11-28,1,3,0,2015-04-13
11452,30,589,10,3,KGID111451,Roopa Kumar,1983-01-14,2,6,0,1998-07-10
11453,30,589,10,3,KGID111452,Chandrashekar Achar,1979-03-19,1,8,0,2016-08-27
11454,30,589,10,3,KGID111453,Anand Gowda,1984-04-09,1,2,0,2023-08-22
11455,30,589,11,3,KGID111454,Kiran Nayak,1986-11-06,1,7,0,1996-05-01
11456,30,589,11,3,KGID111455,Mahesh Achar,1999-11-06,1,4,0,2021-06-29
11457,30,589,11,3,KGID111456,Vinay Jadhav,1998-12-05,1,6,0,2023-04-17
11458,30,589,11,3,KGID111457,Umesh Kamath,1979-03-08,1,4,0,2003-10-01
11459,30,589,11,3,KGID111458,Vani Gowda,1985-11-20,2,2,0,1995-10-26
11460,30,589,11,3,KGID111459,Chandrashekar Nayak,1986-06-17,1,5,0,2011-03-13
11461,30,589,12,3,KGID111460,Prakash Devaraj,1994-02-28,1,6,0,2020-12-20
11462,30,589,12,3,KGID111461,Ramesh Shetty,1986-05-29,1,1,0,2003-11-16
11463,30,589,12,3,KGID111462,Vijay Kulkarni,1983-11-22,1,6,1,2021-09-27
11464,30,589,12,3,KGID111463,Manoj Achar,1986-10-05,1,2,0,2022-01-01
11465,30,589,12,3,KGID111464,Dinesh Kamath,1997-07-17,1,8,0,2001-07-15
11466,30,589,12,3,KGID111465,Umesh Kumar,1989-05-10,1,7,0,2009-10-17
11467,30,589,12,3,KGID111466,Anitha Iyer,1995-12-09,2,6,0,2021-06-17
11468,30,589,12,3,KGID111467,Srinivas Desai,1996-07-07,1,3,0,2015-05-17
11469,30,589,12,3,KGID111468,Sandeep Kamath,1981-01-30,1,4,0,2023-04-21
11470,30,590,9,2,KGID111469,Prakash Poojary,1979-07-18,1,4,0,1997-06-03
11471,30,590,9,1,KGID111470,Anand Kumar,1990-01-01,1,1,0,2020-07-30
11472,30,590,10,3,KGID111471,Chandrashekar Nayak,1995-04-29,1,7,0,2023-09-02
11473,30,590,10,3,KGID111472,Manoj Naik,1978-05-14,1,6,0,2011-12-02
11474,30,590,11,3,KGID111473,Dinesh Desai,1975-05-03,1,6,0,2018-09-28
11475,30,590,11,3,KGID111474,Yogesh Jadhav,1995-07-26,1,1,0,2014-05-08
11476,30,590,11,3,KGID111475,Yogesh Devaraj,1996-06-01,1,7,0,1998-01-03
11477,30,590,11,3,KGID111476,Lokesh Hiremath,1982-09-23,1,4,0,2013-04-16
11478,30,590,11,3,KGID111477,Ramesh Kamath,1978-04-05,1,2,0,1999-08-25
11479,30,590,11,3,KGID111478,Shivakumar Bhandari,1979-01-27,1,2,0,2011-06-15
11480,30,590,11,3,KGID111479,Naveen Shetty,1993-07-12,1,2,0,2023-09-09
11481,30,590,11,3,KGID111480,Prakash Nayak,1981-04-25,1,3,0,2003-03-24
11482,30,590,12,3,KGID111481,Sowmya Kumar,2000-01-24,2,6,0,2013-04-21
11483,30,590,12,3,KGID111482,Krishna Jadhav,1992-07-28,1,3,0,2014-07-19
11484,30,590,12,3,KGID111483,Lakshmi Nayak,1998-05-18,2,2,0,2001-10-05
11485,30,590,12,3,KGID111484,Naveen Nayak,1986-09-30,1,2,0,2004-08-23
11486,30,590,12,3,KGID111485,Gopal Naik,1994-12-30,1,1,0,2014-04-11
11487,30,590,12,3,KGID111486,Kiran Desai,1992-05-01,1,7,0,2023-04-08
11488,30,590,12,3,KGID111487,Anand Shetty,1996-12-23,1,4,0,2007-11-02
11489,30,590,12,3,KGID111488,Naveen Desai,2003-12-22,1,4,0,2002-03-18
11490,30,591,9,2,KGID111489,Umesh Iyer,1993-03-29,1,8,0,1995-10-10
11491,30,591,9,1,KGID111490,Naveen Patil,1995-06-18,1,3,0,2002-04-28
11492,30,591,10,3,KGID111491,Radha Kumar,1998-07-07,2,8,0,2009-04-29
11493,30,591,10,3,KGID111492,Nandini Poojary,1988-09-15,2,1,0,2004-05-24
11494,30,591,11,3,KGID111493,Radha Kamath,1998-04-13,2,7,0,1996-08-18
11495,30,591,11,3,KGID111494,Girish Achar,1996-03-14,1,2,0,2007-10-02
11496,30,591,11,3,KGID111495,Girish Gowda,1987-11-16,1,1,0,2008-03-31
11497,30,591,11,3,KGID111496,Manjula Nayak,2001-02-18,2,2,0,2012-06-24
11498,30,591,12,3,KGID111497,Dinesh Desai,1985-06-18,1,5,0,2006-03-16
11499,30,591,12,3,KGID111498,Krishna Jadhav,1983-04-07,1,4,0,2009-07-27
11500,30,591,12,3,KGID111499,Krishna Hegde,1983-10-05,1,1,0,2020-03-29
11501,30,591,12,3,KGID111500,Santosh Reddy,2000-11-23,1,1,0,2013-04-28
11502,30,591,12,3,KGID111501,Savitri Rao,1998-01-13,2,3,0,2010-11-15
11503,30,591,12,3,KGID111502,Manjunath Patil,1986-08-16,1,1,0,2008-09-08
11504,30,591,12,3,KGID111503,Sandeep Kumar,2000-12-07,1,7,0,2014-04-13
11505,30,591,12,3,KGID111504,Anand Jadhav,1998-09-02,1,6,0,2010-10-09
11506,30,591,12,3,KGID111505,Anand Kamath,1984-12-10,1,7,0,2020-06-26
11507,30,591,12,3,KGID111506,Harish Achar,1986-06-12,1,4,0,2012-10-15
11508,30,591,12,3,KGID111507,Krishna Achar,2004-10-13,1,1,0,2002-06-13
11509,30,591,12,3,KGID111508,Pushpa Bhandari,2000-02-13,2,7,0,2002-05-26
11510,30,591,12,3,KGID111509,Manjunath Shetty,1999-03-19,1,8,0,2023-03-13
11511,30,592,8,2,KGID111510,Manoj Bhandari,1992-04-04,1,2,0,1998-09-23
11512,30,592,9,2,KGID111511,Deepa Naik,1976-07-03,2,3,0,2008-09-18
11513,30,592,9,1,KGID111512,Ravi Kumar,1999-08-20,1,3,0,2008-09-15
11514,30,592,10,3,KGID111513,Vijay Hiremath,1979-12-29,1,3,0,2009-08-15
11515,30,592,10,3,KGID111514,Nagaraj Achar,1983-09-24,1,8,0,2003-09-19
11516,30,592,10,3,KGID111515,Sowmya Gowda,1985-01-28,2,2,0,2002-12-06
11517,30,592,11,3,KGID111516,Manoj Reddy,1986-09-18,1,8,0,2000-08-19
11518,30,592,11,3,KGID111517,Rajesh Bhat,1996-12-13,1,1,0,2007-03-20
11519,30,592,11,3,KGID111518,Ramesh Devaraj,1980-11-19,1,7,0,2012-11-27
11520,30,592,11,3,KGID111519,Pallavi Hegde,2001-06-12,2,7,0,2006-06-06
11521,30,592,11,3,KGID111520,Manjunath Bhat,1994-02-22,1,3,0,2006-08-23
11522,30,592,12,3,KGID111521,Umesh Reddy,1986-04-19,1,1,0,2018-12-03
11523,30,592,12,3,KGID111522,Nagaraj Patil,1992-06-17,1,8,0,2012-11-11
11524,30,592,12,3,KGID111523,Girish Achar,1990-10-20,1,7,0,2016-08-12
11525,30,592,12,3,KGID111524,Dinesh Devaraj,1995-05-29,1,7,0,2004-04-12
11526,30,592,12,3,KGID111525,Nagaraj Gowda,1985-01-07,1,5,0,2017-09-02
11527,30,592,12,3,KGID111526,Shivakumar Reddy,1980-01-21,1,8,0,2022-11-11
11528,30,592,12,3,KGID111527,Sunita Hegde,1992-07-14,2,1,0,2022-06-15
11529,30,592,12,3,KGID111528,Mahesh Kamath,1993-01-18,1,4,0,2007-07-15
11530,30,592,12,3,KGID111529,Krishna Hegde,1980-01-21,1,3,0,2004-06-08
11531,30,592,12,3,KGID111530,Srinivas Nayak,1999-03-12,1,6,0,2004-11-05
11532,30,592,12,3,KGID111531,Girish Hegde,1992-09-10,1,8,0,2003-08-30
11533,30,593,8,5,KGID111532,Kavya Kamath,1984-09-20,2,4,0,2022-05-24
11534,30,593,9,5,KGID111533,Harish Naik,1975-02-06,1,7,0,2000-05-13
11535,30,593,9,1,KGID111534,Geetha Jadhav,1983-05-13,2,8,0,2006-12-13
11536,30,593,10,3,KGID111535,Gopal Shetty,1998-06-11,1,5,0,2011-03-12
11537,30,593,10,3,KGID111536,Pallavi Rao,1999-07-23,2,5,0,2013-06-23
11538,30,593,10,3,KGID111537,Lokesh Kulkarni,1986-08-23,1,5,0,2019-12-17
11539,30,593,11,3,KGID111538,Lokesh Patil,1987-11-11,1,4,0,1999-05-19
11540,30,593,11,3,KGID111539,Anand Achar,1991-06-19,1,8,0,1998-08-05
11541,30,593,11,3,KGID111540,Mahesh Nayak,1998-08-26,1,4,0,1997-09-17
11542,30,593,11,3,KGID111541,Krishna Hiremath,1999-05-16,1,8,0,2013-12-30
11543,30,593,11,3,KGID111542,Nagaraj Kumar,2001-12-07,1,3,0,1996-10-21
11544,30,593,12,3,KGID111543,Lokesh Hegde,1992-12-16,1,4,0,2018-07-21
11545,30,593,12,3,KGID111544,Naveen Naik,2002-11-09,1,2,0,2023-10-07
11546,30,593,12,3,KGID111545,Harish Bhandari,2000-12-01,1,3,0,2010-12-24
11547,30,593,12,3,KGID111546,Ravi Kamath,1988-03-02,1,8,0,2017-05-14
11548,30,593,12,3,KGID111547,Gopal Shetty,1991-09-06,1,4,0,2016-10-19
11549,30,593,12,3,KGID111548,Naveen Jadhav,2003-12-31,1,6,0,2019-09-21
11550,30,593,12,3,KGID111549,Chandrashekar Reddy,2000-08-22,1,3,0,2023-12-13
11551,30,593,12,3,KGID111550,Chandrashekar Naik,1989-08-07,1,1,0,2000-04-12
11552,30,593,12,3,KGID111551,Manoj Rao,1986-01-25,1,5,0,2007-04-24
11553,30,594,9,6,KGID111552,Gopal Gowda,1978-12-31,1,3,0,2003-10-13
11554,30,594,8,6,KGID111553,Naveen Gowda,1989-08-01,1,3,0,2022-03-23
11555,30,594,9,1,KGID111554,Anand Rao,1986-02-26,1,8,0,2019-05-14
11556,30,594,10,3,KGID111555,Vijay Shetty,1977-07-27,1,8,0,2017-03-14
11557,30,594,10,3,KGID111556,Geetha Rao,1993-05-26,2,7,0,2015-12-09
11558,30,594,11,3,KGID111557,Roopa Achar,1977-03-05,2,5,0,2022-04-03
11559,30,594,11,3,KGID111558,Srinivas Hegde,1982-01-07,1,2,0,2010-07-20
11560,30,594,11,3,KGID111559,Krishna Rao,1993-04-18,1,8,0,2016-04-06
11561,30,594,11,3,KGID111560,Shivakumar Kulkarni,1989-02-21,1,4,0,2013-08-02
11562,30,594,11,3,KGID111561,Girish Reddy,1984-07-26,1,4,0,2015-11-05
11563,30,594,11,3,KGID111562,Naveen Hegde,1999-06-08,1,1,0,2018-06-29
11564,30,594,11,3,KGID111563,Rekha Kulkarni,1977-02-02,2,4,0,2006-12-03
11565,30,594,11,3,KGID111564,Srinivas Devaraj,1995-01-13,1,6,0,2003-08-26
11566,30,594,12,3,KGID111565,Vinay Reddy,2004-08-30,1,1,0,2012-10-21
11567,30,594,12,3,KGID111566,Vijay Hiremath,1991-01-25,1,1,0,2008-09-24
11568,30,594,12,3,KGID111567,Santosh Kumar,1980-07-02,1,8,0,2000-11-10
11569,30,594,12,3,KGID111568,Raghavendra Naik,1997-02-04,1,1,0,2002-07-18
11570,30,594,12,3,KGID111569,Krishna Achar,1999-10-29,1,8,0,2023-10-13
11571,30,594,12,3,KGID111570,Prakash Rao,1987-06-10,1,8,0,2005-07-06
11572,30,594,12,3,KGID111571,Kiran Rao,2004-07-29,1,8,0,2008-12-22
11573,30,594,12,3,KGID111572,Umesh Rao,2004-01-23,1,1,0,2016-04-13
11574,30,594,12,3,KGID111573,Ravi Patil,1983-12-23,1,2,0,2017-03-09
11575,30,594,12,3,KGID111574,Sandeep Jadhav,2003-12-12,1,3,0,2005-10-10
11576,30,595,8,4,KGID111575,Pallavi Hiremath,1991-04-06,2,2,0,1997-04-12
11577,30,595,9,4,KGID111576,Sandeep Rao,1994-05-15,1,7,0,2007-03-15
11578,30,595,9,1,KGID111577,Manoj Devaraj,1998-11-28,1,3,0,2011-10-07
11579,30,595,10,3,KGID111578,Vijay Desai,1979-07-09,1,1,0,2012-09-13
11580,30,595,10,3,KGID111579,Naveen Rao,1982-11-27,1,1,0,2013-08-03
11581,30,595,11,3,KGID111580,Santosh Desai,1980-10-01,1,2,0,2019-04-12
11582,30,595,11,3,KGID111581,Vinay Kamath,1985-05-09,1,7,0,2013-07-29
11583,30,595,11,3,KGID111582,Chandrashekar Naik,1993-10-23,1,5,0,2014-06-18
11584,30,595,11,3,KGID111583,Basavaraj Rao,1982-09-02,1,1,0,2007-08-23
11585,30,595,11,3,KGID111584,Radha Kumar,2001-12-30,2,1,0,2020-08-06
11586,30,595,11,3,KGID111585,Manoj Gowda,1988-02-16,1,7,0,2022-05-21
11587,30,595,11,3,KGID111586,Ravi Rao,2000-08-29,1,5,0,2000-09-04
11588,30,595,11,3,KGID111587,Vijay Gowda,1982-09-23,1,6,0,2012-12-19
11589,30,595,12,3,KGID111588,Pallavi Devaraj,1999-09-25,2,2,0,2016-07-08
11590,30,595,12,3,KGID111589,Naveen Jadhav,1987-11-09,1,2,0,2016-08-28
11591,30,595,12,3,KGID111590,Gopal Bhandari,1983-08-21,1,1,0,2009-09-04
11592,30,595,12,3,KGID111591,Gopal Kumar,1990-03-19,1,6,0,2003-03-17
11593,30,595,12,3,KGID111592,Kiran Desai,1994-04-30,1,7,0,2019-03-27
11594,30,595,12,3,KGID111593,Mahesh Reddy,1984-11-21,1,3,0,2007-11-15
11595,30,595,12,3,KGID111594,Vinay Hegde,1982-10-02,1,5,0,2011-10-25
11596,30,595,12,3,KGID111595,Kiran Bhandari,1986-11-28,1,6,0,2009-09-26
11597,30,595,12,3,KGID111596,Vani Gowda,2000-03-09,2,6,0,2012-08-01
11598,30,595,12,3,KGID111597,Dinesh Reddy,1996-02-19,1,2,0,2011-09-06
11599,30,595,12,3,KGID111598,Pradeep Reddy,1990-12-30,1,7,0,2023-06-16
11600,30,595,12,3,KGID111599,Lokesh Devaraj,1991-11-22,1,5,0,2022-03-23
11601,30,595,12,3,KGID111600,Yogesh Kamath,1991-12-21,1,7,0,2003-05-02
11602,30,595,12,3,KGID111601,Raghavendra Shetty,1999-04-16,1,4,0,2010-04-25
11603,30,595,12,3,KGID111602,Manoj Kamath,1982-03-01,1,6,0,2003-03-31
11604,31,600,8,2,KGID111603,Raghavendra Bhandari,1987-04-01,1,7,0,2007-12-08
11605,31,600,9,1,KGID111604,Krishna Jadhav,1988-10-16,1,1,0,2012-07-24
11606,31,600,9,1,KGID111605,Rajesh Shetty,1996-07-24,1,2,0,2016-07-16
11607,31,600,10,3,KGID111606,Umesh Reddy,1994-12-02,1,2,0,2017-07-05
11608,31,600,10,3,KGID111607,Shivakumar Patil,1984-07-24,1,8,0,2002-05-05
11609,31,600,10,3,KGID111608,Lokesh Achar,1998-03-03,1,3,0,1997-10-06
11610,31,600,11,3,KGID111609,Prakash Devaraj,1983-05-27,1,6,0,1999-09-04
11611,31,600,11,3,KGID111610,Naveen Iyer,1988-02-12,1,7,0,2012-08-03
11612,31,600,11,3,KGID111611,Chandrashekar Kumar,2001-11-07,1,2,0,2005-08-25
11613,31,600,11,3,KGID111612,Yogesh Devaraj,1984-11-13,1,6,0,1997-12-30
11614,31,600,11,3,KGID111613,Lokesh Poojary,1990-08-07,1,2,0,2003-04-03
11615,31,600,11,3,KGID111614,Roopa Iyer,1977-07-28,2,2,0,2022-04-06
11616,31,600,11,3,KGID111615,Lakshmi Poojary,1981-04-11,2,2,0,2023-09-25
11617,31,600,12,3,KGID111616,Ramesh Jadhav,1989-11-23,1,8,0,2022-07-23
11618,31,600,12,3,KGID111617,Prakash Shetty,2003-09-02,1,2,0,2003-05-16
11619,31,600,12,3,KGID111618,Lokesh Kulkarni,1980-03-18,1,2,0,2014-10-28
11620,31,600,12,3,KGID111619,Lokesh Gowda,1998-06-07,1,7,0,2011-05-30
11621,31,600,12,3,KGID111620,Srinivas Hiremath,1987-01-16,1,2,0,2000-05-11
11622,31,600,12,3,KGID111621,Mahesh Naik,1986-08-24,1,7,0,2001-07-19
11623,31,600,12,3,KGID111622,Rajesh Kumar,1994-07-27,1,6,0,2003-03-23
11624,31,600,12,3,KGID111623,Dinesh Naik,1996-10-07,1,1,0,2008-07-29
11625,31,601,8,2,KGID111624,Vinay Nayak,1987-10-02,1,4,0,1995-06-23
11626,31,601,9,2,KGID111625,Radha Gowda,1992-09-17,2,1,0,2023-12-20
11627,31,601,9,1,KGID111626,Vijay Rao,1988-02-12,1,4,0,2018-12-12
11628,31,601,10,3,KGID111627,Shwetha Jadhav,1981-07-02,2,4,0,2007-04-08
11629,31,601,10,3,KGID111628,Kiran Hiremath,1991-03-12,1,7,0,2011-09-26
11630,31,601,10,3,KGID111629,Vinay Patil,1983-09-03,1,3,0,1997-08-26
11631,31,601,11,3,KGID111630,Chandrashekar Reddy,1982-12-08,1,3,0,2008-12-10
11632,31,601,11,3,KGID111631,Basavaraj Achar,1986-04-08,1,1,0,2005-08-02
11633,31,601,11,3,KGID111632,Dinesh Bhandari,2002-01-03,1,1,0,1999-09-22
11634,31,601,11,3,KGID111633,Nagaraj Kamath,1998-07-20,1,5,0,2014-10-27
11635,31,601,11,3,KGID111634,Kiran Jadhav,1985-09-06,1,2,0,1999-03-15
11636,31,601,11,3,KGID111635,Umesh Gowda,1998-12-22,1,2,0,2013-04-27
11637,31,601,11,3,KGID111636,Kiran Shetty,1993-01-28,1,7,1,2015-10-19
11638,31,601,12,3,KGID111637,Santosh Rao,2000-07-27,1,3,0,2010-04-30
11639,31,601,12,3,KGID111638,Manoj Rao,1990-11-18,1,1,0,2018-08-29
11640,31,601,12,3,KGID111639,Ravi Kamath,1985-07-29,1,4,0,2013-08-01
11641,31,601,12,3,KGID111640,Mahesh Bhandari,1992-04-22,1,2,0,2003-04-06
11642,31,601,12,3,KGID111641,Rajesh Achar,2003-09-18,1,6,0,2023-06-16
11643,31,601,12,3,KGID111642,Ravi Gowda,1992-01-23,1,1,0,2005-09-27
11644,31,601,12,3,KGID111643,Mahesh Kulkarni,1983-05-10,1,7,0,2013-07-19
11645,31,601,12,3,KGID111644,Basavaraj Hegde,1997-08-24,1,4,0,2018-03-25
11646,31,601,12,3,KGID111645,Yogesh Patil,1996-09-09,1,5,0,2023-08-27
11647,31,602,8,2,KGID111646,Srinivas Bhat,1997-07-14,1,5,0,2021-09-26
11648,31,602,9,2,KGID111647,Prakash Patil,1979-11-17,1,2,0,1999-06-05
11649,31,602,9,1,KGID111648,Harish Patil,1991-10-26,1,7,0,2013-06-08
11650,31,602,9,1,KGID111649,Manoj Jadhav,1992-11-01,1,7,0,2003-06-15
11651,31,602,10,3,KGID111650,Basavaraj Desai,1998-10-01,1,7,0,2009-05-06
11652,31,602,10,3,KGID111651,Nagaraj Kamath,1982-01-09,1,1,0,2012-07-03
11653,31,602,10,3,KGID111652,Prakash Gowda,1991-02-06,1,4,0,2007-09-23
11654,31,602,11,3,KGID111653,Girish Naik,1992-06-13,1,8,0,2004-08-23
11655,31,602,11,3,KGID111654,Suresh Kamath,1982-04-29,1,8,0,1997-10-11
11656,31,602,11,3,KGID111655,Basavaraj Kulkarni,1981-06-18,1,1,0,2007-11-29
11657,31,602,11,3,KGID111656,Chandrashekar Kamath,1999-02-13,1,6,0,2018-10-20
11658,31,602,11,3,KGID111657,Naveen Kamath,1982-12-16,1,5,0,1996-06-08
11659,31,602,11,3,KGID111658,Sandeep Shetty,2001-07-01,1,1,0,2018-12-23
11660,31,602,11,3,KGID111659,Rajesh Reddy,1991-05-05,1,8,0,1995-11-18
11661,31,602,12,3,KGID111660,Vijay Gowda,1998-09-18,1,1,0,2002-08-13
11662,31,602,12,3,KGID111661,Raghavendra Desai,1991-12-12,1,5,0,2014-03-22
11663,31,602,12,3,KGID111662,Naveen Iyer,1980-11-06,1,5,0,2020-08-14
11664,31,602,12,3,KGID111663,Prakash Jadhav,1981-04-12,1,1,0,2018-05-16
11665,31,602,12,3,KGID111664,Naveen Bhandari,1990-06-22,1,7,0,2005-10-07
11666,31,602,12,3,KGID111665,Lokesh Gowda,1987-01-17,1,8,0,2014-05-06
11667,31,602,12,3,KGID111666,Kiran Bhandari,2001-05-11,1,6,0,2010-03-11
11668,31,602,12,3,KGID111667,Vani Hegde,1993-09-15,2,2,0,2022-08-21
11669,31,602,12,3,KGID111668,Chandrashekar Hegde,1985-05-16,1,6,0,2014-12-07
11670,31,602,12,3,KGID111669,Srinivas Kulkarni,2003-05-06,1,5,0,2023-12-12
11671,31,602,12,3,KGID111670,Girish Iyer,1997-09-07,1,2,0,2005-05-02
11672,31,603,8,2,KGID111671,Manjunath Hiremath,1979-10-02,1,7,0,2002-09-22
11673,31,603,9,1,KGID111672,Dinesh Iyer,1992-02-02,1,2,0,2005-04-13
11674,31,603,10,3,KGID111673,Umesh Poojary,1978-06-30,1,7,0,2004-09-04
11675,31,603,10,3,KGID111674,Manjunath Jadhav,1978-06-27,1,1,0,2016-03-11
11676,31,603,11,3,KGID111675,Krishna Desai,1998-04-26,1,4,0,2002-01-07
11677,31,603,11,3,KGID111676,Prakash Nayak,1977-11-25,1,2,0,2007-07-09
11678,31,603,11,3,KGID111677,Savitri Naik,1979-09-30,2,8,0,2015-04-10
11679,31,603,11,3,KGID111678,Shivakumar Devaraj,1999-05-20,1,6,0,1999-05-04
11680,31,603,11,3,KGID111679,Lokesh Poojary,2001-05-03,1,7,0,2003-07-06
11681,31,603,11,3,KGID111680,Suresh Naik,1992-05-03,1,2,0,2008-03-18
11682,31,603,11,3,KGID111681,Nagaraj Bhandari,1981-10-06,1,8,0,2006-04-09
11683,31,603,11,3,KGID111682,Radha Kamath,1987-12-05,2,3,0,2005-11-21
11684,31,603,12,3,KGID111683,Gopal Devaraj,1989-12-12,1,7,0,2000-07-25
11685,31,603,12,3,KGID111684,Gopal Kulkarni,1992-11-15,1,4,0,2015-05-07
11686,31,603,12,3,KGID111685,Shwetha Patil,1986-11-01,2,4,0,2011-08-22
11687,31,603,12,3,KGID111686,Vani Naik,1981-07-04,2,1,0,2019-07-06
11688,31,603,12,3,KGID111687,Manjula Reddy,1995-07-23,2,2,0,2016-12-20
11689,31,603,12,3,KGID111688,Manoj Achar,1981-09-10,1,6,0,2021-06-02
11690,31,603,12,3,KGID111689,Ravi Shetty,1986-03-16,1,7,0,2004-08-29
11691,31,603,12,3,KGID111690,Gopal Jadhav,1981-08-31,1,2,0,2022-10-23
11692,31,603,12,3,KGID111691,Girish Rao,1989-03-30,1,7,0,2003-09-18
11693,31,603,12,3,KGID111692,Shivakumar Hiremath,2004-12-25,1,5,0,2016-04-02
11694,31,603,12,3,KGID111693,Prakash Iyer,1986-11-10,1,3,0,2013-06-29
11695,31,603,12,3,KGID111694,Pushpa Gowda,1988-10-02,2,2,0,2010-10-25
11696,31,604,9,2,KGID111695,Yogesh Achar,1993-01-10,1,2,0,2011-12-28
11697,31,604,8,2,KGID111696,Shivakumar Poojary,1996-08-02,1,3,0,2015-11-27
11698,31,604,9,1,KGID111697,Dinesh Kamath,1998-05-11,1,5,0,2019-05-01
11699,31,604,10,3,KGID111698,Rajesh Kumar,1981-08-22,1,3,0,1998-12-11
11700,31,604,10,3,KGID111699,Ramesh Nayak,1995-03-20,1,1,0,2016-06-22
11701,31,604,11,3,KGID111700,Ravi Rao,1988-07-05,1,3,0,2010-12-17
11702,31,604,11,3,KGID111701,Santosh Devaraj,1977-01-17,1,4,0,2008-12-24
11703,31,604,11,3,KGID111702,Yogesh Poojary,1990-09-23,1,1,0,2015-11-05
11704,31,604,11,3,KGID111703,Yogesh Kamath,1979-04-20,1,4,0,2008-06-18
11705,31,604,11,3,KGID111704,Rekha Bhat,1978-04-05,2,3,0,1999-11-06
11706,31,604,12,3,KGID111705,Lokesh Devaraj,1988-08-05,1,8,0,2011-09-02
11707,31,604,12,3,KGID111706,Pradeep Achar,1996-11-15,1,4,0,2012-08-04
11708,31,604,12,3,KGID111707,Lokesh Kumar,1998-08-06,1,1,0,2002-08-08
11709,31,604,12,3,KGID111708,Geetha Devaraj,1987-12-27,2,4,0,2018-03-13
11710,31,604,12,3,KGID111709,Vinay Hiremath,1996-10-25,1,1,0,2022-05-20
11711,31,604,12,3,KGID111710,Suresh Bhat,1993-03-06,1,7,0,2009-10-13
11712,31,604,12,3,KGID111711,Manoj Achar,1999-05-19,1,1,0,2021-10-24
11713,31,604,12,3,KGID111712,Chandrashekar Kulkarni,2003-02-06,1,1,0,2022-03-16
11714,31,604,12,3,KGID111713,Ravi Achar,1998-04-16,1,8,0,2007-04-12
11715,31,604,12,3,KGID111714,Vijay Desai,1980-10-02,1,2,0,2007-11-02
11716,31,604,12,3,KGID111715,Naveen Jadhav,1990-10-24,1,2,0,2017-07-14
11717,31,605,8,2,KGID111716,Vijay Desai,1991-06-02,1,2,0,2004-10-12
11718,31,605,8,2,KGID111717,Rajesh Desai,1997-10-08,1,8,0,2017-03-13
11719,31,605,9,1,KGID111718,Raghavendra Bhat,1991-09-18,1,6,0,2021-09-18
11720,31,605,10,3,KGID111719,Pradeep Hegde,1994-04-12,1,3,0,2007-04-23
11721,31,605,10,3,KGID111720,Suresh Bhat,1981-05-30,1,8,0,2002-11-10
11722,31,605,11,3,KGID111721,Prakash Patil,1979-03-04,1,1,0,2006-11-28
11723,31,605,11,3,KGID111722,Manoj Jadhav,1999-06-12,1,2,0,2011-01-01
11724,31,605,11,3,KGID111723,Yogesh Kumar,1997-04-22,1,5,0,2020-08-02
11725,31,605,11,3,KGID111724,Rajesh Patil,1980-08-13,1,6,0,2022-11-09
11726,31,605,11,3,KGID111725,Girish Iyer,1992-12-25,1,7,0,2002-09-26
11727,31,605,12,3,KGID111726,Shivakumar Iyer,2003-12-06,1,4,0,2009-12-16
11728,31,605,12,3,KGID111727,Ramesh Patil,1991-11-02,1,7,0,2000-05-01
11729,31,605,12,3,KGID111728,Prakash Kulkarni,1991-04-10,1,8,0,2017-12-04
11730,31,605,12,3,KGID111729,Manoj Kamath,1992-12-12,1,3,0,2004-08-30
11731,31,605,12,3,KGID111730,Santosh Desai,1989-01-27,1,6,0,2014-06-29
11732,31,605,12,3,KGID111731,Naveen Poojary,1992-02-27,1,1,0,2010-03-30
11733,31,605,12,3,KGID111732,Manjula Kumar,1985-10-29,2,8,0,2006-12-28
11734,31,605,12,3,KGID111733,Suresh Hegde,1993-03-30,1,4,0,2006-09-17
11735,31,605,12,3,KGID111734,Chandrashekar Naik,2004-09-17,1,1,0,2009-06-23
11736,31,605,12,3,KGID111735,Girish Jadhav,1988-08-02,1,5,0,2013-12-05
11737,31,605,12,3,KGID111736,Vijay Kamath,1980-12-01,1,8,0,2023-06-02
11738,31,605,12,3,KGID111737,Ramesh Reddy,2002-05-12,1,4,0,2016-05-28
11739,31,605,12,3,KGID111738,Srinivas Devaraj,2003-01-27,1,6,0,2020-12-18
11740,31,605,12,3,KGID111739,Santosh Gowda,1986-05-18,1,2,0,2012-11-12
11741,31,605,12,3,KGID111740,Manjunath Poojary,1989-09-17,1,4,0,2023-03-30
11742,31,605,12,3,KGID111741,Pradeep Iyer,1988-11-12,1,1,0,2021-12-23
11743,31,606,9,2,KGID111742,Rajesh Kulkarni,1992-07-23,1,3,0,2003-05-28
11744,31,606,9,1,KGID111743,Radha Poojary,1980-08-02,2,2,0,2006-08-01
11745,31,606,9,1,KGID111744,Nagaraj Jadhav,1984-10-05,1,3,0,2012-03-23
11746,31,606,10,3,KGID111745,Vijay Gowda,1991-04-15,1,6,0,2019-10-22
11747,31,606,10,3,KGID111746,Naveen Hegde,1995-02-04,1,2,0,2017-06-20
11748,31,606,10,3,KGID111747,Rajesh Gowda,1997-09-02,1,3,0,2000-07-18
11749,31,606,11,3,KGID111748,Rajesh Rao,1980-07-20,1,6,0,1996-07-30
11750,31,606,11,3,KGID111749,Vijay Jadhav,1985-05-27,1,1,0,2001-12-12
11751,31,606,11,3,KGID111750,Rajesh Reddy,1975-09-30,1,3,0,2012-05-04
11752,31,606,11,3,KGID111751,Ramesh Rao,1990-08-06,1,3,0,2021-09-02
11753,31,606,11,3,KGID111752,Lokesh Devaraj,1996-05-28,1,4,0,2021-06-12
11754,31,606,12,3,KGID111753,Lokesh Naik,1992-02-26,1,1,0,2013-03-30
11755,31,606,12,3,KGID111754,Rajesh Achar,1988-08-27,1,1,0,2021-11-24
11756,31,606,12,3,KGID111755,Naveen Reddy,1984-12-14,1,2,0,2000-12-06
11757,31,606,12,3,KGID111756,Pradeep Reddy,1993-04-07,1,4,0,2014-04-28
11758,31,606,12,3,KGID111757,Gopal Hegde,1995-04-20,1,7,0,2014-04-20
11759,31,606,12,3,KGID111758,Anitha Iyer,1989-01-02,2,1,0,2001-11-03
11760,31,606,12,3,KGID111759,Kiran Jadhav,1998-06-30,1,2,0,2002-05-13
11761,31,606,12,3,KGID111760,Raghavendra Patil,1982-08-28,1,6,0,2018-11-10
11762,31,606,12,3,KGID111761,Shobha Kumar,2004-03-21,2,1,0,2004-06-29
11763,31,606,12,3,KGID111762,Gopal Bhandari,1993-01-06,1,3,0,2013-04-05
11764,31,606,12,3,KGID111763,Sandeep Devaraj,2001-12-25,1,8,0,2002-08-08
11765,31,606,12,3,KGID111764,Kiran Devaraj,1991-02-01,1,5,0,2001-11-13
11766,31,606,12,3,KGID111765,Radha Achar,2004-07-12,2,2,0,2022-11-23
11767,31,606,12,3,KGID111766,Ramesh Iyer,1995-01-27,1,5,0,2002-07-02
11768,31,606,12,3,KGID111767,Nagaraj Hiremath,1993-10-14,1,8,0,2016-07-26
11769,31,606,12,3,KGID111768,Roopa Reddy,1994-07-06,2,5,0,2023-07-07
11770,31,607,8,2,KGID111769,Shivakumar Devaraj,1981-05-07,1,1,0,2003-11-24
11771,31,607,8,2,KGID111770,Raghavendra Achar,1992-02-27,1,7,0,2002-09-30
11772,31,607,9,1,KGID111771,Anand Hegde,1985-10-21,1,6,0,2012-08-07
11773,31,607,9,1,KGID111772,Ramesh Rao,1988-03-06,1,7,0,2005-07-28
11774,31,607,10,3,KGID111773,Lakshmi Naik,1984-07-03,2,3,0,1998-07-21
11775,31,607,10,3,KGID111774,Naveen Kamath,2000-03-01,1,7,0,2000-05-16
11776,31,607,11,3,KGID111775,Anand Poojary,1977-04-12,1,7,0,1995-10-21
11777,31,607,11,3,KGID111776,Shivakumar Kamath,1985-11-01,1,1,0,1995-04-22
11778,31,607,11,3,KGID111777,Manjula Hegde,1988-11-05,2,5,0,2022-03-17
11779,31,607,11,3,KGID111778,Prakash Shetty,1997-09-10,1,1,0,2001-12-30
11780,31,607,11,3,KGID111779,Chandrashekar Hegde,1976-12-08,1,4,0,2016-10-24
11781,31,607,11,3,KGID111780,Gopal Achar,1984-06-15,1,7,0,2007-08-07
11782,31,607,12,3,KGID111781,Manoj Hiremath,1992-05-06,1,2,0,2017-08-15
11783,31,607,12,3,KGID111782,Anitha Rao,1983-09-11,2,2,0,2005-11-23
11784,31,607,12,3,KGID111783,Suresh Iyer,1996-10-01,1,7,0,2001-06-16
11785,31,607,12,3,KGID111784,Kiran Nayak,1996-09-08,1,5,0,2010-08-03
11786,31,607,12,3,KGID111785,Raghavendra Reddy,1983-07-01,1,2,0,2004-08-26
11787,31,607,12,3,KGID111786,Srinivas Kamath,2004-06-09,1,1,0,2009-12-29
11788,31,607,12,3,KGID111787,Naveen Achar,1998-02-17,1,2,0,2022-09-07
11789,31,607,12,3,KGID111788,Prakash Naik,2001-02-17,1,5,0,2006-05-15
11790,31,607,12,3,KGID111789,Pradeep Poojary,1995-08-20,1,4,0,2010-08-25
11791,31,607,12,3,KGID111790,Vijay Devaraj,1987-03-20,1,1,0,2019-10-23
11792,31,607,12,3,KGID111791,Gopal Naik,1995-08-30,1,6,0,2000-05-04
11793,31,607,12,3,KGID111792,Suresh Iyer,1984-09-20,1,5,0,2013-04-20
11794,31,607,12,3,KGID111793,Nagaveni Bhat,1997-11-15,2,1,0,2007-10-17
11795,31,607,12,3,KGID111794,Anitha Kumar,1991-02-06,2,6,0,2002-03-24
11796,31,607,12,3,KGID111795,Shivakumar Gowda,1984-12-29,1,7,0,2002-12-31
11797,31,607,12,3,KGID111796,Lokesh Kumar,1989-01-12,1,8,0,2014-04-22
11798,31,608,8,2,KGID111797,Lokesh Naik,1991-01-28,1,4,0,2003-09-10
11799,31,608,8,2,KGID111798,Prakash Shetty,1982-07-12,1,1,0,1999-04-22
11800,31,608,9,1,KGID111799,Srinivas Bhandari,1995-11-24,1,5,0,2009-12-25
11801,31,608,10,3,KGID111800,Manjunath Shetty,1990-05-18,1,5,0,2021-04-02
11802,31,608,10,3,KGID111801,Prakash Poojary,1995-03-09,1,2,0,2023-05-24
11803,31,608,10,3,KGID111802,Manjunath Naik,1983-07-25,1,7,0,2017-06-05
11804,31,608,11,3,KGID111803,Yogesh Gowda,1987-06-22,1,3,0,1996-06-29
11805,31,608,11,3,KGID111804,Yogesh Kumar,1985-02-26,1,8,0,2020-10-28
11806,31,608,11,3,KGID111805,Harish Iyer,1976-10-24,1,8,0,2011-04-05
11807,31,608,11,3,KGID111806,Manoj Reddy,1999-12-08,1,5,0,1998-07-16
11808,31,608,11,3,KGID111807,Rajesh Achar,1975-02-09,1,4,0,2001-03-31
11809,31,608,12,3,KGID111808,Dinesh Iyer,1988-07-11,1,7,0,2012-11-01
11810,31,608,12,3,KGID111809,Srinivas Gowda,1982-05-08,1,6,0,2006-05-27
11811,31,608,12,3,KGID111810,Dinesh Poojary,1995-11-07,1,2,0,2021-05-31
11812,31,608,12,3,KGID111811,Harish Iyer,1993-09-24,1,3,0,2014-12-25
11813,31,608,12,3,KGID111812,Dinesh Bhandari,2000-06-03,1,7,0,2004-06-10
11814,31,608,12,3,KGID111813,Srinivas Bhandari,1990-06-13,1,1,0,2007-06-02
11815,31,608,12,3,KGID111814,Rajesh Kumar,1990-03-30,1,7,0,2018-04-21
11816,31,608,12,3,KGID111815,Yogesh Bhandari,2004-08-25,1,7,0,2020-08-31
11817,31,608,12,3,KGID111816,Suresh Shetty,2003-08-11,1,4,0,2005-05-05
11818,31,608,12,3,KGID111817,Manjunath Bhat,2004-09-05,1,6,0,2021-11-12
11819,31,608,12,3,KGID111818,Nandini Hegde,1984-05-09,2,1,0,2022-11-28
11820,31,609,9,2,KGID111819,Vijay Rao,1981-08-08,1,5,0,2004-12-27
11821,31,609,9,1,KGID111820,Radha Reddy,1988-01-03,2,1,0,2002-08-12
11822,31,609,10,3,KGID111821,Girish Bhandari,1994-12-17,1,4,0,2019-10-30
11823,31,609,10,3,KGID111822,Ramesh Patil,1992-12-13,1,4,0,2016-06-26
11824,31,609,10,3,KGID111823,Naveen Kulkarni,1983-08-31,1,2,0,2015-05-01
11825,31,609,11,3,KGID111824,Harish Desai,1998-03-08,1,4,0,2011-07-29
11826,31,609,11,3,KGID111825,Sowmya Poojary,1999-07-27,2,1,0,2002-08-13
11827,31,609,11,3,KGID111826,Mahesh Nayak,1988-12-09,1,8,0,2009-05-28
11828,31,609,11,3,KGID111827,Harish Jadhav,1993-09-23,1,4,0,2014-06-11
11829,31,609,12,3,KGID111828,Shivakumar Kumar,1994-08-10,1,6,0,2005-05-18
11830,31,609,12,3,KGID111829,Shivakumar Hiremath,1985-04-18,1,4,0,2022-12-21
11831,31,609,12,3,KGID111830,Chandrashekar Naik,1984-03-17,1,7,0,2008-09-06
11832,31,609,12,3,KGID111831,Rekha Hiremath,1997-12-08,2,3,0,2021-05-23
11833,31,609,12,3,KGID111832,Srinivas Rao,2002-12-17,1,8,0,2004-07-18
11834,31,609,12,3,KGID111833,Shivakumar Kamath,1997-09-10,1,7,0,2018-04-05
11835,31,609,12,3,KGID111834,Manjunath Achar,1997-08-26,1,2,0,2013-11-06
11836,31,609,12,3,KGID111835,Harish Kumar,1992-07-15,1,4,0,2021-07-26
11837,31,609,12,3,KGID111836,Basavaraj Kamath,1980-10-16,1,4,0,2018-06-05
11838,31,610,9,2,KGID111837,Manoj Kamath,1981-04-06,1,7,0,2016-08-16
11839,31,610,9,2,KGID111838,Anand Jadhav,1993-12-22,1,3,0,2000-08-06
11840,31,610,9,1,KGID111839,Dinesh Kamath,1995-06-28,1,2,0,2002-05-14
11841,31,610,10,3,KGID111840,Nagaraj Hiremath,1984-04-29,1,7,0,2012-11-19
11842,31,610,10,3,KGID111841,Umesh Kulkarni,1999-02-28,1,2,0,2014-04-16
11843,31,610,11,3,KGID111842,Harish Kulkarni,1976-11-03,1,1,0,2004-11-26
11844,31,610,11,3,KGID111843,Lokesh Bhat,1986-06-24,1,5,0,2010-11-16
11845,31,610,11,3,KGID111844,Prakash Hiremath,1986-01-06,1,8,0,2002-06-03
11846,31,610,11,3,KGID111845,Manjunath Reddy,1999-09-19,1,3,1,2010-07-29
11847,31,610,11,3,KGID111846,Chandrashekar Kamath,1988-09-28,1,2,0,2012-05-21
11848,31,610,12,3,KGID111847,Umesh Iyer,1995-02-12,1,6,0,2009-10-04
11849,31,610,12,3,KGID111848,Basavaraj Hiremath,1996-10-09,1,6,0,2020-10-07
11850,31,610,12,3,KGID111849,Santosh Naik,1994-09-02,1,2,0,2020-08-22
11851,31,610,12,3,KGID111850,Krishna Kulkarni,1986-09-04,1,4,0,2018-06-15
11852,31,610,12,3,KGID111851,Santosh Patil,2000-07-24,1,1,0,2020-07-05
11853,31,610,12,3,KGID111852,Anand Gowda,1996-02-11,1,5,0,2016-12-23
11854,31,610,12,3,KGID111853,Shivakumar Kamath,2002-12-20,1,1,0,2022-10-07
11855,31,610,12,3,KGID111854,Mahesh Kamath,1993-08-11,1,2,0,2001-05-06
11856,31,610,12,3,KGID111855,Manjunath Hiremath,1997-07-15,1,5,0,2005-07-26
11857,31,610,12,3,KGID111856,Basavaraj Hiremath,1986-01-20,1,5,0,2020-05-05
11858,31,610,12,3,KGID111857,Rekha Kamath,2002-10-25,2,3,0,2009-11-09
11859,31,610,12,3,KGID111858,Kiran Desai,1995-11-26,1,4,0,2004-04-05
11860,31,610,12,3,KGID111859,Nagaraj Bhat,1997-09-21,1,8,0,2022-05-31
11861,31,610,12,3,KGID111860,Basavaraj Reddy,2002-09-05,1,1,0,2012-07-13
11862,31,610,12,3,KGID111861,Prakash Desai,2000-11-01,1,8,0,2009-05-28
11863,31,611,8,2,KGID111862,Anand Naik,1996-11-24,1,6,0,1997-10-12
11864,31,611,9,1,KGID111863,Naveen Bhandari,1989-01-21,1,5,0,2021-05-16
11865,31,611,10,3,KGID111864,Santosh Kumar,1978-03-13,1,2,0,2006-09-02
11866,31,611,10,3,KGID111865,Nagaraj Devaraj,1982-06-04,1,1,0,2006-09-03
11867,31,611,10,3,KGID111866,Rajesh Nayak,1979-07-31,1,1,0,2003-06-18
11868,31,611,11,3,KGID111867,Chandrashekar Devaraj,1989-12-28,1,4,0,2003-07-17
11869,31,611,11,3,KGID111868,Anand Kamath,1983-01-06,1,6,0,2022-04-16
11870,31,611,11,3,KGID111869,Yogesh Rao,1976-03-24,1,8,0,2021-07-15
11871,31,611,11,3,KGID111870,Jayashree Rao,2001-05-31,2,3,0,2001-09-03
11872,31,611,11,3,KGID111871,Nagaraj Hegde,1996-10-17,1,7,0,2013-12-29
11873,31,611,12,3,KGID111872,Shivakumar Jadhav,1998-11-21,1,5,0,2019-09-25
11874,31,611,12,3,KGID111873,Vinay Patil,1996-10-21,1,5,0,2022-03-16
11875,31,611,12,3,KGID111874,Vinay Rao,1991-01-10,1,5,0,2018-12-12
11876,31,611,12,3,KGID111875,Ramesh Rao,1981-05-01,1,8,0,2003-03-14
11877,31,611,12,3,KGID111876,Geetha Kumar,2002-09-04,2,1,0,2002-10-16
11878,31,611,12,3,KGID111877,Umesh Jadhav,1980-02-17,1,1,0,2018-09-12
11879,31,611,12,3,KGID111878,Sandeep Rao,1998-04-12,1,1,0,2013-05-15
11880,31,611,12,3,KGID111879,Shivakumar Kumar,2000-11-24,1,6,0,2002-06-01
11881,31,611,12,3,KGID111880,Manoj Shetty,1991-02-16,1,8,0,2009-09-06
11882,31,611,12,3,KGID111881,Ramesh Jadhav,2003-05-19,1,8,0,2019-05-24
11883,31,611,12,3,KGID111882,Santosh Reddy,1984-07-26,1,5,0,2003-05-02
11884,31,611,12,3,KGID111883,Roopa Gowda,1993-02-03,2,3,0,2008-12-18
11885,31,611,12,3,KGID111884,Ravi Bhat,2001-03-06,1,4,0,2019-07-18
11886,31,611,12,3,KGID111885,Ramesh Naik,1988-10-15,1,3,0,2013-12-02
11887,31,611,12,3,KGID111886,Harish Reddy,1984-07-14,1,7,0,2003-07-02
11888,31,611,12,3,KGID111887,Raghavendra Devaraj,1996-05-30,1,4,0,2005-09-08
11889,31,612,8,5,KGID111888,Sandeep Rao,1992-04-01,1,2,0,2017-05-20
11890,31,612,9,1,KGID111889,Pushpa Rao,1999-10-05,2,3,0,2002-04-29
11891,31,612,10,3,KGID111890,Ravi Gowda,1991-08-07,1,1,0,2006-08-12
11892,31,612,10,3,KGID111891,Chandrashekar Rao,1994-08-08,1,3,0,2014-08-17
11893,31,612,10,3,KGID111892,Vijay Patil,1977-03-09,1,8,0,1997-11-01
11894,31,612,11,3,KGID111893,Girish Nayak,1996-08-19,1,8,0,1999-09-06
11895,31,612,11,3,KGID111894,Vani Devaraj,1981-01-01,2,4,0,2015-04-07
11896,31,612,11,3,KGID111895,Harish Jadhav,1986-06-28,1,3,0,1998-10-26
11897,31,612,11,3,KGID111896,Rajesh Jadhav,1990-03-23,1,5,0,2004-08-02
11898,31,612,12,3,KGID111897,Chandrashekar Bhat,1981-05-02,1,6,0,2012-03-15
11899,31,612,12,3,KGID111898,Vinay Kumar,1989-06-01,1,4,0,2003-03-18
11900,31,612,12,3,KGID111899,Manjunath Naik,2004-04-21,1,7,0,2002-05-28
11901,31,612,12,3,KGID111900,Chandrashekar Bhandari,1994-03-03,1,4,0,2003-11-12
11902,31,612,12,3,KGID111901,Manoj Nayak,1988-10-07,1,7,0,2002-08-25
11903,31,612,12,3,KGID111902,Dinesh Iyer,1986-07-30,1,7,0,2011-06-23
11904,31,612,12,3,KGID111903,Yogesh Achar,2004-10-03,1,3,0,2002-12-24
11905,31,612,12,3,KGID111904,Manoj Naik,1981-08-04,1,7,0,2021-09-03
11906,31,612,12,3,KGID111905,Manjula Hiremath,1980-10-31,2,6,0,2009-09-12
11907,31,612,12,3,KGID111906,Manjunath Jadhav,1985-02-08,1,5,0,2014-08-05
11908,31,612,12,3,KGID111907,Gopal Iyer,1999-05-29,1,4,0,2013-08-16
11909,31,613,8,6,KGID111908,Vani Kamath,1986-05-14,2,5,0,1995-07-14
11910,31,613,9,6,KGID111909,Shivakumar Gowda,1988-08-24,1,3,0,2004-11-05
11911,31,613,9,1,KGID111910,Manoj Bhat,1980-07-27,1,8,0,2021-03-30
11912,31,613,9,1,KGID111911,Kiran Iyer,1983-11-29,1,6,1,2021-06-22
11913,31,613,10,3,KGID111912,Raghavendra Kamath,1978-04-20,1,1,0,2004-11-10
11914,31,613,10,3,KGID111913,Prakash Bhat,1986-06-08,1,8,0,2004-03-24
11915,31,613,11,3,KGID111914,Manoj Hiremath,1977-12-28,1,7,0,2022-08-01
11916,31,613,11,3,KGID111915,Umesh Reddy,1983-12-20,1,7,0,2007-12-31
11917,31,613,11,3,KGID111916,Vinay Bhandari,1978-04-24,1,1,0,2019-10-13
11918,31,613,11,3,KGID111917,Pradeep Desai,1982-09-12,1,5,0,2014-10-29
11919,31,613,11,3,KGID111918,Shivakumar Rao,1987-04-27,1,3,0,2014-05-15
11920,31,613,11,3,KGID111919,Shivakumar Poojary,1999-07-02,1,3,0,2013-11-26
11921,31,613,12,3,KGID111920,Manoj Desai,1995-02-28,1,3,0,2004-09-09
11922,31,613,12,3,KGID111921,Suresh Nayak,1994-01-20,1,4,0,2001-10-30
11923,31,613,12,3,KGID111922,Sandeep Achar,1992-12-10,1,4,0,2014-10-25
11924,31,613,12,3,KGID111923,Anitha Bhandari,1989-07-04,2,5,0,2004-05-06
11925,31,613,12,3,KGID111924,Ramesh Achar,1988-07-08,1,1,0,2007-07-16
11926,31,613,12,3,KGID111925,Srinivas Bhandari,1983-07-31,1,8,0,2008-07-03
11927,31,613,12,3,KGID111926,Dinesh Patil,1998-02-24,1,2,0,2018-03-18
11928,31,613,12,3,KGID111927,Sandeep Nayak,2003-07-14,1,7,0,2015-04-23
11929,31,613,12,3,KGID111928,Gopal Shetty,1999-03-16,1,6,0,2021-04-04
11930,31,613,12,3,KGID111929,Nagaveni Poojary,1993-04-04,2,3,0,2017-12-09
11931,31,613,12,3,KGID111930,Chandrashekar Gowda,2004-07-27,1,3,0,2015-10-27
11932,31,613,12,3,KGID111931,Geetha Desai,1996-11-04,2,4,0,2001-11-07
11933,31,613,12,3,KGID111932,Basavaraj Kulkarni,1988-08-18,1,5,0,2004-06-23
11934,31,613,12,3,KGID111933,Anand Bhat,1982-06-15,1,1,0,2006-08-02
11935,31,613,12,3,KGID111934,Basavaraj Rao,2002-09-06,1,4,0,2001-08-06
11936,31,613,12,3,KGID111935,Kiran Gowda,1994-12-27,1,6,0,2015-08-01
11937,31,613,12,3,KGID111936,Basavaraj Naik,1982-11-16,1,1,0,2022-05-27
11938,31,614,8,4,KGID111937,Vinay Patil,1977-11-21,1,3,0,1995-12-14
11939,31,614,9,4,KGID111938,Ravi Reddy,1975-12-22,1,3,0,2014-06-17
11940,31,614,9,1,KGID111939,Prakash Kumar,1980-10-18,1,6,0,2002-12-23
11941,31,614,9,1,KGID111940,Vijay Reddy,1987-11-28,1,8,0,2008-10-26
11942,31,614,10,3,KGID111941,Roopa Bhandari,1978-07-04,2,3,0,2020-10-28
11943,31,614,10,3,KGID111942,Vinay Naik,1982-05-05,1,3,0,2012-01-03
11944,31,614,11,3,KGID111943,Pradeep Gowda,1984-01-23,1,2,0,1995-09-23
11945,31,614,11,3,KGID111944,Sandeep Bhat,1985-02-02,1,3,0,2015-03-12
11946,31,614,11,3,KGID111945,Manoj Shetty,1993-12-20,1,6,0,1997-01-04
11947,31,614,11,3,KGID111946,Vijay Kamath,1998-02-02,1,4,0,2000-03-30
11948,31,614,11,3,KGID111947,Gopal Devaraj,1991-05-02,1,8,0,2011-08-13
11949,31,614,12,3,KGID111948,Chandrashekar Bhandari,1986-05-23,1,2,0,2004-10-19
11950,31,614,12,3,KGID111949,Mahesh Nayak,1984-01-23,1,7,0,2000-11-28
11951,31,614,12,3,KGID111950,Jayashree Achar,1983-02-24,2,4,0,2017-10-01
11952,31,614,12,3,KGID111951,Basavaraj Kamath,1981-12-01,1,8,0,2007-04-04
11953,31,614,12,3,KGID111952,Kiran Reddy,1984-05-20,1,5,0,2011-04-02
11954,31,614,12,3,KGID111953,Manjunath Poojary,1984-08-08,1,7,0,2007-07-27
11955,31,614,12,3,KGID111954,Rajesh Iyer,1991-09-17,1,5,0,2013-05-24
11956,31,614,12,3,KGID111955,Raghavendra Gowda,1980-08-14,1,6,0,2013-10-08
11957,31,614,12,3,KGID111956,Pradeep Shetty,2001-06-09,1,2,0,2006-09-28
11958,31,614,12,3,KGID111957,Ramesh Rao,1999-11-10,1,4,0,2002-08-03
