VictimMasterID,CaseMasterID,VictimName,AgeYear,GenderID,VictimPolice
1,5,Geetha Devaraj,34,2,0
2,7,Ramesh Patil,50,1,0
3,8,Mary Hegde,28,2,0
4,9,Lakshmi Devaraj,59,2,0
5,11,Rekha Hiremath,58,2,0
6,16,Kamala Patil,10,2,0
7,18,Nirmala Desai,43,2,0
8,19,Yashoda Setty,40,2,0
9,30,Prakash Fernandes,25,1,0
10,34,Ramesh Kamath,45,1,0
11,38,Vani Kamath,31,2,0
12,39,Yashoda Achar,18,2,0
13,41,Pushpa Pinto,41,2,0
14,48,Sunita Patil,14,2,0
15,49,Deepa Naik,42,2,0
16,51,Vinay Kumar,38,1,0
17,52,Manjula Reddy,64,2,0
18,53,Rajesh Reddy,32,1,0
19,61,Bhagya Khan,33,2,0
20,62,Muniraju Nayak,88,1,0
21,63,Nagaveni Shetty,49,2,0
22,69,Mary Naik,42,2,0
23,70,Vani Poojary,25,2,0
24,72,Rekha Pinto,25,2,0
25,73,Anitha Pinto,57,2,0
26,82,Manjunath Nayak,25,1,0
27,86,Srinivas Poojary,19,1,0
28,87,Channabasappa Pinto,41,1,0
29,88,Pallavi Bhat,35,2,0
30,89,Lokesh Reddy,95,1,0
31,90,Ayesha Patil,23,2,0
32,91,Rekha Bhat,11,2,0
33,93,Dinesh Nayak,31,1,0
34,97,Prakash Kulkarni,23,1,0
35,99,Karan Nayak,47,1,0
36,100,John Poojary,45,1,0
37,101,Dinesh Sheikh,33,1,0
38,106,Nagaveni Naik,35,2,0
39,108,Anand Fernandes,43,1,0
40,109,Nandini Reddy,33,2,0
41,118,Pallavi Urs,49,2,0
42,123,Fathima Kulkarni,20,2,0
43,126,Ashok Hiremath,27,1,0
44,127,Ashok Pinto,18,1,0
45,132,Sheela Prabhu,46,2,0
46,138,Kiran Bhat,31,1,0
47,142,Mahesh Desai,95,1,0
48,143,Raghavendra Patil,43,1,0
49,145,Jayashree Sheikh,23,2,0
50,147,Prakash Devaraj,40,1,0
51,150,Ayesha Sheikh,44,2,0
52,153,Vani Prabhu,95,2,0
53,157,Girish Rao,27,1,0
54,167,Vani Urs,95,2,0
55,168,Sunita Sheikh,34,2,0
56,170,Manjula Urs,47,2,0
57,176,Savitri Kumar,9,2,0
58,178,Sheela Kulkarni,37,2,0
59,179,Nandini Jadhav,30,2,0
60,186,Prakash Khan,23,1,0
61,188,Fathima Devaraj,12,2,0
62,190,Bhagya Pinto,30,2,0
63,191,Anthony Achar,35,1,0
64,196,Sowmya Devaraj,53,2,0
65,198,Savitri Kamath,35,2,0
66,199,Radha Khan,27,2,0
67,206,Jayashree D'Souza,40,2,0
68,212,Geetha Shetty,28,2,0
69,213,Sheela Devaraj,37,2,0
70,217,Roopa Bhat,49,2,0
71,221,Xavier Devaraj,80,1,0
72,222,Nirmala Jadhav,39,2,0
73,231,Mary Khan,47,2,0
74,232,Sheela Gowda,67,2,0
75,239,Lokesh Naidu,35,1,0
76,240,Vinay Urs,20,1,0
77,247,Radha Prabhu,56,2,0
78,250,Roopa Bhandari,84,2,0
79,251,Nandini Prabhu,56,2,0
80,253,Yusuf Naidu,25,1,0
81,263,Yashoda Naik,57,2,0
82,266,Sheela Kumar,73,2,0
83,269,Karan Khan,85,1,0
84,278,Savitri Reddy,19,2,0
85,282,Jayashree Nayak,51,2,0
86,286,Kamala Iyer,34,2,0
87,291,Ramesh Prabhu,55,1,0
88,297,Anand Achar,40,1,0
89,299,Lokesh Kamath,43,1,0
90,300,Chandrashekar Kumar,42,1,0
91,310,Rekha Hegde,34,2,0
92,314,Manjula Naidu,25,2,0
93,316,Anitha Naidu,16,2,0
94,318,Mary Patil,48,2,0
95,321,Sheela Setty,21,2,0
96,322,Savitri Nayak,29,2,0
97,323,Deepa Shetty,74,2,0
98,325,Mary Shetty,70,2,0
99,328,Vinay Rao,16,1,0
100,330,Lakshmi Khan,27,2,0
101,332,Manjula Setty,48,2,0
102,338,Ayesha Naik,8,2,0
103,342,Harish Bhat,50,1,0
104,343,Shwetha Kumar,12,2,0
105,344,Deepak Kumar,26,1,0
106,347,Yashoda Urs,65,2,0
107,350,Gopal D'Souza,17,1,0
108,352,Santosh Iyer,95,1,0
109,357,Vani Rao,44,2,0
110,359,Deepak Poojary,49,1,0
111,362,Puttaswamy D'Souza,67,1,0
112,364,Deepa Iyer,50,2,0
113,368,Pushpa Hegde,45,2,0
114,369,Pushpa Desai,28,2,0
115,371,Radha Kulkarni,36,2,0
116,372,Sheela Fernandes,65,2,0
117,374,Mahesh Bhat,20,1,0
118,377,Sheela Setty,41,2,0
119,378,Lokesh Pinto,65,1,0
120,379,Savitri Hiremath,42,2,0
121,381,Sunita Achar,45,2,0
122,381,Anthony Reddy,34,1,0
123,387,Bhagya Bhandari,15,2,0
124,388,Sunita Shetty,44,2,0
125,393,Savitri Desai,41,2,0
126,395,Girish Bhandari,17,1,0
127,398,Fathima Pinto,51,2,0
128,402,Pallavi Devaraj,38,2,0
129,403,Nandini Prabhu,42,2,0
130,406,Ramesh Hiremath,22,1,0
131,408,Gopal Patil,12,1,0
132,412,Bhagya Hegde,34,2,0
133,414,Shobha Desai,34,2,0
134,415,Sunita Bhat,45,2,0
135,420,Lakshmi Kumar,51,2,0
136,424,Yogesh Kamath,84,1,0
137,425,Ramesh Sheikh,15,1,0
138,428,Salman Hegde,73,1,0
139,428,Basavaraj Kulkarni,58,1,0
140,428,Anthony Kulkarni,18,1,0
141,433,Roopa D'Souza,61,2,0
142,435,Jayashree Desai,32,2,0
143,440,Pradeep Devaraj,57,1,0
144,447,Sunita Kumar,29,2,0
145,451,Prakash Patil,27,1,0
146,452,Sunita Setty,88,2,0
147,453,Xavier Naidu,53,1,0
148,458,Nagaveni Kumar,11,2,0
149,461,Sheela Reddy,28,2,1
150,462,Sheela Reddy,22,2,0
151,469,Nandini Prabhu,40,2,0
152,470,Ibrahim Patil,45,1,0
153,471,Savitri Reddy,14,2,1
154,472,Roopa Kumar,52,2,0
155,476,Sunita Setty,21,2,0
156,478,Imran Rao,46,1,0
157,480,Ratna Prabhu,35,2,0
158,484,Ratna Desai,24,2,0
159,492,Zainab Poojary,11,2,0
160,494,Manjula Sheikh,23,2,0
161,498,Rekha Reddy,47,2,0
162,505,Lakshmi Jadhav,47,2,0
163,507,Nandini Khan,13,2,0
164,509,Geetha Nayak,33,2,0
165,515,Chandrashekar Iyer,56,1,0
166,527,Manjunath Achar,30,1,0
167,529,Ashok Nayak,48,1,0
168,531,Mary Bhandari,24,2,0
169,533,Manjula Fernandes,60,2,0
170,538,Anitha Patil,15,2,0
171,539,Dinesh Kamath,53,1,0
172,544,Anthony Bhat,57,1,0
173,546,Krishna D'Souza,14,1,0
174,549,Santosh Sheikh,22,1,0
175,558,Anthony Hegde,32,1,0
176,560,Geetha Kamath,56,2,0
177,562,Radha Sheikh,19,2,0
178,567,Deepa Rao,36,2,0
179,568,Pushpa Hiremath,29,2,0
180,569,Kiran Fernandes,36,1,0
181,579,Zainab Shetty,23,2,0
182,584,Kamala Achar,9,2,0
183,586,Pallavi Hegde,19,2,0
184,589,Pradeep Fernandes,20,1,0
185,591,Shwetha Bhat,38,2,0
186,592,Yusuf Setty,40,1,0
187,596,Nandini Kulkarni,55,2,0
188,597,John Urs,33,1,0
189,602,Deepa Kulkarni,43,2,0
190,604,Yashoda Hegde,42,2,0
191,605,Sowmya Sheikh,35,2,0
192,607,Krishna Desai,77,1,0
193,612,Vani Sheikh,18,2,0
194,614,Lakshmi Khan,30,2,0
195,615,Ravi Desai,28,1,0
196,617,Radha Rao,36,2,0
197,628,Ibrahim Bhandari,37,1,0
198,629,Abdul Kumar,51,1,0
199,630,Halappa Pinto,14,1,0
200,631,Lakshmi Shetty,16,2,0
201,633,Radha Fernandes,41,2,0
202,637,Santosh Kulkarni,49,1,0
203,639,Sandeep Hegde,26,1,0
204,644,Nagaveni Kulkarni,15,2,0
205,646,Deepa Kamath,56,2,0
206,647,Ayesha Pinto,19,2,0
207,652,Karan Bhat,16,1,0
208,654,Zainab Fernandes,42,2,0
209,658,Shivakumar Khan,93,1,0
210,659,Ayesha Reddy,17,2,0
211,661,Sheela Jadhav,25,2,0
212,663,Rekha Pinto,28,2,0
213,666,Salman Prabhu,41,1,0
214,667,Nandini D'Souza,46,2,0
215,673,Anitha Hiremath,59,2,0
216,674,Shobha Devaraj,17,2,0
217,676,Fathima Setty,13,2,0
218,678,Ashok Kulkarni,31,1,0
219,679,Pallavi Iyer,5,2,0
220,680,Kavya Reddy,46,2,0
221,682,Karan Jadhav,25,1,0
222,684,Deepa Nayak,49,2,0
223,685,Anitha Poojary,18,2,0
224,689,Shobha Jadhav,39,2,0
225,690,Vani Prabhu,22,2,0
226,693,Sheela Fernandes,36,2,0
227,697,Yashoda Nayak,90,2,0
228,701,Bhagya Nayak,63,2,0
229,702,Srinivas Khan,31,1,0
230,704,Karan Pinto,33,1,0
231,709,Ratna Pinto,21,2,0
232,719,Vani Sheikh,11,2,0
233,725,Nagaveni Jadhav,27,2,0
234,729,Manjula Achar,27,2,0
235,730,Ibrahim Kumar,41,1,0
236,733,Mary Patil,34,2,0
237,734,Nirmala Naidu,29,2,0
238,735,Byrappa Devaraj,84,1,0
239,740,Prakash Kulkarni,73,1,0
240,746,Lakshmi Urs,81,2,0
241,747,Deepa Reddy,27,2,0
242,748,Rekha Sheikh,46,2,0
243,751,Vinay Sheikh,35,1,0
244,753,Pallavi Desai,22,2,0
245,754,Ganesh Sheikh,18,1,0
246,755,Mary Gowda,56,2,0
247,756,Shobha Sheikh,83,2,0
248,757,Vijay Pinto,31,1,0
249,758,Rekha Jadhav,67,2,0
250,763,Nagaveni Urs,35,2,0
251,764,Nagaraj Naidu,30,1,0
252,769,Bhagya Bhandari,48,2,0
253,772,Lakshmi Jadhav,30,2,0
254,773,Manoj Fernandes,58,1,0
255,779,Roopa Reddy,18,2,0
256,781,Radha Achar,13,2,0
257,784,Savitri Desai,15,2,0
258,792,Sandeep Khan,81,1,0
259,794,Savitri Setty,39,2,0
260,795,Zainab Urs,27,2,0
261,797,Bhagya Hegde,31,2,0
262,798,Kavya Reddy,13,2,0
263,799,Nandini Khan,27,2,0
264,800,Manjula Reddy,27,2,0
265,802,Anitha Naidu,69,2,0
266,802,Imran Reddy,39,1,0
267,802,Deepa Naidu,31,2,0
268,805,Savitri Pinto,21,2,0
269,811,Ashok Setty,29,1,0
270,815,Geetha Bhat,61,2,0
271,816,Nandini Shetty,17,2,0
272,817,Lakshmi Shetty,26,2,0
273,824,Imran Hegde,38,1,0
274,825,Radha Desai,11,2,0
275,827,Raghavendra Rao,21,1,0
276,827,Rekha Achar,47,2,0
277,828,Sheela Iyer,71,2,0
278,829,Shobha Nayak,34,2,0
279,831,Ratna Reddy,17,2,0
280,836,Kamala Shetty,48,2,0
281,837,Salman Reddy,54,1,1
282,840,Girish Urs,53,1,0
283,843,Sheela Hegde,55,2,0
284,844,Zainab Achar,26,2,0
285,845,Nandini Patil,33,2,0
286,849,Manjunath Khan,36,1,0
287,850,Sunita Naik,34,2,0
288,852,Geetha Naik,66,2,0
289,856,Ganesh D'Souza,51,1,0
290,858,Geetha Rao,52,2,0
291,861,Nandini Fernandes,74,2,0
292,864,Kavya Khan,52,2,0
293,867,Krishna Desai,42,1,0
294,869,Yashoda Shetty,21,2,0
295,876,Geetha Bhat,65,2,0
296,878,Girish D'Souza,48,1,0
297,881,Sheela Kulkarni,19,2,0
298,884,Anitha Reddy,78,2,0
299,886,Manjula Setty,38,2,0
300,888,Deepa Bhandari,58,2,0
301,891,Ayesha Shetty,55,2,0
302,893,Fathima Devaraj,37,2,0
303,895,Halappa Naik,20,1,0
304,898,John Hegde,55,1,0
305,902,Sandeep D'Souza,58,1,0
306,908,Joseph Reddy,23,1,0
307,909,John Jadhav,43,1,0
308,910,Nandini Reddy,33,2,0
309,918,Pushpa Jadhav,19,2,0
310,923,Ibrahim Poojary,25,1,0
311,928,Anitha Kulkarni,14,2,0
312,929,Vani Bhandari,62,2,0
313,932,Manjunath Reddy,4,1,0
314,933,Sheela Khan,40,2,0
315,941,Nandini Pinto,34,2,0
316,947,Nagaveni Pinto,37,2,0
317,948,Xavier Hiremath,42,1,0
318,951,Xavier Hiremath,50,1,0
319,956,Ayesha Kulkarni,39,2,0
320,957,Mahesh Hegde,37,1,0
321,957,Deepa Devaraj,33,2,0
322,957,Suresh Kamath,43,1,0
323,958,Vani Prabhu,38,2,0
324,963,John Sheikh,40,1,0
325,965,Santosh Poojary,55,1,0
326,966,Shwetha Fernandes,34,2,0
327,967,Halappa Iyer,65,1,0
328,969,Nirmala Sheikh,9,2,0
329,981,Sheela Khan,38,2,0
330,982,Sunita Kulkarni,82,2,0
331,982,Ravi Urs,40,1,0
332,988,Ibrahim Patil,21,1,0
333,989,Shivakumar Urs,29,1,0
334,1000,Anitha Reddy,33,2,0
335,1002,Sheela Jadhav,26,2,0
336,1003,Deepak Hiremath,49,1,0
337,1005,Mahesh Desai,36,1,0
338,1014,Chandrashekar Reddy,21,1,0
339,1015,Ayesha Bhat,47,2,0
340,1016,Ratna Poojary,22,2,1
341,1020,Anthony Desai,12,1,0
342,1027,Lakshmi Hiremath,26,2,0
343,1029,Krishna Reddy,31,1,0
344,1029,Harish Nayak,51,1,0
345,1031,Pushpa Naidu,41,2,0
346,1037,Lakshmi Rao,34,2,0
347,1040,Anthony Reddy,33,1,0
348,1043,Anitha Devaraj,36,2,0
349,1045,Ashok Bhat,43,1,0
350,1046,Lakshmi Reddy,19,2,0
351,1047,Ratna Devaraj,34,2,0
352,1052,Mary Pinto,17,2,0
353,1056,Vani D'Souza,8,2,0
354,1060,Deepa Kumar,28,2,0
355,1063,Lakshmi Iyer,44,2,0
356,1064,Muniraju Nayak,30,1,0
357,1072,Yashoda Kumar,26,2,0
358,1076,Kamala Achar,54,2,0
359,1080,Sowmya Reddy,36,2,0
360,1082,Ratna D'Souza,41,2,0
361,1084,Rekha Devaraj,27,2,0
362,1085,Rajesh Naidu,17,1,0
363,1087,Anitha Sheikh,33,2,0
364,1089,Umesh Hiremath,52,1,0
365,1090,Bhagya Patil,26,2,0
366,1092,Manjula Hegde,27,2,0
367,1096,Savitri Achar,17,2,0
368,1098,Basavaraj Pinto,65,1,0
369,1100,Radha Khan,44,2,0
370,1104,Yashoda Naidu,30,2,0
371,1110,Ayesha Hiremath,26,2,0
372,1120,Manjula Hiremath,34,2,0
373,1127,Nagaveni Patil,57,2,0
374,1128,Shwetha Poojary,47,2,0
375,1132,Zainab Jadhav,25,2,0
376,1135,Yashoda Setty,33,2,0
377,1139,Sandeep Shetty,43,1,0
378,1141,Shivakumar D'Souza,17,1,0
379,1144,Pallavi Pinto,27,2,0
380,1145,Geetha Kumar,42,2,0
381,1146,Pallavi Poojary,33,2,0
382,1147,Vani Reddy,59,2,0
383,1155,Ganesh Bhandari,37,1,0
384,1156,Kamala Desai,58,2,0
385,1158,Umesh Pinto,37,1,0
386,1160,Nirmala Gowda,43,2,0
387,1161,Shivakumar Naidu,33,1,0
388,1163,Nagaveni Fernandes,45,2,0
389,1169,Lakshmi Urs,34,2,0
390,1171,Bhagya Urs,20,2,0
391,1177,Nirmala Kamath,33,2,0
392,1179,Deepak Reddy,25,1,0
393,1180,Kamala Jadhav,16,2,0
394,1181,Mary Reddy,47,2,0
395,1183,Radha Hiremath,36,2,0
396,1186,Roopa Hiremath,40,2,0
397,1187,Fathima Bhandari,18,2,0
398,1195,Vinay Achar,58,1,0
399,1203,Rekha Gowda,60,2,0
400,1205,Savitri Fernandes,24,2,0
401,1208,Zainab Kulkarni,34,2,0
402,1212,Shwetha Hegde,95,2,0
403,1213,Bhagya Urs,43,2,0
404,1217,Nagaveni Patil,26,2,0
405,1219,Muniraju Reddy,32,1,0
406,1220,Nirmala Desai,31,2,0
407,1228,Byrappa Kamath,25,1,0
408,1229,Pradeep Reddy,22,1,0
409,1232,Fathima Patil,51,2,0
410,1233,Abdul Patil,27,1,0
411,1235,Radha Iyer,57,2,0
412,1236,Geetha Khan,11,2,0
413,1237,Deepa Naidu,39,2,0
414,1238,Mary Jadhav,45,2,0
415,1240,Byrappa Gowda,52,1,0
416,1241,Kavya Bhandari,39,2,0
417,1247,Gopal Devaraj,46,1,0
418,1250,Raghavendra Setty,32,1,0
419,1253,Raghavendra Urs,36,1,0
420,1254,Sheela Fernandes,16,2,0
421,1259,Dinesh Khan,68,1,0
422,1261,Pallavi Nayak,40,2,0
423,1262,Mahesh Iyer,21,1,0
424,1264,Manjunath Sheikh,51,1,0
425,1269,Shobha Hiremath,46,2,0
426,1271,Yogesh Kumar,39,1,0
427,1272,Vani Devaraj,59,2,0
428,1275,Jayashree Hegde,74,2,0
429,1275,Radha Reddy,28,2,0
430,1275,Mary Jadhav,7,2,0
431,1278,Imran Bhat,17,1,0
432,1279,Sowmya Kamath,32,2,0
433,1281,Jayashree Poojary,46,2,0
434,1293,Kavya Devaraj,50,2,0
435,1294,Sheela Jadhav,21,2,0
436,1295,Geetha Sheikh,40,2,0
437,1298,Shwetha Bhandari,21,2,0
438,1301,Ganesh Desai,37,1,0
439,1304,Kiran Poojary,30,1,0
440,1309,Deepa D'Souza,52,2,0
441,1311,Halappa Achar,55,1,0
442,1316,Pallavi Rao,32,2,0
443,1317,Sandeep Achar,41,1,0
444,1318,Deepa Bhandari,38,2,0
445,1321,Naveen Reddy,41,1,0
446,1323,Bhagya Naik,36,2,0
447,1326,Nagaraj Urs,33,1,0
448,1327,Nandini Iyer,39,2,0
449,1329,Roopa Naik,65,2,0
450,1333,Zainab Kamath,13,2,0
451,1334,Imran Bhandari,30,1,0
452,1335,Umesh Naik,23,1,0
453,1336,Yogesh Rao,61,1,0
454,1340,Basavaraj Pinto,37,1,0
455,1343,Sheela Rao,38,2,0
456,1345,Kamala Pinto,67,2,0
457,1350,Shobha Rao,32,2,0
458,1355,Geetha Nayak,56,2,0
459,1360,Lokesh Kamath,28,1,0
460,1362,Basavaraj Reddy,81,1,0
461,1365,Zainab Hiremath,46,2,0
462,1376,Anthony Gowda,95,1,0
463,1381,John Naidu,33,1,0
464,1382,Sheela Sheikh,38,2,0
465,1384,Imran Kumar,39,1,0
466,1388,Roopa Gowda,36,2,0
467,1391,Shobha Achar,45,2,0
468,1395,Nagaraj Khan,29,1,0
469,1395,Raghavendra Fernandes,20,1,0
470,1397,Deepa Nayak,42,2,0
471,1403,Arjun Naik,39,1,0
472,1404,Channabasappa Hiremath,39,1,0
473,1405,Basavaraj Poojary,22,1,0
474,1408,Kavya Hiremath,32,2,0
475,1412,Karan Bhat,18,1,0
476,1414,Krishna Khan,58,1,0
477,1416,Byrappa Desai,13,1,0
478,1420,Byrappa Jadhav,41,1,0
479,1421,Umesh Bhandari,47,1,0
480,1422,Puttaswamy D'Souza,18,1,0
481,1426,Rekha Bhat,53,2,0
482,1428,Imran Desai,22,1,0
483,1430,Radha Achar,44,2,0
484,1432,Salman Sheikh,48,1,0
485,1436,Anthony Bhandari,56,1,0
486,1438,Nagaraj Naik,17,1,0
487,1442,Roopa Hiremath,51,2,0
488,1452,Basavaraj Setty,47,1,0
489,1457,Ramesh Urs,10,1,0
490,1462,Nirmala Pinto,50,2,0
491,1465,Shwetha Naik,69,2,0
492,1472,Suresh Naik,38,1,0
493,1474,Krishna Jadhav,53,1,0
494,1476,Sheela Naik,17,2,0
495,1480,Rekha Prabhu,25,2,0
496,1486,Sheela Hiremath,55,2,0
497,1487,Ayesha Poojary,11,2,0
498,1490,Lokesh Sheikh,83,1,0
499,1491,Pushpa Kulkarni,27,2,0
500,1492,Kavya Gowda,30,2,0
501,1492,Byrappa Patil,58,1,0
502,1493,Ratna Nayak,43,2,0
503,1503,Sheela Shetty,12,2,0
504,1509,Byrappa Urs,14,1,0
505,1516,Manoj Iyer,17,1,0
506,1517,Naveen Rao,49,1,0
507,1519,Nagaraj Urs,23,1,1
508,1522,Sunita Naik,49,2,0
509,1524,Anand Kulkarni,24,1,0
510,1525,Fathima Poojary,35,2,0
511,1527,Puttaswamy Iyer,38,1,0
512,1530,Zainab Khan,47,2,0
513,1530,Nandini Naidu,44,2,0
514,1534,Nagaraj Urs,44,1,0
515,1536,Deepa Reddy,35,2,0
516,1544,Rekha Kulkarni,41,2,0
517,1547,Mary Bhat,50,2,0
518,1548,Abdul Kumar,48,1,0
519,1550,Rekha D'Souza,32,2,0
520,1551,Puttaswamy Fernandes,28,1,0
521,1552,Zainab Hegde,30,2,0
522,1557,Suresh Desai,26,1,0
523,1563,Nagaraj Setty,49,1,0
524,1565,Roopa Sheikh,19,2,1
525,1566,Anthony Prabhu,70,1,0
526,1572,Vani Achar,20,2,0
527,1573,Vani Pinto,57,2,0
528,1575,Jayashree D'Souza,61,2,0
529,1576,Roopa Prabhu,68,2,0
530,1578,Anitha Nayak,92,2,0
531,1582,Krishna Bhandari,43,1,0
532,1588,Ibrahim Reddy,50,1,0
533,1592,Ayesha Rao,26,2,0
534,1595,Suresh Shetty,15,1,0
535,1596,Imran D'Souza,36,1,0
536,1604,Savitri Sheikh,33,2,0
537,1612,Lakshmi Kumar,29,2,0
538,1614,Rekha Achar,40,2,0
539,1616,Shobha Kumar,28,2,0
540,1620,Roopa Naidu,27,2,0
541,1625,Nandini Reddy,31,2,0
542,1627,Manoj Naidu,48,1,0
543,1630,Kiran D'Souza,33,1,0
544,1633,Puttaswamy Hiremath,44,1,0
545,1634,Rajesh Sheikh,46,1,0
546,1635,Vani Urs,11,2,0
547,1636,Channabasappa Reddy,15,1,0
548,1637,Shobha Naidu,54,2,0
549,1641,Imran Poojary,37,1,0
550,1644,Geetha Naik,34,2,0
551,1645,Zainab Naidu,22,2,0
552,1647,Umesh Kamath,35,1,0
553,1648,Savitri Fernandes,37,2,0
554,1650,Manoj Gowda,34,1,0
555,1653,Ganesh Gowda,60,1,0
556,1654,Arjun Kamath,14,1,0
557,1660,Radha Gowda,37,2,0
558,1663,Ibrahim Kamath,68,1,0
559,1665,Nandini Kulkarni,43,2,0
560,1666,Radha Achar,17,2,0
561,1667,Basavaraj Hegde,75,1,0
562,1668,Manjula Rao,25,2,0
563,1669,Ashok Poojary,58,1,0
564,1671,Shivakumar Desai,46,1,0
565,1676,Pallavi D'Souza,43,2,0
566,1683,Nandini Naik,48,2,0
567,1684,Deepa Naik,12,2,0
568,1686,Deepa Nayak,32,2,0
569,1688,Ratna Urs,20,2,0
570,1694,Arjun Pinto,37,1,0
571,1697,Nirmala Reddy,18,2,0
572,1698,Imran Naik,14,1,0
573,1701,Vani Bhandari,63,2,0
574,1704,Savitri Sheikh,12,2,0
575,1709,Byrappa Setty,32,1,0
576,1715,Srinivas Hegde,33,1,0
577,1727,Rekha Patil,25,2,0
578,1728,Savitri Pinto,35,2,0
579,1733,Gopal Shetty,33,1,0
580,1738,Ratna Rao,27,2,0
581,1744,Nirmala Naik,27,2,0
582,1747,Ratna Bhat,40,2,0
583,1748,Nagaraj Iyer,32,1,0
584,1752,Jayashree Urs,42,2,0
585,1753,Raghavendra Iyer,23,1,0
586,1753,Vani Hegde,38,2,0
587,1757,Lakshmi Kulkarni,66,2,0
588,1758,Nirmala Hegde,65,2,0
589,1766,Manjula Naidu,18,2,0
590,1768,Rekha Fernandes,74,2,0
591,1771,Fathima Urs,67,2,0
592,1772,Fathima Achar,52,2,0
593,1774,Shwetha Khan,36,2,0
594,1780,Kamala Devaraj,27,2,0
595,1783,Ganesh Shetty,30,1,0
596,1786,Yashoda Desai,22,3,0
597,1792,Deepa Jadhav,26,2,0
598,1795,Kavya D'Souza,50,2,0
599,1798,Manjula Gowda,30,2,0
600,1801,Rekha Reddy,60,2,0
601,1805,Shwetha Nayak,34,2,0
602,1808,Pallavi Jadhav,29,2,0
603,1809,Xavier Patil,18,1,0
604,1811,Pushpa Reddy,70,2,0
605,1812,Nandini Achar,42,2,0
606,1817,Sunita Prabhu,15,2,0
607,1819,Savitri Prabhu,27,2,0
608,1825,Chandrashekar Hegde,59,1,0
609,1826,Savitri Reddy,89,2,0
610,1827,Ayesha Reddy,43,2,0
611,1829,Ayesha Kumar,52,2,0
612,1841,Ganesh Kumar,44,1,0
613,1842,Anand Devaraj,54,1,0
614,1843,Umesh Iyer,44,1,0
615,1845,Ayesha Urs,43,2,0
616,1854,John Pinto,34,1,0
617,1858,Fathima Reddy,20,2,0
618,1860,Fathima Jadhav,49,2,0
619,1862,Kiran Bhat,44,1,0
620,1863,Ratna Bhat,68,2,0
621,1865,Nagaraj Gowda,23,1,0
622,1867,Ayesha Pinto,88,2,0
623,1870,Puttaswamy Iyer,19,1,0
624,1871,Kavya Rao,46,2,0
625,1871,Bhagya Iyer,15,2,0
626,1871,Vani Khan,30,2,0
627,1876,Gopal Kulkarni,81,1,0
628,1878,Muniraju Khan,38,1,0
629,1879,Kamala Fernandes,26,2,0
630,1880,Manjunath Achar,41,1,0
631,1881,Kamala Desai,21,2,0
632,1882,Umesh Hegde,42,1,0
633,1883,Nandini Setty,39,2,0
634,1886,Chandrashekar Urs,31,1,0
635,1887,Deepa Hegde,29,2,0
636,1888,Radha Patil,32,2,0
637,1893,Nandini Rao,18,2,0
638,1894,Lakshmi Urs,18,2,0
639,1895,Sheela Khan,33,2,0
640,1896,Chandrashekar Setty,95,1,0
641,1897,Bhagya Achar,39,2,0
642,1898,Xavier D'Souza,30,1,0
643,1899,Jayashree Hegde,32,2,0
644,1901,Arjun Setty,24,1,0
645,1909,Prakash Rao,22,1,0
646,1911,Sheela Sheikh,34,2,0
647,1912,Nagaveni D'Souza,95,2,0
648,1916,Kavya Kumar,31,2,0
649,1923,Zainab Bhandari,28,2,0
650,1924,Manjula Hegde,40,2,0
651,1928,Joseph Fernandes,26,1,0
652,1930,Rajesh Kumar,15,1,0
653,1931,Pallavi Naidu,46,2,0
654,1937,Roopa Achar,26,2,0
655,1938,Nagaveni Bhat,51,2,0
656,1944,Shwetha Prabhu,45,2,0
657,1946,Arjun Fernandes,65,1,0
658,1949,Basavaraj Sheikh,36,1,0
659,1951,Sowmya Khan,39,2,0
660,1952,Kamala Naik,22,2,0
661,1953,Arjun Kulkarni,26,1,0
662,1955,Yashoda D'Souza,35,2,0
663,1960,Kamala Naidu,61,2,0
664,1963,Sunita Hiremath,39,2,0
665,1964,Nagaveni D'Souza,30,2,0
666,1967,Ravi Naidu,23,1,0
667,1982,Nandini Prabhu,29,2,0
668,1985,Savitri Rao,44,2,0
669,1986,Mary Iyer,39,2,0
670,1990,Manjula Reddy,66,2,0
671,1994,Ayesha Hegde,38,2,0
672,1997,Manjula Gowda,21,2,1
673,1999,Kavya Achar,22,2,0
674,2002,Zainab Shetty,36,2,0
675,2003,Mary Kumar,70,2,0
676,2007,Manjula Reddy,67,2,0
677,2010,Nandini Kumar,14,2,0
678,2014,Geetha D'Souza,48,2,0
679,2016,Fathima Devaraj,11,2,0
680,2017,Geetha Setty,34,2,0
681,2021,Pallavi Achar,25,2,0
682,2022,Karan Rao,52,1,0
683,2023,Jayashree Hegde,33,2,0
684,2025,Salman Kamath,24,1,0
685,2027,Srinivas Reddy,52,1,0
686,2029,Manoj Kamath,23,1,0
687,2030,Vijay Fernandes,50,1,0
688,2031,Jayashree Kumar,33,2,0
689,2036,Vani Poojary,67,2,0
690,2037,Basavaraj Devaraj,23,1,0
691,2039,Gopal Hiremath,37,1,0
692,2040,Bhagya Jadhav,55,2,0
693,2047,Ratna Sheikh,34,2,0
694,2049,Manjula Setty,59,2,0
695,2051,Radha Hegde,16,2,0
696,2052,Abdul Hegde,10,1,0
697,2055,Yogesh Bhat,31,1,0
698,2056,Naveen Shetty,23,1,0
699,2059,Zainab Jadhav,37,2,0
700,2060,Ramesh Nayak,53,1,0
701,2067,Prakash Naik,19,1,0
702,2068,Rekha Gowda,43,2,0
703,2069,Nirmala Kumar,59,2,0
704,2072,Yashoda D'Souza,47,2,0
705,2073,Shobha Rao,38,2,0
706,2076,Shobha Prabhu,20,2,0
707,2081,Radha Naik,33,2,0
708,2083,Ganesh Fernandes,57,1,0
709,2085,Girish Iyer,19,1,0
710,2087,Lakshmi Jadhav,45,2,0
711,2091,Harish Hiremath,95,1,0
712,2093,Shivakumar Rao,55,1,0
713,2094,Raghavendra Reddy,42,1,0
714,2095,Anand Khan,45,1,0
715,2098,Sowmya Prabhu,67,2,0
716,2099,Ashok Reddy,33,1,0
717,2102,Vani Devaraj,26,2,0
718,2106,Pushpa Poojary,45,2,0
719,2107,Anthony Achar,43,1,0
720,2113,Halappa Kamath,36,1,0
721,2114,Zainab Nayak,33,2,0
722,2115,Bhagya Khan,71,2,0
723,2119,Nandini Naik,18,2,0
724,2120,Vani Bhat,21,2,0
725,2125,Rekha Naidu,64,2,0
726,2128,Radha Reddy,33,2,0
727,2130,Rajesh Devaraj,70,1,0
728,2134,Lakshmi Urs,44,2,0
729,2135,Deepa Bhandari,15,2,0
730,2137,Harish Reddy,42,1,0
731,2137,Ramesh Naik,15,1,0
732,2137,Muniraju Pinto,31,1,0
733,2139,Chandrashekar Poojary,22,1,0
734,2141,Jayashree D'Souza,31,2,0
735,2144,Girish Kumar,40,1,0
736,2152,Nandini Desai,66,2,0
737,2153,Jayashree Iyer,27,2,0
738,2154,Sowmya Kulkarni,28,2,0
739,2158,Bhagya Pinto,34,2,0
740,2159,Nandini Bhat,17,2,0
741,2165,Sunita Bhat,52,2,0
742,2168,Mary Bhandari,20,2,0
743,2169,Pushpa Reddy,34,2,0
744,2170,Yashoda Bhandari,44,2,0
745,2181,Imran Hiremath,48,1,0
746,2182,Ibrahim Nayak,51,1,0
747,2183,Vijay Naidu,42,1,0
748,2186,Ramesh Prabhu,28,1,0
749,2187,Shwetha D'Souza,71,2,0
750,2192,Nirmala Pinto,74,2,0
751,2193,Umesh Desai,49,1,0
752,2198,Santosh Kamath,23,1,0
753,2200,Zainab Nayak,13,2,0
754,2201,Bhagya Desai,41,2,0
755,2204,Zainab Naidu,35,2,0
756,2212,Yusuf Rao,45,1,0
757,2213,Anitha Bhandari,24,2,0
758,2217,Geetha Devaraj,21,2,0
759,2222,Abdul Reddy,61,1,0
760,2223,Bhagya Patil,61,2,0
761,2225,Channabasappa Kulkarni,18,1,0
762,2226,Srinivas Pinto,43,1,0
763,2227,Ashok Devaraj,17,1,0
764,2239,Yogesh Kamath,40,1,0
765,2241,Anitha Devaraj,40,2,0
766,2242,Ramesh Poojary,35,1,0
767,2245,Ayesha Poojary,12,2,0
768,2248,Shobha Jadhav,11,2,0
769,2256,Fathima Bhandari,35,2,0
770,2258,Fathima Kumar,24,2,0
771,2263,Muniraju Patil,29,1,0
772,2264,Sheela Khan,23,2,0
773,2271,Nandini Kumar,49,2,0
774,2281,Umesh Gowda,26,1,0
775,2283,Roopa Nayak,29,2,0
776,2287,Anitha Hiremath,33,2,0
777,2288,Anitha Nayak,71,2,0
778,2290,Radha Naik,80,2,0
779,2295,Pradeep Kulkarni,10,1,0
780,2296,Vinay Devaraj,46,1,0
781,2299,Fathima Pinto,53,2,0
782,2301,Mahesh Rao,21,1,0
783,2303,Ayesha Khan,30,2,0
784,2306,Sunita Iyer,24,2,0
785,2312,Deepak Hegde,64,1,0
786,2313,Sunita Nayak,21,2,0
787,2315,Sunita Devaraj,35,2,0
788,2317,Savitri Hegde,38,2,0
789,2322,Deepa Urs,18,2,0
790,2323,Arjun Bhandari,50,1,0
791,2326,Abdul Naidu,21,1,0
792,2328,Sowmya Urs,41,2,0
793,2334,Byrappa Rao,20,1,0
794,2339,Vijay Rao,77,1,0
795,2342,Kavya Bhat,71,2,0
796,2343,Bhagya Bhandari,62,2,0
797,2344,Jayashree Reddy,28,2,0
798,2345,Sowmya Setty,46,2,0
799,2348,Rekha Kumar,60,2,0
800,2349,Karan Rao,18,1,0
801,2350,Roopa Reddy,18,2,0
802,2354,Raghavendra Bhat,50,1,0
803,2360,Shobha Hiremath,26,2,0
804,2362,Sunita Gowda,19,2,0
805,2366,Ganesh Patil,69,1,0
806,2367,Kamala D'Souza,20,2,0
807,2371,Manjunath Kamath,57,1,0
808,2374,Manjula Hegde,67,2,0
809,2383,Nandini Reddy,37,2,0
810,2384,Bhagya Rao,11,2,0
811,2385,Sowmya Hiremath,28,2,0
812,2386,Arjun Devaraj,32,1,0
813,2388,Jayashree Jadhav,22,2,0
814,2396,Geetha Fernandes,17,2,0
815,2401,Zainab Iyer,82,2,0
816,2411,Sunita Jadhav,40,2,0
817,2412,Mary Bhat,32,2,0
818,2413,Rekha Urs,64,2,0
819,2416,Kamala Khan,24,2,0
820,2417,Channabasappa Pinto,11,1,0
821,2421,Nandini Gowda,37,2,0
822,2425,Ratna Naidu,59,2,0
823,2429,Halappa Achar,23,1,0
824,2430,Zainab Urs,20,2,0
825,2431,Radha Jadhav,51,2,0
826,2432,Zainab Bhandari,8,2,0
827,2435,Srinivas Kamath,40,1,0
828,2438,Ramesh Urs,10,1,0
829,2441,Naveen Reddy,18,1,0
830,2443,Pradeep Rao,39,1,0
831,2444,Sheela Naik,55,2,0
832,2446,Suresh Desai,68,1,0
833,2448,Pradeep Naidu,32,1,0
834,2459,Ratna Rao,19,2,0
835,2460,Bhagya Sheikh,45,2,0
836,2468,Shobha Iyer,42,2,0
837,2469,Byrappa Pinto,30,1,0
838,2478,Pallavi Naik,51,2,0
839,2479,Srinivas Fernandes,35,1,0
840,2482,Nagaveni Desai,15,2,0
841,2486,Rekha Khan,16,2,0
842,2488,Savitri D'Souza,30,2,0
843,2489,Ayesha Reddy,42,2,0
844,2490,Vinay Iyer,12,1,0
845,2492,Ravi Naidu,43,1,0
846,2494,John Nayak,22,1,0
847,2510,Jayashree Fernandes,48,2,0
848,2514,Vani Jadhav,45,2,0
849,2516,Naveen Fernandes,42,1,0
850,2516,Abdul Kumar,32,1,0
851,2518,Mary Kumar,79,2,0
852,2522,Manoj Urs,19,1,0
853,2526,Rekha Khan,26,2,0
854,2529,Channabasappa Nayak,33,1,0
855,2535,Vani Reddy,34,2,0
856,2546,Yashoda Devaraj,47,2,0
857,2546,Srinivas Patil,29,1,0
858,2546,Halappa Reddy,18,1,0
859,2550,Sowmya Poojary,25,2,0
860,2553,Deepa Kulkarni,44,2,0
861,2556,Basavaraj Nayak,59,1,0
862,2557,Bhagya Achar,56,2,0
863,2558,Kamala Gowda,40,2,0
864,2559,Manoj Jadhav,33,1,0
865,2560,Muniraju Naik,54,1,0
866,2565,Manjula Patil,58,2,0
867,2566,Geetha Achar,38,2,0
868,2567,Shobha Naik,58,2,0
869,2573,Naveen Devaraj,27,1,0
870,2574,Puttaswamy Bhandari,48,1,0
871,2577,Lokesh D'Souza,42,1,0
872,2578,Nandini Achar,8,2,0
873,2582,Zainab Urs,21,2,0
874,2583,Manjula Naik,3,2,0
875,2584,Deepa Fernandes,14,2,0
876,2587,Sheela Khan,54,2,0
877,2589,Ayesha Fernandes,68,2,0
878,2591,Dinesh Pinto,38,1,0
879,2592,Rekha Hiremath,58,2,0
880,2593,Anitha Reddy,36,2,0
881,2594,Sowmya Kumar,43,2,0
882,2596,Suresh Khan,38,1,0
883,2598,Halappa Fernandes,41,1,0
884,2600,Fathima Bhat,19,2,0
885,2606,Savitri Setty,75,3,0
886,2609,Santosh Nayak,23,1,0
887,2611,Imran Patil,77,1,0
888,2617,Santosh Urs,54,1,0
889,2619,Roopa Kulkarni,83,2,0
890,2630,Chandrashekar Bhandari,21,1,0
891,2633,Roopa Reddy,95,2,0
892,2637,Ganesh D'Souza,45,1,0
893,2637,Shobha Sheikh,14,2,0
894,2637,Muniraju Nayak,26,1,0
895,2639,Lakshmi Iyer,52,2,0
896,2640,Ramesh Reddy,32,1,0
897,2641,Shobha Hiremath,35,2,0
898,2644,Manjula Kamath,50,2,0
899,2645,Shobha Reddy,26,2,0
900,2648,Nagaraj Urs,37,1,0
901,2650,Arjun D'Souza,59,1,0
902,2651,Naveen Gowda,65,1,0
903,2654,Manjunath Kumar,27,1,0
904,2656,Arjun Setty,27,1,0
905,2657,Krishna Kumar,36,1,0
906,2659,Nandini Naidu,37,2,0
907,2662,Savitri Prabhu,41,2,0
908,2667,Nirmala Pinto,44,2,0
909,2674,Ganesh Bhandari,15,1,0
910,2675,Nagaveni Pinto,22,2,0
911,2677,Sandeep Pinto,23,1,0
912,2678,Radha Reddy,25,2,0
913,2679,Ramesh Sheikh,23,1,0
914,2684,Suresh Kamath,28,1,0
915,2685,Zainab Nayak,59,2,0
916,2688,Vinay Kamath,65,1,0
917,2699,Chandrashekar Setty,39,1,0
918,2702,Nirmala Khan,28,2,0
919,2703,Gopal Naik,32,1,0
920,2706,Suresh Bhandari,29,1,0
921,2708,Shivakumar Bhat,83,1,0
922,2709,Naveen Hiremath,25,1,0
923,2710,Sheela Reddy,5,2,0
924,2721,Sheela Iyer,35,2,0
925,2725,Savitri Fernandes,46,2,0
926,2730,Girish Naik,29,1,0
927,2731,Vani Hiremath,48,2,0
928,2733,Vani Sheikh,40,2,0
929,2735,Shobha Pinto,33,2,0
930,2742,Vijay D'Souza,44,1,0
931,2747,Kamala Jadhav,41,2,0
932,2748,Basavaraj Devaraj,62,1,0
933,2749,Savitri Kamath,34,2,0
934,2751,Shwetha Setty,37,2,0
935,2757,Sheela Desai,20,2,0
936,2764,Nandini Hiremath,40,2,0
937,2767,Anitha Rao,23,2,0
938,2768,Sunita Fernandes,36,2,0
939,2771,Santosh Hiremath,34,1,0
940,2778,Savitri Hegde,23,2,0
941,2779,Nandini Hegde,43,2,0
942,2782,Lokesh Jadhav,59,1,0
943,2789,Yusuf Prabhu,18,1,0
944,2791,Pallavi Bhat,31,2,0
945,2793,Vinay Shetty,22,1,0
946,2796,Pallavi Shetty,46,2,0
947,2797,Pradeep Jadhav,61,1,0
948,2799,Radha Setty,14,2,0
949,2800,Ayesha Reddy,40,2,0
950,2801,Suresh Kumar,32,1,0
951,2803,Geetha Kamath,31,2,0
952,2804,Lokesh Desai,64,1,0
953,2806,Anthony Achar,36,1,0
954,2808,Byrappa Urs,75,1,0
955,2813,Deepa Sheikh,16,2,0
956,2817,Pallavi Reddy,15,2,0
957,2818,Kamala Urs,17,2,0
958,2819,Manjunath Poojary,42,1,0
959,2821,Bhagya Naidu,25,2,0
960,2823,Salman Kumar,18,1,0
961,2824,Deepa Naik,18,2,0
962,2826,Sunita Kulkarni,65,2,0
963,2827,Pallavi Prabhu,36,2,0
964,2828,Zainab Hegde,11,2,0
965,2832,Mary Kamath,29,2,0
966,2836,Deepa Fernandes,63,2,0
967,2838,Manjula Bhandari,19,2,0
968,2843,Rajesh Bhandari,51,1,0
969,2846,Geetha Poojary,23,2,0
970,2846,Jayashree Setty,44,2,0
971,2846,Geetha Nayak,51,2,0
972,2854,Ravi Hegde,78,1,0
973,2861,Anitha Prabhu,43,2,0
974,2864,Lakshmi Fernandes,31,2,0
975,2865,Nirmala Khan,69,2,0
976,2868,Nagaraj D'Souza,48,1,0
977,2874,Nagaveni Hegde,60,2,0
978,2875,Pushpa Setty,37,2,0
979,2876,Vinay Fernandes,55,1,0
980,2877,Ayesha Naidu,37,2,0
981,2879,Savitri Hegde,54,2,0
982,2883,Krishna Khan,34,1,0
983,2887,Pushpa Setty,58,2,0
984,2891,Anthony Khan,75,1,0
985,2893,Zainab Naik,64,2,0
986,2895,Basavaraj Urs,62,1,0
987,2896,Yogesh Urs,13,1,0
988,2897,Roopa Rao,83,2,0
989,2898,Yogesh Patil,56,1,0
990,2900,Pallavi Pinto,10,2,0
991,2903,Deepa Achar,35,2,0
992,2904,Vinay Devaraj,31,1,0
993,2906,Rajesh Setty,45,1,0
994,2907,Jayashree Reddy,67,2,0
995,2910,Nandini D'Souza,35,2,0
996,2915,Girish Gowda,90,1,0
997,2916,Ayesha Bhat,46,2,0
998,2924,Jayashree D'Souza,38,2,0
999,2930,Nandini Devaraj,54,2,0
1000,2931,Lakshmi Poojary,12,2,0
1001,2936,Basavaraj Setty,67,1,0
1002,2939,Mary Khan,64,2,0
1003,2943,Anitha Shetty,59,2,0
1004,2944,Radha Jadhav,46,2,0
1005,2948,Salman Fernandes,86,1,0
1006,2949,Raghavendra Poojary,47,1,0
1007,2952,Joseph Kumar,38,1,0
1008,2954,Xavier Setty,60,1,0
1009,2956,Yashoda Nayak,74,2,0
1010,2958,Chandrashekar Kumar,21,1,0
1011,2961,Lakshmi D'Souza,35,2,0
1012,2962,Arjun Rao,34,1,0
1013,2966,Pushpa Naidu,4,2,0
1014,2968,Zainab Achar,52,2,0
1015,2973,Mahesh Reddy,16,1,0
1016,2977,Pushpa Reddy,42,2,0
1017,2980,Zainab Hiremath,35,2,0
1018,2983,Bhagya Hiremath,42,2,0
1019,2988,Jayashree Jadhav,57,2,0
1020,2990,Geetha Devaraj,91,2,0
1021,2997,Anitha Reddy,33,2,0
1022,3002,Channabasappa Shetty,42,1,0
1023,3004,Ibrahim Devaraj,71,1,0
1024,3011,Santosh Iyer,63,1,0
1025,3014,Dinesh Pinto,7,1,0
1026,3015,Manjunath Jadhav,20,1,0
1027,3018,Yashoda Desai,54,2,0
1028,3020,Pallavi Hiremath,60,2,0
1029,3023,Muniraju Poojary,37,1,0
1030,3026,Deepak Setty,72,1,0
1031,3027,Shobha Poojary,66,2,0
1032,3028,Ravi Khan,31,1,0
1033,3029,Ayesha Kamath,35,2,0
1034,3032,Shivakumar Desai,15,1,0
1035,3033,Abdul Desai,43,1,0
1036,3034,Xavier Kumar,56,1,0
1037,3035,Fathima Kumar,30,2,0
1038,3039,Ramesh Prabhu,23,1,0
1039,3040,Manjula D'Souza,73,2,0
1040,3042,Pallavi Kulkarni,11,2,0
1041,3046,Yogesh Sheikh,62,1,0
1042,3047,Manoj Desai,39,1,1
1043,3048,Deepa Desai,51,2,0
1044,3053,Fathima Achar,27,2,0
1045,3055,Dinesh Jadhav,22,1,0
1046,3057,Shwetha Sheikh,25,2,0
1047,3059,Jayashree Pinto,16,2,0
1048,3060,Lakshmi Iyer,14,2,0
1049,3061,Yashoda Khan,40,2,0
1050,3064,Ramesh Kulkarni,25,1,0
1051,3065,Salman Iyer,44,1,0
1052,3069,Vinay Bhandari,93,1,0
1053,3074,Pushpa Sheikh,15,2,0
1054,3077,Pallavi Sheikh,21,2,0
1055,3079,Shobha Gowda,38,2,0
1056,3080,Savitri Pinto,31,2,0
1057,3084,Pallavi Kamath,29,2,0
1058,3089,Kavya Jadhav,11,2,0
1059,3090,Pradeep Urs,20,1,0
1060,3092,Sheela Kumar,32,2,0
1061,3094,Manjula Rao,48,2,0
1062,3099,Salman Hiremath,52,1,0
1063,3101,Zainab Devaraj,14,2,0
1064,3118,Rekha Poojary,26,2,0
1065,3119,Kamala Setty,35,2,0
1066,3120,Ravi Bhat,40,1,0
1067,3125,Jayashree Achar,27,2,0
1068,3126,Sunita Poojary,17,2,0
1069,3128,Mary Iyer,33,2,0
1070,3130,Deepa Prabhu,29,2,0
1071,3131,Raghavendra Reddy,81,1,0
1072,3137,Channabasappa Kamath,39,1,0
1073,3139,Kamala Rao,32,2,0
1074,3141,Yashoda Khan,33,2,0
1075,3144,Bhagya Setty,36,2,0
1076,3147,Deepa Bhandari,28,2,0
1077,3151,Zainab Khan,40,2,0
1078,3163,Ayesha Poojary,21,2,0
1079,3164,Channabasappa Reddy,40,1,0
1080,3166,Anitha Naik,51,2,0
1081,3171,Vinay Devaraj,44,1,0
1082,3178,Roopa Nayak,65,2,0
1083,3182,Ashok Desai,49,1,0
1084,3183,Zainab Hegde,26,2,0
1085,3186,Jayashree Prabhu,17,2,0
1086,3197,Shwetha Devaraj,32,2,0
1087,3198,Sheela Shetty,46,2,0
1088,3200,Yashoda D'Souza,19,2,0
1089,3204,Naveen Kamath,22,1,0
1090,3206,Bhagya Bhandari,34,2,0
1091,3207,Halappa Jadhav,27,1,0
1092,3209,Bhagya Patil,70,2,0
1093,3213,Krishna Prabhu,23,1,0
1094,3215,Mary Patil,56,2,0
1095,3216,Channabasappa Setty,36,1,0
1096,3217,Deepak Prabhu,48,1,0
1097,3218,Fathima Patil,39,2,0
1098,3225,Mary Desai,29,2,0
1099,3226,Lokesh Urs,54,1,0
1100,3227,Vijay Shetty,18,1,0
1101,3228,Sandeep Bhat,29,1,0
1102,3229,Sheela Patil,38,2,0
1103,3232,Yashoda Pinto,12,2,0
1104,3236,Byrappa Rao,57,1,0
1105,3237,Pushpa Desai,35,2,0
1106,3238,Sheela Khan,61,2,0
1107,3241,Nandini Khan,49,2,0
1108,3242,Deepak Shetty,15,1,0
1109,3244,Pallavi Bhandari,21,2,0
1110,3246,Shobha Rao,40,2,0
1111,3248,Anand Bhandari,28,1,0
1112,3257,Zainab Reddy,26,2,0
1113,3261,Channabasappa Prabhu,17,1,0
1114,3264,Pallavi Achar,45,2,0
1115,3265,Imran Nayak,31,1,0
1116,3267,Lakshmi Desai,93,2,0
1117,3269,Channabasappa Iyer,25,1,0
1118,3270,Kiran Kamath,14,1,0
1119,3271,Sunita Reddy,38,2,0
1120,3273,Shobha D'Souza,44,2,0
1121,3275,Krishna Gowda,32,1,0
1122,3283,Shivakumar Pinto,37,1,0
1123,3284,Shwetha Shetty,60,2,0
1124,3286,Anitha Jadhav,28,2,0
1125,3290,Pushpa Kulkarni,58,2,0
1126,3291,Ratna Rao,32,2,0
1127,3294,Vani Hegde,25,2,0
1128,3301,Vani Kulkarni,58,2,0
1129,3302,Pushpa Bhat,41,2,0
1130,3305,Ayesha Rao,34,2,0
1131,3308,Shivakumar Gowda,61,1,0
1132,3310,Nagaveni Sheikh,32,2,0
1133,3311,Rajesh Kulkarni,47,1,0
1134,3313,Sunita Devaraj,61,2,0
1135,3314,Basavaraj Setty,17,1,0
1136,3315,Mary Desai,53,2,0
1137,3318,Roopa Poojary,56,2,0
1138,3319,Nagaveni Naidu,10,2,0
1139,3319,Halappa Naik,19,1,0
1140,3321,Deepa Iyer,28,2,0
1141,3322,Sheela Fernandes,58,2,0
1142,3323,Savitri Iyer,55,2,0
1143,3324,Jayashree Nayak,10,2,0
1144,3325,Pallavi Jadhav,58,2,0
1145,3331,Sowmya Devaraj,42,2,0
1146,3336,Fathima Kamath,17,2,0
1147,3337,Zainab Bhandari,17,2,0
1148,3341,Prakash Hegde,68,1,0
1149,3344,Raghavendra Jadhav,58,1,0
1150,3359,Suresh Gowda,28,1,1
1151,3367,Deepa Patil,15,2,0
1152,3369,Fathima Nayak,48,2,0
1153,3371,Kamala D'Souza,45,2,0
1154,3373,Pushpa Poojary,52,2,0
1155,3374,Rajesh Poojary,29,1,0
1156,3377,Kiran Pinto,57,1,0
1157,3378,Arjun Pinto,48,1,0
1158,3382,Bhagya D'Souza,32,2,0
1159,3386,Bhagya Urs,10,2,0
1160,3387,Nirmala Urs,40,2,0
1161,3390,Karan Bhandari,21,1,0
1162,3393,Vani Naidu,35,2,0
1163,3397,Vijay Kamath,49,1,0
1164,3398,Xavier D'Souza,59,1,0
1165,3400,Santosh Bhandari,63,1,0
1166,3403,Nandini Shetty,50,2,0
1167,3405,Girish Kumar,49,1,0
1168,3406,Bhagya Prabhu,67,2,0
1169,3410,Prakash Bhandari,33,1,0
1170,3411,Kavya Setty,34,2,0
1171,3413,Kiran Setty,36,1,0
1172,3417,Ayesha Poojary,35,2,0
1173,3418,Roopa Patil,19,2,0
1174,3430,Muniraju Setty,47,1,0
1175,3433,Yashoda Naik,44,2,0
1176,3435,Yashoda Nayak,41,2,0
1177,3437,Abdul Gowda,32,1,0
1178,3441,Halappa Achar,24,1,0
1179,3444,Roopa Reddy,82,2,0
1180,3457,Vijay Iyer,19,1,0
1181,3460,Savitri Devaraj,64,2,0
1182,3464,Karan Achar,35,1,0
1183,3466,Savitri Pinto,85,2,0
1184,3471,Naveen Pinto,33,1,1
1185,3473,Bhagya Desai,19,2,0
1186,3476,Savitri Poojary,16,2,0
1187,3479,Manjula Rao,20,3,0
1188,3480,Fathima Reddy,18,2,0
1189,3486,Pallavi Nayak,52,2,0
1190,3487,Mary Fernandes,32,2,0
1191,3488,Muniraju Kulkarni,33,1,0
1192,3488,Jayashree Khan,8,2,0
1193,3488,Manoj Setty,26,1,0
1194,3489,Savitri Jadhav,40,2,0
1195,3492,Ayesha Nayak,26,2,0
1196,3496,Lakshmi Rao,86,2,0
1197,3497,Kiran Prabhu,18,1,0
1198,3498,Fathima Bhat,94,2,0
1199,3500,Kamala Kamath,48,2,0
1200,3503,Ratna Bhat,34,2,0
1201,3506,Yashoda Kulkarni,70,2,0
1202,3508,Ayesha Hegde,21,2,0
1203,3509,Anthony Urs,42,1,0
1204,3510,Pallavi Jadhav,41,2,0
1205,3513,Ratna Poojary,23,2,0
1206,3515,Sunita Pinto,55,2,0
1207,3519,Deepa Reddy,35,2,0
1208,3522,Shivakumar Prabhu,20,1,0
1209,3523,Shwetha Kulkarni,14,2,0
1210,3530,Muniraju Reddy,57,1,0
1211,3531,Manjunath Fernandes,30,1,0
1212,3536,Sheela Urs,25,2,0
1213,3538,Muniraju Kumar,60,1,0
1214,3544,Manjula Reddy,17,2,0
1215,3549,Yogesh Reddy,22,1,0
1216,3550,Karan Bhandari,39,1,0
1217,3554,Manjula Achar,20,2,0
1218,3559,Shobha Kulkarni,35,2,0
1219,3560,Vijay Bhandari,38,1,0
1220,3561,Zainab Urs,48,2,0
1221,3567,Byrappa Sheikh,41,1,0
1222,3569,Yashoda Patil,48,2,0
1223,3570,Krishna Desai,11,1,0
1224,3572,Abdul Achar,35,1,0
1225,3574,Pradeep Hiremath,40,1,0
1226,3577,Joseph D'Souza,13,1,0
1227,3579,Srinivas Rao,34,1,0
1228,3581,Ayesha Fernandes,39,2,0
1229,3587,Gopal Hegde,32,1,0
1230,3590,Nagaveni Pinto,54,2,0
1231,3598,Ramesh Sheikh,95,1,0
1232,3600,Ashok Jadhav,39,1,0
1233,3604,Dinesh Naidu,25,1,0
1234,3606,Pushpa Jadhav,21,2,0
1235,3607,Nagaveni Kumar,30,2,0
1236,3607,Mahesh Shetty,16,1,0
1237,3607,Savitri Jadhav,30,2,0
1238,3608,Vinay Bhandari,49,1,0
1239,3613,Ratna Shetty,31,2,0
1240,3615,Yashoda Kumar,13,2,0
1241,3618,Sowmya Iyer,24,2,0
1242,3618,Ratna Achar,40,2,0
1243,3618,Savitri Kulkarni,31,2,0
1244,3619,Yogesh Hiremath,57,1,0
1245,3620,Lakshmi Nayak,40,2,0
1246,3621,Nirmala Kumar,22,2,0
1247,3622,Vani Iyer,21,2,0
1248,3623,Fathima Jadhav,41,2,0
1249,3627,Yusuf Desai,37,1,0
1250,3631,Nandini Naidu,39,2,0
1251,3632,Lakshmi Desai,48,2,1
1252,3633,Nandini Hegde,34,2,0
1253,3637,Jayashree Prabhu,31,2,0
1254,3646,Rajesh Gowda,35,1,0
1255,3649,Gopal Fernandes,79,1,0
1256,3651,Jayashree Naidu,29,2,0
1257,3655,Nandini D'Souza,26,2,0
1258,3657,Roopa Iyer,13,2,0
1259,3659,Anand Bhat,61,1,1
1260,3660,Mahesh Iyer,80,1,0
1261,3667,Srinivas Naik,35,1,0
1262,3672,Yashoda Shetty,40,2,0
1263,3683,Lokesh Reddy,41,1,0
1264,3685,Geetha Khan,23,2,0
1265,3690,Yogesh Fernandes,41,1,0
1266,3690,Nagaraj Patil,19,1,0
1267,3695,Karan Achar,30,1,0
1268,3702,Fathima Poojary,31,2,0
1269,3703,Harish Khan,76,1,0
1270,3705,Yogesh Bhat,48,1,0
1271,3706,Puttaswamy Pinto,68,1,0
1272,3711,Yusuf D'Souza,28,1,0
1273,3714,Joseph Naidu,48,1,0
1274,3720,Kamala Kamath,47,2,0
1275,3728,Nandini Bhandari,36,2,0
1276,3732,Rekha Sheikh,33,2,0
1277,3737,Xavier Kumar,22,1,0
1278,3738,Santosh Bhat,29,1,0
1279,3738,Vani Pinto,53,2,0
1280,3739,Gopal Urs,35,1,0
1281,3742,Puttaswamy Devaraj,19,1,0
1282,3744,Yashoda Sheikh,26,2,0
1283,3745,Nagaveni Kulkarni,23,2,0
1284,3746,Fathima Fernandes,39,2,0
1285,3762,Deepa Nayak,18,2,0
1286,3763,Pradeep Setty,46,1,0
1287,3766,Nirmala Poojary,38,2,0
1288,3769,Kamala Nayak,24,2,0
1289,3771,Kavya Patil,16,2,0
1290,3774,Nirmala Urs,26,2,0
1291,3786,Xavier Naik,18,1,0
1292,3787,Lakshmi Patil,35,2,0
1293,3793,Sowmya Nayak,55,2,0
1294,3794,Xavier Fernandes,32,1,1
1295,3801,Shivakumar Naik,23,1,0
1296,3802,Nirmala Shetty,44,2,0
1297,3807,Mary Patil,50,2,0
1298,3809,Byrappa Iyer,46,1,0
1299,3819,Umesh Achar,20,1,0
1300,3821,Salman Hegde,60,1,0
1301,3824,Pallavi Kulkarni,80,2,0
1302,3826,Nagaveni Prabhu,16,2,0
1303,3828,Anthony Patil,28,1,0
1304,3829,Channabasappa Kamath,42,1,0
1305,3830,Ayesha Naik,79,2,0
1306,3831,Vinay Hiremath,88,1,0
1307,3833,Krishna Reddy,95,1,0
1308,3841,Sowmya Khan,30,2,0
1309,3842,Mary Bhandari,92,2,0
1310,3843,Vijay Devaraj,48,1,0
1311,3848,Kiran Bhandari,13,1,0
1312,3850,Bhagya Khan,83,2,0
1313,3852,Manjunath Setty,41,1,0
1314,3853,Byrappa Pinto,31,1,0
1315,3855,Fathima Shetty,69,2,0
1316,3856,Sheela Prabhu,54,2,0
1317,3858,Salman Kamath,17,1,0
1318,3859,Shobha Kamath,51,2,0
1319,3863,Geetha Achar,74,2,0
1320,3865,Kamala Jadhav,49,2,0
1321,3867,Sheela Shetty,41,2,0
1322,3868,Byrappa Naidu,50,1,0
1323,3869,Kamala Patil,33,2,0
1324,3873,Raghavendra Gowda,19,1,0
1325,3877,Ravi Setty,55,1,0
1326,3878,Kavya Rao,39,2,1
1327,3880,Rekha Nayak,42,2,0
1328,3883,Ayesha Shetty,22,2,0
1329,3894,Nagaveni Hegde,42,2,0
1330,3897,Jayashree Urs,49,2,0
1331,3900,Lakshmi Prabhu,32,2,0
1332,3904,Roopa Urs,30,2,0
1333,3905,Jayashree Pinto,89,2,0
1334,3907,Umesh Achar,41,1,0
1335,3908,Nandini Rao,32,2,0
1336,3912,Zainab Pinto,95,2,0
1337,3918,Rekha D'Souza,23,2,0
1338,3921,Karan Nayak,87,1,0
1339,3922,Lakshmi Kamath,21,2,0
1340,3928,Zainab Patil,22,2,0
1341,3930,Anitha Naik,51,2,0
1342,3932,Nagaveni Naidu,38,2,0
1343,3934,Nagaveni Setty,49,2,0
1344,3938,Sowmya Nayak,35,2,0
1345,3939,Nagaveni Kumar,35,2,0
1346,3946,Yashoda Reddy,94,2,0
1347,3947,Pallavi Sheikh,33,2,0
1348,3948,Pushpa Bhandari,13,2,0
1349,3953,Chandrashekar Bhat,19,1,0
1350,3953,Sheela Naik,17,2,0
1351,3958,Rajesh Urs,17,1,0
1352,3959,Gopal Iyer,32,1,0
1353,3960,Fathima Bhat,50,2,0
1354,3961,Prakash Khan,30,1,0
1355,3965,Lokesh Kamath,45,1,0
1356,3966,Jayashree Iyer,55,2,0
1357,3968,Sheela Poojary,34,2,0
1358,3970,Vinay Poojary,22,1,0
1359,3978,Lakshmi Bhandari,41,2,0
1360,3985,Suresh Hegde,76,1,0
1361,3990,Imran Khan,28,1,0
1362,3991,Chandrashekar Kulkarni,13,1,0
1363,3993,Deepa Nayak,28,2,0
1364,3994,Abdul Rao,79,1,0
1365,3999,Manjula Hegde,40,2,0
1366,4002,Mary Kulkarni,57,2,0
1367,4003,Anthony Shetty,53,1,0
1368,4007,Byrappa Jadhav,31,1,0
1369,4009,Ravi Reddy,17,1,0
1370,4010,Geetha Kumar,49,2,0
1371,4013,Shobha Reddy,56,2,0
1372,4016,Kamala Poojary,43,2,0
1373,4020,Sheela Poojary,23,2,0
1374,4024,Srinivas Setty,39,1,0
1375,4028,Kavya D'Souza,64,2,0
1376,4030,Sheela Bhandari,40,2,0
1377,4031,Sheela Reddy,20,2,0
1378,4032,Shwetha Prabhu,16,2,0
1379,4036,Manjula Pinto,14,2,0
1380,4039,Yogesh D'Souza,48,1,0
1381,4040,Savitri Naik,26,2,0
1382,4040,Puttaswamy Achar,73,1,0
1383,4042,Raghavendra Rao,49,1,0
1384,4048,Salman Poojary,46,1,0
1385,4051,Sunita Sheikh,26,2,0
1386,4052,Pushpa Naidu,30,2,0
1387,4053,Roopa Poojary,59,2,0
1388,4054,Ratna Naik,7,2,0
1389,4061,Girish Hiremath,59,1,0
1390,4063,Ayesha Fernandes,35,2,0
1391,4066,Pradeep Bhat,32,1,0
1392,4067,Geetha Achar,25,2,0
1393,4069,Sunita Shetty,44,2,0
1394,4070,Fathima Devaraj,83,2,0
1395,4071,Ashok Kamath,45,1,0
1396,4072,Deepa Iyer,67,2,0
1397,4076,Zainab Achar,21,2,0
1398,4083,Mary Khan,22,2,0
1399,4084,Harish Hiremath,49,1,0
1400,4087,Kiran Urs,63,1,0
1401,4088,Suresh Bhat,42,1,0
1402,4090,Zainab Kulkarni,37,2,0
1403,4092,Shobha Prabhu,68,2,0
1404,4095,Vinay Khan,23,1,0
1405,4102,Shwetha Naidu,45,2,0
1406,4103,Ratna Iyer,45,2,0
1407,4105,Sheela D'Souza,74,2,0
1408,4110,Lakshmi Desai,43,2,0
1409,4113,Ayesha Reddy,63,2,0
1410,4120,Bhagya Prabhu,28,2,0
1411,4122,Krishna Kumar,27,1,0
1412,4124,Kiran Naidu,48,1,0
1413,4125,Sowmya Reddy,38,2,0
1414,4126,Anitha Bhandari,95,2,0
1415,4131,Jayashree Reddy,41,2,0
1416,4136,Gopal Devaraj,37,1,0
1417,4137,Savitri Patil,23,2,0
1418,4139,Chandrashekar Prabhu,24,1,0
1419,4144,Deepa Prabhu,38,2,0
1420,4149,Kavya Shetty,18,2,0
1421,4152,Sheela Pinto,56,2,0
1422,4153,Mahesh Nayak,29,1,0
1423,4157,Geetha Shetty,27,2,0
1424,4158,Ayesha D'Souza,90,2,0
1425,4161,Channabasappa Bhat,54,1,0
1426,4169,Geetha Urs,29,2,0
1427,4175,Zainab Sheikh,28,2,0
1428,4176,Puttaswamy Desai,55,1,0
1429,4181,Basavaraj Gowda,68,1,0
1430,4182,Yashoda Sheikh,71,2,0
1431,4184,Umesh Urs,28,1,0
1432,4185,Shobha Poojary,51,2,0
1433,4188,Salman Reddy,23,1,0
1434,4191,Byrappa Poojary,35,1,0
1435,4195,Vani Naidu,56,2,0
1436,4198,Manjula Hiremath,40,2,0
1437,4199,Basavaraj Sheikh,31,1,0
1438,4200,Vijay Gowda,63,1,0
1439,4202,Ayesha Kumar,23,2,0
1440,4204,Vijay Naik,44,1,0
1441,4205,Ayesha Sheikh,43,2,0
1442,4206,Manjunath Kamath,57,1,0
1443,4211,Girish Kulkarni,25,1,0
1444,4212,Umesh Iyer,34,1,0
1445,4213,Roopa Naik,46,2,0
1446,4219,Manjula Naik,24,2,0
1447,4225,Jayashree Pinto,43,2,1
1448,4226,Nagaraj Kumar,30,1,0
1449,4227,Sowmya Iyer,26,2,0
1450,4236,Ratna Urs,18,2,0
1451,4237,Kiran Kumar,17,1,0
1452,4238,Nagaraj Naik,57,1,0
1453,4239,Nirmala Hiremath,26,2,0
1454,4240,Roopa Desai,26,2,0
1455,4245,Rekha Bhat,30,2,0
1456,4247,Ratna Reddy,24,2,0
1457,4250,Santosh Nayak,39,1,0
1458,4251,Radha Desai,27,2,0
1459,4255,Savitri Naidu,62,2,0
1460,4258,Bhagya Gowda,49,2,0
1461,4268,Shivakumar Rao,59,1,0
1462,4269,Shwetha Devaraj,28,2,0
1463,4270,Bhagya Iyer,29,2,0
1464,4276,Manjula Shetty,80,2,0
1465,4279,Imran Bhat,36,1,0
1466,4284,Salman Reddy,75,1,0
1467,4285,Kavya D'Souza,13,2,0
1468,4287,Anitha Kulkarni,28,2,0
1469,4290,Kiran Bhat,45,1,0
1470,4296,Krishna Achar,11,1,0
1471,4296,Rekha Shetty,37,2,0
1472,4296,Nirmala Bhat,29,2,0
1473,4298,Sunita Jadhav,44,2,0
1474,4301,Fathima Pinto,19,2,0
1475,4302,Chandrashekar Jadhav,23,1,0
1476,4304,Manjula D'Souza,40,2,0
1477,4308,Rajesh Fernandes,44,1,0
1478,4312,Ayesha Achar,35,2,0
1479,4313,Dinesh Bhat,74,1,0
1480,4315,Raghavendra Pinto,46,1,0
1481,4317,Shobha Patil,72,2,0
1482,4318,Nirmala Achar,24,2,0
1483,4319,Ibrahim Desai,45,1,0
1484,4323,Gopal Devaraj,17,1,0
1485,4325,Radha Fernandes,57,2,0
1486,4327,Sheela Hiremath,29,2,0
1487,4331,Ibrahim Devaraj,62,1,0
1488,4333,Deepa Achar,47,2,0
1489,4335,Ibrahim Devaraj,34,1,0
1490,4338,Ravi Shetty,41,1,0
1491,4342,Imran Reddy,33,1,0
1492,4344,Mary Urs,19,2,0
1493,4345,Kavya Gowda,95,2,0
1494,4346,Gopal Prabhu,38,1,0
1495,4348,Bhagya Nayak,13,2,0
1496,4351,Shobha Desai,60,2,0
1497,4356,Ratna Setty,23,2,0
1498,4357,Manjula Desai,75,2,0
1499,4358,Sheela Hiremath,37,2,0
1500,4360,Savitri Devaraj,46,2,0
1501,4361,Vani Kumar,13,2,0
1502,4362,Nagaveni Jadhav,24,2,0
1503,4363,Shivakumar Urs,65,1,0
1504,4364,Srinivas Kulkarni,78,1,0
1505,4365,Manjula Devaraj,63,2,0
1506,4367,Geetha Hiremath,22,2,0
1507,4369,Roopa Achar,44,2,0
1508,4372,Pushpa Poojary,79,2,0
1509,4372,Sandeep Naik,16,1,0
1510,4372,Pallavi Reddy,77,2,0
1511,4373,Mary Prabhu,61,2,0
1512,4376,Bhagya Prabhu,44,2,0
1513,4385,Ayesha Gowda,26,2,0
1514,4387,Kavya Setty,7,2,0
1515,4390,Kamala Shetty,19,2,0
1516,4391,Kavya Desai,9,2,0
1517,4397,Nirmala Reddy,50,2,0
1518,4398,Sheela Iyer,30,2,0
1519,4401,Pallavi Achar,29,2,0
1520,4407,Vijay Kamath,17,1,0
1521,4408,Pushpa Urs,22,2,0
1522,4409,Vani Bhat,34,2,0
1523,4412,Ibrahim Patil,45,1,0
1524,4413,Nirmala Devaraj,62,2,0
1525,4414,Manjula Nayak,23,2,0
1526,4416,Nagaraj Naidu,55,1,0
1527,4418,Fathima Hiremath,77,2,0
1528,4420,Srinivas Urs,58,1,1
1529,4422,Kavya Bhat,16,2,0
1530,4423,Ibrahim Kumar,44,1,0
1531,4426,Kavya Bhandari,17,2,0
1532,4427,Salman Pinto,37,1,0
1533,4439,Manjunath D'Souza,41,1,0
1534,4443,Nagaveni Setty,33,2,0
1535,4451,Deepa Reddy,43,2,0
1536,4452,Santosh Kumar,37,1,0
1537,4455,Vijay Reddy,53,1,0
1538,4456,Anitha Prabhu,49,2,0
1539,4457,Ayesha Bhat,78,2,0
1540,4458,Vinay Bhandari,33,1,0
1541,4462,Nagaveni Khan,21,2,0
1542,4464,Fathima Kamath,38,2,0
1543,4468,Bhagya Kumar,33,2,0
1544,4474,Geetha Fernandes,32,2,0
1545,4476,Ashok Shetty,68,1,0
1546,4481,Shobha Iyer,43,2,0
1547,4486,Deepa Hiremath,52,2,0
1548,4490,Ganesh Pinto,22,1,0
1549,4493,John Jadhav,40,1,0
1550,4494,Channabasappa Patil,25,1,0
1551,4495,Rekha Bhat,27,2,0
1552,4500,Shwetha Fernandes,10,2,0
1553,4501,Nagaveni Rao,27,2,0
1554,4502,Jayashree Shetty,48,2,0
1555,4504,Basavaraj Prabhu,48,1,0
1556,4505,Anthony Kumar,12,1,0
1557,4511,Ratna Bhandari,68,2,0
1558,4514,Lokesh Iyer,31,1,0
1559,4517,Yashoda Reddy,36,2,0
1560,4517,Raghavendra Patil,58,1,0
1561,4517,Sandeep Setty,57,1,0
1562,4524,Shwetha Naidu,36,2,0
1563,4525,Deepa Kulkarni,21,2,0
1564,4526,Sheela Patil,23,2,0
1565,4528,Sheela Bhat,45,2,0
1566,4529,Lakshmi Hegde,46,2,0
1567,4533,Fathima Pinto,16,2,0
1568,4534,Sowmya Achar,82,2,0
1569,4535,Raghavendra Naik,38,1,0
1570,4536,Mary Pinto,43,2,0
1571,4540,Fathima Iyer,72,2,0
1572,4545,Pallavi Pinto,57,2,0
1573,4552,Raghavendra Devaraj,55,1,0
1574,4553,Nagaveni Achar,20,2,0
1575,4557,Prakash Reddy,49,1,0
1576,4558,Harish Jadhav,36,1,0
1577,4561,Zainab Naik,24,2,0
1578,4563,Rekha Naik,95,2,0
1579,4566,Mahesh Rao,21,1,0
1580,4567,Puttaswamy Poojary,46,1,0
1581,4568,Sowmya Kulkarni,49,2,0
1582,4569,Fathima Reddy,43,2,0
1583,4571,Nandini Khan,21,2,0
1584,4574,Bhagya Reddy,35,2,0
1585,4577,Halappa Bhat,66,1,0
1586,4578,Anthony Desai,46,1,0
1587,4582,Pallavi Achar,29,2,0
1588,4583,Ratna Naidu,24,2,0
1589,4587,Kamala Fernandes,30,2,0
1590,4588,Manjula D'Souza,50,2,0
1591,4593,Girish Naidu,37,1,0
1592,4594,Deepa Kumar,37,2,0
1593,4596,Ayesha Shetty,29,2,0
1594,4599,Nagaveni Prabhu,46,2,0
1595,4600,Nirmala Khan,43,2,0
1596,4605,Kavya Bhat,30,2,0
1597,4606,Chandrashekar Jadhav,59,1,0
1598,4609,Ayesha Reddy,13,2,0
1599,4612,Lakshmi Hiremath,26,2,0
1600,4613,Lakshmi Kumar,34,2,0
1601,4617,Savitri Nayak,36,2,0
1602,4618,Roopa Gowda,59,2,0
1603,4621,Halappa Setty,18,1,0
1604,4622,Salman Shetty,3,1,0
1605,4632,Bhagya Nayak,42,2,0
1606,4633,Zainab Reddy,94,2,0
1607,4634,Anthony Sheikh,25,1,0
1608,4636,Pushpa Desai,55,2,0
1609,4637,Manjunath D'Souza,35,1,0
1610,4638,Kavya Kamath,22,2,0
1611,4642,Halappa Gowda,35,1,0
1612,4643,Geetha Bhandari,54,2,0
1613,4645,Pushpa Shetty,65,2,0
1614,4646,Vijay Rao,27,1,0
1615,4654,John Naidu,19,1,0
1616,4655,Shobha Kumar,12,2,0
1617,4662,Byrappa Setty,24,1,0
1618,4666,Roopa Bhat,58,2,0
1619,4671,Radha Hiremath,16,2,0
1620,4672,Nirmala Hegde,75,2,0
1621,4674,Geetha Prabhu,31,2,0
1622,4676,Vani Devaraj,9,2,0
1623,4679,Sowmya Poojary,33,2,0
1624,4679,Kamala Bhat,21,2,0
1625,4682,Nagaveni Nayak,55,2,0
1626,4683,Shwetha Kumar,50,2,0
1627,4684,Imran Fernandes,28,1,0
1628,4690,Gopal Devaraj,71,1,0
1629,4694,Anitha Poojary,26,2,0
1630,4698,Naveen Desai,43,1,0
1631,4699,Yashoda Bhat,35,2,0
1632,4701,Nirmala Gowda,42,2,0
1633,4702,Joseph Devaraj,20,1,0
1634,4713,Yusuf Reddy,48,1,0
1635,4714,Abdul Prabhu,44,1,0
1636,4719,Sowmya Prabhu,69,2,0
1637,4720,Savitri Kamath,22,2,0
1638,4722,Ayesha Kamath,21,2,0
1639,4725,Radha Poojary,31,2,0
1640,4732,Basavaraj D'Souza,31,1,0
1641,4734,Rajesh Urs,35,1,0
1642,4736,Manjula Jadhav,44,2,0
1643,4737,Naveen Prabhu,42,1,0
1644,4743,Nagaveni Achar,27,2,0
1645,4745,Anthony Naik,38,1,0
1646,4747,Shobha Jadhav,38,2,0
1647,4748,Jayashree Naidu,23,2,0
1648,4751,Sheela Prabhu,31,2,0
1649,4753,Ramesh Rao,69,1,0
1650,4757,Ayesha Reddy,33,2,0
1651,4761,Yusuf Reddy,30,1,0
1652,4766,Kamala Naik,34,2,0
1653,4770,Prakash Urs,53,1,0
1654,4782,Kamala Shetty,65,2,0
1655,4784,Dinesh Hiremath,40,1,0
1656,4789,Krishna Kamath,45,1,0
1657,4789,Kamala Khan,45,2,0
1658,4789,John Desai,28,1,0
1659,4790,Chandrashekar Shetty,60,1,0
1660,4791,Suresh Poojary,50,1,0
1661,4795,Zainab Patil,28,2,0
1662,4802,Pushpa Urs,71,2,0
1663,4805,Radha Kumar,55,2,0
1664,4806,Rajesh Iyer,35,1,0
1665,4807,Byrappa Jadhav,28,1,0
1666,4808,Rajesh Naik,43,1,0
1667,4808,Channabasappa Desai,32,1,0
1668,4809,Nagaveni Fernandes,33,2,0
1669,4813,Sheela D'Souza,59,2,0
1670,4814,Deepa Poojary,21,2,0
1671,4815,Kavya Khan,33,2,0
1672,4817,Savitri Reddy,33,2,0
1673,4819,Prakash Gowda,62,1,0
1674,4824,Chandrashekar Achar,43,1,0
1675,4825,Yashoda Reddy,40,2,0
1676,4826,Manjula Kamath,25,2,0
1677,4830,Imran Jadhav,95,1,0
1678,4834,Nagaveni Achar,23,2,0
1679,4841,Kavya Bhat,33,2,0
1680,4843,Kavya Kamath,16,2,0
1681,4844,Lakshmi Bhandari,29,2,0
1682,4846,Srinivas Sheikh,44,1,0
1683,4849,Kavya Kamath,34,2,0
1684,4852,Fathima Fernandes,61,2,0
1685,4855,Manjula Naidu,15,2,0
1686,4856,Deepak Urs,27,1,0
1687,4857,Sheela Sheikh,45,2,0
1688,4859,Zainab Poojary,56,2,0
1689,4860,Geetha Reddy,38,2,0
1690,4861,Pradeep Gowda,32,1,0
1691,4865,Harish Rao,13,1,0
1692,4869,Jayashree Rao,20,2,0
1693,4871,Sheela Bhandari,12,2,0
1694,4875,Ratna Naidu,26,2,0
1695,4877,Manjula Kumar,52,2,0
1696,4878,Pallavi Hiremath,48,2,0
1697,4880,Vani Jadhav,31,2,0
1698,4883,Halappa Devaraj,29,1,0
1699,4884,Srinivas Gowda,36,1,0
1700,4889,Manjula Hegde,56,2,0
1701,4890,Jayashree Kamath,46,2,0
1702,4891,Pallavi Jadhav,25,2,1
1703,4894,Sunita Kumar,38,2,0
1704,4896,Anitha Hegde,88,2,0
1705,4898,Ramesh Jadhav,89,1,0
1706,4899,Yogesh Urs,44,1,0
1707,4901,Rekha Fernandes,27,2,0
1708,4910,Jayashree Gowda,61,2,0
1709,4912,Zainab Nayak,54,2,0
1710,4914,Yashoda Poojary,59,2,0
1711,4916,Savitri Rao,62,2,0
1712,4917,Chandrashekar Prabhu,50,1,0
1713,4918,Dinesh Bhat,53,1,0
1714,4920,Chandrashekar Gowda,25,1,0
1715,4923,Halappa Pinto,38,1,0
1716,4924,Nagaraj Gowda,15,1,0
1717,4926,Sheela Bhat,30,2,0
1718,4931,Lakshmi Kumar,38,2,0
1719,4934,Radha Iyer,23,2,0
1720,4938,Deepa Kulkarni,83,2,0
1721,4941,Sheela Desai,43,2,0
1722,4946,Ganesh Gowda,9,1,0
1723,4948,Yashoda Bhat,25,2,0
1724,4949,Anitha Kulkarni,28,2,0
1725,4956,Channabasappa Bhandari,62,1,0
1726,4960,Rekha Reddy,59,2,0
1727,4961,Sheela Nayak,38,2,0
1728,4962,Shobha Patil,21,2,0
1729,4967,Kamala Reddy,22,2,0
1730,4968,Fathima Patil,9,2,0
1731,4970,Jayashree Urs,8,2,0
1732,4974,Fathima Hegde,36,2,0
1733,4976,Bhagya Pinto,29,2,0
1734,4979,Manjunath D'Souza,57,1,0
1735,4982,Byrappa Kamath,48,1,0
1736,4986,Nandini Kulkarni,38,2,0
1737,4991,Arjun Pinto,23,1,0
1738,4994,Ratna Jadhav,63,2,0
1739,4998,Geetha Nayak,65,2,0
1740,5000,Zainab Prabhu,20,2,0
1741,5001,Sowmya Reddy,15,2,0
1742,5007,Kamala Reddy,9,2,0
1743,5010,Ashok Pinto,35,1,0
1744,5016,Sowmya Bhat,41,2,0
1745,5017,Sheela Kumar,36,2,0
1746,5020,Rekha D'Souza,21,2,0
1747,5026,Sowmya Shetty,30,2,0
1748,5027,Nandini Pinto,24,2,1
1749,5030,Pradeep Naidu,40,1,0
1750,5031,Yashoda Sheikh,25,2,0
1751,5033,Ayesha Devaraj,15,2,0
1752,5035,Kavya Achar,50,2,0
1753,5038,Deepa Khan,62,2,0
1754,5045,Deepak Hegde,75,1,0
1755,5047,Roopa Hegde,16,2,0
1756,5050,Ratna Achar,41,2,0
1757,5053,Bhagya Prabhu,71,2,0
1758,5056,Yusuf Kamath,45,1,0
1759,5060,Deepa Gowda,72,2,0
1760,5066,Muniraju Reddy,68,1,0
1761,5071,Fathima Iyer,35,2,0
1762,5078,Ratna Pinto,14,2,0
1763,5079,Puttaswamy D'Souza,21,1,0
1764,5083,Jayashree Devaraj,73,2,0
1765,5086,Rajesh Naik,21,1,0
1766,5088,Imran Pinto,48,1,0
1767,5089,Bhagya Bhandari,43,2,0
1768,5090,Vijay Naik,24,1,0
1769,5095,Srinivas Kumar,27,1,0
1770,5097,Deepa Fernandes,53,2,0
1771,5098,Anitha Prabhu,49,2,0
1772,5101,Mary Patil,61,2,0
1773,5102,Ganesh Reddy,39,1,0
1774,5103,Ratna Jadhav,52,2,0
1775,5106,Jayashree Pinto,71,2,0
1776,5108,Deepa Kulkarni,44,2,0
1777,5110,Vijay Prabhu,51,1,0
1778,5111,Pallavi Jadhav,39,2,0
1779,5112,Chandrashekar Nayak,33,1,0
1780,5114,Harish Prabhu,22,1,0
1781,5115,Yashoda Hegde,38,2,0
1782,5124,Roopa Reddy,75,2,0
1783,5129,Joseph Reddy,61,1,0
1784,5131,Shobha Bhandari,39,2,0
1785,5139,Ratna Prabhu,50,2,0
1786,5141,Shobha Sheikh,59,2,0
1787,5142,Jayashree Pinto,6,2,0
1788,5148,Yashoda Patil,67,2,0
1789,5152,Zainab Iyer,24,2,0
1790,5154,Fathima Reddy,25,2,0
1791,5156,Sheela Desai,56,2,0
1792,5158,Mary Gowda,23,2,0
1793,5161,Puttaswamy Achar,32,1,0
1794,5164,Krishna Nayak,26,1,0
1795,5168,Kavya Rao,33,2,0
1796,5173,Vinay Bhandari,36,1,0
1797,5175,Kamala Kumar,32,2,0
1798,5179,Anthony Devaraj,32,1,1
1799,5181,Ayesha Jadhav,9,2,0
1800,5182,Nagaraj Nayak,40,1,0
1801,5187,Sheela Achar,42,2,0
1802,5189,Pradeep Rao,46,1,0
1803,5189,Raghavendra D'Souza,15,1,0
1804,5189,Mary Bhandari,24,2,0
1805,5191,Krishna Desai,70,1,0
1806,5200,Anitha Reddy,20,2,0
1807,5201,Ratna Gowda,26,2,0
1808,5202,Imran Urs,35,1,0
1809,5202,Pallavi Reddy,91,2,0
1810,5204,Umesh Kumar,28,1,0
1811,5206,Dinesh Setty,45,1,0
1812,5223,Pallavi Kamath,92,2,0
1813,5225,Pushpa Sheikh,69,2,0
1814,5230,Nagaveni Desai,14,2,0
1815,5231,Imran Rao,6,1,0
1816,5233,Sunita Urs,18,2,0
1817,5235,Byrappa Iyer,12,1,0
1818,5237,Vani Reddy,26,2,0
1819,5243,Manjunath Desai,23,1,0
1820,5245,Kavya Pinto,13,2,0
1821,5246,Salman Naidu,30,1,0
1822,5248,Lakshmi Reddy,20,2,0
1823,5256,Ibrahim Naidu,36,1,0
1824,5260,Nirmala Desai,40,2,0
1825,5262,Nagaveni Urs,10,2,0
1826,5266,Savitri D'Souza,55,2,0
1827,5268,Roopa Fernandes,29,2,0
1828,5270,John Naidu,61,1,0
1829,5274,Suresh Bhat,60,1,0
1830,5284,Girish Khan,28,1,0
1831,5288,Manjula Khan,38,2,0
1832,5289,Kavya Hiremath,23,2,0
1833,5289,Ayesha Iyer,43,2,0
1834,5292,Girish Prabhu,48,1,0
1835,5295,Mary Rao,21,2,0
1836,5296,Joseph Naik,20,1,0
1837,5300,Ganesh Sheikh,68,1,0
1838,5301,John Rao,34,1,0
1839,5306,Anitha Rao,23,2,0
1840,5308,Kiran Khan,23,1,0
1841,5315,Mary Reddy,68,2,0
1842,5318,Nandini Rao,38,2,0
1843,5320,Nirmala Poojary,45,2,0
1844,5326,Anitha Fernandes,34,2,0
1845,5329,Anthony Bhandari,39,1,0
1846,5331,Rekha Reddy,22,2,0
1847,5333,Kavya Gowda,50,2,0
1848,5335,Manoj Jadhav,77,1,0
1849,5337,Deepa Jadhav,71,2,0
1850,5342,Sandeep Khan,6,1,0
1851,5344,Radha Jadhav,28,2,0
1852,5347,Shwetha Kulkarni,12,2,0
1853,5350,Ratna Fernandes,31,2,0
1854,5354,Mary Reddy,65,2,0
1855,5356,Radha Naik,56,2,0
1856,5360,Vani Patil,21,2,0
1857,5361,Manjula Rao,22,2,0
1858,5363,Manoj Devaraj,27,1,0
1859,5364,Rekha D'Souza,37,2,0
1860,5364,Sowmya Desai,34,2,0
1861,5365,Radha Kamath,15,2,0
1862,5366,Yusuf Bhat,50,1,0
1863,5369,Vani Achar,65,2,0
1864,5373,Naveen Naik,26,1,0
1865,5374,Manjula Poojary,14,2,0
1866,5378,Savitri Kulkarni,47,2,0
1867,5385,Pushpa Gowda,35,2,0
1868,5386,Nagaveni Bhat,33,2,0
1869,5387,Basavaraj Shetty,20,1,0
1870,5390,Gopal Hiremath,39,1,0
1871,5391,Ramesh Gowda,43,1,0
1872,5393,Nagaveni Pinto,38,2,0
1873,5393,Pradeep Achar,39,1,0
1874,5394,Deepa Fernandes,23,2,0
1875,5399,Shobha Devaraj,5,2,0
1876,5402,Bhagya Naik,70,2,0
1877,5412,Savitri Devaraj,92,2,0
1878,5414,Nandini Nayak,13,2,0
1879,5416,Ibrahim Shetty,47,1,0
1880,5417,Dinesh Pinto,21,1,0
1881,5418,Fathima Shetty,32,2,0
1882,5422,Sowmya Hiremath,28,2,0
1883,5426,Xavier Iyer,28,1,0
1884,5431,Puttaswamy Gowda,89,1,0
1885,5433,Ratna Hegde,63,2,0
1886,5435,Joseph Kulkarni,27,1,0
1887,5437,Kamala Devaraj,47,2,0
1888,5441,Lakshmi Iyer,14,2,0
1889,5445,Nirmala Poojary,38,2,0
1890,5448,Byrappa Jadhav,41,1,0
1891,5451,Sheela Khan,23,2,0
1892,5457,Sowmya Poojary,51,2,0
1893,5458,Channabasappa Fernandes,47,1,0
1894,5460,Arjun Prabhu,14,1,0
1895,5461,Manjunath Kulkarni,19,1,0
1896,5463,Nirmala Desai,31,2,0
1897,5465,Ayesha Pinto,42,2,0
1898,5466,Joseph Naidu,40,1,0
1899,5467,Jayashree Kumar,23,2,0
1900,5468,Vani Iyer,28,2,0
1901,5473,Mary Reddy,71,2,0
1902,5484,Yogesh Patil,20,1,0
1903,5485,Prakash Urs,17,1,0
1904,5486,Mary Setty,50,2,0
1905,5488,Pushpa Desai,21,2,0
1906,5489,Raghavendra Urs,70,1,0
1907,5494,Bhagya Iyer,27,2,0
1908,5499,Anitha Nayak,23,2,0
1909,5501,Lakshmi Iyer,21,2,0
1910,5504,Prakash Patil,46,1,0
1911,5506,Mary Reddy,20,2,0
1912,5508,Girish Pinto,65,1,0
1913,5512,Yusuf Patil,10,1,0
1914,5515,Anitha Shetty,42,2,0
1915,5520,Dinesh Naidu,57,1,0
1916,5521,Vani Setty,28,2,0
1917,5523,Mary Devaraj,45,2,0
1918,5524,Shwetha Kamath,15,2,0
1919,5528,Basavaraj Patil,67,1,0
1920,5529,Yusuf Kumar,66,1,0
1921,5530,Rekha Kumar,26,2,0
1922,5533,Anand Desai,40,1,0
1923,5537,Yogesh Prabhu,71,1,0
1924,5541,Fathima Achar,38,2,0
1925,5545,Rajesh Poojary,18,1,0
1926,5551,Nandini Naidu,31,2,0
1927,5553,Nagaraj Gowda,44,1,0
1928,5555,Sheela Jadhav,28,2,0
1929,5559,Girish Prabhu,72,1,0
1930,5561,Jayashree Reddy,33,2,0
1931,5563,Ratna Iyer,27,2,0
1932,5565,Ashok Achar,16,1,0
1933,5565,Abdul Bhat,9,1,0
1934,5569,Pushpa Bhat,34,2,1
1935,5570,Zainab Urs,36,2,0
1936,5577,Salman Pinto,20,1,0
1937,5583,Zainab Jadhav,43,2,0
1938,5584,Sowmya Shetty,32,2,0
1939,5586,Pallavi Fernandes,38,2,0
1940,5588,Kavya Gowda,22,2,0
1941,5590,Channabasappa Shetty,42,1,0
1942,5594,Nandini Kulkarni,35,2,0
1943,5596,Mary Fernandes,17,2,0
1944,5597,Girish Fernandes,37,1,0
1945,5600,Naveen Setty,95,1,0
1946,5602,Kamala Jadhav,49,2,0
1947,5603,Savitri Devaraj,28,2,0
1948,5608,Sheela Hiremath,30,2,0
1949,5610,Manoj Setty,57,1,0
1950,5614,Jayashree Kamath,22,2,0
1951,5616,Rekha Kamath,57,2,0
1952,5617,Shobha Nayak,57,2,0
1953,5619,Zainab Naidu,41,2,0
1954,5620,Anthony Setty,54,1,0
1955,5621,Rekha Urs,49,2,0
1956,5622,Ayesha Hegde,30,2,0
1957,5623,Mary Jadhav,7,2,0
1958,5626,Roopa Devaraj,59,2,0
1959,5628,Ibrahim Setty,25,1,0
1960,5634,Nandini Poojary,75,2,0
1961,5635,Ratna Poojary,8,2,0
1962,5638,Pallavi Kumar,21,2,0
1963,5641,Geetha Devaraj,48,2,0
1964,5643,Ganesh Kumar,41,1,0
1965,5644,Savitri Urs,46,2,0
1966,5649,Anitha Desai,71,2,0
1967,5651,Anitha Nayak,43,2,0
1968,5658,Roopa Khan,16,2,0
1969,5662,Zainab D'Souza,25,2,0
1970,5665,Xavier Naidu,33,1,0
1971,5668,Lakshmi Jadhav,48,2,0
1972,5668,Santosh Iyer,28,1,0
1973,5669,Ratna Kamath,53,2,0
1974,5670,Nagaraj Khan,43,1,0
1975,5672,Sowmya Desai,18,2,0
1976,5673,Halappa Kumar,51,1,0
1977,5674,Manoj Prabhu,45,1,0
1978,5684,John Pinto,33,1,1
1979,5690,Shwetha Prabhu,34,2,0
1980,5694,Xavier Patil,46,1,0
1981,5696,Zainab Sheikh,61,2,0
1982,5698,Nagaveni Achar,28,2,0
1983,5699,Manjunath Bhandari,59,1,0
1984,5701,Yogesh Hiremath,19,1,0
1985,5702,Umesh Rao,29,1,0
1986,5703,Pallavi Naidu,37,2,0
1987,5704,Deepa Setty,48,2,0
1988,5706,Mary Khan,44,2,0
1989,5707,Ashok Kulkarni,32,1,0
1990,5709,Kamala Bhandari,49,2,0
1991,5713,Abdul Nayak,53,1,1
1992,5714,Shobha Naik,51,2,0
1993,5724,Sowmya Sheikh,25,2,0
1994,5725,Zainab Kamath,39,3,0
1995,5731,Shwetha Devaraj,50,2,0
1996,5733,Kamala Hegde,56,2,0
1997,5739,Shobha Reddy,76,2,0
1998,5740,Naveen Desai,28,1,0
1999,5746,Anitha Urs,20,2,0
2000,5747,Nirmala Naidu,73,2,0
2001,5751,Zainab Naidu,19,2,0
2002,5755,Shobha Iyer,18,2,0
2003,5757,Salman Desai,39,1,0
2004,5763,Sowmya Pinto,42,2,0
2005,5766,Kiran Desai,78,1,0
2006,5772,Nagaveni Pinto,50,2,0
2007,5773,Sandeep Poojary,20,1,0
2008,5774,Bhagya Hegde,87,2,0
2009,5776,Lakshmi Setty,73,2,0
2010,5780,Kiran Reddy,12,1,0
2011,5781,Deepak Kamath,63,1,0
2012,5783,Deepak Setty,57,1,0
2013,5785,Shobha Desai,21,2,0
2014,5786,Vijay Reddy,44,1,0
2015,5789,Zainab Achar,47,2,0
2016,5792,Vinay Shetty,58,1,0
2017,5798,Byrappa Naidu,33,1,0
2018,5807,Dinesh Bhat,24,1,0
2019,5810,Girish Khan,57,1,0
2020,5811,Vani Kumar,32,2,0
2021,5812,Mary Hegde,16,2,0
2022,5816,Shobha Fernandes,51,2,0
2023,5818,Imran Kumar,49,1,0
2024,5820,Rajesh Desai,76,1,0
2025,5823,Nandini Reddy,28,2,0
2026,5827,Joseph Fernandes,49,1,0
2027,5827,Harish Patil,48,1,0
2028,5827,Suresh Patil,57,1,0
2029,5831,Anand Poojary,28,1,0
2030,5833,Ayesha Sheikh,37,2,0
2031,5834,Radha Prabhu,60,2,0
2032,5838,Arjun Pinto,80,1,0
2033,5846,Muniraju Rao,90,1,0
2034,5849,Sunita Kulkarni,26,2,0
2035,5851,Yashoda Naik,31,2,0
2036,5857,Arjun Achar,32,1,0
2037,5858,Radha Hiremath,5,2,0
2038,5859,Karan Desai,22,1,0
2039,5862,Chandrashekar Bhat,34,1,0
2040,5867,Sheela Hiremath,14,2,0
2041,5868,Vani Naidu,65,2,0
2042,5869,Nagaveni Desai,55,2,0
2043,5870,Jayashree D'Souza,34,2,0
2044,5871,Sowmya D'Souza,30,2,0
2045,5874,Sheela Jadhav,41,2,0
2046,5877,Deepa Sheikh,43,2,0
2047,5878,Ratna Rao,95,2,0
2048,5880,Manjunath Sheikh,32,1,0
2049,5885,Sheela Urs,28,2,0
2050,5888,Anitha Naidu,19,2,0
2051,5889,Sunita Desai,29,2,0
2052,5891,Channabasappa Achar,31,1,0
2053,5893,Deepak Hegde,55,1,0
2054,5900,Srinivas Patil,42,1,0
2055,5901,Anitha Bhandari,71,2,0
2056,5902,Fathima Fernandes,22,2,0
2057,5908,Deepa Sheikh,48,2,0
2058,5911,Ayesha Devaraj,62,2,0
2059,5912,Geetha Patil,56,2,0
2060,5915,Ratna Naidu,32,2,0
2061,5917,Shobha Reddy,78,2,0
2062,5918,Arjun Urs,40,1,0
2063,5921,Suresh Setty,3,1,0
2064,5928,Kamala Hegde,19,2,0
2065,5931,Bhagya Kumar,38,2,0
2066,5933,Jayashree Naidu,22,2,0
2067,5940,Puttaswamy Prabhu,47,1,0
2068,5943,Sunita Kumar,14,2,0
2069,5944,Vijay D'Souza,24,1,0
2070,5949,Nandini Reddy,36,2,0
2071,5953,Channabasappa Rao,63,1,0
2072,5961,Anthony Jadhav,88,1,0
2073,5962,Imran Shetty,38,1,0
2074,5963,Zainab Hegde,57,2,0
2075,5965,Radha Bhat,34,2,0
2076,5969,Umesh Kumar,39,1,0
2077,5974,Karan Nayak,16,1,0
2078,5977,Naveen D'Souza,27,1,0
2079,5980,Shobha Naidu,53,2,0
2080,5984,Shivakumar Patil,58,1,0
2081,5985,Nirmala Gowda,13,2,0
2082,5987,Vijay Rao,41,1,0
2083,5989,Savitri Shetty,39,2,0
2084,5991,Radha Nayak,46,2,0
2085,5992,Yashoda Iyer,50,2,0
2086,5993,Shwetha Prabhu,31,2,1
2087,5996,Puttaswamy Hegde,18,1,0
2088,5997,Manjula Desai,11,2,0
2089,5998,Srinivas Patil,29,1,0
2090,5999,Shivakumar Fernandes,35,1,0
2091,6002,Savitri Gowda,86,2,0
2092,6003,Rekha Shetty,36,2,0
2093,6004,Pallavi Sheikh,32,2,0
2094,6005,Deepa Gowda,39,2,0
2095,6007,Sowmya Khan,80,2,0
2096,6008,Halappa Iyer,24,1,0
2097,6012,Yashoda Kumar,41,2,0
2098,6014,Anitha Kumar,23,2,0
2099,6018,Shwetha Hegde,38,2,0
2100,6023,Yogesh Kumar,57,1,0
2101,6025,Salman Patil,62,1,0
2102,6030,Santosh Kumar,45,1,0
2103,6039,Dinesh Kulkarni,36,1,0
2104,6042,Shivakumar Poojary,40,1,0
2105,6044,Lakshmi Shetty,38,2,0
2106,6050,Pallavi Prabhu,49,2,0
2107,6051,Shwetha Khan,48,2,0
2108,6063,Roopa Prabhu,17,2,0
2109,6067,Nirmala Khan,20,2,1
2110,6070,Kamala Nayak,29,2,0
2111,6072,Radha Kamath,23,2,0
2112,6075,Pallavi Naik,43,2,0
2113,6078,Pallavi Kulkarni,58,2,0
2114,6082,Lokesh D'Souza,19,1,0
2115,6082,Nagaraj Prabhu,41,1,0
2116,6082,Santosh Kumar,38,1,0
2117,6085,Shwetha Achar,27,2,0
2118,6086,Chandrashekar Hiremath,44,1,0
2119,6088,Ratna Khan,44,2,0
2120,6096,Deepa Bhandari,58,2,0
2121,6097,Jayashree Patil,53,2,0
2122,6098,Joseph Kulkarni,53,1,0
2123,6099,Jayashree Shetty,62,2,0
2124,6107,Mary Naik,33,2,0
2125,6108,Yashoda Bhat,33,2,0
2126,6109,Ayesha Sheikh,57,2,0
2127,6115,Zainab Bhandari,53,2,0
2128,6117,Geetha Desai,49,2,0
2129,6120,Radha Poojary,44,2,0
2130,6124,Sandeep Shetty,19,1,0
2131,6128,Deepa Kulkarni,44,2,0
2132,6134,Radha Achar,43,2,0
2133,6139,Pushpa Prabhu,64,2,0
2134,6147,Savitri Bhandari,32,2,0
2135,6148,Yusuf Fernandes,47,1,0
2136,6151,Anitha Fernandes,19,2,0
2137,6153,Kamala Achar,10,2,0
2138,6155,Vijay Naidu,10,1,0
2139,6160,Halappa Setty,70,1,0
2140,6161,Nagaveni Jadhav,23,2,0
2141,6163,Anitha Iyer,43,2,0
2142,6167,Manjunath Kumar,39,1,0
2143,6169,Shobha Shetty,26,2,0
2144,6170,Pradeep Kumar,24,1,0
2145,6171,Ibrahim Jadhav,52,1,0
2146,6173,Kavya Devaraj,80,2,0
2147,6175,Yusuf Fernandes,40,1,0
2148,6176,Kamala Bhandari,42,2,0
2149,6178,Kavya Kamath,15,2,0
2150,6184,Sandeep Hiremath,62,1,0
2151,6191,Anitha Desai,51,2,0
2152,6192,Rajesh Patil,47,1,0
2153,6193,Joseph Desai,15,1,0
2154,6196,Lakshmi Kulkarni,29,2,0
2155,6203,Nagaveni Fernandes,58,2,0
2156,6210,Roopa Hiremath,51,2,0
2157,6211,Krishna Naidu,46,1,0
2158,6213,Zainab Urs,20,2,0
2159,6218,Mary D'Souza,54,2,0
2160,6219,Pushpa Pinto,31,2,0
2161,6221,Pushpa Bhandari,24,2,0
2162,6221,Nandini D'Souza,18,2,0
2163,6223,Geetha Jadhav,37,2,0
2164,6224,Sowmya Shetty,74,2,0
2165,6226,Kavya Urs,28,2,0
2166,6228,Kiran D'Souza,13,1,0
2167,6230,Kavya Naik,30,2,0
2168,6234,Nagaveni Kulkarni,29,2,0
2169,6235,Joseph Naidu,19,1,0
2170,6239,Yogesh Pinto,30,1,0
2171,6241,Ibrahim Devaraj,72,1,0
2172,6244,Sheela Sheikh,35,2,0
2173,6245,Yusuf Iyer,64,1,0
2174,6246,Kiran Shetty,34,1,0
2175,6251,Bhagya Prabhu,65,2,0
2176,6253,Anthony Kamath,33,1,0
2177,6254,Shwetha Hiremath,15,2,0
2178,6259,Nandini Jadhav,36,3,0
2179,6260,Rekha D'Souza,11,2,0
2180,6266,Pallavi Reddy,52,2,1
2181,6269,Sunita Desai,37,2,0
2182,6275,Suresh Bhat,42,1,0
2183,6277,Bhagya Prabhu,15,2,0
2184,6279,Bhagya Jadhav,76,2,0
2185,6280,Roopa Naidu,32,2,0
2186,6284,Nirmala Patil,24,2,0
2187,6287,Arjun Kulkarni,33,1,0
2188,6289,Radha Fernandes,50,2,0
2189,6293,Yashoda Kumar,40,2,0
2190,6295,Imran Setty,43,1,0
2191,6301,Nagaraj Gowda,63,1,0
2192,6302,Shwetha Devaraj,55,2,0
2193,6306,Kavya Naidu,66,2,0
2194,6307,Sheela Devaraj,12,2,0
2195,6310,Bhagya Nayak,45,2,0
2196,6310,Gopal Kumar,22,1,0
2197,6319,Karan Patil,20,1,0
2198,6321,Rekha Bhandari,46,2,0
2199,6325,Yusuf Hiremath,66,1,0
2200,6327,Deepa Setty,15,2,0
2201,6328,Nandini Shetty,56,2,1
2202,6329,Mahesh Patil,35,1,0
2203,6330,Anitha Bhat,53,2,0
2204,6331,Bhagya Patil,5,2,0
2205,6332,Anitha Poojary,75,2,0
2206,6335,Anand Poojary,44,1,0
2207,6337,Dinesh Iyer,31,1,0
2208,6339,Lakshmi Desai,23,2,0
2209,6340,Roopa Sheikh,95,2,0
2210,6344,Puttaswamy Setty,26,1,0
2211,6346,Vani Rao,36,2,0
2212,6347,Ratna Naidu,55,2,0
2213,6348,Karan Jadhav,42,1,0
2214,6351,Roopa Kulkarni,32,2,0
2215,6360,Nandini Setty,26,2,0
2216,6363,Vinay Reddy,41,1,0
2217,6364,Geetha Reddy,19,2,0
2218,6368,Kamala Achar,16,2,0
2219,6371,Pushpa Kamath,46,2,0
2220,6372,Anitha Patil,67,2,0
2221,6373,Deepa Pinto,49,2,0
2222,6374,Raghavendra Bhandari,16,1,0
2223,6375,Ravi Iyer,34,1,0
2224,6377,Kamala Sheikh,43,2,0
2225,6385,Lakshmi Naidu,31,2,0
2226,6394,Ganesh Patil,19,1,0
2227,6395,Yashoda Naidu,23,2,0
2228,6407,Shobha Devaraj,28,2,0
2229,6409,Kamala Kumar,51,2,0
2230,6420,Kavya Pinto,63,2,0
2231,6421,Pradeep Desai,36,1,0
2232,6426,Geetha Bhat,27,2,1
2233,6432,Mary Rao,34,2,0
2234,6434,Sheela Khan,18,2,0
2235,6438,Ibrahim Reddy,83,1,0
2236,6439,Mary Fernandes,22,2,0
2237,6441,Ratna Rao,30,2,0
2238,6442,Mary Sheikh,21,2,0
2239,6445,Ayesha Desai,54,2,0
2240,6449,Yashoda Naidu,41,2,0
2241,6462,Ayesha Urs,37,2,0
2242,6474,Anand Rao,13,1,0
2243,6475,Yusuf Khan,64,1,0
2244,6478,Radha Desai,53,2,0
2245,6480,Kavya Bhat,35,2,0
2246,6483,Sunita Khan,87,2,0
2247,6485,Rajesh Gowda,32,1,0
2248,6487,Ayesha Kulkarni,86,2,0
2249,6488,Basavaraj Nayak,38,1,0
2250,6491,Rajesh Bhandari,74,1,0
2251,6500,Sunita Jadhav,42,2,0
2252,6503,Rajesh Sheikh,12,1,0
2253,6505,Lakshmi Devaraj,45,2,0
2254,6508,Pradeep Pinto,48,1,1
2255,6511,Savitri Patil,35,2,0
2256,6513,Shwetha Jadhav,23,2,0
2257,6514,Kamala Jadhav,12,2,0
2258,6517,Lokesh Devaraj,33,1,0
2259,6519,Bhagya Iyer,41,2,0
2260,6521,Nagaveni Nayak,34,2,0
2261,6522,Rekha Reddy,38,2,0
2262,6523,Shwetha Iyer,19,2,0
2263,6528,Naveen Rao,62,1,0
2264,6531,Chandrashekar Nayak,58,1,0
2265,6532,Ravi Hegde,40,1,0
2266,6534,Fathima Reddy,43,2,0
2267,6536,Pallavi Reddy,19,2,0
2268,6539,Roopa Shetty,59,2,0
2269,6543,John Nayak,69,1,1
2270,6550,Santosh Bhandari,23,1,0
2271,6551,Kavya Kulkarni,12,2,0
2272,6553,Dinesh Kamath,53,1,0
2273,6554,Anthony Reddy,25,1,0
2274,6556,Shivakumar Bhandari,45,1,0
2275,6557,Kamala Prabhu,32,2,0
2276,6558,Vani Reddy,40,2,0
2277,6564,Roopa Hegde,6,2,0
2278,6565,Nirmala Jadhav,31,2,0
2279,6568,Channabasappa Reddy,28,1,0
2280,6571,Shivakumar Naik,21,1,0
2281,6578,Radha Iyer,39,2,0
2282,6582,Raghavendra Nayak,95,1,0
2283,6584,Roopa Devaraj,26,2,0
2284,6586,Bhagya Kamath,67,2,0
2285,6587,Fathima D'Souza,25,2,0
2286,6588,Ratna Desai,18,2,0
2287,6593,Puttaswamy Sheikh,8,1,0
2288,6596,Jayashree Hegde,31,2,0
2289,6598,Byrappa Setty,69,1,0
2290,6600,Zainab D'Souza,94,2,0
2291,6606,Bhagya Gowda,14,2,0
2292,6609,Kiran Rao,19,1,0
2293,6612,Fathima Reddy,27,2,0
2294,6619,Rajesh Jadhav,59,1,0
2295,6621,Puttaswamy Patil,37,1,0
2296,6625,Shwetha Kamath,33,2,0
2297,6629,Kavya Kulkarni,15,2,0
2298,6630,Nagaraj Kumar,68,1,0
2299,6634,Srinivas Patil,25,1,0
2300,6639,Imran Setty,10,1,0
2301,6641,Geetha Hegde,72,2,0
2302,6642,Sunita Sheikh,49,2,0
2303,6645,Raghavendra Kumar,60,1,0
2304,6654,John Jadhav,26,1,0
2305,6655,Gopal Khan,25,1,0
2306,6657,Abdul Poojary,30,1,0
2307,6661,Pushpa Rao,95,2,0
2308,6663,Nagaveni Rao,37,2,0
2309,6668,Nandini Patil,27,2,0
2310,6670,Roopa Urs,21,2,0
2311,6675,Radha Naidu,46,2,0
2312,6676,Kavya Naik,46,2,0
2313,6678,Pushpa Fernandes,42,2,0
2314,6679,Sandeep Setty,39,1,0
2315,6683,Ibrahim Poojary,21,1,0
2316,6690,Anitha Setty,19,2,0
2317,6697,Puttaswamy Poojary,70,1,0
2318,6700,Yashoda Hiremath,28,2,0
2319,6703,Nandini Bhandari,58,2,0
2320,6713,Nandini Naik,19,2,0
2321,6714,Karan Pinto,47,1,0
2322,6722,Abdul Desai,47,1,0
2323,6726,Rekha D'Souza,37,2,0
2324,6729,Ratna Kamath,16,2,0
2325,6732,Sunita Fernandes,22,2,0
2326,6740,Deepa Iyer,74,2,0
2327,6743,Bhagya Prabhu,32,2,0
2328,6748,Pradeep Pinto,43,1,0
2329,6752,Jayashree Gowda,20,2,0
2330,6755,Shwetha D'Souza,30,2,0
2331,6760,Imran Desai,36,1,0
2332,6763,Harish Reddy,59,1,0
2333,6764,Pushpa Achar,55,2,0
2334,6766,Rekha Poojary,40,2,0
2335,6769,Ashok Desai,65,1,0
2336,6773,Kiran Khan,66,1,0
2337,6775,Ratna Prabhu,52,2,0
2338,6776,Mary Khan,31,2,0
2339,6780,Manjula Iyer,29,2,0
2340,6782,Ayesha Desai,41,2,0
2341,6783,Pushpa Poojary,40,2,0
2342,6784,Yusuf Kumar,15,1,0
2343,6785,Sowmya Patil,3,2,0
2344,6790,Deepa Kamath,41,2,0
2345,6794,Kamala Hiremath,33,2,0
2346,6796,Kamala Jadhav,30,2,0
2347,6800,Nagaraj Naidu,19,1,0
2348,6800,Manjunath Setty,43,1,0
2349,6800,Fathima Hegde,41,2,0
2350,6801,Bhagya Achar,43,2,0
2351,6807,Rajesh Sheikh,37,1,0
2352,6814,Shwetha Patil,33,2,0
2353,6815,Bhagya Naik,24,2,0
2354,6819,Roopa Fernandes,58,2,0
2355,6821,Zainab Bhandari,20,2,0
2356,6822,Vani Desai,26,2,0
2357,6824,Radha Gowda,26,2,0
2358,6826,Yashoda D'Souza,8,2,0
2359,6829,Bhagya Nayak,51,2,0
2360,6833,Fathima Rao,50,2,0
2361,6836,Manjula Hegde,51,2,0
2362,6838,Lakshmi Desai,95,2,0
2363,6839,Mary Desai,50,2,0
2364,6840,Pallavi Prabhu,34,2,0
2365,6857,Shwetha Desai,44,2,0
2366,6858,Channabasappa Kamath,34,1,0
2367,6860,Manjunath Devaraj,19,1,0
2368,6861,Sowmya Kamath,36,2,0
2369,6862,Arjun Fernandes,21,1,0
2370,6863,Ratna Fernandes,61,2,0
2371,6867,Anitha Naik,40,2,0
2372,6869,Ravi Patil,39,1,0
2373,6871,Kamala Rao,35,2,0
2374,6873,Puttaswamy Setty,66,1,0
2375,6877,Krishna Bhandari,14,1,0
2376,6880,Sheela Jadhav,17,2,0
2377,6881,Deepa Prabhu,30,2,0
2378,6883,Santosh Hegde,66,1,0
2379,6884,Raghavendra Desai,38,1,0
2380,6893,Ashok Urs,17,1,0
2381,6903,Karan Desai,35,1,0
2382,6907,Radha Rao,31,2,0
2383,6908,Dinesh Hegde,32,1,0
2384,6910,Radha Reddy,40,2,0
2385,6913,Kavya Kulkarni,16,2,0
2386,6914,Anitha Pinto,36,2,0
2387,6915,Anitha Kulkarni,40,2,0
2388,6919,Kavya Kamath,21,2,0
2389,6921,Pallavi Setty,20,2,0
2390,6924,Ibrahim Rao,37,1,0
2391,6929,Ganesh Pinto,41,1,0
2392,6930,Rekha Urs,38,2,0
2393,6931,Manjula Shetty,27,2,1
2394,6935,Fathima Naik,95,2,0
2395,6936,Sunita Reddy,45,2,0
2396,6938,Ayesha Prabhu,29,2,0
2397,6942,Anitha Khan,85,2,0
2398,6945,Halappa Kamath,27,1,0
2399,6946,Roopa Devaraj,19,2,0
2400,6949,Nirmala D'Souza,21,2,0
2401,6950,Ganesh Setty,46,1,0
2402,6954,Ashok Gowda,30,1,0
2403,6956,Joseph Sheikh,6,1,0
2404,6959,Manjula Khan,40,2,0
2405,6960,Bhagya Devaraj,57,2,0
2406,6964,Srinivas Achar,44,1,0
2407,6970,Deepa Bhandari,31,2,0
2408,6979,Shobha Kulkarni,42,2,0
2409,6980,Ayesha Hiremath,80,2,0
2410,6992,Muniraju Prabhu,27,1,0
2411,6994,Radha Rao,42,2,0
2412,6998,Nagaraj Pinto,48,1,0
2413,7001,Yashoda Shetty,19,2,0
2414,7004,Kavya Urs,64,2,0
2415,7007,Radha Hegde,89,2,0
2416,7011,Lokesh Pinto,29,1,0
2417,7013,Dinesh Iyer,25,1,0
2418,7014,Kavya Bhandari,32,2,0
2419,7016,Nagaveni Jadhav,18,2,0
2420,7019,Muniraju Reddy,50,1,0
2421,7021,Lakshmi Achar,46,2,0
2422,7028,Anand Bhat,29,1,0
2423,7031,Geetha Naidu,24,2,0
2424,7034,John Bhat,61,1,0
2425,7041,Nandini Fernandes,51,2,0
2426,7042,Savitri Naik,20,2,0
2427,7044,Ashok Hiremath,35,1,0
2428,7049,Roopa Rao,45,2,0
2429,7054,Ayesha Sheikh,45,2,0
2430,7055,Zainab Khan,54,2,0
2431,7058,Nagaveni Hiremath,95,2,0
2432,7059,Ramesh Hegde,31,1,0
2433,7062,Nirmala Pinto,92,2,0
2434,7064,Ashok Devaraj,18,1,0
2435,7067,Nagaveni Bhat,25,2,0
2436,7070,Pradeep Setty,90,1,0
2437,7071,Geetha Naik,79,2,0
2438,7074,Shobha Pinto,21,2,0
2439,7076,Nagaraj Jadhav,90,1,0
2440,7081,Naveen Rao,39,1,0
2441,7081,Manoj Hiremath,38,1,0
2442,7081,Shwetha Desai,48,2,0
2443,7082,Shwetha Patil,44,2,0
2444,7084,Pallavi Kamath,23,2,0
2445,7086,Gopal Kulkarni,38,1,0
2446,7088,Suresh Setty,25,1,0
2447,7095,Joseph Sheikh,13,1,0
2448,7104,Sowmya Desai,38,2,0
2449,7106,Byrappa Devaraj,12,1,0
2450,7110,Xavier Iyer,75,1,0
2451,7111,Sowmya Reddy,56,2,0
2452,7120,Mary Devaraj,14,2,0
2453,7130,Geetha Iyer,56,2,0
2454,7131,Radha Hiremath,28,2,0
2455,7136,Halappa Pinto,42,1,0
2456,7142,Chandrashekar Desai,26,1,0
2457,7147,Ratna Setty,53,2,0
2458,7150,Lakshmi Gowda,50,2,0
2459,7159,Vani Devaraj,30,2,0
2460,7164,Suresh Achar,19,1,0
2461,7165,Ratna Poojary,27,2,0
2462,7166,Basavaraj Hegde,55,1,0
2463,7167,Ashok Prabhu,55,1,0
2464,7171,Shwetha Fernandes,31,2,0
2465,7171,Sheela Desai,28,2,0
2466,7171,Jayashree Shetty,61,2,0
2467,7177,Roopa Kumar,46,2,0
2468,7178,Radha Urs,41,2,0
2469,7182,Deepak Fernandes,9,1,0
2470,7184,Halappa Fernandes,47,1,0
2471,7186,Harish D'Souza,48,1,0
2472,7187,Manjula Kumar,48,2,0
2473,7192,Sunita Bhat,26,2,0
2474,7194,Ayesha Bhat,11,2,0
2475,7195,Roopa Sheikh,55,2,0
2476,7197,Kamala Desai,37,2,0
2477,7201,Anthony Bhandari,37,1,0
2478,7206,Harish Jadhav,39,1,0
2479,7213,Kamala Pinto,45,2,0
2480,7216,Nandini Khan,37,2,0
2481,7219,Savitri Sheikh,20,2,0
2482,7221,Shobha Naidu,22,2,0
2483,7230,Ratna Kulkarni,47,2,0
2484,7231,Mary Kamath,35,2,0
2485,7233,Manjula Kulkarni,23,2,0
2486,7234,Geetha Shetty,13,2,0
2487,7238,Umesh Naik,55,1,0
2488,7239,Yashoda Hegde,22,2,0
2489,7240,Vijay Poojary,40,1,0
2490,7242,Karan Bhandari,16,1,0
2491,7245,Kavya Naik,33,2,0
2492,7254,Geetha D'Souza,40,2,0
2493,7260,Nirmala Rao,42,2,0
2494,7264,Pallavi Desai,28,2,0
2495,7266,Mary Rao,25,2,0
2496,7269,Manoj Patil,36,1,0
2497,7271,Sunita Prabhu,29,2,0
2498,7272,Girish Achar,37,1,0
2499,7273,Lakshmi Nayak,43,2,0
2500,7274,Nandini Kamath,65,2,0
2501,7279,Lakshmi Prabhu,30,2,0
2502,7281,Umesh Achar,32,1,0
2503,7281,Vani Kumar,58,2,0
2504,7281,Prakash Reddy,32,1,0
2505,7282,Bhagya D'Souza,35,2,0
2506,7283,Deepak Iyer,6,1,0
2507,7285,Ibrahim Reddy,24,1,0
2508,7286,Manjunath Patil,42,1,0
2509,7288,Radha D'Souza,67,2,0
2510,7289,Ramesh Prabhu,65,1,0
2511,7292,Jayashree Khan,57,2,0
2512,7293,Vinay Jadhav,78,1,0
2513,7300,Deepa Bhandari,44,2,0
2514,7301,Manjunath Devaraj,56,1,0
2515,7305,Salman Pinto,21,1,0
2516,7306,Ganesh Naik,46,1,0
2517,7310,Gopal Achar,35,1,0
2518,7312,Sheela Reddy,17,2,0
2519,7314,Chandrashekar Urs,23,1,0
2520,7318,Kiran Pinto,65,1,0
2521,7321,Nandini D'Souza,45,2,0
2522,7326,Nagaveni Sheikh,51,2,0
2523,7328,Shivakumar Jadhav,10,1,0
2524,7329,Jayashree Reddy,60,2,0
2525,7333,Bhagya Iyer,59,2,0
2526,7337,Geetha Khan,44,2,0
2527,7338,Naveen Kamath,22,1,0
2528,7340,Manjula Naidu,52,2,0
2529,7342,Sowmya Kumar,48,2,0
2530,7344,Sowmya Achar,35,2,0
2531,7347,Sowmya Sheikh,30,2,0
2532,7348,Rajesh Bhat,54,1,0
2533,7352,Manjula Reddy,44,2,0
2534,7361,Shobha Gowda,73,2,0
2535,7365,Pradeep Rao,44,1,0
2536,7368,Deepa Patil,58,2,0
2537,7369,Kamala Reddy,20,2,0
2538,7371,Manjula Gowda,29,2,0
2539,7374,Bhagya Urs,75,2,0
2540,7376,Ibrahim Achar,15,1,0
2541,7377,Puttaswamy Hegde,18,1,0
2542,7380,Raghavendra Prabhu,19,1,0
2543,7384,Pushpa Kumar,44,2,0
2544,7391,Kamala Achar,37,2,0
2545,7393,Ramesh Naik,14,1,0
2546,7394,Ratna Desai,32,2,0
2547,7395,Imran Kamath,39,1,0
2548,7398,Prakash Setty,19,1,1
2549,7399,Suresh Naik,30,1,0
2550,7401,Suresh Patil,25,1,0
2551,7411,Kamala Urs,55,2,0
2552,7412,Vani Achar,28,2,0
2553,7417,Ganesh Setty,22,1,0
2554,7424,Savitri Kumar,47,2,0
2555,7425,Fathima Reddy,47,2,0
2556,7427,Pushpa Nayak,48,2,0
2557,7434,Rajesh Reddy,68,1,0
2558,7437,Kavya Reddy,42,2,0
2559,7439,Bhagya Setty,20,2,0
2560,7445,Deepa Bhandari,26,2,0
2561,7458,Bhagya Desai,17,2,0
2562,7460,Savitri Hiremath,10,2,0
2563,7464,Puttaswamy Bhat,26,1,0
2564,7468,Kavya Jadhav,25,2,0
2565,7470,Kiran Achar,20,1,0
2566,7472,Shivakumar Sheikh,41,1,0
2567,7476,Nirmala Desai,21,2,0
2568,7480,Rekha Setty,40,2,0
2569,7482,Sheela Bhat,21,2,0
2570,7483,Shwetha Nayak,30,2,0
2571,7484,Pallavi Reddy,21,2,0
2572,7489,Kavya Urs,27,2,0
2573,7493,Girish Naik,29,1,0
2574,7500,Chandrashekar Iyer,34,1,0
2575,7503,Radha Devaraj,80,2,0
2576,7504,Ganesh Reddy,68,1,0
2577,7505,Ratna D'Souza,32,2,1
2578,7508,Shwetha Khan,40,2,0
2579,7508,Nirmala Khan,45,2,0
2580,7508,Bhagya Bhandari,36,2,0
2581,7512,Bhagya Gowda,31,2,0
2582,7515,Krishna D'Souza,44,1,0
2583,7516,Lokesh Shetty,19,1,0
2584,7518,Girish Reddy,26,1,0
2585,7519,Deepa Achar,25,2,0
2586,7526,Vani Prabhu,29,2,0
2587,7527,Ayesha Achar,25,2,0
2588,7528,Bhagya Achar,32,2,0
2589,7530,Basavaraj Fernandes,34,1,0
2590,7533,Lokesh Shetty,57,1,0
2591,7534,Savitri D'Souza,22,2,0
2592,7537,Sheela Setty,37,2,0
2593,7538,Shobha Pinto,9,2,0
2594,7539,Vinay Rao,32,1,0
2595,7542,Kiran Hiremath,48,1,0
2596,7547,Lakshmi Rao,28,2,0
2597,7549,Kamala Reddy,36,2,0
2598,7550,Sheela Poojary,27,2,0
2599,7553,Nagaveni Patil,30,2,0
2600,7556,Ravi Shetty,33,1,0
2601,7558,Savitri Naik,42,2,0
2602,7565,Nirmala Setty,24,2,0
2603,7566,Srinivas Devaraj,41,1,0
2604,7568,Rekha Hiremath,31,2,0
2605,7570,Geetha Nayak,23,2,0
2606,7574,Nandini Jadhav,53,2,0
2607,7577,Harish Sheikh,19,1,0
2608,7585,Pushpa Prabhu,62,2,0
2609,7586,Fathima Setty,50,2,0
2610,7590,John Setty,19,1,0
2611,7591,Shobha Bhandari,32,2,0
2612,7592,Sheela Bhandari,63,2,0
2613,7596,Radha Achar,25,2,0
2614,7607,Arjun Achar,37,1,0
2615,7612,Channabasappa Shetty,22,1,0
2616,7614,Yashoda Setty,55,2,0
2617,7620,Harish Iyer,26,1,0
2618,7621,Salman Achar,29,1,0
2619,7622,Joseph Pinto,20,1,0
2620,7624,Bhagya Khan,26,2,0
2621,7637,Ravi Sheikh,19,1,0
2622,7638,Anand Achar,84,1,0
2623,7639,Shwetha Kulkarni,24,2,0
2624,7641,Vinay Desai,33,1,0
2625,7642,Anitha Pinto,84,2,0
2626,7643,Jayashree Nayak,40,2,0
2627,7646,Anitha Reddy,14,2,0
2628,7647,Shobha Fernandes,27,2,0
2629,7648,Deepa Setty,57,2,0
2630,7649,Sandeep Kulkarni,50,1,0
2631,7656,Sandeep Jadhav,30,1,0
2632,7657,Manjula Sheikh,21,2,0
2633,7660,Deepa Naidu,62,2,0
2634,7664,Kiran Fernandes,50,1,0
2635,7675,Shobha Shetty,58,2,0
2636,7677,Ratna D'Souza,21,2,0
2637,7679,Xavier Naik,23,1,0
2638,7682,Mahesh D'Souza,75,1,0
2639,7685,Arjun D'Souza,35,1,0
2640,7686,Yogesh Patil,42,1,0
2641,7687,Roopa D'Souza,24,2,0
2642,7691,Kavya Reddy,54,2,0
2643,7691,John Naik,61,1,0
2644,7691,Vijay Shetty,48,1,0
2645,7702,Pallavi Urs,35,2,0
2646,7708,Manjunath Setty,15,1,0
2647,7711,Yashoda Rao,22,2,0
2648,7716,Mary Gowda,23,2,0
2649,7718,Basavaraj Fernandes,15,1,0
2650,7723,Ganesh Devaraj,41,1,0
2651,7724,Ganesh Sheikh,53,1,0
2652,7727,Anand Bhandari,25,1,0
2653,7728,Nagaraj Naidu,28,1,0
2654,7729,Yashoda Khan,27,2,0
2655,7730,Shobha Hegde,35,2,0
2656,7736,Joseph Prabhu,87,1,0
2657,7737,Lokesh Hiremath,22,1,0
2658,7742,Shwetha Bhat,38,2,0
2659,7747,Yusuf Devaraj,17,1,0
2660,7749,Bhagya Devaraj,32,2,0
2661,7750,Manjula Iyer,20,2,0
2662,7756,Deepa Poojary,34,2,0
2663,7757,Yogesh Kamath,43,1,0
2664,7762,Nagaveni Setty,40,2,0
2665,7763,Manjula Kumar,38,2,0
2666,7764,Shwetha Khan,40,2,0
2667,7766,Pallavi Rao,31,2,0
2668,7768,Vinay Kamath,51,1,0
2669,7769,Nagaraj Kumar,25,1,0
2670,7772,Radha Hiremath,72,2,0
2671,7777,Harish Poojary,37,1,0
2672,7778,Sowmya Naik,27,2,0
2673,7787,Shobha Nayak,38,2,0
2674,7788,Roopa Khan,36,2,0
2675,7791,Nagaveni Kulkarni,56,2,0
2676,7792,Vani Kamath,42,2,0
2677,7793,Nirmala Sheikh,26,2,0
2678,7794,John Gowda,39,1,0
2679,7805,Halappa Setty,27,1,0
2680,7809,Sheela Sheikh,30,2,0
2681,7811,Shivakumar Kamath,25,1,0
2682,7814,Abdul Rao,38,1,0
2683,7816,Geetha Devaraj,38,2,0
2684,7816,Joseph Devaraj,27,1,0
2685,7816,Harish Hiremath,37,1,0
2686,7821,Santosh Jadhav,72,1,0
2687,7822,Zainab Hegde,47,2,0
2688,7830,Sunita Desai,43,2,0
2689,7832,Shwetha Patil,26,2,0
2690,7832,Karan Setty,52,1,0
2691,7839,Manoj Achar,34,1,0
2692,7841,Kamala Devaraj,26,2,0
2693,7843,Nandini Reddy,28,2,0
2694,7845,Pradeep Sheikh,54,1,0
2695,7858,Prakash Devaraj,43,1,0
2696,7863,Sowmya Kamath,33,2,0
2697,7864,Anand Fernandes,31,1,0
2698,7866,Muniraju Shetty,56,1,0
2699,7871,Fathima Nayak,37,2,0
2700,7873,Nagaveni Gowda,18,2,0
2701,7877,Prakash Naik,32,1,0
2702,7878,Radha Achar,29,2,0
2703,7882,Basavaraj Reddy,25,1,0
2704,7883,Suresh Kulkarni,29,1,0
2705,7887,Vani Pinto,22,2,0
2706,7888,Kamala Hegde,29,2,0
2707,7891,Deepak Kamath,9,1,0
2708,7892,Deepa Bhandari,51,2,0
2709,7901,Srinivas Naik,16,1,0
2710,7906,Shobha Kamath,27,2,0
2711,7909,Nirmala Devaraj,28,2,0
2712,7914,Anand Naik,14,1,1
2713,7920,Nirmala Poojary,25,2,0
2714,7921,Srinivas Naik,93,1,0
2715,7923,Roopa Bhandari,26,2,0
2716,7925,Ayesha Sheikh,90,2,0
2717,7929,Lokesh Prabhu,60,1,0
2718,7930,Ratna Fernandes,27,2,0
2719,7936,Radha Prabhu,66,2,0
2720,7938,Zainab Khan,19,2,0
2721,7949,Sheela Achar,54,2,0
2722,7950,Ratna Kamath,45,2,0
2723,7951,Prakash Rao,67,1,0
2724,7963,Rekha Kumar,27,2,0
2725,7964,Vani Fernandes,37,2,0
2726,7969,Mary Prabhu,18,2,0
2727,7971,Zainab Hegde,46,2,0
2728,7977,Raghavendra Naik,30,1,0
2729,7987,Raghavendra Reddy,34,1,0
2730,7988,Bhagya Reddy,42,2,0
2731,7989,Manjunath Khan,27,1,0
2732,7990,Nagaveni Kamath,30,2,0
2733,7991,Ratna Patil,32,2,0
2734,7991,Shwetha Gowda,56,2,0
2735,7991,Kavya Sheikh,20,2,0
2736,7992,Bhagya Bhat,17,2,0
2737,7993,Jayashree Khan,25,2,0
2738,7996,Basavaraj Prabhu,60,1,0
2739,7997,Vani Kumar,22,2,0
2740,8000,Jayashree Iyer,64,2,0
2741,8005,Yashoda Devaraj,40,2,0
2742,8006,Shwetha Prabhu,18,2,0
2743,8009,Manjula Urs,13,2,0
2744,8013,Nagaraj Shetty,59,1,0
2745,8016,Anthony Devaraj,41,1,0
2746,8018,Kamala Naik,15,2,0
2747,8022,Jayashree Poojary,54,2,0
2748,8026,Fathima Pinto,21,2,0
2749,8029,Shwetha Kumar,71,2,0
2750,8031,Srinivas Poojary,19,1,0
2751,8035,Gopal Naidu,37,1,0
2752,8037,Basavaraj Naik,8,1,0
2753,8038,Ravi Naik,39,1,0
2754,8039,Shwetha Jadhav,13,2,0
2755,8044,Nagaveni Naik,35,2,0
2756,8048,Zainab Nayak,13,2,0
2757,8052,Raghavendra Devaraj,18,1,0
2758,8053,Yashoda Iyer,69,2,0
2759,8056,Yashoda Gowda,31,2,0
2760,8057,Rekha Naik,39,2,0
2761,8058,Rajesh Poojary,44,1,0
2762,8059,Roopa Gowda,20,2,0
2763,8060,Deepak Prabhu,48,1,0
2764,8063,Ganesh Fernandes,14,1,0
2765,8070,Ramesh Desai,25,1,0
2766,8071,Fathima Hiremath,27,2,0
2767,8075,Kamala Gowda,77,2,0
2768,8077,Pallavi Kumar,29,2,0
2769,8080,Kiran Hegde,53,1,0
2770,8081,Kamala Hegde,72,2,0
2771,8083,Kamala Shetty,17,2,0
2772,8086,Lakshmi Desai,20,2,0
2773,8088,Ayesha Kamath,48,2,0
2774,8092,Kavya Fernandes,49,2,0
2775,8097,Puttaswamy Jadhav,16,1,0
2776,8098,Lakshmi Shetty,68,2,0
2777,8102,Nagaveni Gowda,67,2,0
2778,8105,Naveen Pinto,21,1,0
2779,8108,Fathima Jadhav,39,2,0
2780,8110,Byrappa Naik,43,1,0
2781,8111,Vani Poojary,45,2,0
2782,8113,Ramesh Patil,27,1,0
2783,8118,Manjula Urs,29,2,0
2784,8123,Chandrashekar Prabhu,23,1,0
2785,8132,Lakshmi Naik,4,2,0
2786,8137,Raghavendra Rao,58,1,0
2787,8137,Srinivas Kamath,34,1,0
2788,8137,Imran Achar,44,1,0
2789,8145,Dinesh Urs,49,1,0
2790,8149,Yashoda Prabhu,44,2,0
2791,8152,Kavya Devaraj,28,2,0
2792,8153,Rekha Setty,27,2,0
2793,8154,Sunita Patil,65,2,0
2794,8155,Roopa Patil,36,2,0
2795,8157,Lakshmi Devaraj,67,2,0
2796,8159,Krishna Kulkarni,32,1,0
2797,8160,Ayesha Poojary,29,2,0
2798,8161,Manjula Rao,34,2,0
2799,8162,Pushpa Naik,46,2,0
2800,8163,Anitha Gowda,25,2,0
2801,8164,Kamala Patil,25,2,0
2802,8165,Lokesh Iyer,19,1,0
2803,8168,John Desai,19,1,0
2804,8169,Roopa Shetty,39,2,0
2805,8173,Kavya Jadhav,64,2,0
2806,8174,Dinesh Devaraj,95,1,0
2807,8183,Sunita Bhandari,94,2,0
2808,8184,Manjula Kamath,58,2,0
2809,8185,Nandini Hegde,23,2,0
2810,8190,Shivakumar Iyer,52,1,0
2811,8191,Shwetha Prabhu,32,2,0
2812,8193,Roopa Iyer,33,2,0
2813,8196,Pallavi Pinto,20,2,0
2814,8197,Byrappa Nayak,58,1,0
2815,8198,Shobha Poojary,49,2,0
2816,8203,Nandini Reddy,34,2,0
2817,8204,Sowmya Hiremath,57,2,0
2818,8205,Bhagya Patil,45,2,0
2819,8211,Halappa Shetty,31,1,0
2820,8213,Salman Iyer,49,1,0
2821,8223,Kamala Shetty,26,2,0
2822,8224,John Reddy,39,1,0
2823,8239,Geetha Shetty,17,2,0
2824,8240,Ayesha Naidu,24,2,0
2825,8241,Ratna Iyer,31,2,0
2826,8243,Roopa Setty,45,2,0
2827,8245,Anitha Nayak,48,2,0
2828,8246,Ayesha Pinto,35,2,0
2829,8250,Geetha Kulkarni,22,2,0
2830,8251,Karan Kumar,57,1,0
2831,8252,Savitri Poojary,41,2,0
2832,8255,Kamala Patil,36,2,0
2833,8256,Jayashree Khan,33,2,0
2834,8260,Rekha Kamath,33,2,0
2835,8263,Anitha Urs,23,2,0
2836,8264,Suresh Gowda,54,1,0
2837,8266,Nandini Setty,25,2,0
2838,8270,Lakshmi Hegde,23,2,0
2839,8275,Imran Rao,37,1,0
2840,8278,Kamala Kumar,25,2,0
2841,8281,Abdul Hegde,32,1,0
2842,8282,Pallavi Fernandes,95,2,0
2843,8283,Vinay Shetty,31,1,0
2844,8291,Pallavi D'Souza,34,2,0
2845,8296,Joseph Shetty,25,1,0
2846,8299,Prakash Khan,3,1,0
2847,8299,Shwetha Shetty,58,2,0
2848,8302,Nandini Sheikh,52,2,1
2849,8306,Gopal Fernandes,27,1,0
2850,8307,Vijay Naik,54,1,0
2851,8311,Deepa Achar,39,2,0
2852,8316,Nagaveni Poojary,44,2,0
2853,8321,Anand Sheikh,57,1,0
2854,8323,Sheela Desai,35,2,0
2855,8330,Harish Desai,11,1,0
2856,8334,Girish Kulkarni,15,1,0
2857,8336,Geetha Khan,43,2,0
2858,8337,Manoj Poojary,43,1,0
2859,8338,Ibrahim Reddy,32,1,0
2860,8340,Fathima Rao,12,2,0
2861,8341,Radha Urs,57,2,0
2862,8343,Fathima Gowda,40,2,0
2863,8346,Shivakumar Hegde,72,1,0
2864,8357,Kamala Kulkarni,37,2,0
2865,8362,Lakshmi Achar,10,2,0
2866,8365,Nandini Devaraj,27,2,0
2867,8366,Yusuf Kumar,95,1,0
2868,8370,Abdul Rao,79,1,0
2869,8372,Yusuf Kumar,23,1,0
2870,8373,Puttaswamy Naidu,34,1,0
2871,8375,Ashok Gowda,44,1,0
2872,8375,Nirmala Bhandari,17,2,0
2873,8376,Roopa Hiremath,50,2,0
2874,8379,Savitri Kulkarni,43,2,0
2875,8381,Sheela Rao,44,2,0
2876,8390,Radha Pinto,38,2,0
2877,8392,Nirmala Desai,53,2,0
2878,8397,Xavier Urs,62,1,0
2879,8398,Anitha Rao,62,2,0
2880,8399,Abdul Devaraj,38,1,0
2881,8402,John Kulkarni,26,1,0
2882,8408,Pushpa Pinto,51,2,0
2883,8412,Manoj Khan,61,1,0
2884,8413,Pallavi Bhat,33,2,0
2885,8414,Yashoda Achar,25,2,0
2886,8415,Karan Pinto,47,1,0
2887,8416,Nirmala Kamath,10,2,0
2888,8417,Anand Devaraj,56,1,0
2889,8418,Ravi Iyer,63,1,0
2890,8422,Yashoda Pinto,50,2,0
2891,8423,Nandini Pinto,55,2,0
2892,8425,Ayesha Fernandes,11,2,0
2893,8428,Abdul Achar,35,1,0
2894,8429,Channabasappa Rao,31,1,0
2895,8430,Sunita Pinto,74,2,0
2896,8432,Nagaveni Reddy,39,2,0
2897,8438,Mahesh Rao,37,1,0
2898,8440,Roopa Kumar,16,2,0
2899,8441,Joseph Sheikh,30,1,0
2900,8447,Vinay Prabhu,43,1,0
2901,8449,Jayashree Kumar,47,2,0
2902,8451,Muniraju Fernandes,38,1,0
2903,8465,Geetha Sheikh,51,2,0
2904,8468,Salman Jadhav,68,1,0
2905,8468,Dinesh Hegde,32,1,0
2906,8473,Sowmya Bhat,30,2,0
2907,8475,Geetha Kamath,31,2,0
2908,8477,Yashoda Reddy,46,2,0
2909,8480,Pallavi Bhandari,30,2,0
2910,8485,Bhagya D'Souza,43,2,0
2911,8486,Sheela Desai,95,2,0
2912,8487,Halappa Gowda,21,1,0
2913,8488,Anitha Setty,40,2,0
2914,8490,Chandrashekar Bhat,28,1,0
2915,8491,Bhagya Sheikh,28,2,0
2916,8494,Vani Kumar,23,2,0
2917,8495,Joseph Hegde,18,1,0
2918,8495,Muniraju Khan,27,1,0
2919,8498,Ganesh Reddy,31,1,0
2920,8499,John Kamath,65,1,0
2921,8501,Joseph Gowda,38,1,0
2922,8502,Nagaraj Achar,21,1,0
2923,8502,Anitha Poojary,27,2,0
2924,8502,Girish Jadhav,14,1,0
2925,8503,Mary Jadhav,95,2,0
2926,8504,Byrappa Shetty,7,1,0
2927,8509,Ganesh Naidu,52,1,0
2928,8512,Deepa Fernandes,51,2,0
2929,8516,Kamala Naik,17,2,0
2930,8518,Ravi Naik,34,1,0
2931,8521,Rekha Khan,25,2,0
2932,8527,Ayesha Naik,25,2,0
2933,8530,Zainab Reddy,38,2,0
2934,8533,Pradeep Shetty,48,1,0
2935,8535,Nagaveni Prabhu,67,2,1
2936,8540,Suresh Desai,24,1,0
2937,8542,Yogesh Reddy,51,1,0
2938,8543,Deepa Kamath,52,2,0
2939,8544,Puttaswamy Naik,13,1,0
2940,8552,Pradeep Jadhav,45,1,0
2941,8553,Anand Rao,19,1,0
2942,8555,Anitha Shetty,48,2,0
2943,8558,Ayesha D'Souza,38,2,0
2944,8563,Fathima Devaraj,60,2,0
2945,8564,Manjula Nayak,91,2,0
2946,8567,Pushpa Gowda,47,2,0
2947,8571,Joseph Pinto,52,1,0
2948,8573,Anand Rao,80,1,0
2949,8578,Nirmala Naik,29,2,0
2950,8582,Radha Devaraj,88,2,0
2951,8583,Vani Setty,49,2,0
2952,8592,Deepa Setty,16,2,0
2953,8594,Pradeep D'Souza,43,1,0
2954,8596,Kamala Poojary,24,2,0
2955,8597,Nandini D'Souza,37,2,0
2956,8599,Vani Bhat,25,2,0
2957,8600,Nandini Naik,50,2,0
2958,8612,Ratna Desai,80,2,0
2959,8613,Imran Hiremath,50,1,0
2960,8616,Roopa Urs,61,2,0
2961,8617,Vani Rao,50,2,0
2962,8619,Dinesh Reddy,70,1,0
2963,8620,Lakshmi Setty,34,2,0
2964,8621,Sheela Kamath,32,2,0
2965,8622,Lakshmi Achar,22,2,0
2966,8622,Arjun D'Souza,25,1,0
2967,8623,Sowmya Nayak,46,2,0
2968,8629,Vinay Hiremath,17,1,0
2969,8634,Xavier Poojary,29,1,0
2970,8639,Yogesh Naik,36,1,0
2971,8642,Nagaveni Patil,18,2,0
2972,8647,Yashoda Poojary,40,2,0
2973,8648,Muniraju Devaraj,39,1,0
2974,8649,Jayashree Iyer,70,2,0
2975,8651,Srinivas Naidu,46,1,1
2976,8654,Mary Kumar,95,2,0
2977,8656,Naveen Prabhu,22,1,0
2978,8657,Halappa Prabhu,36,1,0
2979,8659,Anitha Poojary,33,2,0
2980,8663,Vani Patil,28,2,0
2981,8664,Radha Nayak,51,2,0
2982,8667,Yogesh Patil,25,1,0
2983,8670,Ravi Hiremath,28,1,0
2984,8675,Channabasappa Rao,62,1,0
2985,8681,Lakshmi Khan,38,2,0
2986,8682,Radha Poojary,70,2,0
2987,8688,Nandini Naidu,53,2,0
2988,8697,Jayashree Achar,40,2,0
2989,8702,Arjun Bhandari,24,1,0
2990,8703,Savitri Hegde,45,2,0
2991,8708,Sowmya Shetty,15,2,0
2992,8711,Arjun Setty,29,1,0
2993,8714,Nagaveni Shetty,21,2,0
2994,8717,Sowmya Gowda,21,2,0
2995,8721,Karan D'Souza,62,1,0
2996,8727,Ashok Naidu,36,1,0
2997,8729,Mary Poojary,58,2,0
2998,8731,Jayashree Kulkarni,55,2,0
2999,8737,Karan Shetty,23,1,0
3000,8738,Kavya Hegde,37,2,0
3001,8739,Suresh Bhat,47,1,0
3002,8741,Pallavi Devaraj,17,2,0
3003,8747,Jayashree Prabhu,73,2,0
3004,8747,Lakshmi Shetty,28,2,0
3005,8748,Sunita Naidu,36,2,0
3006,8750,Anand Shetty,31,1,0
3007,8751,Gopal Pinto,50,1,0
3008,8763,Lokesh Desai,47,1,0
3009,8765,Mary Khan,33,2,0
3010,8771,Mary D'Souza,60,2,0
3011,8772,Shwetha Desai,53,2,0
3012,8776,Sheela Khan,33,2,0
3013,8782,Geetha Shetty,40,2,0
3014,8785,Shivakumar Hegde,43,1,0
3015,8788,Sowmya Devaraj,49,2,0
3016,8789,Rajesh Setty,36,1,0
3017,8790,John Hegde,25,1,0
3018,8792,Sunita Achar,36,2,0
3019,8797,Ayesha Reddy,13,2,0
3020,8800,Suresh Urs,24,1,0
3021,8801,Kiran Reddy,32,1,0
3022,8804,Manjunath Sheikh,31,1,0
3023,8805,Radha Reddy,16,2,0
3024,8806,Sunita Gowda,26,2,0
3025,8808,Kavya Hiremath,27,2,0
3026,8809,Rekha Urs,20,2,0
3027,8810,Pallavi Hegde,15,2,0
3028,8811,Jayashree Khan,50,2,0
3029,8812,Kamala Gowda,18,2,0
3030,8816,Manjula Kumar,46,2,0
3031,8820,Jayashree Setty,28,2,0
3032,8823,Abdul Poojary,43,1,0
3033,8824,Ayesha Devaraj,47,2,0
3034,8826,Nandini Naidu,55,2,0
3035,8827,Zainab Achar,45,2,0
3036,8829,Manjula Shetty,30,2,0
3037,8830,Deepak Reddy,25,1,0
3038,8832,Sowmya Desai,12,2,0
3039,8837,Srinivas Bhandari,35,1,0
3040,8840,Manoj Hiremath,35,1,0
3041,8849,Mary Pinto,56,2,0
3042,8850,Roopa Rao,18,2,0
3043,8851,Lakshmi Iyer,32,2,0
3044,8855,Yashoda Setty,23,2,0
3045,8867,Nandini Setty,13,2,0
3046,8868,Lakshmi Nayak,49,2,0
3047,8875,Raghavendra Jadhav,87,1,0
3048,8882,Xavier Reddy,54,1,0
3049,8885,Nandini Bhandari,60,2,0
3050,8888,Vani Hegde,44,2,0
3051,8890,Roopa Rao,38,2,0
3052,8891,Nagaraj Setty,24,1,0
3053,8894,Deepa Reddy,27,2,0
3054,8897,Sowmya Kamath,17,2,0
3055,8899,Vani Naik,84,2,0
3056,8900,Fathima Reddy,54,2,0
3057,8900,Joseph Desai,25,1,0
3058,8901,Roopa Reddy,43,2,0
3059,8910,Muniraju Reddy,35,1,0
3060,8921,Prakash Poojary,24,1,0
3061,8927,Lakshmi Fernandes,58,2,0
3062,8929,Harish Setty,37,1,0
3063,8932,Pushpa Sheikh,35,2,0
3064,8934,Shobha Fernandes,10,2,0
3065,8936,Radha Prabhu,40,2,0
3066,8937,Jayashree Prabhu,38,2,0
3067,8939,Kavya Reddy,9,2,0
3068,8942,Mary Jadhav,74,2,0
3069,8944,Salman Fernandes,16,1,0
3070,8949,Ramesh Kulkarni,9,1,0
3071,8950,Jayashree Setty,30,2,0
3072,8951,Yashoda D'Souza,21,2,0
3073,8953,Rekha Bhandari,37,2,0
3074,8957,Halappa Kamath,22,1,0
3075,8958,Ganesh Poojary,26,1,0
3076,8961,Nandini Prabhu,33,2,1
3077,8962,Vani Naidu,25,2,0
3078,8963,Vani Naik,49,2,0
3079,8966,Shwetha Patil,20,2,0
3080,8967,Vani Pinto,16,2,0
3081,8968,Ayesha Bhat,15,2,0
3082,8970,Umesh Fernandes,18,1,0
3083,8975,Ibrahim Reddy,38,1,0
3084,8978,Deepa Gowda,62,2,0
3085,8980,Bhagya Naidu,16,2,0
3086,8981,Zainab Bhandari,65,2,0
3087,8982,Bhagya Poojary,52,2,0
3088,8983,Manjula Reddy,36,2,0
3089,8992,Savitri Gowda,26,2,0
3090,8993,Kavya Urs,46,2,0
3091,8997,Prakash Gowda,52,1,0
3092,8999,Sheela Prabhu,77,2,1
3093,9000,Ayesha Achar,36,2,0
3094,9001,Bhagya Setty,17,2,0
3095,9002,Naveen Setty,8,1,0
3096,9003,Santosh Rao,84,1,0
3097,9004,Anitha D'Souza,47,2,0
3098,9010,Shwetha Setty,33,2,0
3099,9014,Fathima Devaraj,15,2,0
3100,9018,Dinesh Iyer,41,1,0
3101,9021,Jayashree Urs,59,2,0
3102,9026,Anitha Gowda,70,2,0
3103,9028,Ibrahim Khan,19,1,0
3104,9030,Deepa Reddy,19,2,0
3105,9031,Ibrahim Kamath,30,1,0
3106,9034,Pradeep Gowda,17,1,0
3107,9035,Abdul Reddy,22,1,0
3108,9038,Sunita Kulkarni,22,2,0
3109,9039,Shobha Khan,27,2,0
3110,9042,Fathima Rao,38,2,0
3111,9044,Rekha Devaraj,40,2,0
3112,9045,Manjula Pinto,47,2,0
3113,9046,Jayashree Kumar,49,2,0
3114,9047,Yogesh Rao,17,1,0
3115,9048,Dinesh Devaraj,37,1,0
3116,9049,Roopa Gowda,53,2,0
3117,9054,Lokesh Setty,48,1,0
3118,9061,Nirmala Fernandes,66,2,0
3119,9063,Deepa Bhandari,42,2,0
3120,9064,Xavier Gowda,26,1,0
3121,9067,Bhagya Rao,26,2,0
3122,9069,Geetha Reddy,31,2,0
3123,9074,Sowmya Khan,39,2,0
3124,9076,Channabasappa Pinto,49,1,0
3125,9084,Pallavi Bhat,35,2,0
3126,9087,Rajesh Kulkarni,72,1,0
3127,9087,Dinesh Kumar,20,1,0
3128,9092,Chandrashekar Khan,32,1,0
3129,9093,Nandini Iyer,58,2,0
3130,9097,Yashoda Reddy,23,2,0
3131,9099,Suresh Nayak,52,1,0
3132,9100,Sandeep Bhandari,45,1,0
3133,9102,Anitha Kamath,62,2,0
3134,9107,Srinivas Nayak,34,1,0
3135,9112,Kiran Prabhu,51,1,0
3136,9113,Pallavi Prabhu,15,2,0
3137,9115,Rekha Poojary,86,2,0
3138,9116,Mahesh Naik,52,1,0
3139,9120,Harish Patil,23,1,0
3140,9121,Halappa Kulkarni,34,1,0
3141,9123,Salman Prabhu,80,1,0
3142,9124,Muniraju Setty,25,1,0
3143,9127,Shivakumar Reddy,37,1,0
3144,9137,Vijay Bhandari,50,1,0
3145,9143,Roopa Reddy,31,2,0
3146,9144,Umesh Desai,26,1,0
3147,9148,Sunita D'Souza,70,2,0
3148,9150,Deepak Reddy,40,1,0
3149,9151,Ashok Gowda,49,1,0
3150,9153,Kavya Bhandari,52,2,0
3151,9156,Sheela Naidu,66,2,0
3152,9167,Roopa Reddy,95,2,0
3153,9169,Nagaveni Hegde,39,2,0
3154,9176,Nagaveni Naidu,50,2,0
3155,9180,Joseph Reddy,18,1,0
3156,9187,Ibrahim Bhandari,23,1,0
3157,9188,Suresh Shetty,36,1,0
3158,9193,Sowmya Shetty,63,2,0
3159,9196,Byrappa Bhat,66,1,0
3160,9198,Anitha Reddy,11,2,0
3161,9202,Puttaswamy Sheikh,31,1,0
3162,9204,Vani Hegde,36,2,0
3163,9209,Bhagya Hegde,14,2,0
3164,9214,Vani Fernandes,17,2,0
3165,9216,Shobha Shetty,56,2,0
3166,9217,Sheela Shetty,51,2,0
3167,9221,Sandeep Hiremath,40,1,0
3168,9226,Bhagya Fernandes,87,2,0
3169,9227,Savitri Shetty,36,2,0
3170,9230,Kamala Shetty,27,2,0
3171,9235,Rekha Kamath,33,2,0
3172,9238,Shobha Kumar,27,2,0
3173,9245,Rajesh Setty,39,1,0
3174,9248,Channabasappa Bhat,64,1,0
3175,9250,Shobha Desai,40,2,0
3176,9252,Jayashree Hiremath,42,2,0
3177,9261,Fathima Prabhu,44,2,0
3178,9262,Deepa Khan,26,2,0
3179,9264,Kavya Urs,12,2,0
3180,9267,Suresh Naik,34,1,0
3181,9268,Pallavi Urs,52,2,0
3182,9269,Jayashree Rao,35,2,0
3183,9271,Nandini Reddy,29,2,0
3184,9273,Nagaveni Poojary,13,2,0
3185,9277,Rajesh Gowda,15,1,0
3186,9284,Byrappa Shetty,29,1,0
3187,9285,Anitha Reddy,40,2,0
3188,9290,Girish D'Souza,92,1,0
3189,9294,Radha Urs,29,2,0
3190,9297,Rekha Urs,47,2,0
3191,9299,Kamala Patil,23,2,0
3192,9300,Byrappa Gowda,77,1,0
3193,9302,Vani Bhandari,95,2,0
3194,9310,Puttaswamy Iyer,27,1,0
3195,9311,Anitha Rao,30,2,0
3196,9313,Manjula Bhat,49,2,0
3197,9315,Shobha Iyer,25,2,0
3198,9316,Vijay Shetty,33,1,0
3199,9320,Deepak Prabhu,20,1,0
3200,9322,Ramesh Poojary,20,1,0
3201,9325,Sowmya Gowda,20,2,0
3202,9329,Santosh Setty,15,1,0
3203,9331,Ravi Reddy,30,1,0
3204,9335,Girish Bhat,75,1,0
3205,9339,Mary Kamath,69,2,0
3206,9342,Manjula Hiremath,32,2,0
3207,9346,Nirmala Bhandari,26,2,0
3208,9349,Shivakumar Bhat,35,1,0
3209,9353,Vijay Kamath,21,1,0
3210,9356,Ibrahim Rao,19,1,0
3211,9362,Santosh Desai,32,1,0
3212,9365,Sowmya Prabhu,56,2,0
3213,9366,Joseph Desai,15,1,0
3214,9369,Vani Hiremath,14,2,0
3215,9370,Roopa Achar,44,2,0
3216,9371,Deepa Kamath,12,2,0
3217,9377,Zainab Urs,19,2,0
3218,9378,Zainab Rao,60,2,0
3219,9388,Sheela Shetty,16,2,0
3220,9389,Channabasappa Hegde,33,1,0
3221,9393,Anitha Desai,15,2,0
3222,9395,Deepa Achar,19,2,0
3223,9398,Bhagya Poojary,50,2,0
3224,9401,Yusuf Achar,22,1,0
3225,9407,Imran Khan,52,1,0
3226,9409,Nagaveni Rao,69,2,0
3227,9412,Shobha Achar,35,2,0
3228,9414,Manjula Gowda,44,2,0
3229,9416,Nirmala Khan,41,2,0
3230,9417,Geetha Urs,23,2,0
3231,9419,Yashoda Setty,74,2,0
3232,9421,Sheela Pinto,45,2,0
3233,9423,Nagaveni Desai,15,2,0
3234,9425,Shwetha Bhat,41,2,0
3235,9426,Fathima Patil,11,2,0
3236,9427,Nandini Poojary,83,2,0
3237,9432,Rekha Reddy,24,2,0
3238,9434,Kavya Setty,15,2,0
3239,9435,Manoj Gowda,30,1,0
3240,9438,Kavya Pinto,43,2,0
3241,9440,Ratna Rao,35,2,0
3242,9446,Ibrahim Sheikh,55,1,0
3243,9447,Shobha Gowda,37,2,0
3244,9449,Sandeep Bhat,62,1,0
3245,9450,Bhagya Reddy,33,2,0
3246,9452,Yusuf Fernandes,50,1,0
3247,9459,Shwetha Gowda,25,2,0
3248,9466,Nirmala Kumar,35,2,1
3249,9468,Nandini Kulkarni,53,2,0
3250,9477,Zainab Bhandari,42,2,0
3251,9479,Manjula Sheikh,21,2,0
3252,9483,Shwetha Iyer,39,2,0
3253,9486,Sunita Poojary,17,2,0
3254,9493,Geetha Gowda,39,2,0
3255,9495,Nagaveni Hiremath,28,2,0
3256,9497,Ravi Rao,31,1,0
3257,9509,Gopal Hiremath,79,1,0
3258,9510,Lakshmi Rao,79,2,0
3259,9511,Vani Nayak,35,2,0
3260,9517,Deepa Setty,22,2,0
3261,9518,Jayashree Patil,44,2,0
3262,9520,Kavya Desai,41,2,0
3263,9521,Nagaveni Shetty,33,2,0
3264,9523,Joseph Achar,55,1,0
3265,9524,Roopa D'Souza,75,2,0
3266,9531,Deepak Iyer,62,1,0
3267,9534,Anand Gowda,35,1,0
3268,9537,Deepa Nayak,38,2,0
3269,9538,Naveen Pinto,17,1,0
3270,9539,Radha Reddy,50,2,0
3271,9540,Mary Fernandes,26,2,0
3272,9552,Salman Iyer,32,1,0
3273,9553,Kamala Prabhu,32,2,0
3274,9556,Yogesh Setty,31,1,0
3275,9558,Ramesh Desai,22,1,0
3276,9558,Manjula Prabhu,48,2,0
3277,9558,Savitri Urs,50,2,0
3278,9559,Anitha Shetty,43,2,0
3279,9563,Jayashree Bhandari,95,2,0
3280,9564,Geetha Bhandari,44,2,0
3281,9572,Radha Desai,84,2,0
3282,9576,Girish Jadhav,22,1,0
3283,9578,Girish Gowda,44,1,0
3284,9585,Geetha Iyer,46,2,0
3285,9589,Shwetha Achar,18,2,0
3286,9590,Naveen Naidu,18,1,0
3287,9592,Umesh Shetty,28,1,0
3288,9595,Shwetha Shetty,24,2,0
3289,9601,Radha Jadhav,9,2,0
3290,9606,Arjun Poojary,35,1,0
3291,9607,Muniraju Naik,79,1,0
3292,9610,Geetha Pinto,39,2,0
3293,9614,Zainab D'Souza,21,2,0
3294,9615,Xavier Kumar,8,1,0
3295,9621,Bhagya Jadhav,72,2,0
3296,9628,Fathima Desai,64,2,0
3297,9629,Geetha Bhandari,36,2,0
3298,9632,Jayashree Setty,39,2,0
3299,9633,Jayashree Bhat,51,2,0
3300,9635,Vani Fernandes,18,2,0
3301,9636,Channabasappa Kamath,36,1,0
3302,9637,Arjun Kamath,21,1,0
3303,9638,Harish Naik,24,1,0
3304,9639,Nagaveni Achar,12,2,0
3305,9640,Sowmya Desai,31,2,0
3306,9643,Chandrashekar Urs,41,1,0
3307,9644,Shivakumar Sheikh,63,1,0
3308,9648,Bhagya Reddy,28,2,0
3309,9653,Chandrashekar Devaraj,21,1,0
3310,9657,Zainab Prabhu,50,2,0
3311,9659,Vinay Iyer,39,1,0
3312,9662,Karan Bhandari,34,1,0
3313,9665,Vani Bhandari,61,2,0
3314,9668,Kavya Rao,49,2,0
3315,9672,Arjun Kumar,40,1,0
3316,9674,Anand Kamath,33,1,0
3317,9675,Anitha Bhandari,21,2,0
3318,9676,Channabasappa Devaraj,17,1,0
3319,9678,Shobha Achar,25,2,0
3320,9681,Sheela Hiremath,46,2,0
3321,9683,Harish Bhandari,6,1,0
3322,9685,Nandini D'Souza,33,2,0
3323,9686,Sandeep Prabhu,33,1,0
3324,9687,Vani Bhandari,17,2,0
3325,9689,Anand Achar,46,1,0
3326,9691,Mary Jadhav,19,2,0
3327,9694,Ramesh Hiremath,49,1,0
3328,9698,Basavaraj Sheikh,50,1,0
3329,9700,Bhagya Kumar,46,2,0
3330,9706,Rekha Nayak,49,2,0
3331,9713,Radha Setty,72,2,0
3332,9715,Manoj Iyer,37,1,0
3333,9723,Ratna Reddy,45,2,0
3334,9725,Ganesh Prabhu,34,1,0
3335,9729,John Setty,26,1,0
3336,9731,Prakash Patil,39,1,0
3337,9736,Manjula Iyer,23,2,0
3338,9741,Anitha Poojary,32,2,0
3339,9744,Yashoda Patil,26,2,0
3340,9745,Puttaswamy Achar,29,1,0
3341,9746,Yashoda Shetty,21,2,0
3342,9747,Abdul Hegde,94,1,0
3343,9751,Naveen Shetty,50,1,0
3344,9755,Lakshmi Setty,84,2,0
3345,9758,Pushpa Naik,38,2,0
3346,9759,Jayashree Hiremath,28,2,0
3347,9760,Jayashree Bhat,59,2,0
3348,9762,Mary Naik,43,2,0
3349,9764,Prakash Pinto,24,1,0
3350,9774,Gopal Reddy,48,1,0
3351,9775,Abdul Prabhu,95,1,0
3352,9777,Pushpa Kamath,83,2,0
3353,9778,Harish Hiremath,48,1,0
3354,9785,Deepa Reddy,31,2,0
3355,9787,Mary Nayak,25,2,0
3356,9789,Roopa Patil,53,2,0
3357,9790,Bhagya Prabhu,21,2,0
3358,9793,Srinivas Achar,21,1,0
3359,9794,Sunita Kumar,44,2,0
3360,9796,Dinesh Bhandari,41,1,0
3361,9797,Ratna Sheikh,95,2,0
3362,9803,Sheela Achar,53,2,0
3363,9808,Savitri Devaraj,56,2,0
3364,9810,Bhagya Patil,42,2,0
3365,9817,Deepa Fernandes,15,2,0
3366,9825,Roopa Jadhav,66,2,0
3367,9827,Nagaveni Urs,18,2,0
3368,9841,Roopa Desai,57,2,0
3369,9843,Ibrahim Hiremath,34,1,0
3370,9844,Shivakumar Kulkarni,14,1,0
3371,9845,Gopal Devaraj,89,1,0
3372,9846,Rajesh Hegde,55,1,0
3373,9848,Sowmya Nayak,33,2,0
3374,9852,Savitri Patil,32,2,0
3375,9853,Girish Reddy,36,1,0
3376,9855,Lakshmi Naidu,18,2,0
3377,9856,Savitri Hiremath,55,2,0
3378,9859,Anand Hegde,45,1,0
3379,9860,Savitri Setty,16,2,0
3380,9861,Sunita Achar,82,2,0
3381,9863,Rekha Reddy,35,2,0
3382,9865,Pushpa Jadhav,37,2,0
3383,9872,Shobha Jadhav,50,2,0
3384,9873,Naveen Devaraj,45,1,0
3385,9874,Roopa D'Souza,69,2,0
3386,9875,Sowmya Achar,21,2,0
3387,9879,Anitha D'Souza,29,2,0
3388,9880,Yashoda Rao,67,2,0
3389,9882,Sowmya Kumar,13,2,0
3390,9884,Nagaveni Desai,11,2,0
3391,9885,Jayashree Sheikh,19,2,0
3392,9886,Anand Achar,51,1,0
3393,9888,Mary Gowda,3,2,0
3394,9892,Srinivas Bhandari,31,1,0
3395,9895,Yashoda Setty,14,2,0
3396,9909,Zainab Hegde,50,2,0
3397,9914,Chandrashekar Achar,62,1,0
3398,9916,Pushpa D'Souza,18,2,0
3399,9917,Deepak Urs,56,1,0
3400,9918,Radha Khan,26,2,0
3401,9922,Sunita Reddy,26,2,0
3402,9929,Karan Reddy,14,1,0
3403,9937,Manjula Bhat,28,2,0
3404,9939,Deepa Prabhu,45,2,0
3405,9940,Shwetha Gowda,36,2,0
3406,9941,Jayashree Kulkarni,66,2,0
3407,9945,Nandini Kumar,29,2,0
3408,9946,Ayesha Devaraj,54,2,0
3409,9953,Jayashree Iyer,33,2,0
3410,9954,Pushpa Naik,31,2,0
3411,9959,Bhagya Hegde,9,2,0
3412,9962,Krishna Sheikh,14,1,0
3413,9963,Pallavi Shetty,21,2,0
3414,9968,Radha Prabhu,28,2,0
3415,9970,Pushpa Reddy,23,2,0
3416,9973,Rekha Bhandari,27,2,0
3417,9979,Sunita Kamath,40,2,0
3418,9980,Sowmya Naik,16,2,0
3419,9983,Lakshmi Patil,43,2,0
3420,9984,Jayashree Iyer,41,2,0
3421,9986,Shivakumar Poojary,16,1,0
3422,9990,Jayashree Reddy,44,2,0
3423,9991,Dinesh Bhandari,11,1,0
3424,9997,Fathima Pinto,31,2,0
3425,10001,Shwetha Prabhu,78,2,0
3426,10005,Deepa Hegde,41,2,0
3427,10008,Roopa Poojary,79,2,0
3428,10010,Vani Prabhu,17,2,0
3429,10011,Deepa Iyer,45,2,0
3430,10014,Vani Kulkarni,35,2,0
3431,10015,Jayashree Hiremath,38,2,0
3432,10017,Jayashree Shetty,21,2,0
3433,10021,Ratna Kamath,53,2,0
3434,10025,Salman Kamath,20,1,0
3435,10028,Mary Poojary,58,2,0
3436,10034,Sunita Patil,47,2,0
3437,10038,Ravi Reddy,40,1,0
3438,10039,Lakshmi Shetty,59,2,0
3439,10042,Anitha Prabhu,36,2,0
3440,10046,Umesh Nayak,43,1,0
3441,10049,Yashoda Kulkarni,59,2,0
3442,10052,Lokesh Bhat,33,1,0
3443,10057,Nirmala Jadhav,41,2,0
3444,10059,Pradeep Kumar,20,1,0
3445,10062,Bhagya Reddy,6,2,0
3446,10065,Halappa Gowda,16,1,0
3447,10076,Raghavendra Kamath,33,1,0
3448,10078,Vani Iyer,27,2,0
3449,10079,Harish Rao,74,1,0
3450,10082,John Bhandari,27,1,0
3451,10088,Nandini Patil,18,2,0
3452,10091,Pushpa Shetty,37,2,0
3453,10092,Geetha Prabhu,31,2,0
3454,10093,Sowmya Kulkarni,39,2,0
3455,10096,Yusuf Kulkarni,20,1,0
3456,10099,Anitha Patil,31,2,0
3457,10105,Ramesh Khan,18,1,0
3458,10109,Vani Hegde,46,2,0
3459,10119,Anthony Patil,86,1,0
3460,10124,Halappa Patil,69,1,0
3461,10125,John Fernandes,34,1,0
3462,10131,Kiran Kumar,43,1,0
3463,10132,Kamala Shetty,18,2,0
3464,10132,Anand Bhandari,18,1,0
3465,10132,Vani Poojary,40,2,0
3466,10139,Manjula Rao,39,2,0
3467,10141,Sheela Khan,35,2,0
3468,10142,Shwetha Rao,26,2,0
3469,10149,Sheela Patil,16,2,0
3470,10150,Gopal Bhat,41,1,0
3471,10155,Manjula Khan,29,2,0
3472,10157,Ayesha Reddy,44,2,0
3473,10160,Jayashree Iyer,40,2,0
3474,10161,Fathima Kamath,52,2,0
3475,10163,Vinay Kamath,26,1,0
3476,10168,Ayesha Urs,25,2,0
3477,10172,Deepa Bhat,39,2,0
3478,10173,Ratna D'Souza,36,2,0
3479,10180,Nagaveni Devaraj,34,2,0
3480,10181,Geetha Kumar,53,2,0
3481,10182,Sunita Pinto,22,2,0
3482,10183,Nagaveni Hiremath,37,2,0
3483,10185,Byrappa Kulkarni,68,1,0
3484,10187,Nagaveni Iyer,17,2,0
3485,10190,Deepak Poojary,69,1,0
3486,10194,Ayesha Prabhu,40,2,0
3487,10195,Pushpa Pinto,67,2,0
3488,10199,Manjunath Iyer,67,1,0
3489,10200,Mahesh Hegde,58,1,0
3490,10203,Sunita Naidu,26,2,0
3491,10206,Anitha Hegde,70,2,0
3492,10211,Kavya Jadhav,52,2,0
3493,10213,Geetha Patil,46,2,0
3494,10217,Roopa Hiremath,44,2,0
3495,10223,Anitha Reddy,36,2,0
3496,10223,Suresh Pinto,46,1,0
3497,10225,Savitri Fernandes,29,2,0
3498,10226,Nandini Rao,28,2,0
3499,10229,Geetha Nayak,37,2,0
3500,10231,Shwetha Hegde,57,2,0
3501,10232,Sowmya Bhandari,42,2,0
3502,10234,Shwetha Poojary,30,2,0
3503,10236,Pushpa Kulkarni,55,2,0
3504,10237,Shobha Gowda,15,2,0
3505,10238,Nagaveni Desai,77,2,0
3506,10241,Bhagya Khan,29,2,0
3507,10246,Kavya Hiremath,39,2,0
3508,10247,Bhagya Devaraj,39,2,0
3509,10249,Pradeep Bhat,36,1,0
3510,10250,Pushpa Rao,55,2,0
3511,10251,Basavaraj Nayak,24,1,0
3512,10253,Imran Iyer,95,1,0
3513,10254,Manjula Bhandari,79,2,0
3514,10256,Santosh Patil,32,1,0
3515,10259,Gopal Achar,28,1,0
3516,10264,Lakshmi Kamath,24,2,0
3517,10270,Zainab D'Souza,37,2,0
3518,10271,Roopa Sheikh,86,2,0
3519,10277,Naveen Nayak,75,1,1
3520,10280,Nandini Prabhu,31,2,0
3521,10281,Deepa Fernandes,53,2,0
3522,10284,Anitha Urs,64,2,0
3523,10288,Yogesh Devaraj,30,1,0
3524,10289,Fathima Rao,33,2,0
3525,10291,Fathima Fernandes,20,2,0
3526,10295,Suresh Prabhu,29,1,0
3527,10298,Nagaraj Naik,78,1,0
3528,10304,Ashok Kamath,52,1,0
3529,10312,Lokesh Kulkarni,35,1,0
3530,10314,Harish Reddy,35,1,0
3531,10315,Salman D'Souza,16,1,0
3532,10321,Nagaveni D'Souza,32,2,0
3533,10324,Savitri Bhandari,48,2,0
3534,10326,Anitha Desai,16,2,0
3535,10327,Rekha Kumar,33,2,0
3536,10329,Raghavendra Kulkarni,29,1,0
3537,10330,Pallavi Desai,58,2,0
3538,10330,Sunita Khan,43,2,0
3539,10330,Geetha Reddy,14,2,0
3540,10336,Pushpa Naidu,24,2,0
3541,10338,Xavier Nayak,34,1,0
3542,10339,Rajesh Patil,65,1,0
3543,10346,Manjula Khan,70,2,0
3544,10351,Ibrahim Khan,24,1,0
3545,10352,Sowmya Rao,50,2,0
3546,10356,Manjula Kumar,17,2,0
3547,10359,Basavaraj Jadhav,30,1,0
3548,10360,Nandini Iyer,19,2,0
3549,10360,Savitri Iyer,26,2,0
3550,10360,Ratna Setty,43,2,0
3551,10363,Pushpa Devaraj,31,2,0
3552,10371,Rekha Reddy,33,2,0
3553,10374,John Pinto,23,1,0
3554,10376,Sandeep Hegde,38,1,0
3555,10381,Pallavi Bhat,9,2,0
3556,10386,Roopa Jadhav,25,2,0
3557,10390,Nagaveni Pinto,17,2,1
3558,10396,Salman Nayak,17,1,0
3559,10399,Anthony Patil,22,1,0
3560,10400,Shobha Desai,26,2,0
3561,10408,John Hegde,53,1,0
3562,10416,Geetha Naik,25,2,0
3563,10420,Jayashree D'Souza,8,2,0
3564,10422,Pushpa Kumar,53,2,0
3565,10423,Naveen Devaraj,34,1,0
3566,10428,Bhagya D'Souza,30,2,0
3567,10429,Xavier Setty,64,1,0
3568,10432,Bhagya Desai,34,2,0
3569,10433,Vani Nayak,51,2,0
3570,10435,Ratna Khan,42,2,0
3571,10437,Kavya Pinto,19,2,0
3572,10439,Vani Iyer,17,2,0
3573,10442,Ratna Hiremath,26,2,0
3574,10443,Radha Devaraj,50,2,0
3575,10444,Muniraju Fernandes,50,1,0
3576,10446,Sowmya Kumar,61,2,0
3577,10448,Shivakumar Bhandari,30,1,0
3578,10449,Nagaraj Urs,47,1,0
3579,10450,Anitha Hegde,42,2,0
3580,10454,Pushpa Setty,46,2,0
3581,10457,Savitri Poojary,67,2,0
3582,10458,Yogesh Rao,25,1,0
3583,10460,Ganesh Poojary,70,1,0
3584,10462,Radha Nayak,57,2,0
3585,10463,Zainab Bhat,32,3,0
3586,10463,Chandrashekar Desai,73,1,0
3587,10464,Anand Reddy,19,1,0
3588,10468,Channabasappa Shetty,30,1,0
3589,10474,Ashok D'Souza,22,1,0
3590,10477,Sandeep Naidu,46,1,0
3591,10480,Deepak Bhat,50,1,0
3592,10482,Karan Urs,30,1,0
3593,10485,Pallavi Naidu,26,2,0
3594,10488,Jayashree Reddy,21,2,0
3595,10490,Yashoda Bhandari,76,2,0
3596,10498,Ayesha Desai,23,2,0
3597,10502,Salman Nayak,44,1,0
3598,10504,Dinesh Sheikh,78,1,0
3599,10506,Karan Devaraj,80,1,0
3600,10509,Fathima Sheikh,9,2,0
3601,10515,Raghavendra Prabhu,14,1,0
3602,10516,Mary Prabhu,44,2,0
3603,10519,Mahesh Rao,42,1,0
3604,10524,Ashok Iyer,25,1,0
3605,10527,Anthony Hiremath,20,1,0
3606,10529,Santosh Kulkarni,32,1,0
3607,10530,Ramesh Kulkarni,14,1,0
3608,10533,Santosh Reddy,52,1,0
3609,10534,Geetha Desai,36,2,0
3610,10536,Jayashree Kumar,37,2,0
3611,10537,Fathima Poojary,30,2,0
3612,10542,Karan Bhandari,58,1,0
3613,10545,Ravi Naidu,50,1,0
3614,10549,Vani Rao,59,2,0
3615,10557,Ratna Kulkarni,17,2,0
3616,10561,Nandini Nayak,29,2,0
3617,10562,Savitri Naidu,11,2,0
3618,10565,Girish Bhandari,52,1,0
3619,10566,Ayesha Iyer,58,2,0
3620,10567,Ganesh Kumar,56,1,0
3621,10569,Lakshmi Sheikh,35,2,0
3622,10571,Yusuf Poojary,26,1,0
3623,10572,Manjula Devaraj,19,2,0
3624,10573,Sheela Hiremath,45,2,0
3625,10575,Vinay Hiremath,39,1,0
3626,10578,Puttaswamy Urs,17,1,0
3627,10579,Pallavi Iyer,43,2,0
3628,10581,Roopa Khan,22,2,0
3629,10584,Savitri Jadhav,61,2,0
3630,10587,Sowmya Patil,49,2,0
3631,10588,Ibrahim Naidu,63,1,0
3632,10589,Prakash Bhat,38,1,0
3633,10590,Mahesh D'Souza,21,1,0
3634,10592,Salman Setty,55,1,0
3635,10593,Roopa Kulkarni,56,2,0
3636,10595,Ibrahim Iyer,27,1,0
3637,10596,Yashoda Kamath,34,2,0
3638,10599,Ibrahim Prabhu,37,1,0
3639,10600,Roopa Reddy,25,2,0
3640,10602,Basavaraj D'Souza,11,1,0
3641,10608,Bhagya Jadhav,24,2,0
3642,10609,Yashoda Achar,16,2,0
3643,10616,Sunita Shetty,7,2,1
3644,10619,Raghavendra Setty,21,1,0
3645,10622,Anitha Gowda,80,2,0
3646,10626,Sheela Hegde,12,2,0
3647,10636,Ayesha Setty,23,2,0
3648,10637,Mary Reddy,71,2,0
3649,10638,Pushpa Naik,45,2,0
3650,10639,Mary Reddy,46,2,0
3651,10640,Prakash Shetty,52,1,0
3652,10642,Fathima Kamath,26,2,0
3653,10643,Chandrashekar Reddy,33,1,0
3654,10645,Zainab Rao,38,2,0
3655,10646,Savitri Hegde,29,2,0
3656,10649,Roopa Naidu,27,2,0
3657,10660,Kiran Fernandes,26,1,0
3658,10662,Anitha Nayak,39,2,0
3659,10667,Ashok Iyer,65,1,0
3660,10678,Arjun Desai,38,1,0
3661,10687,Salman Setty,33,1,0
3662,10689,Gopal Kumar,24,1,0
3663,10691,Sheela Jadhav,56,2,0
3664,10696,Sowmya Kumar,12,2,0
3665,10697,Nandini Setty,72,2,0
3666,10703,Karan Setty,20,1,0
3667,10708,Ravi Fernandes,68,1,0
3668,10710,Sowmya Jadhav,40,2,0
3669,10711,Geetha Devaraj,15,2,0
3670,10713,Nagaveni Achar,46,2,0
3671,10714,Shobha Reddy,43,2,0
3672,10720,Prakash Khan,31,1,0
3673,10721,Yashoda Setty,39,2,0
3674,10722,Karan Prabhu,34,1,0
3675,10727,Rekha Naik,42,2,0
3676,10729,Anitha Urs,36,2,0
3677,10730,Yashoda Nayak,76,2,0
3678,10731,Sandeep Hegde,60,1,0
3679,10738,Yusuf Prabhu,17,1,0
3680,10739,Vijay Devaraj,25,1,0
3681,10740,Nandini Gowda,50,2,0
3682,10742,Mahesh Prabhu,25,1,0
3683,10743,Fathima Achar,37,2,0
3684,10748,Roopa Hegde,27,2,0
3685,10750,Nandini Jadhav,49,2,0
3686,10752,Yashoda Kamath,10,2,0
3687,10754,Kavya Fernandes,24,2,0
3688,10759,Kiran D'Souza,9,1,0
3689,10760,Fathima Reddy,46,2,0
3690,10766,Shobha Kamath,66,2,0
3691,10767,Nagaveni Reddy,19,2,0
3692,10768,Rajesh Achar,56,1,0
3693,10773,Rekha Kulkarni,38,2,0
3694,10775,Halappa Khan,31,1,0
3695,10779,Deepa Kulkarni,82,2,0
3696,10790,Kamala Naik,15,2,0
3697,10791,Deepak Jadhav,36,1,0
3698,10794,Geetha Reddy,23,2,0
3699,10796,Deepak Kumar,33,1,0
3700,10797,Savitri Hiremath,27,2,0
3701,10799,Byrappa Naik,50,1,0
3702,10800,Sunita Prabhu,42,2,0
3703,10801,Roopa Khan,41,2,0
3704,10802,Yashoda Bhat,43,2,0
3705,10808,Manjula Poojary,44,2,0
3706,10812,Roopa Khan,20,2,0
3707,10818,Channabasappa Urs,53,1,0
3708,10818,Yashoda Pinto,43,2,0
3709,10823,Manjula Fernandes,32,2,0
3710,10825,Nandini Poojary,7,2,0
3711,10831,Nagaveni Achar,95,2,0
3712,10834,Shwetha Poojary,35,2,0
3713,10840,Vijay Kulkarni,28,1,0
3714,10844,Vani Pinto,44,2,0
3715,10849,Savitri D'Souza,50,2,0
3716,10857,Savitri Reddy,49,2,0
3717,10858,Santosh Hiremath,19,1,0
3718,10864,Manjula Kumar,24,2,0
3719,10868,Deepa Fernandes,22,2,0
3720,10869,Mahesh Khan,46,1,0
3721,10871,Kamala Kumar,41,2,0
3722,10872,Muniraju Patil,14,1,0
3723,10875,Nandini Reddy,66,2,0
3724,10876,Deepak Kulkarni,44,1,0
3725,10877,Vani Fernandes,14,2,0
3726,10878,Deepa Rao,36,2,0
3727,10879,Abdul Iyer,25,1,0
3728,10887,Roopa Fernandes,12,2,0
3729,10892,Pushpa Hiremath,69,2,0
3730,10901,Gopal Reddy,53,1,0
3731,10902,Muniraju Rao,41,1,0
3732,10906,Radha Fernandes,49,2,0
3733,10907,Anitha Kamath,46,2,0
3734,10909,Pushpa Poojary,33,2,0
3735,10916,Nagaveni Hiremath,26,2,0
3736,10919,Manjula Poojary,29,2,0
3737,10920,Lokesh Patil,59,1,0
3738,10924,Ayesha Hiremath,45,2,0
3739,10927,Pallavi Sheikh,27,2,0
3740,10928,Ayesha Sheikh,18,2,0
3741,10939,Salman Prabhu,18,1,0
3742,10940,Yogesh Kulkarni,4,1,0
3743,10941,Deepak Kamath,37,1,0
3744,10943,Srinivas D'Souza,16,1,0
3745,10944,Vani Shetty,63,2,0
3746,10945,Sunita Prabhu,64,2,0
3747,10947,Manjunath Achar,13,1,0
3748,10950,Kamala Iyer,26,2,0
3749,10951,Geetha Fernandes,87,2,0
3750,10956,John Khan,15,1,0
3751,10961,Suresh Bhat,72,1,0
3752,10964,Kamala Jadhav,39,2,0
3753,10965,Sowmya Reddy,42,2,0
3754,10968,Naveen Prabhu,30,1,0
3755,10969,Lakshmi Urs,55,2,1
3756,10971,Kamala Achar,16,2,0
3757,10973,Ratna Rao,30,2,0
3758,10974,Umesh Kulkarni,48,1,0
3759,10976,Basavaraj Achar,38,1,0
3760,10977,Ayesha Kumar,67,2,0
3761,10978,Radha Sheikh,35,2,0
3762,10979,Radha Hegde,49,2,0
3763,10985,Vani Achar,28,2,0
3764,10987,Manoj Urs,28,1,0
3765,10992,Nirmala Kamath,21,2,0
3766,10993,Yusuf Hiremath,8,1,0
3767,10997,Sowmya Nayak,26,2,0
3768,10998,Arjun Kulkarni,40,1,0
3769,11002,Pallavi Patil,21,2,0
3770,11007,Nagaveni Setty,15,2,1
3771,11010,Dinesh D'Souza,34,1,0
3772,11012,Umesh Naik,20,1,0
3773,11018,Nagaveni Hiremath,28,2,0
3774,11019,Deepak Setty,13,1,0
3775,11020,Roopa D'Souza,52,2,0
3776,11022,Sheela Jadhav,47,2,0
3777,11024,Roopa D'Souza,27,2,0
3778,11027,Ramesh Poojary,29,1,0
3779,11033,Sunita Patil,22,2,0
3780,11035,Sunita Sheikh,23,2,0
3781,11037,Kamala Hegde,71,2,0
3782,11039,Nagaveni Prabhu,34,2,0
3783,11040,Fathima Naik,48,2,0
3784,11044,Harish D'Souza,20,1,0
3785,11046,Roopa Khan,17,2,0
3786,11048,Ibrahim Shetty,46,1,0
3787,11050,Halappa D'Souza,65,1,0
3788,11051,Nirmala Jadhav,31,2,1
3789,11052,Sheela Jadhav,35,2,0
3790,11052,Deepak Hiremath,15,1,0
3791,11052,Ayesha Reddy,64,2,0
3792,11053,Ravi Reddy,38,1,0
3793,11054,Nandini Jadhav,39,2,0
3794,11055,Pallavi Rao,41,2,0
3795,11059,Pradeep Kamath,47,1,0
3796,11068,Anand Kulkarni,66,1,0
3797,11069,Savitri Shetty,30,2,0
3798,11070,Arjun Bhat,20,1,0
3799,11072,Rajesh D'Souza,27,1,0
3800,11072,Pushpa Gowda,19,2,0
3801,11072,Pallavi Rao,67,2,0
3802,11073,Rekha Fernandes,70,2,0
3803,11074,Shobha Rao,14,2,0
3804,11076,Pushpa Kumar,48,2,0
3805,11083,Rekha Fernandes,28,2,0
3806,11085,Sowmya Naidu,41,2,0
3807,11086,Sheela Pinto,30,2,0
3808,11091,Ratna Sheikh,31,2,0
3809,11096,Ashok Shetty,27,1,0
3810,11097,Anitha Rao,15,2,0
3811,11098,Kavya Bhandari,29,2,0
3812,11100,Shobha Jadhav,17,2,0
3813,11103,Ratna Sheikh,32,2,0
3814,11111,Manoj Reddy,23,1,0
3815,11112,Fathima Hegde,30,2,0
3816,11120,Jayashree Prabhu,23,2,0
3817,11121,Savitri Kulkarni,31,2,0
3818,11126,Sowmya Desai,35,2,0
3819,11132,Radha Bhat,47,2,0
3820,11133,Ratna Kumar,20,2,0
3821,11134,Pallavi Sheikh,6,2,0
3822,11137,Yogesh Fernandes,48,1,0
3823,11138,Chandrashekar Desai,31,1,0
3824,11143,Jayashree Achar,26,2,0
3825,11148,Nirmala Hegde,25,2,0
3826,11150,Salman Prabhu,40,1,0
3827,11152,Manjula Devaraj,51,2,0
3828,11154,Yashoda Shetty,12,2,0
3829,11155,Ratna Kumar,50,2,0
3830,11165,Kiran Desai,40,1,0
3831,11169,Jayashree D'Souza,23,2,0
3832,11170,Kamala D'Souza,42,2,0
3833,11171,Manjula Desai,81,2,0
3834,11174,Pallavi Hegde,27,2,0
3835,11176,Ganesh Kumar,51,1,0
3836,11177,Deepa Pinto,46,2,0
3837,11178,Kamala Gowda,27,2,0
3838,11180,Shwetha Iyer,13,2,0
3839,11183,Radha Kumar,58,2,0
3840,11185,Kamala Rao,20,2,0
3841,11186,Kavya Rao,18,2,0
3842,11187,Shwetha D'Souza,67,2,0
3843,11190,Basavaraj Naidu,30,1,0
3844,11191,Radha Iyer,45,2,0
3845,11192,Vani Nayak,17,2,0
3846,11193,Kavya Patil,51,2,0
3847,11194,Yashoda Patil,21,2,0
3848,11195,Manoj Khan,62,1,0
3849,11206,Ayesha Shetty,32,2,0
3850,11209,Byrappa Reddy,38,1,0
3851,11212,Raghavendra Patil,76,1,0
3852,11213,Geetha Poojary,25,2,0
3853,11215,Yashoda Bhat,55,2,0
3854,11220,Bhagya Bhandari,46,2,0
3855,11222,Yashoda Nayak,56,2,0
3856,11224,Pallavi Fernandes,81,2,0
3857,11225,Puttaswamy D'Souza,42,1,0
3858,11227,Pushpa Desai,70,2,0
3859,11228,Mahesh Patil,23,1,0
3860,11229,Suresh Kumar,13,1,0
3861,11230,Fathima Setty,49,2,0
3862,11230,Kamala Gowda,33,2,0
3863,11233,Yashoda Setty,73,2,0
3864,11234,Lakshmi Kamath,36,2,0
3865,11235,Shwetha Naidu,34,2,0
3866,11237,Chandrashekar Gowda,51,1,0
3867,11238,Suresh Kamath,26,1,0
3868,11242,Ashok Fernandes,19,1,0
3869,11245,Muniraju Reddy,60,1,0
3870,11246,Kavya Naik,6,2,0
3871,11247,Radha Rao,51,2,0
3872,11249,Kavya Pinto,30,2,0
3873,11251,Kiran Devaraj,75,1,0
3874,11252,Puttaswamy Sheikh,30,1,0
3875,11252,Savitri Khan,35,2,0
3876,11254,Halappa Naidu,21,1,0
3877,11259,Ratna Nayak,43,2,0
3878,11262,Nirmala Desai,34,2,0
3879,11264,Ratna Achar,44,2,0
3880,11266,Savitri Reddy,46,2,0
3881,11267,Girish Naidu,23,1,0
3882,11274,Nagaraj Kulkarni,47,1,0
3883,11280,Sheela D'Souza,66,2,0
3884,11281,Shwetha Prabhu,22,2,0
3885,11286,Ibrahim Devaraj,8,1,0
3886,11289,Shwetha Urs,47,2,0
3887,11291,Yashoda Sheikh,95,2,0
3888,11300,Puttaswamy Setty,24,1,0
3889,11314,Rekha Kulkarni,21,2,0
3890,11315,Krishna Bhat,43,1,0
3891,11316,Nirmala Naik,19,2,0
3892,11319,Manoj Shetty,58,1,0
3893,11320,Ayesha Gowda,77,2,0
3894,11325,Nagaveni Achar,37,2,0
3895,11331,Srinivas Hiremath,20,1,0
3896,11337,Ibrahim Fernandes,45,1,0
3897,11350,Yashoda Achar,22,2,0
3898,11352,Kavya Achar,9,2,0
3899,11354,Jayashree D'Souza,18,2,0
3900,11357,Vani Hegde,35,2,0
3901,11358,Pradeep Hegde,83,1,0
3902,11361,Shwetha Kulkarni,23,2,0
3903,11363,Channabasappa Shetty,30,1,0
3904,11367,Shwetha Kamath,32,2,0
3905,11369,Lakshmi Setty,39,2,0
3906,11372,Sowmya Reddy,30,2,0
3907,11376,Suresh Naidu,8,1,0
3908,11379,Girish Bhandari,29,1,0
3909,11382,Ratna Naik,17,2,0
3910,11386,Kamala Urs,40,2,0
3911,11387,Fathima Hiremath,23,2,0
3912,11392,Lokesh Prabhu,20,1,0
3913,11395,Manoj Iyer,74,1,0
3914,11399,Kamala D'Souza,30,2,0
3915,11400,Pushpa Reddy,72,2,0
3916,11405,Pallavi Jadhav,70,2,0
3917,11407,Yusuf Fernandes,50,1,0
3918,11408,Kiran Prabhu,43,1,0
3919,11418,Nandini Shetty,30,2,0
3920,11422,Savitri Fernandes,58,2,0
3921,11426,Jayashree Poojary,50,2,0
3922,11428,Shobha Reddy,34,2,0
3923,11431,Kamala Urs,48,2,0
3924,11433,Ravi D'Souza,64,1,0
3925,11434,Sheela Rao,71,2,0
3926,11436,Zainab Kamath,50,2,0
3927,11451,Sunita Fernandes,23,2,0
3928,11452,Yogesh Patil,30,1,0
3929,11453,Nagaraj Nayak,18,1,0
3930,11458,Zainab Iyer,11,2,0
3931,11460,Ayesha Shetty,16,2,0
3932,11460,Anand Shetty,25,1,0
3933,11460,Puttaswamy Naik,35,1,0
3934,11463,Yusuf Prabhu,27,1,0
3935,11468,Nirmala Urs,20,2,0
3936,11470,Kamala Hegde,25,2,0
3937,11476,Anthony Bhandari,39,1,0
3938,11479,Anitha Prabhu,59,2,1
3939,11482,Rekha Desai,71,2,0
3940,11484,Nirmala Desai,21,2,0
3941,11485,Geetha Gowda,12,2,0
3942,11486,Pushpa Iyer,22,2,0
3943,11487,Ratna Khan,48,2,0
3944,11488,Mahesh Fernandes,60,1,0
3945,11491,Savitri Kulkarni,54,2,0
3946,11493,Nagaveni Jadhav,37,2,0
3947,11496,Vijay Rao,41,1,0
3948,11496,Radha Poojary,29,2,0
3949,11496,Prakash Pinto,31,1,0
3950,11499,Geetha Bhandari,17,2,0
3951,11507,Xavier Kumar,50,1,0
3952,11509,Shwetha Pinto,15,2,0
3953,11514,Sandeep Bhat,32,1,0
3954,11517,Vani Shetty,18,2,0
3955,11521,Mary Rao,35,2,0
3956,11523,Santosh Kulkarni,21,1,0
3957,11524,Lakshmi Fernandes,26,2,0
3958,11535,Yusuf Poojary,19,1,0
3959,11537,Joseph Pinto,38,1,0
3960,11539,Ibrahim D'Souza,79,1,0
3961,11540,Anitha Devaraj,26,2,0
3962,11543,Nirmala Rao,68,2,0
3963,11545,Karan Iyer,7,1,0
3964,11547,Naveen Shetty,35,1,0
3965,11550,Shwetha Gowda,91,2,0
3966,11556,Vijay Kumar,34,1,0
3967,11559,Ravi Iyer,45,1,0
3968,11563,Nandini Poojary,39,2,0
3969,11568,Shwetha Desai,69,2,0
3970,11574,Rekha D'Souza,25,2,0
3971,11582,Ibrahim Achar,18,1,0
3972,11583,Sheela Fernandes,67,2,0
3973,11588,Yashoda Prabhu,68,2,0
3974,11592,Kamala Hegde,48,2,0
3975,11593,Ravi Kamath,38,1,0
3976,11597,Vani Reddy,37,2,0
3977,11602,Anitha Bhat,51,2,0
3978,11605,Anthony Gowda,33,1,0
3979,11608,Deepak Kamath,12,1,0
3980,11612,Nagaraj Hegde,44,1,0
3981,11616,Krishna Nayak,20,1,0
3982,11619,Lakshmi Poojary,41,2,0
3983,11624,Nandini Gowda,39,2,0
3984,11626,Ravi Kulkarni,37,1,0
3985,11628,Manjula Setty,14,2,0
3986,11633,Byrappa Hiremath,37,1,0
3987,11639,Nagaveni Devaraj,46,2,0
3988,11642,Nandini Prabhu,40,2,0
3989,11646,Shwetha Khan,41,2,0
3990,11649,Rekha Nayak,19,2,0
3991,11653,Sunita Jadhav,28,2,0
3992,11664,Shwetha Gowda,15,2,0
3993,11665,Geetha Pinto,23,2,0
3994,11666,Mary Hiremath,43,2,0
3995,11668,Shobha Achar,51,2,0
3996,11669,Vijay Poojary,34,1,0
3997,11671,Vani Jadhav,55,2,0
3998,11673,Rekha Rao,38,2,0
3999,11678,Shwetha Kulkarni,17,2,0
4000,11682,Lakshmi Bhat,38,2,0
4001,11683,Savitri Naik,48,2,0
4002,11688,Pallavi Poojary,16,2,0
4003,11690,Kamala Hiremath,59,2,0
4004,11693,Anitha Khan,18,2,0
4005,11695,Ratna Naidu,7,2,0
4006,11705,Lakshmi Fernandes,43,2,0
4007,11706,Ramesh Achar,36,1,0
4008,11707,Manjula Pinto,59,2,0
4009,11711,Ratna Reddy,45,2,0
4010,11715,Shobha Achar,45,2,0
4011,11717,Ayesha Sheikh,30,2,0
4012,11722,Shobha Shetty,71,2,0
4013,11725,Savitri Setty,52,2,0
4014,11726,Fathima Urs,40,2,0
4015,11728,Jayashree Kulkarni,36,2,0
4016,11729,Fathima Urs,59,2,0
4017,11734,Yashoda Bhandari,31,2,0
4018,11737,Shobha Bhandari,41,2,0
4019,11739,Ratna Shetty,64,2,0
4020,11740,Salman Urs,29,1,0
4021,11741,Kavya Rao,51,2,0
4022,11743,Nagaveni Hegde,35,2,0
4023,11753,Manjula Hegde,36,2,0
4024,11754,Anitha Pinto,54,2,0
4025,11755,Savitri Desai,39,2,0
4026,11759,Sunita Rao,51,2,0
4027,11762,Rajesh Sheikh,53,1,0
4028,11767,Vinay Hegde,39,1,0
4029,11768,Radha Fernandes,54,2,0
4030,11771,Manjunath Patil,24,1,0
4031,11772,Joseph Nayak,88,1,0
4032,11773,Girish Naidu,68,1,0
4033,11775,Lakshmi Poojary,42,2,0
4034,11776,Puttaswamy Nayak,32,1,0
4035,11778,Yashoda Pinto,45,2,0
4036,11780,Anthony Bhat,33,1,0
4037,11782,Bhagya Kulkarni,29,2,0
4038,11783,Radha Nayak,53,2,0
4039,11785,Srinivas Iyer,46,1,0
4040,11787,Kamala Prabhu,24,2,0
4041,11791,Yogesh Kulkarni,68,1,0
4042,11792,Lokesh Reddy,42,1,0
4043,11795,Rekha Kamath,19,2,0
4044,11798,Rajesh Reddy,38,1,0
4045,11803,Anthony Fernandes,18,1,0
4046,11804,Halappa Khan,59,1,0
4047,11808,Sheela Reddy,42,2,0
4048,11809,Nagaveni Urs,18,2,0
4049,11810,Fathima Kumar,23,2,0
4050,11813,Fathima Reddy,35,2,0
4051,11815,Lakshmi Khan,35,2,1
4052,11817,Pallavi Nayak,66,2,0
4053,11818,Manjula Nayak,29,2,0
4054,11830,Yashoda Kulkarni,50,2,0
4055,11831,Ratna Urs,43,2,0
4056,11835,Radha Prabhu,10,2,0
4057,11840,Sandeep Desai,30,1,0
4058,11846,Manjula Hiremath,19,2,0
4059,11851,Basavaraj Naik,88,1,0
4060,11852,Imran Hegde,16,1,0
4061,11852,Geetha Reddy,13,2,0
4062,11852,Savitri Prabhu,23,2,0
4063,11855,Ashok Setty,22,1,0
4064,11856,Nandini Kulkarni,41,2,0
4065,11857,Mary Achar,66,2,0
4066,11860,Kavya Reddy,37,2,0
4067,11861,Rekha Pinto,28,2,0
4068,11866,Yusuf Khan,27,1,0
4069,11868,Vinay Setty,9,1,0
4070,11874,Geetha Reddy,37,2,0
4071,11880,Bhagya Pinto,47,2,0
4072,11881,Manjula Desai,34,2,0
4073,11881,Halappa Reddy,28,1,0
4074,11881,Geetha Fernandes,51,2,0
4075,11883,Savitri Urs,21,2,0
4076,11886,Anitha Gowda,34,2,0
4077,11887,Nagaveni Naik,68,2,0
4078,11888,Nirmala Achar,67,2,0
4079,11891,Mary Prabhu,32,2,0
4080,11892,Kamala Naidu,8,2,0
4081,11894,Vani Gowda,30,2,0
4082,11895,Deepa D'Souza,40,2,0
4083,11896,Arjun Naidu,79,1,0
4084,11900,Shwetha Bhandari,12,2,0
4085,11905,Sunita Achar,73,2,0
4086,11906,Kamala D'Souza,14,2,0
4087,11908,Kavya Patil,28,2,0
4088,11914,Chandrashekar Devaraj,60,1,0
4089,11915,Ayesha Bhat,27,2,0
4090,11919,Nagaraj Prabhu,16,1,0
4091,11920,Jayashree Poojary,26,2,0
4092,11922,Yashoda Desai,35,2,0
4093,11923,Ayesha Prabhu,27,2,0
4094,11947,Deepa Kumar,40,2,0
4095,11952,Ravi Urs,62,1,0
4096,11956,Sowmya Hiremath,25,2,0
4097,11958,Shwetha Shetty,32,2,0
4098,11965,Manoj Kulkarni,18,1,0
4099,11966,Kamala Nayak,27,2,0
4100,11967,Nandini Reddy,25,2,0
4101,11969,Mahesh Kulkarni,46,1,0
4102,11977,Lakshmi D'Souza,21,2,0
4103,11980,Nagaraj Reddy,63,1,0
4104,11981,Geetha Reddy,5,2,0
4105,11982,Kavya Patil,39,2,0
4106,11984,Karan Pinto,67,1,0
4107,11985,Kamala Naik,39,2,0
4108,11990,Puttaswamy Kulkarni,37,1,0
4109,11992,Sowmya Prabhu,13,2,0
4110,11996,Krishna Iyer,63,1,0
4111,11997,Ibrahim Shetty,9,1,0
4112,12006,Ganesh Setty,28,1,0
4113,12010,Shobha Jadhav,26,2,1
4114,12018,Lokesh Kumar,61,1,0
4115,12019,Deepa Kumar,13,2,0
4116,12022,Radha Kamath,30,2,0
4117,12024,Vinay Hegde,7,1,0
4118,12033,Naveen Nayak,61,1,0
4119,12037,Savitri Naik,47,2,0
4120,12038,Yashoda Kulkarni,30,2,0
4121,12042,Kavya Iyer,63,2,0
4122,12047,Shwetha Fernandes,28,2,0
4123,12057,Jayashree Fernandes,9,2,0
4124,12060,Mary Bhat,34,2,0
4125,12061,Shwetha Urs,16,2,0
4126,12062,Manjula Reddy,24,2,0
4127,12066,Sowmya Naik,18,2,0
4128,12070,Geetha Poojary,41,2,0
4129,12073,Ravi Reddy,41,1,0
4130,12082,Radha Bhat,19,2,0
4131,12083,Sunita Reddy,29,2,0
4132,12084,Yogesh Reddy,42,1,0
4133,12085,Harish D'Souza,60,1,0
4134,12089,Pallavi Setty,52,2,0
4135,12090,Pushpa Devaraj,73,3,0
4136,12093,Ravi Kamath,35,1,0
4137,12094,Kamala Bhandari,43,2,0
4138,12102,Nirmala Sheikh,36,2,0
4139,12103,Shivakumar Iyer,28,1,0
4140,12106,Girish Patil,65,1,0
4141,12118,Mary Kulkarni,57,2,0
4142,12122,Deepa Khan,95,2,0
4143,12123,Deepa Prabhu,16,2,0
4144,12126,Pushpa Patil,59,2,0
4145,12131,Manjula Kumar,28,2,0
4146,12132,Deepa Hiremath,40,2,0
4147,12135,Deepa Kulkarni,26,2,0
4148,12140,Kamala Devaraj,71,2,0
4149,12142,Jayashree Bhandari,16,2,0
4150,12143,Savitri Hiremath,37,2,0
4151,12147,Ratna Naidu,23,2,0
4152,12157,Radha Naik,65,2,0
4153,12159,John Naidu,59,1,1
4154,12161,Gopal Nayak,27,1,0
4155,12162,Vani Hiremath,36,2,0
4156,12165,Ratna Bhat,16,2,0
4157,12166,Sheela Desai,23,2,0
4158,12167,Harish Prabhu,25,1,0
4159,12168,Pushpa D'Souza,46,2,0
4160,12170,Roopa Pinto,19,2,0
4161,12175,Anitha Poojary,11,2,0
4162,12177,Arjun D'Souza,13,1,0
4163,12179,Salman Sheikh,32,1,0
4164,12183,Shobha Gowda,25,2,0
4165,12185,Rajesh Urs,41,1,0
4166,12187,Imran Khan,55,1,0
4167,12193,Bhagya Pinto,19,2,0
4168,12198,Shwetha Hiremath,34,2,0
4169,12201,Geetha Bhandari,80,2,0
4170,12203,Nandini Rao,59,2,0
4171,12204,Shwetha Kumar,95,2,0
4172,12207,Bhagya Kumar,47,2,0
4173,12209,Muniraju Shetty,67,1,0
4174,12212,Manjula Urs,29,2,0
4175,12214,Nagaveni Patil,35,2,0
4176,12216,Kamala Achar,42,2,0
4177,12217,Abdul Kulkarni,48,1,0
4178,12223,Krishna Bhat,33,1,0
4179,12234,Fathima Prabhu,54,2,0
4180,12237,Ashok Shetty,23,1,0
4181,12238,Basavaraj Hegde,31,1,0
4182,12239,Pushpa Bhandari,35,2,0
4183,12240,Ashok Khan,25,1,0
4184,12241,Ayesha Bhandari,95,2,0
4185,12245,Kavya Hiremath,48,2,0
4186,12246,Xavier Prabhu,52,1,0
4187,12248,Harish Sheikh,54,1,0
4188,12253,Jayashree D'Souza,59,2,0
4189,12255,Shobha Bhat,25,2,0
4190,12256,Roopa Reddy,58,2,0
4191,12260,Rekha Bhat,30,2,0
4192,12261,Karan Jadhav,95,1,0
4193,12265,Deepa Setty,60,2,0
4194,12266,Shwetha Achar,48,2,0
4195,12272,Nirmala Shetty,38,2,0
4196,12273,Ibrahim Kamath,55,1,0
4197,12274,Bhagya Iyer,63,2,0
4198,12277,Suresh Kamath,18,1,0
4199,12281,Nirmala Iyer,51,2,0
4200,12282,Roopa Khan,39,2,0
4201,12283,Deepak Shetty,95,1,0
4202,12284,Bhagya Kulkarni,46,2,0
4203,12287,Geetha Prabhu,63,2,0
4204,12288,Nirmala Reddy,63,2,0
4205,12291,Radha Sheikh,19,2,0
4206,12292,Kavya Naik,50,2,0
4207,12294,Abdul Iyer,53,1,0
4208,12295,Kavya Patil,8,2,0
4209,12298,Sunita Patil,50,2,0
4210,12301,Radha Gowda,24,2,0
4211,12302,Rekha Desai,65,2,0
4212,12306,Rekha Reddy,81,2,0
4213,12307,Rajesh Naidu,36,1,0
4214,12310,Vani Iyer,40,2,0
4215,12312,Manjula Jadhav,31,2,0
4216,12313,Krishna Shetty,57,1,0
4217,12314,Shwetha Sheikh,58,2,0
4218,12318,Srinivas Khan,33,1,0
4219,12320,Rekha Poojary,29,2,0
4220,12321,Manjula Iyer,30,2,0
4221,12324,Krishna Urs,54,1,0
4222,12332,Vani Bhandari,33,2,0
4223,12333,Sunita Khan,22,2,0
4224,12338,Sowmya Pinto,23,2,0
4225,12340,Srinivas Pinto,53,1,0
4226,12346,Vinay Achar,23,1,0
4227,12348,Umesh Hegde,43,1,0
4228,12351,Sowmya Bhat,71,2,0
4229,12354,Sowmya Prabhu,42,2,0
4230,12366,Shwetha Nayak,19,2,0
4231,12370,Pushpa Devaraj,42,2,0
4232,12374,Kamala Iyer,88,2,0
4233,12376,Nagaraj Desai,38,1,0
4234,12377,Fathima Patil,95,2,0
4235,12379,Bhagya Pinto,89,2,0
4236,12382,Shobha Bhandari,82,2,0
4237,12387,Nagaraj Khan,22,1,0
4238,12388,Fathima Devaraj,18,2,0
4239,12389,Kamala Kulkarni,38,2,0
4240,12390,Yogesh Sheikh,9,1,0
4241,12391,Halappa Reddy,41,1,0
4242,12395,Savitri Patil,63,2,0
4243,12396,Vani Naidu,72,2,0
4244,12400,Vani Naik,47,2,0
4245,12401,Radha Kumar,24,2,0
4246,12402,Harish Kumar,25,1,0
4247,12404,Vani Reddy,24,2,0
4248,12407,Dinesh Devaraj,43,1,0
4249,12407,Lakshmi Poojary,30,2,0
4250,12407,Geetha Bhandari,31,2,0
4251,12408,Mary Fernandes,17,2,0
4252,12413,Kiran Devaraj,51,1,0
4253,12415,Zainab Naik,65,2,0
4254,12417,Yusuf Reddy,16,1,0
4255,12418,Lakshmi Iyer,34,2,0
4256,12420,Yogesh Devaraj,86,1,0
4257,12421,Vani Desai,70,2,0
4258,12422,Rekha Gowda,20,2,0
4259,12425,Ganesh Rao,17,1,0
4260,12427,Nagaraj D'Souza,27,1,0
4261,12428,Yogesh Kamath,30,1,0
4262,12429,Deepa Bhandari,33,2,0
4263,12431,Mary Kumar,27,2,1
4264,12432,Radha Jadhav,26,2,0
4265,12433,Kamala Naidu,34,2,0
4266,12435,Lakshmi Bhat,19,2,0
4267,12438,Nagaveni Sheikh,27,2,0
4268,12447,Manjula Prabhu,23,2,0
4269,12448,Manjunath Naidu,35,1,0
4270,12449,Nagaraj Naidu,25,1,0
4271,12456,Sunita Bhat,26,2,0
4272,12458,Mahesh Poojary,16,1,0
4273,12459,Bhagya Reddy,50,2,0
4274,12461,Ravi Rao,52,1,0
4275,12462,Roopa D'Souza,27,2,0
4276,12464,Savitri Hegde,65,2,0
4277,12466,Xavier Reddy,25,1,0
4278,12467,Vinay Achar,61,1,0
4279,12470,Gopal Sheikh,23,1,0
4280,12476,Sowmya Nayak,19,2,0
4281,12480,Mahesh Urs,28,1,0
4282,12481,Kavya Devaraj,21,2,0
4283,12484,Kavya Gowda,39,2,0
4284,12488,Kiran Shetty,43,1,0
4285,12493,Ravi Hiremath,32,1,0
4286,12495,Anitha Sheikh,45,2,0
4287,12496,Mary Rao,26,2,0
4288,12498,Kamala Hegde,24,2,0
4289,12499,Gopal Shetty,18,1,0
4290,12500,Sunita Hiremath,71,2,0
4291,12505,Roopa Poojary,38,2,0
4292,12510,Suresh Urs,20,1,0
4293,12515,Yogesh Naidu,20,1,0
4294,12518,Nirmala Hegde,26,2,0
4295,12519,Nirmala Gowda,23,2,0
4296,12523,Chandrashekar Shetty,41,1,0
4297,12524,Manjula Iyer,40,2,0
4298,12527,Girish Achar,38,1,0
4299,12528,Pradeep Prabhu,51,1,0
4300,12529,Geetha Bhat,69,2,0
4301,12530,Sheela Naidu,27,2,0
4302,12533,Shwetha Sheikh,34,2,0
4303,12538,Roopa Kamath,79,2,0
4304,12539,Sunita Patil,32,2,0
4305,12540,Pallavi Kulkarni,22,2,0
4306,12541,Halappa Devaraj,32,1,0
4307,12542,Jayashree Rao,31,2,0
4308,12543,Yusuf D'Souza,28,1,0
4309,12545,Ashok Kulkarni,49,1,0
4310,12546,Raghavendra Patil,76,1,0
4311,12553,Deepa Naidu,52,2,0
4312,12554,Nirmala Rao,24,2,0
4313,12556,Zainab Fernandes,26,2,0
4314,12557,Gopal Prabhu,28,1,0
4315,12558,Vani Reddy,56,2,0
4316,12560,Savitri Naik,95,2,0
4317,12566,Arjun Naik,33,1,0
4318,12568,Sunita Urs,30,2,0
4319,12569,Jayashree Rao,14,2,0
4320,12573,Pallavi Devaraj,44,2,0
4321,12577,Kavya Hiremath,35,2,0
4322,12578,Abdul Pinto,59,1,0
4323,12580,Geetha Jadhav,55,2,0
4324,12584,Muniraju Patil,75,1,0
4325,12584,Bhagya Khan,45,2,0
4326,12587,Prakash Fernandes,15,1,0
4327,12590,Pushpa Gowda,20,2,0
4328,12591,Nagaveni Reddy,28,2,0
4329,12592,Jayashree Kumar,19,2,0
4330,12594,Pushpa Naik,46,2,0
4331,12596,Radha Gowda,43,2,0
4332,12600,Ayesha Iyer,39,2,0
4333,12603,Kamala Reddy,27,2,0
4334,12604,Deepa Jadhav,51,2,0
4335,12606,Sheela Iyer,84,2,0
4336,12609,Nagaveni Devaraj,16,2,0
4337,12610,Shwetha Jadhav,55,2,0
4338,12615,Nagaveni Naidu,43,2,0
4339,12617,Radha Setty,43,2,0
4340,12618,Deepa Sheikh,36,2,0
4341,12619,Yogesh Iyer,92,1,0
4342,12621,Dinesh Hiremath,50,1,0
4343,12624,Jayashree Hiremath,48,2,0
4344,12625,Geetha Kumar,9,2,0
4345,12627,Roopa Bhandari,70,2,1
4346,12627,Xavier Achar,48,1,0
4347,12631,Muniraju Devaraj,48,1,0
4348,12634,Zainab Nayak,30,2,0
4349,12637,Nagaveni Setty,11,2,0
4350,12639,Roopa Naik,33,2,0
4351,12642,Bhagya Kumar,72,2,0
4352,12644,Bhagya Sheikh,44,2,0
4353,12648,Karan Naidu,23,1,0
4354,12649,Mary Kulkarni,30,2,0
4355,12652,Nandini Jadhav,63,2,0
4356,12653,Chandrashekar Naik,35,1,0
4357,12654,Roopa Kulkarni,39,2,0
4358,12657,Joseph Reddy,25,1,0
4359,12660,Raghavendra Iyer,45,1,0
4360,12664,Anthony Rao,53,1,0
4361,12665,Geetha D'Souza,30,2,0
4362,12671,Dinesh Pinto,28,1,0
4363,12672,Anand Rao,32,1,0
4364,12678,Lokesh Jadhav,25,1,0
4365,12683,Manjula Desai,71,2,0
4366,12684,Anand Naidu,37,1,0
4367,12685,Basavaraj Nayak,67,1,0
4368,12688,Zainab Khan,40,2,0
4369,12691,Suresh Khan,24,1,0
4370,12697,Mary Nayak,32,2,0
4371,12700,Ayesha Kulkarni,54,2,0
4372,12708,Suresh Khan,40,1,0
4373,12709,Yogesh Pinto,22,1,0
4374,12717,Zainab Prabhu,83,2,0
4375,12720,Zainab D'Souza,21,2,0
4376,12729,Shobha Naik,78,2,0
4377,12730,Yashoda Jadhav,51,2,0
4378,12731,Ganesh Naidu,45,1,0
4379,12734,Sunita Rao,47,2,0
4380,12735,Deepa Achar,30,2,0
4381,12738,Basavaraj Fernandes,66,1,0
4382,12743,Kavya Sheikh,40,2,0
4383,12746,Sunita Nayak,54,2,0
4384,12753,Chandrashekar Poojary,70,1,0
4385,12762,Kamala Hegde,44,2,0
4386,12764,Ravi D'Souza,40,1,0
4387,12767,Roopa Jadhav,33,2,0
4388,12768,Ashok Poojary,28,1,0
4389,12771,Ganesh Devaraj,28,1,0
4390,12778,Nagaraj Sheikh,31,1,0
4391,12783,Nandini Reddy,82,2,0
4392,12784,Nirmala Achar,36,2,0
4393,12786,Ayesha Reddy,47,2,0
4394,12787,Jayashree Hiremath,36,2,0
4395,12793,Nandini Prabhu,41,2,0
4396,12796,Ayesha Bhat,19,2,0
4397,12799,Jayashree Iyer,63,2,0
4398,12801,Shobha Naik,53,2,0
4399,12802,Bhagya Nayak,29,2,0
4400,12803,Ashok Fernandes,60,1,0
4401,12804,Harish Shetty,9,1,0
4402,12807,Raghavendra Kulkarni,34,1,0
4403,12808,Nirmala Kumar,41,2,0
4404,12812,Ibrahim Khan,27,1,0
4405,12818,Xavier Bhat,84,1,0
4406,12819,Geetha Pinto,48,2,0
4407,12820,Srinivas Prabhu,17,1,0
4408,12825,Pradeep Nayak,63,1,0
4409,12828,Mahesh Fernandes,16,1,0
4410,12831,Ratna Gowda,28,2,0
4411,12832,Ibrahim Desai,28,1,0
4412,12841,Vinay Gowda,45,1,0
4413,12852,Kavya Iyer,57,2,0
4414,12857,Naveen Shetty,80,1,0
4415,12867,Salman Pinto,72,1,0
4416,12873,Ravi Jadhav,26,1,0
4417,12874,Pradeep Prabhu,17,1,0
4418,12875,Manjula Naidu,25,2,0
4419,12882,Imran Naik,33,1,0
4420,12886,Sowmya Bhat,22,2,0
4421,12889,Nagaveni Devaraj,23,2,0
4422,12891,Nagaveni Urs,51,2,0
4423,12896,Vinay Hiremath,66,1,0
4424,12907,Anitha Hiremath,47,2,0
4425,12908,Sowmya Sheikh,66,2,0
4426,12909,Nandini Poojary,53,2,0
4427,12910,Geetha Bhandari,27,2,0
4428,12911,Channabasappa Setty,39,1,0
4429,12916,Yashoda Prabhu,36,2,0
4430,12918,Nagaveni Urs,26,2,0
4431,12921,Salman Shetty,29,1,0
4432,12922,Roopa Pinto,32,2,0
4433,12929,Kamala Naik,50,2,0
4434,12931,Vinay Prabhu,30,1,0
4435,12932,Nirmala Setty,42,2,0
4436,12935,Channabasappa Devaraj,14,1,0
4437,12937,Manoj Prabhu,80,1,0
4438,12939,Lokesh Pinto,44,1,0
4439,12944,Pallavi Achar,31,2,0
4440,12946,Lakshmi D'Souza,47,2,0
4441,12947,Fathima Fernandes,15,2,0
4442,12952,Ratna Kamath,55,2,0
4443,12961,Anthony Achar,27,1,0
4444,12962,Ibrahim Achar,48,1,0
4445,12969,Bhagya Jadhav,37,2,0
4446,12972,Mary Shetty,26,2,0
4447,12974,Sheela Prabhu,32,2,0
4448,12976,Anand Setty,39,1,0
4449,12979,Ratna Nayak,17,2,0
4450,12982,Fathima D'Souza,44,2,0
4451,12983,Manjula Nayak,34,2,0
4452,12984,Bhagya Jadhav,47,2,0
4453,12985,Chandrashekar Bhandari,36,1,0
4454,12987,Nagaveni Pinto,37,2,0
4455,12990,Basavaraj Setty,54,1,0
4456,12993,Radha Kumar,18,2,0
4457,12994,Anitha Reddy,56,2,0
4458,12997,Muniraju Hegde,31,1,0
4459,12998,Nirmala Shetty,17,2,0
4460,12999,Kiran Iyer,24,1,0
4461,13006,Mary Fernandes,51,2,0
4462,13008,Manjunath Hiremath,26,1,0
4463,13009,Rajesh Achar,15,1,0
4464,13011,Arjun Sheikh,25,1,0
4465,13012,Ayesha Hegde,12,2,0
4466,13020,Shwetha Kamath,38,2,0
4467,13021,Nandini Hegde,30,2,0
4468,13023,Shobha Desai,25,2,0
4469,13024,Pushpa Jadhav,60,2,0
4470,13027,Nandini Pinto,33,2,0
4471,13028,Rekha D'Souza,12,2,0
4472,13030,Sowmya Khan,36,2,0
4473,13033,Vijay Hegde,17,1,0
4474,13034,Sowmya Sheikh,11,2,0
4475,13038,Sheela Gowda,61,2,0
4476,13046,Anthony Hegde,46,1,0
4477,13053,Sheela Reddy,38,2,0
4478,13055,Bhagya Rao,53,2,0
4479,13056,Deepa Urs,15,2,0
4480,13056,Puttaswamy Rao,8,1,0
4481,13057,Rekha Kumar,43,2,1
4482,13058,Shwetha Fernandes,35,2,0
4483,13062,Fathima Pinto,14,2,0
4484,13064,Joseph Hiremath,45,1,0
4485,13065,Nandini Khan,37,2,0
4486,13069,Kamala Kamath,25,2,0
4487,13072,Imran Naidu,43,1,0
4488,13080,Pallavi Gowda,72,2,0
4489,13081,Anand Kulkarni,37,1,0
4490,13087,Raghavendra Bhandari,47,1,0
4491,13089,Fathima Naidu,35,2,0
4492,13104,Nagaveni Gowda,39,2,0
4493,13110,Yashoda Kumar,44,2,0
4494,13111,Kavya Nayak,38,2,0
4495,13112,Shwetha Bhat,15,2,0
4496,13114,Sowmya Sheikh,35,2,0
4497,13116,Nagaveni Pinto,26,2,0
4498,13118,Pushpa Poojary,25,2,0
4499,13119,Pallavi Hiremath,24,2,0
4500,13121,Manjula Reddy,42,2,0
4501,13122,Vijay Nayak,16,1,0
4502,13123,Savitri Jadhav,10,2,0
4503,13124,Arjun Reddy,61,1,0
4504,13127,Arjun Devaraj,37,1,0
4505,13130,Pushpa Shetty,34,2,0
4506,13133,Ramesh D'Souza,66,1,0
4507,13138,Nandini Rao,38,2,0
4508,13144,Manjula Shetty,28,2,0
4509,13146,Pushpa Shetty,23,2,0
4510,13150,Girish D'Souza,23,1,0
4511,13152,Nagaveni Prabhu,39,2,0
4512,13165,Kavya Naidu,29,2,0
4513,13168,Muniraju Jadhav,23,1,0
4514,13171,Kavya Shetty,26,2,0
4515,13174,Manoj Desai,22,1,0
4516,13180,Sunita Sheikh,27,2,0
4517,13182,Rajesh Hegde,72,1,0
4518,13183,Deepa Shetty,56,2,0
4519,13187,Manoj Patil,60,1,0
4520,13188,Santosh Naidu,18,1,0
4521,13193,Basavaraj Kamath,25,1,0
4522,13194,John Kulkarni,68,1,0
4523,13195,Rekha Khan,10,2,0
4524,13197,Savitri Kulkarni,39,2,0
4525,13200,Yashoda Iyer,20,2,0
4526,13203,Savitri Shetty,31,2,0
4527,13205,Ayesha Kamath,45,2,0
4528,13206,Vani Achar,49,2,0
4529,13212,Muniraju Naik,27,1,0
4530,13220,Byrappa Bhat,28,1,0
4531,13225,Abdul Reddy,39,1,0
4532,13226,Deepak Fernandes,26,1,0
4533,13227,Yashoda Poojary,44,2,0
4534,13231,Ratna Pinto,67,2,0
4535,13232,Roopa Pinto,27,2,0
4536,13233,Mary Urs,30,2,0
4537,13236,Yashoda Achar,26,2,0
4538,13237,Manoj Naik,60,1,0
4539,13238,Bhagya Sheikh,91,2,0
4540,13239,Manjula Gowda,34,2,0
4541,13240,Pradeep Rao,21,1,0
4542,13241,Yusuf Khan,36,1,0
4543,13242,Santosh Setty,43,1,0
4544,13244,Pushpa Achar,10,2,0
4545,13246,Basavaraj Prabhu,29,1,0
4546,13249,Nagaveni Hegde,46,2,0
4547,13251,Manjula Gowda,95,2,0
4548,13253,Harish Nayak,17,1,0
4549,13256,Mahesh Sheikh,32,1,0
4550,13259,Ramesh Iyer,32,1,0
4551,13261,Kavya Sheikh,34,2,0
4552,13263,Radha Reddy,25,2,0
4553,13266,Shwetha Reddy,36,2,0
4554,13268,Ramesh Bhat,18,1,0
4555,13269,Kamala Bhat,31,2,0
4556,13271,Joseph Desai,24,1,0
4557,13275,Zainab Naidu,25,2,0
4558,13281,Mary Kamath,40,2,0
4559,13287,Ravi Hegde,29,1,0
4560,13291,Geetha Naidu,23,2,0
4561,13293,Kamala Shetty,10,2,0
4562,13294,Anitha Setty,28,2,0
4563,13295,Rajesh Reddy,36,1,0
4564,13296,Joseph Achar,17,1,0
4565,13300,Lakshmi Kulkarni,55,2,0
4566,13301,Imran Naidu,20,1,0
4567,13302,Rekha Bhandari,48,2,0
4568,13304,Dinesh Jadhav,54,1,0
4569,13307,Arjun Achar,28,1,0
4570,13310,Umesh Reddy,31,1,0
4571,13313,Krishna Prabhu,43,1,0
4572,13314,Chandrashekar Devaraj,45,1,0
4573,13315,Roopa Kamath,27,2,0
4574,13318,Salman Kamath,37,1,0
4575,13319,Anand Gowda,27,1,0
4576,13320,Manoj Hegde,19,1,0
4577,13321,Pallavi Gowda,18,2,0
4578,13322,Anthony Bhandari,37,1,0
4579,13323,Geetha Kamath,66,2,0
4580,13327,Lakshmi Hiremath,82,2,0
4581,13332,Kamala Naidu,21,2,0
4582,13333,Kiran Gowda,20,1,0
4583,13335,Mary Reddy,33,2,0
4584,13341,Pallavi Achar,30,2,0
4585,13344,Manjula Kulkarni,16,2,0
4586,13347,Nandini Urs,56,2,0
4587,13350,Deepak Naidu,32,1,0
4588,13359,Kamala Iyer,22,2,0
4589,13360,Vani Setty,21,2,0
4590,13362,Bhagya Fernandes,52,2,0
4591,13365,Anthony Reddy,53,1,0
4592,13367,Imran Khan,71,1,0
4593,13368,Manjunath Fernandes,23,1,0
4594,13369,Shobha Setty,37,2,0
4595,13372,Nagaveni Reddy,66,2,0
4596,13376,Pushpa Prabhu,95,2,0
4597,13378,Vani Hiremath,33,2,0
4598,13380,Fathima Sheikh,14,2,0
4599,13382,Karan Hegde,65,1,0
4600,13383,Roopa Naik,25,2,0
4601,13385,Rekha Hegde,23,2,0
4602,13389,Shwetha Fernandes,48,2,0
4603,13390,Sunita Patil,22,2,0
4604,13392,Ashok Fernandes,33,1,0
4605,13396,Mary Iyer,42,2,0
4606,13397,Channabasappa Poojary,47,1,0
4607,13398,Rekha Naik,64,2,0
4608,13399,Ravi Hiremath,21,1,0
4609,13405,Shobha Reddy,42,2,0
4610,13406,Savitri Patil,58,2,0
4611,13408,Rajesh Fernandes,28,1,0
4612,13415,Yashoda Nayak,9,2,0
4613,13416,Lakshmi Bhat,19,2,0
4614,13417,Deepa Poojary,43,2,0
4615,13423,Radha Pinto,20,2,0
4616,13426,Sowmya Pinto,44,2,0
4617,13428,Vijay Fernandes,24,1,0
4618,13429,Manjunath Desai,42,1,0
4619,13431,Fathima Sheikh,19,2,0
4620,13434,Imran Reddy,35,1,0
4621,13436,Manjula Bhat,33,2,0
4622,13437,Salman Reddy,40,1,0
4623,13437,Kiran Achar,20,1,0
4624,13438,Sheela D'Souza,33,2,0
4625,13439,Nagaveni Bhat,33,2,0
4626,13440,Ratna D'Souza,33,2,0
4627,13441,Vijay Kumar,81,1,0
4628,13441,Muniraju Kulkarni,4,1,0
4629,13441,Vinay D'Souza,51,1,0
4630,13445,Dinesh Kulkarni,83,1,0
4631,13452,Mary Patil,42,2,0
4632,13455,Rekha Patil,32,2,0
4633,13458,Ganesh Iyer,36,1,0
4634,13462,Shwetha Shetty,72,2,0
4635,13463,Basavaraj Bhandari,39,1,0
4636,13464,Sowmya Jadhav,30,2,0
4637,13468,Dinesh Achar,27,1,0
4638,13473,Vani Fernandes,48,2,0
4639,13473,Ayesha Bhat,38,2,0
4640,13473,Pradeep Devaraj,30,1,0
4641,13474,Roopa Hiremath,23,2,0
4642,13477,Kamala Reddy,71,2,0
4643,13478,Radha Bhat,60,2,0
4644,13480,Shwetha Iyer,17,2,0
4645,13481,Vani Sheikh,33,2,0
4646,13485,Manoj Kamath,42,1,0
4647,13486,Deepa Bhandari,81,2,0
4648,13490,Shwetha Achar,16,2,0
4649,13494,Dinesh Desai,42,1,0
4650,13495,Karan Hegde,20,1,0
4651,13496,Anand Rao,46,1,0
4652,13498,Vani Fernandes,48,2,0
4653,13503,Suresh Kamath,63,1,0
4654,13504,Rekha Achar,28,2,0
4655,13505,Naveen Poojary,17,1,0
4656,13506,Fathima Bhandari,14,2,0
4657,13507,Rekha Pinto,21,2,0
4658,13509,Kamala Bhat,6,2,0
4659,13512,Nagaraj Reddy,34,1,0
4660,13515,Lakshmi Kulkarni,23,2,0
4661,13517,Nirmala Urs,57,2,0
4662,13521,Karan Prabhu,24,1,0
4663,13522,Pallavi Kamath,65,2,0
4664,13523,Shobha Sheikh,50,2,0
4665,13524,Santosh Desai,31,1,0
4666,13529,Ratna Jadhav,47,2,0
4667,13530,Pushpa Sheikh,28,2,0
4668,13531,Gopal Reddy,27,1,0
4669,13532,Lakshmi Khan,63,2,0
4670,13540,Pushpa Naidu,57,2,0
4671,13542,Shwetha Shetty,37,2,0
4672,13546,Shobha Sheikh,34,2,0
4673,13548,Vinay Prabhu,73,1,0
4674,13551,Prakash Devaraj,30,1,0
4675,13553,Nagaveni Kamath,55,2,0
4676,13554,Suresh Kumar,45,1,0
4677,13557,Ratna Naidu,45,2,0
4678,13560,Raghavendra Hegde,57,1,0
4679,13561,Girish Kamath,32,1,0
4680,13571,Nirmala Bhat,59,2,0
4681,13574,Roopa Khan,69,2,0
4682,13576,Radha Jadhav,38,2,0
4683,13578,Radha Pinto,45,2,0
4684,13579,Sunita Naik,24,2,0
4685,13582,Yogesh Devaraj,32,1,0
4686,13583,Yusuf Kamath,17,1,0
4687,13587,Ganesh Gowda,26,1,0
4688,13589,Ratna Reddy,28,2,0
4689,13590,Basavaraj Poojary,47,1,0
4690,13594,Pushpa D'Souza,46,2,0
4691,13595,Imran Achar,32,1,0
4692,13598,Mary Desai,45,2,0
4693,13599,Nagaveni Hegde,65,2,0
4694,13606,Savitri Pinto,40,2,0
4695,13607,Krishna Achar,35,1,0
4696,13609,Sowmya Poojary,19,2,0
4697,13614,Pushpa Rao,95,2,0
4698,13615,Mary Prabhu,66,2,0
4699,13617,Deepak Kamath,24,1,0
4700,13619,Rekha Nayak,38,2,0
4701,13621,Halappa Reddy,51,1,0
4702,13622,Ayesha Pinto,59,2,0
4703,13626,Ratna Nayak,16,2,0
4704,13627,Pushpa Rao,63,2,0
4705,13632,Srinivas D'Souza,27,1,0
4706,13638,Sheela Kamath,22,2,0
4707,13639,Kavya Hegde,27,2,0
4708,13641,Ratna Poojary,52,2,0
4709,13643,Mary Achar,46,2,0
4710,13651,Nandini Bhat,32,3,0
4711,13656,Ratna Achar,25,2,0
4712,13658,Ramesh Pinto,21,1,0
4713,13669,Pallavi Achar,44,2,0
4714,13675,John Desai,83,1,0
4715,13676,Pallavi Achar,37,2,0
4716,13679,Sowmya Kamath,41,2,0
4717,13683,Byrappa Khan,31,1,0
4718,13684,Anitha Naik,48,2,0
4719,13685,Yashoda Devaraj,43,2,0
4720,13686,Anand Kumar,21,1,0
4721,13695,Arjun Devaraj,25,1,0
4722,13697,Kavya D'Souza,25,2,0
4723,13702,Savitri Shetty,46,2,0
4724,13704,Nagaraj Naik,50,1,0
4725,13707,Kavya Reddy,46,2,0
4726,13710,Kavya Pinto,27,2,0
4727,13711,Rekha Kulkarni,20,2,0
4728,13712,Fathima Kamath,28,2,0
4729,13713,Manjula Urs,68,2,0
4730,13713,Kamala Rao,11,2,0
4731,13716,John Kamath,44,1,0
4732,13719,Naveen Shetty,25,1,0
4733,13720,Santosh Kamath,41,1,0
4734,13721,Shwetha Iyer,14,2,0
4735,13723,Shivakumar Hegde,21,1,0
4736,13724,Nandini Prabhu,29,2,0
4737,13726,Girish Khan,29,1,0
4738,13733,Kavya Sheikh,52,2,0
4739,13734,Shobha Naidu,22,2,0
4740,13736,Pushpa Patil,61,2,0
4741,13738,Deepak Shetty,57,1,0
4742,13740,Imran Poojary,8,1,0
4743,13744,Jayashree Naidu,20,2,0
4744,13745,Nagaveni D'Souza,72,2,0
4745,13747,Karan Gowda,21,1,0
4746,13749,Karan Bhandari,44,1,0
4747,13751,Pushpa Desai,34,2,0
4748,13754,Nirmala Hegde,50,2,0
4749,13754,Sandeep Hiremath,31,1,0
4750,13755,Savitri Setty,47,2,0
4751,13761,Chandrashekar Patil,14,1,0
4752,13764,Rekha Shetty,38,2,0
4753,13765,Radha Kamath,42,2,0
4754,13766,Suresh Shetty,31,1,0
4755,13771,Suresh Nayak,29,1,0
4756,13774,Shwetha Desai,38,2,0
4757,13777,Nirmala Rao,24,2,0
4758,13782,Ravi Patil,67,1,0
4759,13786,Radha Poojary,57,2,0
4760,13789,Ganesh Urs,49,1,0
4761,13799,Roopa Khan,29,2,0
4762,13806,Rajesh Nayak,21,1,0
4763,13810,Anand Achar,41,1,0
4764,13819,Roopa Pinto,21,2,0
4765,13822,Sandeep Patil,28,1,0
4766,13825,Nirmala Patil,18,2,0
4767,13827,Fathima Hegde,28,2,0
4768,13834,Imran Gowda,34,1,0
4769,13835,Ayesha Sheikh,17,2,0
4770,13844,Shwetha Iyer,32,2,0
4771,13846,Shivakumar Fernandes,26,1,0
4772,13847,Yashoda Jadhav,19,2,0
4773,13850,Mary Pinto,39,2,0
4774,13851,Ratna Urs,43,2,0
4775,13852,Sheela Urs,28,2,0
4776,13856,Sheela Setty,48,2,0
4777,13858,John Hiremath,25,1,0
4778,13861,Geetha Gowda,12,2,0
4779,13865,Kamala Kulkarni,18,2,0
4780,13868,Shwetha Iyer,59,2,0
4781,13869,Shwetha Rao,25,2,0
4782,13870,Mary Rao,35,2,0
4783,13873,Shobha Gowda,42,2,0
4784,13874,Umesh Bhandari,57,1,0
4785,13879,Zainab Reddy,53,2,0
4786,13881,Nirmala Achar,42,2,0
4787,13885,Nirmala Iyer,33,2,0
4788,13887,Umesh Desai,26,1,0
4789,13891,Kavya Hegde,51,2,0
4790,13893,Byrappa D'Souza,43,1,0
4791,13894,Deepa Kulkarni,50,2,0
4792,13896,Suresh Gowda,43,1,0
4793,13898,Yogesh Devaraj,35,1,0
4794,13899,Sowmya Fernandes,40,2,0
4795,13902,Jayashree Setty,29,2,0
4796,13904,Suresh Nayak,19,1,0
4797,13905,Sheela Sheikh,41,2,0
4798,13907,Sheela Patil,40,2,0
4799,13909,John Iyer,58,1,0
4800,13912,Lakshmi D'Souza,48,2,0
4801,13914,Vani Khan,66,2,0
4802,13919,Nirmala Urs,16,2,0
4803,13920,Ayesha Jadhav,19,2,0
4804,13925,Kavya Pinto,31,2,0
4805,13927,Deepa D'Souza,5,2,0
4806,13928,Manjula Rao,8,2,0
4807,13929,Manoj Urs,82,1,0
4808,13930,Abdul Kamath,82,1,0
4809,13937,Jayashree Achar,46,2,0
4810,13943,Shwetha Naik,7,2,0
4811,13944,Anand Naidu,32,1,0
4812,13947,Basavaraj Jadhav,12,1,0
4813,13948,Puttaswamy Patil,45,1,0
4814,13949,Vani Reddy,44,2,0
4815,13950,Rekha Setty,30,2,0
4816,13953,Nagaveni Sheikh,62,2,0
4817,13956,Geetha Hegde,41,2,0
4818,13958,Rekha Shetty,39,2,0
4819,13962,Jayashree Kamath,23,2,0
4820,13966,Ratna Reddy,38,2,0
4821,13968,Geetha Rao,31,2,0
4822,13975,Nagaveni Urs,43,2,0
4823,13976,Jayashree Hiremath,41,2,0
4824,13985,Sandeep Kamath,35,1,0
4825,13986,Kavya Kulkarni,35,2,0
4826,13990,Pushpa Naidu,44,2,0
4827,13990,Anitha Kumar,17,2,0
4828,13991,Zainab Gowda,20,2,0
4829,13998,Ramesh Kamath,65,1,0
4830,14001,Savitri D'Souza,76,2,0
4831,14002,Kamala D'Souza,51,2,0
4832,14003,Ibrahim Reddy,24,1,0
4833,14004,Radha Achar,22,2,0
4834,14006,Yashoda Rao,52,2,0
4835,14007,Radha Khan,32,2,0
4836,14017,Anitha Fernandes,18,2,0
4837,14018,Nagaveni Pinto,88,2,0
4838,14019,Ashok Hegde,33,1,0
4839,14021,Sowmya Kulkarni,38,2,0
4840,14023,Nirmala Devaraj,21,2,0
4841,14029,Vani Devaraj,33,2,0
4842,14034,Suresh Sheikh,16,1,0
4843,14035,Kavya Patil,35,2,0
4844,14039,Bhagya Achar,40,2,0
4845,14040,Shobha Rao,23,2,0
4846,14043,Yusuf Naidu,26,1,0
4847,14044,Geetha Fernandes,46,2,0
4848,14047,Vani Bhat,26,2,0
4849,14053,Lakshmi Fernandes,15,2,0
4850,14056,Jayashree Setty,23,2,0
4851,14058,Gopal Hegde,53,1,0
4852,14062,Kavya Kumar,44,2,0
4853,14069,Anitha Setty,93,2,0
4854,14071,Anand Iyer,60,1,0
4855,14072,Sowmya Urs,57,2,0
4856,14073,Roopa Reddy,40,2,0
4857,14076,Anitha Naik,16,2,0
4858,14077,Nandini Kumar,23,2,0
4859,14079,Nirmala Achar,25,2,0
4860,14084,Anitha Pinto,45,2,0
4861,14086,Shobha Gowda,42,2,0
4862,14089,Bhagya Khan,25,2,0
4863,14092,Ashok Khan,52,1,0
4864,14093,Deepa Bhandari,28,2,0
4865,14095,Krishna Achar,24,1,0
4866,14101,Vijay Hegde,46,1,0
4867,14102,Ayesha Reddy,33,2,0
4868,14102,Lokesh Kumar,51,1,0
4869,14104,Kavya Reddy,86,2,0
4870,14105,Pushpa Patil,31,2,0
4871,14107,Anand Rao,47,1,0
4872,14109,Pallavi Jadhav,95,2,0
4873,14113,Sheela Achar,82,2,0
4874,14114,Pushpa Gowda,14,2,0
4875,14125,Sheela Bhandari,27,2,0
4876,14126,Prakash Gowda,94,1,0
4877,14128,Shivakumar Devaraj,35,1,0
4878,14134,Anitha Reddy,24,2,0
4879,14138,Xavier Rao,14,1,1
4880,14141,Ayesha Desai,47,2,0
4881,14145,Fathima D'Souza,45,2,0
4882,14146,Kamala Gowda,95,2,0
4883,14153,Nirmala Kamath,95,2,0
4884,14154,Anand Reddy,89,1,0
4885,14162,Savitri Hiremath,12,2,0
4886,14166,Abdul Jadhav,46,1,0
4887,14166,Geetha Reddy,39,2,0
4888,14166,Nirmala Kulkarni,19,2,0
4889,14170,Sandeep Khan,41,1,0
4890,14175,Deepa Rao,15,2,0
4891,14176,Nirmala Shetty,34,2,0
4892,14177,Savitri Kumar,46,2,0
4893,14179,Jayashree Achar,43,2,0
4894,14180,Kavya Kumar,70,2,0
4895,14182,Shobha Rao,39,2,0
4896,14187,Yashoda Bhandari,66,2,0
4897,14191,Bhagya Hegde,14,2,0
4898,14196,Lakshmi Kulkarni,41,2,0
4899,14198,Vinay Reddy,25,1,0
4900,14200,Vijay Achar,65,1,0
4901,14200,Pushpa D'Souza,27,2,0
4902,14201,Shwetha Kamath,30,2,0
4903,14203,Santosh Hegde,39,1,0
4904,14204,Harish Iyer,30,1,0
4905,14211,Channabasappa Hegde,49,1,0
4906,14221,Ramesh Nayak,38,1,0
4907,14222,Chandrashekar Bhandari,67,1,0
4908,14225,Yashoda Kamath,34,2,0
4909,14227,Bhagya Patil,21,2,0
4910,14228,Anand Reddy,30,1,0
4911,14235,Pushpa Sheikh,15,2,0
4912,14236,Manjula Achar,95,2,0
4913,14239,Ayesha Sheikh,28,2,0
4914,14244,Lakshmi Naik,47,2,0
4915,14246,Bhagya Desai,59,2,0
4916,14248,Geetha Bhandari,35,2,0
4917,14249,Anitha Bhat,40,2,0
4918,14254,Mary Hiremath,22,2,0
4919,14257,Nirmala Kamath,45,2,0
4920,14259,Nandini Urs,13,2,0
4921,14261,Umesh Patil,49,1,0
4922,14263,Bhagya Hegde,51,2,0
4923,14264,Joseph Iyer,20,1,0
4924,14269,Sunita Hiremath,29,2,0
4925,14270,Radha Kamath,26,2,0
4926,14273,Ramesh Nayak,25,1,0
4927,14275,Nagaraj Desai,29,1,0
4928,14278,Sunita Naik,69,2,0
4929,14280,Channabasappa D'Souza,15,1,0
4930,14281,Sowmya Khan,21,2,0
4931,14283,Naveen Prabhu,33,1,0
4932,14285,Karan Fernandes,58,1,0
4933,14286,Lakshmi Fernandes,84,2,0
4934,14287,Chandrashekar Naidu,68,1,0
4935,14294,Kavya Bhandari,35,2,0
4936,14299,Bhagya Reddy,66,2,0
4937,14300,Gopal Nayak,86,1,0
4938,14302,Jayashree Reddy,36,2,0
4939,14305,Kavya Hiremath,11,2,0
4940,14308,Manjula Jadhav,36,2,0
4941,14310,Shobha Bhandari,22,2,0
4942,14311,Prakash Devaraj,85,1,0
4943,14313,Puttaswamy Shetty,36,1,0
4944,14322,Vani Gowda,32,2,0
4945,14323,Girish Iyer,27,1,0
4946,14325,Girish Achar,17,1,0
4947,14326,Shobha Reddy,38,2,0
4948,14329,Imran Urs,32,1,0
4949,14331,Bhagya D'Souza,56,2,0
4950,14335,Kavya Gowda,87,2,0
4951,14336,Pushpa Urs,43,2,0
4952,14337,Deepa Desai,39,2,0
4953,14343,Pallavi Sheikh,44,2,0
4954,14348,Mary Khan,38,2,0
4955,14348,Fathima Pinto,28,2,0
4956,14348,Bhagya Hiremath,26,2,0
4957,14349,Yashoda Kulkarni,49,2,0
4958,14354,Jayashree Prabhu,19,2,0
4959,14355,Deepa Achar,17,2,0
4960,14358,Rekha Naik,57,2,0
4961,14359,Lokesh Naik,38,1,0
4962,14362,Vani Bhandari,41,2,0
4963,14368,Sheela Reddy,12,2,0
4964,14370,Rekha Jadhav,26,2,0
4965,14372,Anitha Hiremath,53,2,0
4966,14374,Ashok Gowda,39,1,0
4967,14375,Nandini Jadhav,35,2,0
4968,14384,Channabasappa Hegde,39,1,0
4969,14390,Fathima Bhandari,79,2,0
4970,14392,Nandini Hegde,55,2,0
4971,14393,Anitha Achar,18,2,0
4972,14394,Yogesh Sheikh,28,1,0
4973,14396,John Kulkarni,51,1,0
4974,14398,Abdul Desai,66,1,0
4975,14399,Sunita Bhandari,31,2,0
4976,14403,Byrappa Bhandari,43,1,0
4977,14405,Nirmala Pinto,39,2,0
4978,14408,Pushpa Achar,14,2,0
4979,14413,Geetha Gowda,30,2,0
4980,14414,Pallavi Urs,28,2,0
4981,14415,Manoj Jadhav,32,1,0
4982,14417,Santosh Urs,26,1,0
4983,14420,Geetha Setty,23,2,0
4984,14423,Muniraju Prabhu,46,1,0
4985,14427,Rekha Khan,18,2,0
4986,14428,Santosh Bhat,16,1,0
4987,14429,Kamala Iyer,31,2,0
4988,14429,Anthony Hegde,41,1,0
4989,14429,Sowmya Bhat,13,2,0
4990,14430,Kamala Reddy,39,2,0
4991,14434,Roopa Desai,50,2,1
4992,14435,Pushpa Desai,95,2,0
4993,14438,Gopal Shetty,25,1,0
4994,14446,Pushpa Reddy,41,2,0
4995,14447,Anand Poojary,47,1,0
4996,14457,Vinay Setty,55,1,0
4997,14458,Krishna Achar,48,1,0
4998,14459,Girish Nayak,75,1,0
4999,14460,Yusuf Kulkarni,17,1,0
5000,14464,Manjula Iyer,17,2,0
5001,14467,Kamala Bhat,34,2,0
5002,14469,Shwetha Setty,33,2,0
5003,14471,Puttaswamy Jadhav,25,1,0
5004,14473,Bhagya Setty,13,2,0
5005,14478,Anitha Nayak,52,2,0
5006,14481,Ayesha Naik,27,2,0
5007,14488,Gopal Prabhu,35,1,0
5008,14489,Pushpa Bhat,49,2,0
5009,14491,Kamala Poojary,24,2,0
5010,14493,Deepak Reddy,40,1,0
5011,14496,Sheela Urs,5,2,0
5012,14502,Shivakumar Bhandari,41,1,0
5013,14513,Santosh Kamath,76,1,0
5014,14516,Fathima Kumar,71,2,0
5015,14518,Rekha Kulkarni,62,2,0
5016,14521,Vani Kamath,31,2,0
5017,14523,Pallavi Fernandes,48,2,0
5018,14525,Yashoda Prabhu,68,2,0
5019,14527,Abdul Setty,13,1,0
5020,14537,Kamala Patil,33,2,0
5021,14539,Ayesha Naik,70,2,0
5022,14540,Shwetha Bhat,62,2,0
5023,14545,Sunita Hegde,71,2,0
5024,14546,Anitha Gowda,18,2,0
5025,14549,Byrappa Hegde,24,1,0
5026,14550,Roopa Reddy,33,2,0
5027,14551,Umesh Nayak,46,1,0
5028,14554,Pallavi Naik,95,2,0
5029,14557,Jayashree Naidu,20,2,0
5030,14558,Nandini Iyer,42,2,0
5031,14561,Rekha Hiremath,16,2,0
5032,14565,Nagaveni Sheikh,50,2,0
5033,14574,Shwetha Kumar,28,2,0
5034,14575,Nirmala Devaraj,28,2,0
5035,14577,Lakshmi Khan,43,2,0
5036,14578,Vani Reddy,88,2,0
5037,14582,Anitha D'Souza,34,2,0
5038,14584,John Pinto,19,1,0
5039,14585,Nandini Reddy,17,2,0
5040,14586,Nirmala Hiremath,33,2,0
5041,14588,Zainab Iyer,34,2,0
5042,14592,Deepa Kamath,33,2,0
5043,14596,Muniraju Achar,26,1,0
5044,14597,Kiran Nayak,40,1,0
5045,14598,Lakshmi Poojary,49,2,0
5046,14602,Santosh Naidu,53,1,0
5047,14608,Lakshmi Devaraj,27,2,0
5048,14611,Zainab Devaraj,35,2,0
5049,14613,Rekha Shetty,17,2,0
5050,14614,Mary Hegde,11,2,0
5051,14616,Bhagya Kulkarni,46,2,0
5052,14622,Yashoda Desai,38,2,0
5053,14623,Rekha Reddy,24,2,0
5054,14624,Pushpa Fernandes,15,2,0
5055,14626,Naveen Prabhu,22,1,0
5056,14633,Srinivas Devaraj,41,1,0
5057,14635,Sunita Hegde,29,2,0
5058,14636,Bhagya Rao,17,2,0
5059,14638,Ibrahim Reddy,13,1,0
5060,14644,Krishna Achar,18,1,0
5061,14645,Jayashree Setty,26,2,0
5062,14647,Raghavendra Naidu,60,1,0
5063,14648,Vani Bhat,26,2,0
5064,14652,Fathima Kamath,35,2,0
5065,14654,Ayesha Kamath,37,2,0
5066,14659,Santosh Fernandes,29,1,0
5067,14671,Krishna Pinto,25,1,0
5068,14674,Zainab Rao,38,2,0
5069,14676,Kamala Shetty,46,2,0
5070,14677,Yashoda Kamath,21,2,0
5071,14680,Roopa Reddy,58,2,0
5072,14681,Vani Kamath,48,3,0
5073,14683,Imran Hegde,32,1,0
5074,14685,Ratna Urs,40,2,0
5075,14686,Zainab Desai,48,2,0
5076,14687,Raghavendra Nayak,23,1,0
5077,14696,Sunita Kamath,42,2,0
5078,14697,Radha Kamath,42,2,0
5079,14702,Savitri Naidu,46,2,0
5080,14704,Karan Jadhav,35,1,0
5081,14705,Krishna Jadhav,32,1,0
5082,14706,Geetha Kamath,31,2,0
5083,14708,Ayesha Kulkarni,17,2,0
5084,14709,Santosh Prabhu,26,1,0
5085,14715,Anitha Prabhu,8,2,0
5086,14718,Pushpa Shetty,21,2,0
5087,14719,Lokesh Patil,43,1,0
5088,14722,Bhagya Reddy,54,2,0
5089,14724,Sheela Desai,21,2,0
5090,14725,Nandini Bhat,85,2,0
5091,14726,Ayesha Naidu,46,2,0
5092,14727,Basavaraj Kumar,54,1,0
5093,14734,Manjula Fernandes,23,2,0
5094,14736,Lakshmi Khan,44,2,0
5095,14737,Roopa Bhat,13,2,0
5096,14738,Vani Poojary,21,2,0
5097,14741,Radha Jadhav,13,2,0
5098,14743,Puttaswamy Achar,32,1,0
5099,14745,Geetha Reddy,34,2,0
5100,14748,Anthony Rao,66,1,0
5101,14749,Sowmya Devaraj,39,2,0
5102,14750,Ravi Kumar,68,1,0
5103,14751,Radha Nayak,46,2,0
5104,14754,Gopal Nayak,33,1,0
5105,14755,Raghavendra Pinto,43,1,0
5106,14761,Mahesh Urs,89,1,0
5107,14762,Radha Iyer,42,2,0
5108,14764,Mary Rao,21,2,0
5109,14765,Vani Nayak,35,2,0
5110,14771,Nagaveni Jadhav,32,2,0
5111,14772,Sheela Pinto,26,2,0
5112,14773,Deepa Hegde,95,2,0
5113,14777,Geetha Urs,45,2,0
5114,14781,Savitri Sheikh,35,2,0
5115,14784,Shobha Naidu,38,2,0
5116,14792,Zainab Kumar,36,2,0
5117,14795,Shivakumar Rao,32,1,0
5118,14798,Srinivas Desai,22,1,0
5119,14806,Geetha D'Souza,63,2,0
5120,14810,Ibrahim Rao,12,1,0
5121,14811,Sowmya Bhat,37,2,0
5122,14812,Yusuf Kumar,69,1,0
5123,14813,Zainab Nayak,33,2,0
5124,14815,Shivakumar Achar,40,1,0
5125,14818,Nagaveni Bhat,75,2,0
5126,14824,Pallavi Achar,52,2,0
5127,14837,Ibrahim Hegde,95,1,0
5128,14841,Sunita Patil,51,2,0
5129,14844,Raghavendra Reddy,55,1,0
5130,14847,Kavya Kamath,50,2,0
5131,14848,Nagaveni Hegde,41,2,0
5132,14852,Ayesha Naidu,26,2,0
5133,14854,Dinesh Kulkarni,93,1,0
5134,14855,Byrappa Kamath,46,1,0
5135,14863,Shivakumar Reddy,12,1,0
5136,14864,Yusuf Devaraj,42,1,0
5137,14868,Yashoda Reddy,57,2,0
5138,14870,Harish Poojary,10,1,0
5139,14874,Savitri Khan,56,2,0
5140,14878,Nagaveni Pinto,46,2,0
5141,14880,Deepa Desai,45,2,0
5142,14882,Pushpa Gowda,58,2,0
5143,14884,Anitha Naik,33,2,0
5144,14885,Rekha Naidu,65,2,0
5145,14889,Zainab Bhat,28,2,0
5146,14896,Puttaswamy Shetty,77,1,0
5147,14898,Roopa Naik,44,2,0
5148,14901,Pallavi Rao,45,2,0
5149,14902,Manjunath Kumar,28,1,0
5150,14905,Sowmya Kumar,40,2,0
5151,14910,Abdul Desai,35,1,0
5152,14916,Sowmya Naik,47,2,0
5153,14917,Girish Urs,39,1,0
5154,14921,Dinesh Poojary,68,1,0
5155,14922,Yashoda Gowda,47,2,0
5156,14925,Byrappa Devaraj,55,1,0
5157,14927,Ayesha Achar,35,2,0
5158,14930,Roopa Bhat,26,2,0
5159,14935,Manoj Sheikh,17,1,0
5160,14944,Muniraju Naidu,22,1,0
5161,14945,Savitri Gowda,33,2,0
5162,14946,Shivakumar Gowda,63,1,0
5163,14947,Lakshmi Gowda,53,2,0
5164,14949,Nagaveni Bhandari,23,2,0
5165,14951,Puttaswamy Fernandes,35,1,0
5166,14953,Sunita Rao,48,2,1
5167,14955,Manjula Bhat,51,2,0
5168,14958,Deepak Rao,38,1,0
5169,14958,Vijay Achar,54,1,0
5170,14958,Karan Kamath,33,1,0
5171,14964,Umesh Bhandari,58,1,1
5172,14965,Nirmala Bhat,82,2,0
5173,14970,Lakshmi Bhat,74,2,0
5174,14971,Zainab Bhandari,25,2,0
5175,14971,Sunita Fernandes,17,2,0
5176,14971,Pallavi Nayak,64,2,0
5177,14976,Radha Jadhav,40,2,0
5178,14977,Salman Hiremath,48,1,0
5179,14978,Girish Desai,36,1,0
5180,14979,Zainab Hiremath,46,2,0
5181,14980,Fathima Setty,34,2,0
5182,14988,Salman Naik,42,1,0
5183,14990,Sowmya Sheikh,63,2,0
5184,14994,Geetha Desai,29,2,0
5185,14996,Ayesha Hegde,19,2,0
5186,15001,Raghavendra Setty,19,1,1
5187,15002,Pradeep Setty,55,1,0
5188,15003,Lakshmi Devaraj,37,2,0
5189,15004,Sunita Prabhu,46,2,0
5190,15006,Girish Naidu,46,1,0
5191,15007,Bhagya Hegde,17,2,0
5192,15008,Ganesh Nayak,82,1,0
5193,15010,Prakash Jadhav,19,1,0
5194,15013,Radha Naidu,34,2,0
5195,15018,Chandrashekar Poojary,85,1,0
5196,15027,Bhagya Reddy,31,2,0
5197,15028,Anitha Rao,22,2,0
5198,15037,Nirmala Sheikh,42,2,0
5199,15039,Radha Gowda,31,2,0
5200,15043,Ashok Pinto,31,1,0
5201,15046,Kavya Hegde,29,2,0
5202,15049,Deepak Shetty,25,1,0
5203,15049,Anand Hiremath,26,1,0
5204,15049,Mary Naik,41,2,0
5205,15056,Sunita Kulkarni,73,2,0
5206,15057,Ayesha Fernandes,28,2,0
5207,15057,Abdul Khan,22,1,0
5208,15059,Kavya Naidu,34,2,0
5209,15065,Vani Poojary,18,2,0
5210,15066,Srinivas Naik,6,1,0
5211,15071,Geetha Naik,32,2,0
5212,15076,Anand Bhat,20,1,0
5213,15083,Geetha Kumar,28,2,0
5214,15085,Rekha Devaraj,31,2,0
5215,15088,Rekha D'Souza,22,2,0
5216,15089,Nirmala Naidu,42,2,0
5217,15092,Savitri Hegde,38,2,0
5218,15093,Nagaraj Patil,38,1,0
5219,15098,Basavaraj D'Souza,27,1,0
5220,15100,Vinay Kulkarni,27,1,0
5221,15101,Anthony Kumar,41,1,0
5222,15108,Ayesha Pinto,33,2,0
5223,15109,Zainab Nayak,58,2,0
5224,15110,Ayesha Patil,75,2,0
5225,15114,Zainab Shetty,27,2,0
5226,15117,Lokesh Kulkarni,25,1,0
5227,15126,Nagaveni Achar,42,2,0
5228,15127,Srinivas Poojary,51,1,0
5229,15134,Geetha Bhat,22,2,0
5230,15135,John Kamath,33,1,0
5231,15136,Chandrashekar Patil,56,1,0
5232,15137,Krishna Reddy,20,1,0
5233,15143,Mary Urs,23,2,0
5234,15150,Muniraju Hiremath,84,1,0
5235,15152,Shwetha D'Souza,51,2,0
5236,15160,Zainab Prabhu,63,2,0
5237,15162,Pradeep Devaraj,34,1,0
5238,15163,Vani Kumar,15,2,0
5239,15167,Shivakumar Naidu,44,1,0
5240,15168,Sheela Bhandari,10,2,0
5241,15171,Ibrahim Poojary,35,1,0
5242,15173,Ashok Reddy,28,1,0
5243,15173,Yashoda Bhat,31,2,0
5244,15177,Nirmala Bhandari,43,2,0
5245,15179,Xavier Devaraj,43,1,0
5246,15180,Pushpa Poojary,33,2,0
5247,15183,Ashok Kumar,56,1,0
5248,15185,Kamala Jadhav,35,2,0
5249,15187,Halappa Gowda,54,1,0
5250,15190,Pradeep Prabhu,48,1,0
5251,15201,Sunita Reddy,57,2,0
5252,15203,Rekha Khan,51,2,0
5253,15204,Kavya Kulkarni,61,2,0
5254,15206,Mary Nayak,38,2,0
5255,15208,Dinesh Nayak,74,1,0
5256,15211,Dinesh Reddy,18,1,0
5257,15212,Abdul D'Souza,22,1,0
5258,15213,Pushpa Naidu,23,2,0
5259,15217,Kamala Pinto,45,2,0
5260,15219,Girish Shetty,51,1,0
5261,15224,Joseph Poojary,11,1,0
5262,15227,Byrappa Achar,30,1,0
5263,15238,Byrappa Naidu,50,1,0
5264,15239,Anitha Patil,30,2,0
5265,15242,Radha Fernandes,72,2,0
5266,15243,Shwetha Fernandes,33,2,0
5267,15245,Shwetha Shetty,21,2,0
5268,15247,Suresh Pinto,32,1,0
5269,15248,Jayashree Urs,39,2,0
5270,15253,Kiran Kulkarni,42,1,0
5271,15254,Deepa Desai,17,2,0
5272,15257,Kamala Sheikh,14,2,0
5273,15258,Lakshmi Hiremath,70,2,0
5274,15259,Nandini Jadhav,47,2,0
5275,15263,Sunita Desai,42,2,0
5276,15268,Joseph Gowda,28,1,0
5277,15277,Shivakumar Jadhav,38,1,0
5278,15279,Jayashree Khan,42,2,0
5279,15281,Jayashree Setty,9,2,0
5280,15282,Ayesha Kulkarni,21,2,0
5281,15283,Geetha Fernandes,25,2,0
5282,15284,Arjun Hegde,38,1,0
5283,15285,Pushpa Devaraj,38,2,0
5284,15293,Manjula Bhat,8,2,0
5285,15297,Pradeep Reddy,29,1,0
5286,15298,Sunita Shetty,29,2,0
5287,15299,Kamala Hegde,48,2,0
5288,15300,Girish Naidu,35,1,0
5289,15306,Fathima Urs,44,2,0
5290,15311,Mary Devaraj,30,2,0
5291,15313,Xavier Desai,22,1,0
5292,15318,Fathima Bhat,22,2,0
5293,15322,Shobha Shetty,15,2,0
5294,15323,Jayashree Pinto,22,2,0
5295,15325,Savitri Khan,94,2,0
5296,15327,John Prabhu,8,1,0
5297,15328,Ayesha D'Souza,24,2,0
5298,15330,Ayesha Devaraj,23,2,0
5299,15333,Muniraju Shetty,33,1,0
5300,15334,Shobha Desai,21,2,0
5301,15337,Nagaveni Urs,46,2,0
5302,15340,Roopa Iyer,48,2,0
5303,15345,Savitri Prabhu,49,2,0
5304,15346,Nagaveni D'Souza,24,2,0
5305,15354,Vinay Gowda,38,1,0
5306,15355,Anitha Urs,20,2,0
5307,15356,Manjula Setty,22,2,0
5308,15360,Nagaveni Jadhav,82,2,0
5309,15361,Ibrahim Nayak,12,1,0
5310,15365,Byrappa Kamath,60,1,0
5311,15371,Kavya Devaraj,42,2,0
5312,15373,Kamala Kumar,88,2,0
5313,15381,Gopal Kulkarni,25,1,0
5314,15382,Anitha Reddy,23,2,0
5315,15384,Channabasappa Kamath,35,1,0
5316,15385,Deepa Nayak,16,2,0
5317,15386,Shwetha Kamath,10,2,0
5318,15388,Raghavendra Urs,59,1,0
5319,15395,Roopa Kulkarni,25,2,0
5320,15396,Kavya Pinto,19,2,0
5321,15398,Fathima Nayak,53,2,0
5322,15399,Kamala Shetty,28,2,0
5323,15399,Channabasappa Hiremath,34,1,0
5324,15399,Jayashree Khan,25,2,0
5325,15402,Zainab Pinto,11,2,0
5326,15403,Vijay Gowda,31,1,0
5327,15405,Muniraju Fernandes,12,1,0
5328,15406,Pallavi Bhandari,45,2,0
5329,15408,Kavya Jadhav,31,2,0
5330,15410,Lakshmi Shetty,29,2,0
5331,15411,Harish Patil,44,1,0
5332,15414,Xavier Rao,33,1,0
5333,15414,Puttaswamy Sheikh,33,1,0
5334,15414,Halappa Gowda,36,1,0
5335,15429,Manjula Nayak,42,2,0
5336,15430,Shobha Urs,30,2,0
5337,15432,Yashoda Rao,55,2,0
5338,15434,Arjun Kulkarni,26,1,0
5339,15436,Roopa Kumar,55,2,0
5340,15438,Manjula Reddy,35,2,0
5341,15441,Nagaveni Bhandari,22,2,0
5342,15444,Sheela Devaraj,47,2,0
5343,15448,Harish Naik,46,1,0
5344,15450,Joseph Kulkarni,45,1,0
5345,15451,Yusuf Shetty,33,1,0
5346,15454,Jayashree Kulkarni,26,2,0
5347,15460,Radha D'Souza,51,2,0
5348,15463,Anitha Urs,53,2,0
5349,15464,Halappa Bhat,6,1,0
5350,15467,Girish Poojary,40,1,0
5351,15478,Kamala Bhat,39,2,0
5352,15479,Ganesh Bhat,30,1,0
5353,15479,Vinay Bhandari,26,1,0
5354,15487,Srinivas Khan,87,1,0
5355,15494,Anitha Bhat,35,2,0
5356,15495,Sowmya Desai,22,2,0
5357,15507,Naveen D'Souza,59,1,0
5358,15509,Jayashree Rao,40,2,0
5359,15510,Sheela Poojary,58,2,0
5360,15513,Vani Achar,14,2,0
5361,15515,Ratna Jadhav,41,2,0
5362,15517,Sowmya D'Souza,67,2,0
5363,15518,Deepak Desai,42,1,1
5364,15520,Gopal Fernandes,38,1,0
5365,15524,Sheela Kulkarni,92,2,0
5366,15528,Ratna Pinto,40,2,0
5367,15529,Ramesh Kulkarni,83,1,0
5368,15534,Savitri Kamath,37,2,0
5369,15536,Mary Bhandari,6,2,0
5370,15538,Lokesh Devaraj,52,1,0
5371,15543,Anthony D'Souza,52,1,0
5372,15544,Ibrahim Bhandari,95,1,0
5373,15554,Chandrashekar Bhandari,82,1,0
5374,15561,Radha Achar,20,2,1
5375,15565,Radha Reddy,17,2,0
5376,15568,Ayesha Iyer,54,2,0
5377,15569,Fathima Fernandes,33,2,0
5378,15572,Radha Prabhu,16,2,0
5379,15573,Savitri Iyer,51,2,0
5380,15577,Ganesh Naik,66,1,0
5381,15582,Kamala Poojary,21,2,0
5382,15589,Anand Jadhav,32,1,0
5383,15590,Yusuf Nayak,44,1,0
5384,15593,John Rao,54,1,0
5385,15594,Jayashree Kamath,41,2,0
5386,15595,Pradeep Khan,19,1,0
5387,15596,Nagaveni Kulkarni,78,2,0
5388,15599,Nirmala Jadhav,22,2,0
5389,15607,Vani Gowda,49,2,0
5390,15608,Ganesh Khan,50,1,0
5391,15609,Shwetha Hiremath,64,2,0
5392,15611,Pushpa Bhat,37,2,0
5393,15612,Girish Naidu,43,1,0
5394,15615,Shwetha Desai,21,2,0
5395,15616,Shwetha Kumar,28,2,0
5396,15622,Vani Kumar,28,2,0
5397,15623,Kamala Iyer,76,2,0
5398,15624,Sowmya Devaraj,24,2,0
5399,15626,Bhagya Jadhav,56,2,0
5400,15629,Ganesh Desai,62,1,0
5401,15633,Harish Naik,41,1,0
5402,15634,Vinay Prabhu,34,1,0
5403,15637,Zainab Kumar,75,2,0
5404,15639,Vani Devaraj,31,2,0
5405,15641,Vani Kamath,34,2,0
5406,15642,Ayesha Pinto,42,2,0
5407,15651,Mary Kulkarni,41,2,0
5408,15655,Arjun Naik,15,1,0
5409,15656,Deepa Nayak,34,2,0
5410,15659,Shwetha Kulkarni,14,2,0
5411,15660,Anitha Bhat,28,2,0
5412,15666,Yogesh Kumar,43,1,0
5413,15669,Geetha Kulkarni,75,2,0
5414,15671,Pushpa Kumar,37,2,0
5415,15674,Nandini Bhat,19,2,0
5416,15675,Shwetha Shetty,18,2,0
5417,15678,Zainab D'Souza,29,2,0
5418,15679,Kamala Naidu,44,2,0
5419,15683,Yashoda Nayak,66,2,0
5420,15684,Nandini Hegde,23,2,0
5421,15685,Pushpa Setty,31,2,0
5422,15690,Vijay Naidu,41,1,0
5423,15694,Zainab Reddy,55,2,0
5424,15698,Abdul Hiremath,26,1,0
5425,15702,Savitri Bhat,42,2,0
5426,15708,Fathima Achar,33,2,0
5427,15709,Fathima Hegde,32,2,0
5428,15711,Sunita Sheikh,27,2,0
5429,15712,Yusuf Rao,51,1,0
5430,15719,Manoj Iyer,10,1,0
5431,15721,Shwetha Pinto,31,2,0
5432,15723,Jayashree Devaraj,53,2,0
5433,15728,Ayesha Patil,37,2,0
5434,15730,Pallavi Nayak,50,2,0
5435,15740,Vinay Hiremath,39,1,0
5436,15741,Pushpa Hiremath,69,2,0
5437,15744,Vani Iyer,27,2,0
5438,15745,Roopa Achar,39,2,0
5439,15746,Bhagya Reddy,27,2,0
5440,15748,Anthony Patil,33,1,0
5441,15749,Lakshmi Bhat,42,2,0
5442,15755,Sowmya Sheikh,37,2,0
5443,15764,Deepak Kamath,12,1,0
5444,15765,Lakshmi Poojary,56,2,0
5445,15768,Nagaveni Kamath,36,2,0
5446,15770,Shwetha Devaraj,37,2,0
5447,15771,Sowmya Iyer,79,2,0
5448,15775,Puttaswamy Jadhav,36,1,0
5449,15776,Jayashree Bhat,53,2,0
5450,15780,Shobha Shetty,60,2,0
5451,15782,Sunita Desai,73,2,0
5452,15787,Sunita Poojary,74,2,0
5453,15789,Umesh Fernandes,18,1,0
5454,15793,Shobha Kulkarni,50,2,0
5455,15797,Nandini Sheikh,69,2,0
5456,15804,Manjula Khan,36,2,0
5457,15807,Rekha Naik,37,2,0
5458,15808,Ayesha D'Souza,30,2,0
5459,15809,Radha Iyer,25,2,0
5460,15815,Fathima Fernandes,17,2,0
5461,15817,Shwetha Fernandes,30,2,0
5462,15819,Manjula Desai,25,2,0
5463,15820,Dinesh Poojary,20,1,0
5464,15822,Yashoda Bhandari,18,2,0
5465,15825,Mahesh Achar,45,1,0
5466,15826,Shivakumar D'Souza,26,1,0
5467,15827,Pushpa Achar,52,2,0
5468,15828,Zainab Setty,24,2,0
5469,15830,Channabasappa Shetty,54,1,0
5470,15832,Dinesh Iyer,34,1,0
5471,15834,Kavya Kamath,33,2,0
5472,15835,Kamala Poojary,32,2,0
5473,15840,Savitri Devaraj,24,2,0
5474,15843,Radha Achar,30,2,0
5475,15844,Zainab Patil,28,2,0
5476,15847,Prakash Pinto,52,1,0
5477,15850,Dinesh Kumar,41,1,0
5478,15851,Rekha Hegde,25,2,1
5479,15854,Nandini Sheikh,36,2,0
5480,15861,Nirmala Reddy,15,2,0
5481,15863,Savitri Achar,39,2,0
5482,15864,Kamala Shetty,30,2,0
5483,15878,John Devaraj,42,1,0
5484,15882,Rekha Pinto,46,2,0
5485,15885,Harish Hegde,67,1,0
5486,15886,Roopa Setty,66,2,1
5487,15888,Lokesh Rao,38,1,0
5488,15891,Roopa Prabhu,22,2,0
5489,15892,Mary Kulkarni,50,2,0
5490,15895,Shobha Kumar,34,2,0
5491,15899,Jayashree Urs,8,2,0
5492,15900,Naveen Urs,39,1,0
5493,15901,Manoj Kulkarni,8,1,0
5494,15902,Jayashree Desai,9,2,0
5495,15903,Sowmya Pinto,45,2,0
5496,15911,Pallavi Prabhu,12,2,0
5497,15915,Yashoda D'Souza,63,2,0
5498,15918,Kiran Reddy,39,1,0
5499,15919,Mahesh Naik,60,1,0
5500,15920,Anand Shetty,33,1,0
5501,15923,Ratna Setty,20,2,0
5502,15928,Fathima Nayak,16,2,0
5503,15931,Krishna Naidu,32,1,0
5504,15932,Pushpa Nayak,54,2,0
5505,15936,Deepa Rao,35,2,0
5506,15941,Yashoda Iyer,35,2,0
5507,15942,Basavaraj Setty,87,1,0
5508,15946,Shivakumar Bhat,14,1,0
5509,15947,Salman Devaraj,41,1,0
5510,15950,Salman Kumar,46,1,0
5511,15953,Zainab Hiremath,42,2,0
5512,15954,Pushpa Bhandari,40,2,0
5513,15955,Pradeep Poojary,43,1,0
5514,15956,Savitri Sheikh,41,2,0
5515,15961,Muniraju Prabhu,34,1,0
5516,15965,Kamala Achar,47,2,0
5517,15966,Shwetha Gowda,24,2,0
5518,15968,Nirmala Fernandes,27,2,0
5519,15972,Nirmala Nayak,51,2,0
5520,15974,Vani Bhat,51,2,0
5521,15975,Jayashree Naik,50,2,0
5522,15977,Kamala Rao,39,2,1
5523,15986,Ashok Jadhav,31,1,0
5524,15988,Suresh Achar,24,1,0
5525,15991,Anitha Pinto,78,2,0
5526,15992,Umesh Fernandes,26,1,0
5527,15994,Xavier Kamath,47,1,0
5528,15995,Radha Kamath,50,2,0
5529,15998,Ravi Kamath,50,1,0
5530,16001,Nagaraj Urs,24,1,0
5531,16005,Abdul Bhat,33,1,0
5532,16006,Sunita Nayak,30,2,0
5533,16009,Ashok Pinto,42,1,0
5534,16011,Nandini Rao,34,2,0
5535,16014,Deepak Naik,32,1,0
5536,16021,Dinesh D'Souza,24,1,0
5537,16026,Halappa Kumar,19,1,0
5538,16027,Shobha Kulkarni,27,2,0
5539,16033,Yashoda Sheikh,73,2,0
5540,16037,Ayesha Iyer,31,2,0
5541,16040,Roopa Urs,47,2,0
5542,16041,Anitha Reddy,51,2,0
5543,16047,Yashoda Urs,37,2,0
5544,16049,Halappa Setty,72,1,0
5545,16054,Ganesh Desai,43,1,0
5546,16056,Geetha Reddy,18,2,0
5547,16059,Umesh Kamath,34,1,0
5548,16061,Sandeep Patil,50,1,0
5549,16064,Anitha Kulkarni,33,2,0
5550,16064,Muniraju Nayak,30,1,0
5551,16064,Shwetha Iyer,27,2,0
5552,16065,Ratna Achar,35,2,0
5553,16066,Nagaveni Hegde,26,2,0
5554,16067,Roopa Iyer,36,2,0
5555,16069,Rekha Devaraj,36,2,0
5556,16072,Ganesh Gowda,24,1,1
5557,16076,Savitri Achar,57,2,0
5558,16081,Nirmala Devaraj,39,2,0
5559,16082,Sowmya Reddy,43,2,0
5560,16085,Radha Sheikh,26,2,0
5561,16090,Imran Devaraj,32,1,0
5562,16091,Shwetha Desai,37,2,1
5563,16092,Roopa Setty,14,2,0
5564,16093,Deepa Rao,8,2,0
5565,16094,Sheela Bhandari,49,2,0
5566,16096,Savitri Reddy,38,2,1
5567,16100,Rekha Reddy,20,2,0
5568,16101,John Urs,49,1,0
5569,16102,Manjula Rao,26,2,0
5570,16104,Ratna Devaraj,40,2,0
5571,16112,Yashoda Bhat,24,2,0
5572,16117,Nagaveni Hiremath,26,2,0
5573,16122,Halappa Poojary,47,1,0
5574,16124,Fathima Gowda,32,2,0
5575,16126,Manjula Achar,10,2,0
5576,16130,Deepa Achar,47,2,0
5577,16131,Xavier Naidu,46,1,0
5578,16132,Vani Fernandes,18,2,0
5579,16135,Pushpa Hiremath,32,2,0
5580,16136,Srinivas Fernandes,18,1,0
5581,16150,Naveen Hiremath,9,1,0
5582,16155,Deepa Gowda,32,2,0
5583,16157,Pallavi Sheikh,66,2,0
5584,16162,Ratna Fernandes,11,2,0
5585,16163,Pradeep D'Souza,60,1,0
5586,16166,Shobha Naidu,30,2,0
5587,16167,Kamala Gowda,13,2,0
5588,16168,Jayashree Devaraj,67,2,0
5589,16169,Kavya Urs,49,2,0
5590,16175,Zainab Rao,34,2,0
5591,16176,Pushpa Reddy,33,2,0
5592,16178,Deepa Naik,22,2,0
5593,16180,Yogesh Setty,50,1,0
5594,16182,Pallavi Iyer,30,2,0
5595,16182,Anitha Reddy,16,2,0
5596,16182,Mary Naidu,17,2,0
5597,16184,Radha Prabhu,35,2,0
5598,16188,Nagaveni Prabhu,40,2,0
5599,16189,Naveen Achar,59,1,0
5600,16194,Lakshmi Naik,41,2,0
5601,16198,Krishna Setty,36,1,0
5602,16200,Nirmala Naik,11,2,0
5603,16201,Zainab Jadhav,25,2,0
5604,16206,Naveen Devaraj,21,1,0
5605,16207,Sowmya Fernandes,24,2,0
5606,16208,Savitri Nayak,38,2,0
5607,16210,Byrappa Bhandari,35,1,0
5608,16214,Halappa Achar,41,1,0
5609,16215,Shivakumar Patil,16,1,0
5610,16216,Fathima Iyer,46,2,0
5611,16218,Deepa Sheikh,82,2,0
5612,16220,Manjula Devaraj,32,2,0
5613,16221,Savitri Devaraj,62,2,0
5614,16222,Imran Hegde,39,1,0
5615,16227,Byrappa Nayak,26,1,0
5616,16228,Jayashree Jadhav,36,2,0
5617,16229,Anitha Nayak,27,2,0
5618,16231,Fathima Fernandes,49,2,0
5619,16232,Ramesh Shetty,14,1,0
5620,16233,Anthony Prabhu,22,1,0
5621,16235,Raghavendra Fernandes,36,1,0
5622,16243,Ayesha Nayak,24,2,0
5623,16246,Muniraju Naidu,28,1,0
5624,16247,Nagaveni Pinto,27,2,0
5625,16250,Manjula Sheikh,23,2,0
5626,16252,Prakash Hegde,47,1,0
5627,16255,Bhagya Desai,80,2,0
5628,16256,Shwetha D'Souza,31,2,0
5629,16257,Savitri Hiremath,26,2,0
5630,16258,Vani Desai,38,2,0
5631,16259,Pushpa Prabhu,95,2,0
5632,16260,Shobha Naik,78,2,0
5633,16261,Pushpa Khan,47,2,0
5634,16263,Savitri Nayak,36,2,0
5635,16271,Bhagya Poojary,29,2,0
5636,16272,Manjula Devaraj,42,2,0
5637,16278,Jayashree Reddy,75,2,0
5638,16279,Pallavi Fernandes,67,2,0
5639,16282,Vani Khan,8,2,1
5640,16283,Prakash Reddy,62,1,0
5641,16284,Rajesh Hegde,49,1,0
5642,16286,Rekha Urs,19,2,0
5643,16288,Rekha Gowda,53,2,0
5644,16290,Ratna Hiremath,22,2,0
5645,16291,Sheela Achar,73,2,0
5646,16294,Vani Achar,55,2,0
5647,16298,Kiran D'Souza,27,1,0
5648,16299,Deepa Reddy,25,2,1
5649,16300,Pushpa Pinto,51,2,0
5650,16301,Ganesh Nayak,64,1,1
5651,16305,Sowmya Patil,47,2,0
5652,16308,Kamala Khan,35,2,0
5653,16309,Vani Patil,56,2,0
5654,16310,Deepak Kumar,65,1,0
5655,16311,Halappa Desai,29,1,0
5656,16318,Geetha Khan,33,2,0
5657,16322,Mary Prabhu,19,2,0
5658,16323,Ravi Patil,22,1,0
5659,16324,Geetha Reddy,32,2,0
5660,16325,Kamala Setty,35,2,0
5661,16327,Muniraju Reddy,28,1,0
5662,16329,Srinivas Naik,22,1,0
5663,16331,Pallavi Hiremath,30,2,0
5664,16332,Ratna Kumar,20,2,0
5665,16339,Shwetha Devaraj,54,2,0
5666,16344,Sowmya Bhat,20,2,0
5667,16348,Zainab Bhandari,26,2,0
5668,16353,Anand Hegde,28,1,0
5669,16358,Chandrashekar Khan,36,1,0
5670,16362,Kavya Fernandes,15,2,0
5671,16363,Vinay Gowda,26,1,0
5672,16364,Nandini Prabhu,61,2,0
5673,16366,Kiran Sheikh,32,1,0
5674,16368,Ravi Devaraj,70,1,0
5675,16370,Mary Kumar,64,2,0
5676,16373,Nandini Setty,25,2,0
5677,16374,Bhagya Poojary,47,2,0
5678,16375,Lakshmi Kumar,72,2,0
5679,16376,Zainab Kamath,88,2,0
5680,16378,Puttaswamy Devaraj,47,1,0
5681,16379,Shobha Devaraj,35,2,0
5682,16381,Rekha Setty,37,2,0
5683,16383,Roopa Rao,83,2,0
5684,16386,Jayashree Reddy,44,2,0
5685,16388,Sowmya Hiremath,40,2,0
5686,16389,Radha D'Souza,71,2,0
5687,16390,Geetha Bhat,24,2,0
5688,16397,Ramesh Reddy,48,1,0
5689,16399,Pallavi Jadhav,18,2,0
5690,16404,Pallavi Bhat,30,2,0
5691,16406,Deepa Desai,28,2,0
5692,16408,Manoj Pinto,62,1,0
5693,16409,Kamala Bhandari,36,2,0
5694,16413,Muniraju Poojary,37,1,0
5695,16415,Nagaveni Setty,22,2,0
5696,16422,Savitri Prabhu,39,2,0
5697,16423,Radha Prabhu,62,2,0
5698,16424,Yashoda Nayak,33,2,0
5699,16428,Roopa Pinto,79,2,0
5700,16430,Vijay D'Souza,35,1,0
5701,16435,Suresh Naik,51,1,0
5702,16440,Raghavendra Sheikh,32,1,0
5703,16453,Manjula Urs,53,2,0
5704,16454,Anand Fernandes,45,1,0
5705,16459,Krishna Sheikh,39,1,0
5706,16460,Imran Naidu,38,1,0
5707,16462,Halappa Pinto,56,1,0
5708,16463,Kamala Iyer,15,2,0
5709,16465,Nandini Shetty,47,2,0
5710,16469,Chandrashekar Fernandes,27,1,0
5711,16473,Salman Khan,53,1,0
5712,16475,Shwetha Prabhu,43,2,0
5713,16476,Raghavendra Jadhav,19,1,0
5714,16478,Sheela Sheikh,54,2,0
5715,16482,Pradeep Sheikh,29,1,0
5716,16484,Rekha Kumar,78,2,0
5717,16491,Sowmya Reddy,29,2,0
5718,16497,Nandini Prabhu,12,2,0
5719,16499,Fathima Gowda,39,2,0
5720,16515,Santosh D'Souza,24,1,0
5721,16517,Muniraju Shetty,29,1,0
5722,16518,Bhagya Devaraj,33,2,0
5723,16526,Savitri Patil,65,2,0
5724,16527,Vinay Gowda,40,1,0
5725,16530,Savitri Khan,32,2,0
5726,16534,Byrappa Khan,62,1,0
5727,16535,Nagaveni Jadhav,27,2,0
5728,16544,Chandrashekar Sheikh,80,1,0
5729,16546,Yashoda Achar,24,2,0
5730,16554,Deepa Hegde,39,2,0
5731,16559,Puttaswamy Bhandari,31,1,0
5732,16561,Rekha Hegde,44,2,0
5733,16564,Fathima Urs,43,2,0
5734,16565,Shobha Setty,25,2,0
5735,16566,Pallavi Hegde,47,2,0
5736,16567,Anitha Bhat,27,2,0
5737,16571,Ratna Hiremath,85,2,0
5738,16575,Sunita Fernandes,64,2,0
5739,16578,Vani Jadhav,17,2,0
5740,16580,Shwetha Reddy,41,2,0
5741,16584,Roopa Nayak,54,2,0
5742,16586,Zainab Desai,17,2,0
5743,16588,Lakshmi D'Souza,30,2,0
5744,16589,Jayashree Urs,59,2,0
5745,16594,Pradeep Rao,45,1,0
5746,16603,Kavya Reddy,87,2,0
5747,16606,Sheela Bhat,54,2,0
5748,16610,Manoj Sheikh,53,1,0
5749,16610,Nagaveni Jadhav,35,2,0
5750,16612,Xavier Gowda,62,1,0
5751,16615,Roopa Hiremath,30,2,0
5752,16616,Pushpa Fernandes,15,2,0
5753,16632,Sandeep Kulkarni,95,1,0
5754,16635,Savitri Fernandes,13,2,0
5755,16638,Pallavi Naidu,33,2,0
5756,16642,Shwetha Naik,42,2,0
5757,16645,Radha Urs,10,2,0
5758,16646,Geetha Gowda,30,2,0
5759,16648,Mary D'Souza,51,2,0
5760,16649,Radha Bhat,80,2,0
5761,16651,Manjunath Khan,81,1,0
5762,16653,Chandrashekar D'Souza,51,1,0
5763,16654,Nandini Devaraj,21,2,0
5764,16657,Rekha Kumar,26,2,0
5765,16659,Jayashree Naidu,57,2,0
5766,16660,Sheela Kamath,35,2,0
5767,16666,Xavier Kulkarni,31,1,0
5768,16674,Kavya Sheikh,51,2,0
5769,16678,Naveen Desai,27,1,0
5770,16681,Srinivas Hegde,43,1,0
5771,16686,Roopa Achar,15,2,0
5772,16687,Xavier Bhat,20,1,0
5773,16697,Salman Jadhav,20,1,0
5774,16698,Nirmala Patil,22,2,0
5775,16699,Halappa Naidu,29,1,0
5776,16716,Vinay Pinto,20,1,0
5777,16718,Nandini Gowda,24,2,0
5778,16721,Vani Khan,75,2,0
5779,16722,Nirmala Kulkarni,27,2,0
5780,16729,Fathima Achar,48,2,0
5781,16732,Ratna Rao,26,2,0
5782,16735,Lakshmi Devaraj,52,2,0
5783,16736,Roopa Bhat,15,2,0
5784,16737,Chandrashekar Kamath,36,1,0
5785,16742,Rekha Reddy,24,2,0
5786,16747,Ayesha Kamath,42,2,0
5787,16748,Yashoda Urs,35,2,0
5788,16749,Rekha Rao,31,2,0
5789,16752,Kavya Jadhav,29,2,0
5790,16756,Deepa Khan,29,2,0
5791,16759,Kamala D'Souza,34,2,0
5792,16760,John Achar,15,1,0
5793,16761,Yashoda D'Souza,57,2,0
5794,16762,Shwetha Urs,15,2,0
5795,16764,Ramesh Poojary,27,1,0
5796,16771,Fathima Patil,94,2,0
5797,16772,Nandini Kamath,7,2,0
5798,16775,Puttaswamy Achar,29,1,0
5799,16778,Kavya Patil,54,2,0
5800,16779,Sowmya Patil,39,2,0
5801,16783,Zainab Pinto,16,2,0
5802,16785,Mary Hiremath,54,2,0
5803,16787,Puttaswamy Bhat,26,1,0
5804,16788,Radha Khan,62,2,0
5805,16792,Anitha Pinto,49,2,0
5806,16797,Kavya D'Souza,13,2,0
5807,16798,Shobha Poojary,70,2,0
5808,16800,Sunita Patil,31,2,0
5809,16804,Mahesh Reddy,37,1,0
5810,16808,Pallavi Reddy,31,2,0
5811,16812,Fathima Shetty,57,2,0
5812,16814,Dinesh Khan,35,1,0
5813,16815,Jayashree Khan,16,2,0
5814,16823,Zainab Gowda,47,2,0
5815,16828,Sunita Prabhu,32,2,0
5816,16830,Pallavi Reddy,58,2,0
5817,16833,Savitri Desai,19,2,0
5818,16842,Fathima Bhat,48,2,0
5819,16843,Deepa Bhat,23,2,0
5820,16844,Geetha Kamath,49,3,0
5821,16846,Karan Nayak,55,1,0
5822,16851,Deepa Naidu,39,2,0
5823,16853,Pallavi Pinto,10,2,0
5824,16857,Karan Gowda,27,1,0
5825,16859,Shobha Hegde,44,2,0
5826,16867,Geetha Kamath,33,2,0
5827,16869,Sandeep Bhandari,60,1,0
5828,16870,Arjun Desai,15,1,0
5829,16871,Sowmya Achar,54,2,0
5830,16874,Sandeep Kumar,23,1,0
5831,16875,Pallavi Gowda,22,2,0
5832,16879,Manjunath Khan,23,1,0
5833,16885,Sunita Nayak,37,2,0
5834,16891,Savitri Bhat,31,2,0
5835,16893,Kamala Nayak,45,2,0
5836,16901,Geetha Pinto,25,2,0
5837,16905,Sunita Desai,24,2,0
5838,16906,Manjula Reddy,28,2,0
5839,16908,Pallavi Reddy,33,2,0
5840,16910,Anand Rao,30,1,0
5841,16911,Pallavi Hiremath,88,2,0
5842,16918,Kavya Pinto,37,2,0
5843,16920,Anitha Kumar,64,2,0
5844,16923,Nirmala Khan,31,2,0
5845,16925,Pallavi Hiremath,18,2,0
5846,16925,Lakshmi Kulkarni,57,2,0
5847,16925,Karan Sheikh,15,1,0
5848,16927,Manjula Gowda,37,2,0
5849,16934,Radha Hiremath,19,2,0
5850,16935,Anand Pinto,52,1,0
5851,16945,Roopa Prabhu,32,2,0
5852,16947,Sunita Fernandes,39,2,0
5853,16948,Harish Jadhav,75,1,0
5854,16955,Shivakumar Fernandes,26,1,0
5855,16957,Ramesh Hiremath,46,1,0
5856,16958,Geetha Setty,90,2,0
5857,16961,Deepa Reddy,70,2,0
5858,16963,Sheela Fernandes,39,2,0
5859,16964,Sandeep Urs,32,1,0
5860,16965,Rekha Khan,24,2,0
5861,16974,Prakash Devaraj,8,1,0
5862,16979,Abdul Reddy,59,1,0
5863,16984,Prakash Reddy,34,1,0
5864,16985,Sowmya Setty,65,2,0
5865,16986,Deepa Devaraj,44,2,0
5866,16992,Gopal Khan,73,1,0
5867,16994,Sowmya Naik,56,2,0
5868,16995,Nagaraj Kamath,48,1,0
5869,16999,Vani Reddy,87,2,0
5870,17001,Karan Shetty,34,1,0
5871,17002,Halappa Desai,32,1,0
5872,17004,Ayesha Naik,64,2,0
5873,17006,Deepa Jadhav,42,2,0
5874,17007,Vani Gowda,28,2,0
5875,17008,Sowmya Poojary,40,2,0
5876,17008,Naveen Rao,51,1,0
5877,17012,Ayesha Kulkarni,25,2,0
5878,17013,Ratna Nayak,11,2,0
5879,17014,Kamala Bhat,30,2,0
5880,17016,Manjula Rao,19,2,0
5881,17019,Sheela Sheikh,27,2,0
5882,17023,Shobha Shetty,9,2,0
5883,17024,Mary Setty,23,2,0
5884,17025,Manoj Rao,47,1,0
5885,17032,Ravi Patil,18,1,0
5886,17034,Mary Jadhav,48,2,0
5887,17036,Kamala Achar,81,2,0
5888,17037,Nandini Shetty,74,2,0
5889,17039,Prakash Poojary,37,1,0
5890,17040,Shwetha Reddy,48,2,0
5891,17042,Kiran Reddy,57,1,0
5892,17049,Yashoda Khan,27,2,0
5893,17051,Krishna Prabhu,51,1,0
5894,17062,Byrappa Bhandari,44,1,0
5895,17063,Bhagya D'Souza,36,2,0
5896,17065,Bhagya Jadhav,25,2,0
5897,17067,Chandrashekar Patil,32,1,0
5898,17068,Sandeep Khan,40,1,0
5899,17070,Arjun Naidu,27,1,0
5900,17073,Mary Reddy,39,2,0
5901,17076,Chandrashekar Gowda,41,1,0
5902,17077,Fathima Urs,13,2,0
5903,17081,Sheela Kulkarni,28,2,0
5904,17092,Anitha Shetty,48,2,0
5905,17102,Nandini Hiremath,24,2,0
5906,17104,Muniraju Achar,31,1,0
5907,17105,Ibrahim Hegde,45,1,0
5908,17106,Channabasappa Reddy,50,1,0
5909,17108,Manoj Jadhav,27,1,0
5910,17113,Deepa Shetty,58,2,0
5911,17117,Jayashree Desai,27,2,0
5912,17120,Zainab Sheikh,33,2,0
5913,17124,Ratna Naidu,14,2,0
5914,17126,Salman Naidu,21,1,0
5915,17129,Sowmya Kulkarni,64,2,0
5916,17132,Nirmala Hegde,86,2,0
5917,17137,Basavaraj Bhat,26,1,0
5918,17137,Yashoda Sheikh,72,2,0
5919,17137,Anitha Reddy,36,2,0
5920,17140,Radha Hiremath,84,2,0
5921,17153,Srinivas Shetty,66,1,0
5922,17154,Ratna Kumar,17,2,0
5923,17154,Rekha Rao,17,2,0
5924,17154,Shwetha Jadhav,21,2,0
5925,17158,Manjunath Sheikh,30,1,0
5926,17161,Jayashree Reddy,66,2,0
5927,17162,Roopa Pinto,57,2,0
5928,17167,Shobha Iyer,29,2,0
5929,17170,Shobha Kamath,26,2,0
5930,17171,Kavya Reddy,52,2,0
5931,17173,Shobha Urs,95,2,0
5932,17176,Vinay Kulkarni,57,1,0
5933,17177,Vinay Rao,51,1,0
5934,17178,Karan Bhat,20,1,0
5935,17180,Prakash Sheikh,40,1,0
5936,17182,Vani Patil,34,2,0
5937,17197,Zainab Kumar,33,2,0
5938,17206,Zainab Nayak,28,2,0
5939,17208,Byrappa Naidu,45,1,0
5940,17210,Lakshmi Kumar,72,2,0
5941,17213,Sheela Kulkarni,39,2,0
5942,17214,Vijay Desai,44,1,0
5943,17215,Rekha Khan,43,2,0
5944,17219,Zainab Patil,11,2,0
5945,17222,Sowmya Nayak,31,2,0
5946,17228,Harish Kulkarni,16,1,0
5947,17229,Chandrashekar Iyer,42,1,1
5948,17230,Bhagya Reddy,46,2,0
5949,17234,Joseph Urs,26,1,0
5950,17235,Joseph Kumar,55,1,0
5951,17237,Shwetha Gowda,27,2,0
5952,17241,Gopal Fernandes,16,1,0
5953,17245,Geetha Reddy,33,2,1
5954,17247,Kavya Achar,23,2,0
5955,17248,Radha Jadhav,50,2,0
5956,17255,Savitri Hiremath,6,2,0
5957,17258,Nagaveni Gowda,45,2,0
5958,17267,Sowmya Achar,50,2,0
5959,17269,Rekha Khan,56,2,0
5960,17273,Srinivas Desai,51,1,0
5961,17274,Byrappa Hegde,33,1,0
5962,17275,Kamala Kulkarni,69,2,0
5963,17276,Gopal D'Souza,31,1,0
5964,17277,Anthony Naik,52,1,0
5965,17282,Puttaswamy Sheikh,38,1,0
5966,17291,Lakshmi Iyer,38,2,0
5967,17293,Yusuf Rao,53,1,0
5968,17296,Fathima Naik,29,2,0
5969,17303,Geetha Nayak,62,2,0
5970,17305,Yashoda Nayak,12,2,0
5971,17306,Sheela Poojary,39,2,0
5972,17308,Fathima Kumar,54,2,0
5973,17309,Yashoda Rao,39,2,0
5974,17311,Naveen Kulkarni,43,1,0
5975,17315,Santosh Patil,80,1,0
5976,17318,Kavya Achar,46,2,0
5977,17321,Puttaswamy Bhat,83,1,0
5978,17326,Geetha Bhandari,18,2,0
5979,17329,Kavya Iyer,62,2,0
5980,17330,Deepa Gowda,18,2,0
5981,17332,John Sheikh,27,1,0
5982,17333,Sowmya Naik,13,2,0
5983,17336,Fathima Kamath,38,2,0
5984,17338,Pallavi Reddy,44,2,0
5985,17345,Rekha Gowda,36,2,0
5986,17349,Deepa Desai,42,2,0
5987,17350,Yashoda Poojary,14,2,0
5988,17351,Nandini Naik,61,2,0
5989,17364,Naveen Desai,20,1,0
5990,17366,Ayesha Jadhav,24,2,0
5991,17375,Mary Hiremath,37,2,0
5992,17376,Kavya Desai,49,2,0
5993,17388,Shwetha Rao,24,2,0
5994,17389,Naveen Khan,5,1,0
5995,17391,Ayesha Urs,32,2,0
5996,17393,Deepa Urs,38,2,0
5997,17396,Xavier Poojary,69,1,0
5998,17397,Sunita Jadhav,18,2,0
5999,17400,Anitha Achar,55,2,0
6000,17401,Kavya Reddy,24,2,0
6001,17405,Nagaveni Reddy,23,2,0
6002,17406,Pallavi Prabhu,23,2,0
6003,17407,Lakshmi Prabhu,18,2,0
6004,17410,Salman Achar,48,1,0
6005,17411,Deepa Reddy,43,2,0
6006,17418,Jayashree Hiremath,45,2,0
6007,17419,Basavaraj Setty,95,1,0
6008,17421,Nirmala Gowda,20,2,0
6009,17422,Umesh Achar,30,1,0
6010,17428,Pallavi Reddy,22,2,0
6011,17429,Ratna Shetty,19,2,0
6012,17431,Naveen Poojary,30,1,0
6013,17436,Nirmala Kamath,48,2,0
6014,17440,Sunita Pinto,81,2,0
6015,17446,Jayashree Reddy,52,2,0
6016,17452,Yashoda Rao,57,2,0
6017,17458,Deepa Kulkarni,29,2,0
6018,17461,Nandini Shetty,23,2,0
6019,17463,Nagaveni Patil,44,2,0
6020,17469,Dinesh Gowda,64,1,0
6021,17470,Fathima Urs,52,2,0
6022,17473,Pushpa Patil,42,2,0
6023,17479,Shobha D'Souza,41,2,0
6024,17481,Manjunath Rao,62,1,0
6025,17482,Yusuf Devaraj,50,1,0
6026,17497,Chandrashekar Iyer,22,1,0
6027,17498,Ravi Gowda,35,1,0
6028,17499,Zainab Bhat,21,2,0
6029,17501,Vani Reddy,30,2,0
6030,17503,Nirmala Bhat,42,2,0
6031,17504,Ratna Achar,38,2,0
6032,17505,Anitha Reddy,48,2,0
6033,17506,Prakash Devaraj,29,1,0
6034,17509,Abdul Shetty,45,1,0
6035,17510,Chandrashekar D'Souza,67,1,0
6036,17511,Xavier Naidu,25,1,0
6037,17520,Sunita Fernandes,11,2,0
6038,17523,Ibrahim Urs,17,1,0
6039,17525,Kiran Urs,26,1,0
6040,17528,Girish Rao,62,1,0
6041,17531,Salman Hiremath,54,1,0
6042,17535,Geetha Kulkarni,74,2,0
6043,17537,Girish Patil,22,1,0
6044,17539,Gopal Patil,18,1,0
6045,17544,Rajesh Naik,27,1,0
6046,17547,Imran Devaraj,38,1,0
6047,17560,Manjula Prabhu,25,2,0
6048,17561,Fathima Patil,69,2,0
6049,17564,Mary Sheikh,50,2,0
6050,17565,Lakshmi Achar,12,2,0
6051,17566,Pushpa Reddy,31,2,0
6052,17571,Pushpa Prabhu,54,2,0
6053,17572,Rekha Khan,21,2,0
6054,17576,Sunita Naik,21,2,0
6055,17580,Deepa Poojary,30,2,0
6056,17582,Anand Bhandari,5,1,0
6057,17583,Chandrashekar Bhat,52,1,0
6058,17587,Lakshmi Hiremath,61,2,0
6059,17588,Sandeep Achar,35,1,0
6060,17589,Xavier Hegde,38,1,0
6061,17591,Sheela D'Souza,38,2,0
6062,17594,Geetha Hiremath,28,2,0
6063,17595,Roopa Kulkarni,56,2,0
6064,17596,Kavya Fernandes,43,2,0
6065,17598,Umesh Setty,66,1,0
6066,17599,Kamala Khan,30,2,0
6067,17599,Sowmya Gowda,63,2,0
6068,17599,Prakash Kulkarni,52,1,0
6069,17604,Deepa Naik,66,2,0
6070,17607,Savitri Iyer,43,2,0
6071,17610,Lakshmi Reddy,36,2,0
6072,17612,Sheela Prabhu,65,2,0
6073,17617,Anitha Khan,38,2,0
6074,17618,Shwetha Khan,33,2,0
6075,17621,Nagaraj Hiremath,40,1,0
6076,17624,Anitha Bhat,47,2,0
6077,17627,Sowmya Kulkarni,20,2,0
6078,17628,Rekha Poojary,11,2,0
6079,17630,Srinivas Kumar,20,1,0
6080,17633,Savitri Hegde,14,2,0
6081,17635,Puttaswamy Bhat,29,1,0
6082,17638,Deepa Sheikh,78,2,0
6083,17639,Nandini Sheikh,61,2,0
6084,17640,Jayashree Bhat,57,2,0
6085,17641,Nirmala Naik,42,2,0
6086,17645,Deepa Poojary,35,2,0
6087,17650,Prakash Kumar,95,1,0
6088,17651,Ganesh Naik,46,1,0
6089,17655,Pradeep Reddy,25,1,0
6090,17658,Manjunath Naik,49,1,0
6091,17659,Bhagya Pinto,26,2,0
6092,17660,Manjula Naidu,37,2,0
6093,17661,Mary Patil,43,2,0
6094,17664,Santosh Gowda,25,1,0
6095,17667,Arjun Prabhu,32,1,0
6096,17671,Bhagya Naik,45,2,0
6097,17674,Ayesha Desai,33,2,0
6098,17676,Pushpa Shetty,91,2,0
6099,17678,Ratna Patil,18,2,0
6100,17681,Anitha D'Souza,17,2,0
6101,17687,Fathima Naik,19,2,0
6102,17692,Mary Kumar,7,2,0
6103,17693,Anitha Rao,30,2,0
6104,17695,Manoj Khan,22,1,0
6105,17698,Geetha Bhat,9,2,0
6106,17704,Deepa Khan,24,2,0
6107,17709,Pushpa Kulkarni,39,2,0
6108,17713,Sunita Kumar,54,2,0
6109,17714,Ratna Kumar,22,2,0
6110,17715,Shivakumar Reddy,46,1,0
6111,17716,Abdul D'Souza,36,1,0
6112,17718,Yashoda Rao,26,2,0
6113,17719,Channabasappa Patil,28,1,0
6114,17722,Kavya Reddy,32,2,0
6115,17726,Dinesh Kumar,42,1,0
6116,17728,Vani Shetty,67,2,0
6117,17731,Lokesh Hiremath,51,1,0
6118,17736,Roopa Patil,23,2,0
6119,17738,Anitha Bhandari,43,2,0
6120,17743,Ravi Nayak,45,1,0
6121,17744,Pradeep Fernandes,35,1,0
6122,17748,Anthony Urs,55,1,0
6123,17751,Channabasappa Khan,19,1,0
6124,17752,Vani Fernandes,34,2,0
6125,17753,Nirmala Pinto,48,2,0
6126,17757,Muniraju Kamath,38,1,0
6127,17759,Byrappa Setty,7,1,0
6128,17763,Anitha Prabhu,48,2,0
6129,17774,Manjula Sheikh,36,2,0
6130,17778,Nirmala Sheikh,32,2,0
6131,17780,Shobha Bhandari,53,2,0
6132,17786,Vani Bhandari,41,2,0
6133,17787,Shobha Rao,33,2,0
6134,17788,Ravi Pinto,25,1,0
6135,17790,Yashoda Jadhav,43,2,0
6136,17792,Ratna Setty,32,2,0
6137,17793,Srinivas Reddy,13,1,0
6138,17795,Savitri Sheikh,37,2,0
6139,17796,Deepak Gowda,23,1,0
6140,17797,Nirmala Naidu,30,2,0
6141,17798,Basavaraj Jadhav,23,1,0
6142,17802,Pushpa Sheikh,40,2,0
6143,17807,Ayesha Bhandari,24,2,0
6144,17815,Sowmya D'Souza,28,2,0
6145,17817,Rajesh Pinto,21,1,0
6146,17818,Naveen Devaraj,11,1,0
6147,17819,Yusuf Iyer,4,1,0
6148,17819,Jayashree Kamath,38,2,0
6149,17822,Shobha Nayak,21,2,0
6150,17829,Yashoda Rao,22,2,0
6151,17832,Manoj Urs,28,1,0
6152,17837,Muniraju Patil,66,1,0
6153,17845,Sunita Kumar,26,2,0
6154,17846,Shwetha Reddy,30,2,0
6155,17848,Anand Khan,36,1,0
6156,17849,Mary Iyer,29,2,0
6157,17850,Manjula Hegde,18,2,0
6158,17852,Shwetha Khan,35,2,0
6159,17858,Imran D'Souza,57,1,0
6160,17861,Ratna Devaraj,40,2,0
6161,17865,Shivakumar Jadhav,39,1,0
6162,17866,Ratna Patil,30,2,0
6163,17869,Muniraju Jadhav,8,1,0
6164,17875,Yashoda Reddy,16,2,0
6165,17876,Santosh Fernandes,32,1,0
6166,17879,Vani Sheikh,59,2,0
6167,17880,Zainab Reddy,51,2,0
6168,17880,Girish Patil,15,1,0
6169,17880,Ramesh Sheikh,61,1,0
6170,17883,Roopa Hiremath,34,2,0
6171,17885,Kavya Poojary,11,2,0
6172,17887,Salman Bhat,37,1,0
6173,17890,Pushpa Jadhav,66,2,0
6174,17892,Geetha Kamath,49,2,0
6175,17896,Pushpa Naidu,41,2,0
6176,17898,Sowmya Nayak,70,2,0
6177,17903,Pallavi Poojary,16,2,0
6178,17905,Imran Khan,42,1,0
6179,17906,Ganesh Jadhav,22,1,0
6180,17910,Chandrashekar Nayak,90,1,0
6181,17912,Nandini Devaraj,34,2,0
6182,17913,Krishna Hiremath,29,1,0
6183,17920,Sowmya Poojary,62,2,0
6184,17921,Kamala Desai,23,2,0
6185,17922,Pushpa Hegde,40,2,0
6186,17923,Sunita Naidu,26,2,0
6187,17928,Ratna Khan,14,2,0
6188,17932,Umesh Patil,15,1,0
6189,17933,Vinay Rao,31,1,0
6190,17934,Sheela Hegde,62,2,0
6191,17936,Muniraju Hegde,79,1,0
6192,17938,Kiran Kulkarni,58,1,0
6193,17942,Srinivas Kumar,50,1,0
6194,17943,Anitha Patil,31,2,0
6195,17949,Anthony Patil,38,1,0
6196,17952,Lakshmi Kulkarni,17,2,0
6197,17960,Prakash Rao,88,1,0
6198,17963,Xavier Iyer,21,1,0
6199,17964,Sheela Hegde,66,2,0
6200,17965,Zainab Rao,35,2,0
6201,17966,Manoj Rao,24,1,0
6202,17967,Kiran Bhat,39,1,0
6203,17967,Basavaraj Poojary,38,1,0
6204,17967,Naveen Gowda,45,1,0
6205,17970,Ibrahim Khan,28,1,0
6206,17976,Ratna Sheikh,30,2,0
6207,17984,Rekha Bhandari,72,2,0
6208,17985,Kavya Bhat,43,2,0
6209,17992,Yusuf Pinto,34,1,0
6210,17994,Kiran Kamath,77,1,0
6211,17998,Deepa Setty,16,2,0
6212,18000,Joseph Poojary,32,1,0
6213,18003,Yashoda Rao,54,2,0
6214,18004,Kamala Iyer,74,2,0
6215,18005,Bhagya Patil,53,2,0
6216,18006,Sheela Hiremath,30,2,0
6217,18007,Ratna Hegde,33,2,0
6218,18019,Salman Poojary,43,1,0
6219,18021,Xavier Hiremath,50,1,0
6220,18021,Rekha Poojary,46,2,0
6221,18021,Radha Nayak,49,2,0
6222,18022,Lokesh Shetty,41,1,0
6223,18036,Gopal Iyer,76,1,0
6224,18037,Rekha Prabhu,49,2,0
6225,18040,Dinesh Reddy,32,1,0
6226,18044,Jayashree Sheikh,51,2,0
6227,18046,Nirmala Achar,27,2,0
6228,18047,Fathima Bhandari,60,2,0
6229,18048,Ashok Shetty,75,1,0
6230,18049,Lakshmi Hegde,21,2,0
6231,18057,Radha Gowda,33,2,0
6232,18059,Jayashree Desai,9,2,0
6233,18063,Nagaraj Iyer,37,1,0
6234,18064,Channabasappa Hiremath,37,1,0
6235,18068,Lokesh Desai,20,1,0
6236,18073,Vani Kamath,24,2,0
6237,18075,Sowmya Bhandari,41,2,0
6238,18076,Rekha Naidu,35,2,0
6239,18077,Vinay Prabhu,33,1,0
6240,18081,Radha Jadhav,8,2,0
6241,18083,Savitri Reddy,61,2,0
6242,18084,Ramesh Devaraj,23,1,0
6243,18085,Ayesha Fernandes,12,2,0
6244,18088,Nirmala Naik,51,2,0
6245,18089,Ayesha Naik,51,2,0
6246,18090,Yashoda Jadhav,38,2,0
6247,18098,Deepa Shetty,43,2,0
6248,18102,Prakash Devaraj,38,1,0
6249,18105,Savitri Hiremath,57,2,0
6250,18108,Pushpa Pinto,58,2,0
6251,18111,Yashoda Rao,34,2,0
6252,18113,Ayesha D'Souza,44,2,0
6253,18114,Kavya Khan,20,2,0
6254,18116,Channabasappa Devaraj,58,1,0
6255,18117,Sowmya Patil,26,2,0
6256,18118,Manjula Reddy,95,2,0
6257,18119,Anitha Jadhav,28,2,0
6258,18122,Vijay Prabhu,40,1,0
6259,18125,Deepak Patil,16,1,0
6260,18126,Nagaveni Poojary,17,2,0
6261,18127,Ayesha Hegde,45,2,0
6262,18128,Nagaveni Fernandes,64,2,0
6263,18130,Pushpa Devaraj,19,2,0
6264,18135,Pushpa Gowda,61,2,0
6265,18139,Ratna Sheikh,25,2,0
6266,18148,Pushpa Fernandes,44,2,0
6267,18149,Anitha Iyer,39,2,0
6268,18154,Mary D'Souza,35,2,0
6269,18161,Sunita Prabhu,13,2,0
6270,18169,Ratna Achar,8,2,0
6271,18171,Jayashree Achar,28,2,0
6272,18174,Kamala Kumar,45,2,0
6273,18178,Kiran Kulkarni,29,1,0
6274,18179,Bhagya Rao,22,2,0
6275,18181,Ratna Desai,35,2,0
6276,18182,Kiran Fernandes,53,1,0
6277,18182,Arjun Rao,43,1,0
6278,18182,Gopal Setty,84,1,0
6279,18183,Rekha Naidu,21,2,0
6280,18183,Ibrahim Hegde,9,1,0
6281,18184,Ratna Fernandes,23,2,0
6282,18185,Dinesh Khan,42,1,0
6283,18187,Sowmya Sheikh,18,2,0
6284,18191,Muniraju Kumar,54,1,0
6285,18193,Mahesh Naik,34,1,0
6286,18196,Jayashree Jadhav,47,2,0
6287,18197,Sheela Sheikh,15,2,0
6288,18198,Shivakumar Poojary,35,1,0
6289,18201,Yashoda Desai,28,2,0
6290,18206,Rajesh Setty,35,1,0
6291,18207,Shobha Fernandes,56,2,0
6292,18214,Pallavi Sheikh,33,2,1
6293,18220,Bhagya Iyer,27,2,0
6294,18221,Geetha Shetty,36,2,0
6295,18222,Fathima Pinto,45,2,0
6296,18224,Lokesh Desai,51,1,0
6297,18231,Lakshmi Shetty,51,2,0
6298,18232,Puttaswamy Naik,35,1,0
6299,18233,Suresh Setty,23,1,0
6300,18235,Sheela Jadhav,33,2,0
6301,18241,Ramesh Bhat,54,1,0
6302,18242,Sowmya Setty,59,2,0
6303,18244,Prakash Hiremath,41,1,0
6304,18251,Karan Fernandes,79,1,0
6305,18252,Shobha Iyer,40,2,0
6306,18253,Geetha Desai,22,2,0
6307,18259,Basavaraj Kumar,24,1,0
6308,18260,Karan Patil,56,1,0
6309,18261,Shobha D'Souza,67,2,0
6310,18267,Shwetha Reddy,33,2,0
6311,18268,Channabasappa Reddy,29,1,0
6312,18270,Nagaraj Shetty,58,1,0
6313,18271,Shobha Sheikh,71,2,0
6314,18272,Ayesha Devaraj,55,2,0
6315,18273,Vinay Urs,74,1,0
6316,18275,Nandini Rao,51,2,0
6317,18276,Raghavendra Bhat,52,1,0
6318,18278,Rekha Shetty,38,2,0
6319,18280,John Bhandari,23,1,0
6320,18284,Rekha Kamath,39,2,0
6321,18285,Manjula Pinto,21,2,0
6322,18291,Lokesh Prabhu,29,1,0
6323,18291,Lakshmi Prabhu,24,2,0
6324,18291,Abdul Fernandes,38,1,0
6325,18294,Karan Setty,17,1,0
6326,18295,Savitri Patil,37,2,0
6327,18304,Nandini Sheikh,17,2,0
6328,18309,Ratna Setty,44,2,0
6329,18318,Nandini Kumar,74,2,0
6330,18319,Kavya Kumar,20,2,0
6331,18320,John Hegde,21,1,1
6332,18323,Lakshmi Setty,84,2,0
6333,18327,Nirmala Pinto,49,2,0
6334,18333,Deepa Prabhu,51,2,0
6335,18338,Nandini Shetty,42,2,0
6336,18342,Radha Hiremath,17,2,0
6337,18343,Mary Reddy,39,2,0
6338,18344,Shwetha Hegde,77,2,0
6339,18353,Ashok Bhandari,60,1,0
6340,18357,Anitha Kumar,23,2,0
6341,18358,Pushpa Devaraj,90,2,0
6342,18359,Nandini Desai,25,2,0
6343,18362,Jayashree D'Souza,47,2,0
6344,18363,Kavya Iyer,19,2,0
6345,18364,Pradeep Urs,43,1,0
6346,18365,Anitha Kulkarni,17,2,0
6347,18372,Ratna Patil,27,2,0
6348,18374,Sandeep D'Souza,64,1,0
6349,18375,Kavya Khan,46,2,0
6350,18381,Joseph Kumar,69,1,0
6351,18383,Ratna Achar,44,2,0
6352,18391,Channabasappa Bhandari,41,1,0
6353,18393,Nirmala Patil,72,2,0
6354,18396,Radha Bhat,30,2,0
6355,18400,Ravi Bhandari,20,1,0
6356,18401,Mary Kulkarni,30,2,0
6357,18403,Ganesh Bhandari,68,1,0
6358,18404,Shobha Hiremath,51,2,0
6359,18408,Vani Kumar,45,2,0
6360,18415,Sunita Poojary,39,2,1
6361,18420,Pallavi Fernandes,36,2,0
6362,18421,Nagaveni Shetty,67,2,0
6363,18422,Byrappa Naidu,43,1,0
6364,18426,Byrappa Reddy,28,1,0
6365,18428,Krishna Naik,58,1,0
6366,18436,Puttaswamy Devaraj,68,1,0
6367,18437,Sowmya Iyer,29,2,0
6368,18442,Lakshmi Setty,15,2,0
6369,18445,Naveen Naidu,42,1,0
6370,18450,Zainab Naik,77,2,0
6371,18450,Vani Reddy,44,2,0
6372,18452,Halappa Hegde,12,1,0
6373,18454,Mary Prabhu,66,2,0
6374,18461,Roopa D'Souza,41,2,0
6375,18463,Roopa Poojary,42,2,0
6376,18469,Nandini Achar,14,2,0
6377,18474,Nirmala Nayak,26,2,0
6378,18478,Harish Reddy,34,1,0
6379,18479,Ayesha Iyer,15,2,0
6380,18482,Vani Reddy,14,2,0
6381,18485,Raghavendra Bhat,8,1,0
6382,18490,Ganesh Jadhav,83,1,0
6383,18492,Anitha Desai,7,2,0
6384,18493,Manoj Kumar,27,1,1
6385,18496,Pallavi D'Souza,45,2,0
6386,18501,Ayesha Poojary,28,2,0
6387,18503,Santosh Desai,8,1,0
6388,18505,Byrappa Nayak,18,1,0
6389,18506,Sunita Kulkarni,14,2,0
6390,18512,Ibrahim Kumar,36,1,0
6391,18514,Dinesh Hiremath,95,1,0
6392,18515,Kamala D'Souza,25,2,0
6393,18518,Lakshmi Urs,55,2,0
6394,18519,Yashoda Kumar,41,2,0
6395,18524,Manjunath D'Souza,50,1,0
6396,18525,Nagaraj Achar,38,1,0
6397,18527,Shivakumar Bhat,32,1,0
6398,18531,Kamala Hiremath,67,2,0
6399,18532,Rajesh Iyer,15,1,0
6400,18535,Mary Reddy,46,2,0
6401,18536,Ganesh Nayak,11,1,0
6402,18543,Rajesh Khan,18,1,0
6403,18545,Jayashree Devaraj,45,2,0
6404,18549,Ratna Urs,48,2,0
6405,18553,Bhagya Setty,53,2,0
6406,18554,Krishna D'Souza,79,1,0
6407,18555,Kiran Reddy,37,1,0
6408,18556,Nagaveni Reddy,11,2,0
6409,18559,Pushpa Pinto,30,2,0
6410,18563,Kamala Poojary,71,2,0
6411,18572,Shobha Kulkarni,15,2,0
6412,18574,Manjula Hiremath,32,2,0
6413,18580,Ratna Achar,44,2,0
6414,18581,Sheela Kumar,18,2,0
6415,18582,Ravi Kamath,49,1,0
6416,18585,Deepa Jadhav,58,2,0
6417,18586,Yusuf Prabhu,48,1,0
6418,18587,Mary Bhandari,92,2,0
6419,18589,Pushpa Bhandari,55,2,0
6420,18590,Sandeep Hegde,25,1,0
6421,18593,Shobha D'Souza,26,2,0
6422,18597,Prakash Bhat,15,1,0
6423,18599,Rajesh Nayak,59,1,0
6424,18600,Ramesh Hegde,42,1,0
6425,18610,Ayesha Jadhav,38,2,0
6426,18612,Roopa Reddy,51,2,0
6427,18614,Sowmya Urs,95,2,0
6428,18616,Ayesha Desai,78,2,0
6429,18618,Fathima Kulkarni,21,2,0
6430,18620,Shwetha Prabhu,59,2,0
6431,18621,Nagaraj Pinto,48,1,0
6432,18624,Muniraju Reddy,56,1,0
6433,18629,Basavaraj Gowda,19,1,0
6434,18630,Fathima Setty,71,2,0
6435,18634,Lakshmi Nayak,9,2,0
6436,18635,Vijay Fernandes,23,1,0
6437,18637,Byrappa Patil,56,1,0
6438,18643,Pushpa Prabhu,60,2,0
6439,18646,Nandini Hiremath,24,2,0
6440,18647,Jayashree Prabhu,8,2,0
6441,18648,Sheela Bhandari,32,2,0
6442,18654,Fathima Sheikh,49,2,0
6443,18656,Fathima Khan,25,2,0
6444,18657,Kavya Shetty,25,2,0
6445,18659,Mary Jadhav,56,2,0
6446,18665,Nandini Kamath,28,2,0
6447,18669,Anitha Rao,45,2,0
6448,18670,Anthony Poojary,43,1,0
6449,18672,Deepak Achar,13,1,0
6450,18675,Ratna Devaraj,37,2,0
6451,18677,Dinesh Rao,36,1,0
6452,18679,Vani Naidu,27,2,0
6453,18680,Nirmala Naik,20,2,0
6454,18682,Deepa Hiremath,34,2,0
6455,18689,Fathima Kumar,46,2,0
6456,18702,Ibrahim Reddy,68,1,0
6457,18703,Rekha Nayak,58,2,0
6458,18704,Roopa Jadhav,20,2,0
6459,18707,Nirmala Setty,30,2,0
6460,18708,Sowmya Reddy,53,2,0
6461,18709,Sowmya Desai,38,2,0
6462,18711,Roopa Iyer,69,2,0
6463,18714,Xavier Iyer,21,1,0
6464,18721,Anand Prabhu,44,1,0
6465,18723,Ganesh Naik,22,1,0
6466,18726,Ratna Desai,24,2,0
6467,18732,Vani Jadhav,35,2,0
6468,18738,Deepak Shetty,38,1,0
6469,18750,Jayashree Jadhav,35,2,0
6470,18752,Karan Iyer,54,1,0
6471,18755,Pallavi Devaraj,38,2,0
6472,18759,Geetha Kumar,40,2,1
6473,18760,Nandini Nayak,36,2,0
6474,18764,Manjunath Naik,43,1,0
6475,18766,Radha Rao,25,2,0
6476,18768,Nagaveni Bhat,42,2,0
6477,18769,Kavya Khan,76,2,0
6478,18771,Zainab Achar,17,2,0
6479,18777,Vani Patil,25,2,0
6480,18781,Xavier Reddy,55,1,0
6481,18790,Pushpa Shetty,30,2,0
6482,18792,Geetha Naidu,50,2,0
6483,18795,Nirmala Hiremath,20,2,0
6484,18802,Vani Desai,17,2,0
6485,18807,Lakshmi Kamath,18,2,0
6486,18811,Rekha Poojary,13,2,0
6487,18813,Sheela Bhandari,55,2,0
6488,18814,Kiran Pinto,32,1,0
6489,18816,Roopa Patil,21,2,0
6490,18817,Savitri Kumar,25,2,0
6491,18820,Karan Iyer,22,1,0
6492,18822,Zainab Hiremath,38,2,0
6493,18825,Puttaswamy Urs,9,1,0
6494,18830,Mary Khan,63,2,0
6495,18831,Nagaveni Fernandes,40,2,0
6496,18831,Ramesh Rao,65,1,0
6497,18831,Shobha Devaraj,23,2,0
6498,18834,Harish Bhandari,11,1,0
6499,18835,Geetha D'Souza,27,2,0
6500,18837,Ganesh Pinto,43,1,0
6501,18839,Shivakumar Achar,95,1,0
6502,18842,Vani Shetty,49,2,0
6503,18851,Shobha Hegde,57,2,0
6504,18854,Sunita Jadhav,39,2,0
6505,18856,Mary Pinto,29,2,0
6506,18859,Abdul Achar,51,1,0
6507,18864,Kamala Shetty,14,2,0
6508,18865,Roopa Hegde,44,2,0
6509,18866,Nandini D'Souza,44,2,0
6510,18870,Shobha Setty,8,2,0
6511,18871,Deepa Fernandes,67,2,0
6512,18872,Kavya Patil,62,2,0
6513,18876,Jayashree Jadhav,27,2,0
6514,18884,Manjula Hegde,38,2,0
6515,18886,Shobha Pinto,29,2,0
6516,18891,Zainab Hiremath,64,2,0
6517,18893,Umesh Rao,21,1,0
6518,18905,Ratna Bhandari,43,2,0
6519,18907,Anitha Gowda,21,2,0
6520,18910,Naveen Naidu,7,1,0
6521,18910,Vani Devaraj,52,2,0
6522,18910,Karan Gowda,30,1,0
6523,18913,Sowmya Devaraj,34,2,0
6524,18915,Sowmya Devaraj,65,2,0
6525,18918,Manjunath Fernandes,15,1,0
6526,18921,Rajesh Patil,8,1,0
6527,18924,Jayashree Pinto,33,2,0
6528,18928,Zainab Khan,26,2,0
6529,18929,Ayesha Naidu,21,2,0
6530,18930,Nagaveni Reddy,31,2,0
6531,18931,Naveen Hiremath,35,1,0
6532,18935,Sheela Achar,36,2,0
6533,18936,Vijay Kamath,59,1,0
6534,18938,Vinay Achar,50,1,0
6535,18938,Deepa Naik,56,2,0
6536,18938,Shobha Shetty,41,2,0
6537,18942,Ravi Shetty,70,1,0
6538,18944,Lakshmi Poojary,57,2,0
6539,18945,Jayashree Iyer,51,2,0
6540,18949,Puttaswamy Prabhu,79,1,0
6541,18950,Shobha Kumar,57,2,0
6542,18953,Roopa Pinto,49,2,0
6543,18954,Sunita Sheikh,37,2,0
6544,18955,Kamala Gowda,65,2,0
6545,18960,Deepa Poojary,26,2,0
6546,18961,Shwetha Iyer,44,2,0
6547,18962,Jayashree Setty,53,2,0
6548,18964,Nirmala Fernandes,20,2,0
6549,18967,Manjula Naidu,28,2,0
6550,18969,Vijay D'Souza,56,1,0
6551,18969,Ayesha Reddy,32,2,1
6552,18969,Ayesha Nayak,13,2,0
6553,18971,Sowmya Naidu,14,2,0
6554,18972,Shwetha Kulkarni,70,2,0
6555,18975,Umesh Khan,22,1,0
6556,18977,Sheela Hegde,34,2,0
6557,18978,Shobha Hegde,28,2,0
6558,18979,Radha Achar,44,2,0
6559,18981,Yashoda Prabhu,47,2,0
6560,18985,Lakshmi Kulkarni,41,2,0
6561,18989,Yusuf Prabhu,22,1,0
6562,18993,Anthony Khan,70,1,0
6563,18994,Kamala Gowda,51,2,0
6564,18997,Joseph Shetty,42,1,0
6565,18999,Halappa Urs,23,1,0
6566,19001,Basavaraj Jadhav,66,1,0
6567,19005,Ashok Gowda,34,1,0
6568,19006,Suresh Jadhav,23,1,0
6569,19009,Kavya Rao,47,2,0
6570,19013,Sheela Jadhav,42,2,0
6571,19015,Savitri D'Souza,36,2,0
6572,19016,Vijay Gowda,22,1,0
6573,19017,Yogesh Devaraj,67,1,0
6574,19022,Pallavi Kulkarni,65,2,0
6575,19025,Ayesha Nayak,27,2,0
6576,19027,Nirmala Hegde,6,2,0
6577,19027,Sunita Nayak,35,2,0
6578,19027,Channabasappa Jadhav,29,1,0
6579,19030,Ramesh Kamath,30,1,0
6580,19031,Shwetha D'Souza,50,2,0
6581,19032,Geetha Naik,28,2,0
6582,19035,Savitri Kamath,35,2,0
6583,19036,Mary Fernandes,39,2,0
6584,19037,Nagaveni Kulkarni,30,2,0
6585,19043,Shivakumar Pinto,33,1,0
6586,19046,Yogesh Fernandes,33,1,0
6587,19051,Shivakumar Bhat,24,1,0
6588,19053,Sowmya Kumar,46,2,0
6589,19066,Kavya Jadhav,36,2,0
6590,19069,Halappa Pinto,25,1,0
6591,19070,Sheela Pinto,37,2,0
6592,19076,Vijay Naidu,67,1,0
6593,19078,Rekha Gowda,34,2,0
6594,19079,Ibrahim Reddy,52,1,0
6595,19083,Deepa Nayak,13,2,0
6596,19085,Sandeep Jadhav,41,1,0
6597,19087,Ravi Desai,33,1,0
6598,19088,Lokesh Iyer,49,1,1
6599,19091,Lakshmi Prabhu,20,2,0
6600,19096,Kavya Khan,52,2,0
6601,19098,Nagaveni Rao,68,2,0
6602,19099,Halappa Urs,56,1,0
6603,19102,Geetha Kamath,54,2,0
6604,19107,Nagaveni Setty,47,2,0
6605,19108,Mary Kamath,25,2,0
6606,19109,Imran Achar,39,1,0
6607,19111,Zainab Fernandes,58,2,0
6608,19116,Naveen Patil,58,1,0
6609,19117,Fathima Kumar,20,2,0
6610,19118,Ayesha Urs,51,2,0
6611,19124,Imran Kumar,28,1,0
6612,19130,Kamala Naik,43,2,0
6613,19132,Nirmala Nayak,46,2,0
6614,19136,Rekha Rao,4,2,0
6615,19137,Shwetha Reddy,43,2,0
6616,19140,Zainab D'Souza,18,2,0
6617,19146,Sheela Jadhav,50,2,0
6618,19148,Kamala Nayak,31,2,0
6619,19149,Girish Bhandari,19,1,0
6620,19150,Sheela Desai,26,2,0
6621,19152,Deepa Fernandes,30,2,0
6622,19154,Nagaraj Shetty,33,1,0
6623,19156,Ashok Sheikh,40,1,0
6624,19162,Rekha Reddy,26,2,0
6625,19163,Nagaveni Kamath,42,2,0
6626,19164,Geetha Hegde,44,2,0
6627,19169,Vijay Kulkarni,20,1,0
6628,19172,Ibrahim Rao,37,1,0
6629,19173,Jayashree Khan,28,2,1
6630,19174,Nagaveni Kamath,95,2,0
6631,19177,Xavier Rao,58,1,0
6632,19179,Pushpa Hegde,18,2,0
6633,19181,Shobha Devaraj,19,2,0
6634,19189,Zainab Kamath,47,2,0
6635,19191,Abdul Gowda,20,1,0
6636,19193,Kavya Prabhu,21,2,0
6637,19194,Xavier Achar,25,1,0
6638,19195,Shobha Iyer,28,2,0
6639,19196,Yashoda Fernandes,42,2,0
6640,19203,Mary Patil,9,2,0
6641,19208,Xavier Desai,14,1,0
6642,19215,Shwetha Devaraj,40,2,0
6643,19219,Zainab Naik,15,2,0
6644,19222,Rekha Desai,42,2,0
6645,19223,Roopa Fernandes,51,2,0
6646,19225,Sheela Naidu,47,2,0
6647,19228,Umesh Naik,9,1,0
6648,19229,Nirmala Shetty,64,2,0
6649,19231,Geetha Devaraj,36,2,0
6650,19236,Pushpa Rao,28,2,0
6651,19241,Bhagya Naik,58,2,0
6652,19242,Anthony Khan,41,1,0
6653,19247,Naveen Devaraj,57,1,0
6654,19250,Salman D'Souza,29,1,1
6655,19255,Rekha Shetty,20,2,0
6656,19258,Kamala Sheikh,37,2,0
6657,19264,Girish D'Souza,94,1,0
6658,19265,Krishna Achar,35,1,0
6659,19267,Suresh D'Souza,31,1,0
6660,19268,Nagaveni Iyer,28,2,0
6661,19270,Manjula Urs,52,2,0
6662,19273,Bhagya Patil,56,2,0
6663,19274,Krishna Hegde,53,1,0
6664,19275,John Naik,42,1,0
6665,19277,Sunita Nayak,18,2,0
6666,19279,Vijay Achar,95,1,0
6667,19282,Anthony Hegde,30,1,0
6668,19283,Jayashree Desai,45,2,0
6669,19285,Byrappa Pinto,28,1,0
6670,19287,Manjula Hiremath,22,2,0
6671,19290,Srinivas Bhat,42,1,0
6672,19291,Pushpa Kumar,51,2,0
6673,19304,Sheela Reddy,32,2,0
6674,19306,Yashoda Setty,31,2,0
6675,19312,Vani Bhat,22,2,0
6676,19313,Sowmya Sheikh,10,2,0
6677,19314,Shivakumar Kamath,21,1,0
6678,19316,Lakshmi Kulkarni,38,2,0
6679,19318,Ayesha Gowda,18,2,0
6680,19319,Vinay Prabhu,25,1,0
6681,19321,Girish Reddy,27,1,0
6682,19323,Deepa Nayak,23,2,0
6683,19324,Channabasappa Devaraj,32,1,0
6684,19327,Shwetha Khan,48,2,0
6685,19331,Halappa Gowda,22,1,0
6686,19332,Roopa Kulkarni,57,2,0
6687,19333,Sandeep Desai,39,1,0
6688,19334,Joseph Naik,34,1,0
6689,19340,Rekha Kamath,34,2,0
6690,19342,Savitri Bhat,72,2,0
6691,19350,Puttaswamy Achar,29,1,0
6692,19352,Nagaveni Kulkarni,19,2,0
6693,19353,Sunita Devaraj,17,2,0
6694,19358,Shwetha Shetty,22,2,0
6695,19367,Fathima Reddy,48,2,0
6696,19370,Pallavi Urs,68,2,0
6697,19371,Pallavi Pinto,66,2,0
6698,19377,Santosh Rao,86,1,0
6699,19386,Bhagya Setty,41,2,0
6700,19387,Manoj Nayak,20,1,0
6701,19389,Kamala Hegde,35,2,0
6702,19390,Sowmya Hegde,28,2,0
6703,19391,Nandini Kumar,16,2,0
6704,19393,Sandeep Gowda,58,1,0
6705,19396,Vani Pinto,29,2,0
6706,19397,John Sheikh,26,1,0
6707,19399,Kavya Pinto,33,2,0
6708,19410,Sheela Fernandes,40,2,0
6709,19414,Shobha Kumar,34,2,0
6710,19415,Ratna Hegde,47,2,0
6711,19417,Byrappa Kumar,40,1,0
6712,19420,Abdul Devaraj,36,1,0
6713,19424,Naveen D'Souza,59,1,0
6714,19427,Nandini Reddy,31,2,0
6715,19428,Shwetha Khan,20,2,0
6716,19430,Nagaveni Prabhu,59,2,0
6717,19433,Radha Gowda,17,2,0
6718,19438,Ayesha Iyer,54,2,0
6719,19442,Mahesh Reddy,36,1,0
6720,19447,Manjula Kumar,42,2,0
6721,19456,Deepa Kamath,47,2,0
6722,19457,Mary Kamath,24,2,0
6723,19461,Vani Khan,89,2,0
6724,19462,Geetha Bhandari,44,2,0
6725,19463,Rekha Reddy,40,2,0
6726,19470,Naveen Reddy,52,1,0
6727,19474,Rajesh Bhandari,35,1,0
6728,19478,Gopal Patil,7,1,0
6729,19480,Deepa Hegde,43,2,0
6730,19483,Shwetha Reddy,13,2,0
6731,19484,Ravi Rao,20,1,0
6732,19486,Nandini Poojary,22,2,0
6733,19488,Jayashree Desai,61,2,0
6734,19493,Sheela Devaraj,22,2,0
6735,19497,Sunita Reddy,14,2,0
6736,19501,Nagaveni Patil,94,2,0
6737,19505,Rekha Patil,34,2,0
6738,19508,Lakshmi Gowda,27,2,0
6739,19509,Shobha Nayak,22,2,0
6740,19521,Zainab Shetty,87,2,0
6741,19523,Roopa Pinto,19,2,0
6742,19525,Yashoda Shetty,24,2,0
6743,19527,Manjunath Fernandes,33,1,0
6744,19529,Savitri Patil,48,2,0
6745,19535,Radha Desai,21,2,0
6746,19535,Shwetha Jadhav,44,2,0
6747,19535,Shwetha Bhat,77,2,0
6748,19536,Savitri Rao,40,2,0
6749,19539,Zainab Achar,16,2,0
6750,19540,Byrappa Prabhu,27,1,0
6751,19542,Vinay Fernandes,34,1,0
6752,19543,Salman Reddy,61,1,0
6753,19547,Shobha Shetty,17,2,0
6754,19549,Yashoda Patil,29,2,0
6755,19550,Vani Prabhu,29,2,0
6756,19557,Roopa Rao,50,2,0
6757,19559,Anthony Jadhav,24,1,0
6758,19563,Mahesh Shetty,37,1,0
6759,19568,Lokesh Achar,18,1,0
6760,19570,Geetha Iyer,29,2,0
6761,19576,Vani Desai,17,2,0
6762,19579,Mary Nayak,13,2,0
6763,19584,Manjula Jadhav,38,2,0
6764,19585,Yashoda Patil,30,2,0
6765,19586,Shobha Shetty,60,2,0
6766,19591,John Shetty,49,1,0
6767,19597,Ayesha Achar,78,2,0
6768,19597,Nagaraj Poojary,81,1,0
6769,19597,Pradeep Reddy,24,1,0
6770,19600,Ramesh Nayak,63,1,0
6771,19604,Vani Jadhav,61,2,0
6772,19607,Lakshmi Patil,22,2,0
6773,19608,Deepa Khan,39,2,0
6774,19609,Dinesh Poojary,53,1,0
6775,19611,Mary Desai,25,2,0
6776,19612,Nandini Jadhav,65,2,0
6777,19613,Vinay Prabhu,44,1,0
6778,19617,Xavier Sheikh,43,1,0
6779,19619,Muniraju Rao,40,1,0
6780,19621,Geetha Gowda,32,2,0
6781,19622,Gopal Hiremath,38,1,0
6782,19626,Kavya Shetty,46,2,0
6783,19627,Geetha Patil,20,2,0
6784,19632,Arjun Jadhav,47,1,0
6785,19636,Sheela Gowda,33,2,0
6786,19645,Fathima Nayak,47,2,0
6787,19647,Kavya Rao,34,2,0
6788,19648,Deepa Shetty,21,2,0
6789,19651,Vani Shetty,22,2,0
6790,19652,Anitha Nayak,72,2,0
6791,19653,Shwetha Iyer,27,2,0
6792,19656,Shobha Iyer,44,2,0
6793,19659,Radha Desai,20,2,0
6794,19661,Ayesha Gowda,33,2,0
6795,19663,Xavier Patil,19,1,0
6796,19663,Sunita Kumar,82,2,0
6797,19666,Shivakumar Shetty,92,1,0
6798,19669,Ratna Reddy,42,2,0
6799,19673,Anitha Hiremath,48,2,0
6800,19677,Bhagya Setty,44,2,1
6801,19683,Joseph Rao,49,1,0
6802,19684,Deepa Patil,50,2,0
6803,19686,Harish Urs,95,1,0
6804,19687,Nagaraj Khan,52,1,0
6805,19688,Yusuf Reddy,39,1,0
6806,19690,Shwetha Desai,65,2,0
6807,19691,Ravi Nayak,28,1,0
6808,19694,Savitri Urs,45,2,0
6809,19695,Geetha Bhat,95,2,0
6810,19705,Kavya Prabhu,64,2,0
6811,19710,Bhagya Naik,44,2,0
6812,19713,Lokesh Reddy,31,1,0
6813,19716,Karan Naik,54,1,0
6814,19719,Deepak Devaraj,6,1,0
6815,19720,Srinivas Bhandari,27,1,0
6816,19723,Vani Prabhu,31,2,0
6817,19727,Savitri Hiremath,14,2,0
6818,19729,Rekha Patil,15,2,0
6819,19732,Abdul Iyer,36,1,0
6820,19733,Radha Gowda,95,2,0
6821,19734,Savitri Setty,63,2,0
6822,19735,Lakshmi Prabhu,21,2,0
6823,19737,Anthony Hiremath,58,1,0
6824,19742,Lakshmi Sheikh,37,2,0
6825,19744,Zainab Kamath,17,2,0
6826,19746,Ratna Urs,42,2,0
6827,19750,Shobha Prabhu,29,2,0
6828,19754,Sheela Reddy,48,2,0
6829,19755,Jayashree Achar,21,2,0
6830,19760,Manjula Reddy,43,2,0
6831,19764,Krishna Urs,69,1,0
6832,19766,Anitha Patil,19,2,0
6833,19767,Savitri Patil,18,2,0
6834,19768,Santosh Hegde,23,1,0
6835,19769,Anthony Prabhu,27,1,0
6836,19773,Ibrahim Patil,24,1,0
6837,19774,Ayesha D'Souza,23,2,0
6838,19785,Kavya Patil,32,2,0
6839,19786,Shwetha Patil,53,2,0
6840,19787,Abdul D'Souza,40,1,0
6841,19789,Anand Nayak,32,1,0
6842,19794,Shwetha Setty,71,2,0
6843,19798,Manjula Jadhav,28,2,0
6844,19801,Mary Reddy,20,2,0
6845,19803,Girish Desai,35,1,0
6846,19804,Jayashree Gowda,54,2,0
6847,19806,Vani Khan,37,2,0
6848,19807,Umesh Iyer,83,1,0
6849,19808,Rekha D'Souza,16,2,0
6850,19810,Deepa Setty,20,2,0
6851,19811,Bhagya Shetty,42,2,0
6852,19813,Ibrahim Jadhav,85,1,0
6853,19814,Karan Setty,74,1,0
6854,19814,Sunita Iyer,50,2,0
6855,19814,Mary Achar,29,2,0
6856,19815,Pallavi Sheikh,33,2,0
6857,19824,Manoj Devaraj,73,1,0
6858,19825,Shivakumar Khan,68,1,0
6859,19828,Shwetha Rao,61,2,0
6860,19830,Mary Desai,37,2,0
6861,19831,Shobha Hegde,29,2,0
6862,19834,Lakshmi Jadhav,80,2,0
6863,19838,Shobha Kulkarni,39,2,0
6864,19839,Mary Fernandes,38,2,0
6865,19840,Puttaswamy Kulkarni,40,1,0
6866,19842,Nagaveni Kulkarni,15,2,0
6867,19843,Jayashree Naik,36,2,0
6868,19848,Nandini Reddy,38,2,0
6869,19849,Roopa Gowda,27,2,0
6870,19850,Roopa Naik,51,2,0
6871,19852,Bhagya Hegde,92,2,0
6872,19857,Nagaveni Kulkarni,56,2,0
6873,19867,Kamala Gowda,66,2,0
6874,19875,Kamala Hegde,16,2,0
6875,19876,Anitha Rao,49,2,0
6876,19880,Anand Shetty,66,1,0
6877,19883,Muniraju Gowda,27,1,0
6878,19888,Mary Kulkarni,21,2,0
6879,19891,Nagaveni Achar,37,2,0
6880,19892,Lakshmi Shetty,39,2,0
6881,19894,Savitri Patil,20,2,0
6882,19895,Channabasappa Naik,48,1,0
6883,19896,Arjun Reddy,18,1,0
6884,19899,Vinay Reddy,40,1,0
6885,19900,Sheela Reddy,70,2,0
6886,19900,Vani Kumar,46,2,0
6887,19901,Ratna Rao,33,2,0
6888,19902,Ravi Kumar,32,1,0
6889,19903,Umesh Urs,38,1,0
6890,19904,Sowmya Desai,18,2,0
6891,19909,Vijay Reddy,95,1,0
6892,19915,Kavya Kamath,26,2,0
6893,19918,Anitha Poojary,33,2,0
6894,19921,Byrappa Pinto,34,1,0
6895,19922,Krishna Desai,52,1,0
6896,19926,Harish Bhat,34,1,0
6897,19927,Shobha Fernandes,57,2,0
6898,19929,Byrappa Poojary,35,1,0
6899,19931,Deepa Khan,37,2,0
6900,19933,Fathima Hegde,11,2,0
6901,19935,Yashoda Shetty,16,2,0
6902,19936,Anand Hegde,58,1,0
6903,19937,Rajesh Jadhav,79,1,0
6904,19940,Raghavendra Khan,46,1,0
6905,19944,Anitha Setty,10,2,0
6906,19946,Joseph Shetty,22,1,0
6907,19950,Rekha Iyer,29,2,0
6908,19954,Sunita Jadhav,68,2,0
6909,19955,Roopa Khan,11,2,0
6910,19959,Xavier Bhat,14,1,0
6911,19961,Ayesha Prabhu,40,2,0
6912,19963,Ratna Hiremath,14,2,0
6913,19967,Shobha Khan,39,2,0
6914,19968,Fathima Achar,14,2,0
6915,19974,Shobha Prabhu,20,2,0
6916,19976,Zainab Shetty,17,2,0
6917,19977,Mary Prabhu,59,2,0
6918,19977,Radha Sheikh,42,2,0
6919,19977,Zainab Nayak,55,2,0
6920,19978,Savitri Iyer,27,2,0
6921,19979,Fathima Bhandari,30,2,0
6922,19981,Yusuf Prabhu,47,1,0
6923,19982,Srinivas D'Souza,40,1,0
6924,19983,Ramesh Prabhu,56,1,0
6925,19983,Xavier Gowda,50,1,0
6926,19987,Deepa Gowda,95,2,0
6927,19990,Karan Urs,31,1,0
6928,19992,Pallavi Hegde,29,2,0
6929,19993,Manjula Setty,45,2,0
6930,19994,Sandeep Kulkarni,57,1,0
6931,19998,Ayesha Kumar,29,2,0
6932,20001,Anitha Iyer,54,2,0
6933,20003,Nandini Nayak,33,2,0
6934,20005,Joseph Desai,38,1,0
6935,20007,Vani D'Souza,42,2,0
6936,20010,Ratna Jadhav,46,2,0
6937,20015,Naveen Gowda,49,1,0
6938,20020,Naveen Pinto,54,1,0
6939,20023,Dinesh Kulkarni,45,1,0
6940,20028,Muniraju Reddy,19,1,0
6941,20033,Kavya Khan,16,2,0
6942,20036,Nagaveni Kulkarni,28,2,0
6943,20040,Lakshmi Bhandari,49,2,0
6944,20048,Harish Kamath,34,1,0
6945,20051,Sowmya Poojary,57,2,0
6946,20057,Mary Sheikh,43,2,0
6947,20060,Pallavi Kamath,36,2,0
6948,20063,Mahesh Shetty,12,1,0
6949,20068,Manjula D'Souza,51,2,0
6950,20070,Fathima D'Souza,20,3,0
6951,20071,Nagaveni Bhat,52,2,1
6952,20073,Vijay Desai,37,1,0
6953,20075,Ibrahim Kumar,49,1,0
6954,20078,Yashoda Setty,34,2,0
6955,20079,Mary D'Souza,23,2,0
6956,20086,Kavya Achar,36,2,1
6957,20088,Channabasappa Achar,30,1,0
6958,20099,Yashoda Nayak,54,2,0
6959,20101,Anitha Desai,47,2,0
6960,20104,John Kulkarni,26,1,0
6961,20106,Shobha Patil,57,2,0
6962,20108,Naveen Naik,95,1,0
6963,20110,Byrappa Achar,73,1,0
6964,20111,Muniraju Bhandari,43,1,0
6965,20111,Lokesh Hiremath,26,1,0
6966,20113,Vani Fernandes,48,2,0
6967,20115,Anitha Iyer,17,2,0
6968,20116,Anitha Iyer,17,2,0
6969,20118,Nirmala Hiremath,25,2,0
6970,20120,Nagaraj Kulkarni,50,1,0
6971,20125,Muniraju Prabhu,47,1,0
6972,20128,Zainab Urs,55,2,0
6973,20131,Kavya Desai,7,2,0
6974,20133,Harish Reddy,40,1,0
6975,20135,Pallavi Urs,83,2,0
6976,20138,Savitri Gowda,50,2,0
6977,20139,Byrappa Kamath,23,1,0
6978,20141,Deepa Poojary,45,2,0
6979,20142,Abdul Patil,16,1,0
6980,20143,Santosh Reddy,95,1,0
6981,20145,Deepa D'Souza,28,2,0
6982,20151,Pushpa Nayak,21,2,0
6983,20158,Suresh Kumar,36,1,0
6984,20162,Mahesh Naik,23,1,0
6985,20164,Yashoda Shetty,76,2,0
6986,20166,Nirmala Rao,76,2,0
6987,20170,Muniraju Naidu,24,1,0
6988,20172,Sheela Reddy,30,2,0
6989,20173,Deepa Kulkarni,51,2,0
6990,20174,Nandini Reddy,41,2,0
6991,20180,Imran Sheikh,46,1,0
6992,20189,Naveen Jadhav,29,1,0
6993,20190,Sowmya Poojary,52,2,0
6994,20192,Ashok Achar,95,1,0
6995,20194,Kavya Urs,38,2,0
6996,20196,Jayashree Kamath,25,2,0
6997,20197,Pallavi Desai,18,2,0
6998,20197,Jayashree Naidu,11,2,0
6999,20200,Nagaraj Iyer,46,1,0
7000,20204,Shivakumar Desai,30,1,0
7001,20217,Lakshmi Khan,47,2,0
7002,20220,Nandini Naidu,19,2,0
7003,20224,Ratna Iyer,70,2,0
7004,20227,Byrappa Pinto,36,1,0
7005,20230,Harish Kumar,75,1,0
7006,20231,Suresh Kulkarni,13,1,0
7007,20232,Muniraju Naidu,26,1,0
7008,20233,Joseph D'Souza,22,1,0
7009,20236,Savitri Bhat,25,2,0
7010,20238,Kavya Naik,43,2,0
7011,20240,Kamala Kumar,27,2,0
7012,20241,Anthony Gowda,46,1,0
7013,20243,Sowmya Naik,38,2,0
7014,20244,Manoj Bhandari,32,1,0
7015,20245,Rajesh Hegde,28,1,0
7016,20250,Muniraju Hegde,65,1,0
7017,20252,Ganesh Bhandari,25,1,0
7018,20256,Zainab Bhat,36,2,0
7019,20257,Xavier Iyer,42,1,0
7020,20259,Rekha Naik,49,2,0
7021,20262,Geetha Naidu,56,2,0
7022,20264,Yogesh Pinto,44,1,0
7023,20267,Pushpa Hiremath,62,2,0
7024,20269,Pallavi Achar,10,2,0
7025,20270,Jayashree Devaraj,26,2,0
7026,20276,Naveen Poojary,70,1,0
7027,20277,Sunita Kumar,37,2,0
7028,20280,Kavya Fernandes,23,2,0
7029,20282,Deepa Achar,55,2,0
7030,20283,Jayashree Reddy,36,2,0
7031,20286,Channabasappa Devaraj,43,1,0
7032,20289,Dinesh Hiremath,60,1,0
7033,20294,Kamala Reddy,76,2,0
7034,20295,Ratna Khan,36,2,0
7035,20299,Ratna D'Souza,35,2,0
7036,20302,Sandeep Reddy,62,1,0
7037,20306,Basavaraj Naik,64,1,0
7038,20310,Shobha Reddy,91,2,0
7039,20313,Sheela Kumar,23,2,0
7040,20317,Zainab Desai,79,2,0
7041,20319,Gopal Devaraj,53,1,0
7042,20322,Pushpa Pinto,23,2,0
7043,20324,Srinivas Iyer,37,1,0
7044,20325,Ayesha Rao,45,2,0
7045,20327,Radha D'Souza,17,2,0
7046,20329,Shwetha Reddy,29,2,0
7047,20330,Zainab Gowda,38,2,0
7048,20332,Vinay Kulkarni,43,1,0
7049,20333,Shwetha D'Souza,61,2,0
7050,20335,Lokesh Achar,29,1,0
7051,20336,Fathima Achar,45,2,0
7052,20337,Yogesh Kamath,54,1,0
7053,20338,Xavier Prabhu,48,1,0
7054,20340,Pallavi Shetty,41,2,0
7055,20341,Manjunath Naik,83,1,0
7056,20346,Anitha Devaraj,32,2,0
7057,20347,Manjula Rao,69,2,0
7058,20350,Yusuf Pinto,25,1,0
7059,20353,Imran Reddy,43,1,0
7060,20354,Nandini Poojary,36,2,0
7061,20357,Sheela Poojary,65,2,0
7062,20358,Radha Prabhu,50,2,0
7063,20365,Pushpa Shetty,41,2,0
7064,20368,Nirmala Nayak,25,2,0
7065,20369,Raghavendra Iyer,75,1,0
7066,20370,Manjula Urs,16,2,0
7067,20375,Karan Khan,18,1,0
7068,20377,Roopa Poojary,33,2,0
7069,20379,Ayesha Fernandes,31,2,0
7070,20381,Zainab Naik,54,2,0
7071,20382,Shobha Hegde,26,2,0
7072,20383,Shwetha Setty,69,2,0
7073,20384,Harish Bhat,44,1,0
7074,20386,Halappa Reddy,46,1,0
7075,20387,Ayesha Urs,48,2,0
7076,20392,Pallavi Urs,19,2,0
7077,20396,Anitha Shetty,19,2,0
7078,20398,Geetha D'Souza,21,2,0
7079,20400,Yashoda Kulkarni,41,2,0
7080,20402,Nandini Pinto,36,2,0
7081,20404,Radha Shetty,53,2,0
7082,20405,Fathima Setty,82,2,0
7083,20407,Kavya Shetty,35,2,0
7084,20409,Jayashree Bhandari,31,2,0
7085,20411,Channabasappa Khan,44,1,0
7086,20418,Kiran Kumar,27,1,0
7087,20424,Imran Nayak,51,1,0
7088,20426,Gopal Reddy,24,1,0
7089,20428,Zainab Naik,36,2,0
7090,20431,Ibrahim Sheikh,24,1,0
7091,20434,Vani Patil,26,2,0
7092,20435,Pallavi Prabhu,20,2,0
7093,20442,Bhagya Achar,45,2,0
7094,20444,Anthony Sheikh,36,1,0
7095,20446,Anand Reddy,62,1,0
7096,20450,Vinay Hiremath,20,1,0
7097,20451,Bhagya Naik,27,2,0
7098,20457,Zainab Fernandes,35,2,0
7099,20458,Girish Kumar,28,1,0
7100,20460,Bhagya Kumar,24,2,0
7101,20461,Anand Khan,39,1,0
7102,20464,Ganesh Shetty,28,1,0
7103,20467,Radha Naik,49,2,0
7104,20469,Lakshmi Setty,63,2,0
7105,20476,Nirmala Fernandes,47,2,0
7106,20477,Lokesh Kamath,43,1,0
7107,20478,Rekha Urs,76,2,0
7108,20479,Shobha Rao,58,2,0
7109,20483,Vani Kamath,39,2,0
7110,20484,Muniraju Kulkarni,33,1,0
7111,20487,Sandeep Achar,18,1,0
7112,20489,Zainab Setty,38,2,0
7113,20491,Mahesh D'Souza,35,1,0
7114,20492,Srinivas Nayak,25,1,0
7115,20493,Rekha Reddy,22,2,0
7116,20495,Fathima Reddy,42,2,0
7117,20496,Jayashree Reddy,64,2,0
7118,20499,Gopal Naidu,48,1,0
7119,20508,Zainab Kulkarni,21,2,0
7120,20511,Ratna Kumar,39,2,0
7121,20512,Bhagya Achar,54,2,0
7122,20518,Yashoda Desai,43,2,0
7123,20522,Yashoda Desai,35,2,0
7124,20524,Vani Reddy,20,2,0
7125,20527,Deepa Bhandari,21,2,0
7126,20530,Geetha Jadhav,25,2,0
7127,20531,Nagaveni Pinto,47,2,0
7128,20532,Zainab Patil,70,2,0
7129,20533,Radha Patil,38,2,0
7130,20534,Nagaveni Hegde,12,2,0
7131,20535,Nirmala Reddy,58,2,0
7132,20538,Pallavi Sheikh,20,2,0
7133,20542,John Naik,40,1,0
7134,20548,Manjula Reddy,52,2,0
7135,20554,Ganesh Reddy,26,1,0
7136,20558,Kamala Jadhav,29,2,0
7137,20560,Krishna Prabhu,22,1,0
7138,20561,Vani Kamath,50,2,0
7139,20562,Manjunath Khan,30,1,0
7140,20568,Nandini Shetty,27,2,0
7141,20569,Ratna Jadhav,55,2,0
7142,20572,Roopa Achar,35,2,0
7143,20572,Radha Fernandes,8,2,0
7144,20572,Nandini Pinto,29,2,0
7145,20573,Anitha Kamath,42,2,0
7146,20577,Naveen Nayak,41,1,0
7147,20581,Geetha Devaraj,13,2,0
7148,20582,Nandini Kumar,44,2,0
7149,20584,Bhagya Jadhav,39,2,0
7150,20586,Ratna D'Souza,8,2,0
7151,20589,Pallavi Sheikh,20,2,0
7152,20594,Sunita Naidu,30,2,0
7153,20595,Santosh Poojary,24,1,0
7154,20597,Pallavi Reddy,22,2,0
7155,20598,Shobha Devaraj,88,2,0
7156,20603,Yusuf Hiremath,17,1,0
7157,20605,Salman Fernandes,38,1,0
7158,20613,Bhagya Gowda,29,2,0
7159,20616,Sowmya Iyer,20,2,0
7160,20618,Sunita Reddy,30,2,0
7161,20621,Pallavi Sheikh,5,2,0
7162,20623,Ayesha Shetty,16,2,0
7163,20625,Nagaveni Bhandari,67,2,0
7164,20628,Ganesh Hegde,41,1,0
7165,20629,Nirmala Bhat,31,2,0
7166,20633,Pradeep Rao,42,1,0
7167,20636,Channabasappa Kamath,39,1,0
7168,20643,Roopa Khan,13,2,0
7169,20645,Vani Bhat,25,2,0
7170,20651,Sunita Prabhu,27,2,0
7171,20652,Jayashree Naidu,18,2,0
7172,20653,Roopa D'Souza,23,2,1
7173,20655,Nandini Kumar,29,2,0
7174,20657,Byrappa Setty,20,1,0
7175,20658,Rekha Kamath,63,2,0
7176,20661,Fathima Hiremath,47,2,0
7177,20662,Lokesh Khan,18,1,0
7178,20669,Jayashree Gowda,19,2,0
7179,20672,Manoj Shetty,23,1,0
7180,20673,Gopal Kumar,51,1,0
7181,20677,Sandeep Poojary,76,1,0
7182,20679,Jayashree Hiremath,36,2,0
7183,20680,Vani Reddy,34,2,0
7184,20686,Jayashree Khan,29,2,0
7185,20688,Gopal Hegde,19,1,0
7186,20693,Ganesh Sheikh,20,1,0
7187,20695,John Reddy,82,1,0
7188,20702,Sowmya Kamath,56,2,0
7189,20703,Ganesh Desai,42,1,0
7190,20704,Muniraju Bhat,66,1,0
7191,20705,Anand Shetty,57,1,0
7192,20706,Fathima D'Souza,25,2,0
7193,20707,Santosh Desai,35,1,0
7194,20712,Kiran Khan,25,1,0
7195,20715,Yashoda Prabhu,32,2,0
7196,20719,Sowmya Bhat,18,2,0
7197,20723,Yogesh Hegde,26,1,0
7198,20727,Nirmala Achar,12,2,0
7199,20728,Ratna Bhandari,33,2,0
7200,20729,Kamala D'Souza,31,2,0
7201,20730,Nandini Pinto,43,2,0
7202,20733,John Bhandari,54,1,0
7203,20734,Kamala Achar,37,2,0
7204,20735,Shwetha Kumar,29,2,0
7205,20737,Ayesha Prabhu,27,2,0
7206,20740,Anitha Reddy,22,2,0
7207,20743,Suresh Bhat,59,1,0
7208,20747,Channabasappa Nayak,21,1,0
7209,20748,Puttaswamy Poojary,44,1,0
7210,20749,Rekha Jadhav,39,2,0
7211,20753,Halappa Gowda,23,1,0
7212,20755,Nagaraj Sheikh,39,1,0
7213,20759,Nandini Patil,29,2,0
7214,20761,Sheela Naidu,66,2,0
7215,20765,Rekha Devaraj,36,2,0
7216,20769,Yashoda Setty,74,2,0
7217,20770,Harish Kulkarni,39,1,0
7218,20772,Ayesha D'Souza,43,2,0
7219,20774,Nandini Reddy,18,2,0
7220,20776,Umesh Devaraj,29,1,0
7221,20777,John Urs,41,1,0
7222,20781,Yashoda Naik,53,2,0
7223,20782,Shobha Urs,19,2,0
7224,20784,Vani Bhandari,27,2,0
7225,20786,Vijay Devaraj,56,1,0
7226,20787,Shobha Gowda,62,2,0
7227,20792,Kiran Naik,26,1,0
7228,20799,Sunita Setty,62,2,0
7229,20805,Anitha Patil,44,2,0
7230,20806,Vani Devaraj,65,2,1
7231,20812,Dinesh Hiremath,30,1,0
7232,20813,Jayashree Prabhu,25,2,0
7233,20817,Radha Desai,51,2,0
7234,20819,Umesh Gowda,67,1,0
7235,20824,Halappa Bhandari,47,1,0
7236,20827,Gopal Reddy,14,1,0
7237,20832,Harish Khan,41,1,0
7238,20833,Kavya Bhat,53,2,0
7239,20837,Deepak Jadhav,31,1,0
7240,20838,Nagaveni Devaraj,19,2,0
7241,20839,Yashoda Jadhav,38,2,0
7242,20850,Basavaraj Setty,32,1,0
7243,20852,Vani Patil,19,2,0
7244,20855,Harish Pinto,22,1,0
7245,20863,Shwetha Reddy,44,2,0
7246,20864,Yusuf Hiremath,51,1,0
7247,20865,Ratna Shetty,66,2,0
7248,20869,Channabasappa Jadhav,29,1,1
7249,20870,Dinesh Setty,68,1,0
7250,20872,Nandini Bhandari,80,2,0
7251,20875,Shobha Sheikh,9,2,0
7252,20877,Shobha Prabhu,68,2,0
7253,20879,Savitri Kamath,22,2,0
7254,20888,Basavaraj Jadhav,17,1,0
7255,20893,Sowmya Poojary,35,2,0
7256,20894,Sunita Gowda,35,2,0
7257,20896,Srinivas Jadhav,56,1,0
7258,20903,Manjula Setty,22,2,0
7259,20905,Sunita Iyer,20,2,0
7260,20906,Kavya Naidu,12,2,0
7261,20912,Roopa Devaraj,55,2,0
7262,20914,John Kamath,45,1,0
7263,20922,Manjula Urs,13,2,0
7264,20924,Sandeep Naik,18,1,0
7265,20925,Bhagya Bhat,39,2,0
7266,20929,Deepa Sheikh,33,2,0
7267,20931,Mahesh Reddy,63,1,0
7268,20932,Radha Fernandes,51,2,0
7269,20937,Raghavendra Reddy,52,1,0
7270,20939,Bhagya Naidu,83,2,0
7271,20941,Nandini Hegde,40,2,0
7272,20943,Shobha Reddy,36,2,0
7273,20944,Nandini D'Souza,47,2,0
7274,20946,Mary Shetty,22,2,0
7275,20947,Arjun Urs,53,1,0
7276,20949,Deepa Bhandari,48,2,0
7277,20951,Shwetha D'Souza,47,2,0
7278,20956,Sowmya Gowda,41,2,0
7279,20959,Roopa Nayak,45,2,0
7280,20962,Sheela Hegde,64,2,0
7281,20965,Nagaveni Naik,30,2,0
7282,20974,Nirmala D'Souza,24,2,0
7283,20978,Vijay Urs,29,1,0
7284,20981,Vijay Nayak,32,1,0
7285,20982,Basavaraj Prabhu,59,1,0
7286,20983,Nagaveni D'Souza,40,2,0
7287,20985,Sunita Setty,52,2,0
7288,20988,Prakash Rao,35,1,0
7289,20992,Arjun Hegde,38,1,0
7290,20994,Geetha Reddy,95,2,0
7291,20996,Vani Hegde,39,2,0
7292,20999,Sheela Patil,40,2,0
7293,21003,Ravi Hegde,20,1,0
7294,21005,Sheela Prabhu,11,2,0
7295,21008,Sheela Devaraj,28,2,0
7296,21009,Jayashree Naidu,37,2,0
7297,21011,Shivakumar Desai,13,1,0
7298,21013,Karan Pinto,40,1,0
7299,21016,Savitri Poojary,19,2,0
7300,21019,Manjunath Kamath,44,1,0
7301,21021,Geetha Reddy,37,2,0
7302,21022,Harish Shetty,95,1,0
7303,21023,Pushpa Naik,43,2,0
7304,21030,Pradeep Shetty,43,1,0
7305,21034,Sandeep Patil,58,1,0
7306,21036,Yusuf Rao,43,1,0
7307,21039,Deepa Reddy,47,2,0
7308,21042,Pradeep Bhandari,95,1,0
7309,21043,Ashok Gowda,43,1,0
7310,21047,Yogesh Bhandari,53,1,0
7311,21056,Abdul Devaraj,73,1,0
7312,21057,Nagaveni Rao,56,2,0
7313,21062,Shobha Naidu,22,2,0
7314,21065,Anitha Shetty,69,2,0
7315,21070,Sandeep Nayak,46,1,0
7316,21072,Shobha D'Souza,31,2,0
7317,21075,Mahesh Kamath,40,1,0
7318,21076,Muniraju Kumar,33,1,0
7319,21080,Yashoda Desai,60,2,0
7320,21084,Mary Setty,66,2,0
7321,21086,Lakshmi Devaraj,31,2,0
7322,21087,Bhagya Gowda,40,2,1
7323,21088,Basavaraj Urs,32,1,0
7324,21092,Joseph Nayak,17,1,0
7325,21094,Kavya Hegde,91,2,0
7326,21098,Rekha Prabhu,40,2,0
7327,21100,Manjula Kumar,58,2,0
7328,21101,Pallavi Kamath,15,2,0
7329,21104,Shivakumar Kumar,49,1,0
7330,21108,Yusuf Sheikh,26,1,0
7331,21109,Bhagya Rao,52,2,0
7332,21112,Manjula Patil,50,2,0
7333,21115,Mary Bhat,55,2,0
7334,21119,Nagaveni Sheikh,24,2,0
7335,21121,Pushpa Hegde,45,2,0
7336,21127,Xavier D'Souza,43,1,0
7337,21129,Vani Desai,42,2,0
7338,21134,Zainab Iyer,34,2,0
7339,21137,Nirmala Pinto,50,2,0
7340,21139,Channabasappa Naik,15,1,0
7341,21144,Zainab Hiremath,10,2,0
7342,21146,Lokesh Kamath,28,1,0
7343,21147,Naveen Kamath,17,1,0
7344,21150,Bhagya Sheikh,21,2,0
7345,21154,Sowmya D'Souza,34,2,0
7346,21157,Shwetha Hiremath,16,2,0
7347,21169,Bhagya Naik,42,2,0
7348,21170,Ayesha Bhat,38,2,0
7349,21174,Jayashree Naidu,34,2,0
7350,21176,Radha Naik,27,2,0
7351,21178,Dinesh Hiremath,30,1,0
7352,21180,Rekha Gowda,46,2,0
7353,21182,Sunita Kamath,83,2,0
7354,21183,Sunita Nayak,34,2,0
7355,21187,Ratna Devaraj,43,2,0
7356,21191,Nirmala Naik,37,2,0
7357,21200,Harish Jadhav,29,1,0
7358,21201,Lakshmi Kamath,43,2,0
7359,21209,Ibrahim Poojary,59,1,0
7360,21220,Raghavendra Shetty,28,1,0
7361,21222,Nagaveni Sheikh,56,2,0
7362,21231,Jayashree D'Souza,72,2,0
7363,21233,Raghavendra Urs,9,1,0
7364,21234,Savitri Iyer,42,2,0
7365,21239,Pallavi Achar,28,2,0
7366,21248,Yashoda Jadhav,63,2,0
7367,21249,Jayashree Reddy,30,2,0
7368,21250,Nagaveni Sheikh,57,2,0
7369,21255,Pradeep Setty,73,1,0
7370,21256,Raghavendra Kulkarni,38,1,0
7371,21257,Channabasappa Pinto,46,1,0
7372,21267,Santosh Devaraj,17,1,0
7373,21275,Anitha Desai,42,2,0
7374,21277,Channabasappa Achar,14,1,0
7375,21280,Dinesh Naidu,19,1,0
7376,21288,Shobha Fernandes,67,2,0
7377,21292,Ramesh Reddy,20,1,0
7378,21293,Pushpa Devaraj,34,2,0
7379,21294,Gopal Hegde,30,1,0
7380,21295,Roopa Poojary,38,2,0
7381,21299,Yashoda Hegde,44,2,0
7382,21301,Vinay Patil,65,1,0
7383,21302,Gopal Rao,34,1,0
7384,21307,Girish Desai,37,1,0
7385,21308,Xavier Poojary,67,1,0
7386,21314,Shivakumar Rao,32,1,0
7387,21315,Nandini Naik,13,2,0
7388,21320,Yashoda Devaraj,18,2,0
7389,21321,Pallavi Nayak,25,2,0
7390,21324,Ravi Naik,17,1,0
7391,21326,Ganesh Kulkarni,42,1,0
7392,21329,Kavya Kumar,76,2,0
7393,21332,Ravi Urs,34,1,0
7394,21335,Chandrashekar Hegde,45,1,0
7395,21336,Yashoda Bhandari,19,2,0
7396,21340,Manjula Achar,38,2,0
7397,21342,Yogesh Iyer,22,1,0
7398,21346,Bhagya Patil,44,2,0
7399,21348,Bhagya Kulkarni,34,2,0
7400,21349,Sheela Iyer,27,2,0
7401,21354,Harish Kamath,50,1,0
7402,21361,Joseph Hegde,25,1,0
7403,21363,Gopal Sheikh,15,1,0
7404,21370,Yogesh Bhandari,23,1,0
7405,21376,Pushpa Iyer,73,2,0
7406,21389,Nandini Setty,15,2,0
7407,21392,Nandini Naik,43,2,0
7408,21393,Harish Desai,47,1,0
7409,21395,Zainab Shetty,36,2,0
7410,21397,Ashok Naidu,39,1,0
7411,21400,Shobha Naik,66,2,0
7412,21402,Pushpa Achar,43,2,0
7413,21404,Nirmala Hiremath,5,2,0
7414,21405,Nagaveni Desai,54,2,0
7415,21407,Roopa Achar,21,2,0
7416,21413,Naveen Hiremath,18,1,0
7417,21414,Radha Jadhav,30,2,0
7418,21418,Sunita Nayak,11,2,0
7419,21423,Mahesh Urs,13,1,0
7420,21428,Savitri D'Souza,43,2,0
7421,21429,Deepa Kamath,61,2,0
7422,21430,Geetha Fernandes,13,2,0
7423,21434,Deepa Kulkarni,58,2,0
7424,21436,Sandeep Reddy,34,1,0
7425,21442,Savitri Urs,55,2,0
7426,21443,Umesh Fernandes,18,1,0
7427,21455,Deepak Setty,46,1,0
7428,21458,Umesh Fernandes,57,1,0
7429,21463,Lakshmi Iyer,36,2,0
7430,21466,Prakash Fernandes,63,1,0
7431,21467,Kavya Prabhu,25,2,0
7432,21472,Salman Reddy,75,1,0
7433,21480,Shivakumar Urs,70,1,0
7434,21481,Pushpa Kamath,29,2,0
7435,21486,Savitri Bhandari,52,2,0
7436,21492,Manjula Hiremath,41,2,0
7437,21495,Sunita Kulkarni,13,2,0
7438,21496,Sowmya Shetty,54,2,0
7439,21499,Jayashree Shetty,37,2,0
7440,21500,Kavya Nayak,15,2,0
7441,21501,Vinay Reddy,27,1,0
7442,21502,Basavaraj Hegde,20,1,0
7443,21503,Pradeep Rao,26,1,0
7444,21504,Shwetha Khan,58,2,0
7445,21508,Lakshmi Iyer,31,2,0
7446,21509,Geetha Poojary,37,2,0
7447,21511,Yashoda Patil,28,2,0
7448,21513,Vijay Iyer,56,1,0
7449,21514,Lokesh Achar,33,1,0
7450,21520,Ayesha Urs,17,2,0
7451,21521,Savitri Naidu,21,2,0
7452,21528,Pallavi Kulkarni,41,2,0
7453,21530,Fathima Urs,9,2,0
7454,21534,Santosh Khan,17,1,0
7455,21538,Halappa Reddy,16,1,0
7456,21539,Rekha Bhandari,21,2,0
7457,21539,Yogesh Prabhu,29,1,0
7458,21539,Nandini Reddy,28,2,0
7459,21543,Manjunath Nayak,68,1,0
7460,21548,Ibrahim Khan,21,1,0
7461,21554,Geetha Fernandes,16,2,0
7462,21564,Deepak Iyer,33,1,0
7463,21569,Nandini Setty,31,2,0
7464,21573,Nirmala D'Souza,24,2,0
7465,21578,Girish Bhat,50,1,0
7466,21579,Naveen Hiremath,9,1,0
7467,21585,Shivakumar Nayak,47,1,0
7468,21586,Raghavendra Shetty,54,1,0
7469,21592,Nandini Achar,54,2,0
7470,21593,Girish Pinto,62,1,0
7471,21594,Deepa Gowda,22,2,0
7472,21598,Savitri Sheikh,28,2,0
7473,21602,Umesh Naidu,64,1,0
7474,21605,Sowmya Setty,10,2,0
7475,21607,Vani Rao,20,2,0
7476,21608,Kavya Desai,20,2,0
7477,21616,Shobha Hiremath,18,2,0
7478,21620,Yashoda Patil,18,2,0
7479,21622,Lokesh Devaraj,40,1,0
7480,21623,Rajesh Patil,39,1,0
7481,21624,Savitri Bhandari,16,2,0
7482,21626,Arjun Bhandari,35,1,0
7483,21631,Fathima Sheikh,22,2,0
7484,21632,Jayashree Setty,40,2,0
7485,21637,Santosh Shetty,19,1,0
7486,21638,Ratna Nayak,34,2,0
7487,21640,Mary Bhat,26,2,0
7488,21642,Anitha Kamath,93,2,0
7489,21645,Ganesh Devaraj,17,1,0
7490,21646,Vani Bhandari,33,2,0
7491,21647,Nirmala Reddy,11,2,0
7492,21658,Santosh Devaraj,47,1,0
7493,21661,Yashoda Achar,50,2,0
7494,21662,Geetha Khan,61,2,0
7495,21666,Umesh Devaraj,28,1,0
7496,21668,Rekha Urs,35,2,0
7497,21673,Sheela Achar,57,2,0
7498,21682,Fathima Gowda,27,2,0
7499,21683,Ayesha Hegde,34,2,0
7500,21685,Naveen Jadhav,55,1,0
7501,21686,Pradeep Bhat,17,1,0
7502,21689,Shobha Setty,60,2,0
7503,21697,Ganesh Setty,55,1,0
7504,21700,Suresh Kumar,46,1,0
7505,21702,Santosh Urs,47,1,0
7506,21704,Srinivas Naidu,53,1,0
7507,21706,Sowmya Gowda,54,2,0
7508,21708,Harish Gowda,45,1,0
7509,21711,Sandeep Devaraj,14,1,0
7510,21717,Lokesh Reddy,36,1,0
7511,21720,Sheela Iyer,23,2,0
7512,21722,Naveen Poojary,12,1,0
7513,21724,Manjula Kulkarni,39,2,0
7514,21725,Nirmala Kamath,34,2,0
7515,21729,Manjula Shetty,95,2,0
7516,21730,Imran Jadhav,18,1,0
7517,21731,Sunita Devaraj,65,2,0
7518,21735,Dinesh Shetty,28,1,0
7519,21738,Kamala Reddy,31,2,0
7520,21739,Shobha Bhandari,21,2,0
7521,21740,Krishna Nayak,49,1,0
7522,21741,Ratna Iyer,84,2,0
7523,21742,Ibrahim Setty,59,1,0
7524,21745,Nandini Iyer,39,2,0
7525,21747,Kavya Shetty,46,2,0
7526,21750,Sheela Pinto,38,2,0
7527,21752,Roopa Nayak,28,2,0
7528,21754,Mary Rao,19,2,0
7529,21759,Zainab Urs,42,2,0
7530,21761,Vani Setty,61,2,0
7531,21768,Xavier Poojary,19,1,0
7532,21773,Nirmala Iyer,36,2,0
7533,21776,Ratna Khan,31,2,0
7534,21777,Roopa Hegde,23,2,0
7535,21780,Sheela D'Souza,63,2,0
7536,21784,Jayashree Gowda,54,2,0
7537,21788,Shwetha Gowda,49,2,0
7538,21788,Roopa Achar,46,2,0
7539,21788,Joseph Urs,35,1,0
7540,21789,Shobha Patil,24,2,0
7541,21793,Lokesh Khan,35,1,0
7542,21804,Jayashree Devaraj,58,2,0
7543,21806,Yashoda D'Souza,35,2,0
7544,21809,Shivakumar Rao,44,1,0
7545,21810,Mary Urs,29,2,0
7546,21812,Yusuf Kamath,21,1,0
7547,21816,Kavya D'Souza,47,2,0
7548,21818,Mary Achar,29,2,0
7549,21821,Gopal Bhandari,17,1,0
7550,21823,Geetha Bhat,43,2,0
7551,21825,Jayashree Bhandari,48,2,0
7552,21828,Puttaswamy Reddy,63,1,0
7553,21836,Nirmala Nayak,49,2,0
7554,21837,Yashoda Patil,45,2,0
7555,21840,Lakshmi Setty,89,2,0
7556,21843,Manjula Pinto,20,2,0
7557,21847,Pallavi Shetty,28,2,0
7558,21849,Umesh Pinto,95,1,0
7559,21854,Sunita Iyer,10,2,1
7560,21855,Kavya Setty,31,2,0
7561,21857,Savitri Kamath,49,2,0
7562,21858,Naveen Achar,19,1,0
7563,21859,Radha Reddy,28,2,0
7564,21863,Salman Achar,28,1,0
7565,21864,Anitha Iyer,26,2,0
7566,21871,Vani Kamath,10,2,0
7567,21873,Nirmala Poojary,76,2,0
7568,21878,Abdul Rao,42,1,0
7569,21879,Nirmala Urs,25,2,0
7570,21881,Geetha Rao,26,2,0
7571,21882,Nirmala Jadhav,13,2,0
7572,21884,Lakshmi Reddy,47,2,0
7573,21886,Basavaraj Jadhav,75,1,0
7574,21889,Roopa Hiremath,26,2,0
7575,21891,Kamala Patil,50,2,0
7576,21892,Puttaswamy Nayak,11,1,0
7577,21893,Gopal Naik,51,1,0
7578,21897,Jayashree Kumar,41,2,0
7579,21908,Byrappa Gowda,95,1,1
7580,21913,Imran D'Souza,20,1,0
7581,21914,Kavya Reddy,33,3,0
7582,21916,Arjun Devaraj,32,1,0
7583,21918,Krishna Iyer,60,1,0
7584,21923,Nandini Rao,37,2,0
7585,21924,Nagaveni Pinto,9,2,0
7586,21927,Kavya D'Souza,87,2,0
7587,21929,Ravi Poojary,21,1,0
7588,21930,Channabasappa Hiremath,49,1,0
7589,21933,Anitha Kamath,41,2,0
7590,21936,Lokesh Reddy,23,1,0
7591,21940,Sheela D'Souza,24,2,0
7592,21945,Chandrashekar D'Souza,80,1,0
7593,21946,Lakshmi Bhat,73,2,0
7594,21947,Kiran Devaraj,58,1,0
7595,21948,Joseph Kulkarni,32,1,0
7596,21949,Krishna Desai,27,1,0
7597,21950,Savitri Iyer,53,2,0
7598,21954,Kavya Kamath,87,2,0
7599,21955,Ratna Poojary,75,2,0
7600,21958,Ayesha Hiremath,51,2,0
7601,21967,Rekha Achar,28,2,0
7602,21969,Bhagya Reddy,38,2,0
7603,21976,Manjunath Kulkarni,20,1,0
7604,21982,Xavier Fernandes,15,1,0
7605,21983,Manjula Kamath,61,2,0
7606,21984,Nagaveni Kumar,60,2,0
7607,21985,Yashoda Patil,42,2,0
7608,21986,Nandini Desai,35,2,0
7609,21989,Lokesh Kumar,20,1,0
7610,21990,Radha Jadhav,49,2,0
7611,21994,Roopa Setty,12,2,0
7612,21995,Nagaveni Fernandes,57,2,0
7613,21999,Zainab Naidu,22,2,0
7614,22001,Radha Khan,76,2,0
7615,22002,Suresh Desai,41,1,0
7616,22005,Geetha Bhandari,29,2,0
7617,22008,Pushpa Prabhu,24,2,0
7618,22009,Basavaraj Hiremath,44,1,0
7619,22012,Srinivas Nayak,26,1,0
7620,22013,Kavya Sheikh,27,2,0
7621,22015,Raghavendra Hegde,41,1,0
7622,22017,Zainab Hiremath,10,2,0
7623,22020,Nagaveni Naidu,58,2,0
7624,22021,Deepa Sheikh,51,2,0
7625,22022,Shwetha Reddy,41,2,0
7626,22023,Harish D'Souza,36,1,0
7627,22026,Radha Pinto,20,2,0
7628,22030,Geetha Bhat,48,2,0
7629,22036,Shwetha Kamath,19,2,0
7630,22042,Anitha Fernandes,19,2,0
7631,22048,Nagaveni Rao,49,2,0
7632,22049,Halappa Shetty,36,1,0
7633,22050,Nandini Naik,36,2,0
7634,22057,Geetha Hegde,89,2,0
7635,22058,Karan Rao,28,1,0
7636,22064,Fathima Iyer,32,2,0
7637,22066,Krishna Kamath,24,1,0
7638,22074,Muniraju Naidu,37,1,0
7639,22076,Karan Bhandari,22,1,0
7640,22077,Lakshmi Fernandes,24,2,0
7641,22084,Byrappa Rao,95,1,0
7642,22085,Rajesh Naidu,47,1,0
7643,22088,Manjunath Achar,17,1,0
7644,22090,Shivakumar Prabhu,26,1,0
7645,22097,Manjula Hegde,24,2,0
7646,22102,Geetha Reddy,14,2,0
7647,22104,Lokesh Achar,59,1,0
7648,22106,Lakshmi Kumar,29,2,0
7649,22110,Mary Shetty,22,2,0
7650,22115,Shwetha Nayak,30,3,0
7651,22117,Ratna Rao,16,2,0
7652,22121,Shobha Desai,37,2,0
7653,22124,Vani Kamath,66,2,0
7654,22129,Nirmala Kulkarni,30,2,0
7655,22130,Ganesh Hiremath,50,1,0
7656,22132,Kavya Hegde,91,2,0
7657,22134,Suresh Patil,28,1,0
7658,22138,Sunita Gowda,53,2,0
7659,22144,Karan Bhat,87,1,0
7660,22145,Ayesha Nayak,35,2,0
7661,22146,Ayesha Sheikh,44,2,0
7662,22148,Joseph Pinto,70,1,0
7663,22151,Bhagya Bhat,57,2,0
7664,22152,Chandrashekar Desai,69,1,0
7665,22153,Kamala Khan,45,2,0
7666,22155,Roopa Reddy,24,2,0
7667,22158,Sunita Gowda,19,2,0
7668,22161,Anitha Shetty,13,2,0
7669,22171,Roopa Rao,40,2,0
7670,22173,Raghavendra Desai,26,1,0
7671,22176,Zainab Kumar,18,2,0
7672,22177,Ratna Jadhav,36,2,0
7673,22179,Lakshmi Reddy,43,2,0
7674,22180,Santosh Rao,42,1,0
7675,22187,Jayashree Devaraj,25,2,0
7676,22191,Ravi Rao,22,1,0
7677,22192,Anitha Naidu,33,2,0
7678,22193,Jayashree D'Souza,48,2,0
7679,22198,Manoj Jadhav,15,1,0
7680,22199,Shobha Patil,90,2,0
7681,22203,Srinivas Kumar,44,1,0
7682,22204,Pallavi Bhandari,95,2,0
7683,22206,Lokesh Urs,48,1,0
7684,22208,Pallavi Gowda,32,2,0
7685,22210,Channabasappa Prabhu,45,1,0
7686,22212,Ayesha Fernandes,47,2,0
7687,22218,Yashoda Setty,56,2,0
7688,22218,Bhagya Achar,33,2,0
7689,22220,Anitha Kamath,54,2,0
7690,22224,Sunita Nayak,11,2,0
7691,22234,Sunita Iyer,43,2,0
7692,22237,Pushpa D'Souza,50,2,0
7693,22240,Anitha Bhandari,22,2,0
7694,22243,Fathima Jadhav,14,2,0
7695,22244,Yashoda Hiremath,62,2,0
7696,22256,Zainab Setty,23,2,0
7697,22259,Vinay D'Souza,34,1,0
7698,22264,Harish Achar,62,1,0
7699,22265,Geetha Reddy,38,2,0
7700,22273,Savitri Kamath,18,2,0
7701,22275,Deepa Achar,36,2,0
7702,22280,Shwetha Desai,23,2,0
7703,22283,Rekha Devaraj,17,2,0
7704,22284,Puttaswamy Shetty,26,1,0
7705,22288,Sheela Desai,50,2,0
7706,22290,Radha Jadhav,95,2,0
7707,22291,Manjula Reddy,54,2,0
7708,22293,Bhagya Khan,40,2,0
7709,22295,Pushpa Pinto,18,2,0
7710,22296,Nandini Khan,24,2,0
7711,22297,Shobha Hegde,44,2,0
7712,22301,Radha Kumar,48,2,0
7713,22302,Ashok Rao,50,1,0
7714,22303,Ravi Shetty,28,1,0
7715,22304,Channabasappa Hegde,34,1,0
7716,22308,Chandrashekar Poojary,56,1,0
7717,22309,Zainab Fernandes,26,2,0
7718,22314,Nandini Fernandes,31,2,0
7719,22321,Ashok Reddy,37,1,0
7720,22324,Pallavi Nayak,40,2,0
7721,22326,Vijay Desai,81,1,0
7722,22327,Xavier Iyer,19,1,0
7723,22328,Muniraju Desai,21,1,0
7724,22338,Vani Setty,36,2,0
7725,22339,Prakash Patil,13,1,0
7726,22341,Deepa Sheikh,17,2,0
7727,22342,Sowmya Reddy,54,2,0
7728,22345,Lakshmi Iyer,14,2,0
7729,22346,Rekha Rao,48,2,0
7730,22347,Joseph Patil,25,1,1
7731,22350,Bhagya Rao,55,2,0
7732,22351,Deepak Jadhav,40,1,0
7733,22354,Rekha Reddy,20,2,0
7734,22355,Savitri Rao,53,2,0
7735,22359,Anand Khan,93,1,0
7736,22361,Nandini Fernandes,52,2,0
7737,22367,Radha Hegde,30,2,0
7738,22370,Zainab Desai,36,2,0
7739,22373,Sowmya Desai,33,2,0
7740,22374,Shwetha Bhandari,43,2,0
7741,22379,Sunita Bhandari,41,2,0
7742,22383,Mary Urs,35,2,0
7743,22384,Yashoda D'Souza,32,2,0
7744,22388,Ashok Kulkarni,35,1,0
7745,22398,Yashoda Pinto,32,2,0
7746,22401,Jayashree Rao,19,2,0
7747,22407,Nirmala Kamath,26,2,0
7748,22408,Shwetha Naik,40,2,0
7749,22410,Bhagya Kumar,30,2,0
7750,22414,Pushpa Nayak,67,2,0
7751,22417,Dinesh Gowda,36,1,0
7752,22422,Bhagya Urs,73,2,0
7753,22424,Lokesh Reddy,19,1,0
7754,22430,Nagaveni Khan,58,2,0
7755,22433,Sunita Bhandari,21,2,0
7756,22436,Nirmala Kamath,95,2,0
7757,22438,Nandini Fernandes,55,2,0
7758,22439,Savitri Patil,42,2,0
7759,22440,Pallavi D'Souza,23,2,0
7760,22442,Nagaveni Achar,51,2,0
7761,22447,Byrappa Nayak,19,1,0
7762,22448,Savitri Hegde,38,2,0
7763,22449,Nirmala Naidu,68,2,0
7764,22450,Pallavi Urs,21,2,0
7765,22453,Abdul Rao,40,1,0
7766,22454,Anand Pinto,26,1,0
7767,22458,Yashoda Reddy,58,2,0
7768,22459,Ramesh Prabhu,50,1,0
7769,22462,Ganesh D'Souza,49,1,0
7770,22463,Fathima Kumar,14,2,0
7771,22465,Krishna Hegde,53,1,0
7772,22467,Savitri D'Souza,72,2,0
7773,22469,Yashoda Jadhav,21,2,0
7774,22477,Manjula Bhandari,22,2,0
7775,22487,Nagaveni Patil,48,2,0
7776,22488,Pallavi Reddy,37,2,0
7777,22503,Geetha Pinto,10,2,0
7778,22504,Kavya Jadhav,36,2,0
7779,22505,Sheela Naik,10,2,0
7780,22510,Vinay Khan,27,1,0
7781,22514,Pushpa Sheikh,19,2,0
7782,22517,Manjunath Reddy,37,1,0
7783,22519,Zainab Khan,16,2,0
7784,22522,Sunita Achar,68,2,0
7785,22523,Nagaraj Khan,15,1,0
7786,22527,Ashok Shetty,68,1,0
7787,22527,Prakash Fernandes,40,1,0
7788,22527,Pushpa Iyer,72,2,0
7789,22531,Jayashree Bhandari,44,2,0
7790,22541,Arjun Prabhu,36,1,0
7791,22543,Deepa Gowda,5,2,0
7792,22549,Roopa Poojary,34,2,0
7793,22552,Ravi Setty,42,1,0
7794,22553,Radha Reddy,57,2,0
7795,22554,Geetha Kamath,34,2,0
7796,22558,Nagaveni Achar,54,2,0
7797,22559,Yusuf Kumar,16,1,1
7798,22560,Dinesh Setty,41,1,0
7799,22562,Rekha Bhat,32,2,0
7800,22566,Shivakumar Bhat,36,1,0
7801,22568,Joseph Sheikh,19,1,0
7802,22570,John Devaraj,36,1,0
7803,22571,Santosh Setty,22,1,0
7804,22576,Harish Hiremath,16,1,0
7805,22577,Shwetha Khan,40,2,0
7806,22578,Ibrahim Khan,43,1,0
7807,22582,Abdul Gowda,44,1,0
7808,22583,Yogesh Urs,62,1,0
7809,22589,Radha Desai,44,2,0
7810,22592,Lakshmi Rao,10,2,0
7811,22594,Nandini Reddy,55,2,0
7812,22597,Rekha Achar,63,2,0
7813,22598,Ratna Gowda,42,2,0
7814,22600,Joseph Poojary,35,1,0
7815,22600,Ganesh Setty,30,1,0
7816,22603,Mahesh Patil,53,1,0
7817,22604,Ratna Shetty,73,2,0
7818,22607,Nagaveni Shetty,71,2,0
7819,22608,Nagaveni Reddy,27,2,0
7820,22609,Arjun Urs,53,1,0
7821,22611,Kamala Shetty,30,2,0
7822,22614,Zainab Iyer,26,2,0
7823,22616,Rekha Reddy,11,2,0
7824,22617,Ratna Kumar,75,2,0
7825,22624,Manjula Naik,66,2,0
7826,22626,Savitri D'Souza,48,2,0
7827,22632,Rekha Rao,26,2,0
7828,22638,John Desai,10,1,0
7829,22640,Deepa Urs,39,2,0
7830,22645,Savitri Kumar,33,2,0
7831,22646,Vinay Prabhu,23,1,0
7832,22648,Zainab Naik,17,2,1
7833,22652,Nandini Nayak,22,2,0
7834,22657,Ratna Setty,24,2,0
7835,22659,Gopal Desai,36,1,0
7836,22660,Sowmya Shetty,56,2,0
7837,22663,Shobha Jadhav,49,2,0
7838,22665,Nandini Gowda,51,2,0
7839,22670,Anitha Reddy,25,2,0
7840,22671,Sowmya Naidu,17,2,0
7841,22672,Anitha Fernandes,27,2,0
7842,22675,Joseph Kumar,7,1,0
7843,22676,Yashoda Reddy,30,2,0
7844,22677,Arjun Hegde,42,1,0
7845,22678,Sowmya Fernandes,48,2,0
7846,22680,Halappa Sheikh,20,1,0
7847,22682,Radha Urs,18,2,0
7848,22683,Zainab Nayak,36,2,0
7849,22684,Lakshmi Devaraj,15,2,0
7850,22689,Kavya Kamath,38,2,0
7851,22691,Savitri Shetty,8,2,0
7852,22693,Ravi Fernandes,85,1,0
7853,22695,Byrappa Gowda,29,1,0
7854,22696,Radha Jadhav,24,2,0
7855,22698,Naveen Iyer,16,1,0
7856,22700,Ashok Hegde,61,1,0
7857,22702,Pushpa Pinto,59,2,0
7858,22705,Abdul Iyer,52,1,0
7859,22707,Basavaraj Naik,44,1,0
7860,22709,Geetha Poojary,60,2,0
7861,22710,Bhagya Reddy,17,2,0
7862,22711,Anthony Hegde,43,1,0
7863,22712,Nagaraj Sheikh,28,1,0
7864,22715,Lokesh Bhat,20,1,0
7865,22718,Mary Desai,63,2,0
7866,22720,Vani Fernandes,65,2,0
7867,22721,Shobha Naik,42,2,0
7868,22723,Chandrashekar Khan,24,1,0
7869,22727,Shobha Devaraj,64,2,0
7870,22730,Rajesh Hiremath,31,1,0
7871,22732,Kamala Devaraj,11,2,0
7872,22735,Yusuf Naidu,15,1,0
7873,22737,Ratna Reddy,17,2,0
7874,22738,Vani Sheikh,33,2,0
7875,22739,Lakshmi Rao,55,2,0
7876,22741,Geetha Bhat,63,2,0
7877,22746,Lokesh Jadhav,18,1,0
7878,22747,Yashoda Naidu,57,2,0
7879,22749,Xavier Naidu,34,1,0
7880,22750,Rekha Shetty,31,2,0
7881,22754,Nandini Hiremath,58,2,0
7882,22755,Sandeep Gowda,67,1,0
7883,22756,Pushpa Pinto,46,2,0
7884,22759,Fathima Patil,9,2,0
7885,22768,Kamala Devaraj,45,2,0
7886,22771,Roopa Jadhav,26,2,0
7887,22776,Pallavi Shetty,13,2,0
7888,22777,Manoj Bhandari,16,1,0
7889,22780,Nirmala Achar,30,2,0
7890,22785,Gopal Gowda,48,1,0
7891,22786,Krishna Kamath,21,1,0
7892,22790,Nagaveni D'Souza,24,2,0
7893,22792,Pallavi Bhat,27,2,0
7894,22800,Shivakumar Urs,29,1,0
7895,22803,Srinivas Naidu,44,1,0
7896,22811,Shwetha Pinto,29,2,0
7897,22813,Nandini Sheikh,53,2,0
7898,22814,Mary Kumar,49,2,0
7899,22815,Fathima Naik,45,2,0
7900,22816,Mahesh Fernandes,21,1,0
7901,22817,Nirmala Fernandes,11,2,0
7902,22818,Kavya Rao,55,2,0
7903,22820,Savitri Desai,58,2,0
7904,22824,Sunita Naik,33,2,0
7905,22825,Zainab Shetty,49,2,0
7906,22827,Umesh Hegde,10,1,0
7907,22833,Halappa Reddy,48,1,0
7908,22835,Anand Reddy,25,1,0
7909,22842,John Nayak,23,1,0
7910,22847,Kamala Sheikh,55,2,0
7911,22854,Rekha Reddy,59,2,0
7912,22856,Salman Desai,62,1,0
7913,22859,Radha Naidu,46,2,0
7914,22864,Rekha Naik,40,2,0
7915,22875,Nandini D'Souza,44,2,0
7916,22880,Manjula Iyer,37,2,0
7917,22881,Raghavendra Pinto,44,1,0
7918,22882,Roopa Khan,27,2,0
7919,22883,Nandini Naidu,37,2,0
7920,22884,Bhagya Rao,25,2,0
7921,22885,Anand Patil,20,1,0
7922,22889,Halappa Setty,53,1,0
7923,22897,Shobha Nayak,80,2,0
7924,22899,Shobha Desai,22,2,0
7925,22900,Rekha Jadhav,22,2,0
7926,22901,Savitri Iyer,52,2,0
7927,22904,Srinivas Urs,30,1,0
7928,22905,Shwetha Prabhu,18,2,0
7929,22906,Manjula Rao,45,2,0
7930,22908,Vinay Poojary,16,1,0
7931,22910,Sunita Urs,52,2,0
7932,22912,Lokesh Bhandari,9,1,0
7933,22915,Channabasappa Reddy,91,1,0
7934,22928,Joseph Kulkarni,29,1,0
7935,22935,Manjula Achar,78,2,0
7936,22947,Deepa Nayak,29,2,0
7937,22948,Krishna Khan,29,1,0
7938,22951,Kavya Fernandes,23,2,0
7939,22952,Roopa Kumar,39,2,0
7940,22953,Ashok Fernandes,38,1,0
7941,22956,Nagaveni Prabhu,40,2,0
7942,22962,Kavya Kumar,16,2,0
7943,22963,Rekha Desai,73,2,0
7944,22964,Radha Setty,82,2,0
7945,22967,Yusuf Bhat,76,1,0
7946,22971,Pushpa Hiremath,10,2,0
7947,22972,Kavya Kulkarni,31,2,0
7948,22974,Ayesha Reddy,44,2,0
7949,22976,Yashoda Gowda,56,2,0
7950,22978,Radha Patil,46,2,0
7951,22982,Shwetha Reddy,69,2,0
7952,22984,Bhagya Kumar,42,2,0
7953,22986,Rajesh Rao,62,1,0
7954,22987,Basavaraj Achar,40,1,0
7955,22988,Yashoda Desai,52,2,0
7956,22992,Manjula Sheikh,14,2,0
7957,22993,Kiran Devaraj,42,1,0
7958,22994,Shobha Hiremath,54,2,0
7959,22995,Gopal Patil,84,1,0
7960,22996,Sheela Nayak,13,2,0
7961,22999,Ramesh Reddy,20,1,0
7962,23000,Mahesh Reddy,42,1,0
7963,23003,Arjun Urs,62,1,0
7964,23004,Nirmala Kamath,27,2,1
7965,23007,Deepa Kamath,85,2,0
7966,23010,Pradeep Pinto,41,1,0
7967,23011,Manjula Devaraj,21,2,0
7968,23012,Vijay Gowda,30,1,0
7969,23013,Kavya Rao,43,2,0
7970,23027,Savitri Hegde,28,2,0
7971,23030,Nagaveni Iyer,17,2,0
7972,23033,Jayashree Rao,46,2,0
7973,23039,Salman Rao,33,1,0
7974,23040,Radha Kulkarni,16,2,0
7975,23041,Zainab Jadhav,48,2,0
7976,23043,Gopal Gowda,18,1,0
7977,23050,Vani Poojary,33,2,0
7978,23051,Nagaveni D'Souza,12,2,0
7979,23053,Roopa Kumar,52,2,0
7980,23057,Pallavi Urs,48,2,0
7981,23059,Bhagya Achar,25,2,0
7982,23061,Nirmala Naidu,51,2,0
7983,23062,Sowmya Bhat,42,2,0
7984,23063,Mary Bhandari,33,2,0
7985,23066,Xavier Bhandari,23,1,0
7986,23067,Nandini Fernandes,83,2,0
7987,23069,Sheela Kamath,45,2,0
7988,23072,Jayashree Bhandari,39,2,0
7989,23077,Channabasappa Gowda,61,1,0
7990,23078,Ayesha Iyer,13,2,0
7991,23080,Santosh Naidu,23,1,0
7992,23082,Santosh Khan,40,1,0
7993,23083,Nandini Naidu,40,2,0
7994,23101,Salman Jadhav,43,1,0
7995,23102,Sandeep Prabhu,30,1,0
7996,23105,Vani Naidu,47,2,0
7997,23108,Arjun Devaraj,15,1,0
7998,23115,Zainab Devaraj,14,2,0
7999,23120,John Devaraj,50,1,0
8000,23121,Nirmala Reddy,34,2,0
8001,23123,Bhagya Prabhu,29,2,0
8002,23124,Naveen Reddy,54,1,0
8003,23124,Arjun Pinto,61,1,0
8004,23128,Umesh Rao,75,1,0
8005,23133,Sunita Reddy,47,2,0
8006,23142,Lokesh Fernandes,33,1,0
8007,23143,Nagaveni Naik,31,2,0
8008,23153,Ratna Kumar,36,2,0
8009,23160,Savitri Setty,28,2,0
8010,23167,Bhagya Bhandari,32,2,0
8011,23168,Kavya Jadhav,95,2,0
8012,23174,Mary D'Souza,55,2,0
8013,23180,Geetha Hegde,20,2,0
8014,23185,Manjunath Patil,55,1,0
8015,23186,Vani Naik,49,2,0
8016,23187,Naveen Reddy,19,1,0
8017,23191,Deepak Kumar,26,1,0
8018,23194,Pushpa Kumar,41,2,0
8019,23195,Bhagya Reddy,14,2,0
8020,23196,Pallavi Prabhu,52,2,0
8021,23205,Ratna Fernandes,17,2,0
8022,23206,Kiran Reddy,43,1,0
8023,23214,Nirmala Achar,10,2,0
8024,23219,Yogesh D'Souza,80,1,0
8025,23220,Radha Devaraj,18,2,0
8026,23221,Sunita Naidu,24,2,0
8027,23222,Nagaveni Shetty,19,2,0
8028,23225,Kavya Gowda,48,2,0
8029,23226,Karan Hegde,36,1,0
8030,23230,Ibrahim Sheikh,36,1,0
8031,23232,Pushpa Poojary,86,2,0
8032,23237,Sunita Desai,28,2,0
8033,23239,Roopa Achar,45,2,0
8034,23240,Lakshmi Naidu,46,2,0
8035,23242,Yogesh Patil,35,1,0
8036,23244,John Rao,40,1,0
8037,23245,Vijay Bhat,14,1,0
8038,23246,Sheela Sheikh,29,2,0
8039,23248,Sheela Bhandari,10,2,0
8040,23249,Nagaraj Hegde,26,1,0
8041,23250,Fathima Bhat,53,2,0
8042,23253,Krishna Kumar,45,1,0
8043,23260,Harish Poojary,35,1,0
8044,23269,Ayesha Hiremath,8,2,0
8045,23278,Nandini Nayak,40,2,0
8046,23280,Deepak Setty,17,1,0
8047,23283,Anand Kamath,26,1,0
8048,23290,Ganesh Iyer,31,1,0
8049,23293,Sheela Bhandari,38,2,0
8050,23294,Sowmya D'Souza,56,2,0
8051,23296,Deepa Kamath,49,2,0
8052,23303,Pradeep Khan,34,1,0
8053,23305,Nandini Hegde,8,2,0
8054,23308,John Hiremath,39,1,0
8055,23311,Karan Hiremath,21,1,0
8056,23312,Ayesha Setty,32,2,0
8057,23315,Nagaraj Nayak,68,1,0
8058,23318,Nandini Nayak,28,2,0
8059,23319,Savitri Naidu,21,2,0
8060,23324,Sheela Urs,29,2,0
8061,23328,Kiran Desai,45,1,0
8062,23333,Fathima Fernandes,65,2,0
8063,23336,Bhagya Reddy,78,2,0
8064,23337,Bhagya Sheikh,20,2,0
8065,23339,Zainab Patil,17,2,0
8066,23342,Rekha Bhat,34,2,0
8067,23356,Sowmya Sheikh,54,2,0
8068,23359,Geetha Sheikh,30,2,0
8069,23361,Santosh Sheikh,25,1,0
8070,23362,Dinesh Gowda,52,1,0
8071,23366,Radha Kulkarni,14,2,0
8072,23374,Anand Poojary,33,1,0
8073,23376,Yogesh D'Souza,29,1,0
8074,23379,Raghavendra Bhat,87,1,0
8075,23380,Pallavi Sheikh,30,2,0
8076,23382,Ayesha Nayak,15,2,0
8077,23383,Pallavi Patil,19,2,0
8078,23385,Radha Rao,39,2,0
8079,23387,Bhagya Bhat,46,2,0
8080,23388,Manjula Gowda,30,2,0
8081,23390,Anitha Fernandes,15,2,0
8082,23392,Vinay Gowda,46,1,0
8083,23405,Zainab Hiremath,60,2,0
8084,23409,Ashok Rao,13,1,0
8085,23411,Geetha Prabhu,21,2,0
8086,23413,Srinivas Kamath,35,1,0
8087,23416,Karan D'Souza,61,1,0
8088,23428,Sowmya Bhandari,55,2,0
8089,23443,Kiran Rao,29,1,0
8090,23448,Ashok Devaraj,37,1,0
8091,23450,Shobha Hegde,42,2,0
8092,23453,Sandeep Nayak,30,1,0
8093,23457,Karan Khan,21,1,0
8094,23460,Muniraju Iyer,32,1,0
8095,23461,Pushpa Kamath,28,2,0
8096,23464,Ayesha Pinto,39,2,0
8097,23465,Halappa Prabhu,29,1,0
8098,23469,Shobha Shetty,64,2,0
8099,23472,Nandini Prabhu,21,2,0
8100,23473,Pushpa Shetty,54,2,0
8101,23476,Fathima Kamath,54,2,0
8102,23480,Roopa Urs,60,2,0
8103,23481,Bhagya Naidu,23,2,0
8104,23482,Anand Iyer,32,1,0
8105,23484,Nirmala Shetty,45,2,0
8106,23485,Zainab Kumar,41,2,0
8107,23486,Imran D'Souza,41,1,0
8108,23494,Savitri Bhandari,26,2,0
8109,23499,Sandeep Hiremath,24,1,0
8110,23503,Kavya Fernandes,40,2,0
8111,23506,Kiran Patil,37,1,0
8112,23507,Kamala Bhandari,27,2,0
8113,23508,Vani Hegde,50,2,0
8114,23512,Pallavi Desai,29,2,0
8115,23514,Pushpa Urs,74,2,0
8116,23515,Byrappa Reddy,87,1,0
8117,23517,Geetha Devaraj,38,2,0
8118,23519,Radha Hiremath,28,2,0
8119,23524,Mary Devaraj,25,2,0
8120,23525,Jayashree Urs,17,2,0
8121,23528,Ayesha Prabhu,95,2,0
8122,23532,Sowmya Nayak,37,2,0
8123,23533,Manoj Fernandes,37,1,0
8124,23534,Shobha Desai,34,2,0
8125,23536,Raghavendra D'Souza,35,1,0
8126,23542,Lakshmi Shetty,69,2,0
8127,23543,Shwetha Iyer,37,2,0
8128,23547,Vijay Setty,17,1,0
8129,23550,Ashok Poojary,76,1,0
8130,23551,Krishna Desai,36,1,0
8131,23557,Sheela Gowda,26,2,0
8132,23559,Byrappa Shetty,43,1,0
8133,23562,Pallavi Kulkarni,30,2,0
8134,23564,Lakshmi Kumar,33,2,0
8135,23565,Nirmala D'Souza,22,2,0
8136,23573,Kavya Nayak,60,2,0
8137,23575,Pallavi Prabhu,34,2,0
8138,23576,Yashoda Shetty,59,2,0
8139,23577,Nirmala Kulkarni,44,2,0
8140,23580,Nagaveni Kumar,20,2,0
8141,23589,Sunita Rao,48,2,0
8142,23592,Kiran Hiremath,34,1,0
8143,23594,Manjunath Devaraj,30,1,0
8144,23595,Nandini Achar,34,2,0
8145,23595,Pallavi Bhat,30,2,0
8146,23598,Shivakumar Desai,60,1,0
8147,23599,Anitha Jadhav,29,2,0
8148,23600,Savitri Setty,3,2,0
8149,23603,Bhagya Urs,23,2,0
8150,23605,Salman Fernandes,54,1,0
8151,23605,Prakash Urs,46,1,0
8152,23606,Umesh Pinto,39,1,0
8153,23608,Ratna Reddy,47,2,0
8154,23610,Ibrahim Reddy,44,1,0
8155,23612,Lokesh Pinto,20,1,0
8156,23616,Shivakumar Khan,15,1,0
8157,23618,Pradeep Reddy,24,1,0
8158,23629,Karan Patil,47,1,0
8159,23632,Lokesh Kamath,24,1,0
8160,23643,Xavier Fernandes,42,1,0
8161,23650,Pallavi Gowda,28,2,0
8162,23660,Basavaraj Hegde,28,1,0
8163,23663,Sunita Patil,20,2,0
8164,23667,Yashoda Fernandes,29,2,0
8165,23669,Deepa Sheikh,58,2,0
8166,23670,Byrappa Achar,78,1,0
8167,23676,Sowmya Poojary,31,2,0
8168,23678,Ayesha Setty,10,2,0
8169,23679,Vani Achar,62,2,0
8170,23680,Joseph D'Souza,38,1,0
8171,23681,Kavya Hiremath,71,2,0
8172,23682,Fathima Khan,69,2,0
8173,23684,Bhagya Sheikh,65,2,0
8174,23686,Suresh Khan,35,1,0
8175,23687,Gopal Kamath,15,1,0
8176,23688,Anand Hiremath,51,1,0
8177,23689,Fathima Rao,22,2,0
8178,23697,Deepa Hegde,10,2,0
8179,23698,Nirmala Jadhav,31,2,0
8180,23703,Pallavi Patil,36,2,0
8181,23704,Bhagya Gowda,71,2,0
8182,23706,Radha Prabhu,72,2,0
8183,23717,Sowmya Kamath,13,2,0
8184,23729,Nandini Nayak,84,2,0
8185,23734,Geetha Kamath,95,2,0
8186,23735,Vani Naidu,50,2,0
8187,23736,Rekha Hiremath,36,2,0
8188,23737,Sunita Shetty,41,2,0
8189,23741,Ramesh Jadhav,7,1,0
8190,23742,Girish Bhandari,38,1,0
8191,23751,Deepa Kulkarni,55,2,0
8192,23752,Kamala Hiremath,83,2,0
8193,23753,Ganesh Poojary,36,1,0
8194,23754,Yogesh Pinto,53,1,0
8195,23755,Basavaraj Jadhav,28,1,0
8196,23757,Byrappa Jadhav,40,1,0
8197,23758,Roopa Iyer,51,2,0
8198,23761,Nagaraj Naik,25,1,0
8199,23762,Jayashree Bhandari,62,2,0
8200,23763,Mary Patil,49,2,0
8201,23766,Geetha Setty,42,2,0
8202,23771,Nirmala Kumar,8,2,0
8203,23774,Zainab Hiremath,74,2,0
8204,23776,Nirmala Gowda,6,2,0
8205,23782,Umesh Sheikh,16,1,0
8206,23798,Rekha Devaraj,24,2,0
8207,23800,Shivakumar Urs,24,1,0
8208,23801,Ramesh Setty,47,1,0
8209,23802,Deepa Jadhav,47,2,0
8210,23811,Anitha Prabhu,44,2,0
8211,23812,Ayesha Prabhu,28,2,0
8212,23819,Fathima Prabhu,11,2,0
8213,23821,Ravi Kulkarni,68,1,0
8214,23835,Roopa Desai,23,2,0
8215,23842,Prakash Reddy,35,1,0
8216,23844,Anitha Urs,40,2,0
8217,23845,Ayesha Reddy,24,2,0
8218,23847,Suresh Fernandes,37,1,0
8219,23851,Pushpa Poojary,37,2,0
8220,23852,Srinivas Bhat,34,1,0
8221,23860,Manoj Poojary,41,1,0
8222,23862,Anitha Setty,45,2,0
8223,23864,Savitri Poojary,21,2,0
8224,23865,Nagaveni Gowda,32,2,0
8225,23867,Manoj Desai,56,1,0
8226,23868,Rekha Patil,38,2,0
8227,23871,Anitha Desai,71,2,0
8228,23874,Kamala Poojary,56,2,1
8229,23875,Ayesha Naik,17,2,0
8230,23876,Manjunath Reddy,58,1,0
8231,23883,Pushpa Urs,20,2,0
8232,23885,Bhagya Kumar,31,2,0
8233,23887,Pradeep Achar,61,1,0
8234,23894,Rekha Hiremath,17,2,0
8235,23895,Savitri Bhat,46,2,0
8236,23896,Nandini Poojary,12,2,0
8237,23897,Pallavi Urs,52,2,0
8238,23898,Yusuf Achar,94,1,0
8239,23899,Dinesh Poojary,92,1,0
8240,23901,Manjula Naik,95,2,0
8241,23905,Basavaraj Bhat,25,1,0
8242,23906,Deepa Nayak,27,2,0
8243,23910,Rekha Nayak,65,2,0
8244,23912,Salman Urs,42,1,0
8245,23912,Sowmya Kumar,32,2,0
8246,23912,Lokesh Fernandes,79,1,0
8247,23913,Mahesh Khan,30,1,0
8248,23915,Rekha Kamath,22,2,0
8249,23919,Bhagya D'Souza,8,2,0
8250,23921,Salman Nayak,57,1,0
8251,23926,Savitri Shetty,35,2,0
8252,23933,Ganesh Rao,16,1,0
8253,23937,Rekha Patil,28,2,0
8254,23939,Zainab Rao,45,2,0
8255,23941,Ayesha Kumar,22,2,0
8256,23942,Sheela Setty,75,2,0
8257,23944,Srinivas Setty,25,1,0
8258,23948,Kavya Urs,20,2,0
8259,23951,Manjula Khan,25,2,0
8260,23957,Deepak Devaraj,31,1,0
8261,23958,Deepa Devaraj,41,2,0
8262,23962,Deepa Sheikh,46,2,0
8263,23965,Vani Shetty,18,2,0
8264,23966,Nandini Kamath,22,2,0
8265,23967,Jayashree Pinto,66,2,0
8266,23968,Geetha Desai,35,2,0
8267,23972,Pradeep Pinto,56,1,0
8268,23977,Pushpa Jadhav,34,2,0
8269,23978,Deepa Hegde,25,2,0
8270,23979,Byrappa Hegde,79,1,0
8271,23981,Gopal Naidu,93,1,0
8272,23983,Zainab Shetty,15,2,0
8273,23984,Vani Prabhu,50,2,0
8274,23986,Anitha Shetty,24,2,0
8275,23989,Pushpa Khan,44,2,0
8276,23992,Pallavi Kamath,52,2,0
8277,23998,Vani Shetty,43,2,0
8278,23999,Sowmya Kamath,11,2,0
8279,24001,Kamala Nayak,23,2,0
8280,24003,Ayesha Naik,39,2,0
8281,24006,Manjula Prabhu,31,2,0
8282,24008,Pallavi Kamath,23,2,0
8283,24009,Pushpa Fernandes,29,2,0
8284,24010,Vinay Poojary,31,1,0
8285,24018,Yashoda Patil,61,2,0
8286,24024,Shobha Prabhu,36,2,0
8287,24025,Deepa Kulkarni,44,2,0
8288,24027,Bhagya Desai,75,2,0
8289,24033,Raghavendra Desai,26,1,0
8290,24034,Jayashree Pinto,95,2,0
8291,24036,Abdul Iyer,54,1,0
8292,24038,Ravi Fernandes,32,1,0
8293,24039,Abdul Pinto,50,1,0
8294,24040,John Reddy,19,1,0
8295,24042,Roopa Rao,28,2,0
8296,24053,Savitri Kamath,53,2,0
8297,24057,Vani Devaraj,59,2,0
8298,24060,Krishna Bhandari,73,1,0
8299,24061,Jayashree Prabhu,54,2,0
8300,24062,Gopal Bhat,41,1,0
8301,24063,Santosh Reddy,17,1,0
8302,24065,Nirmala Kumar,16,2,0
8303,24067,Nandini Bhat,51,2,0
8304,24069,Bhagya Rao,27,2,0
8305,24071,Joseph Jadhav,18,1,0
8306,24072,Geetha Desai,23,2,0
8307,24074,Mary Naidu,46,2,0
8308,24078,Anitha Patil,42,2,0
8309,24080,Karan Kamath,25,1,0
8310,24081,Pushpa Hiremath,43,2,0
8311,24082,Basavaraj Hiremath,12,1,0
8312,24083,John Khan,61,1,0
8313,24089,Sandeep Hegde,63,1,0
8314,24091,Joseph Rao,73,1,0
8315,24095,Radha Pinto,20,2,0
8316,24108,Ibrahim Kumar,27,1,0
8317,24109,Anitha Iyer,32,2,0
8318,24113,Shobha Setty,23,2,0
8319,24114,Nirmala Prabhu,45,2,0
8320,24119,Shivakumar Setty,14,1,0
8321,24122,Shobha Kulkarni,64,2,0
8322,24124,Deepa Kamath,13,2,0
8323,24134,Kavya Achar,28,2,0
8324,24136,Jayashree Nayak,64,2,0
8325,24138,Mary Achar,38,2,0
8326,24146,Kavya Rao,38,2,0
8327,24148,Nagaraj Hegde,30,1,0
8328,24151,Sowmya Hiremath,26,2,0
8329,24153,Kavya Hiremath,43,2,0
8330,24158,Kavya Pinto,37,2,0
8331,24162,Zainab Iyer,26,2,0
8332,24163,Deepa Iyer,29,2,0
8333,24164,Deepa Gowda,32,2,0
8334,24169,Karan Kulkarni,55,1,0
8335,24171,Ratna Bhandari,38,2,0
8336,24174,Jayashree Kumar,56,2,0
8337,24176,Sunita Setty,33,2,0
8338,24177,Vinay Hiremath,45,1,0
8339,24180,Vani Setty,9,2,0
8340,24183,Vani Hiremath,38,2,0
8341,24184,Ramesh Reddy,20,1,0
8342,24187,Mahesh Khan,36,1,0
8343,24188,Ganesh Kulkarni,26,1,0
8344,24194,Pushpa Naidu,22,2,0
8345,24201,Nagaraj Kumar,36,1,0
8346,24202,Jayashree Reddy,49,2,0
8347,24203,Pradeep Shetty,28,1,0
8348,24205,Mary Bhat,56,2,0
8349,24207,Nagaveni D'Souza,23,2,0
8350,24211,Pradeep Reddy,11,1,0
8351,24212,Manjula Naidu,50,2,0
8352,24212,Naveen Kulkarni,32,1,0
8353,24215,Sheela D'Souza,64,2,0
8354,24225,Pallavi Setty,75,2,0
8355,24228,Anand Bhat,21,1,0
8356,24231,Geetha Bhat,60,2,0
8357,24232,Rekha Iyer,31,2,0
8358,24233,Zainab D'Souza,6,2,0
8359,24234,Umesh Prabhu,66,1,0
8360,24238,Gopal Naidu,49,1,0
8361,24239,Gopal Reddy,43,1,0
8362,24240,Yashoda Desai,77,2,0
8363,24253,Mary Rao,31,2,0
8364,24254,Shobha Patil,26,2,0
8365,24271,Ratna Naik,22,2,0
8366,24274,Yashoda Reddy,42,2,0
8367,24275,Dinesh Kumar,59,1,0
8368,24280,Sunita Reddy,39,2,0
8369,24282,Naveen Iyer,16,1,0
8370,24286,Karan Rao,20,1,0
8371,24287,Sheela Setty,43,2,0
8372,24289,Shobha Sheikh,26,2,0
8373,24295,Ayesha Gowda,47,2,0
8374,24299,Savitri Kamath,66,2,0
8375,24302,Sowmya Jadhav,54,2,0
8376,24304,Geetha Iyer,8,2,0
8377,24305,Sowmya Urs,36,2,0
8378,24308,Nirmala Prabhu,40,2,0
8379,24309,Imran Poojary,25,1,0
8380,24310,Vani Prabhu,71,2,0
8381,24313,Radha Hiremath,39,2,0
8382,24314,Anitha Hiremath,64,2,0
8383,24316,Nirmala Hegde,47,2,0
8384,24318,Nirmala Devaraj,37,2,0
8385,24319,Gopal Pinto,10,1,0
8386,24321,Pallavi Iyer,38,2,0
8387,24322,Roopa Iyer,57,2,0
8388,24323,Shobha Reddy,9,2,0
8389,24325,Jayashree Naik,25,2,0
8390,24330,Suresh Nayak,39,1,0
8391,24331,Chandrashekar D'Souza,45,1,0
8392,24335,Basavaraj Bhat,28,1,0
8393,24342,Sunita Khan,46,2,0
8394,24343,Shobha Rao,10,2,0
8395,24345,Lokesh Sheikh,78,1,0
8396,24349,Ratna Iyer,27,2,0
8397,24351,Muniraju Devaraj,20,1,0
8398,24352,Suresh Naik,25,1,0
8399,24356,Kavya Pinto,31,2,0
8400,24358,Yashoda Naidu,58,2,0
8401,24359,Bhagya Rao,22,2,0
8402,24360,Pushpa Kamath,91,2,0
8403,24364,Umesh Fernandes,17,1,0
8404,24367,Savitri Hiremath,25,2,0
8405,24371,Mary Prabhu,50,2,0
8406,24373,Geetha Hiremath,14,2,0
8407,24375,Pallavi Nayak,25,2,0
8408,24379,Kamala Naik,41,2,0
8409,24380,Fathima Naidu,24,2,0
8410,24387,Halappa D'Souza,59,1,0
8411,24391,Salman Gowda,32,1,0
8412,24394,Radha Devaraj,65,2,0
8413,24401,Ratna Bhat,34,2,0
8414,24402,Suresh Pinto,67,1,0
8415,24405,Yusuf Hegde,10,1,0
8416,24407,Shwetha Hiremath,20,2,0
8417,24407,Bhagya Patil,31,2,0
8418,24408,Kamala Bhat,28,2,0
8419,24409,Anitha Fernandes,11,2,0
8420,24417,Sowmya Reddy,71,2,0
8421,24418,Yashoda Reddy,62,2,0
8422,24421,Nagaveni Naidu,40,2,0
8423,24422,Fathima Jadhav,39,2,0
8424,24424,Fathima Jadhav,95,2,0
8425,24425,Manjula Fernandes,61,2,0
8426,24426,Anitha Kumar,40,2,0
8427,24429,Raghavendra Nayak,48,1,0
8428,24429,Savitri Gowda,44,2,0
8429,24431,Dinesh Pinto,18,1,0
8430,24437,Nandini Patil,58,2,0
8431,24441,Kavya Pinto,15,2,0
8432,24444,Nagaveni Bhat,34,2,0
8433,24446,Fathima Khan,38,2,0
8434,24447,Harish Bhandari,51,1,0
8435,24448,Pushpa Reddy,43,2,0
8436,24451,Nagaveni Naidu,23,2,0
8437,24454,Sunita Rao,34,2,0
8438,24458,Xavier Hiremath,17,1,0
8439,24459,Pushpa Gowda,26,2,0
8440,24460,Sowmya Kumar,14,2,0
8441,24462,Nagaveni Achar,21,2,0
8442,24464,Nirmala Setty,31,2,0
8443,24465,Sheela Reddy,45,2,0
8444,24469,Sowmya Gowda,82,2,0
8445,24474,Zainab Shetty,78,2,0
8446,24477,Umesh Jadhav,41,1,0
8447,24478,Anitha Reddy,31,2,0
8448,24483,Chandrashekar Nayak,28,1,0
8449,24484,Geetha Hegde,16,2,0
8450,24486,Sunita Bhat,54,2,0
8451,24488,Lakshmi Achar,48,2,0
8452,24490,Ayesha Naidu,61,2,0
8453,24493,Nagaveni Setty,43,2,0
8454,24494,Manjula Khan,68,2,0
8455,24497,Shwetha Fernandes,28,2,0
8456,24499,Deepa Iyer,52,2,0
8457,24502,Ramesh Nayak,22,1,0
8458,24503,Pushpa Desai,70,2,0
8459,24514,Sheela Hegde,39,2,0
8460,24515,Zainab Nayak,79,2,0
8461,24518,Pallavi Sheikh,14,2,0
8462,24519,Vinay Hegde,14,1,0
8463,24521,Anitha Patil,30,2,0
8464,24527,Shobha Shetty,16,2,0
8465,24528,Zainab Naidu,55,2,0
8466,24529,Sowmya Prabhu,48,2,0
8467,24534,Ashok Bhandari,25,1,0
8468,24535,Channabasappa Naidu,65,1,0
8469,24537,Pushpa Nayak,48,2,0
8470,24546,Nirmala Naidu,35,2,0
8471,24548,Nagaveni Kulkarni,44,2,0
8472,24549,Krishna Fernandes,63,1,0
8473,24551,Zainab Khan,42,2,0
8474,24558,Channabasappa Patil,32,1,0
8475,24560,Pushpa Shetty,15,2,0
8476,24562,Geetha Setty,17,2,0
8477,24567,Roopa Desai,41,2,0
8478,24571,Shobha Reddy,76,2,0
8479,24574,Pushpa Reddy,40,2,0
8480,24577,Shobha Iyer,35,2,0
8481,24579,Zainab Hiremath,40,2,0
8482,24580,Jayashree Shetty,67,2,0
8483,24582,Anitha Hegde,34,2,0
8484,24586,Mary Jadhav,4,2,0
8485,24587,Geetha Desai,95,2,0
8486,24593,Girish Prabhu,41,1,0
8487,24599,Radha D'Souza,57,2,0
8488,24604,Mary Bhandari,18,2,0
8489,24605,Deepa Hiremath,19,2,0
8490,24606,Jayashree Fernandes,25,2,0
8491,24608,Radha Devaraj,38,2,0
8492,24612,Vani Rao,71,2,0
8493,24621,Shivakumar Desai,43,1,0
8494,24633,Kamala Hiremath,17,2,0
8495,24634,Anand Naidu,21,1,0
8496,24635,Jayashree Nayak,30,2,0
8497,24636,Lakshmi Hiremath,38,2,0
8498,24643,Sowmya Naik,49,2,0
8499,24650,Shobha Gowda,18,2,0
8500,24656,Nirmala Achar,49,2,0
8501,24661,Muniraju Hiremath,30,1,0
8502,24662,Yashoda Shetty,34,2,0
8503,24663,Ashok Bhandari,28,1,0
8504,24664,Prakash Bhat,22,1,0
8505,24666,Radha Hegde,37,2,0
8506,24670,Arjun Shetty,12,1,0
8507,24676,Basavaraj Kulkarni,37,1,0
8508,24677,Savitri Setty,88,2,0
8509,24679,Raghavendra Reddy,33,1,0
8510,24684,Sunita Sheikh,80,2,0
8511,24694,Sunita Bhandari,43,2,0
8512,24697,Fathima Iyer,32,2,0
8513,24699,Bhagya Devaraj,42,2,0
8514,24701,Rekha D'Souza,11,2,0
8515,24702,Roopa D'Souza,23,2,0
8516,24703,Sunita Rao,28,2,0
8517,24704,Manoj Kulkarni,14,1,0
8518,24705,Jayashree Naik,5,2,0
8519,24711,Chandrashekar Naik,17,1,0
8520,24713,Santosh Reddy,42,1,0
8521,24715,Shivakumar Bhat,36,1,0
8522,24721,Yashoda Bhandari,56,2,0
8523,24726,Pallavi Nayak,65,2,0
8524,24727,Lokesh Sheikh,11,1,0
8525,24733,Jayashree Kumar,95,2,0
8526,24735,Yashoda Prabhu,22,2,0
8527,24736,Ayesha Setty,20,2,0
8528,24743,Mary Fernandes,37,2,0
8529,24745,Nandini Bhandari,49,2,0
8530,24747,Ravi Hegde,33,1,0
8531,24748,Shobha Naidu,47,2,0
8532,24749,Vinay Reddy,7,1,0
8533,24754,Nagaveni Jadhav,28,2,0
8534,24755,Ayesha Kumar,36,2,0
8535,24756,Radha Poojary,22,2,0
8536,24764,Nagaveni Sheikh,40,2,0
8537,24768,Imran Hegde,26,1,0
8538,24769,Fathima Devaraj,25,2,0
8539,24775,Mary Urs,63,2,0
8540,24777,Manoj Bhat,24,1,0
8541,24783,Shobha Prabhu,32,2,0
8542,24784,Bhagya Bhandari,63,2,0
8543,24785,Manjula Gowda,32,2,0
8544,24788,Shobha Kumar,19,2,0
8545,24791,Jayashree Reddy,83,2,0
8546,24793,Pallavi Hiremath,35,2,0
8547,24797,Nagaveni Hiremath,37,2,0
8548,24800,Manjula Hiremath,66,2,0
8549,24804,Imran Naik,73,1,0
8550,24807,Lakshmi Nayak,14,2,0
8551,24810,Ayesha Hiremath,37,2,0
8552,24811,Jayashree Devaraj,26,2,0
8553,24812,Shwetha Jadhav,60,2,0
8554,24813,Rekha Kamath,33,2,0
8555,24815,Sowmya Desai,25,2,0
8556,24818,Karan Kumar,30,1,0
8557,24823,Vani Nayak,11,2,0
8558,24825,Sandeep Fernandes,66,1,0
8559,24827,Ramesh Reddy,33,1,0
8560,24828,Geetha Jadhav,51,2,0
8561,24831,Ayesha Jadhav,22,2,0
8562,24833,Sheela Khan,55,2,0
8563,24835,Roopa Hiremath,29,2,0
8564,24837,Lakshmi Bhat,43,2,0
8565,24843,Sunita Kumar,32,2,0
8566,24844,Anthony Reddy,47,1,0
8567,24845,Kamala Kulkarni,43,2,0
8568,24852,Kamala Jadhav,73,2,0
8569,24855,Dinesh Devaraj,43,1,0
8570,24857,Shwetha Hegde,25,2,0
8571,24858,Radha Nayak,57,2,0
8572,24861,Vani Urs,41,2,0
8573,24862,Vani Patil,19,2,0
8574,24863,Radha Gowda,37,2,0
8575,24865,Radha Nayak,40,2,0
8576,24866,Ashok Patil,10,1,0
8577,24868,Pallavi Achar,24,2,0
8578,24873,Pushpa Khan,9,2,0
8579,24874,Srinivas Poojary,29,1,0
8580,24877,Nandini Hiremath,57,2,0
8581,24882,Sowmya Fernandes,40,2,0
8582,24883,Fathima Nayak,80,2,0
8583,24884,Sunita D'Souza,5,2,0
8584,24886,Byrappa Setty,32,1,0
8585,24889,Halappa Naidu,33,1,0
8586,24897,Fathima Desai,21,2,0
8587,24899,Shobha Kulkarni,81,2,0
8588,24901,Girish Urs,67,1,0
8589,24914,Basavaraj Naik,39,1,0
8590,24917,Sandeep Hegde,29,1,0
8591,24918,Anthony Reddy,72,1,0
8592,24919,Ashok Urs,41,1,0
8593,24921,Bhagya Pinto,89,2,0
8594,24926,Zainab Rao,28,2,0
8595,24930,Joseph Naik,36,1,0
8596,24931,Pushpa Desai,37,2,0
8597,24937,Fathima Reddy,88,2,0
8598,24940,Roopa Iyer,51,2,0
8599,24947,Sowmya Rao,22,2,0
8600,24948,Anitha Desai,10,2,0
8601,24954,Yogesh Jadhav,26,1,0
8602,24957,Yashoda Naidu,19,2,1
8603,24958,Srinivas Reddy,71,1,0
8604,24960,Prakash Hegde,56,1,0
8605,24965,Kamala Achar,68,2,0
8606,24967,Rekha Jadhav,71,2,0
8607,24974,Fathima Patil,25,2,1
8608,24980,Imran Poojary,13,1,0
8609,24984,Nandini Setty,27,2,0
8610,24989,Kavya Naidu,31,2,0
8611,24991,Bhagya Shetty,12,2,0
8612,24992,Jayashree Kumar,25,2,0
8613,24993,Radha Urs,17,2,0
8614,24994,Bhagya Pinto,51,2,1
8615,25000,Manjula Sheikh,45,2,0
8616,25001,Shivakumar Bhandari,47,1,0
8617,25003,Zainab Urs,23,2,0
8618,25004,Anthony Poojary,30,1,0
8619,25009,Imran Jadhav,25,1,0
8620,25012,Mary Reddy,32,2,0
8621,25014,Sheela Nayak,38,2,0
8622,25015,Salman Reddy,44,1,0
8623,25021,Sheela Rao,79,2,0
8624,25023,Shivakumar Poojary,15,1,0
8625,25024,Yashoda Devaraj,87,2,0
8626,25029,Nirmala Naidu,4,2,0
8627,25031,Shobha Kumar,36,2,0
8628,25032,Radha Sheikh,27,2,0
8629,25046,Deepa D'Souza,20,2,0
8630,25047,Shivakumar Hiremath,17,1,0
8631,25048,Geetha Gowda,21,2,0
8632,25050,Nagaveni Jadhav,27,2,0
8633,25055,Zainab Gowda,44,2,0
8634,25056,Savitri Bhandari,55,2,0
8635,25058,Vani Jadhav,37,2,0
8636,25060,Rajesh Gowda,56,1,0
8637,25061,Byrappa Pinto,38,1,0
8638,25063,Raghavendra Kulkarni,58,1,0
8639,25066,Yogesh Bhandari,67,1,0
8640,25067,Zainab Urs,40,2,0
8641,25068,Raghavendra Gowda,95,1,0
8642,25071,Bhagya Iyer,33,2,0
8643,25074,Nandini Devaraj,28,2,0
8644,25075,Shivakumar Setty,41,1,0
8645,25078,Imran Iyer,17,1,0
8646,25081,Ayesha Poojary,26,2,0
8647,25082,Nagaveni Khan,24,2,0
8648,25084,Ratna Gowda,33,2,0
8649,25087,Lakshmi Gowda,87,2,0
8650,25088,Harish Urs,43,1,0
8651,25089,Gopal Kulkarni,52,1,0
8652,25091,Manjula Rao,21,2,0
8653,25097,Muniraju Setty,41,1,0
8654,25100,Fathima Nayak,20,2,0
8655,25101,Ibrahim Achar,12,1,0
8656,25104,Basavaraj Hiremath,37,1,0
8657,25105,Pallavi Urs,27,2,0
8658,25108,Santosh Devaraj,17,1,0
8659,25112,Fathima Prabhu,31,2,0
8660,25113,Prakash Bhandari,43,1,0
8661,25116,Deepak Hiremath,29,1,0
8662,25119,Kamala Naik,27,2,0
8663,25123,Anitha Nayak,47,2,0
8664,25125,Ayesha Hiremath,80,2,0
8665,25127,Karan Pinto,31,1,0
8666,25129,Mahesh Fernandes,57,1,0
8667,25131,Rekha Desai,43,2,0
8668,25133,Salman Patil,36,1,0
8669,25135,Yashoda Achar,22,2,0
8670,25137,Geetha Poojary,33,2,0
8671,25138,Radha Naik,28,2,0
8672,25139,Yashoda Rao,26,2,0
8673,25141,Fathima Gowda,56,2,0
8674,25142,Shwetha Fernandes,48,2,0
8675,25152,Zainab Urs,45,2,0
8676,25156,Puttaswamy Desai,61,1,0
8677,25159,Naveen Devaraj,70,1,0
8678,25166,Pallavi Jadhav,70,2,0
8679,25174,Ramesh Hegde,33,1,0
8680,25180,Kamala Urs,12,2,0
8681,25184,Pradeep Pinto,66,1,0
8682,25185,Shobha Reddy,21,2,0
8683,25188,Manjunath Gowda,23,1,0
8684,25190,Kamala Devaraj,30,2,0
8685,25196,Savitri Gowda,45,2,0
8686,25203,Shobha Rao,54,2,0
8687,25204,Arjun Kulkarni,17,1,0
8688,25207,Kavya Urs,64,2,0
8689,25208,Savitri Sheikh,51,2,0
8690,25210,Srinivas Achar,72,1,0
8691,25212,Raghavendra Naik,45,1,0
8692,25214,Suresh Urs,13,1,0
8693,25216,Dinesh Kamath,11,1,0
8694,25217,Mahesh D'Souza,8,1,0
8695,25220,Nandini Devaraj,72,2,0
8696,25221,Savitri Naik,35,2,0
8697,25222,Pallavi Reddy,41,2,0
8698,25224,Sowmya Gowda,69,2,0
8699,25227,Puttaswamy Hiremath,23,1,0
8700,25228,Shobha Pinto,52,2,0
8701,25230,Raghavendra Naik,26,1,0
8702,25233,Sheela Jadhav,23,2,0
8703,25241,Sowmya Kulkarni,56,2,0
8704,25248,John Reddy,7,1,0
8705,25250,Mary Bhat,48,2,0
8706,25251,Raghavendra Desai,31,1,0
8707,25261,Imran Hegde,26,1,0
8708,25264,Mary Rao,27,2,0
8709,25268,Pradeep Fernandes,40,1,0
8710,25269,Savitri Reddy,34,2,0
8711,25272,Kamala Reddy,29,2,0
8712,25273,Gopal Kulkarni,18,1,0
8713,25274,Lakshmi Fernandes,52,2,0
8714,25278,Vinay Setty,46,1,1
8715,25280,Ibrahim Kulkarni,54,1,0
8716,25284,Deepa Hiremath,35,2,0
8717,25287,Sandeep Hiremath,29,1,0
8718,25290,Yashoda Prabhu,29,2,0
8719,25291,Mary Devaraj,41,2,0
8720,25297,Geetha Hiremath,26,2,0
8721,25301,Sheela Reddy,76,2,0
8722,25302,Halappa Pinto,20,1,0
8723,25304,Nandini Setty,7,2,0
8724,25307,Prakash Naik,52,1,0
8725,25309,Jayashree Gowda,35,2,0
8726,25321,Ibrahim Shetty,24,1,0
8727,25322,Sunita Hegde,33,2,0
8728,25323,Shobha Rao,40,2,0
8729,25326,Ayesha Naik,82,2,0
8730,25327,Girish Desai,47,1,0
8731,25332,Shobha Sheikh,58,2,0
8732,25339,Nirmala Nayak,9,2,0
8733,25339,Harish Kamath,77,1,0
8734,25342,Rekha Iyer,62,2,0
8735,25343,Sunita Bhat,34,2,0
8736,25345,Santosh Kumar,49,1,0
8737,25349,Yashoda Sheikh,49,2,0
8738,25358,Lokesh Jadhav,38,1,0
8739,25362,Yogesh D'Souza,39,1,0
8740,25365,Nirmala Bhat,7,2,0
8741,25370,Girish Sheikh,38,1,0
8742,25372,Rekha Naik,21,2,0
8743,25373,Ganesh Setty,35,1,0
8744,25375,Ganesh Pinto,52,1,0
8745,25376,Pallavi D'Souza,36,2,0
8746,25380,Lakshmi Setty,22,2,0
8747,25383,Harish Hiremath,7,1,0
8748,25384,Dinesh Desai,25,1,0
8749,25385,Deepa Nayak,28,2,0
8750,25387,John Urs,20,1,0
8751,25388,Sowmya Khan,11,2,0
8752,25391,Yashoda D'Souza,25,2,0
8753,25393,Halappa Kulkarni,68,1,0
8754,25394,Anitha Kamath,31,2,0
8755,25395,Zainab Urs,72,2,0
8756,25398,Chandrashekar Setty,38,1,0
8757,25399,Fathima Jadhav,42,2,0
8758,25402,Shwetha Achar,24,2,0
8759,25403,Anitha Reddy,37,2,0
8760,25408,Ashok Reddy,17,1,0
8761,25409,Sheela Devaraj,25,2,0
8762,25412,Deepak Kamath,78,1,0
8763,25413,Chandrashekar Iyer,93,1,0
8764,25416,Sheela Jadhav,44,2,0
8765,25423,Rekha Nayak,27,2,0
8766,25425,Geetha Kamath,45,2,0
8767,25428,Umesh Pinto,45,1,0
8768,25431,Santosh Rao,6,1,0
8769,25433,Mahesh Reddy,27,1,0
8770,25434,Jayashree Kulkarni,38,2,0
8771,25435,Harish Pinto,38,1,0
8772,25439,Ayesha Jadhav,41,2,0
8773,25441,Ganesh Iyer,38,1,0
8774,25442,Ramesh D'Souza,54,1,0
8775,25443,Pallavi Kulkarni,52,2,0
8776,25448,Anitha Sheikh,60,2,0
8777,25450,Basavaraj Setty,29,1,0
8778,25462,Kiran Sheikh,41,1,0
8779,25465,Sowmya Achar,38,2,0
8780,25467,Rekha Naidu,63,2,0
8781,25468,Rajesh Naik,15,1,0
8782,25469,Kiran Kamath,12,1,0
8783,25470,Nirmala Kumar,25,2,0
8784,25472,Salman D'Souza,42,1,0
8785,25473,Pallavi Iyer,54,2,0
8786,25476,Pallavi Iyer,26,2,0
8787,25484,Yogesh Kumar,69,1,0
8788,25485,Nandini Sheikh,26,2,0
8789,25492,Ayesha Fernandes,27,2,0
8790,25493,Radha Urs,57,2,0
8791,25494,Sunita Nayak,60,2,0
8792,25496,Chandrashekar Prabhu,37,1,0
8793,25500,Chandrashekar Patil,30,1,0
8794,25502,Channabasappa Gowda,57,1,0
8795,25502,Deepa Devaraj,42,2,0
8796,25504,Santosh Urs,21,1,0
8797,25506,Nagaveni Pinto,71,2,0
8798,25508,Sowmya Setty,22,2,0
8799,25513,Kamala Naik,49,2,0
8800,25518,Nagaveni Rao,28,2,0
8801,25520,Krishna Kumar,41,1,0
8802,25523,Salman Prabhu,20,1,0
8803,25525,Savitri Poojary,16,2,0
8804,25528,Zainab Fernandes,19,2,0
8805,25531,Geetha Devaraj,26,2,0
8806,25534,Sheela Devaraj,21,2,0
8807,25537,Basavaraj Patil,39,1,0
8808,25538,Rekha Hegde,52,2,0
8809,25541,Kavya Khan,20,2,0
8810,25543,Dinesh Reddy,21,1,0
8811,25547,Ravi Bhandari,36,1,0
8812,25548,Lokesh Setty,82,1,0
8813,25550,Anitha Hiremath,28,2,0
8814,25555,Imran Kumar,49,1,0
8815,25556,Yusuf Poojary,40,1,0
8816,25562,Roopa Jadhav,75,2,0
8817,25566,Manjula Kamath,36,2,0
8818,25567,Harish Poojary,26,1,0
8819,25572,Byrappa Fernandes,63,1,0
8820,25573,Yogesh Reddy,69,1,0
8821,25581,Dinesh Poojary,11,1,0
8822,25584,Nandini Hiremath,18,2,0
8823,25590,Bhagya Reddy,35,2,0
8824,25600,Rajesh Patil,43,1,0
8825,25601,Kiran Reddy,45,1,0
8826,25610,Nagaveni Naidu,29,2,0
8827,25612,Nandini Urs,14,2,0
8828,25614,Ashok Naidu,37,1,0
8829,25615,Geetha Hegde,41,2,0
8830,25616,Nandini Khan,50,2,0
8831,25620,Nagaveni Achar,36,2,0
8832,25621,Geetha Kulkarni,29,2,0
8833,25624,Mahesh Iyer,84,1,0
8834,25633,Anitha Sheikh,38,2,0
8835,25637,Prakash Gowda,15,1,0
8836,25638,Xavier Nayak,46,1,0
8837,25643,Nirmala Sheikh,48,2,0
8838,25644,Yashoda Nayak,47,2,0
8839,25646,Basavaraj Achar,65,1,0
8840,25647,Pallavi Kamath,32,2,0
8841,25651,Yashoda Prabhu,95,2,0
8842,25653,Jayashree Nayak,26,2,0
8843,25661,Pallavi Nayak,43,2,0
8844,25662,Vani Achar,14,2,0
8845,25665,Lakshmi Shetty,47,2,0
8846,25667,Umesh Hiremath,85,1,0
8847,25670,Geetha Rao,63,2,0
8848,25671,Ratna Sheikh,11,2,0
8849,25672,Ratna Fernandes,25,2,0
8850,25675,Naveen Reddy,17,1,0
8851,25676,Lakshmi Urs,19,2,0
8852,25678,Bhagya Nayak,45,2,0
8853,25679,Pushpa Kamath,37,2,0
8854,25680,Sunita Bhat,66,2,0
8855,25687,Kamala Achar,48,2,0
8856,25691,Yusuf Kamath,51,1,0
8857,25692,Sunita Devaraj,26,2,0
8858,25694,Jayashree Khan,69,2,0
8859,25700,Ayesha Rao,25,2,0
8860,25709,Savitri D'Souza,55,2,0
8861,25712,Sandeep Achar,20,1,0
8862,25716,Manjula Sheikh,55,2,0
8863,25717,Lakshmi Rao,45,2,0
8864,25719,Bhagya Kulkarni,29,2,0
8865,25720,Kavya Kulkarni,33,2,0
8866,25721,Sowmya Fernandes,35,2,0
8867,25728,Jayashree Iyer,56,2,0
8868,25729,Sowmya Hegde,25,2,0
8869,25730,Umesh Reddy,55,1,0
8870,25731,Radha Hegde,32,2,0
8871,25741,Deepa Kumar,50,2,0
8872,25743,Vijay Gowda,8,1,0
8873,25747,Shobha Rao,21,2,0
8874,25751,Geetha Reddy,22,2,0
8875,25752,Ratna Fernandes,26,2,0
8876,25756,Radha Fernandes,56,2,0
8877,25760,Bhagya Naik,62,2,0
8878,25762,Radha Naidu,56,2,0
8879,25764,Nandini Shetty,39,2,0
8880,25765,Prakash Rao,33,1,0
8881,25769,Nagaraj Kulkarni,16,1,0
8882,25772,Muniraju Kulkarni,39,1,0
8883,25773,Yashoda Jadhav,9,2,0
8884,25779,Nandini Kamath,43,2,0
8885,25787,Shobha Kamath,35,2,0
8886,25788,Nagaveni Desai,81,2,0
8887,25790,Puttaswamy Kamath,61,1,0
8888,25792,Radha Devaraj,27,2,0
8889,25797,Mary Urs,18,2,0
8890,25799,Naveen Urs,39,1,0
8891,25802,Sheela Bhat,26,2,0
8892,25804,Kiran Rao,44,1,0
8893,25806,Lakshmi Reddy,78,2,0
8894,25809,Bhagya Kulkarni,32,2,0
8895,25810,Xavier Reddy,78,1,0
8896,25811,Abdul Rao,34,1,0
8897,25811,Nagaveni Pinto,28,2,0
8898,25811,Yashoda Pinto,15,2,0
8899,25812,Bhagya Sheikh,19,2,0
8900,25813,Abdul Hiremath,23,1,0
8901,25817,Yashoda Reddy,28,2,0
8902,25818,Sheela Rao,51,2,0
8903,25820,Lakshmi Patil,64,2,0
8904,25822,Deepa Kumar,60,2,0
8905,25825,Roopa Iyer,68,2,0
8906,25834,Nagaveni Kumar,39,2,0
8907,25836,Anthony Reddy,13,1,0
8908,25838,Abdul Gowda,61,1,0
8909,25842,Yashoda Desai,27,2,0
8910,25844,Chandrashekar Setty,16,1,0
8911,25847,Naveen Urs,67,1,0
8912,25850,Savitri Devaraj,30,2,0
8913,25855,Savitri Hegde,41,2,0
8914,25860,Shobha Naik,60,2,0
8915,25862,Nandini Nayak,17,2,0
8916,25864,Bhagya Bhat,34,2,0
8917,25866,Jayashree Pinto,21,2,0
8918,25869,Roopa Patil,16,2,0
8919,25870,Nagaraj Patil,23,1,0
8920,25878,Bhagya Kulkarni,18,2,0
8921,25880,Manoj Achar,59,1,0
8922,25881,Nagaveni Iyer,94,2,0
8923,25883,Muniraju Khan,24,1,0
8924,25884,Rekha Naik,14,2,0
8925,25887,Radha Naik,28,2,0
8926,25895,Rajesh Sheikh,14,1,0
8927,25896,Xavier Hegde,22,1,0
8928,25897,Mary Urs,24,2,0
8929,25901,Lakshmi Sheikh,39,2,0
8930,25903,Krishna Iyer,47,1,0
8931,25906,Pushpa Kulkarni,17,2,0
8932,25913,Deepa Pinto,35,2,0
8933,25914,Anitha Reddy,53,2,0
8934,25915,Raghavendra Hiremath,32,1,0
8935,25916,Byrappa Shetty,40,1,0
8936,25917,Abdul Reddy,5,1,0
8937,25919,Shobha Kamath,34,2,0
8938,25920,Lokesh Rao,40,1,0
8939,25923,Ganesh Naidu,66,1,0
8940,25928,Nagaraj Reddy,64,1,0
8941,25930,Nagaveni D'Souza,44,2,0
8942,25932,Sheela Fernandes,40,2,0
8943,25933,Shobha Rao,49,2,0
8944,25935,Nagaveni Poojary,47,2,0
8945,25937,Pushpa Nayak,12,2,0
8946,25941,Dinesh Kumar,42,1,0
8947,25943,Manjula Khan,20,2,0
8948,25944,Shwetha Urs,18,2,0
8949,25945,Sheela Shetty,38,2,0
8950,25946,Shwetha Hegde,73,2,0
8951,25947,Zainab Fernandes,95,2,0
8952,25953,Jayashree Poojary,52,2,0
8953,25956,Sunita Kulkarni,64,2,0
8954,25959,Mahesh Prabhu,20,1,0
8955,25961,Lokesh Achar,8,1,0
8956,25965,Nandini Gowda,77,2,0
8957,25968,Yashoda Sheikh,62,2,0
8958,25969,Ayesha Devaraj,32,2,0
8959,25973,Radha Kamath,48,2,0
8960,25977,Sowmya Devaraj,30,2,0
8961,25979,Ibrahim Achar,37,1,0
8962,25985,Suresh Kulkarni,21,1,0
8963,25986,Ramesh Naidu,29,1,0
8964,25988,Bhagya Poojary,7,2,0
8965,25990,Yashoda Jadhav,34,2,0
8966,25992,Manjula Kulkarni,36,2,0
8967,25993,Deepa Hiremath,13,2,0
8968,25995,Sunita Khan,25,2,0
8969,25996,Sowmya Nayak,17,2,0
8970,25999,Kamala Urs,43,2,0
8971,25999,Sandeep Pinto,49,1,0
8972,25999,Chandrashekar Patil,16,1,0
8973,26004,Jayashree Devaraj,41,2,0
8974,26005,Jayashree Sheikh,53,2,0
8975,26005,Salman Setty,30,1,0
8976,26005,Yashoda Hegde,32,2,0
8977,26009,Ayesha Reddy,22,2,0
8978,26011,Sunita Reddy,30,2,0
8979,26015,Byrappa Hiremath,43,1,0
8980,26016,Sunita D'Souza,34,2,0
8981,26017,Radha Reddy,26,2,0
8982,26033,Mary Bhat,50,2,0
8983,26034,Nirmala Iyer,79,2,0
8984,26037,Yogesh Kulkarni,42,1,0
8985,26039,Yusuf Khan,30,1,0
8986,26040,Chandrashekar Setty,72,1,0
8987,26044,Prakash Naik,53,1,0
8988,26046,Yashoda Gowda,62,2,0
8989,26047,Shwetha Devaraj,21,2,0
8990,26052,Deepa Devaraj,50,2,0
8991,26053,Ayesha Poojary,22,2,0
8992,26054,Nirmala Poojary,93,2,0
8993,26059,Sunita Desai,36,2,0
8994,26060,Vijay Iyer,53,1,0
8995,26062,Manoj Patil,44,1,0
8996,26063,Zainab Prabhu,17,2,0
8997,26065,Nandini Setty,18,2,0
8998,26066,Savitri Hegde,10,2,0
8999,26068,Nagaveni Rao,51,2,0
9000,26069,Sunita Khan,46,2,0
9001,26073,Anitha Prabhu,84,2,0
9002,26080,Nirmala Poojary,29,2,0
9003,26082,Kamala Bhandari,28,2,0
9004,26086,Puttaswamy D'Souza,40,1,0
9005,26087,Sheela Pinto,20,2,0
9006,26090,Ravi Hiremath,48,1,0
9007,26092,Ayesha Jadhav,46,2,0
9008,26093,Zainab Nayak,25,2,0
9009,26094,Vinay Nayak,48,1,0
9010,26098,Nirmala Desai,38,2,0
9011,26101,Anitha Gowda,31,2,0
9012,26105,Roopa Reddy,18,2,0
9013,26106,Nagaraj Pinto,48,1,0
9014,26108,Ratna Poojary,74,2,0
9015,26110,Shobha Devaraj,70,2,0
9016,26112,Gopal Pinto,19,1,0
9017,26113,Deepak Patil,78,1,0
9018,26115,Channabasappa Poojary,77,1,0
9019,26121,Deepa Iyer,79,2,0
9020,26123,Bhagya D'Souza,30,2,0
9021,26125,Joseph Devaraj,27,1,0
9022,26126,Arjun Achar,59,1,0
9023,26127,Radha Rao,18,2,0
9024,26139,Vinay Sheikh,62,1,0
9025,26142,Shwetha Reddy,46,2,0
9026,26144,Imran Urs,66,1,0
9027,26149,Nirmala Shetty,26,2,0
9028,26151,Savitri Urs,33,2,0
9029,26153,Manoj Pinto,40,1,0
9030,26155,Yusuf Pinto,33,1,0
9031,26156,Kiran Patil,16,1,0
9032,26157,Muniraju Iyer,32,1,0
9033,26163,Roopa Achar,52,2,0
9034,26164,Lakshmi Hiremath,34,2,0
9035,26168,Savitri Prabhu,42,2,0
9036,26175,Anitha Kulkarni,13,2,0
9037,26179,Fathima Sheikh,19,2,0
9038,26180,Lokesh Khan,21,1,0
9039,26182,Anitha Kumar,12,2,0
9040,26183,Salman Naidu,41,1,0
9041,26187,Bhagya Bhat,19,2,0
9042,26190,Roopa Hiremath,15,2,0
9043,26194,Shwetha Reddy,47,2,0
9044,26197,Kamala Bhandari,45,2,0
9045,26201,Gopal Kulkarni,24,1,0
9046,26204,Pushpa Prabhu,14,2,0
9047,26205,Anand Reddy,26,1,0
9048,26206,Ashok Naik,45,1,0
9049,26214,Jayashree Setty,37,2,0
9050,26214,Raghavendra Urs,39,1,0
9051,26214,Fathima Kulkarni,13,2,0
9052,26216,Yashoda Naidu,70,2,0
9053,26222,Suresh Hiremath,41,1,0
9054,26223,Ashok Khan,21,1,0
9055,26225,Puttaswamy Poojary,86,1,0
9056,26227,Mary Bhat,26,2,0
9057,26229,Shwetha Khan,79,2,0
9058,26230,Yusuf Shetty,61,1,0
9059,26231,Santosh Iyer,19,1,0
9060,26236,Sowmya Urs,30,2,0
9061,26237,Byrappa Hiremath,17,1,0
9062,26240,Zainab Poojary,58,2,0
9063,26243,Manjunath Hiremath,32,1,0
9064,26246,Fathima Gowda,43,2,0
9065,26247,Umesh Kumar,28,1,0
9066,26252,Rekha Naidu,63,2,0
9067,26254,Channabasappa Hegde,39,1,0
9068,26255,Shobha Bhat,62,2,0
9069,26256,Radha Reddy,13,2,0
9070,26257,Sheela Jadhav,65,2,0
9071,26265,Ganesh Rao,22,1,0
9072,26277,Channabasappa Hiremath,56,1,0
9073,26278,Nirmala Pinto,48,2,0
9074,26279,Srinivas Urs,73,1,0
9075,26282,Byrappa Urs,30,1,0
9076,26284,Rekha Kulkarni,78,2,0
9077,26285,Kamala Bhandari,28,2,0
9078,26287,Channabasappa Desai,46,1,0
9079,26288,Manjula Bhandari,41,2,0
9080,26290,Nirmala Reddy,17,2,0
9081,26291,Pushpa Desai,61,2,0
9082,26292,Krishna Urs,31,1,0
9083,26294,Manjula Devaraj,44,2,0
9084,26298,Radha Hiremath,16,2,0
9085,26300,Nirmala Bhandari,46,2,0
9086,26302,Deepa Prabhu,52,2,0
9087,26307,Anand Bhandari,25,1,0
9088,26312,Nagaraj Patil,63,1,0
9089,26314,Yashoda Urs,29,2,0
9090,26315,Yashoda Poojary,69,2,0
9091,26318,Vinay Kamath,22,1,0
9092,26319,Sunita Bhat,77,2,0
9093,26321,Srinivas Setty,11,1,0
9094,26322,Srinivas Bhandari,45,1,0
9095,26324,Anitha Poojary,68,2,0
9096,26329,Gopal Khan,21,1,0
9097,26330,Bhagya Kumar,22,2,0
9098,26334,Radha Naik,36,2,0
9099,26338,Lakshmi Setty,45,2,0
9100,26339,Ratna Hiremath,39,2,0
9101,26342,Roopa Jadhav,23,2,0
9102,26344,Fathima Nayak,23,2,0
9103,26344,Pushpa Sheikh,32,2,0
9104,26344,Roopa Patil,53,2,0
9105,26345,Manjunath Reddy,47,1,0
9106,26346,Fathima Naidu,36,2,0
9107,26350,Yusuf Urs,38,1,0
9108,26351,Ashok Kumar,21,1,0
9109,26359,Umesh Kamath,21,1,0
9110,26360,Lakshmi Reddy,25,2,0
9111,26368,Manjula Kumar,18,2,0
9112,26370,Manjula Naik,26,2,0
9113,26372,Pallavi Prabhu,27,2,0
9114,26373,Ratna Hiremath,53,2,0
9115,26380,Shivakumar Kamath,16,1,0
9116,26383,Nirmala Devaraj,33,2,0
9117,26389,Pushpa Devaraj,40,2,0
9118,26390,Mary Kulkarni,5,2,0
9119,26391,Puttaswamy Hiremath,17,1,0
9120,26392,Ayesha Iyer,8,2,0
9121,26393,Nagaveni Urs,46,2,0
9122,26398,Deepak Kulkarni,36,1,0
9123,26399,Manjunath Achar,50,1,0
9124,26400,Nandini Jadhav,15,2,0
9125,26407,Bhagya Sheikh,52,2,0
9126,26411,Ratna Bhat,32,2,0
9127,26413,Raghavendra Reddy,41,1,0
9128,26415,Fathima Pinto,21,2,0
9129,26417,Shwetha Bhat,77,2,0
9130,26418,Joseph Nayak,60,1,0
9131,26421,Shwetha Rao,46,2,0
9132,26422,Ravi Naidu,41,1,0
9133,26423,Zainab Poojary,77,2,0
9134,26425,Yashoda Reddy,60,2,0
9135,26428,Vani Iyer,43,2,0
9136,26430,Halappa Urs,65,1,0
9137,26433,Kavya Patil,49,2,0
9138,26440,Ashok Jadhav,43,1,0
9139,26443,Vinay Urs,24,1,0
9140,26452,Sowmya Reddy,50,2,0
9141,26453,Lakshmi Patil,81,2,0
9142,26458,Geetha D'Souza,41,2,0
9143,26460,Geetha Kulkarni,35,2,0
9144,26464,Manjula Kamath,14,2,0
9145,26468,Kamala Shetty,11,2,0
9146,26469,Bhagya Bhat,23,2,0
9147,26476,Jayashree Achar,22,2,0
9148,26478,Sowmya Gowda,40,2,0
9149,26480,Savitri Urs,23,2,0
9150,26481,Halappa Kamath,28,1,0
9151,26483,Nandini Poojary,24,2,0
9152,26490,Shwetha Naik,31,2,0
9153,26491,Sandeep Khan,36,1,0
9154,26492,Deepak Nayak,41,1,0
9155,26492,Anthony Devaraj,44,1,0
9156,26495,Sheela Prabhu,37,2,0
9157,26496,Shobha Kumar,21,2,0
9158,26497,Rekha Naidu,12,2,0
9159,26502,Rekha Prabhu,26,2,0
9160,26505,Umesh Iyer,67,1,0
9161,26507,Anitha Patil,56,2,0
9162,26508,Kiran Gowda,11,1,0
9163,26511,Imran Bhandari,51,1,0
9164,26514,Karan Bhandari,40,1,0
9165,26518,Shobha Pinto,32,2,0
9166,26520,Ayesha Khan,11,2,0
9167,26523,Ratna Hiremath,30,2,0
9168,26532,Lakshmi Gowda,95,2,0
9169,26533,Prakash Nayak,43,1,0
9170,26537,Vani Devaraj,10,2,0
9171,26540,Nirmala Naik,35,2,0
9172,26544,Nandini Pinto,49,2,0
9173,26545,Jayashree Rao,13,2,0
9174,26547,Imran Fernandes,53,1,0
9175,26551,Geetha Bhat,25,2,0
9176,26553,Pallavi Reddy,51,2,0
9177,26554,Kamala Jadhav,30,2,0
9178,26568,Ashok Devaraj,45,1,0
9179,26572,Basavaraj Iyer,23,1,0
9180,26577,Savitri Bhat,20,2,0
9181,26579,Mahesh Iyer,19,1,0
9182,26579,Krishna Shetty,44,1,0
9183,26580,Anitha Desai,35,2,0
9184,26585,Anthony Kamath,23,1,0
9185,26586,Fathima Nayak,16,2,0
9186,26587,Pallavi Urs,25,2,0
9187,26594,Girish Pinto,31,1,0
9188,26596,Lokesh Reddy,34,1,0
9189,26605,Radha Fernandes,35,2,0
9190,26606,Ayesha Devaraj,15,2,0
9191,26609,Geetha D'Souza,37,2,0
9192,26612,Geetha Rao,25,2,0
9193,26613,Rekha Kulkarni,8,2,0
9194,26616,Umesh Prabhu,39,1,0
9195,26618,Ratna Hiremath,30,2,0
9196,26619,Lakshmi Reddy,70,2,0
9197,26621,Yashoda Kumar,27,2,0
9198,26626,Yogesh Bhat,44,1,0
9199,26629,Raghavendra Iyer,24,1,0
9200,26631,Pallavi Gowda,56,2,0
9201,26634,Sheela Reddy,43,2,0
9202,26635,Geetha Devaraj,30,2,0
9203,26637,Shwetha Urs,28,2,0
9204,26638,Ayesha Kamath,50,2,0
9205,26642,Kamala Reddy,39,2,0
9206,26643,Manjunath Urs,75,1,0
9207,26646,Jayashree Kulkarni,37,2,0
9208,26647,Kavya Bhat,78,2,0
9209,26649,Deepak Fernandes,65,1,0
9210,26650,Kamala Kamath,36,2,0
9211,26653,Kavya Achar,28,2,0
9212,26655,Rekha Rao,26,2,0
9213,26657,Bhagya Pinto,26,2,0
9214,26658,Deepa Kulkarni,40,2,0
9215,26659,Sowmya Fernandes,37,2,0
9216,26661,Fathima Urs,95,2,0
9217,26662,Radha Khan,20,2,0
9218,26663,Pallavi Nayak,79,2,0
9219,26664,Mary Kumar,60,2,0
9220,26666,Kavya Prabhu,41,2,0
9221,26668,Radha Reddy,95,2,0
9222,26669,Anitha Kulkarni,13,2,0
9223,26670,Joseph Prabhu,34,1,0
9224,26676,Deepak Reddy,14,1,0
9225,26677,Raghavendra Reddy,41,1,0
9226,26679,Suresh Reddy,30,1,0
9227,26687,Nandini Desai,17,2,0
9228,26688,Joseph Rao,17,1,0
9229,26689,Nagaveni Sheikh,11,2,0
9230,26694,Ayesha Setty,36,2,0
9231,26703,Pallavi Patil,52,2,0
9232,26704,Geetha Nayak,30,2,0
9233,26706,Pallavi Iyer,72,2,0
9234,26707,Sheela Bhat,14,2,0
9235,26712,Kiran Iyer,46,1,0
9236,26713,Nagaveni Gowda,13,2,0
9237,26714,Raghavendra Patil,48,1,0
9238,26715,Roopa Jadhav,34,2,0
9239,26717,Manjula Bhat,32,2,0
9240,26721,Lakshmi Khan,95,2,0
9241,26724,Roopa Naidu,63,2,0
9242,26728,Vijay Iyer,32,1,0
9243,26736,Basavaraj Devaraj,19,1,0
9244,26737,Deepa Fernandes,15,2,0
9245,26738,Fathima Sheikh,31,2,0
9246,26744,Prakash Kamath,46,1,0
9247,26746,Rajesh Naik,43,1,0
9248,26748,Byrappa Hiremath,43,1,0
9249,26753,Manjunath Jadhav,37,1,1
9250,26763,Joseph Patil,33,1,0
9251,26764,Ayesha Jadhav,24,2,0
9252,26766,Yashoda Kamath,47,2,0
9253,26771,Vani Devaraj,39,2,0
9254,26772,Savitri Devaraj,82,2,0
9255,26776,Pallavi Hiremath,25,2,0
9256,26777,Ramesh Bhandari,26,1,0
9257,26785,Shivakumar Rao,64,1,0
9258,26787,Shwetha Pinto,26,2,0
9259,26791,Geetha Kumar,14,2,0
9260,26796,Ayesha Reddy,85,2,0
9261,26801,Dinesh Reddy,77,1,0
9262,26804,Krishna Achar,95,1,0
9263,26805,Shwetha D'Souza,42,2,0
9264,26806,Fathima Desai,43,2,0
9265,26807,Jayashree Jadhav,31,2,0
9266,26815,Yashoda Sheikh,12,2,0
9267,26819,Kavya Naik,39,2,0
9268,26820,Byrappa Kulkarni,32,1,0
9269,26821,Muniraju Patil,46,1,0
9270,26823,Nagaveni Pinto,34,2,0
9271,26824,Raghavendra Bhandari,28,1,0
9272,26828,Xavier Devaraj,42,1,0
9273,26831,Kavya Rao,78,2,0
9274,26832,Channabasappa Devaraj,14,1,0
9275,26836,Sandeep Poojary,11,1,0
9276,26842,Ganesh Hiremath,63,1,0
9277,26845,Savitri Sheikh,30,2,1
9278,26852,Zainab Urs,22,2,0
9279,26854,Sunita Rao,23,2,0
9280,26861,Girish Gowda,48,1,0
9281,26863,Xavier D'Souza,29,1,0
9282,26864,Ayesha Urs,58,2,0
9283,26865,Geetha Fernandes,86,2,0
9284,26868,Basavaraj Kumar,95,1,0
9285,26873,Rekha Bhandari,41,2,0
9286,26876,Nirmala Jadhav,45,2,0
9287,26878,Fathima Naik,15,2,0
9288,26884,Pradeep Prabhu,26,1,0
9289,26885,Manoj Reddy,71,1,0
9290,26888,Geetha Patil,79,2,0
9291,26889,Chandrashekar Kulkarni,50,1,0
9292,26892,Geetha Naik,94,2,0
9293,26893,Radha Pinto,45,2,0
9294,26894,Pallavi Poojary,11,2,0
9295,26895,Ayesha Pinto,23,2,0
9296,26896,Nagaraj Kumar,25,1,0
9297,26899,Yusuf Setty,25,1,0
9298,26901,Nirmala Rao,46,2,0
9299,26903,Shwetha Reddy,15,2,0
9300,26907,Jayashree Urs,34,2,0
9301,26908,Chandrashekar Bhandari,40,1,0
9302,26909,Fathima Urs,42,2,0
9303,26918,Vani Bhat,48,2,0
9304,26919,Savitri Reddy,77,2,0
9305,26920,Nandini Hiremath,29,2,0
9306,26924,Shwetha Bhat,31,2,0
9307,26929,Yashoda Kumar,29,2,0
9308,26933,Nagaveni Hiremath,40,2,0
9309,26934,Kiran Prabhu,57,1,0
9310,26940,Lokesh Hegde,76,1,0
9311,26942,Gopal Naik,31,1,0
9312,26943,Shwetha Nayak,34,2,0
9313,26952,Yusuf Reddy,28,1,0
9314,26954,Ayesha Achar,78,2,0
9315,26958,Pallavi Poojary,19,2,0
9316,26959,Roopa Devaraj,25,2,0
9317,26968,Srinivas Urs,17,1,0
9318,26972,Gopal Devaraj,95,1,0
9319,26980,Shivakumar Fernandes,38,1,0
9320,26981,Ratna Kumar,67,2,0
9321,26988,Pallavi Urs,46,2,0
9322,26989,Kiran Nayak,36,1,0
9323,26990,John Naik,45,1,0
9324,26996,Pushpa Naidu,47,2,0
9325,26998,Vani Kamath,7,2,0
9326,26999,Jayashree Hiremath,39,2,0
9327,27000,Roopa Gowda,39,2,0
9328,27003,Santosh Bhandari,29,1,0
9329,27006,Deepak Khan,16,1,0
9330,27010,Nagaveni Devaraj,48,2,0
9331,27017,Geetha Pinto,17,2,0
9332,27030,Yogesh Naik,60,1,0
9333,27034,Manjunath Bhat,28,1,0
9334,27040,Lokesh Bhandari,85,1,0
9335,27041,Vani Gowda,35,2,0
9336,27045,Nandini Rao,50,2,0
9337,27052,Vani Hiremath,64,2,0
9338,27054,Pushpa Hiremath,20,2,0
9339,27055,Yashoda Hiremath,62,2,0
9340,27056,Karan Hegde,53,1,0
9341,27057,Bhagya Hiremath,23,2,0
9342,27063,Nirmala Jadhav,37,2,0
9343,27067,Sheela Pinto,56,2,0
9344,27071,Fathima Sheikh,16,2,0
9345,27073,Savitri Pinto,33,2,0
9346,27077,Manjula Achar,56,2,0
9347,27085,Kavya Hiremath,56,2,0
9348,27086,Savitri D'Souza,57,2,0
9349,27088,Savitri Pinto,40,2,0
9350,27093,Imran Setty,40,1,0
9351,27095,Kamala Kulkarni,41,2,0
9352,27100,Vani Iyer,17,2,0
9353,27103,Vani Nayak,27,2,0
9354,27108,Manjunath Kumar,40,1,0
9355,27110,Radha Devaraj,95,2,0
9356,27120,Vinay Naidu,65,1,0
9357,27124,Fathima Naik,17,2,0
9358,27127,Karan Naidu,23,1,0
9359,27130,Fathima Gowda,76,2,0
9360,27132,Geetha Bhat,23,2,0
9361,27136,Yashoda Achar,28,2,0
9362,27138,Pradeep Kulkarni,26,1,0
9363,27139,Nandini Jadhav,36,2,0
9364,27141,Sheela Sheikh,46,2,0
9365,27142,Prakash Kamath,21,1,0
9366,27143,Kiran Jadhav,36,1,0
9367,27144,Sheela Shetty,19,2,0
9368,27149,Yashoda Khan,58,2,0
9369,27151,Manjula Setty,37,2,0
9370,27155,Nirmala Jadhav,29,2,0
9371,27157,Ratna Fernandes,71,2,0
9372,27170,Radha Reddy,64,2,0
9373,27174,Sowmya Sheikh,14,2,0
9374,27175,Joseph Naik,39,1,0
9375,27180,Dinesh Kumar,28,1,0
9376,27183,Xavier Bhandari,42,1,0
9377,27186,Nagaveni Pinto,14,2,0
9378,27187,Bhagya Nayak,33,2,0
9379,27190,Harish Bhat,26,1,0
9380,27192,Krishna Desai,39,1,0
9381,27202,Joseph Fernandes,95,1,0
9382,27204,Manoj Pinto,43,1,0
9383,27209,Joseph Shetty,29,1,0
9384,27216,Santosh Setty,21,1,0
9385,27218,Ravi Iyer,55,1,0
9386,27219,Pallavi Naidu,61,2,0
9387,27220,Pallavi Devaraj,59,2,0
9388,27223,Imran Kulkarni,39,1,0
9389,27224,Geetha Reddy,22,2,0
9390,27229,Bhagya Hegde,24,2,0
9391,27233,Prakash Urs,26,1,0
9392,27238,Ibrahim Naidu,67,1,0
9393,27241,Yashoda Setty,38,2,0
9394,27246,Vijay Rao,61,1,0
9395,27250,Joseph Patil,16,1,0
9396,27255,Arjun Poojary,62,1,0
9397,27257,Pallavi Shetty,47,2,0
9398,27258,Yusuf Kumar,40,1,0
9399,27259,Vijay Reddy,62,1,0
9400,27260,Sowmya Naik,73,2,0
9401,27261,Jayashree Hegde,33,2,0
9402,27262,Chandrashekar Bhat,82,1,0
9403,27264,Anitha Patil,59,2,0
9404,27265,Girish Naik,24,1,0
9405,27269,Dinesh Nayak,39,1,0
9406,27270,Anitha Kumar,17,2,0
9407,27277,Jayashree Kumar,48,2,0
9408,27282,Pushpa Prabhu,21,2,0
9409,27284,Ratna Khan,34,2,0
9410,27289,Kavya Naidu,47,2,0
9411,27291,Rajesh Patil,22,1,0
9412,27291,Salman D'Souza,31,1,0
9413,27292,Yashoda Setty,32,2,0
9414,27293,Radha Reddy,26,2,0
9415,27294,Shobha Jadhav,53,2,0
9416,27296,Puttaswamy Shetty,95,1,0
9417,27297,Shobha Urs,82,2,0
9418,27298,Suresh Kumar,48,1,0
9419,27299,Bhagya Sheikh,28,2,0
9420,27302,Roopa Iyer,49,2,0
9421,27303,Anthony Khan,31,1,0
9422,27307,Fathima Reddy,29,2,0
9423,27308,Channabasappa Fernandes,35,1,0
9424,27311,Nandini Bhandari,69,2,0
9425,27316,Mary Fernandes,20,2,0
9426,27317,Sowmya Naik,53,2,0
9427,27322,Prakash Patil,95,1,0
9428,27327,Rajesh Kamath,79,1,0
9429,27333,Raghavendra Sheikh,59,1,0
9430,27334,John Bhat,58,1,0
9431,27336,Sunita Nayak,74,2,0
9432,27339,Manoj Nayak,26,1,0
9433,27341,Raghavendra Iyer,47,1,0
9434,27342,Vani Desai,53,2,0
9435,27347,Lakshmi Jadhav,30,2,0
9436,27348,Vijay Naidu,7,1,0
9437,27352,Sunita Reddy,37,2,0
9438,27353,Ashok Hiremath,36,1,0
9439,27357,Zainab Sheikh,47,2,0
9440,27361,Bhagya Iyer,43,2,0
9441,27366,Pallavi Hiremath,50,2,0
9442,27370,Geetha D'Souza,95,2,0
9443,27372,Byrappa Iyer,23,1,0
9444,27378,Krishna Kulkarni,46,1,0
9445,27379,Manjunath Kulkarni,43,1,0
9446,27380,Ashok Kulkarni,55,1,0
9447,27386,Salman Poojary,22,1,0
9448,27387,Deepa Prabhu,37,2,0
9449,27395,Abdul Kumar,39,1,0
9450,27396,Vijay Devaraj,16,1,0
9451,27400,Karan Devaraj,48,1,0
9452,27400,Sandeep Naik,50,1,0
9453,27401,Sunita Shetty,86,2,0
9454,27403,Zainab Nayak,66,2,0
9455,27405,Sunita Hegde,44,2,0
9456,27409,Radha Jadhav,24,2,0
9457,27411,Ganesh Jadhav,61,1,0
9458,27412,Jayashree Prabhu,53,2,0
9459,27414,Pushpa Jadhav,30,2,0
9460,27415,Rajesh Iyer,76,1,0
9461,27416,Anitha Kulkarni,25,2,1
9462,27417,Rekha Naidu,52,2,0
9463,27426,Roopa Reddy,16,2,0
9464,27428,Sunita Bhat,38,2,0
9465,27430,Yusuf Achar,31,1,0
9466,27433,Zainab Bhandari,42,3,0
9467,27438,Karan Nayak,37,1,0
9468,27440,Sowmya Pinto,22,2,0
9469,27443,Arjun Bhandari,47,1,0
9470,27445,Kavya Setty,59,2,0
9471,27447,Nagaraj Poojary,24,1,0
9472,27455,Ibrahim Kulkarni,9,1,0
9473,27457,Ashok Sheikh,57,1,0
9474,27459,Manoj Poojary,32,1,0
9475,27460,Nirmala Jadhav,15,2,0
9476,27460,Suresh Sheikh,13,1,0
9477,27460,Pallavi Bhat,48,2,0
9478,27462,Mary Iyer,35,2,0
9479,27477,Nandini Khan,45,2,0
9480,27484,Anitha Fernandes,46,2,0
9481,27485,Manjunath Sheikh,10,1,0
9482,27488,Savitri Achar,76,2,0
9483,27494,Raghavendra Pinto,40,1,0
9484,27495,Fathima Iyer,21,2,0
9485,27499,Manjunath Patil,56,1,0
9486,27507,Shobha Prabhu,62,2,0
9487,27509,Sowmya Gowda,23,2,0
9488,27510,Manoj Achar,34,1,0
9489,27511,Krishna Poojary,25,1,0
9490,27514,Sowmya Kumar,26,2,0
9491,27515,John D'Souza,24,1,0
9492,27517,Shivakumar Khan,29,1,0
9493,27517,Nirmala D'Souza,43,2,0
9494,27517,John Kumar,52,1,0
9495,27518,Fathima Hegde,71,2,0
9496,27521,Mary Kulkarni,39,2,0
9497,27522,Lakshmi Kulkarni,28,2,0
9498,27523,Manjula Kamath,41,2,0
9499,27528,Pushpa Pinto,16,2,0
9500,27533,Anitha Reddy,34,2,0
9501,27535,Nagaveni Urs,42,2,0
9502,27543,Shivakumar Rao,46,1,0
9503,27544,Nandini Devaraj,82,2,0
9504,27547,Muniraju Reddy,55,1,0
9505,27549,Zainab Rao,53,2,0
9506,27558,Sowmya Patil,15,2,0
9507,27566,Deepak Iyer,32,1,0
9508,27568,Sunita Bhandari,48,2,0
9509,27570,Kavya Khan,39,2,0
9510,27574,Imran Reddy,17,1,0
9511,27578,Geetha Sheikh,36,2,0
9512,27582,Shwetha Poojary,52,2,0
9513,27586,Zainab Patil,54,2,0
9514,27588,Sunita Bhat,36,2,0
9515,27589,Manjula Kulkarni,28,2,0
9516,27591,Lakshmi Urs,32,2,0
9517,27593,Nandini Sheikh,21,2,0
9518,27597,Rekha Kumar,47,2,0
9519,27599,Yogesh Khan,23,1,0
9520,27602,Radha Naik,18,2,0
9521,27608,Mary Naidu,23,2,0
9522,27609,Nagaveni Hegde,21,2,0
9523,27610,Bhagya Achar,20,2,0
9524,27611,Pushpa Reddy,95,2,0
9525,27614,Salman Prabhu,35,1,0
9526,27616,Nandini Rao,22,2,0
9527,27617,Joseph Rao,18,1,0
9528,27622,Pallavi Desai,32,2,0
9529,27622,John Gowda,31,1,0
9530,27623,Jayashree Hegde,22,2,0
9531,27628,Zainab Achar,46,2,0
9532,27643,Kamala Desai,49,2,0
9533,27647,John Devaraj,56,1,0
9534,27654,Pushpa Reddy,39,2,0
9535,27662,Dinesh Khan,25,1,0
9536,27663,Shwetha Hiremath,76,2,0
9537,27666,Pushpa Bhandari,34,2,0
9538,27667,Roopa Poojary,47,2,0
9539,27673,Nirmala Reddy,54,2,0
9540,27675,Pradeep Fernandes,30,1,0
9541,27677,Naveen Sheikh,71,1,0
9542,27683,Byrappa Khan,26,1,0
9543,27684,Sandeep Bhat,20,1,0
9544,27685,Xavier Khan,59,1,0
9545,27690,Shobha Nayak,29,2,0
9546,27691,Nirmala Urs,39,2,0
9547,27693,Rekha D'Souza,25,2,0
9548,27695,Santosh Shetty,67,1,0
9549,27697,Mary Naidu,24,2,0
9550,27698,Yashoda Naidu,41,2,0
9551,27702,Ramesh Sheikh,23,1,0
9552,27703,Manjula Urs,24,2,0
9553,27707,Shivakumar Kulkarni,14,1,0
9554,27709,Pushpa Bhat,23,2,0
9555,27715,Pallavi Gowda,27,2,0
9556,27718,Ashok Kulkarni,63,1,0
9557,27721,Ratna Kamath,33,2,0
9558,27725,Rekha D'Souza,42,2,0
9559,27726,Lakshmi Prabhu,57,2,0
9560,27728,Xavier Poojary,45,1,0
9561,27731,Ratna Urs,14,2,0
9562,27733,Mary Naik,24,2,0
9563,27735,Yogesh Naidu,19,1,0
9564,27740,Pushpa Jadhav,50,2,0
9565,27746,Arjun Bhat,88,1,0
9566,27750,Radha Poojary,43,2,0
9567,27758,Bhagya Hiremath,49,2,0
9568,27759,Muniraju Poojary,79,1,0
9569,27767,Ganesh Bhat,65,1,0
9570,27769,Zainab Reddy,36,2,0
9571,27770,Abdul Hiremath,22,1,0
9572,27775,Ayesha Setty,93,2,0
9573,27777,Mary Pinto,39,2,0
9574,27780,Mary D'Souza,67,2,0
9575,27789,Ayesha Fernandes,37,2,0
9576,27790,Shwetha Sheikh,33,2,0
9577,27791,Roopa Patil,12,2,0
9578,27794,Mary Reddy,9,2,0
9579,27796,Nagaveni Desai,80,2,0
9580,27800,Basavaraj Achar,24,1,0
9581,27802,Shobha Nayak,54,2,0
9582,27804,Santosh Desai,30,1,0
9583,27808,Shobha Achar,18,2,0
9584,27812,Rekha Hiremath,17,2,0
9585,27815,Roopa Sheikh,28,2,0
9586,27817,Pallavi Fernandes,62,2,0
9587,27822,Zainab Urs,20,2,0
9588,27826,Sunita Kamath,61,2,0
9589,27830,Sheela Bhandari,37,2,0
9590,27832,Yusuf Hiremath,30,1,0
9591,27836,Krishna Hiremath,29,1,0
9592,27838,Pallavi Kumar,23,2,0
9593,27841,Sheela Reddy,43,2,0
9594,27842,Zainab Gowda,22,2,0
9595,27844,Shwetha Fernandes,86,2,0
9596,27845,Vani Gowda,58,2,0
9597,27849,Mary Gowda,49,2,0
9598,27853,Rekha Urs,40,2,0
9599,27856,Deepak Fernandes,26,1,0
9600,27858,Kavya Bhat,17,2,0
9601,27860,Basavaraj Bhat,41,1,0
9602,27861,Radha Fernandes,40,2,0
9603,27865,Fathima Kulkarni,36,2,0
9604,27870,Lakshmi Hiremath,26,2,0
9605,27877,Geetha Hegde,39,2,0
9606,27878,Fathima Patil,23,2,0
9607,27879,Muniraju Achar,11,1,0
9608,27880,Zainab Hegde,30,2,0
9609,27882,Kamala Khan,29,2,0
9610,27888,Rekha Poojary,40,2,0
9611,27891,Kavya Patil,14,2,0
9612,27892,Suresh Jadhav,33,1,0
9613,27892,Sheela Kumar,54,2,0
9614,27897,Savitri Prabhu,38,2,0
9615,27904,Yusuf Shetty,42,1,0
9616,27906,Umesh Sheikh,50,1,0
9617,27907,Prakash Jadhav,26,1,0
9618,27910,Nirmala Sheikh,53,2,0
9619,27911,Umesh D'Souza,38,1,0
9620,27916,Rekha Pinto,44,2,0
9621,27919,Ganesh Achar,38,1,0
9622,27921,Naveen Achar,43,1,0
9623,27923,Anitha Kulkarni,27,2,0
9624,27928,Rekha Bhandari,46,2,0
9625,27929,Dinesh D'Souza,11,1,0
9626,27931,Byrappa Hegde,48,1,0
9627,27934,Kamala Kamath,58,2,0
9628,27937,Pallavi Poojary,41,2,0
9629,27940,Abdul Hiremath,30,1,0
9630,27941,Byrappa Gowda,27,1,0
9631,27941,Shobha D'Souza,33,2,0
9632,27941,Vani Nayak,71,2,0
9633,27943,Fathima Shetty,47,2,0
9634,27945,Arjun Desai,29,1,0
9635,27946,Sunita Pinto,55,2,0
9636,27947,Pallavi Devaraj,24,2,0
9637,27948,Sowmya Fernandes,36,2,0
9638,27951,Xavier Desai,72,1,0
9639,27952,Gopal Nayak,43,1,0
9640,27953,Vani Naik,72,2,0
9641,27959,Ashok Hegde,58,1,0
9642,27963,Pradeep Bhandari,46,1,0
9643,27964,Roopa Fernandes,40,2,0
9644,27967,Nandini Iyer,25,2,0
9645,27971,Ashok Kumar,21,1,0
9646,27972,Savitri Khan,32,2,0
9647,27974,Nagaveni Khan,66,2,0
9648,27979,Deepa Rao,70,2,0
9649,27986,Fathima Bhandari,17,2,0
9650,27987,Deepa Desai,69,2,0
9651,27989,Geetha Rao,17,2,0
9652,27991,Manjula D'Souza,54,2,0
9653,27992,Savitri Hiremath,95,2,0
9654,27995,Ibrahim Kulkarni,14,1,0
9655,27996,Sunita Gowda,10,2,0
9656,27998,Ramesh Patil,16,1,0
9657,27999,Arjun Gowda,28,1,0
9658,28003,Pallavi Rao,11,2,0
9659,28004,Manjula Rao,28,2,0
9660,28005,Deepa Reddy,27,2,0
9661,28007,Krishna Hiremath,15,1,0
9662,28022,Sowmya Urs,30,2,0
9663,28023,Nagaveni Fernandes,53,2,0
9664,28024,Roopa Iyer,36,2,0
9665,28025,Shivakumar Kulkarni,37,1,0
9666,28025,Lokesh Hegde,40,1,0
9667,28027,Ibrahim Patil,71,1,0
9668,28030,Radha Fernandes,41,2,0
9669,28036,Kavya Reddy,46,2,0
9670,28040,Shobha Naik,35,2,0
9671,28044,Deepa Achar,14,2,0
9672,28048,Arjun Kamath,40,1,0
9673,28051,Pallavi Shetty,26,2,0
9674,28054,Sheela Hegde,59,2,0
9675,28055,Gopal Setty,43,1,0
9676,28056,Yashoda Naidu,79,2,0
9677,28061,Nirmala Achar,48,2,0
9678,28062,Manjula Rao,31,2,0
9679,28067,Sunita Urs,9,2,0
9680,28073,Kavya Shetty,25,2,0
9681,28075,Ganesh Setty,20,1,0
9682,28077,Srinivas Setty,48,1,0
9683,28079,Shwetha Naidu,50,2,0
9684,28085,Fathima Rao,30,2,0
9685,28086,Nandini Reddy,30,2,0
9686,28087,Fathima Achar,18,2,0
9687,28092,Krishna Kamath,62,1,0
9688,28096,Muniraju Poojary,63,1,0
9689,28097,Muniraju Khan,27,1,0
9690,28097,Gopal Kumar,38,1,0
9691,28100,Pushpa Fernandes,62,2,0
9692,28100,Anand Hiremath,51,1,0
9693,28101,Sheela Prabhu,24,2,0
9694,28103,Yogesh Rao,27,1,0
9695,28112,Radha Naidu,23,2,0
9696,28116,Naveen Reddy,11,1,0
9697,28117,Basavaraj Bhat,39,1,0
9698,28119,Geetha Kamath,29,2,0
9699,28121,Yashoda Rao,35,2,0
9700,28122,Karan Prabhu,39,1,0
9701,28130,Ratna Reddy,59,2,0
9702,28131,Sheela Fernandes,41,2,0
9703,28134,Kavya Bhandari,54,2,0
9704,28136,Vani Setty,31,2,0
9705,28143,Nirmala Kumar,20,2,0
9706,28148,Nirmala Khan,39,2,0
9707,28151,Dinesh Shetty,61,1,0
9708,28152,Yashoda Bhat,57,2,0
9709,28164,Vijay Khan,12,1,0
9710,28165,Geetha D'Souza,40,2,0
9711,28167,Zainab Nayak,39,2,0
9712,28170,Pushpa Kumar,87,2,0
9713,28172,Sowmya Gowda,25,2,0
9714,28175,Zainab Nayak,30,2,0
9715,28176,Savitri Prabhu,29,2,0
9716,28179,Bhagya Setty,44,2,0
9717,28180,Jayashree Iyer,51,2,0
9718,28181,Vinay Devaraj,42,1,0
9719,28182,Fathima Prabhu,10,2,0
9720,28184,Deepak Fernandes,23,1,0
9721,28185,Ratna Naidu,19,2,0
9722,28192,Jayashree Sheikh,53,2,0
9723,28193,Pradeep Gowda,14,1,0
9724,28196,Lakshmi Hegde,37,2,0
9725,28198,Santosh Reddy,16,1,0
9726,28203,Kamala Sheikh,14,2,0
9727,28205,Sandeep Hegde,65,1,0
9728,28207,Zainab Rao,22,2,0
9729,28210,Fathima Bhat,29,2,0
9730,28211,Byrappa Hiremath,84,1,0
9731,28215,Nandini Gowda,48,2,0
9732,28216,Ayesha Pinto,41,2,0
9733,28218,Rekha Jadhav,85,2,0
9734,28223,Fathima D'Souza,12,2,0
9735,28224,Fathima Setty,21,2,0
9736,28227,Nagaveni Bhat,30,2,0
9737,28229,Vani Rao,33,2,0
9738,28231,Lakshmi Bhandari,19,2,0
9739,28233,Lokesh Achar,77,1,0
9740,28234,Roopa Bhat,47,2,0
9741,28235,Ravi Kumar,16,1,0
9742,28236,Ravi Reddy,95,1,0
9743,28238,Suresh Kumar,51,1,0
9744,28240,Arjun Bhandari,68,1,0
9745,28243,Dinesh Nayak,27,1,0
9746,28245,Shobha Pinto,16,2,0
9747,28246,Fathima Fernandes,44,2,0
9748,28247,Bhagya Shetty,38,2,0
9749,28251,Sheela Kulkarni,41,2,0
9750,28257,Muniraju Poojary,21,1,0
9751,28258,Harish Rao,27,1,0
9752,28263,Fathima Bhandari,30,2,0
9753,28265,Lakshmi Urs,47,2,0
9754,28269,Prakash Pinto,50,1,0
9755,28271,Roopa Kamath,76,2,0
9756,28273,Kavya Kulkarni,27,2,0
9757,28274,Sowmya Reddy,47,2,0
9758,28275,Anand Urs,17,1,0
9759,28277,Lakshmi Jadhav,38,2,0
9760,28280,Mary D'Souza,49,2,0
9761,28281,Nirmala Naik,64,2,0
9762,28288,Fathima Reddy,13,2,0
9763,28289,Jayashree Hiremath,16,2,0
9764,28290,Kamala Setty,38,2,0
9765,28291,Radha Prabhu,23,2,0
9766,28292,Sunita Reddy,64,2,0
9767,28294,Harish Reddy,23,1,0
9768,28297,Nagaveni Jadhav,44,2,0
9769,28300,Pradeep Khan,18,1,0
9770,28301,Zainab Hiremath,61,2,0
9771,28303,Pallavi Hiremath,26,2,0
9772,28304,Yashoda Naik,27,2,0
9773,28306,Nagaveni Achar,44,2,0
9774,28307,Prakash Iyer,37,1,0
9775,28309,Sunita Bhat,25,2,0
9776,28311,Bhagya Reddy,42,2,0
9777,28312,Fathima Khan,47,2,0
9778,28320,Channabasappa Desai,51,1,0
9779,28321,Nandini Kumar,60,2,0
9780,28327,Karan Shetty,9,1,0
9781,28328,Bhagya Jadhav,42,2,0
9782,28329,Pradeep Khan,41,1,0
9783,28330,Geetha Urs,15,2,0
9784,28331,Manjula Desai,59,2,0
9785,28336,Deepak Reddy,31,1,0
9786,28341,Umesh Shetty,14,1,0
9787,28341,Manjula Shetty,37,2,0
9788,28341,Bhagya Devaraj,46,2,0
9789,28342,Anthony Urs,19,1,0
9790,28347,Yashoda Naidu,18,2,0
9791,28352,Puttaswamy Jadhav,38,1,0
9792,28353,Channabasappa Khan,20,1,0
9793,28359,Anand Achar,27,1,0
9794,28363,Rekha D'Souza,95,2,0
9795,28366,Suresh Bhandari,13,1,0
9796,28369,Ratna Setty,87,2,0
9797,28370,Jayashree Jadhav,24,2,0
9798,28375,Dinesh Desai,27,1,0
9799,28377,Nagaveni D'Souza,34,2,0
9800,28379,Jayashree Rao,30,2,0
9801,28387,Halappa Prabhu,44,1,0
9802,28388,Imran Achar,37,1,0
9803,28389,Bhagya Hiremath,43,2,0
9804,28393,Santosh Naidu,24,1,0
9805,28396,Nagaraj Bhandari,48,1,0
9806,28399,Pushpa Poojary,29,2,0
9807,28400,Yogesh Shetty,54,1,0
9808,28401,Channabasappa Khan,31,1,0
9809,28403,Jayashree Kumar,26,2,0
9810,28403,Ratna Patil,32,2,0
9811,28415,Fathima Kamath,21,2,0
9812,28416,Ashok Reddy,40,1,0
9813,28417,Xavier Kamath,43,1,0
9814,28420,Kavya Bhat,33,2,0
9815,28422,Chandrashekar Kumar,58,1,0
9816,28424,Imran Urs,44,1,0
9817,28426,Basavaraj Bhat,46,1,0
9818,28427,Rajesh Nayak,32,1,0
9819,28429,Shivakumar Hiremath,22,1,0
9820,28432,Manjula Naidu,48,2,0
9821,28434,Suresh Patil,24,1,0
9822,28440,Nagaveni Devaraj,23,2,0
9823,28445,Vani Naidu,45,2,0
9824,28451,Zainab Pinto,92,2,0
9825,28453,Kavya Nayak,37,2,0
9826,28457,Fathima Hiremath,36,2,0
9827,28458,Anitha Kamath,45,2,0
9828,28465,Jayashree Pinto,49,2,0
9829,28466,Yashoda Kulkarni,70,2,0
9830,28466,Radha Devaraj,55,2,0
9831,28468,Pallavi Hegde,63,2,0
9832,28470,Gopal Pinto,26,1,0
9833,28471,Nirmala Reddy,32,2,0
9834,28473,Lakshmi Urs,32,2,0
9835,28474,Naveen Urs,27,1,0
9836,28477,Arjun Gowda,85,1,0
9837,28479,Jayashree Rao,22,2,0
9838,28480,Lakshmi Rao,48,2,0
9839,28486,Sheela Khan,56,2,0
9840,28492,Ibrahim Naidu,30,1,0
9841,28495,Kavya Shetty,16,2,0
9842,28497,Rekha Prabhu,21,2,0
9843,28502,Pallavi Rao,38,2,0
9844,28506,Pallavi Hegde,31,2,0
9845,28509,Shwetha Fernandes,25,2,0
9846,28515,Sowmya Setty,36,2,0
9847,28520,Sowmya Naidu,19,2,0
9848,28522,Joseph Fernandes,48,1,0
9849,28523,Manjula Patil,17,2,0
9850,28524,Yashoda Shetty,95,2,0
9851,28526,Shobha Gowda,18,2,0
9852,28529,Prakash Desai,65,1,0
9853,28530,Shobha Hegde,67,2,0
9854,28532,Deepa Setty,52,2,0
9855,28533,Roopa Kamath,90,2,0
9856,28537,Yusuf Jadhav,59,1,0
9857,28538,Rekha Hegde,76,2,0
9858,28542,Vijay Khan,24,1,0
9859,28543,Anitha Naidu,33,2,0
9860,28545,Pradeep Iyer,35,1,0
9861,28548,Manjula Urs,58,2,0
9862,28551,Nagaveni Desai,42,2,0
9863,28554,Yashoda Patil,28,3,0
9864,28559,Savitri Naik,20,2,0
9865,28564,Umesh Hiremath,25,1,0
9866,28568,Pallavi Achar,30,2,0
9867,28574,Shobha Kamath,17,2,0
9868,28575,Raghavendra Reddy,67,1,0
9869,28576,Anitha Shetty,49,2,0
9870,28579,Muniraju Bhat,23,1,0
9871,28580,Sunita Kamath,46,2,0
9872,28581,Channabasappa Hiremath,66,1,0
9873,28590,Gopal Poojary,52,1,0
9874,28592,Mary Pinto,21,2,0
9875,28594,Chandrashekar Shetty,18,1,0
9876,28596,Gopal Hiremath,73,1,0
9877,28598,Karan Sheikh,34,1,0
9878,28603,Mary Sheikh,10,2,0
9879,28604,Anand Devaraj,57,1,0
9880,28613,Manjula Achar,55,2,0
9881,28615,John Iyer,21,1,0
9882,28616,Kiran Bhandari,46,1,0
9883,28617,Jayashree Patil,21,2,0
9884,28619,Kamala Achar,24,2,0
9885,28620,Nirmala Kamath,35,2,0
9886,28622,Shobha Jadhav,16,2,0
9887,28627,Sunita Khan,26,2,0
9888,28628,Naveen Hiremath,48,1,0
9889,28638,Radha Shetty,26,2,0
9890,28639,Shobha Nayak,37,2,0
9891,28641,Kamala Hegde,26,2,0
9892,28643,Girish Kamath,19,1,0
9893,28649,Pallavi Gowda,4,2,0
9894,28650,Sunita Shetty,24,2,0
9895,28653,Nagaveni Fernandes,45,2,0
9896,28656,Yashoda Poojary,18,2,0
9897,28658,Srinivas Bhandari,46,1,0
9898,28660,Ibrahim Desai,54,1,0
9899,28663,Savitri Achar,10,2,0
9900,28668,Mary D'Souza,49,2,0
9901,28671,Ayesha Hegde,26,2,0
9902,28673,Nagaraj Naik,34,1,0
9903,28677,Yashoda Naidu,30,2,0
9904,28684,Raghavendra Iyer,47,1,0
9905,28688,Muniraju Iyer,19,1,0
9906,28702,Muniraju Nayak,27,1,0
9907,28706,Rekha Khan,27,2,0
9908,28708,Kavya Kamath,23,2,0
9909,28710,Vinay Rao,21,1,0
9910,28714,Nagaveni Fernandes,64,2,0
9911,28716,Zainab Jadhav,77,2,0
9912,28719,Muniraju Prabhu,47,1,0
9913,28720,Ramesh Naik,75,1,0
9914,28723,Zainab Hiremath,48,2,0
9915,28725,Naveen Patil,49,1,0
9916,28729,Jayashree Khan,57,2,0
9917,28735,Rajesh Reddy,25,1,0
9918,28737,Rekha Kulkarni,19,2,0
9919,28738,Ratna Jadhav,21,2,0
9920,28739,Sheela Kamath,37,2,0
9921,28743,Anitha Desai,53,2,0
9922,28744,Shobha Reddy,18,2,1
9923,28745,Deepa Achar,27,2,0
9924,28749,Manjula Kulkarni,46,2,0
9925,28751,Pallavi Fernandes,66,2,0
9926,28752,Ayesha Naidu,54,2,0
9927,28757,Fathima Desai,20,2,0
9928,28761,Gopal Bhat,29,1,0
9929,28763,Rekha Devaraj,50,2,0
9930,28764,Jayashree Devaraj,39,2,0
9931,28770,Shivakumar Poojary,29,1,0
9932,28778,Deepak Patil,32,1,0
9933,28780,Joseph Prabhu,21,1,0
9934,28781,Lakshmi Khan,65,2,0
9935,28782,Anitha Setty,55,2,0
9936,28789,Fathima Achar,32,2,0
9937,28790,Deepa Devaraj,35,2,0
9938,28791,Muniraju Sheikh,26,1,0
9939,28793,Jayashree Gowda,27,2,0
9940,28794,John Hiremath,48,1,0
9941,28796,Bhagya Kulkarni,6,2,0
9942,28797,Kiran Bhat,28,1,0
9943,28799,Ashok Desai,57,1,0
9944,28801,Sunita Hegde,66,2,0
9945,28803,Mahesh Kulkarni,21,1,0
9946,28804,Ratna Devaraj,60,2,0
9947,28805,Ganesh Desai,23,1,0
9948,28806,Abdul Rao,43,1,0
9949,28807,Ayesha Bhat,12,2,0
9950,28808,Shobha D'Souza,31,2,0
9951,28812,Joseph Hiremath,18,1,0
9952,28814,Kiran Jadhav,19,1,0
9953,28822,Lokesh Devaraj,51,1,0
9954,28823,Raghavendra Rao,28,1,0
9955,28833,Vani Sheikh,95,2,0
9956,28841,Vani Reddy,30,2,0
9957,28843,Zainab Jadhav,55,2,0
9958,28844,Kiran Iyer,47,1,0
9959,28844,Naveen Jadhav,59,1,0
9960,28846,Yashoda Rao,12,2,0
9961,28847,Halappa Naidu,43,1,0
9962,28853,Raghavendra Prabhu,31,1,0
9963,28855,Pradeep Sheikh,23,1,0
9964,28856,Mary Rao,25,2,0
9965,28857,Byrappa Reddy,49,1,0
9966,28857,Pushpa Prabhu,35,2,0
9967,28858,Nagaveni Bhat,34,2,0
9968,28861,Harish Khan,49,1,0
9969,28864,Sowmya Jadhav,50,2,0
9970,28865,Nagaveni Pinto,48,2,0
9971,28869,Zainab Devaraj,42,2,0
9972,28874,Joseph Sheikh,13,1,0
9973,28880,Mahesh Hegde,43,1,0
9974,28881,Roopa Achar,20,2,0
9975,28882,Roopa Reddy,39,2,0
9976,28885,Jayashree Sheikh,94,2,0
9977,28886,Roopa Bhat,30,2,0
9978,28888,Pushpa Kulkarni,25,2,0
9979,28892,Krishna Jadhav,50,1,0
9980,28894,Chandrashekar Hiremath,63,1,0
9981,28900,Ayesha Bhat,25,2,0
9982,28904,Vijay Prabhu,53,1,0
9983,28905,Pallavi Nayak,47,2,0
9984,28908,Rekha Prabhu,22,2,0
9985,28911,Girish Desai,25,1,0
9986,28913,Imran Hegde,33,1,0
9987,28917,Suresh Shetty,57,1,0
9988,28918,Savitri Hegde,42,2,0
9989,28921,Mary Nayak,46,2,0
9990,28923,Jayashree Desai,55,2,0
9991,28924,Anitha Gowda,32,2,0
9992,28925,Manjunath Kulkarni,83,1,0
9993,28930,Sheela Reddy,74,2,0
9994,28931,Lakshmi Setty,39,2,0
9995,28937,Vani Hegde,28,2,0
9996,28940,Rekha Fernandes,41,2,0
9997,28949,Abdul Naik,46,1,0
9998,28952,Bhagya Kamath,65,2,0
9999,28962,Savitri Gowda,23,2,0
10000,28964,Kamala Hegde,35,2,0
10001,28971,Manjula Nayak,10,2,0
10002,28972,Pushpa Bhat,65,2,0
10003,28973,Pradeep Patil,31,1,0
10004,28976,Yashoda Reddy,27,2,0
10005,28978,Radha Desai,30,2,0
10006,28980,Anitha Urs,20,2,0
10007,28982,Lakshmi D'Souza,49,2,0
10008,28994,Fathima Shetty,19,2,0
10009,28995,Ayesha Khan,30,2,0
10010,28998,Nirmala Kulkarni,35,2,0
10011,28999,Mary Kamath,38,2,0
10012,29001,Geetha Gowda,31,2,0
10013,29004,Sowmya Kulkarni,17,2,0
10014,29005,Kavya Urs,51,2,0
10015,29006,Rekha Reddy,33,2,0
10016,29012,Fathima Pinto,67,2,0
10017,29019,Lokesh Kulkarni,31,1,0
10018,29021,Sheela Hegde,53,2,1
10019,29022,Puttaswamy Bhandari,15,1,0
10020,29023,Ratna Naidu,24,2,0
10021,29025,Radha Reddy,20,2,1
10022,29027,Pallavi Naik,8,2,1
10023,29029,Yashoda Kulkarni,51,2,0
10024,29030,Umesh Prabhu,95,1,0
10025,29032,Deepa Pinto,10,2,0
10026,29033,Nagaraj Reddy,40,1,0
10027,29038,Rekha Jadhav,37,2,0
10028,29039,Manjula Setty,33,2,0
10029,29041,Jayashree Kulkarni,32,2,0
10030,29043,Ramesh Nayak,50,1,0
10031,29049,Pallavi Iyer,18,2,0
10032,29053,Puttaswamy Iyer,13,1,0
10033,29055,Mahesh Kamath,51,1,0
10034,29057,Jayashree Khan,31,2,0
10035,29058,Prakash Urs,52,1,0
10036,29059,Sandeep Jadhav,42,1,0
10037,29060,Vijay Naidu,31,1,0
10038,29069,Rekha Patil,49,2,0
10039,29072,Gopal Devaraj,38,1,0
10040,29073,Shwetha Shetty,55,2,0
10041,29074,Sowmya Urs,32,2,0
10042,29076,Kiran Bhandari,40,1,0
10043,29078,Zainab Iyer,30,2,0
10044,29081,Lakshmi Pinto,43,2,0
10045,29083,Manjula Kumar,23,2,0
10046,29087,Geetha Fernandes,51,2,0
10047,29091,Salman Hiremath,31,1,0
10048,29093,Savitri Urs,19,2,0
10049,29101,Pallavi Sheikh,28,2,0
10050,29104,Karan Fernandes,55,1,0
10051,29108,Sheela Hegde,36,2,0
10052,29109,Harish Kulkarni,21,1,0
10053,29112,Nagaveni Reddy,24,2,0
10054,29114,Krishna Achar,67,1,0
10055,29115,Shwetha Sheikh,30,2,0
10056,29116,Ayesha Iyer,77,2,0
10057,29119,Shwetha Achar,51,2,0
10058,29120,Puttaswamy Kumar,64,1,0
10059,29126,Rajesh Kumar,25,1,0
10060,29128,Srinivas Hegde,38,1,0
10061,29130,Pallavi Patil,29,2,0
10062,29131,Savitri Reddy,37,2,0
10063,29136,Joseph Nayak,64,1,0
10064,29146,Yashoda Bhat,19,2,0
10065,29153,Gopal Bhat,71,1,0
10066,29157,Ramesh Reddy,49,1,0
10067,29162,Yusuf Fernandes,19,1,0
10068,29164,Vani Kumar,35,2,0
10069,29167,Halappa Sheikh,14,1,0
10070,29168,Jayashree Kulkarni,30,2,0
10071,29170,Muniraju Bhat,95,1,0
10072,29174,Fathima Desai,42,2,0
10073,29175,Vijay Urs,39,1,0
10074,29179,Manjula Setty,20,2,0
10075,29181,Pushpa Khan,49,2,0
10076,29185,Pallavi Prabhu,14,2,0
10077,29188,Fathima Fernandes,59,2,0
10078,29193,Radha Naidu,23,2,0
10079,29197,Krishna Jadhav,17,1,0
10080,29198,Ramesh Fernandes,65,1,0
10081,29199,Yogesh Naik,40,1,0
10082,29200,Suresh Pinto,39,1,0
10083,29202,Chandrashekar Urs,86,1,0
10084,29205,Sheela Sheikh,46,2,0
10085,29206,Lakshmi Urs,35,2,0
10086,29207,Pallavi Poojary,42,2,0
10087,29208,Vani Rao,36,2,0
10088,29209,Roopa Naik,29,2,0
10089,29211,Ganesh Naik,37,1,0
10090,29211,Mary Naidu,27,2,0
10091,29211,Umesh Shetty,55,1,0
10092,29212,Radha Gowda,33,2,0
10093,29213,Kamala Hegde,29,2,0
10094,29214,Radha Khan,34,2,0
10095,29217,Rajesh Naidu,36,1,0
10096,29218,Kavya Kamath,34,2,0
10097,29219,Sunita Sheikh,22,2,0
10098,29225,Santosh Bhandari,69,1,0
10099,29226,Bhagya Naik,50,2,0
10100,29229,Girish Rao,53,1,0
10101,29236,Deepak Iyer,31,1,0
10102,29238,Mary Nayak,40,2,0
10103,29242,Kamala Iyer,90,2,0
10104,29247,Byrappa Kamath,18,1,0
10105,29248,Rekha Jadhav,55,2,0
10106,29251,Bhagya Pinto,37,2,0
10107,29255,Manjula Reddy,34,2,0
10108,29258,Manjula Iyer,16,2,0
10109,29259,Pallavi Bhandari,83,2,0
10110,29261,Basavaraj Naik,53,1,0
10111,29264,Basavaraj Kulkarni,30,1,0
10112,29267,Lakshmi Fernandes,16,2,0
10113,29269,Jayashree D'Souza,24,2,0
10114,29274,Ratna Hegde,29,2,0
10115,29277,Ramesh Patil,13,1,0
10116,29278,Joseph Rao,6,1,0
10117,29281,Nagaveni Achar,9,2,0
10118,29284,Santosh Rao,21,1,0
10119,29287,Mary Reddy,38,2,0
10120,29291,Harish Kamath,35,1,0
10121,29295,Savitri Khan,37,2,0
10122,29296,Sowmya Kamath,46,2,0
10123,29299,Vijay Devaraj,43,1,0
10124,29302,Kamala Khan,32,2,0
10125,29303,Manjula Fernandes,39,2,0
10126,29305,Kamala Bhat,49,2,0
10127,29308,Nirmala Nayak,47,2,0
10128,29314,Karan Urs,12,1,0
10129,29319,Jayashree Gowda,57,2,0
10130,29320,Jayashree Hiremath,16,2,0
10131,29321,Yashoda Naik,46,2,0
10132,29326,Byrappa Gowda,29,1,0
10133,29329,Manjunath Desai,31,1,0
10134,29335,Vani Kulkarni,31,2,0
10135,29336,Nirmala Shetty,77,2,0
10136,29337,Umesh Pinto,63,1,0
10137,29338,Sunita Hegde,49,2,0
10138,29339,Sunita Kulkarni,31,2,0
10139,29341,Rekha Gowda,48,2,0
10140,29342,Manjunath Nayak,64,1,0
10141,29347,Zainab Nayak,32,2,0
10142,29352,Pushpa Setty,17,2,0
10143,29355,Basavaraj Naik,29,1,0
10144,29358,Shobha Shetty,29,2,0
10145,29361,Sunita Desai,74,2,0
10146,29362,Mary Gowda,19,2,0
10147,29364,Kavya D'Souza,63,2,0
10148,29366,Nirmala Shetty,33,2,0
10149,29368,Deepa Pinto,29,2,0
10150,29370,Geetha Jadhav,73,2,0
10151,29375,Nagaveni Kamath,21,2,0
10152,29377,Ratna Setty,46,2,0
10153,29378,Ratna Reddy,24,2,0
10154,29382,Santosh Gowda,37,1,0
10155,29387,Manoj Nayak,28,1,0
10156,29392,Jayashree Naidu,44,2,0
10157,29396,Ayesha Gowda,41,2,0
10158,29397,Karan Shetty,18,1,1
10159,29399,Ashok Reddy,26,1,0
10160,29402,Kamala Nayak,29,2,0
10161,29403,Rajesh Gowda,36,1,0
10162,29406,Manjunath Urs,30,1,0
10163,29408,Nandini Khan,51,2,0
10164,29413,Vijay Sheikh,49,1,0
10165,29414,Ravi Iyer,21,1,0
10166,29415,Ayesha Rao,95,2,0
10167,29418,Vani Hiremath,29,2,0
10168,29419,Deepa D'Souza,59,2,0
10169,29420,Vani Prabhu,54,2,0
10170,29424,Kavya Hegde,51,2,0
10171,29431,Pushpa Sheikh,67,2,0
10172,29432,Nirmala Naidu,61,2,0
10173,29433,Joseph Kumar,18,1,0
10174,29437,Salman Khan,38,1,0
10175,29438,Zainab Devaraj,65,2,0
10176,29439,Ayesha Reddy,38,2,0
10177,29441,Lakshmi Kulkarni,41,2,0
10178,29442,Krishna Naidu,51,1,0
10179,29443,Dinesh Iyer,28,1,0
10180,29447,Jayashree Naik,62,2,0
10181,29449,Ganesh Bhat,58,1,0
10182,29452,Mary Hegde,16,2,0
10183,29453,Shobha Iyer,24,2,0
10184,29454,Dinesh Reddy,18,1,0
10185,29456,Channabasappa Reddy,22,1,0
10186,29457,Radha Hiremath,95,2,0
10187,29459,Raghavendra Poojary,47,1,0
10188,29460,Kiran Nayak,61,1,0
10189,29461,Nandini Jadhav,17,2,0
10190,29462,Kamala Nayak,32,2,0
10191,29467,Manjunath Devaraj,21,1,0
10192,29469,Nirmala D'Souza,23,2,0
10193,29476,Krishna Naidu,63,1,0
10194,29477,Gopal Devaraj,38,1,0
10195,29477,Shwetha Bhat,22,2,0
10196,29484,Roopa Pinto,45,2,0
10197,29484,John Urs,57,1,0
10198,29484,Yusuf Prabhu,27,1,0
10199,29485,Kamala Nayak,36,2,0
10200,29487,Nagaveni Kamath,60,2,0
10201,29488,Pushpa Shetty,14,2,0
10202,29494,Ratna Kamath,43,2,0
10203,29501,Pushpa Naik,53,2,0
10204,29503,Roopa Bhat,27,2,0
10205,29506,Byrappa Poojary,45,1,0
10206,29509,Geetha Bhat,46,2,0
10207,29520,Shobha Bhat,72,2,0
10208,29523,Vijay Khan,31,1,0
10209,29524,Kavya Prabhu,24,2,0
10210,29527,Manjula Achar,26,2,0
10211,29533,Yashoda Achar,16,2,0
10212,29538,Mahesh Reddy,18,1,0
10213,29539,Salman Bhandari,41,1,0
10214,29542,Kiran Prabhu,37,1,0
10215,29544,Sunita Poojary,43,2,0
10216,29547,Savitri Hegde,27,2,0
10217,29549,Yogesh Naik,33,1,0
10218,29550,Nirmala Gowda,12,2,0
10219,29557,Raghavendra Bhandari,27,1,0
10220,29560,Vijay Nayak,37,1,0
10221,29567,Pallavi Rao,31,2,0
10222,29569,Pushpa Poojary,61,2,0
10223,29571,Joseph Hegde,45,1,0
10224,29574,Sowmya Prabhu,68,2,0
10225,29582,Sheela Naik,13,2,0
10226,29584,Bhagya Bhandari,45,2,0
10227,29585,Fathima Jadhav,50,2,0
10228,29586,Sunita Hegde,19,2,0
10229,29587,Joseph Urs,26,1,0
10230,29588,Karan Naik,29,1,0
10231,29592,Shwetha Hiremath,19,2,0
10232,29593,Muniraju Shetty,95,1,0
10233,29594,Mary Reddy,16,2,0
10234,29596,Ibrahim Devaraj,30,1,0
10235,29604,Sowmya Hegde,52,2,0
10236,29610,Manoj Iyer,38,1,0
10237,29613,Joseph Poojary,44,1,0
10238,29616,Nagaveni Bhat,45,2,0
10239,29617,Raghavendra Sheikh,35,1,0
10240,29618,Muniraju Rao,28,1,0
10241,29620,Fathima Achar,17,2,0
10242,29624,Vani Rao,61,2,0
10243,29625,Radha Nayak,45,2,0
10244,29626,Radha Khan,36,2,0
10245,29628,Roopa Devaraj,50,2,0
10246,29629,Ratna Devaraj,29,2,0
10247,29630,Anitha Patil,13,2,0
10248,29634,Kavya Desai,15,2,0
10249,29637,Yashoda Kumar,53,2,0
10250,29641,Bhagya Reddy,17,2,0
10251,29644,Yusuf Khan,51,1,0
10252,29646,Muniraju Setty,28,1,0
10253,29647,Salman Achar,22,1,0
10254,29650,Kamala Kumar,24,2,0
10255,29654,Savitri Prabhu,23,2,0
10256,29658,Deepa Naik,35,2,0
10257,29659,Geetha Devaraj,59,2,0
10258,29660,Channabasappa Achar,52,1,0
10259,29662,Zainab Hiremath,28,2,0
10260,29664,Geetha Pinto,54,2,0
10261,29670,Ratna D'Souza,66,2,0
10262,29678,Pushpa Khan,51,2,0
10263,29682,Shwetha Naik,38,2,0
10264,29684,Nandini Khan,22,2,0
10265,29685,Yashoda Bhat,62,2,0
10266,29688,Lakshmi Naik,14,2,0
10267,29689,Ratna Khan,8,2,0
10268,29690,Channabasappa Shetty,42,1,0
10269,29695,Anthony Fernandes,8,1,0
10270,29697,Ramesh Poojary,43,1,0
10271,29702,Ramesh Iyer,51,1,0
10272,29707,Shobha Poojary,31,2,0
10273,29707,Manjunath Gowda,16,1,0
10274,29707,Geetha Prabhu,31,2,0
10275,29709,Geetha Bhat,25,2,0
10276,29712,Nirmala Kumar,37,2,0
10277,29716,Ratna Sheikh,22,2,0
10278,29719,Sandeep Shetty,17,1,0
10279,29722,Nirmala Fernandes,40,2,0
10280,29725,Kiran Iyer,24,1,0
10281,29726,Lakshmi Devaraj,66,2,0
10282,29727,Kiran Hiremath,60,1,0
10283,29729,Halappa Desai,35,1,0
10284,29737,Muniraju Bhat,19,1,0
10285,29741,Rekha Urs,41,2,0
10286,29764,Sowmya Hiremath,29,2,0
10287,29768,Byrappa Bhat,23,1,0
10288,29769,Abdul Patil,43,1,0
10289,29777,Mary Desai,36,2,0
10290,29778,Zainab Rao,38,2,0
10291,29779,Kavya Jadhav,19,2,0
10292,29781,Shwetha Pinto,24,2,0
10293,29785,Sandeep Naik,44,1,0
10294,29790,Pallavi Bhat,34,2,0
10295,29796,Bhagya Shetty,24,2,0
10296,29797,Savitri Patil,95,2,0
10297,29798,Nagaveni Reddy,26,2,0
10298,29804,Lakshmi Fernandes,79,2,0
10299,29805,Ayesha Pinto,29,2,0
10300,29811,Rajesh Reddy,28,1,0
10301,29812,Pallavi Hiremath,49,2,0
10302,29814,Deepa Sheikh,31,2,0
10303,29815,Kiran Nayak,27,1,0
10304,29819,Sheela Prabhu,61,2,0
10305,29822,Savitri Sheikh,95,2,0
10306,29828,Salman Reddy,35,1,0
10307,29829,Savitri Bhandari,39,2,0
10308,29831,Puttaswamy Naik,33,1,0
10309,29834,Krishna Nayak,42,1,0
10310,29835,Lakshmi Gowda,26,2,0
10311,29839,Suresh Achar,76,1,0
10312,29841,Roopa Kumar,16,2,0
10313,29842,Basavaraj Shetty,49,1,0
10314,29844,Naveen Gowda,24,1,0
10315,29857,Savitri Kamath,28,2,1
10316,29858,Sowmya Sheikh,37,2,0
10317,29859,Nirmala Reddy,12,2,0
10318,29860,Jayashree Kamath,42,2,0
10319,29862,Vijay Khan,59,1,0
10320,29866,Nandini Bhat,33,2,0
10321,29867,Sheela Poojary,23,2,0
10322,29872,Girish Bhandari,15,1,0
10323,29874,Sheela Devaraj,44,2,0
10324,29880,Mahesh Reddy,31,1,1
10325,29882,Puttaswamy Kulkarni,14,1,0
10326,29885,Shwetha Reddy,38,2,0
10327,29886,Deepa Pinto,33,2,0
10328,29887,Karan Naik,39,1,0
10329,29898,Fathima Rao,19,2,0
10330,29904,Anitha Naidu,36,2,0
10331,29906,Fathima Hiremath,20,2,0
10332,29907,Roopa D'Souza,48,2,0
10333,29913,Sheela Shetty,51,2,0
10334,29917,Naveen Kulkarni,35,1,0
10335,29919,Geetha Poojary,44,2,0
10336,29920,Channabasappa Shetty,18,1,0
10337,29924,Ayesha Sheikh,29,2,0
10338,29932,Naveen Devaraj,19,1,0
10339,29935,Radha Sheikh,84,2,0
10340,29937,Ramesh Pinto,29,1,0
10341,29939,Manjula Sheikh,39,2,0
10342,29940,Rajesh Nayak,17,1,0
10343,29943,Pallavi Rao,31,2,0
10344,29945,Arjun Kumar,40,1,0
10345,29946,Kavya Reddy,52,2,0
10346,29947,Yashoda Pinto,39,2,0
10347,29948,Savitri Reddy,77,2,0
10348,29949,Radha Nayak,33,2,0
10349,29953,Chandrashekar Desai,39,1,0
10350,29954,Sheela Fernandes,69,2,0
10351,29957,Nagaraj Gowda,72,1,0
10352,29961,Gopal Khan,38,1,0
10353,29962,Shwetha Setty,95,2,0
10354,29963,Deepa Khan,41,2,0
10355,29970,Ayesha Bhandari,36,2,0
10356,29971,Nagaveni Shetty,30,2,0
10357,29973,Bhagya Gowda,22,3,0
10358,29977,Geetha Nayak,62,2,0
10359,29979,Zainab Urs,33,2,0
10360,29980,Radha Rao,53,2,0
10361,29983,Pushpa Rao,25,2,0
10362,29986,Pushpa Devaraj,65,2,0
10363,29991,Vijay Poojary,30,1,0
10364,29993,Roopa Gowda,30,2,0
10365,29994,Deepa Kamath,60,2,0
10366,29998,Chandrashekar Iyer,11,1,0
10367,29999,Kamala Jadhav,95,2,0
